,new_branches,new_capacity_mw,util_old_%,util_combined_%,congestion_%
0,0,0,57.620645333005506,57.620645333005506,49.41660658495554
