,new_branches,new_capacity_mw,util_old_%,util_combined_%,congestion_%
0,0,0,59.89530425024401,59.895304250243996,48.33513578466715
