carrier,Total Production [MW],New Production [MW],Old Production [MW],Total Production Cost [€],Cost of Buildout [€],Marginal Cost [€/MWh],CO2 Emission Intensity [ton/MWh],Total Production Cost [€] old,Total CO2 Emissions [ton],Total CO2 Cost [€],Total Production Cost With Emissions [€],Total Cost €
CCGT,155535894.2582748,26934095.813120127,128601798.44515465,6063266073.464172,428103995.7470951,40.52039741089527,0.2,6302376247.004278,31107178.85165496,2644110202.3906717,8707376275.854843,9135480271.601938
coal,13805620.541821185,0.0,13805620.541821185,389276664.0655943,0.0,28.196969696969695,0.34,389276664.0655943,4693910.984219204,398982433.65863234,788259097.7242267,788259097.7242267
offwind-ac,30929626.90791621,1144581.8595059032,29785045.048410308,463944.40361874306,66956231.3087627,0.015000000000000001,0.0,463944.4036187432,0.0,0.0,463944.40361874306,67420175.71238144
onwind,54875204.4033449,3761468.9982394422,51113735.40510546,823128.0660501723,172419163.83215278,0.01499999999999999,0.0,823128.066050173,0.0,0.0,823128.0660501723,173242291.89820296
solar,23145484.201954335,3857580.7003309075,19287903.50162343,231454.8420195434,90479241.09102377,0.01,0.0,231454.84201954334,0.0,0.0,231454.8420195434,90710695.93304332
ror,7466082.992467409,0.0,7466082.992467409,0.0,0.0,0.0,0.0,0.0,0.0,0.0,0.0,0.0
Total,285757913.30577886,35697727.37119638,250060185.93458244,6454061264.841455,757958631.9790343,68.75736710786497,0.54,6693171438.381561,35801089.83587416,3043092636.049304,9497153900.890757,10255112532.869791
