carrier,Total Production [MW],New Production [MW],Old Production [MW],Total Production Cost [€],Cost of Buildout [€],Marginal Cost [€/MWh],CO2 Emission Intensity [ton/MWh],Total Production Cost [€] old,Total CO2 Emissions [ton],Total CO2 Cost [€],Total Production Cost With Emissions [€],Total Cost €
CCGT,137696743.05802855,16003833.297045987,121692909.76098257,5534551580.081854,447196562.3153331,39.82453889356681,0.2,5483709299.431933,27539348.61160571,2340844631.9864855,7875396212.068339,8322592774.383673
coal,38521770.66483906,0.0,38521770.66483906,1086197200.1100838,0.0,28.196969696969692,0.34,1086197200.1100829,13097402.026045281,1113279172.2138488,2199476372.3239326,2199476372.3239326
offwind-ac,31262387.44401461,0.0,31262387.44401461,468935.8116602172,0.0,0.014999999999999951,0.0,468935.8116602176,0.0,0.0,468935.8116602172,468935.8116602172
onwind,51747814.71882905,0.0,51747814.71882905,776217.220782436,0.0,0.015,0.0,776217.2207824357,0.0,0.0,776217.220782436,776217.220782436
ror,7466082.992467335,0.0,7466082.992467335,0.0,0.0,0.0,0.0,0.0,0.0,0.0,0.0,0.0
solar,23145582.228393205,3857597.038065535,19287985.19032767,231455.82228392994,90479241.09102376,0.00999999999999995,0.0,231455.82228393087,0.0,0.0,231455.82228392994,90710696.91330768
Total,289840381.1065718,19861430.33511152,269978950.7714603,6622225389.046663,537675803.4063569,68.0615085905365,0.54,6571383108.396742,40636750.637651,3454123804.2003345,10076349193.247002,10614024996.653357
