,new_branches,new_capacity_mw,util_old_%,util_combined_%,congestion_%
0,0,0,47.312140897321704,47.31214089732171,21.598173515981735
