carrier,Total Production [MW],New Production [MW],Old Production [MW],Total Production Cost [€],Cost of Buildout [€],Marginal Cost [€/MWh],CO2 Emission Intensity [ton/MWh],Total Production Cost [€] old,Total CO2 Emissions [ton],Total CO2 Cost [€],Total Production Cost With Emissions [€],Total Cost €
CCGT,151084849.52394402,63707599.88882504,87377249.63511899,5982919337.318543,948130102.6995735,39.82453889356681,0.2,6016884466.094997,30216969.904788807,2568442441.9070487,8551361779.225592,9499491881.925165
onwind,51060718.70764125,0.0,51060718.70764125,765910.7806146187,0.0,0.015,0.0,765910.7806146188,0.0,0.0,765910.7806146187,765910.7806146187
solar,57820539.72360404,38544512.04481108,19276027.678792965,578205.3972360351,904792410.9102374,0.00999999999999995,0.0,578205.3972360375,0.0,0.0,578205.3972360351,905370616.3074734
Total,259966107.9551893,102252111.93363611,157713996.0215532,5984263453.496394,1852922513.6098108,39.84953889356681,0.2,6018228582.272848,30216969.904788807,2568442441.9070487,8552705895.403442,10405628409.013254
