,new_branches,new_capacity_mw,util_old_%,util_combined_%,congestion_%
0,0,0,49.378895053878374,49.378895053878374,0.01141552511415525
