,Built Generators,Potential Generators,Capacity,Potential Capacity,Utilization rate (%),Max utilization rate (%)
CCGT,2.0,2,9574.390016485359,60900.66399999999,43.09118982509302,100.0
solar,2.0,2,25414.038546077325,25414.038546077336,16.40109569508314,17.327626141939994
onwind,,2,0.0,64079.00668944659,18.192695138949244,18.492475718788654
