carrier,Total Production [MW],New Production [MW],Old Production [MW],Total Production Cost [€],Cost of Buildout [€],Marginal Cost [€/MWh],CO2 Emission Intensity [ton/MWh],Total Production Cost [€] old,Total CO2 Emissions [ton],Total CO2 Cost [€],Total Production Cost With Emissions [€],Total Cost €
CCGT,179453411.98728842,74019944.73996194,105433467.24732646,7127373065.8179865,1227837117.0178504,39.82453889356681,0.2,7146649385.271036,35890682.39745768,3050708003.783903,10178081069.60189,11405918186.619741
onwind,51630875.35403197,0.0,51630875.35403197,774463.1303104796,0.0,0.015,0.0,774463.1303104796,0.0,0.0,774463.1303104796,774463.1303104796
solar,57860644.44251691,38572659.25218924,19287985.19032767,578606.4444251638,904792410.9102374,0.00999999999999995,0.0,578606.4444251662,0.0,0.0,578606.4444251638,905371017.3546625
Total,288944931.7838373,112592603.99215117,176352327.79168612,7128726135.392722,2132629527.9280877,39.84953889356681,0.2,7148002454.845772,35890682.39745768,3050708003.783903,10179434139.176626,12312063667.104713
