,Built Generators,Potential Generators,Capacity,Potential Capacity,Utilization rate (%),Max utilization rate (%)
CCGT,2.0,2,12398.922259270188,60900.66399999999,47.808415030199676,100.0
solar,2.0,2,25414.038546077325,25414.038546077336,16.41310523658428,17.327626141939994
onwind,,2,0.0,64079.00668944659,18.39583928403312,18.492475718788654
