Objective Value,Optimality Gap (%),Runtime (s),Build Time (s),Optimize Time (s),Total Time (s),Number of Variables,Number of Constraints,Number of Nonzeros,Model Status
12373727237.449415,0.0002843161534628624,6.48799991607666,27.548592805862427,6.633734941482544,34.18232774734497,297856,332889,840964,2
