,new_branches,new_capacity_mw,util_old_%,util_combined_%,congestion_%
0,0,0,17.06538655632873,17.06538655632873,0.01141552511415525
