line,bus0,bus1,p_max,capital_cost,length,loss_factor
35,ES1 0,PT1 0,15059.48895148836,26476.10700915651,514.8976708074381,0.02
