carrier,capital_cost [€/MW/year]
CCGT,99027.72929315243
coal,349976.5536298572
offwind-ac,184597.06469828228
onwind,96085.88801996631
ror,299140.2249292296
solar,35602.07124380446
