scenario,year,week,hour,generator,value
NT,2025,21,0,ES1 0 CCGT,8877.711872318087
NT,2025,21,1,ES1 0 CCGT,8602.12267108195
NT,2025,21,2,ES1 0 CCGT,9151.156836811451
NT,2025,21,3,ES1 0 CCGT,9968.436441668979
NT,2025,21,4,ES1 0 CCGT,12150.055383345343
NT,2025,21,5,ES1 0 CCGT,14868.921330401725
NT,2025,21,6,ES1 0 CCGT,17393.274749929707
NT,2025,21,7,ES1 0 CCGT,13180.894370201942
NT,2025,21,8,ES1 0 CCGT,7975.786107512618
NT,2025,21,9,ES1 0 CCGT,5365.230257431456
NT,2025,21,10,ES1 0 CCGT,6935.109884156834
NT,2025,21,11,ES1 0 CCGT,6080.979500850896
NT,2025,21,12,ES1 0 CCGT,4392.943998378836
NT,2025,21,13,ES1 0 CCGT,3402.2295254297733
NT,2025,21,14,ES1 0 CCGT,1909.2159728679608
NT,2025,21,15,ES1 0 CCGT,1690.699200914839
NT,2025,21,16,ES1 0 CCGT,2267.468965275393
NT,2025,21,17,ES1 0 CCGT,3660.168880327159
NT,2025,21,18,ES1 0 CCGT,6103.219054229399
NT,2025,21,19,ES1 0 CCGT,8336.27703014629
NT,2025,21,20,ES1 0 CCGT,5914.2360904316865
NT,2025,21,21,ES1 0 CCGT,3520.2476979288986
NT,2025,21,22,ES1 0 CCGT,3102.420649905356
NT,2025,21,23,ES1 0 CCGT,806.504937971762
NT,2025,21,24,ES1 0 CCGT,149.16817600013928
NT,2025,21,25,ES1 0 CCGT,0.0
NT,2025,21,26,ES1 0 CCGT,359.20242221628905
NT,2025,21,27,ES1 0 CCGT,1706.2223994530923
NT,2025,21,28,ES1 0 CCGT,4937.453085955134
NT,2025,21,29,ES1 0 CCGT,9208.493637982549
NT,2025,21,30,ES1 0 CCGT,12920.90687465576
NT,2025,21,31,ES1 0 CCGT,12234.112369194347
NT,2025,21,32,ES1 0 CCGT,8086.528419014408
NT,2025,21,33,ES1 0 CCGT,4152.225997951644
NT,2025,21,34,ES1 0 CCGT,3847.4486680130976
NT,2025,21,35,ES1 0 CCGT,754.1241495304103
NT,2025,21,36,ES1 0 CCGT,0.0
NT,2025,21,37,ES1 0 CCGT,0.0
NT,2025,21,38,ES1 0 CCGT,0.0
NT,2025,21,39,ES1 0 CCGT,0.0
NT,2025,21,40,ES1 0 CCGT,0.0
NT,2025,21,41,ES1 0 CCGT,0.0
NT,2025,21,42,ES1 0 CCGT,0.0
NT,2025,21,43,ES1 0 CCGT,255.04022368078222
NT,2025,21,44,ES1 0 CCGT,0.0
NT,2025,21,45,ES1 0 CCGT,0.0
NT,2025,21,46,ES1 0 CCGT,0.0
NT,2025,21,47,ES1 0 CCGT,0.0
NT,2025,21,48,ES1 0 CCGT,0.0
NT,2025,21,49,ES1 0 CCGT,0.0
NT,2025,21,50,ES1 0 CCGT,0.0
NT,2025,21,51,ES1 0 CCGT,0.0
NT,2025,21,52,ES1 0 CCGT,0.0
NT,2025,21,53,ES1 0 CCGT,326.1769841992773
NT,2025,21,54,ES1 0 CCGT,2971.1811288863173
NT,2025,21,55,ES1 0 CCGT,0.0
NT,2025,21,56,ES1 0 CCGT,0.0
NT,2025,21,57,ES1 0 CCGT,0.0
NT,2025,21,58,ES1 0 CCGT,0.0
NT,2025,21,59,ES1 0 CCGT,0.0
NT,2025,21,60,ES1 0 CCGT,0.0
NT,2025,21,61,ES1 0 CCGT,0.0
NT,2025,21,62,ES1 0 CCGT,0.0
NT,2025,21,63,ES1 0 CCGT,0.0
NT,2025,21,64,ES1 0 CCGT,0.0
NT,2025,21,65,ES1 0 CCGT,0.0
NT,2025,21,66,ES1 0 CCGT,0.0
NT,2025,21,67,ES1 0 CCGT,0.0
NT,2025,21,68,ES1 0 CCGT,0.0
NT,2025,21,69,ES1 0 CCGT,0.0
NT,2025,21,70,ES1 0 CCGT,0.0
NT,2025,21,71,ES1 0 CCGT,0.0
NT,2025,21,72,ES1 0 CCGT,0.0
NT,2025,21,73,ES1 0 CCGT,0.0
NT,2025,21,74,ES1 0 CCGT,0.0
NT,2025,21,75,ES1 0 CCGT,0.0
NT,2025,21,76,ES1 0 CCGT,0.0
NT,2025,21,77,ES1 0 CCGT,0.0
NT,2025,21,78,ES1 0 CCGT,1062.5105312535306
NT,2025,21,79,ES1 0 CCGT,0.0
NT,2025,21,80,ES1 0 CCGT,0.0
NT,2025,21,81,ES1 0 CCGT,0.0
NT,2025,21,82,ES1 0 CCGT,0.0
NT,2025,21,83,ES1 0 CCGT,0.0
NT,2025,21,84,ES1 0 CCGT,0.0
NT,2025,21,85,ES1 0 CCGT,0.0
NT,2025,21,86,ES1 0 CCGT,0.0
NT,2025,21,87,ES1 0 CCGT,0.0
NT,2025,21,88,ES1 0 CCGT,0.0
NT,2025,21,89,ES1 0 CCGT,0.0
NT,2025,21,90,ES1 0 CCGT,0.0
NT,2025,21,91,ES1 0 CCGT,0.0
NT,2025,21,92,ES1 0 CCGT,0.0
NT,2025,21,93,ES1 0 CCGT,0.0
NT,2025,21,94,ES1 0 CCGT,0.0
NT,2025,21,95,ES1 0 CCGT,0.0
NT,2025,21,96,ES1 0 CCGT,0.0
NT,2025,21,97,ES1 0 CCGT,0.0
NT,2025,21,98,ES1 0 CCGT,0.0
NT,2025,21,99,ES1 0 CCGT,0.0
NT,2025,21,100,ES1 0 CCGT,0.0
NT,2025,21,101,ES1 0 CCGT,0.0
NT,2025,21,102,ES1 0 CCGT,4290.147814624689
NT,2025,21,103,ES1 0 CCGT,0.0
NT,2025,21,104,ES1 0 CCGT,0.0
NT,2025,21,105,ES1 0 CCGT,0.0
NT,2025,21,106,ES1 0 CCGT,0.0
NT,2025,21,107,ES1 0 CCGT,0.0
NT,2025,21,108,ES1 0 CCGT,0.0
NT,2025,21,109,ES1 0 CCGT,0.0
NT,2025,21,110,ES1 0 CCGT,0.0
NT,2025,21,111,ES1 0 CCGT,0.0
NT,2025,21,112,ES1 0 CCGT,0.0
NT,2025,21,113,ES1 0 CCGT,0.0
NT,2025,21,114,ES1 0 CCGT,0.0
NT,2025,21,115,ES1 0 CCGT,0.0
NT,2025,21,116,ES1 0 CCGT,0.0
NT,2025,21,117,ES1 0 CCGT,0.0
NT,2025,21,118,ES1 0 CCGT,0.0
NT,2025,21,119,ES1 0 CCGT,0.0
NT,2025,21,120,ES1 0 CCGT,0.0
NT,2025,21,121,ES1 0 CCGT,0.0
NT,2025,21,122,ES1 0 CCGT,0.0
NT,2025,21,123,ES1 0 CCGT,0.0
NT,2025,21,124,ES1 0 CCGT,0.0
NT,2025,21,125,ES1 0 CCGT,0.0
NT,2025,21,126,ES1 0 CCGT,0.0
NT,2025,21,127,ES1 0 CCGT,0.0
NT,2025,21,128,ES1 0 CCGT,0.0
NT,2025,21,129,ES1 0 CCGT,0.0
NT,2025,21,130,ES1 0 CCGT,0.0
NT,2025,21,131,ES1 0 CCGT,0.0
NT,2025,21,132,ES1 0 CCGT,0.0
NT,2025,21,133,ES1 0 CCGT,0.0
NT,2025,21,134,ES1 0 CCGT,0.0
NT,2025,21,135,ES1 0 CCGT,0.0
NT,2025,21,136,ES1 0 CCGT,0.0
NT,2025,21,137,ES1 0 CCGT,0.0
NT,2025,21,138,ES1 0 CCGT,0.0
NT,2025,21,139,ES1 0 CCGT,0.0
NT,2025,21,140,ES1 0 CCGT,0.0
NT,2025,21,141,ES1 0 CCGT,0.0
NT,2025,21,142,ES1 0 CCGT,0.0
NT,2025,21,143,ES1 0 CCGT,0.0
NT,2025,21,144,ES1 0 CCGT,0.0
NT,2025,21,145,ES1 0 CCGT,0.0
NT,2025,21,146,ES1 0 CCGT,0.0
NT,2025,21,147,ES1 0 CCGT,0.0
NT,2025,21,148,ES1 0 CCGT,0.0
NT,2025,21,149,ES1 0 CCGT,0.0
NT,2025,21,150,ES1 0 CCGT,387.9631624281483
NT,2025,21,151,ES1 0 CCGT,0.0
NT,2025,21,152,ES1 0 CCGT,0.0
NT,2025,21,153,ES1 0 CCGT,0.0
NT,2025,21,154,ES1 0 CCGT,0.0
NT,2025,21,155,ES1 0 CCGT,0.0
NT,2025,21,156,ES1 0 CCGT,0.0
NT,2025,21,157,ES1 0 CCGT,0.0
NT,2025,21,158,ES1 0 CCGT,0.0
NT,2025,21,159,ES1 0 CCGT,0.0
NT,2025,21,160,ES1 0 CCGT,0.0
NT,2025,21,161,ES1 0 CCGT,0.0
NT,2025,21,162,ES1 0 CCGT,0.0
NT,2025,21,163,ES1 0 CCGT,0.0
NT,2025,21,164,ES1 0 CCGT,0.0
NT,2025,21,165,ES1 0 CCGT,0.0
NT,2025,21,166,ES1 0 CCGT,0.0
NT,2025,21,167,ES1 0 CCGT,0.0
NT,2030,21,0,ES1 0 CCGT,9629.660318235268
NT,2030,21,1,ES1 0 CCGT,9452.173851286869
NT,2030,21,2,ES1 0 CCGT,10095.864564802501
NT,2030,21,3,ES1 0 CCGT,11004.961860909603
NT,2030,21,4,ES1 0 CCGT,13264.416143395434
NT,2030,21,5,ES1 0 CCGT,16055.213150222455
NT,2030,21,6,ES1 0 CCGT,17846.520933892374
NT,2030,21,7,ES1 0 CCGT,9352.101933785003
NT,2030,21,8,ES1 0 CCGT,201.95010071290926
NT,2030,21,9,ES1 0 CCGT,0.0
NT,2030,21,10,ES1 0 CCGT,0.0
NT,2030,21,11,ES1 0 CCGT,0.0
NT,2030,21,12,ES1 0 CCGT,0.0
NT,2030,21,13,ES1 0 CCGT,0.0
NT,2030,21,14,ES1 0 CCGT,0.0
NT,2030,21,15,ES1 0 CCGT,0.0
NT,2030,21,16,ES1 0 CCGT,0.0
NT,2030,21,17,ES1 0 CCGT,0.0
NT,2030,21,18,ES1 0 CCGT,627.9610939015747
NT,2030,21,19,ES1 0 CCGT,4270.556243452772
NT,2030,21,20,ES1 0 CCGT,2891.843181497936
NT,2030,21,21,ES1 0 CCGT,248.93039163624644
NT,2030,21,22,ES1 0 CCGT,0.0
NT,2030,21,23,ES1 0 CCGT,0.0
NT,2030,21,24,ES1 0 CCGT,0.0
NT,2030,21,25,ES1 0 CCGT,0.0
NT,2030,21,26,ES1 0 CCGT,0.0
NT,2030,21,27,ES1 0 CCGT,0.0
NT,2030,21,28,ES1 0 CCGT,1510.8140700071745
NT,2030,21,29,ES1 0 CCGT,6757.062023591949
NT,2030,21,30,ES1 0 CCGT,10509.60249432297
NT,2030,21,31,ES1 0 CCGT,7291.583976260601
NT,2030,21,32,ES1 0 CCGT,98.55432116472912
NT,2030,21,33,ES1 0 CCGT,0.0
NT,2030,21,34,ES1 0 CCGT,0.0
NT,2030,21,35,ES1 0 CCGT,0.0
NT,2030,21,36,ES1 0 CCGT,0.0
NT,2030,21,37,ES1 0 CCGT,0.0
NT,2030,21,38,ES1 0 CCGT,0.0
NT,2030,21,39,ES1 0 CCGT,0.0
NT,2030,21,40,ES1 0 CCGT,0.0
NT,2030,21,41,ES1 0 CCGT,0.0
NT,2030,21,42,ES1 0 CCGT,0.0
NT,2030,21,43,ES1 0 CCGT,0.0
NT,2030,21,44,ES1 0 CCGT,0.0
NT,2030,21,45,ES1 0 CCGT,0.0
NT,2030,21,46,ES1 0 CCGT,0.0
NT,2030,21,47,ES1 0 CCGT,0.0
NT,2030,21,48,ES1 0 CCGT,0.0
NT,2030,21,49,ES1 0 CCGT,0.0
NT,2030,21,50,ES1 0 CCGT,0.0
NT,2030,21,51,ES1 0 CCGT,0.0
NT,2030,21,52,ES1 0 CCGT,0.0
NT,2030,21,53,ES1 0 CCGT,0.0
NT,2030,21,54,ES1 0 CCGT,1883.751327095948
NT,2030,21,55,ES1 0 CCGT,0.0
NT,2030,21,56,ES1 0 CCGT,0.0
NT,2030,21,57,ES1 0 CCGT,0.0
NT,2030,21,58,ES1 0 CCGT,0.0
NT,2030,21,59,ES1 0 CCGT,0.0
NT,2030,21,60,ES1 0 CCGT,0.0
NT,2030,21,61,ES1 0 CCGT,0.0
NT,2030,21,62,ES1 0 CCGT,0.0
NT,2030,21,63,ES1 0 CCGT,0.0
NT,2030,21,64,ES1 0 CCGT,0.0
NT,2030,21,65,ES1 0 CCGT,0.0
NT,2030,21,66,ES1 0 CCGT,0.0
NT,2030,21,67,ES1 0 CCGT,0.0
NT,2030,21,68,ES1 0 CCGT,0.0
NT,2030,21,69,ES1 0 CCGT,0.0
NT,2030,21,70,ES1 0 CCGT,0.0
NT,2030,21,71,ES1 0 CCGT,0.0
NT,2030,21,72,ES1 0 CCGT,0.0
NT,2030,21,73,ES1 0 CCGT,0.0
NT,2030,21,74,ES1 0 CCGT,0.0
NT,2030,21,75,ES1 0 CCGT,0.0
NT,2030,21,76,ES1 0 CCGT,0.0
NT,2030,21,77,ES1 0 CCGT,0.0
NT,2030,21,78,ES1 0 CCGT,0.0
NT,2030,21,79,ES1 0 CCGT,0.0
NT,2030,21,80,ES1 0 CCGT,0.0
NT,2030,21,81,ES1 0 CCGT,0.0
NT,2030,21,82,ES1 0 CCGT,0.0
NT,2030,21,83,ES1 0 CCGT,0.0
NT,2030,21,84,ES1 0 CCGT,0.0
NT,2030,21,85,ES1 0 CCGT,0.0
NT,2030,21,86,ES1 0 CCGT,0.0
NT,2030,21,87,ES1 0 CCGT,0.0
NT,2030,21,88,ES1 0 CCGT,0.0
NT,2030,21,89,ES1 0 CCGT,0.0
NT,2030,21,90,ES1 0 CCGT,0.0
NT,2030,21,91,ES1 0 CCGT,0.0
NT,2030,21,92,ES1 0 CCGT,0.0
NT,2030,21,93,ES1 0 CCGT,0.0
NT,2030,21,94,ES1 0 CCGT,0.0
NT,2030,21,95,ES1 0 CCGT,0.0
NT,2030,21,96,ES1 0 CCGT,0.0
NT,2030,21,97,ES1 0 CCGT,0.0
NT,2030,21,98,ES1 0 CCGT,0.0
NT,2030,21,99,ES1 0 CCGT,0.0
NT,2030,21,100,ES1 0 CCGT,0.0
NT,2030,21,101,ES1 0 CCGT,0.0
NT,2030,21,102,ES1 0 CCGT,1981.7280169762362
NT,2030,21,103,ES1 0 CCGT,0.0
NT,2030,21,104,ES1 0 CCGT,0.0
NT,2030,21,105,ES1 0 CCGT,0.0
NT,2030,21,106,ES1 0 CCGT,0.0
NT,2030,21,107,ES1 0 CCGT,0.0
NT,2030,21,108,ES1 0 CCGT,0.0
NT,2030,21,109,ES1 0 CCGT,0.0
NT,2030,21,110,ES1 0 CCGT,0.0
NT,2030,21,111,ES1 0 CCGT,0.0
NT,2030,21,112,ES1 0 CCGT,0.0
NT,2030,21,113,ES1 0 CCGT,0.0
NT,2030,21,114,ES1 0 CCGT,0.0
NT,2030,21,115,ES1 0 CCGT,0.0
NT,2030,21,116,ES1 0 CCGT,0.0
NT,2030,21,117,ES1 0 CCGT,0.0
NT,2030,21,118,ES1 0 CCGT,0.0
NT,2030,21,119,ES1 0 CCGT,0.0
NT,2030,21,120,ES1 0 CCGT,0.0
NT,2030,21,121,ES1 0 CCGT,0.0
NT,2030,21,122,ES1 0 CCGT,0.0
NT,2030,21,123,ES1 0 CCGT,0.0
NT,2030,21,124,ES1 0 CCGT,0.0
NT,2030,21,125,ES1 0 CCGT,0.0
NT,2030,21,126,ES1 0 CCGT,0.0
NT,2030,21,127,ES1 0 CCGT,0.0
NT,2030,21,128,ES1 0 CCGT,0.0
NT,2030,21,129,ES1 0 CCGT,0.0
NT,2030,21,130,ES1 0 CCGT,0.0
NT,2030,21,131,ES1 0 CCGT,0.0
NT,2030,21,132,ES1 0 CCGT,0.0
NT,2030,21,133,ES1 0 CCGT,0.0
NT,2030,21,134,ES1 0 CCGT,0.0
NT,2030,21,135,ES1 0 CCGT,0.0
NT,2030,21,136,ES1 0 CCGT,0.0
NT,2030,21,137,ES1 0 CCGT,0.0
NT,2030,21,138,ES1 0 CCGT,0.0
NT,2030,21,139,ES1 0 CCGT,0.0
NT,2030,21,140,ES1 0 CCGT,0.0
NT,2030,21,141,ES1 0 CCGT,0.0
NT,2030,21,142,ES1 0 CCGT,0.0
NT,2030,21,143,ES1 0 CCGT,0.0
NT,2030,21,144,ES1 0 CCGT,0.0
NT,2030,21,145,ES1 0 CCGT,0.0
NT,2030,21,146,ES1 0 CCGT,0.0
NT,2030,21,147,ES1 0 CCGT,0.0
NT,2030,21,148,ES1 0 CCGT,0.0
NT,2030,21,149,ES1 0 CCGT,0.0
NT,2030,21,150,ES1 0 CCGT,0.0
NT,2030,21,151,ES1 0 CCGT,0.0
NT,2030,21,152,ES1 0 CCGT,0.0
NT,2030,21,153,ES1 0 CCGT,0.0
NT,2030,21,154,ES1 0 CCGT,0.0
NT,2030,21,155,ES1 0 CCGT,0.0
NT,2030,21,156,ES1 0 CCGT,0.0
NT,2030,21,157,ES1 0 CCGT,0.0
NT,2030,21,158,ES1 0 CCGT,0.0
NT,2030,21,159,ES1 0 CCGT,0.0
NT,2030,21,160,ES1 0 CCGT,0.0
NT,2030,21,161,ES1 0 CCGT,0.0
NT,2030,21,162,ES1 0 CCGT,0.0
NT,2030,21,163,ES1 0 CCGT,0.0
NT,2030,21,164,ES1 0 CCGT,0.0
NT,2030,21,165,ES1 0 CCGT,0.0
NT,2030,21,166,ES1 0 CCGT,0.0
NT,2030,21,167,ES1 0 CCGT,0.0
DE,2040,21,0,ES1 0 CCGT,15051.399448815935
DE,2040,21,1,ES1 0 CCGT,15540.706896678505
DE,2040,21,2,ES1 0 CCGT,16187.573893613444
DE,2040,21,3,ES1 0 CCGT,17205.233856975552
DE,2040,21,4,ES1 0 CCGT,19988.211792389597
DE,2040,21,5,ES1 0 CCGT,23504.467265510295
DE,2040,21,6,ES1 0 CCGT,25551.127664448526
DE,2040,21,7,ES1 0 CCGT,13211.309766078291
DE,2040,21,8,ES1 0 CCGT,609.0138555249141
DE,2040,21,9,ES1 0 CCGT,0.0
DE,2040,21,10,ES1 0 CCGT,0.0
DE,2040,21,11,ES1 0 CCGT,0.0
DE,2040,21,12,ES1 0 CCGT,0.0
DE,2040,21,13,ES1 0 CCGT,0.0
DE,2040,21,14,ES1 0 CCGT,0.0
DE,2040,21,15,ES1 0 CCGT,0.0
DE,2040,21,16,ES1 0 CCGT,0.0
DE,2040,21,17,ES1 0 CCGT,0.0
DE,2040,21,18,ES1 0 CCGT,7053.649811730049
DE,2040,21,19,ES1 0 CCGT,12049.973629740016
DE,2040,21,20,ES1 0 CCGT,10445.098425404336
DE,2040,21,21,ES1 0 CCGT,7085.241456711457
DE,2040,21,22,ES1 0 CCGT,4982.290633111492
DE,2040,21,23,ES1 0 CCGT,2428.592811615954
DE,2040,21,24,ES1 0 CCGT,1218.2657163759818
DE,2040,21,25,ES1 0 CCGT,918.5291945974243
DE,2040,21,26,ES1 0 CCGT,2235.898470249477
DE,2040,21,27,ES1 0 CCGT,4221.644716468241
DE,2040,21,28,ES1 0 CCGT,8633.341062201062
DE,2040,21,29,ES1 0 CCGT,14636.210879586211
DE,2040,21,30,ES1 0 CCGT,17878.859696848216
DE,2040,21,31,ES1 0 CCGT,12057.550826977993
DE,2040,21,32,ES1 0 CCGT,1816.2620347111442
DE,2040,21,33,ES1 0 CCGT,0.0
DE,2040,21,34,ES1 0 CCGT,0.0
DE,2040,21,35,ES1 0 CCGT,0.0
DE,2040,21,36,ES1 0 CCGT,0.0
DE,2040,21,37,ES1 0 CCGT,0.0
DE,2040,21,38,ES1 0 CCGT,0.0
DE,2040,21,39,ES1 0 CCGT,0.0
DE,2040,21,40,ES1 0 CCGT,0.0
DE,2040,21,41,ES1 0 CCGT,0.0
DE,2040,21,42,ES1 0 CCGT,0.0
DE,2040,21,43,ES1 0 CCGT,4898.913748894398
DE,2040,21,44,ES1 0 CCGT,2547.053928269508
DE,2040,21,45,ES1 0 CCGT,0.0
DE,2040,21,46,ES1 0 CCGT,1193.775398363754
DE,2040,21,47,ES1 0 CCGT,316.2807932085125
DE,2040,21,48,ES1 0 CCGT,426.02399044323465
DE,2040,21,49,ES1 0 CCGT,1047.410939172455
DE,2040,21,50,ES1 0 CCGT,1656.465713174488
DE,2040,21,51,ES1 0 CCGT,2191.253442330507
DE,2040,21,52,ES1 0 CCGT,3686.1599549711473
DE,2040,21,53,ES1 0 CCGT,7406.642102203613
DE,2040,21,54,ES1 0 CCGT,10074.199022287117
DE,2040,21,55,ES1 0 CCGT,0.0
DE,2040,21,56,ES1 0 CCGT,0.0
DE,2040,21,57,ES1 0 CCGT,0.0
DE,2040,21,58,ES1 0 CCGT,0.0
DE,2040,21,59,ES1 0 CCGT,0.0
DE,2040,21,60,ES1 0 CCGT,0.0
DE,2040,21,61,ES1 0 CCGT,0.0
DE,2040,21,62,ES1 0 CCGT,0.0
DE,2040,21,63,ES1 0 CCGT,0.0
DE,2040,21,64,ES1 0 CCGT,0.0
DE,2040,21,65,ES1 0 CCGT,0.0
DE,2040,21,66,ES1 0 CCGT,0.0
DE,2040,21,67,ES1 0 CCGT,0.0
DE,2040,21,68,ES1 0 CCGT,0.0
DE,2040,21,69,ES1 0 CCGT,0.0
DE,2040,21,70,ES1 0 CCGT,0.0
DE,2040,21,71,ES1 0 CCGT,0.0
DE,2040,21,72,ES1 0 CCGT,0.0
DE,2040,21,73,ES1 0 CCGT,0.0
DE,2040,21,74,ES1 0 CCGT,0.0
DE,2040,21,75,ES1 0 CCGT,0.0
DE,2040,21,76,ES1 0 CCGT,0.0
DE,2040,21,77,ES1 0 CCGT,1266.22384862336
DE,2040,21,78,ES1 0 CCGT,6624.51733575048
DE,2040,21,79,ES1 0 CCGT,0.0
DE,2040,21,80,ES1 0 CCGT,0.0
DE,2040,21,81,ES1 0 CCGT,0.0
DE,2040,21,82,ES1 0 CCGT,0.0
DE,2040,21,83,ES1 0 CCGT,0.0
DE,2040,21,84,ES1 0 CCGT,0.0
DE,2040,21,85,ES1 0 CCGT,0.0
DE,2040,21,86,ES1 0 CCGT,0.0
DE,2040,21,87,ES1 0 CCGT,0.0
DE,2040,21,88,ES1 0 CCGT,0.0
DE,2040,21,89,ES1 0 CCGT,0.0
DE,2040,21,90,ES1 0 CCGT,0.0
DE,2040,21,91,ES1 0 CCGT,0.0
DE,2040,21,92,ES1 0 CCGT,0.0
DE,2040,21,93,ES1 0 CCGT,0.0
DE,2040,21,94,ES1 0 CCGT,0.0
DE,2040,21,95,ES1 0 CCGT,0.0
DE,2040,21,96,ES1 0 CCGT,0.0
DE,2040,21,97,ES1 0 CCGT,0.0
DE,2040,21,98,ES1 0 CCGT,0.0
DE,2040,21,99,ES1 0 CCGT,0.0
DE,2040,21,100,ES1 0 CCGT,394.9379094189662
DE,2040,21,101,ES1 0 CCGT,5236.071302408205
DE,2040,21,102,ES1 0 CCGT,9892.611663281621
DE,2040,21,103,ES1 0 CCGT,0.0
DE,2040,21,104,ES1 0 CCGT,0.0
DE,2040,21,105,ES1 0 CCGT,0.0
DE,2040,21,106,ES1 0 CCGT,0.0
DE,2040,21,107,ES1 0 CCGT,0.0
DE,2040,21,108,ES1 0 CCGT,0.0
DE,2040,21,109,ES1 0 CCGT,0.0
DE,2040,21,110,ES1 0 CCGT,0.0
DE,2040,21,111,ES1 0 CCGT,0.0
DE,2040,21,112,ES1 0 CCGT,0.0
DE,2040,21,113,ES1 0 CCGT,0.0
DE,2040,21,114,ES1 0 CCGT,0.0
DE,2040,21,115,ES1 0 CCGT,0.0
DE,2040,21,116,ES1 0 CCGT,0.0
DE,2040,21,117,ES1 0 CCGT,0.0
DE,2040,21,118,ES1 0 CCGT,687.7564737084285
DE,2040,21,119,ES1 0 CCGT,0.0
DE,2040,21,120,ES1 0 CCGT,0.0
DE,2040,21,121,ES1 0 CCGT,0.0
DE,2040,21,122,ES1 0 CCGT,0.0
DE,2040,21,123,ES1 0 CCGT,282.80327811943243
DE,2040,21,124,ES1 0 CCGT,364.8934234906483
DE,2040,21,125,ES1 0 CCGT,1520.0644871024706
DE,2040,21,126,ES1 0 CCGT,3835.169448004728
DE,2040,21,127,ES1 0 CCGT,0.0
DE,2040,21,128,ES1 0 CCGT,0.0
DE,2040,21,129,ES1 0 CCGT,0.0
DE,2040,21,130,ES1 0 CCGT,0.0
DE,2040,21,131,ES1 0 CCGT,0.0
DE,2040,21,132,ES1 0 CCGT,0.0
DE,2040,21,133,ES1 0 CCGT,0.0
DE,2040,21,134,ES1 0 CCGT,0.0
DE,2040,21,135,ES1 0 CCGT,0.0
DE,2040,21,136,ES1 0 CCGT,0.0
DE,2040,21,137,ES1 0 CCGT,0.0
DE,2040,21,138,ES1 0 CCGT,0.0
DE,2040,21,139,ES1 0 CCGT,1678.7109077445493
DE,2040,21,140,ES1 0 CCGT,793.9663692519061
DE,2040,21,141,ES1 0 CCGT,0.0
DE,2040,21,142,ES1 0 CCGT,3033.5731530885587
DE,2040,21,143,ES1 0 CCGT,1611.259481160585
DE,2040,21,144,ES1 0 CCGT,1158.0326757477815
DE,2040,21,145,ES1 0 CCGT,655.5630936296184
DE,2040,21,146,ES1 0 CCGT,856.8478778086064
DE,2040,21,147,ES1 0 CCGT,1584.1365808653245
DE,2040,21,148,ES1 0 CCGT,2056.0857436602073
DE,2040,21,149,ES1 0 CCGT,1783.3094007228883
DE,2040,21,150,ES1 0 CCGT,1798.5326156756018
DE,2040,21,151,ES1 0 CCGT,0.0
DE,2040,21,152,ES1 0 CCGT,0.0
DE,2040,21,153,ES1 0 CCGT,0.0
DE,2040,21,154,ES1 0 CCGT,0.0
DE,2040,21,155,ES1 0 CCGT,0.0
DE,2040,21,156,ES1 0 CCGT,0.0
DE,2040,21,157,ES1 0 CCGT,0.0
DE,2040,21,158,ES1 0 CCGT,0.0
DE,2040,21,159,ES1 0 CCGT,0.0
DE,2040,21,160,ES1 0 CCGT,0.0
DE,2040,21,161,ES1 0 CCGT,0.0
DE,2040,21,162,ES1 0 CCGT,0.0
DE,2040,21,163,ES1 0 CCGT,699.7400376370006
DE,2040,21,164,ES1 0 CCGT,2099.719140411329
DE,2040,21,165,ES1 0 CCGT,0.0
DE,2040,21,166,ES1 0 CCGT,0.0
DE,2040,21,167,ES1 0 CCGT,0.0
DE,2050,21,0,ES1 0 CCGT,15742.395856998268
DE,2050,21,1,ES1 0 CCGT,17966.906697868606
DE,2050,21,2,ES1 0 CCGT,21317.668568443514
DE,2050,21,3,ES1 0 CCGT,19999.231467858244
DE,2050,21,4,ES1 0 CCGT,22667.5553296937
DE,2050,21,5,ES1 0 CCGT,26305.331999999995
DE,2050,21,6,ES1 0 CCGT,26305.331999999995
DE,2050,21,7,ES1 0 CCGT,16813.77481093093
DE,2050,21,8,ES1 0 CCGT,4357.646976713297
DE,2050,21,9,ES1 0 CCGT,0.0
DE,2050,21,10,ES1 0 CCGT,0.0
DE,2050,21,11,ES1 0 CCGT,0.0
DE,2050,21,12,ES1 0 CCGT,0.0
DE,2050,21,13,ES1 0 CCGT,0.0
DE,2050,21,14,ES1 0 CCGT,0.0
DE,2050,21,15,ES1 0 CCGT,0.0
DE,2050,21,16,ES1 0 CCGT,0.0
DE,2050,21,17,ES1 0 CCGT,3591.297758773858
DE,2050,21,18,ES1 0 CCGT,10717.250227200027
DE,2050,21,19,ES1 0 CCGT,15343.338361373933
DE,2050,21,20,ES1 0 CCGT,13454.97062852466
DE,2050,21,21,ES1 0 CCGT,9809.420897523265
DE,2050,21,22,ES1 0 CCGT,7775.327353816858
DE,2050,21,23,ES1 0 CCGT,4733.01194517801
DE,2050,21,24,ES1 0 CCGT,3902.9528886128137
DE,2050,21,25,ES1 0 CCGT,3542.9717126736286
DE,2050,21,26,ES1 0 CCGT,4844.969106178849
DE,2050,21,27,ES1 0 CCGT,6871.944408406824
DE,2050,21,28,ES1 0 CCGT,11471.573760225358
DE,2050,21,29,ES1 0 CCGT,17775.94737201267
DE,2050,21,30,ES1 0 CCGT,22255.48871217348
DE,2050,21,31,ES1 0 CCGT,16073.957416991627
DE,2050,21,32,ES1 0 CCGT,5688.817638660506
DE,2050,21,33,ES1 0 CCGT,0.0
DE,2050,21,34,ES1 0 CCGT,0.0
DE,2050,21,35,ES1 0 CCGT,0.0
DE,2050,21,36,ES1 0 CCGT,0.0
DE,2050,21,37,ES1 0 CCGT,0.0
DE,2050,21,38,ES1 0 CCGT,0.0
DE,2050,21,39,ES1 0 CCGT,0.0
DE,2050,21,40,ES1 0 CCGT,0.0
DE,2050,21,41,ES1 0 CCGT,0.0
DE,2050,21,42,ES1 0 CCGT,667.9816355361907
DE,2050,21,43,ES1 0 CCGT,8693.689230401096
DE,2050,21,44,ES1 0 CCGT,4451.005865802389
DE,2050,21,45,ES1 0 CCGT,3481.4679294671205
DE,2050,21,46,ES1 0 CCGT,4296.979402990384
DE,2050,21,47,ES1 0 CCGT,3381.627719078144
DE,2050,21,48,ES1 0 CCGT,3180.272581516958
DE,2050,21,49,ES1 0 CCGT,3753.155114654476
DE,2050,21,50,ES1 0 CCGT,4343.689893284708
DE,2050,21,51,ES1 0 CCGT,4905.972640414919
DE,2050,21,52,ES1 0 CCGT,6554.606337794389
DE,2050,21,53,ES1 0 CCGT,10544.970671294392
DE,2050,21,54,ES1 0 CCGT,13587.7511023236
DE,2050,21,55,ES1 0 CCGT,344.6903251405852
DE,2050,21,56,ES1 0 CCGT,0.0
DE,2050,21,57,ES1 0 CCGT,0.0
DE,2050,21,58,ES1 0 CCGT,0.0
DE,2050,21,59,ES1 0 CCGT,0.0
DE,2050,21,60,ES1 0 CCGT,0.0
DE,2050,21,61,ES1 0 CCGT,0.0
DE,2050,21,62,ES1 0 CCGT,0.0
DE,2050,21,63,ES1 0 CCGT,0.0
DE,2050,21,64,ES1 0 CCGT,0.0
DE,2050,21,65,ES1 0 CCGT,0.0
DE,2050,21,66,ES1 0 CCGT,0.0
DE,2050,21,67,ES1 0 CCGT,0.0
DE,2050,21,68,ES1 0 CCGT,0.0
DE,2050,21,69,ES1 0 CCGT,0.0
DE,2050,21,70,ES1 0 CCGT,0.0
DE,2050,21,71,ES1 0 CCGT,0.0
DE,2050,21,72,ES1 0 CCGT,0.0
DE,2050,21,73,ES1 0 CCGT,0.0
DE,2050,21,74,ES1 0 CCGT,0.0
DE,2050,21,75,ES1 0 CCGT,0.0
DE,2050,21,76,ES1 0 CCGT,0.0
DE,2050,21,77,ES1 0 CCGT,4660.066033630652
DE,2050,21,78,ES1 0 CCGT,8322.759606290469
DE,2050,21,79,ES1 0 CCGT,0.0
DE,2050,21,80,ES1 0 CCGT,0.0
DE,2050,21,81,ES1 0 CCGT,0.0
DE,2050,21,82,ES1 0 CCGT,0.0
DE,2050,21,83,ES1 0 CCGT,0.0
DE,2050,21,84,ES1 0 CCGT,0.0
DE,2050,21,85,ES1 0 CCGT,0.0
DE,2050,21,86,ES1 0 CCGT,0.0
DE,2050,21,87,ES1 0 CCGT,0.0
DE,2050,21,88,ES1 0 CCGT,0.0
DE,2050,21,89,ES1 0 CCGT,0.0
DE,2050,21,90,ES1 0 CCGT,0.0
DE,2050,21,91,ES1 0 CCGT,0.0
DE,2050,21,92,ES1 0 CCGT,0.0
DE,2050,21,93,ES1 0 CCGT,0.0
DE,2050,21,94,ES1 0 CCGT,0.0
DE,2050,21,95,ES1 0 CCGT,0.0
DE,2050,21,96,ES1 0 CCGT,0.0
DE,2050,21,97,ES1 0 CCGT,0.0
DE,2050,21,98,ES1 0 CCGT,0.0
DE,2050,21,99,ES1 0 CCGT,706.233876010152
DE,2050,21,100,ES1 0 CCGT,1451.3236572359365
DE,2050,21,101,ES1 0 CCGT,8345.287272847683
DE,2050,21,102,ES1 0 CCGT,13838.2722467854
DE,2050,21,103,ES1 0 CCGT,0.0
DE,2050,21,104,ES1 0 CCGT,0.0
DE,2050,21,105,ES1 0 CCGT,0.0
DE,2050,21,106,ES1 0 CCGT,0.0
DE,2050,21,107,ES1 0 CCGT,0.0
DE,2050,21,108,ES1 0 CCGT,0.0
DE,2050,21,109,ES1 0 CCGT,0.0
DE,2050,21,110,ES1 0 CCGT,0.0
DE,2050,21,111,ES1 0 CCGT,0.0
DE,2050,21,112,ES1 0 CCGT,0.0
DE,2050,21,113,ES1 0 CCGT,0.0
DE,2050,21,114,ES1 0 CCGT,0.0
DE,2050,21,115,ES1 0 CCGT,1478.6979250458135
DE,2050,21,116,ES1 0 CCGT,2515.6599751939584
DE,2050,21,117,ES1 0 CCGT,537.2233731145594
DE,2050,21,118,ES1 0 CCGT,4504.517401397838
DE,2050,21,119,ES1 0 CCGT,2710.37743052937
DE,2050,21,120,ES1 0 CCGT,1359.0111433306556
DE,2050,21,121,ES1 0 CCGT,1343.5456077210893
DE,2050,21,122,ES1 0 CCGT,1996.6807049899508
DE,2050,21,123,ES1 0 CCGT,2834.9113985549284
DE,2050,21,124,ES1 0 CCGT,2883.7472576105756
DE,2050,21,125,ES1 0 CCGT,4066.586150942854
DE,2050,21,126,ES1 0 CCGT,6603.123622670754
DE,2050,21,127,ES1 0 CCGT,0.0
DE,2050,21,128,ES1 0 CCGT,0.0
DE,2050,21,129,ES1 0 CCGT,0.0
DE,2050,21,130,ES1 0 CCGT,0.0
DE,2050,21,131,ES1 0 CCGT,0.0
DE,2050,21,132,ES1 0 CCGT,0.0
DE,2050,21,133,ES1 0 CCGT,0.0
DE,2050,21,134,ES1 0 CCGT,0.0
DE,2050,21,135,ES1 0 CCGT,0.0
DE,2050,21,136,ES1 0 CCGT,0.0
DE,2050,21,137,ES1 0 CCGT,0.0
DE,2050,21,138,ES1 0 CCGT,0.0
DE,2050,21,139,ES1 0 CCGT,5180.634003886553
DE,2050,21,140,ES1 0 CCGT,2272.8955906036163
DE,2050,21,141,ES1 0 CCGT,2984.1345824478576
DE,2050,21,142,ES1 0 CCGT,5891.554307486542
DE,2050,21,143,ES1 0 CCGT,4258.482610210802
DE,2050,21,144,ES1 0 CCGT,3655.407823059588
DE,2050,21,145,ES1 0 CCGT,3057.0539845619205
DE,2050,21,146,ES1 0 CCGT,3210.1215830996207
DE,2050,21,147,ES1 0 CCGT,3934.637535378857
DE,2050,21,148,ES1 0 CCGT,4380.214086267801
DE,2050,21,149,ES1 0 CCGT,4065.03562266627
DE,2050,21,150,ES1 0 CCGT,4229.312570397782
DE,2050,21,151,ES1 0 CCGT,0.0
DE,2050,21,152,ES1 0 CCGT,0.0
DE,2050,21,153,ES1 0 CCGT,0.0
DE,2050,21,154,ES1 0 CCGT,0.0
DE,2050,21,155,ES1 0 CCGT,0.0
DE,2050,21,156,ES1 0 CCGT,0.0
DE,2050,21,157,ES1 0 CCGT,0.0
DE,2050,21,158,ES1 0 CCGT,0.0
DE,2050,21,159,ES1 0 CCGT,0.0
DE,2050,21,160,ES1 0 CCGT,0.0
DE,2050,21,161,ES1 0 CCGT,0.0
DE,2050,21,162,ES1 0 CCGT,0.0
DE,2050,21,163,ES1 0 CCGT,3339.9877148860596
DE,2050,21,164,ES1 0 CCGT,4825.014965019011
DE,2050,21,165,ES1 0 CCGT,2132.237341811906
DE,2050,21,166,ES1 0 CCGT,964.6641885988793
DE,2050,21,167,ES1 0 CCGT,0.0
NT,2025,21,0,ES1 0 coal,4739.393482733913
NT,2025,21,1,ES1 0 coal,4739.393482733913
NT,2025,21,2,ES1 0 coal,4739.393482733913
NT,2025,21,3,ES1 0 coal,4739.393482733913
NT,2025,21,4,ES1 0 coal,4739.393482733913
NT,2025,21,5,ES1 0 coal,4739.393482733913
NT,2025,21,6,ES1 0 coal,4739.393482733913
NT,2025,21,7,ES1 0 coal,4739.393482733913
NT,2025,21,8,ES1 0 coal,4739.393482733913
NT,2025,21,9,ES1 0 coal,4739.393482733913
NT,2025,21,10,ES1 0 coal,4739.393482733913
NT,2025,21,11,ES1 0 coal,4739.393482733913
NT,2025,21,12,ES1 0 coal,4739.393482733913
NT,2025,21,13,ES1 0 coal,4739.393482733913
NT,2025,21,14,ES1 0 coal,4739.393482733913
NT,2025,21,15,ES1 0 coal,4739.393482733913
NT,2025,21,16,ES1 0 coal,4739.393482733913
NT,2025,21,17,ES1 0 coal,4739.393482733913
NT,2025,21,18,ES1 0 coal,4739.393482733913
NT,2025,21,19,ES1 0 coal,4739.393482733913
NT,2025,21,20,ES1 0 coal,4739.393482733913
NT,2025,21,21,ES1 0 coal,4739.393482733913
NT,2025,21,22,ES1 0 coal,4739.393482733913
NT,2025,21,23,ES1 0 coal,4739.393482733913
NT,2025,21,24,ES1 0 coal,4739.393482733913
NT,2025,21,25,ES1 0 coal,4418.927677422127
NT,2025,21,26,ES1 0 coal,4739.393482733913
NT,2025,21,27,ES1 0 coal,4739.393482733913
NT,2025,21,28,ES1 0 coal,4739.393482733913
NT,2025,21,29,ES1 0 coal,4739.393482733913
NT,2025,21,30,ES1 0 coal,4739.393482733913
NT,2025,21,31,ES1 0 coal,4739.393482733913
NT,2025,21,32,ES1 0 coal,4739.393482733913
NT,2025,21,33,ES1 0 coal,4739.393482733913
NT,2025,21,34,ES1 0 coal,4739.393482733913
NT,2025,21,35,ES1 0 coal,4739.393482733913
NT,2025,21,36,ES1 0 coal,2551.413520377956
NT,2025,21,37,ES1 0 coal,147.19746013759232
NT,2025,21,38,ES1 0 coal,0.0
NT,2025,21,39,ES1 0 coal,0.0
NT,2025,21,40,ES1 0 coal,0.0
NT,2025,21,41,ES1 0 coal,0.0
NT,2025,21,42,ES1 0 coal,615.4780246650316
NT,2025,21,43,ES1 0 coal,4739.393482733913
NT,2025,21,44,ES1 0 coal,3536.617789271326
NT,2025,21,45,ES1 0 coal,888.5106384575975
NT,2025,21,46,ES1 0 coal,1776.6911509925885
NT,2025,21,47,ES1 0 coal,1029.8661848401707
NT,2025,21,48,ES1 0 coal,798.9470332837118
NT,2025,21,49,ES1 0 coal,1084.6857841017054
NT,2025,21,50,ES1 0 coal,1338.2583533548705
NT,2025,21,51,ES1 0 coal,1408.2245885761631
NT,2025,21,52,ES1 0 coal,2321.133669968357
NT,2025,21,53,ES1 0 coal,4739.393482733913
NT,2025,21,54,ES1 0 coal,4739.393482733913
NT,2025,21,55,ES1 0 coal,2617.699691591213
NT,2025,21,56,ES1 0 coal,0.0
NT,2025,21,57,ES1 0 coal,0.0
NT,2025,21,58,ES1 0 coal,0.0
NT,2025,21,59,ES1 0 coal,0.0
NT,2025,21,60,ES1 0 coal,0.0
NT,2025,21,61,ES1 0 coal,0.0
NT,2025,21,62,ES1 0 coal,0.0
NT,2025,21,63,ES1 0 coal,0.0
NT,2025,21,64,ES1 0 coal,0.0
NT,2025,21,65,ES1 0 coal,0.0
NT,2025,21,66,ES1 0 coal,0.0
NT,2025,21,67,ES1 0 coal,0.0
NT,2025,21,68,ES1 0 coal,0.0
NT,2025,21,69,ES1 0 coal,0.0
NT,2025,21,70,ES1 0 coal,0.0
NT,2025,21,71,ES1 0 coal,0.0
NT,2025,21,72,ES1 0 coal,0.0
NT,2025,21,73,ES1 0 coal,0.0
NT,2025,21,74,ES1 0 coal,0.0
NT,2025,21,75,ES1 0 coal,0.0
NT,2025,21,76,ES1 0 coal,0.0
NT,2025,21,77,ES1 0 coal,1073.5199052449807
NT,2025,21,78,ES1 0 coal,4739.393482733913
NT,2025,21,79,ES1 0 coal,1078.8979835817217
NT,2025,21,80,ES1 0 coal,0.0
NT,2025,21,81,ES1 0 coal,0.0
NT,2025,21,82,ES1 0 coal,0.0
NT,2025,21,83,ES1 0 coal,0.0
NT,2025,21,84,ES1 0 coal,0.0
NT,2025,21,85,ES1 0 coal,0.0
NT,2025,21,86,ES1 0 coal,0.0
NT,2025,21,87,ES1 0 coal,0.0
NT,2025,21,88,ES1 0 coal,0.0
NT,2025,21,89,ES1 0 coal,0.0
NT,2025,21,90,ES1 0 coal,0.0
NT,2025,21,91,ES1 0 coal,0.0
NT,2025,21,92,ES1 0 coal,0.0
NT,2025,21,93,ES1 0 coal,0.0
NT,2025,21,94,ES1 0 coal,0.0
NT,2025,21,95,ES1 0 coal,0.0
NT,2025,21,96,ES1 0 coal,0.0
NT,2025,21,97,ES1 0 coal,0.0
NT,2025,21,98,ES1 0 coal,0.0
NT,2025,21,99,ES1 0 coal,0.0
NT,2025,21,100,ES1 0 coal,1724.738852160237
NT,2025,21,101,ES1 0 coal,4718.195026431966
NT,2025,21,102,ES1 0 coal,4739.393482733913
NT,2025,21,103,ES1 0 coal,3344.620590523149
NT,2025,21,104,ES1 0 coal,0.0
NT,2025,21,105,ES1 0 coal,0.0
NT,2025,21,106,ES1 0 coal,0.0
NT,2025,21,107,ES1 0 coal,0.0
NT,2025,21,108,ES1 0 coal,0.0
NT,2025,21,109,ES1 0 coal,0.0
NT,2025,21,110,ES1 0 coal,0.0
NT,2025,21,111,ES1 0 coal,0.0
NT,2025,21,112,ES1 0 coal,0.0
NT,2025,21,113,ES1 0 coal,0.0
NT,2025,21,114,ES1 0 coal,0.0
NT,2025,21,115,ES1 0 coal,2042.1945960689118
NT,2025,21,116,ES1 0 coal,1251.0621560368636
NT,2025,21,117,ES1 0 coal,0.0
NT,2025,21,118,ES1 0 coal,2339.136889920257
NT,2025,21,119,ES1 0 coal,1122.4407752720745
NT,2025,21,120,ES1 0 coal,264.2115364470319
NT,2025,21,121,ES1 0 coal,363.55008548191654
NT,2025,21,122,ES1 0 coal,954.0176262495042
NT,2025,21,123,ES1 0 coal,1593.1435133963223
NT,2025,21,124,ES1 0 coal,1511.9085897795576
NT,2025,21,125,ES1 0 coal,2207.173851961401
NT,2025,21,126,ES1 0 coal,4570.520498395024
NT,2025,21,127,ES1 0 coal,0.0
NT,2025,21,128,ES1 0 coal,0.0
NT,2025,21,129,ES1 0 coal,0.0
NT,2025,21,130,ES1 0 coal,0.0
NT,2025,21,131,ES1 0 coal,0.0
NT,2025,21,132,ES1 0 coal,0.0
NT,2025,21,133,ES1 0 coal,0.0
NT,2025,21,134,ES1 0 coal,0.0
NT,2025,21,135,ES1 0 coal,0.0
NT,2025,21,136,ES1 0 coal,0.0
NT,2025,21,137,ES1 0 coal,0.0
NT,2025,21,138,ES1 0 coal,0.0
NT,2025,21,139,ES1 0 coal,3318.404992322239
NT,2025,21,140,ES1 0 coal,2840.094482091603
NT,2025,21,141,ES1 0 coal,1665.4606482871586
NT,2025,21,142,ES1 0 coal,4292.825108433708
NT,2025,21,143,ES1 0 coal,3447.280955473325
NT,2025,21,144,ES1 0 coal,3341.1397318172094
NT,2025,21,145,ES1 0 coal,3178.2537653793497
NT,2025,21,146,ES1 0 coal,3429.6157256817587
NT,2025,21,147,ES1 0 coal,3969.8224909656747
NT,2025,21,148,ES1 0 coal,4361.225811746202
NT,2025,21,149,ES1 0 coal,4219.594498013817
NT,2025,21,150,ES1 0 coal,4739.393482733913
NT,2025,21,151,ES1 0 coal,1387.8668620638327
NT,2025,21,152,ES1 0 coal,0.0
NT,2025,21,153,ES1 0 coal,0.0
NT,2025,21,154,ES1 0 coal,0.0
NT,2025,21,155,ES1 0 coal,0.0
NT,2025,21,156,ES1 0 coal,0.0
NT,2025,21,157,ES1 0 coal,0.0
NT,2025,21,158,ES1 0 coal,0.0
NT,2025,21,159,ES1 0 coal,0.0
NT,2025,21,160,ES1 0 coal,0.0
NT,2025,21,161,ES1 0 coal,0.0
NT,2025,21,162,ES1 0 coal,0.0
NT,2025,21,163,ES1 0 coal,0.0
NT,2025,21,164,ES1 0 coal,964.1951456669865
NT,2025,21,165,ES1 0 coal,0.0
NT,2025,21,166,ES1 0 coal,1894.1289104525913
NT,2025,21,167,ES1 0 coal,1572.6616743277864
NT,2030,21,0,ES1 0 coal,4739.393482733913
NT,2030,21,1,ES1 0 coal,4739.393482733913
NT,2030,21,2,ES1 0 coal,4739.393482733913
NT,2030,21,3,ES1 0 coal,4739.393482733913
NT,2030,21,4,ES1 0 coal,4739.393482733913
NT,2030,21,5,ES1 0 coal,4739.393482733913
NT,2030,21,6,ES1 0 coal,4739.393482733913
NT,2030,21,7,ES1 0 coal,4739.393482733913
NT,2030,21,8,ES1 0 coal,4739.393482733913
NT,2030,21,9,ES1 0 coal,292.7178032544316
NT,2030,21,10,ES1 0 coal,2099.3892711424105
NT,2030,21,11,ES1 0 coal,915.8098932034336
NT,2030,21,12,ES1 0 coal,0.0
NT,2030,21,13,ES1 0 coal,0.0
NT,2030,21,14,ES1 0 coal,0.0
NT,2030,21,15,ES1 0 coal,0.0
NT,2030,21,16,ES1 0 coal,0.0
NT,2030,21,17,ES1 0 coal,63.20839990174045
NT,2030,21,18,ES1 0 coal,4739.393482733913
NT,2030,21,19,ES1 0 coal,4739.393482733913
NT,2030,21,20,ES1 0 coal,4739.393482733913
NT,2030,21,21,ES1 0 coal,4739.393482733913
NT,2030,21,22,ES1 0 coal,3484.3971035627146
NT,2030,21,23,ES1 0 coal,1385.0610636070828
NT,2030,21,24,ES1 0 coal,99.59903696082802
NT,2030,21,25,ES1 0 coal,0.0
NT,2030,21,26,ES1 0 coal,427.8457052239047
NT,2030,21,27,ES1 0 coal,2310.127896330942
NT,2030,21,28,ES1 0 coal,4739.393482733913
NT,2030,21,29,ES1 0 coal,4739.393482733913
NT,2030,21,30,ES1 0 coal,4739.393482733913
NT,2030,21,31,ES1 0 coal,4739.393482733913
NT,2030,21,32,ES1 0 coal,4739.393482733913
NT,2030,21,33,ES1 0 coal,0.0
NT,2030,21,34,ES1 0 coal,0.0
NT,2030,21,35,ES1 0 coal,0.0
NT,2030,21,36,ES1 0 coal,0.0
NT,2030,21,37,ES1 0 coal,0.0
NT,2030,21,38,ES1 0 coal,0.0
NT,2030,21,39,ES1 0 coal,0.0
NT,2030,21,40,ES1 0 coal,0.0
NT,2030,21,41,ES1 0 coal,0.0
NT,2030,21,42,ES1 0 coal,0.0
NT,2030,21,43,ES1 0 coal,115.34217835359664
NT,2030,21,44,ES1 0 coal,0.0
NT,2030,21,45,ES1 0 coal,0.0
NT,2030,21,46,ES1 0 coal,0.0
NT,2030,21,47,ES1 0 coal,0.0
NT,2030,21,48,ES1 0 coal,0.0
NT,2030,21,49,ES1 0 coal,0.0
NT,2030,21,50,ES1 0 coal,0.0
NT,2030,21,51,ES1 0 coal,118.07627923865766
NT,2030,21,52,ES1 0 coal,1227.20539473405
NT,2030,21,53,ES1 0 coal,4270.438442654373
NT,2030,21,54,ES1 0 coal,4739.393482733913
NT,2030,21,55,ES1 0 coal,0.0
NT,2030,21,56,ES1 0 coal,0.0
NT,2030,21,57,ES1 0 coal,0.0
NT,2030,21,58,ES1 0 coal,0.0
NT,2030,21,59,ES1 0 coal,0.0
NT,2030,21,60,ES1 0 coal,0.0
NT,2030,21,61,ES1 0 coal,0.0
NT,2030,21,62,ES1 0 coal,0.0
NT,2030,21,63,ES1 0 coal,0.0
NT,2030,21,64,ES1 0 coal,0.0
NT,2030,21,65,ES1 0 coal,0.0
NT,2030,21,66,ES1 0 coal,0.0
NT,2030,21,67,ES1 0 coal,0.0
NT,2030,21,68,ES1 0 coal,0.0
NT,2030,21,69,ES1 0 coal,0.0
NT,2030,21,70,ES1 0 coal,0.0
NT,2030,21,71,ES1 0 coal,0.0
NT,2030,21,72,ES1 0 coal,0.0
NT,2030,21,73,ES1 0 coal,0.0
NT,2030,21,74,ES1 0 coal,0.0
NT,2030,21,75,ES1 0 coal,0.0
NT,2030,21,76,ES1 0 coal,0.0
NT,2030,21,77,ES1 0 coal,0.0
NT,2030,21,78,ES1 0 coal,3769.2027525981257
NT,2030,21,79,ES1 0 coal,0.0
NT,2030,21,80,ES1 0 coal,0.0
NT,2030,21,81,ES1 0 coal,0.0
NT,2030,21,82,ES1 0 coal,0.0
NT,2030,21,83,ES1 0 coal,0.0
NT,2030,21,84,ES1 0 coal,0.0
NT,2030,21,85,ES1 0 coal,0.0
NT,2030,21,86,ES1 0 coal,0.0
NT,2030,21,87,ES1 0 coal,0.0
NT,2030,21,88,ES1 0 coal,0.0
NT,2030,21,89,ES1 0 coal,0.0
NT,2030,21,90,ES1 0 coal,0.0
NT,2030,21,91,ES1 0 coal,0.0
NT,2030,21,92,ES1 0 coal,0.0
NT,2030,21,93,ES1 0 coal,0.0
NT,2030,21,94,ES1 0 coal,0.0
NT,2030,21,95,ES1 0 coal,0.0
NT,2030,21,96,ES1 0 coal,0.0
NT,2030,21,97,ES1 0 coal,0.0
NT,2030,21,98,ES1 0 coal,0.0
NT,2030,21,99,ES1 0 coal,0.0
NT,2030,21,100,ES1 0 coal,0.0
NT,2030,21,101,ES1 0 coal,2174.305279913826
NT,2030,21,102,ES1 0 coal,4739.393482733913
NT,2030,21,103,ES1 0 coal,0.0
NT,2030,21,104,ES1 0 coal,0.0
NT,2030,21,105,ES1 0 coal,0.0
NT,2030,21,106,ES1 0 coal,0.0
NT,2030,21,107,ES1 0 coal,0.0
NT,2030,21,108,ES1 0 coal,0.0
NT,2030,21,109,ES1 0 coal,0.0
NT,2030,21,110,ES1 0 coal,0.0
NT,2030,21,111,ES1 0 coal,0.0
NT,2030,21,112,ES1 0 coal,0.0
NT,2030,21,113,ES1 0 coal,0.0
NT,2030,21,114,ES1 0 coal,0.0
NT,2030,21,115,ES1 0 coal,0.0
NT,2030,21,116,ES1 0 coal,0.0
NT,2030,21,117,ES1 0 coal,0.0
NT,2030,21,118,ES1 0 coal,0.0
NT,2030,21,119,ES1 0 coal,0.0
NT,2030,21,120,ES1 0 coal,0.0
NT,2030,21,121,ES1 0 coal,0.0
NT,2030,21,122,ES1 0 coal,0.0
NT,2030,21,123,ES1 0 coal,0.0
NT,2030,21,124,ES1 0 coal,0.0
NT,2030,21,125,ES1 0 coal,0.0
NT,2030,21,126,ES1 0 coal,2156.5239187741226
NT,2030,21,127,ES1 0 coal,0.0
NT,2030,21,128,ES1 0 coal,0.0
NT,2030,21,129,ES1 0 coal,0.0
NT,2030,21,130,ES1 0 coal,0.0
NT,2030,21,131,ES1 0 coal,0.0
NT,2030,21,132,ES1 0 coal,0.0
NT,2030,21,133,ES1 0 coal,0.0
NT,2030,21,134,ES1 0 coal,0.0
NT,2030,21,135,ES1 0 coal,0.0
NT,2030,21,136,ES1 0 coal,0.0
NT,2030,21,137,ES1 0 coal,0.0
NT,2030,21,138,ES1 0 coal,0.0
NT,2030,21,139,ES1 0 coal,0.0
NT,2030,21,140,ES1 0 coal,0.0
NT,2030,21,141,ES1 0 coal,0.0
NT,2030,21,142,ES1 0 coal,600.8810173490547
NT,2030,21,143,ES1 0 coal,0.0
NT,2030,21,144,ES1 0 coal,0.0
NT,2030,21,145,ES1 0 coal,0.0
NT,2030,21,146,ES1 0 coal,0.0
NT,2030,21,147,ES1 0 coal,424.96279483583567
NT,2030,21,148,ES1 0 coal,963.093860293413
NT,2030,21,149,ES1 0 coal,796.7253707950767
NT,2030,21,150,ES1 0 coal,1120.8276770768189
NT,2030,21,151,ES1 0 coal,0.0
NT,2030,21,152,ES1 0 coal,0.0
NT,2030,21,153,ES1 0 coal,0.0
NT,2030,21,154,ES1 0 coal,0.0
NT,2030,21,155,ES1 0 coal,0.0
NT,2030,21,156,ES1 0 coal,0.0
NT,2030,21,157,ES1 0 coal,0.0
NT,2030,21,158,ES1 0 coal,0.0
NT,2030,21,159,ES1 0 coal,0.0
NT,2030,21,160,ES1 0 coal,0.0
NT,2030,21,161,ES1 0 coal,0.0
NT,2030,21,162,ES1 0 coal,0.0
NT,2030,21,163,ES1 0 coal,0.0
NT,2030,21,164,ES1 0 coal,0.0
NT,2030,21,165,ES1 0 coal,0.0
NT,2030,21,166,ES1 0 coal,0.0
NT,2030,21,167,ES1 0 coal,0.0
DE,2040,21,0,ES1 0 coal,4739.393482733913
DE,2040,21,1,ES1 0 coal,4739.393482733913
DE,2040,21,2,ES1 0 coal,4739.393482733913
DE,2040,21,3,ES1 0 coal,4739.393482733913
DE,2040,21,4,ES1 0 coal,4739.393482733913
DE,2040,21,5,ES1 0 coal,4739.393482733913
DE,2040,21,6,ES1 0 coal,4739.393482733913
DE,2040,21,7,ES1 0 coal,4739.393482733913
DE,2040,21,8,ES1 0 coal,4739.393482733913
DE,2040,21,9,ES1 0 coal,0.0
DE,2040,21,10,ES1 0 coal,155.99991455690542
DE,2040,21,11,ES1 0 coal,0.0
DE,2040,21,12,ES1 0 coal,0.0
DE,2040,21,13,ES1 0 coal,0.0
DE,2040,21,14,ES1 0 coal,0.0
DE,2040,21,15,ES1 0 coal,0.0
DE,2040,21,16,ES1 0 coal,0.0
DE,2040,21,17,ES1 0 coal,4739.393482733913
DE,2040,21,18,ES1 0 coal,4739.393482733913
DE,2040,21,19,ES1 0 coal,4739.393482733913
DE,2040,21,20,ES1 0 coal,4739.393482733913
DE,2040,21,21,ES1 0 coal,4739.393482733913
DE,2040,21,22,ES1 0 coal,4739.393482733913
DE,2040,21,23,ES1 0 coal,4739.393482733913
DE,2040,21,24,ES1 0 coal,4739.393482733913
DE,2040,21,25,ES1 0 coal,4739.393482733913
DE,2040,21,26,ES1 0 coal,4739.393482733913
DE,2040,21,27,ES1 0 coal,4739.393482733913
DE,2040,21,28,ES1 0 coal,4739.393482733913
DE,2040,21,29,ES1 0 coal,4739.393482733913
DE,2040,21,30,ES1 0 coal,4739.393482733913
DE,2040,21,31,ES1 0 coal,4739.393482733913
DE,2040,21,32,ES1 0 coal,4739.393482733913
DE,2040,21,33,ES1 0 coal,0.0
DE,2040,21,34,ES1 0 coal,0.0
DE,2040,21,35,ES1 0 coal,0.0
DE,2040,21,36,ES1 0 coal,0.0
DE,2040,21,37,ES1 0 coal,0.0
DE,2040,21,38,ES1 0 coal,0.0
DE,2040,21,39,ES1 0 coal,0.0
DE,2040,21,40,ES1 0 coal,0.0
DE,2040,21,41,ES1 0 coal,0.0
DE,2040,21,42,ES1 0 coal,1777.559412746813
DE,2040,21,43,ES1 0 coal,4739.393482733913
DE,2040,21,44,ES1 0 coal,4739.393482733913
DE,2040,21,45,ES1 0 coal,4739.393482733913
DE,2040,21,46,ES1 0 coal,4739.393482733913
DE,2040,21,47,ES1 0 coal,4739.393482733913
DE,2040,21,48,ES1 0 coal,4739.393482733913
DE,2040,21,49,ES1 0 coal,4739.393482733913
DE,2040,21,50,ES1 0 coal,4739.393482733913
DE,2040,21,51,ES1 0 coal,4739.393482733913
DE,2040,21,52,ES1 0 coal,4739.393482733913
DE,2040,21,53,ES1 0 coal,4739.393482733913
DE,2040,21,54,ES1 0 coal,4739.393482733913
DE,2040,21,55,ES1 0 coal,1357.2605835619452
DE,2040,21,56,ES1 0 coal,0.0
DE,2040,21,57,ES1 0 coal,0.0
DE,2040,21,58,ES1 0 coal,0.0
DE,2040,21,59,ES1 0 coal,0.0
DE,2040,21,60,ES1 0 coal,0.0
DE,2040,21,61,ES1 0 coal,0.0
DE,2040,21,62,ES1 0 coal,0.0
DE,2040,21,63,ES1 0 coal,0.0
DE,2040,21,64,ES1 0 coal,0.0
DE,2040,21,65,ES1 0 coal,0.0
DE,2040,21,66,ES1 0 coal,0.0
DE,2040,21,67,ES1 0 coal,0.0
DE,2040,21,68,ES1 0 coal,0.0
DE,2040,21,69,ES1 0 coal,0.0
DE,2040,21,70,ES1 0 coal,0.0
DE,2040,21,71,ES1 0 coal,0.0
DE,2040,21,72,ES1 0 coal,0.0
DE,2040,21,73,ES1 0 coal,0.0
DE,2040,21,74,ES1 0 coal,0.0
DE,2040,21,75,ES1 0 coal,0.0
DE,2040,21,76,ES1 0 coal,1654.617940813052
DE,2040,21,77,ES1 0 coal,4739.393482733913
DE,2040,21,78,ES1 0 coal,4739.393482733913
DE,2040,21,79,ES1 0 coal,0.0
DE,2040,21,80,ES1 0 coal,0.0
DE,2040,21,81,ES1 0 coal,0.0
DE,2040,21,82,ES1 0 coal,0.0
DE,2040,21,83,ES1 0 coal,0.0
DE,2040,21,84,ES1 0 coal,0.0
DE,2040,21,85,ES1 0 coal,0.0
DE,2040,21,86,ES1 0 coal,0.0
DE,2040,21,87,ES1 0 coal,0.0
DE,2040,21,88,ES1 0 coal,0.0
DE,2040,21,89,ES1 0 coal,0.0
DE,2040,21,90,ES1 0 coal,0.0
DE,2040,21,91,ES1 0 coal,0.0
DE,2040,21,92,ES1 0 coal,0.0
DE,2040,21,93,ES1 0 coal,0.0
DE,2040,21,94,ES1 0 coal,1708.859962928629
DE,2040,21,95,ES1 0 coal,0.0
DE,2040,21,96,ES1 0 coal,0.0
DE,2040,21,97,ES1 0 coal,194.06955650889722
DE,2040,21,98,ES1 0 coal,1267.8013512133784
DE,2040,21,99,ES1 0 coal,2857.593339099156
DE,2040,21,100,ES1 0 coal,4739.393482733913
DE,2040,21,101,ES1 0 coal,4739.393482733913
DE,2040,21,102,ES1 0 coal,4739.393482733913
DE,2040,21,103,ES1 0 coal,479.03552269892407
DE,2040,21,104,ES1 0 coal,0.0
DE,2040,21,105,ES1 0 coal,0.0
DE,2040,21,106,ES1 0 coal,0.0
DE,2040,21,107,ES1 0 coal,0.0
DE,2040,21,108,ES1 0 coal,0.0
DE,2040,21,109,ES1 0 coal,0.0
DE,2040,21,110,ES1 0 coal,0.0
DE,2040,21,111,ES1 0 coal,0.0
DE,2040,21,112,ES1 0 coal,0.0
DE,2040,21,113,ES1 0 coal,0.0
DE,2040,21,114,ES1 0 coal,0.0
DE,2040,21,115,ES1 0 coal,4739.393482733913
DE,2040,21,116,ES1 0 coal,3880.0419807719136
DE,2040,21,117,ES1 0 coal,1982.5896231954391
DE,2040,21,118,ES1 0 coal,4739.393482733913
DE,2040,21,119,ES1 0 coal,4599.565659131955
DE,2040,21,120,ES1 0 coal,3391.9771665791923
DE,2040,21,121,ES1 0 coal,3462.553352767538
DE,2040,21,122,ES1 0 coal,4159.433850195466
DE,2040,21,123,ES1 0 coal,4739.393482733913
DE,2040,21,124,ES1 0 coal,4739.393482733913
DE,2040,21,125,ES1 0 coal,4739.393482733913
DE,2040,21,126,ES1 0 coal,4739.393482733913
DE,2040,21,127,ES1 0 coal,0.0
DE,2040,21,128,ES1 0 coal,0.0
DE,2040,21,129,ES1 0 coal,0.0
DE,2040,21,130,ES1 0 coal,0.0
DE,2040,21,131,ES1 0 coal,0.0
DE,2040,21,132,ES1 0 coal,0.0
DE,2040,21,133,ES1 0 coal,0.0
DE,2040,21,134,ES1 0 coal,0.0
DE,2040,21,135,ES1 0 coal,0.0
DE,2040,21,136,ES1 0 coal,0.0
DE,2040,21,137,ES1 0 coal,0.0
DE,2040,21,138,ES1 0 coal,0.0
DE,2040,21,139,ES1 0 coal,4739.393482733913
DE,2040,21,140,ES1 0 coal,4739.393482733913
DE,2040,21,141,ES1 0 coal,4638.838233798984
DE,2040,21,142,ES1 0 coal,4739.393482733913
DE,2040,21,143,ES1 0 coal,4739.393482733913
DE,2040,21,144,ES1 0 coal,4739.393482733913
DE,2040,21,145,ES1 0 coal,4739.393482733913
DE,2040,21,146,ES1 0 coal,4739.393482733913
DE,2040,21,147,ES1 0 coal,4739.393482733913
DE,2040,21,148,ES1 0 coal,4739.393482733913
DE,2040,21,149,ES1 0 coal,4739.393482733913
DE,2040,21,150,ES1 0 coal,4739.393482733913
DE,2040,21,151,ES1 0 coal,0.0
DE,2040,21,152,ES1 0 coal,0.0
DE,2040,21,153,ES1 0 coal,0.0
DE,2040,21,154,ES1 0 coal,0.0
DE,2040,21,155,ES1 0 coal,0.0
DE,2040,21,156,ES1 0 coal,0.0
DE,2040,21,157,ES1 0 coal,0.0
DE,2040,21,158,ES1 0 coal,0.0
DE,2040,21,159,ES1 0 coal,0.0
DE,2040,21,160,ES1 0 coal,0.0
DE,2040,21,161,ES1 0 coal,0.0
DE,2040,21,162,ES1 0 coal,0.0
DE,2040,21,163,ES1 0 coal,4739.393482733913
DE,2040,21,164,ES1 0 coal,4739.393482733913
DE,2040,21,165,ES1 0 coal,4369.002822497598
DE,2040,21,166,ES1 0 coal,3407.757692649837
DE,2040,21,167,ES1 0 coal,2312.664166089963
DE,2050,21,0,ES1 0 coal,4739.393482733913
DE,2050,21,1,ES1 0 coal,4739.393482733913
DE,2050,21,2,ES1 0 coal,4739.393482733913
DE,2050,21,3,ES1 0 coal,4739.393482733913
DE,2050,21,4,ES1 0 coal,4739.393482733913
DE,2050,21,5,ES1 0 coal,4739.393482733913
DE,2050,21,6,ES1 0 coal,4739.393482733913
DE,2050,21,7,ES1 0 coal,4739.393482733913
DE,2050,21,8,ES1 0 coal,4739.393482733913
DE,2050,21,9,ES1 0 coal,2741.6197801281032
DE,2050,21,10,ES1 0 coal,3973.0869179914143
DE,2050,21,11,ES1 0 coal,2406.1100314237547
DE,2050,21,12,ES1 0 coal,0.0
DE,2050,21,13,ES1 0 coal,0.0
DE,2050,21,14,ES1 0 coal,0.0
DE,2050,21,15,ES1 0 coal,0.0
DE,2050,21,16,ES1 0 coal,2510.459724360133
DE,2050,21,17,ES1 0 coal,4739.393482733913
DE,2050,21,18,ES1 0 coal,4739.393482733913
DE,2050,21,19,ES1 0 coal,4739.393482733913
DE,2050,21,20,ES1 0 coal,4739.393482733913
DE,2050,21,21,ES1 0 coal,4739.393482733913
DE,2050,21,22,ES1 0 coal,4739.393482733913
DE,2050,21,23,ES1 0 coal,4739.393482733913
DE,2050,21,24,ES1 0 coal,4739.393482733913
DE,2050,21,25,ES1 0 coal,4739.393482733913
DE,2050,21,26,ES1 0 coal,4739.393482733913
DE,2050,21,27,ES1 0 coal,4739.393482733913
DE,2050,21,28,ES1 0 coal,4739.393482733913
DE,2050,21,29,ES1 0 coal,4739.393482733913
DE,2050,21,30,ES1 0 coal,4739.393482733913
DE,2050,21,31,ES1 0 coal,4739.393482733913
DE,2050,21,32,ES1 0 coal,4739.393482733913
DE,2050,21,33,ES1 0 coal,2019.3742745657473
DE,2050,21,34,ES1 0 coal,0.0
DE,2050,21,35,ES1 0 coal,0.0
DE,2050,21,36,ES1 0 coal,0.0
DE,2050,21,37,ES1 0 coal,0.0
DE,2050,21,38,ES1 0 coal,0.0
DE,2050,21,39,ES1 0 coal,0.0
DE,2050,21,40,ES1 0 coal,0.0
DE,2050,21,41,ES1 0 coal,0.0
DE,2050,21,42,ES1 0 coal,4739.393482733913
DE,2050,21,43,ES1 0 coal,4739.393482733913
DE,2050,21,44,ES1 0 coal,4739.393482733913
DE,2050,21,45,ES1 0 coal,4739.393482733913
DE,2050,21,46,ES1 0 coal,4739.393482733913
DE,2050,21,47,ES1 0 coal,4739.393482733913
DE,2050,21,48,ES1 0 coal,4739.393482733913
DE,2050,21,49,ES1 0 coal,4739.393482733913
DE,2050,21,50,ES1 0 coal,4739.393482733913
DE,2050,21,51,ES1 0 coal,4739.393482733913
DE,2050,21,52,ES1 0 coal,4739.393482733913
DE,2050,21,53,ES1 0 coal,4739.393482733913
DE,2050,21,54,ES1 0 coal,4739.393482733913
DE,2050,21,55,ES1 0 coal,4739.393482733913
DE,2050,21,56,ES1 0 coal,0.0
DE,2050,21,57,ES1 0 coal,0.0
DE,2050,21,58,ES1 0 coal,0.0
DE,2050,21,59,ES1 0 coal,0.0
DE,2050,21,60,ES1 0 coal,0.0
DE,2050,21,61,ES1 0 coal,0.0
DE,2050,21,62,ES1 0 coal,0.0
DE,2050,21,63,ES1 0 coal,0.0
DE,2050,21,64,ES1 0 coal,0.0
DE,2050,21,65,ES1 0 coal,0.0
DE,2050,21,66,ES1 0 coal,0.0
DE,2050,21,67,ES1 0 coal,0.0
DE,2050,21,68,ES1 0 coal,0.0
DE,2050,21,69,ES1 0 coal,0.0
DE,2050,21,70,ES1 0 coal,0.0
DE,2050,21,71,ES1 0 coal,0.0
DE,2050,21,72,ES1 0 coal,0.0
DE,2050,21,73,ES1 0 coal,0.0
DE,2050,21,74,ES1 0 coal,0.0
DE,2050,21,75,ES1 0 coal,722.9671254908098
DE,2050,21,76,ES1 0 coal,4494.452921866228
DE,2050,21,77,ES1 0 coal,4739.393482733913
DE,2050,21,78,ES1 0 coal,4739.393482733913
DE,2050,21,79,ES1 0 coal,2571.800447122392
DE,2050,21,80,ES1 0 coal,0.0
DE,2050,21,81,ES1 0 coal,0.0
DE,2050,21,82,ES1 0 coal,0.0
DE,2050,21,83,ES1 0 coal,0.0
DE,2050,21,84,ES1 0 coal,0.0
DE,2050,21,85,ES1 0 coal,0.0
DE,2050,21,86,ES1 0 coal,0.0
DE,2050,21,87,ES1 0 coal,0.0
DE,2050,21,88,ES1 0 coal,0.0
DE,2050,21,89,ES1 0 coal,0.0
DE,2050,21,90,ES1 0 coal,0.0
DE,2050,21,91,ES1 0 coal,809.3501394572495
DE,2050,21,92,ES1 0 coal,0.0
DE,2050,21,93,ES1 0 coal,0.0
DE,2050,21,94,ES1 0 coal,4739.393482733913
DE,2050,21,95,ES1 0 coal,2161.638534105665
DE,2050,21,96,ES1 0 coal,1652.7262693788452
DE,2050,21,97,ES1 0 coal,2874.106309389288
DE,2050,21,98,ES1 0 coal,3939.836164469627
DE,2050,21,99,ES1 0 coal,4739.393482733913
DE,2050,21,100,ES1 0 coal,4739.393482733913
DE,2050,21,101,ES1 0 coal,4739.393482733913
DE,2050,21,102,ES1 0 coal,4739.393482733913
DE,2050,21,103,ES1 0 coal,4181.809632100755
DE,2050,21,104,ES1 0 coal,0.0
DE,2050,21,105,ES1 0 coal,0.0
DE,2050,21,106,ES1 0 coal,0.0
DE,2050,21,107,ES1 0 coal,0.0
DE,2050,21,108,ES1 0 coal,0.0
DE,2050,21,109,ES1 0 coal,0.0
DE,2050,21,110,ES1 0 coal,0.0
DE,2050,21,111,ES1 0 coal,0.0
DE,2050,21,112,ES1 0 coal,0.0
DE,2050,21,113,ES1 0 coal,0.0
DE,2050,21,114,ES1 0 coal,659.9306127015866
DE,2050,21,115,ES1 0 coal,4739.393482733913
DE,2050,21,116,ES1 0 coal,4739.393482733913
DE,2050,21,117,ES1 0 coal,4739.393482733913
DE,2050,21,118,ES1 0 coal,4739.393482733913
DE,2050,21,119,ES1 0 coal,4739.393482733913
DE,2050,21,120,ES1 0 coal,4739.393482733913
DE,2050,21,121,ES1 0 coal,4739.393482733913
DE,2050,21,122,ES1 0 coal,4739.393482733913
DE,2050,21,123,ES1 0 coal,4739.393482733913
DE,2050,21,124,ES1 0 coal,4739.393482733913
DE,2050,21,125,ES1 0 coal,4739.393482733913
DE,2050,21,126,ES1 0 coal,4739.393482733913
DE,2050,21,127,ES1 0 coal,0.0
DE,2050,21,128,ES1 0 coal,0.0
DE,2050,21,129,ES1 0 coal,0.0
DE,2050,21,130,ES1 0 coal,0.0
DE,2050,21,131,ES1 0 coal,0.0
DE,2050,21,132,ES1 0 coal,0.0
DE,2050,21,133,ES1 0 coal,0.0
DE,2050,21,134,ES1 0 coal,0.0
DE,2050,21,135,ES1 0 coal,0.0
DE,2050,21,136,ES1 0 coal,0.0
DE,2050,21,137,ES1 0 coal,0.0
DE,2050,21,138,ES1 0 coal,1404.0517463437318
DE,2050,21,139,ES1 0 coal,4739.393482733913
DE,2050,21,140,ES1 0 coal,4739.393482733913
DE,2050,21,141,ES1 0 coal,4739.393482733913
DE,2050,21,142,ES1 0 coal,4739.393482733913
DE,2050,21,143,ES1 0 coal,4739.393482733913
DE,2050,21,144,ES1 0 coal,4739.393482733913
DE,2050,21,145,ES1 0 coal,4739.393482733913
DE,2050,21,146,ES1 0 coal,4739.393482733913
DE,2050,21,147,ES1 0 coal,4739.393482733913
DE,2050,21,148,ES1 0 coal,4739.393482733913
DE,2050,21,149,ES1 0 coal,4739.393482733913
DE,2050,21,150,ES1 0 coal,4739.393482733913
DE,2050,21,151,ES1 0 coal,0.0
DE,2050,21,152,ES1 0 coal,0.0
DE,2050,21,153,ES1 0 coal,0.0
DE,2050,21,154,ES1 0 coal,0.0
DE,2050,21,155,ES1 0 coal,0.0
DE,2050,21,156,ES1 0 coal,0.0
DE,2050,21,157,ES1 0 coal,0.0
DE,2050,21,158,ES1 0 coal,0.0
DE,2050,21,159,ES1 0 coal,0.0
DE,2050,21,160,ES1 0 coal,0.0
DE,2050,21,161,ES1 0 coal,0.0
DE,2050,21,162,ES1 0 coal,538.5415510388466
DE,2050,21,163,ES1 0 coal,4739.393482733913
DE,2050,21,164,ES1 0 coal,4739.393482733913
DE,2050,21,165,ES1 0 coal,4739.393482733913
DE,2050,21,166,ES1 0 coal,4739.393482733913
DE,2050,21,167,ES1 0 coal,4443.028916931206
NT,2025,21,0,ES1 0 offwind-ac,757.0921596710347
NT,2025,21,1,ES1 0 offwind-ac,660.5287807414874
NT,2025,21,2,ES1 0 offwind-ac,557.7083768857575
NT,2025,21,3,ES1 0 offwind-ac,516.6327369359547
NT,2025,21,4,ES1 0 offwind-ac,490.7618048292605
NT,2025,21,5,ES1 0 offwind-ac,434.43250892451556
NT,2025,21,6,ES1 0 offwind-ac,396.83601554748407
NT,2025,21,7,ES1 0 offwind-ac,343.89532545128793
NT,2025,21,8,ES1 0 offwind-ac,386.2120399608837
NT,2025,21,9,ES1 0 offwind-ac,364.344324802449
NT,2025,21,10,ES1 0 offwind-ac,244.3000750109408
NT,2025,21,11,ES1 0 offwind-ac,262.65817824021946
NT,2025,21,12,ES1 0 offwind-ac,361.87396014473535
NT,2025,21,13,ES1 0 offwind-ac,545.7030721539585
NT,2025,21,14,ES1 0 offwind-ac,758.8473058683662
NT,2025,21,15,ES1 0 offwind-ac,859.8435668118691
NT,2025,21,16,ES1 0 offwind-ac,821.6608361924832
NT,2025,21,17,ES1 0 offwind-ac,787.7277711026701
NT,2025,21,18,ES1 0 offwind-ac,783.1366040659857
NT,2025,21,19,ES1 0 offwind-ac,718.0674552627212
NT,2025,21,20,ES1 0 offwind-ac,639.1390998807918
NT,2025,21,21,ES1 0 offwind-ac,553.3934759306663
NT,2025,21,22,ES1 0 offwind-ac,497.49434752331314
NT,2025,21,23,ES1 0 offwind-ac,579.2561703666079
NT,2025,21,24,ES1 0 offwind-ac,700.8112191212349
NT,2025,21,25,ES1 0 offwind-ac,883.5259049375783
NT,2025,21,26,ES1 0 offwind-ac,923.8912750992127
NT,2025,21,27,ES1 0 offwind-ac,862.3977188101339
NT,2025,21,28,ES1 0 offwind-ac,758.1128620592767
NT,2025,21,29,ES1 0 offwind-ac,689.1220528991264
NT,2025,21,30,ES1 0 offwind-ac,777.3293089121778
NT,2025,21,31,ES1 0 offwind-ac,794.442921278015
NT,2025,21,32,ES1 0 offwind-ac,809.8111649793083
NT,2025,21,33,ES1 0 offwind-ac,884.3050260249667
NT,2025,21,34,ES1 0 offwind-ac,802.3648428888054
NT,2025,21,35,ES1 0 offwind-ac,845.5677213247401
NT,2025,21,36,ES1 0 offwind-ac,913.6527079933203
NT,2025,21,37,ES1 0 offwind-ac,1059.4490798376266
NT,2025,21,38,ES1 0 offwind-ac,1280.0410452657632
NT,2025,21,39,ES1 0 offwind-ac,1548.2506225563668
NT,2025,21,40,ES1 0 offwind-ac,1849.5087140829455
NT,2025,21,41,ES1 0 offwind-ac,2030.7097349568173
NT,2025,21,42,ES1 0 offwind-ac,2053.6466776474917
NT,2025,21,43,ES1 0 offwind-ac,1885.30504829253
NT,2025,21,44,ES1 0 offwind-ac,1766.1545499384301
NT,2025,21,45,ES1 0 offwind-ac,1657.8895108048707
NT,2025,21,46,ES1 0 offwind-ac,1619.8262518561264
NT,2025,21,47,ES1 0 offwind-ac,1620.9203923781054
NT,2025,21,48,ES1 0 offwind-ac,1572.4707942246528
NT,2025,21,49,ES1 0 offwind-ac,1573.7359449508856
NT,2025,21,50,ES1 0 offwind-ac,1544.0324033520176
NT,2025,21,51,ES1 0 offwind-ac,1632.03830954729
NT,2025,21,52,ES1 0 offwind-ac,1783.1276558357233
NT,2025,21,53,ES1 0 offwind-ac,1843.7334815674303
NT,2025,21,54,ES1 0 offwind-ac,1871.1225453986592
NT,2025,21,55,ES1 0 offwind-ac,1799.1550328210994
NT,2025,21,56,ES1 0 offwind-ac,1820.2068914756264
NT,2025,21,57,ES1 0 offwind-ac,0.0
NT,2025,21,58,ES1 0 offwind-ac,455.6628285835485
NT,2025,21,59,ES1 0 offwind-ac,1751.5248453490835
NT,2025,21,60,ES1 0 offwind-ac,0.0
NT,2025,21,61,ES1 0 offwind-ac,0.0
NT,2025,21,62,ES1 0 offwind-ac,0.0
NT,2025,21,63,ES1 0 offwind-ac,0.0
NT,2025,21,64,ES1 0 offwind-ac,3252.900145057123
NT,2025,21,65,ES1 0 offwind-ac,3447.8552277584927
NT,2025,21,66,ES1 0 offwind-ac,3461.2421399225896
NT,2025,21,67,ES1 0 offwind-ac,3405.8207581207344
NT,2025,21,68,ES1 0 offwind-ac,0.0
NT,2025,21,69,ES1 0 offwind-ac,0.0
NT,2025,21,70,ES1 0 offwind-ac,2986.185906853793
NT,2025,21,71,ES1 0 offwind-ac,0.0
NT,2025,21,72,ES1 0 offwind-ac,2719.8723511913545
NT,2025,21,73,ES1 0 offwind-ac,2572.9136883980073
NT,2025,21,74,ES1 0 offwind-ac,471.64799277351995
NT,2025,21,75,ES1 0 offwind-ac,2468.082962407447
NT,2025,21,76,ES1 0 offwind-ac,2413.199990379024
NT,2025,21,77,ES1 0 offwind-ac,2379.2355100453415
NT,2025,21,78,ES1 0 offwind-ac,2313.8268577663653
NT,2025,21,79,ES1 0 offwind-ac,2250.9175102663803
NT,2025,21,80,ES1 0 offwind-ac,893.9750625035213
NT,2025,21,81,ES1 0 offwind-ac,2129.126960666574
NT,2025,21,82,ES1 0 offwind-ac,76.2693962240437
NT,2025,21,83,ES1 0 offwind-ac,1568.9199669721313
NT,2025,21,84,ES1 0 offwind-ac,0.0
NT,2025,21,85,ES1 0 offwind-ac,0.0
NT,2025,21,86,ES1 0 offwind-ac,0.0
NT,2025,21,87,ES1 0 offwind-ac,1781.7983275956512
NT,2025,21,88,ES1 0 offwind-ac,0.0
NT,2025,21,89,ES1 0 offwind-ac,3993.230648163753
NT,2025,21,90,ES1 0 offwind-ac,3907.83369296332
NT,2025,21,91,ES1 0 offwind-ac,3697.280608340971
NT,2025,21,92,ES1 0 offwind-ac,1362.766536948444
NT,2025,21,93,ES1 0 offwind-ac,3018.1925472045355
NT,2025,21,94,ES1 0 offwind-ac,2357.2941422826493
NT,2025,21,95,ES1 0 offwind-ac,2195.233919363014
NT,2025,21,96,ES1 0 offwind-ac,2079.243447249893
NT,2025,21,97,ES1 0 offwind-ac,2009.5203474202428
NT,2025,21,98,ES1 0 offwind-ac,2025.7051455471133
NT,2025,21,99,ES1 0 offwind-ac,2091.3413340990205
NT,2025,21,100,ES1 0 offwind-ac,2202.145344170658
NT,2025,21,101,ES1 0 offwind-ac,2315.336372842606
NT,2025,21,102,ES1 0 offwind-ac,2338.0638276339787
NT,2025,21,103,ES1 0 offwind-ac,2326.31019113292
NT,2025,21,104,ES1 0 offwind-ac,2274.8738756817397
NT,2025,21,105,ES1 0 offwind-ac,2093.1501563128904
NT,2025,21,106,ES1 0 offwind-ac,2036.462373885855
NT,2025,21,107,ES1 0 offwind-ac,174.33222978649292
NT,2025,21,108,ES1 0 offwind-ac,0.0
NT,2025,21,109,ES1 0 offwind-ac,2724.123479843899
NT,2025,21,110,ES1 0 offwind-ac,0.0
NT,2025,21,111,ES1 0 offwind-ac,1077.6493495991435
NT,2025,21,112,ES1 0 offwind-ac,3231.7551339757724
NT,2025,21,113,ES1 0 offwind-ac,3103.4759407778806
NT,2025,21,114,ES1 0 offwind-ac,2961.6338925166565
NT,2025,21,115,ES1 0 offwind-ac,2713.957030482227
NT,2025,21,116,ES1 0 offwind-ac,2529.7037375822365
NT,2025,21,117,ES1 0 offwind-ac,2403.673540114855
NT,2025,21,118,ES1 0 offwind-ac,2142.3353549239537
NT,2025,21,119,ES1 0 offwind-ac,2099.6147021107595
NT,2025,21,120,ES1 0 offwind-ac,2041.3572956646333
NT,2025,21,121,ES1 0 offwind-ac,1986.2034398898404
NT,2025,21,122,ES1 0 offwind-ac,1833.1615528455943
NT,2025,21,123,ES1 0 offwind-ac,1651.302758809592
NT,2025,21,124,ES1 0 offwind-ac,1577.894843361753
NT,2025,21,125,ES1 0 offwind-ac,1536.6168579912649
NT,2025,21,126,ES1 0 offwind-ac,1508.897470434692
NT,2025,21,127,ES1 0 offwind-ac,1437.4028373577132
NT,2025,21,128,ES1 0 offwind-ac,0.0
NT,2025,21,129,ES1 0 offwind-ac,1476.723104545529
NT,2025,21,130,ES1 0 offwind-ac,1340.407506674819
NT,2025,21,131,ES1 0 offwind-ac,0.0
NT,2025,21,132,ES1 0 offwind-ac,0.0
NT,2025,21,133,ES1 0 offwind-ac,0.0
NT,2025,21,134,ES1 0 offwind-ac,0.0
NT,2025,21,135,ES1 0 offwind-ac,0.0
NT,2025,21,136,ES1 0 offwind-ac,0.0
NT,2025,21,137,ES1 0 offwind-ac,2010.3243426376403
NT,2025,21,138,ES1 0 offwind-ac,1894.9558742634806
NT,2025,21,139,ES1 0 offwind-ac,1798.032235058492
NT,2025,21,140,ES1 0 offwind-ac,1791.323397556198
NT,2025,21,141,ES1 0 offwind-ac,1718.7180799546104
NT,2025,21,142,ES1 0 offwind-ac,1452.8517887075436
NT,2025,21,143,ES1 0 offwind-ac,1470.3120429487765
NT,2025,21,144,ES1 0 offwind-ac,1389.935269659917
NT,2025,21,145,ES1 0 offwind-ac,1229.4018744601638
NT,2025,21,146,ES1 0 offwind-ac,1124.4942683872198
NT,2025,21,147,ES1 0 offwind-ac,1156.358152770187
NT,2025,21,148,ES1 0 offwind-ac,1158.9256234794045
NT,2025,21,149,ES1 0 offwind-ac,1066.607828506523
NT,2025,21,150,ES1 0 offwind-ac,940.0531273865795
NT,2025,21,151,ES1 0 offwind-ac,894.4434912746344
NT,2025,21,152,ES1 0 offwind-ac,1053.8581005173949
NT,2025,21,153,ES1 0 offwind-ac,0.0
NT,2025,21,154,ES1 0 offwind-ac,0.0
NT,2025,21,155,ES1 0 offwind-ac,70.38858561795041
NT,2025,21,156,ES1 0 offwind-ac,0.0
NT,2025,21,157,ES1 0 offwind-ac,0.0
NT,2025,21,158,ES1 0 offwind-ac,0.0
NT,2025,21,159,ES1 0 offwind-ac,0.0
NT,2025,21,160,ES1 0 offwind-ac,851.5279297223842
NT,2025,21,161,ES1 0 offwind-ac,0.0
NT,2025,21,162,ES1 0 offwind-ac,1795.8372715066178
NT,2025,21,163,ES1 0 offwind-ac,1512.5697530028604
NT,2025,21,164,ES1 0 offwind-ac,1289.6490814658457
NT,2025,21,165,ES1 0 offwind-ac,1118.5653132043028
NT,2025,21,166,ES1 0 offwind-ac,775.0508265944579
NT,2025,21,167,ES1 0 offwind-ac,689.5903133190186
NT,2030,21,0,ES1 0 offwind-ac,757.0921596710347
NT,2030,21,1,ES1 0 offwind-ac,660.5287807414874
NT,2030,21,2,ES1 0 offwind-ac,557.7083768857575
NT,2030,21,3,ES1 0 offwind-ac,516.6327369359547
NT,2030,21,4,ES1 0 offwind-ac,490.7618048292605
NT,2030,21,5,ES1 0 offwind-ac,434.43250892451556
NT,2030,21,6,ES1 0 offwind-ac,396.83601554748407
NT,2030,21,7,ES1 0 offwind-ac,343.89532545128793
NT,2030,21,8,ES1 0 offwind-ac,386.2120399608837
NT,2030,21,9,ES1 0 offwind-ac,364.344324802449
NT,2030,21,10,ES1 0 offwind-ac,244.3000750109408
NT,2030,21,11,ES1 0 offwind-ac,262.65817824021946
NT,2030,21,12,ES1 0 offwind-ac,361.87396014473535
NT,2030,21,13,ES1 0 offwind-ac,545.7030721539585
NT,2030,21,14,ES1 0 offwind-ac,758.8473058683662
NT,2030,21,15,ES1 0 offwind-ac,859.8435668118691
NT,2030,21,16,ES1 0 offwind-ac,821.6608361924832
NT,2030,21,17,ES1 0 offwind-ac,787.7277711026701
NT,2030,21,18,ES1 0 offwind-ac,783.1366040659857
NT,2030,21,19,ES1 0 offwind-ac,718.0674552627212
NT,2030,21,20,ES1 0 offwind-ac,639.1390998807918
NT,2030,21,21,ES1 0 offwind-ac,553.3934759306663
NT,2030,21,22,ES1 0 offwind-ac,497.49434752331314
NT,2030,21,23,ES1 0 offwind-ac,579.2561703666079
NT,2030,21,24,ES1 0 offwind-ac,700.8112191212349
NT,2030,21,25,ES1 0 offwind-ac,883.5259049375783
NT,2030,21,26,ES1 0 offwind-ac,923.8912750992127
NT,2030,21,27,ES1 0 offwind-ac,862.3977188101339
NT,2030,21,28,ES1 0 offwind-ac,758.1128620592767
NT,2030,21,29,ES1 0 offwind-ac,689.1220528991264
NT,2030,21,30,ES1 0 offwind-ac,777.3293089121778
NT,2030,21,31,ES1 0 offwind-ac,794.442921278015
NT,2030,21,32,ES1 0 offwind-ac,809.8111649793083
NT,2030,21,33,ES1 0 offwind-ac,884.3050260249667
NT,2030,21,34,ES1 0 offwind-ac,802.3648428888054
NT,2030,21,35,ES1 0 offwind-ac,845.5677213247401
NT,2030,21,36,ES1 0 offwind-ac,0.0
NT,2030,21,37,ES1 0 offwind-ac,0.0
NT,2030,21,38,ES1 0 offwind-ac,159.79619088120035
NT,2030,21,39,ES1 0 offwind-ac,0.0
NT,2030,21,40,ES1 0 offwind-ac,0.0
NT,2030,21,41,ES1 0 offwind-ac,0.0
NT,2030,21,42,ES1 0 offwind-ac,87.00386370268825
NT,2030,21,43,ES1 0 offwind-ac,1885.30504829253
NT,2030,21,44,ES1 0 offwind-ac,1766.1545499384301
NT,2030,21,45,ES1 0 offwind-ac,1657.8895108048707
NT,2030,21,46,ES1 0 offwind-ac,1619.8262518561264
NT,2030,21,47,ES1 0 offwind-ac,1620.9203923781054
NT,2030,21,48,ES1 0 offwind-ac,1572.4707942246528
NT,2030,21,49,ES1 0 offwind-ac,1573.7359449508856
NT,2030,21,50,ES1 0 offwind-ac,1544.0324033520176
NT,2030,21,51,ES1 0 offwind-ac,1632.03830954729
NT,2030,21,52,ES1 0 offwind-ac,1783.1276558357233
NT,2030,21,53,ES1 0 offwind-ac,1843.7334815674303
NT,2030,21,54,ES1 0 offwind-ac,1871.1225453986592
NT,2030,21,55,ES1 0 offwind-ac,1799.1550328210994
NT,2030,21,56,ES1 0 offwind-ac,0.0
NT,2030,21,57,ES1 0 offwind-ac,0.0
NT,2030,21,58,ES1 0 offwind-ac,0.0
NT,2030,21,59,ES1 0 offwind-ac,0.0
NT,2030,21,60,ES1 0 offwind-ac,0.0
NT,2030,21,61,ES1 0 offwind-ac,0.0
NT,2030,21,62,ES1 0 offwind-ac,0.0
NT,2030,21,63,ES1 0 offwind-ac,0.0
NT,2030,21,64,ES1 0 offwind-ac,0.0
NT,2030,21,65,ES1 0 offwind-ac,0.0
NT,2030,21,66,ES1 0 offwind-ac,3461.2421399225896
NT,2030,21,67,ES1 0 offwind-ac,3405.8207581207344
NT,2030,21,68,ES1 0 offwind-ac,3349.4208293029365
NT,2030,21,69,ES1 0 offwind-ac,3207.4149360192614
NT,2030,21,70,ES1 0 offwind-ac,2986.185906853793
NT,2030,21,71,ES1 0 offwind-ac,0.0
NT,2030,21,72,ES1 0 offwind-ac,429.73519101947386
NT,2030,21,73,ES1 0 offwind-ac,2572.9136883980073
NT,2030,21,74,ES1 0 offwind-ac,0.0
NT,2030,21,75,ES1 0 offwind-ac,2468.082962407447
NT,2030,21,76,ES1 0 offwind-ac,2413.199990379024
NT,2030,21,77,ES1 0 offwind-ac,2379.2355100453415
NT,2030,21,78,ES1 0 offwind-ac,2313.8268577663653
NT,2030,21,79,ES1 0 offwind-ac,2250.9175102663803
NT,2030,21,80,ES1 0 offwind-ac,2182.1664155908265
NT,2030,21,81,ES1 0 offwind-ac,117.12664309354204
NT,2030,21,82,ES1 0 offwind-ac,0.0
NT,2030,21,83,ES1 0 offwind-ac,0.0
NT,2030,21,84,ES1 0 offwind-ac,0.0
NT,2030,21,85,ES1 0 offwind-ac,0.0
NT,2030,21,86,ES1 0 offwind-ac,0.0
NT,2030,21,87,ES1 0 offwind-ac,0.0
NT,2030,21,88,ES1 0 offwind-ac,4.7091721646429505
NT,2030,21,89,ES1 0 offwind-ac,0.0
NT,2030,21,90,ES1 0 offwind-ac,3907.83369296332
NT,2030,21,91,ES1 0 offwind-ac,3697.280608340971
NT,2030,21,92,ES1 0 offwind-ac,3444.149031228906
NT,2030,21,93,ES1 0 offwind-ac,3018.1925472045355
NT,2030,21,94,ES1 0 offwind-ac,553.0735620152936
NT,2030,21,95,ES1 0 offwind-ac,2195.233919363014
NT,2030,21,96,ES1 0 offwind-ac,0.0
NT,2030,21,97,ES1 0 offwind-ac,2009.5203474202428
NT,2030,21,98,ES1 0 offwind-ac,2025.7051455471133
NT,2030,21,99,ES1 0 offwind-ac,2091.3413340990205
NT,2030,21,100,ES1 0 offwind-ac,2202.145344170658
NT,2030,21,101,ES1 0 offwind-ac,2315.336372842606
NT,2030,21,102,ES1 0 offwind-ac,2338.0638276339787
NT,2030,21,103,ES1 0 offwind-ac,2326.31019113292
NT,2030,21,104,ES1 0 offwind-ac,1933.0528584381518
NT,2030,21,105,ES1 0 offwind-ac,0.0
NT,2030,21,106,ES1 0 offwind-ac,0.0
NT,2030,21,107,ES1 0 offwind-ac,0.0
NT,2030,21,108,ES1 0 offwind-ac,0.0
NT,2030,21,109,ES1 0 offwind-ac,0.0
NT,2030,21,110,ES1 0 offwind-ac,0.0
NT,2030,21,111,ES1 0 offwind-ac,0.0
NT,2030,21,112,ES1 0 offwind-ac,0.0
NT,2030,21,113,ES1 0 offwind-ac,1452.426976546687
NT,2030,21,114,ES1 0 offwind-ac,2961.6338925166565
NT,2030,21,115,ES1 0 offwind-ac,2713.957030482227
NT,2030,21,116,ES1 0 offwind-ac,2529.7037375822365
NT,2030,21,117,ES1 0 offwind-ac,349.5145079758113
NT,2030,21,118,ES1 0 offwind-ac,2142.3353549239537
NT,2030,21,119,ES1 0 offwind-ac,2099.6147021107595
NT,2030,21,120,ES1 0 offwind-ac,2041.3572956646333
NT,2030,21,121,ES1 0 offwind-ac,1986.2034398898404
NT,2030,21,122,ES1 0 offwind-ac,1833.1615528455943
NT,2030,21,123,ES1 0 offwind-ac,1651.302758809592
NT,2030,21,124,ES1 0 offwind-ac,1577.894843361753
NT,2030,21,125,ES1 0 offwind-ac,1536.6168579912649
NT,2030,21,126,ES1 0 offwind-ac,1508.897470434692
NT,2030,21,127,ES1 0 offwind-ac,1437.4028373577132
NT,2030,21,128,ES1 0 offwind-ac,0.0
NT,2030,21,129,ES1 0 offwind-ac,0.0
NT,2030,21,130,ES1 0 offwind-ac,0.0
NT,2030,21,131,ES1 0 offwind-ac,0.0
NT,2030,21,132,ES1 0 offwind-ac,0.0
NT,2030,21,133,ES1 0 offwind-ac,0.0
NT,2030,21,134,ES1 0 offwind-ac,0.0
NT,2030,21,135,ES1 0 offwind-ac,0.0
NT,2030,21,136,ES1 0 offwind-ac,0.0
NT,2030,21,137,ES1 0 offwind-ac,0.0
NT,2030,21,138,ES1 0 offwind-ac,0.0
NT,2030,21,139,ES1 0 offwind-ac,1798.032235058492
NT,2030,21,140,ES1 0 offwind-ac,1791.323397556198
NT,2030,21,141,ES1 0 offwind-ac,1718.7180799546104
NT,2030,21,142,ES1 0 offwind-ac,1452.8517887075436
NT,2030,21,143,ES1 0 offwind-ac,1470.3120429487765
NT,2030,21,144,ES1 0 offwind-ac,1389.935269659917
NT,2030,21,145,ES1 0 offwind-ac,1229.4018744601638
NT,2030,21,146,ES1 0 offwind-ac,1124.4942683872198
NT,2030,21,147,ES1 0 offwind-ac,1156.358152770187
NT,2030,21,148,ES1 0 offwind-ac,1158.9256234794045
NT,2030,21,149,ES1 0 offwind-ac,1066.607828506523
NT,2030,21,150,ES1 0 offwind-ac,940.0531273865795
NT,2030,21,151,ES1 0 offwind-ac,482.09074824718664
NT,2030,21,152,ES1 0 offwind-ac,0.0
NT,2030,21,153,ES1 0 offwind-ac,0.0
NT,2030,21,154,ES1 0 offwind-ac,0.0
NT,2030,21,155,ES1 0 offwind-ac,0.0
NT,2030,21,156,ES1 0 offwind-ac,0.0
NT,2030,21,157,ES1 0 offwind-ac,0.0
NT,2030,21,158,ES1 0 offwind-ac,0.0
NT,2030,21,159,ES1 0 offwind-ac,0.0
NT,2030,21,160,ES1 0 offwind-ac,0.0
NT,2030,21,161,ES1 0 offwind-ac,0.0
NT,2030,21,162,ES1 0 offwind-ac,1795.8372715066178
NT,2030,21,163,ES1 0 offwind-ac,1512.5697530028604
NT,2030,21,164,ES1 0 offwind-ac,1289.6490814658457
NT,2030,21,165,ES1 0 offwind-ac,1118.5653132043028
NT,2030,21,166,ES1 0 offwind-ac,775.0508265944579
NT,2030,21,167,ES1 0 offwind-ac,168.84989745881194
DE,2040,21,0,ES1 0 offwind-ac,757.0921596710347
DE,2040,21,1,ES1 0 offwind-ac,660.5287807414874
DE,2040,21,2,ES1 0 offwind-ac,557.7083768857575
DE,2040,21,3,ES1 0 offwind-ac,516.6327369359547
DE,2040,21,4,ES1 0 offwind-ac,490.7618048292605
DE,2040,21,5,ES1 0 offwind-ac,434.43250892451556
DE,2040,21,6,ES1 0 offwind-ac,396.83601554748407
DE,2040,21,7,ES1 0 offwind-ac,343.89532545128793
DE,2040,21,8,ES1 0 offwind-ac,386.2120399608837
DE,2040,21,9,ES1 0 offwind-ac,364.344324802449
DE,2040,21,10,ES1 0 offwind-ac,244.3000750109408
DE,2040,21,11,ES1 0 offwind-ac,262.65817824021946
DE,2040,21,12,ES1 0 offwind-ac,361.87396014473535
DE,2040,21,13,ES1 0 offwind-ac,545.7030721539585
DE,2040,21,14,ES1 0 offwind-ac,758.8473058683662
DE,2040,21,15,ES1 0 offwind-ac,60.38988087162488
DE,2040,21,16,ES1 0 offwind-ac,821.6608361924832
DE,2040,21,17,ES1 0 offwind-ac,787.7277711026701
DE,2040,21,18,ES1 0 offwind-ac,783.1366040659857
DE,2040,21,19,ES1 0 offwind-ac,718.0674552627212
DE,2040,21,20,ES1 0 offwind-ac,639.1390998807918
DE,2040,21,21,ES1 0 offwind-ac,553.3934759306663
DE,2040,21,22,ES1 0 offwind-ac,497.49434752331314
DE,2040,21,23,ES1 0 offwind-ac,579.2561703666079
DE,2040,21,24,ES1 0 offwind-ac,700.8112191212349
DE,2040,21,25,ES1 0 offwind-ac,883.5259049375783
DE,2040,21,26,ES1 0 offwind-ac,923.8912750992127
DE,2040,21,27,ES1 0 offwind-ac,862.3977188101339
DE,2040,21,28,ES1 0 offwind-ac,758.1128620592767
DE,2040,21,29,ES1 0 offwind-ac,689.1220528991264
DE,2040,21,30,ES1 0 offwind-ac,777.3293089121778
DE,2040,21,31,ES1 0 offwind-ac,794.442921278015
DE,2040,21,32,ES1 0 offwind-ac,809.8111649793083
DE,2040,21,33,ES1 0 offwind-ac,884.3050260249667
DE,2040,21,34,ES1 0 offwind-ac,802.3648428888054
DE,2040,21,35,ES1 0 offwind-ac,0.0
DE,2040,21,36,ES1 0 offwind-ac,0.0
DE,2040,21,37,ES1 0 offwind-ac,0.0
DE,2040,21,38,ES1 0 offwind-ac,0.0
DE,2040,21,39,ES1 0 offwind-ac,1537.5115710076388
DE,2040,21,40,ES1 0 offwind-ac,0.0
DE,2040,21,41,ES1 0 offwind-ac,2030.7097349568173
DE,2040,21,42,ES1 0 offwind-ac,2053.6466776474917
DE,2040,21,43,ES1 0 offwind-ac,1885.30504829253
DE,2040,21,44,ES1 0 offwind-ac,1766.1545499384301
DE,2040,21,45,ES1 0 offwind-ac,1657.8895108048707
DE,2040,21,46,ES1 0 offwind-ac,1619.8262518561264
DE,2040,21,47,ES1 0 offwind-ac,1620.9203923781054
DE,2040,21,48,ES1 0 offwind-ac,1572.4707942246528
DE,2040,21,49,ES1 0 offwind-ac,1573.7359449508856
DE,2040,21,50,ES1 0 offwind-ac,1544.0324033520176
DE,2040,21,51,ES1 0 offwind-ac,1632.03830954729
DE,2040,21,52,ES1 0 offwind-ac,1783.1276558357233
DE,2040,21,53,ES1 0 offwind-ac,1843.7334815674303
DE,2040,21,54,ES1 0 offwind-ac,1871.1225453986592
DE,2040,21,55,ES1 0 offwind-ac,1799.1550328210994
DE,2040,21,56,ES1 0 offwind-ac,1820.2068914756264
DE,2040,21,57,ES1 0 offwind-ac,410.2812057210257
DE,2040,21,58,ES1 0 offwind-ac,0.0
DE,2040,21,59,ES1 0 offwind-ac,0.0
DE,2040,21,60,ES1 0 offwind-ac,0.0
DE,2040,21,61,ES1 0 offwind-ac,0.0
DE,2040,21,62,ES1 0 offwind-ac,0.0
DE,2040,21,63,ES1 0 offwind-ac,0.0
DE,2040,21,64,ES1 0 offwind-ac,0.0
DE,2040,21,65,ES1 0 offwind-ac,2375.8983798506433
DE,2040,21,66,ES1 0 offwind-ac,3461.2421399225896
DE,2040,21,67,ES1 0 offwind-ac,3405.8207581207344
DE,2040,21,68,ES1 0 offwind-ac,248.53927655444204
DE,2040,21,69,ES1 0 offwind-ac,0.0
DE,2040,21,70,ES1 0 offwind-ac,0.0
DE,2040,21,71,ES1 0 offwind-ac,0.0
DE,2040,21,72,ES1 0 offwind-ac,470.6165215557612
DE,2040,21,73,ES1 0 offwind-ac,2572.9136883980073
DE,2040,21,74,ES1 0 offwind-ac,2502.564925894155
DE,2040,21,75,ES1 0 offwind-ac,2468.082962407447
DE,2040,21,76,ES1 0 offwind-ac,2413.199990379024
DE,2040,21,77,ES1 0 offwind-ac,2379.2355100453415
DE,2040,21,78,ES1 0 offwind-ac,2313.8268577663653
DE,2040,21,79,ES1 0 offwind-ac,2250.9175102663803
DE,2040,21,80,ES1 0 offwind-ac,2091.4795516546415
DE,2040,21,81,ES1 0 offwind-ac,0.0
DE,2040,21,82,ES1 0 offwind-ac,0.0
DE,2040,21,83,ES1 0 offwind-ac,0.0
DE,2040,21,84,ES1 0 offwind-ac,0.0
DE,2040,21,85,ES1 0 offwind-ac,0.0
DE,2040,21,86,ES1 0 offwind-ac,0.0
DE,2040,21,87,ES1 0 offwind-ac,0.0
DE,2040,21,88,ES1 0 offwind-ac,0.0
DE,2040,21,89,ES1 0 offwind-ac,3642.3806130319354
DE,2040,21,90,ES1 0 offwind-ac,3907.83369296332
DE,2040,21,91,ES1 0 offwind-ac,3697.280608340971
DE,2040,21,92,ES1 0 offwind-ac,3444.149031228906
DE,2040,21,93,ES1 0 offwind-ac,3018.1925472045355
DE,2040,21,94,ES1 0 offwind-ac,2357.2941422826493
DE,2040,21,95,ES1 0 offwind-ac,2195.233919363014
DE,2040,21,96,ES1 0 offwind-ac,2079.243447249893
DE,2040,21,97,ES1 0 offwind-ac,2009.5203474202428
DE,2040,21,98,ES1 0 offwind-ac,2025.7051455471133
DE,2040,21,99,ES1 0 offwind-ac,2091.3413340990205
DE,2040,21,100,ES1 0 offwind-ac,2202.145344170658
DE,2040,21,101,ES1 0 offwind-ac,2315.336372842606
DE,2040,21,102,ES1 0 offwind-ac,2338.0638276339787
DE,2040,21,103,ES1 0 offwind-ac,2326.31019113292
DE,2040,21,104,ES1 0 offwind-ac,807.6877092647183
DE,2040,21,105,ES1 0 offwind-ac,0.0
DE,2040,21,106,ES1 0 offwind-ac,0.0
DE,2040,21,107,ES1 0 offwind-ac,0.0
DE,2040,21,108,ES1 0 offwind-ac,0.0
DE,2040,21,109,ES1 0 offwind-ac,0.0
DE,2040,21,110,ES1 0 offwind-ac,0.0
DE,2040,21,111,ES1 0 offwind-ac,0.0
DE,2040,21,112,ES1 0 offwind-ac,0.0
DE,2040,21,113,ES1 0 offwind-ac,3103.4759407778806
DE,2040,21,114,ES1 0 offwind-ac,2961.6338925166565
DE,2040,21,115,ES1 0 offwind-ac,2713.957030482227
DE,2040,21,116,ES1 0 offwind-ac,2529.7037375822365
DE,2040,21,117,ES1 0 offwind-ac,2403.673540114855
DE,2040,21,118,ES1 0 offwind-ac,2142.3353549239537
DE,2040,21,119,ES1 0 offwind-ac,2099.6147021107595
DE,2040,21,120,ES1 0 offwind-ac,2041.3572956646333
DE,2040,21,121,ES1 0 offwind-ac,1986.2034398898404
DE,2040,21,122,ES1 0 offwind-ac,1833.1615528455943
DE,2040,21,123,ES1 0 offwind-ac,1651.302758809592
DE,2040,21,124,ES1 0 offwind-ac,1577.894843361753
DE,2040,21,125,ES1 0 offwind-ac,1536.6168579912649
DE,2040,21,126,ES1 0 offwind-ac,1508.897470434692
DE,2040,21,127,ES1 0 offwind-ac,1437.4028373577132
DE,2040,21,128,ES1 0 offwind-ac,1217.5627443344497
DE,2040,21,129,ES1 0 offwind-ac,0.0
DE,2040,21,130,ES1 0 offwind-ac,0.0
DE,2040,21,131,ES1 0 offwind-ac,0.0
DE,2040,21,132,ES1 0 offwind-ac,0.0
DE,2040,21,133,ES1 0 offwind-ac,0.0
DE,2040,21,134,ES1 0 offwind-ac,0.0
DE,2040,21,135,ES1 0 offwind-ac,0.0
DE,2040,21,136,ES1 0 offwind-ac,0.0
DE,2040,21,137,ES1 0 offwind-ac,392.35122984163354
DE,2040,21,138,ES1 0 offwind-ac,1894.9558742634806
DE,2040,21,139,ES1 0 offwind-ac,1798.032235058492
DE,2040,21,140,ES1 0 offwind-ac,1791.323397556198
DE,2040,21,141,ES1 0 offwind-ac,1718.7180799546104
DE,2040,21,142,ES1 0 offwind-ac,1452.8517887075436
DE,2040,21,143,ES1 0 offwind-ac,1470.3120429487765
DE,2040,21,144,ES1 0 offwind-ac,1389.935269659917
DE,2040,21,145,ES1 0 offwind-ac,1229.4018744601638
DE,2040,21,146,ES1 0 offwind-ac,1124.4942683872198
DE,2040,21,147,ES1 0 offwind-ac,1156.358152770187
DE,2040,21,148,ES1 0 offwind-ac,1158.9256234794045
DE,2040,21,149,ES1 0 offwind-ac,1066.607828506523
DE,2040,21,150,ES1 0 offwind-ac,940.0531273865795
DE,2040,21,151,ES1 0 offwind-ac,522.8264834154252
DE,2040,21,152,ES1 0 offwind-ac,0.0
DE,2040,21,153,ES1 0 offwind-ac,0.0
DE,2040,21,154,ES1 0 offwind-ac,0.0
DE,2040,21,155,ES1 0 offwind-ac,0.0
DE,2040,21,156,ES1 0 offwind-ac,0.0
DE,2040,21,157,ES1 0 offwind-ac,0.0
DE,2040,21,158,ES1 0 offwind-ac,0.0
DE,2040,21,159,ES1 0 offwind-ac,0.0
DE,2040,21,160,ES1 0 offwind-ac,0.0
DE,2040,21,161,ES1 0 offwind-ac,0.0
DE,2040,21,162,ES1 0 offwind-ac,1795.8372715066178
DE,2040,21,163,ES1 0 offwind-ac,1512.5697530028604
DE,2040,21,164,ES1 0 offwind-ac,1289.6490814658457
DE,2040,21,165,ES1 0 offwind-ac,1118.5653132043028
DE,2040,21,166,ES1 0 offwind-ac,775.0508265944579
DE,2040,21,167,ES1 0 offwind-ac,689.5903133190186
DE,2050,21,0,ES1 0 offwind-ac,757.0921596710347
DE,2050,21,1,ES1 0 offwind-ac,660.5287807414874
DE,2050,21,2,ES1 0 offwind-ac,557.7083768857575
DE,2050,21,3,ES1 0 offwind-ac,516.6327369359547
DE,2050,21,4,ES1 0 offwind-ac,490.7618048292605
DE,2050,21,5,ES1 0 offwind-ac,434.43250892451556
DE,2050,21,6,ES1 0 offwind-ac,396.83601554748407
DE,2050,21,7,ES1 0 offwind-ac,343.89532545128793
DE,2050,21,8,ES1 0 offwind-ac,386.2120399608837
DE,2050,21,9,ES1 0 offwind-ac,364.344324802449
DE,2050,21,10,ES1 0 offwind-ac,244.3000750109408
DE,2050,21,11,ES1 0 offwind-ac,262.65817824021946
DE,2050,21,12,ES1 0 offwind-ac,361.87396014473535
DE,2050,21,13,ES1 0 offwind-ac,545.7030721539585
DE,2050,21,14,ES1 0 offwind-ac,758.8473058683662
DE,2050,21,15,ES1 0 offwind-ac,859.8435668118691
DE,2050,21,16,ES1 0 offwind-ac,821.6608361924832
DE,2050,21,17,ES1 0 offwind-ac,787.7277711026701
DE,2050,21,18,ES1 0 offwind-ac,783.1366040659857
DE,2050,21,19,ES1 0 offwind-ac,718.0674552627212
DE,2050,21,20,ES1 0 offwind-ac,639.1390998807918
DE,2050,21,21,ES1 0 offwind-ac,553.3934759306663
DE,2050,21,22,ES1 0 offwind-ac,497.49434752331314
DE,2050,21,23,ES1 0 offwind-ac,579.2561703666079
DE,2050,21,24,ES1 0 offwind-ac,700.8112191212349
DE,2050,21,25,ES1 0 offwind-ac,883.5259049375783
DE,2050,21,26,ES1 0 offwind-ac,923.8912750992127
DE,2050,21,27,ES1 0 offwind-ac,862.3977188101339
DE,2050,21,28,ES1 0 offwind-ac,758.1128620592767
DE,2050,21,29,ES1 0 offwind-ac,689.1220528991264
DE,2050,21,30,ES1 0 offwind-ac,777.3293089121778
DE,2050,21,31,ES1 0 offwind-ac,794.442921278015
DE,2050,21,32,ES1 0 offwind-ac,809.8111649793083
DE,2050,21,33,ES1 0 offwind-ac,884.3050260249667
DE,2050,21,34,ES1 0 offwind-ac,802.3648428888054
DE,2050,21,35,ES1 0 offwind-ac,845.5677213247401
DE,2050,21,36,ES1 0 offwind-ac,0.0
DE,2050,21,37,ES1 0 offwind-ac,1059.4490798376266
DE,2050,21,38,ES1 0 offwind-ac,0.0
DE,2050,21,39,ES1 0 offwind-ac,0.0
DE,2050,21,40,ES1 0 offwind-ac,0.0
DE,2050,21,41,ES1 0 offwind-ac,1717.8074201073032
DE,2050,21,42,ES1 0 offwind-ac,2053.6466776474917
DE,2050,21,43,ES1 0 offwind-ac,1885.30504829253
DE,2050,21,44,ES1 0 offwind-ac,1766.1545499384301
DE,2050,21,45,ES1 0 offwind-ac,1657.8895108048707
DE,2050,21,46,ES1 0 offwind-ac,1619.8262518561264
DE,2050,21,47,ES1 0 offwind-ac,1620.9203923781054
DE,2050,21,48,ES1 0 offwind-ac,1572.4707942246528
DE,2050,21,49,ES1 0 offwind-ac,1573.7359449508856
DE,2050,21,50,ES1 0 offwind-ac,1544.0324033520176
DE,2050,21,51,ES1 0 offwind-ac,1632.03830954729
DE,2050,21,52,ES1 0 offwind-ac,1783.1276558357233
DE,2050,21,53,ES1 0 offwind-ac,1843.7334815674303
DE,2050,21,54,ES1 0 offwind-ac,1871.1225453986592
DE,2050,21,55,ES1 0 offwind-ac,1799.1550328210994
DE,2050,21,56,ES1 0 offwind-ac,1820.2068914756264
DE,2050,21,57,ES1 0 offwind-ac,0.0
DE,2050,21,58,ES1 0 offwind-ac,0.0
DE,2050,21,59,ES1 0 offwind-ac,0.0
DE,2050,21,60,ES1 0 offwind-ac,0.0
DE,2050,21,61,ES1 0 offwind-ac,0.0
DE,2050,21,62,ES1 0 offwind-ac,0.0
DE,2050,21,63,ES1 0 offwind-ac,0.0
DE,2050,21,64,ES1 0 offwind-ac,0.0
DE,2050,21,65,ES1 0 offwind-ac,3447.8552277584927
DE,2050,21,66,ES1 0 offwind-ac,0.0
DE,2050,21,67,ES1 0 offwind-ac,3405.8207581207344
DE,2050,21,68,ES1 0 offwind-ac,3349.4208293029365
DE,2050,21,69,ES1 0 offwind-ac,3207.4149360192614
DE,2050,21,70,ES1 0 offwind-ac,2986.185906853793
DE,2050,21,71,ES1 0 offwind-ac,2794.0779571658645
DE,2050,21,72,ES1 0 offwind-ac,2719.8723511913545
DE,2050,21,73,ES1 0 offwind-ac,2572.9136883980073
DE,2050,21,74,ES1 0 offwind-ac,2502.564925894155
DE,2050,21,75,ES1 0 offwind-ac,2468.082962407447
DE,2050,21,76,ES1 0 offwind-ac,2413.199990379024
DE,2050,21,77,ES1 0 offwind-ac,2379.2355100453415
DE,2050,21,78,ES1 0 offwind-ac,2313.8268577663653
DE,2050,21,79,ES1 0 offwind-ac,2250.9175102663803
DE,2050,21,80,ES1 0 offwind-ac,2182.1664155908265
DE,2050,21,81,ES1 0 offwind-ac,0.0
DE,2050,21,82,ES1 0 offwind-ac,0.0
DE,2050,21,83,ES1 0 offwind-ac,0.0
DE,2050,21,84,ES1 0 offwind-ac,0.0
DE,2050,21,85,ES1 0 offwind-ac,0.0
DE,2050,21,86,ES1 0 offwind-ac,0.0
DE,2050,21,87,ES1 0 offwind-ac,0.0
DE,2050,21,88,ES1 0 offwind-ac,3442.2432498788876
DE,2050,21,89,ES1 0 offwind-ac,3993.230648163753
DE,2050,21,90,ES1 0 offwind-ac,1261.955102168291
DE,2050,21,91,ES1 0 offwind-ac,3697.280608340971
DE,2050,21,92,ES1 0 offwind-ac,3444.149031228906
DE,2050,21,93,ES1 0 offwind-ac,3018.1925472045355
DE,2050,21,94,ES1 0 offwind-ac,2357.2941422826493
DE,2050,21,95,ES1 0 offwind-ac,2195.233919363014
DE,2050,21,96,ES1 0 offwind-ac,2079.243447249893
DE,2050,21,97,ES1 0 offwind-ac,2009.5203474202428
DE,2050,21,98,ES1 0 offwind-ac,2025.7051455471133
DE,2050,21,99,ES1 0 offwind-ac,2091.3413340990205
DE,2050,21,100,ES1 0 offwind-ac,2202.145344170658
DE,2050,21,101,ES1 0 offwind-ac,2315.336372842606
DE,2050,21,102,ES1 0 offwind-ac,2338.0638276339787
DE,2050,21,103,ES1 0 offwind-ac,2326.31019113292
DE,2050,21,104,ES1 0 offwind-ac,0.0
DE,2050,21,105,ES1 0 offwind-ac,0.0
DE,2050,21,106,ES1 0 offwind-ac,0.0
DE,2050,21,107,ES1 0 offwind-ac,0.0
DE,2050,21,108,ES1 0 offwind-ac,0.0
DE,2050,21,109,ES1 0 offwind-ac,0.0
DE,2050,21,110,ES1 0 offwind-ac,0.0
DE,2050,21,111,ES1 0 offwind-ac,0.0
DE,2050,21,112,ES1 0 offwind-ac,0.0
DE,2050,21,113,ES1 0 offwind-ac,3103.4759407778806
DE,2050,21,114,ES1 0 offwind-ac,2961.6338925166565
DE,2050,21,115,ES1 0 offwind-ac,2713.957030482227
DE,2050,21,116,ES1 0 offwind-ac,2529.7037375822365
DE,2050,21,117,ES1 0 offwind-ac,2403.673540114855
DE,2050,21,118,ES1 0 offwind-ac,2142.3353549239537
DE,2050,21,119,ES1 0 offwind-ac,2099.6147021107595
DE,2050,21,120,ES1 0 offwind-ac,2041.3572956646333
DE,2050,21,121,ES1 0 offwind-ac,1986.2034398898404
DE,2050,21,122,ES1 0 offwind-ac,1833.1615528455943
DE,2050,21,123,ES1 0 offwind-ac,1651.302758809592
DE,2050,21,124,ES1 0 offwind-ac,1577.894843361753
DE,2050,21,125,ES1 0 offwind-ac,1536.6168579912649
DE,2050,21,126,ES1 0 offwind-ac,1508.897470434692
DE,2050,21,127,ES1 0 offwind-ac,1437.4028373577132
DE,2050,21,128,ES1 0 offwind-ac,0.0
DE,2050,21,129,ES1 0 offwind-ac,0.0
DE,2050,21,130,ES1 0 offwind-ac,0.0
DE,2050,21,131,ES1 0 offwind-ac,0.0
DE,2050,21,132,ES1 0 offwind-ac,0.0
DE,2050,21,133,ES1 0 offwind-ac,0.0
DE,2050,21,134,ES1 0 offwind-ac,0.0
DE,2050,21,135,ES1 0 offwind-ac,0.0
DE,2050,21,136,ES1 0 offwind-ac,0.0
DE,2050,21,137,ES1 0 offwind-ac,0.0
DE,2050,21,138,ES1 0 offwind-ac,1894.9558742634806
DE,2050,21,139,ES1 0 offwind-ac,1798.032235058492
DE,2050,21,140,ES1 0 offwind-ac,1791.323397556198
DE,2050,21,141,ES1 0 offwind-ac,1718.7180799546104
DE,2050,21,142,ES1 0 offwind-ac,1452.8517887075436
DE,2050,21,143,ES1 0 offwind-ac,1470.3120429487765
DE,2050,21,144,ES1 0 offwind-ac,1389.935269659917
DE,2050,21,145,ES1 0 offwind-ac,1229.4018744601638
DE,2050,21,146,ES1 0 offwind-ac,1124.4942683872198
DE,2050,21,147,ES1 0 offwind-ac,1156.358152770187
DE,2050,21,148,ES1 0 offwind-ac,1158.9256234794045
DE,2050,21,149,ES1 0 offwind-ac,1066.607828506523
DE,2050,21,150,ES1 0 offwind-ac,940.0531273865795
DE,2050,21,151,ES1 0 offwind-ac,894.4434912746344
DE,2050,21,152,ES1 0 offwind-ac,0.0
DE,2050,21,153,ES1 0 offwind-ac,0.0
DE,2050,21,154,ES1 0 offwind-ac,0.0
DE,2050,21,155,ES1 0 offwind-ac,0.0
DE,2050,21,156,ES1 0 offwind-ac,0.0
DE,2050,21,157,ES1 0 offwind-ac,0.0
DE,2050,21,158,ES1 0 offwind-ac,0.0
DE,2050,21,159,ES1 0 offwind-ac,0.0
DE,2050,21,160,ES1 0 offwind-ac,0.0
DE,2050,21,161,ES1 0 offwind-ac,0.0
DE,2050,21,162,ES1 0 offwind-ac,1795.8372715066178
DE,2050,21,163,ES1 0 offwind-ac,1512.5697530028604
DE,2050,21,164,ES1 0 offwind-ac,1289.6490814658457
DE,2050,21,165,ES1 0 offwind-ac,1118.5653132043028
DE,2050,21,166,ES1 0 offwind-ac,775.0508265944579
DE,2050,21,167,ES1 0 offwind-ac,689.5903133190186
NT,2025,21,0,ES1 0 onwind,3029.0206587078883
NT,2025,21,1,ES1 0 onwind,3006.9887322237587
NT,2025,21,2,ES1 0 onwind,2662.94606035582
NT,2025,21,3,ES1 0 onwind,2351.4993532706103
NT,2025,21,4,ES1 0 onwind,2068.9900126493526
NT,2025,21,5,ES1 0 onwind,2006.2090211691857
NT,2025,21,6,ES1 0 onwind,1907.9305317376875
NT,2025,21,7,ES1 0 onwind,1669.171516611728
NT,2025,21,8,ES1 0 onwind,2265.2214478730793
NT,2025,21,9,ES1 0 onwind,2303.1956676854047
NT,2025,21,10,ES1 0 onwind,1172.5628534935895
NT,2025,21,11,ES1 0 onwind,1124.8160306817904
NT,2025,21,12,ES1 0 onwind,1295.7851882143186
NT,2025,21,13,ES1 0 onwind,1702.7503813239764
NT,2025,21,14,ES1 0 onwind,2102.975428281595
NT,2025,21,15,ES1 0 onwind,2420.105456669836
NT,2025,21,16,ES1 0 onwind,2765.5788533283812
NT,2025,21,17,ES1 0 onwind,3209.163721824186
NT,2025,21,18,ES1 0 onwind,3881.6542373555594
NT,2025,21,19,ES1 0 onwind,4299.691314393801
NT,2025,21,20,ES1 0 onwind,4777.967632563963
NT,2025,21,21,ES1 0 onwind,4576.019495835747
NT,2025,21,22,ES1 0 onwind,3753.1405435456404
NT,2025,21,23,ES1 0 onwind,3887.2115716481376
NT,2025,21,24,ES1 0 onwind,4050.5059007362906
NT,2025,21,25,ES1 0 onwind,4345.486851640731
NT,2025,21,26,ES1 0 onwind,4537.490223468134
NT,2025,21,27,ES1 0 onwind,4388.880285381914
NT,2025,21,28,ES1 0 onwind,3867.2788854568544
NT,2025,21,29,ES1 0 onwind,3702.7859720752176
NT,2025,21,30,ES1 0 onwind,3491.8981005843716
NT,2025,21,31,ES1 0 onwind,2000.6595210148862
NT,2025,21,32,ES1 0 onwind,2543.2168516989964
NT,2025,21,33,ES1 0 onwind,3508.5419465903014
NT,2025,21,34,ES1 0 onwind,3431.651353526733
NT,2025,21,35,ES1 0 onwind,4233.800610550159
NT,2025,21,36,ES1 0 onwind,5283.336017275982
NT,2025,21,37,ES1 0 onwind,6842.961813268548
NT,2025,21,38,ES1 0 onwind,9063.736942554753
NT,2025,21,39,ES1 0 onwind,11176.981443713012
NT,2025,21,40,ES1 0 onwind,12268.07450693052
NT,2025,21,41,ES1 0 onwind,14807.136123369559
NT,2025,21,42,ES1 0 onwind,15086.144120729612
NT,2025,21,43,ES1 0 onwind,15216.953581129055
NT,2025,21,44,ES1 0 onwind,16419.349332330785
NT,2025,21,45,ES1 0 onwind,17002.72841980495
NT,2025,21,46,ES1 0 onwind,14509.089165979885
NT,2025,21,47,ES1 0 onwind,14238.627326244836
NT,2025,21,48,ES1 0 onwind,14099.020311102828
NT,2025,21,49,ES1 0 onwind,14080.920032675784
NT,2025,21,50,ES1 0 onwind,14343.599199268556
NT,2025,21,51,ES1 0 onwind,15140.810432748309
NT,2025,21,52,ES1 0 onwind,15799.41487529233
NT,2025,21,53,ES1 0 onwind,15765.44017167352
NT,2025,21,54,ES1 0 onwind,15912.237343606193
NT,2025,21,55,ES1 0 onwind,16645.076294928644
NT,2025,21,56,ES1 0 onwind,18111.613785168076
NT,2025,21,57,ES1 0 onwind,15318.442215648747
NT,2025,21,58,ES1 0 onwind,11020.67179483878
NT,2025,21,59,ES1 0 onwind,6293.467490002072
NT,2025,21,60,ES1 0 onwind,3126.154738895893
NT,2025,21,61,ES1 0 onwind,5103.703506081206
NT,2025,21,62,ES1 0 onwind,6447.43629928115
NT,2025,21,63,ES1 0 onwind,9012.995731132207
NT,2025,21,64,ES1 0 onwind,8401.737904632864
NT,2025,21,65,ES1 0 onwind,12080.658529552838
NT,2025,21,66,ES1 0 onwind,17027.79846395206
NT,2025,21,67,ES1 0 onwind,20605.346754479615
NT,2025,21,68,ES1 0 onwind,23578.454023672693
NT,2025,21,69,ES1 0 onwind,21451.370455175776
NT,2025,21,70,ES1 0 onwind,17805.396234180716
NT,2025,21,71,ES1 0 onwind,19437.59631997042
NT,2025,21,72,ES1 0 onwind,15928.205571324466
NT,2025,21,73,ES1 0 onwind,15718.266087417098
NT,2025,21,74,ES1 0 onwind,18103.757423809955
NT,2025,21,75,ES1 0 onwind,16758.39837009275
NT,2025,21,76,ES1 0 onwind,17095.444083316488
NT,2025,21,77,ES1 0 onwind,16707.41276654669
NT,2025,21,78,ES1 0 onwind,15828.191178111752
NT,2025,21,79,ES1 0 onwind,16325.938761025773
NT,2025,21,80,ES1 0 onwind,16947.368731597126
NT,2025,21,81,ES1 0 onwind,10761.732323814886
NT,2025,21,82,ES1 0 onwind,9768.688398710268
NT,2025,21,83,ES1 0 onwind,5283.853183454514
NT,2025,21,84,ES1 0 onwind,4907.7482418096315
NT,2025,21,85,ES1 0 onwind,4926.396366606899
NT,2025,21,86,ES1 0 onwind,6320.511539647174
NT,2025,21,87,ES1 0 onwind,7155.774005603517
NT,2025,21,88,ES1 0 onwind,11901.99325177353
NT,2025,21,89,ES1 0 onwind,12469.694777764096
NT,2025,21,90,ES1 0 onwind,17521.20971103054
NT,2025,21,91,ES1 0 onwind,20807.421639458473
NT,2025,21,92,ES1 0 onwind,22365.412625027293
NT,2025,21,93,ES1 0 onwind,18699.62313229032
NT,2025,21,94,ES1 0 onwind,17029.774998685592
NT,2025,21,95,ES1 0 onwind,17361.064219163458
NT,2025,21,96,ES1 0 onwind,16837.638995707865
NT,2025,21,97,ES1 0 onwind,15388.14094573786
NT,2025,21,98,ES1 0 onwind,14314.1080346054
NT,2025,21,99,ES1 0 onwind,13567.863682898025
NT,2025,21,100,ES1 0 onwind,12747.295174093886
NT,2025,21,101,ES1 0 onwind,12363.93795076589
NT,2025,21,102,ES1 0 onwind,11557.64570536459
NT,2025,21,103,ES1 0 onwind,12743.816492335223
NT,2025,21,104,ES1 0 onwind,13567.581496433948
NT,2025,21,105,ES1 0 onwind,9145.823126423635
NT,2025,21,106,ES1 0 onwind,5555.331302504175
NT,2025,21,107,ES1 0 onwind,4326.339163389312
NT,2025,21,108,ES1 0 onwind,2761.9414942885655
NT,2025,21,109,ES1 0 onwind,0.0
NT,2025,21,110,ES1 0 onwind,4012.5440799862145
NT,2025,21,111,ES1 0 onwind,6028.238407701683
NT,2025,21,112,ES1 0 onwind,7671.428990623636
NT,2025,21,113,ES1 0 onwind,12924.632911591856
NT,2025,21,114,ES1 0 onwind,16355.37660645113
NT,2025,21,115,ES1 0 onwind,14186.48783334424
NT,2025,21,116,ES1 0 onwind,14120.511979521203
NT,2025,21,117,ES1 0 onwind,13847.262342561799
NT,2025,21,118,ES1 0 onwind,12707.027606922897
NT,2025,21,119,ES1 0 onwind,12317.021059062576
NT,2025,21,120,ES1 0 onwind,11958.537915049757
NT,2025,21,121,ES1 0 onwind,11365.091369241334
NT,2025,21,122,ES1 0 onwind,10789.123852397368
NT,2025,21,123,ES1 0 onwind,10506.8245680365
NT,2025,21,124,ES1 0 onwind,10788.744068956947
NT,2025,21,125,ES1 0 onwind,10990.865530516694
NT,2025,21,126,ES1 0 onwind,10355.86870573767
NT,2025,21,127,ES1 0 onwind,11820.750363485726
NT,2025,21,128,ES1 0 onwind,12873.934045572325
NT,2025,21,129,ES1 0 onwind,6610.99095063965
NT,2025,21,130,ES1 0 onwind,3456.493276173096
NT,2025,21,131,ES1 0 onwind,1973.477294829809
NT,2025,21,132,ES1 0 onwind,0.0
NT,2025,21,133,ES1 0 onwind,0.0
NT,2025,21,134,ES1 0 onwind,0.0
NT,2025,21,135,ES1 0 onwind,1673.0893889797444
NT,2025,21,136,ES1 0 onwind,5828.007084182769
NT,2025,21,137,ES1 0 onwind,9595.551341494449
NT,2025,21,138,ES1 0 onwind,13010.611986041906
NT,2025,21,139,ES1 0 onwind,12362.962452563443
NT,2025,21,140,ES1 0 onwind,13217.528114047456
NT,2025,21,141,ES1 0 onwind,12629.762162778632
NT,2025,21,142,ES1 0 onwind,9449.007348662914
NT,2025,21,143,ES1 0 onwind,8201.738776896333
NT,2025,21,144,ES1 0 onwind,6952.828002102193
NT,2025,21,145,ES1 0 onwind,6186.913240630997
NT,2025,21,146,ES1 0 onwind,5651.559867673348
NT,2025,21,147,ES1 0 onwind,5293.725956713948
NT,2025,21,148,ES1 0 onwind,4822.522397682597
NT,2025,21,149,ES1 0 onwind,4625.213439439294
NT,2025,21,150,ES1 0 onwind,4188.191086166041
NT,2025,21,151,ES1 0 onwind,3081.968841323115
NT,2025,21,152,ES1 0 onwind,3736.6832822071174
NT,2025,21,153,ES1 0 onwind,2447.5044044794804
NT,2025,21,154,ES1 0 onwind,1556.5112511819716
NT,2025,21,155,ES1 0 onwind,0.0
NT,2025,21,156,ES1 0 onwind,0.0
NT,2025,21,157,ES1 0 onwind,0.0
NT,2025,21,158,ES1 0 onwind,0.0
NT,2025,21,159,ES1 0 onwind,0.0
NT,2025,21,160,ES1 0 onwind,0.0
NT,2025,21,161,ES1 0 onwind,4457.132174864437
NT,2025,21,162,ES1 0 onwind,7547.023696542479
NT,2025,21,163,ES1 0 onwind,8631.641757093978
NT,2025,21,164,ES1 0 onwind,8557.869963506846
NT,2025,21,165,ES1 0 onwind,8360.29347403402
NT,2025,21,166,ES1 0 onwind,7139.025941724627
NT,2025,21,167,ES1 0 onwind,6275.9783480655005
NT,2030,21,0,ES1 0 onwind,3333.759917712471
NT,2030,21,1,ES1 0 onwind,3309.511435546586
NT,2030,21,2,ES1 0 onwind,2930.8558241499627
NT,2030,21,3,ES1 0 onwind,2588.0755444581364
NT,2030,21,4,ES1 0 onwind,2277.143919269324
NT,2030,21,5,ES1 0 onwind,2208.046750060809
NT,2030,21,6,ES1 0 onwind,2099.8808027939385
NT,2030,21,7,ES1 0 onwind,1837.1010715526968
NT,2030,21,8,ES1 0 onwind,2493.1175183477517
NT,2030,21,9,ES1 0 onwind,2534.912192660319
NT,2030,21,10,ES1 0 onwind,1290.5303338680428
NT,2030,21,11,ES1 0 onwind,1237.9798688751773
NT,2030,21,12,ES1 0 onwind,1426.1496401537097
NT,2030,21,13,ES1 0 onwind,1874.0581893386598
NT,2030,21,14,ES1 0 onwind,2314.548489652777
NT,2030,21,15,ES1 0 onwind,2663.583869885121
NT,2030,21,16,ES1 0 onwind,3043.8141463295024
NT,2030,21,17,ES1 0 onwind,3532.0265493858406
NT,2030,21,18,ES1 0 onwind,4272.17400241663
NT,2030,21,19,ES1 0 onwind,4732.268339357292
NT,2030,21,20,ES1 0 onwind,5258.662378474523
NT,2030,21,21,ES1 0 onwind,5036.3969403878655
NT,2030,21,22,ES1 0 onwind,4130.730991762672
NT,2030,21,23,ES1 0 onwind,4278.290440830699
NT,2030,21,24,ES1 0 onwind,4458.013245803596
NT,2030,21,25,ES1 0 onwind,4782.671206714773
NT,2030,21,26,ES1 0 onwind,4993.99137160823
NT,2030,21,27,ES1 0 onwind,4830.430303267114
NT,2030,21,28,ES1 0 onwind,4256.352396240013
NT,2030,21,29,ES1 0 onwind,4075.3104215664644
NT,2030,21,30,ES1 0 onwind,3843.2058530199474
NT,2030,21,31,ES1 0 onwind,2201.9389339504905
NT,2030,21,32,ES1 0 onwind,2799.0810752217662
NT,2030,21,33,ES1 0 onwind,3861.5241786251663
NT,2030,21,34,ES1 0 onwind,3776.8978897725146
NT,2030,21,35,ES1 0 onwind,2521.399763454342
NT,2030,21,36,ES1 0 onwind,992.4955889576872
NT,2030,21,37,ES1 0 onwind,204.75329004960895
NT,2030,21,38,ES1 0 onwind,0.0
NT,2030,21,39,ES1 0 onwind,1583.3130998017095
NT,2030,21,40,ES1 0 onwind,3950.772791302492
NT,2030,21,41,ES1 0 onwind,9278.222170430643
NT,2030,21,42,ES1 0 onwind,16603.908737940452
NT,2030,21,43,ES1 0 onwind,16747.878484295128
NT,2030,21,44,ES1 0 onwind,18071.243100201726
NT,2030,21,45,ES1 0 onwind,18713.313933578833
NT,2030,21,46,ES1 0 onwind,15968.798286339023
NT,2030,21,47,ES1 0 onwind,15671.126219300659
NT,2030,21,48,ES1 0 onwind,15517.473826744696
NT,2030,21,49,ES1 0 onwind,15497.552542105701
NT,2030,21,50,ES1 0 onwind,15786.658948259646
NT,2030,21,51,ES1 0 onwind,16664.07483794151
NT,2030,21,52,ES1 0 onwind,17388.93918836071
NT,2030,21,53,ES1 0 onwind,17351.54640768919
NT,2030,21,54,ES1 0 onwind,17513.112333763616
NT,2030,21,55,ES1 0 onwind,18319.679669325924
NT,2030,21,56,ES1 0 onwind,11970.6310871621
NT,2030,21,57,ES1 0 onwind,3966.912955687695
NT,2030,21,58,ES1 0 onwind,0.0
NT,2030,21,59,ES1 0 onwind,0.0
NT,2030,21,60,ES1 0 onwind,0.0
NT,2030,21,61,ES1 0 onwind,0.0
NT,2030,21,62,ES1 0 onwind,0.0
NT,2030,21,63,ES1 0 onwind,0.0
NT,2030,21,64,ES1 0 onwind,0.0
NT,2030,21,65,ES1 0 onwind,6349.720601928064
NT,2030,21,66,ES1 0 onwind,10962.927873684002
NT,2030,21,67,ES1 0 onwind,16014.057434342587
NT,2030,21,68,ES1 0 onwind,15677.162137038038
NT,2030,21,69,ES1 0 onwind,14144.66520387618
NT,2030,21,70,ES1 0 onwind,14742.934937818287
NT,2030,21,71,ES1 0 onwind,16759.07512102554
NT,2030,21,72,ES1 0 onwind,15754.439754365692
NT,2030,21,73,ES1 0 onwind,13385.553826817537
NT,2030,21,74,ES1 0 onwind,16485.37541800381
NT,2030,21,75,ES1 0 onwind,14942.62281125993
NT,2030,21,76,ES1 0 onwind,17573.019264544586
NT,2030,21,77,ES1 0 onwind,18388.2875970713
NT,2030,21,78,ES1 0 onwind,17420.61057516474
NT,2030,21,79,ES1 0 onwind,17011.785549074913
NT,2030,21,80,ES1 0 onwind,6437.147743881078
NT,2030,21,81,ES1 0 onwind,0.0
NT,2030,21,82,ES1 0 onwind,0.0
NT,2030,21,83,ES1 0 onwind,0.0
NT,2030,21,84,ES1 0 onwind,0.0
NT,2030,21,85,ES1 0 onwind,0.0
NT,2030,21,86,ES1 0 onwind,0.0
NT,2030,21,87,ES1 0 onwind,0.0
NT,2030,21,88,ES1 0 onwind,0.0
NT,2030,21,89,ES1 0 onwind,7755.427764856569
NT,2030,21,90,ES1 0 onwind,12082.634602979848
NT,2030,21,91,ES1 0 onwind,16706.238880911467
NT,2030,21,92,ES1 0 onwind,15966.174532004989
NT,2030,21,93,ES1 0 onwind,14798.617757709302
NT,2030,21,94,ES1 0 onwind,18743.08157492004
NT,2030,21,95,ES1 0 onwind,15445.910898597664
NT,2030,21,96,ES1 0 onwind,16888.794157653665
NT,2030,21,97,ES1 0 onwind,14634.414539854968
NT,2030,21,98,ES1 0 onwind,14546.139515536302
NT,2030,21,99,ES1 0 onwind,14932.879373073376
NT,2030,21,100,ES1 0 onwind,14029.756313636974
NT,2030,21,101,ES1 0 onwind,13607.83085016338
NT,2030,21,102,ES1 0 onwind,12720.420339457956
NT,2030,21,103,ES1 0 onwind,14025.92765377618
NT,2030,21,104,ES1 0 onwind,4522.527165477983
NT,2030,21,105,ES1 0 onwind,0.0
NT,2030,21,106,ES1 0 onwind,0.0
NT,2030,21,107,ES1 0 onwind,0.0
NT,2030,21,108,ES1 0 onwind,0.0
NT,2030,21,109,ES1 0 onwind,0.0
NT,2030,21,110,ES1 0 onwind,0.0
NT,2030,21,111,ES1 0 onwind,0.0
NT,2030,21,112,ES1 0 onwind,0.0
NT,2030,21,113,ES1 0 onwind,6050.410632608098
NT,2030,21,114,ES1 0 onwind,12167.78047703458
NT,2030,21,115,ES1 0 onwind,15613.741152922137
NT,2030,21,116,ES1 0 onwind,14758.145952852861
NT,2030,21,117,ES1 0 onwind,15240.387362486368
NT,2030,21,118,ES1 0 onwind,13985.437566244971
NT,2030,21,119,ES1 0 onwind,13556.1938127683
NT,2030,21,120,ES1 0 onwind,13161.644923426857
NT,2030,21,121,ES1 0 onwind,12508.493779662462
NT,2030,21,122,ES1 0 onwind,11874.580169321527
NT,2030,21,123,ES1 0 onwind,11563.879733424652
NT,2030,21,124,ES1 0 onwind,11874.162177186858
NT,2030,21,125,ES1 0 onwind,12096.618377714978
NT,2030,21,126,ES1 0 onwind,11397.736725575298
NT,2030,21,127,ES1 0 onwind,10672.502813654364
NT,2030,21,128,ES1 0 onwind,3195.2570456362305
NT,2030,21,129,ES1 0 onwind,0.0
NT,2030,21,130,ES1 0 onwind,0.0
NT,2030,21,131,ES1 0 onwind,0.0
NT,2030,21,132,ES1 0 onwind,0.0
NT,2030,21,133,ES1 0 onwind,0.0
NT,2030,21,134,ES1 0 onwind,0.0
NT,2030,21,135,ES1 0 onwind,0.0
NT,2030,21,136,ES1 0 onwind,0.0
NT,2030,21,137,ES1 0 onwind,2806.286918765465
NT,2030,21,138,ES1 0 onwind,12562.394569233353
NT,2030,21,139,ES1 0 onwind,13606.757210471365
NT,2030,21,140,ES1 0 onwind,14547.29775816249
NT,2030,21,141,ES1 0 onwind,13900.39871384497
NT,2030,21,142,ES1 0 onwind,10399.63919380481
NT,2030,21,143,ES1 0 onwind,9026.887258546745
NT,2030,21,144,ES1 0 onwind,7652.327903912297
NT,2030,21,145,ES1 0 onwind,6809.357115701762
NT,2030,21,146,ES1 0 onwind,6220.143697349007
NT,2030,21,147,ES1 0 onwind,5826.309358145913
NT,2030,21,148,ES1 0 onwind,5307.699643924855
NT,2030,21,149,ES1 0 onwind,5090.540115974418
NT,2030,21,150,ES1 0 onwind,4609.550460027916
NT,2030,21,151,ES1 0 onwind,1027.322947107705
NT,2030,21,152,ES1 0 onwind,0.0
NT,2030,21,153,ES1 0 onwind,0.0
NT,2030,21,154,ES1 0 onwind,0.0
NT,2030,21,155,ES1 0 onwind,0.0
NT,2030,21,156,ES1 0 onwind,0.0
NT,2030,21,157,ES1 0 onwind,0.0
NT,2030,21,158,ES1 0 onwind,0.0
NT,2030,21,159,ES1 0 onwind,0.0
NT,2030,21,160,ES1 0 onwind,0.0
NT,2030,21,161,ES1 0 onwind,0.0
NT,2030,21,162,ES1 0 onwind,3358.8591587943515
NT,2030,21,163,ES1 0 onwind,8314.570228998802
NT,2030,21,164,ES1 0 onwind,9418.847568211972
NT,2030,21,165,ES1 0 onwind,7290.0672844185465
NT,2030,21,166,ES1 0 onwind,7266.371623953737
NT,2030,21,167,ES1 0 onwind,6907.382754575603
DE,2040,21,0,ES1 0 onwind,3333.759917712471
DE,2040,21,1,ES1 0 onwind,3309.511435546586
DE,2040,21,2,ES1 0 onwind,2930.8558241499627
DE,2040,21,3,ES1 0 onwind,2588.0755444581364
DE,2040,21,4,ES1 0 onwind,2277.143919269324
DE,2040,21,5,ES1 0 onwind,2208.046750060809
DE,2040,21,6,ES1 0 onwind,2099.8808027939385
DE,2040,21,7,ES1 0 onwind,1837.1010715526968
DE,2040,21,8,ES1 0 onwind,2493.1175183477517
DE,2040,21,9,ES1 0 onwind,2534.912192660319
DE,2040,21,10,ES1 0 onwind,1290.5303338680428
DE,2040,21,11,ES1 0 onwind,1237.9798688751773
DE,2040,21,12,ES1 0 onwind,1426.1496401537097
DE,2040,21,13,ES1 0 onwind,1874.0581893386598
DE,2040,21,14,ES1 0 onwind,929.0731550416008
DE,2040,21,15,ES1 0 onwind,2663.583869885121
DE,2040,21,16,ES1 0 onwind,3043.8141463295024
DE,2040,21,17,ES1 0 onwind,3532.0265493858406
DE,2040,21,18,ES1 0 onwind,4272.17400241663
DE,2040,21,19,ES1 0 onwind,4732.268339357292
DE,2040,21,20,ES1 0 onwind,5258.662378474523
DE,2040,21,21,ES1 0 onwind,5036.3969403878655
DE,2040,21,22,ES1 0 onwind,4130.730991762672
DE,2040,21,23,ES1 0 onwind,4278.290440830699
DE,2040,21,24,ES1 0 onwind,4458.013245803596
DE,2040,21,25,ES1 0 onwind,4782.671206714773
DE,2040,21,26,ES1 0 onwind,4993.99137160823
DE,2040,21,27,ES1 0 onwind,4830.430303267114
DE,2040,21,28,ES1 0 onwind,4256.352396240013
DE,2040,21,29,ES1 0 onwind,4075.3104215664644
DE,2040,21,30,ES1 0 onwind,3843.2058530199474
DE,2040,21,31,ES1 0 onwind,2201.9389339504905
DE,2040,21,32,ES1 0 onwind,2799.0810752217662
DE,2040,21,33,ES1 0 onwind,3861.5241786251663
DE,2040,21,34,ES1 0 onwind,3776.897889772514
DE,2040,21,35,ES1 0 onwind,0.0
DE,2040,21,36,ES1 0 onwind,0.0
DE,2040,21,37,ES1 0 onwind,0.0
DE,2040,21,38,ES1 0 onwind,0.0
DE,2040,21,39,ES1 0 onwind,0.0
DE,2040,21,40,ES1 0 onwind,6254.2811306632175
DE,2040,21,41,ES1 0 onwind,12424.279823868575
DE,2040,21,42,ES1 0 onwind,16603.908737940452
DE,2040,21,43,ES1 0 onwind,16747.878484295128
DE,2040,21,44,ES1 0 onwind,18071.243100201726
DE,2040,21,45,ES1 0 onwind,18713.313933578833
DE,2040,21,46,ES1 0 onwind,15968.798286339023
DE,2040,21,47,ES1 0 onwind,15671.126219300659
DE,2040,21,48,ES1 0 onwind,15517.473826744696
DE,2040,21,49,ES1 0 onwind,15497.552542105701
DE,2040,21,50,ES1 0 onwind,15786.658948259646
DE,2040,21,51,ES1 0 onwind,16664.07483794151
DE,2040,21,52,ES1 0 onwind,17388.93918836071
DE,2040,21,53,ES1 0 onwind,17351.54640768919
DE,2040,21,54,ES1 0 onwind,17513.112333763616
DE,2040,21,55,ES1 0 onwind,18319.679669325924
DE,2040,21,56,ES1 0 onwind,9909.987309322736
DE,2040,21,57,ES1 0 onwind,0.0
DE,2040,21,58,ES1 0 onwind,0.0
DE,2040,21,59,ES1 0 onwind,0.0
DE,2040,21,60,ES1 0 onwind,0.0
DE,2040,21,61,ES1 0 onwind,0.0
DE,2040,21,62,ES1 0 onwind,0.0
DE,2040,21,63,ES1 0 onwind,0.0
DE,2040,21,64,ES1 0 onwind,0.0
DE,2040,21,65,ES1 0 onwind,8042.447847308577
DE,2040,21,66,ES1 0 onwind,18625.512680578177
DE,2040,21,67,ES1 0 onwind,25391.625878520543
DE,2040,21,68,ES1 0 onwind,28012.09409178137
DE,2040,21,69,ES1 0 onwind,25768.78442783472
DE,2040,21,70,ES1 0 onwind,25500.541496424812
DE,2040,21,71,ES1 0 onwind,23968.237981320068
DE,2040,21,72,ES1 0 onwind,22598.781428424925
DE,2040,21,73,ES1 0 onwind,20109.253286287334
DE,2040,21,74,ES1 0 onwind,19925.113645554567
DE,2040,21,75,ES1 0 onwind,19457.341352543066
DE,2040,21,76,ES1 0 onwind,18815.357398310676
DE,2040,21,77,ES1 0 onwind,18388.2875970713
DE,2040,21,78,ES1 0 onwind,17420.61057516474
DE,2040,21,79,ES1 0 onwind,17968.43481541435
DE,2040,21,80,ES1 0 onwind,5649.122910532375
DE,2040,21,81,ES1 0 onwind,0.0
DE,2040,21,82,ES1 0 onwind,0.0
DE,2040,21,83,ES1 0 onwind,0.0
DE,2040,21,84,ES1 0 onwind,0.0
DE,2040,21,85,ES1 0 onwind,0.0
DE,2040,21,86,ES1 0 onwind,0.0
DE,2040,21,87,ES1 0 onwind,0.0
DE,2040,21,88,ES1 0 onwind,0.0
DE,2040,21,89,ES1 0 onwind,8047.767707070233
DE,2040,21,90,ES1 0 onwind,19718.05145193332
DE,2040,21,91,ES1 0 onwind,24662.077573352588
DE,2040,21,92,ES1 0 onwind,24615.519190358533
DE,2040,21,93,ES1 0 onwind,23222.868882887946
DE,2040,21,94,ES1 0 onwind,18743.08157492004
DE,2040,21,95,ES1 0 onwind,19107.70065443152
DE,2040,21,96,ES1 0 onwind,18531.615435316406
DE,2040,21,97,ES1 0 onwind,16936.288415706793
DE,2040,21,98,ES1 0 onwind,15754.200779842064
DE,2040,21,99,ES1 0 onwind,14932.879373073376
DE,2040,21,100,ES1 0 onwind,14029.756313636974
DE,2040,21,101,ES1 0 onwind,13607.83085016338
DE,2040,21,102,ES1 0 onwind,12720.420339457956
DE,2040,21,103,ES1 0 onwind,14025.92765377618
DE,2040,21,104,ES1 0 onwind,4522.527165477983
DE,2040,21,105,ES1 0 onwind,0.0
DE,2040,21,106,ES1 0 onwind,0.0
DE,2040,21,107,ES1 0 onwind,0.0
DE,2040,21,108,ES1 0 onwind,0.0
DE,2040,21,109,ES1 0 onwind,0.0
DE,2040,21,110,ES1 0 onwind,0.0
DE,2040,21,111,ES1 0 onwind,0.0
DE,2040,21,112,ES1 0 onwind,0.0
DE,2040,21,113,ES1 0 onwind,7909.499557592042
DE,2040,21,114,ES1 0 onwind,18000.83430033062
DE,2040,21,115,ES1 0 onwind,15613.741152922137
DE,2040,21,116,ES1 0 onwind,15541.127697355307
DE,2040,21,117,ES1 0 onwind,15240.387362486368
DE,2040,21,118,ES1 0 onwind,13985.437566244971
DE,2040,21,119,ES1 0 onwind,13556.1938127683
DE,2040,21,120,ES1 0 onwind,13161.644923426857
DE,2040,21,121,ES1 0 onwind,12508.493779662462
DE,2040,21,122,ES1 0 onwind,11874.580169321527
DE,2040,21,123,ES1 0 onwind,11563.879733424652
DE,2040,21,124,ES1 0 onwind,11874.162177186858
DE,2040,21,125,ES1 0 onwind,12096.618377714978
DE,2040,21,126,ES1 0 onwind,11397.736725575298
DE,2040,21,127,ES1 0 onwind,13009.995044366655
DE,2040,21,128,ES1 0 onwind,0.0
DE,2040,21,129,ES1 0 onwind,0.0
DE,2040,21,130,ES1 0 onwind,0.0
DE,2040,21,131,ES1 0 onwind,0.0
DE,2040,21,132,ES1 0 onwind,0.0
DE,2040,21,133,ES1 0 onwind,0.0
DE,2040,21,134,ES1 0 onwind,0.0
DE,2040,21,135,ES1 0 onwind,0.0
DE,2040,21,136,ES1 0 onwind,0.0
DE,2040,21,137,ES1 0 onwind,4621.635990611458
DE,2040,21,138,ES1 0 onwind,14319.56451643299
DE,2040,21,139,ES1 0 onwind,13606.757210471365
DE,2040,21,140,ES1 0 onwind,14547.29775816249
DE,2040,21,141,ES1 0 onwind,13900.39871384497
DE,2040,21,142,ES1 0 onwind,10399.63919380481
DE,2040,21,143,ES1 0 onwind,9026.887258546745
DE,2040,21,144,ES1 0 onwind,7652.327903912297
DE,2040,21,145,ES1 0 onwind,6809.357115701762
DE,2040,21,146,ES1 0 onwind,6220.143697349007
DE,2040,21,147,ES1 0 onwind,5826.309358145913
DE,2040,21,148,ES1 0 onwind,5307.699643924855
DE,2040,21,149,ES1 0 onwind,5090.540115974418
DE,2040,21,150,ES1 0 onwind,4609.550460027916
DE,2040,21,151,ES1 0 onwind,2364.712086164283
DE,2040,21,152,ES1 0 onwind,0.0
DE,2040,21,153,ES1 0 onwind,0.0
DE,2040,21,154,ES1 0 onwind,0.0
DE,2040,21,155,ES1 0 onwind,0.0
DE,2040,21,156,ES1 0 onwind,0.0
DE,2040,21,157,ES1 0 onwind,0.0
DE,2040,21,158,ES1 0 onwind,0.0
DE,2040,21,159,ES1 0 onwind,0.0
DE,2040,21,160,ES1 0 onwind,0.0
DE,2040,21,161,ES1 0 onwind,921.0444786932544
DE,2040,21,162,ES1 0 onwind,8462.788283310978
DE,2040,21,163,ES1 0 onwind,9500.041285993828
DE,2040,21,164,ES1 0 onwind,9418.847568211972
DE,2040,21,165,ES1 0 onwind,9201.393593643234
DE,2040,21,166,ES1 0 onwind,7857.258572209128
DE,2040,21,167,ES1 0 onwind,6907.382754575603
DE,2050,21,0,ES1 0 onwind,3333.759917712471
DE,2050,21,1,ES1 0 onwind,3309.511435546586
DE,2050,21,2,ES1 0 onwind,2930.8558241499627
DE,2050,21,3,ES1 0 onwind,2588.0755444581364
DE,2050,21,4,ES1 0 onwind,2277.143919269324
DE,2050,21,5,ES1 0 onwind,2208.046750060809
DE,2050,21,6,ES1 0 onwind,2099.8808027939385
DE,2050,21,7,ES1 0 onwind,1837.1010715526968
DE,2050,21,8,ES1 0 onwind,2493.1175183477517
DE,2050,21,9,ES1 0 onwind,2534.912192660319
DE,2050,21,10,ES1 0 onwind,1290.5303338680428
DE,2050,21,11,ES1 0 onwind,1237.9798688751773
DE,2050,21,12,ES1 0 onwind,1426.1496401537097
DE,2050,21,13,ES1 0 onwind,1874.0581893386598
DE,2050,21,14,ES1 0 onwind,2314.548489652777
DE,2050,21,15,ES1 0 onwind,2663.583869885121
DE,2050,21,16,ES1 0 onwind,3043.8141463295024
DE,2050,21,17,ES1 0 onwind,3532.0265493858406
DE,2050,21,18,ES1 0 onwind,4272.17400241663
DE,2050,21,19,ES1 0 onwind,4732.268339357292
DE,2050,21,20,ES1 0 onwind,5258.662378474523
DE,2050,21,21,ES1 0 onwind,5036.3969403878655
DE,2050,21,22,ES1 0 onwind,4130.730991762672
DE,2050,21,23,ES1 0 onwind,4278.290440830699
DE,2050,21,24,ES1 0 onwind,4458.013245803596
DE,2050,21,25,ES1 0 onwind,4782.671206714773
DE,2050,21,26,ES1 0 onwind,4993.99137160823
DE,2050,21,27,ES1 0 onwind,4830.430303267114
DE,2050,21,28,ES1 0 onwind,4256.352396240013
DE,2050,21,29,ES1 0 onwind,4075.3104215664644
DE,2050,21,30,ES1 0 onwind,3843.2058530199474
DE,2050,21,31,ES1 0 onwind,2201.9389339504905
DE,2050,21,32,ES1 0 onwind,2799.0810752217662
DE,2050,21,33,ES1 0 onwind,3861.5241786251663
DE,2050,21,34,ES1 0 onwind,3776.8978897725146
DE,2050,21,35,ES1 0 onwind,3015.411478244331
DE,2050,21,36,ES1 0 onwind,1042.754216827671
DE,2050,21,37,ES1 0 onwind,2511.890557328296
DE,2050,21,38,ES1 0 onwind,2230.5005218184297
DE,2050,21,39,ES1 0 onwind,5169.9991940695
DE,2050,21,40,ES1 0 onwind,9819.593507133
DE,2050,21,41,ES1 0 onwind,16296.830714010117
DE,2050,21,42,ES1 0 onwind,16603.908737940452
DE,2050,21,43,ES1 0 onwind,16747.878484295128
DE,2050,21,44,ES1 0 onwind,18071.243100201726
DE,2050,21,45,ES1 0 onwind,18713.313933578833
DE,2050,21,46,ES1 0 onwind,15968.798286339023
DE,2050,21,47,ES1 0 onwind,15671.126219300659
DE,2050,21,48,ES1 0 onwind,15517.473826744696
DE,2050,21,49,ES1 0 onwind,15497.552542105701
DE,2050,21,50,ES1 0 onwind,15786.658948259646
DE,2050,21,51,ES1 0 onwind,16664.07483794151
DE,2050,21,52,ES1 0 onwind,17388.93918836071
DE,2050,21,53,ES1 0 onwind,17351.54640768919
DE,2050,21,54,ES1 0 onwind,17513.112333763616
DE,2050,21,55,ES1 0 onwind,18319.679669325924
DE,2050,21,56,ES1 0 onwind,13761.86535403745
DE,2050,21,57,ES1 0 onwind,4316.707567412827
DE,2050,21,58,ES1 0 onwind,0.0
DE,2050,21,59,ES1 0 onwind,0.0
DE,2050,21,60,ES1 0 onwind,0.0
DE,2050,21,61,ES1 0 onwind,0.0
DE,2050,21,62,ES1 0 onwind,0.0
DE,2050,21,63,ES1 0 onwind,0.0
DE,2050,21,64,ES1 0 onwind,3467.3160189677255
DE,2050,21,65,ES1 0 onwind,10521.76098810888
DE,2050,21,66,ES1 0 onwind,25671.50727573571
DE,2050,21,67,ES1 0 onwind,26713.472842952662
DE,2050,21,68,ES1 0 onwind,28012.09409178137
DE,2050,21,69,ES1 0 onwind,27722.074879963795
DE,2050,21,70,ES1 0 onwind,26193.03845248177
DE,2050,21,71,ES1 0 onwind,24684.181645358483
DE,2050,21,72,ES1 0 onwind,22598.781428424925
DE,2050,21,73,ES1 0 onwind,21096.30153645834
DE,2050,21,74,ES1 0 onwind,19925.113645554567
DE,2050,21,75,ES1 0 onwind,19457.341352543066
DE,2050,21,76,ES1 0 onwind,18815.357398310676
DE,2050,21,77,ES1 0 onwind,18388.2875970713
DE,2050,21,78,ES1 0 onwind,17420.61057516474
DE,2050,21,79,ES1 0 onwind,17968.43481541435
DE,2050,21,80,ES1 0 onwind,9383.779455573133
DE,2050,21,81,ES1 0 onwind,0.0
DE,2050,21,82,ES1 0 onwind,0.0
DE,2050,21,83,ES1 0 onwind,0.0
DE,2050,21,84,ES1 0 onwind,0.0
DE,2050,21,85,ES1 0 onwind,0.0
DE,2050,21,86,ES1 0 onwind,0.0
DE,2050,21,87,ES1 0 onwind,0.0
DE,2050,21,88,ES1 0 onwind,0.0
DE,2050,21,89,ES1 0 onwind,11269.478037915786
DE,2050,21,90,ES1 0 onwind,25943.27059367935
DE,2050,21,91,ES1 0 onwind,24662.077573352588
DE,2050,21,92,ES1 0 onwind,24615.519190358533
DE,2050,21,93,ES1 0 onwind,23222.868882887946
DE,2050,21,94,ES1 0 onwind,18743.08157492004
DE,2050,21,95,ES1 0 onwind,19107.70065443152
DE,2050,21,96,ES1 0 onwind,18531.615435316406
DE,2050,21,97,ES1 0 onwind,16936.288415706793
DE,2050,21,98,ES1 0 onwind,15754.200779842064
DE,2050,21,99,ES1 0 onwind,14932.879373073376
DE,2050,21,100,ES1 0 onwind,14029.756313636974
DE,2050,21,101,ES1 0 onwind,13607.83085016338
DE,2050,21,102,ES1 0 onwind,12720.420339457956
DE,2050,21,103,ES1 0 onwind,14025.92765377618
DE,2050,21,104,ES1 0 onwind,9140.939495347862
DE,2050,21,105,ES1 0 onwind,0.0
DE,2050,21,106,ES1 0 onwind,0.0
DE,2050,21,107,ES1 0 onwind,0.0
DE,2050,21,108,ES1 0 onwind,0.0
DE,2050,21,109,ES1 0 onwind,0.0
DE,2050,21,110,ES1 0 onwind,0.0
DE,2050,21,111,ES1 0 onwind,0.0
DE,2050,21,112,ES1 0 onwind,1561.3443349413665
DE,2050,21,113,ES1 0 onwind,11387.297444942997
DE,2050,21,114,ES1 0 onwind,18000.83430033062
DE,2050,21,115,ES1 0 onwind,15613.741152922137
DE,2050,21,116,ES1 0 onwind,15541.127697355307
DE,2050,21,117,ES1 0 onwind,15240.387362486368
DE,2050,21,118,ES1 0 onwind,13985.437566244971
DE,2050,21,119,ES1 0 onwind,13556.1938127683
DE,2050,21,120,ES1 0 onwind,13161.644923426857
DE,2050,21,121,ES1 0 onwind,12508.493779662462
DE,2050,21,122,ES1 0 onwind,11874.580169321527
DE,2050,21,123,ES1 0 onwind,11563.879733424652
DE,2050,21,124,ES1 0 onwind,11874.162177186858
DE,2050,21,125,ES1 0 onwind,12096.618377714978
DE,2050,21,126,ES1 0 onwind,11397.736725575298
DE,2050,21,127,ES1 0 onwind,13009.995044366655
DE,2050,21,128,ES1 0 onwind,4526.915482255036
DE,2050,21,129,ES1 0 onwind,0.0
DE,2050,21,130,ES1 0 onwind,0.0
DE,2050,21,131,ES1 0 onwind,0.0
DE,2050,21,132,ES1 0 onwind,0.0
DE,2050,21,133,ES1 0 onwind,0.0
DE,2050,21,134,ES1 0 onwind,0.0
DE,2050,21,135,ES1 0 onwind,0.0
DE,2050,21,136,ES1 0 onwind,0.0
DE,2050,21,137,ES1 0 onwind,8020.212989192771
DE,2050,21,138,ES1 0 onwind,14319.56451643299
DE,2050,21,139,ES1 0 onwind,13606.757210471365
DE,2050,21,140,ES1 0 onwind,14547.29775816249
DE,2050,21,141,ES1 0 onwind,13900.39871384497
DE,2050,21,142,ES1 0 onwind,10399.63919380481
DE,2050,21,143,ES1 0 onwind,9026.887258546745
DE,2050,21,144,ES1 0 onwind,7652.327903912297
DE,2050,21,145,ES1 0 onwind,6809.357115701762
DE,2050,21,146,ES1 0 onwind,6220.143697349007
DE,2050,21,147,ES1 0 onwind,5826.309358145913
DE,2050,21,148,ES1 0 onwind,5307.699643924855
DE,2050,21,149,ES1 0 onwind,5090.540115974418
DE,2050,21,150,ES1 0 onwind,4609.550460027916
DE,2050,21,151,ES1 0 onwind,3392.035033271988
DE,2050,21,152,ES1 0 onwind,0.0
DE,2050,21,153,ES1 0 onwind,0.0
DE,2050,21,154,ES1 0 onwind,0.0
DE,2050,21,155,ES1 0 onwind,0.0
DE,2050,21,156,ES1 0 onwind,0.0
DE,2050,21,157,ES1 0 onwind,0.0
DE,2050,21,158,ES1 0 onwind,0.0
DE,2050,21,159,ES1 0 onwind,0.0
DE,2050,21,160,ES1 0 onwind,0.0
DE,2050,21,161,ES1 0 onwind,3252.561291664332
DE,2050,21,162,ES1 0 onwind,10349.945741840833
DE,2050,21,163,ES1 0 onwind,9500.041285993828
DE,2050,21,164,ES1 0 onwind,9418.847568211972
DE,2050,21,165,ES1 0 onwind,9201.393593643234
DE,2050,21,166,ES1 0 onwind,7857.258572209128
DE,2050,21,167,ES1 0 onwind,6907.382754575603
NT,2025,21,0,ES1 0 ror,188.8884102286201
NT,2025,21,1,ES1 0 ror,188.83811013406265
NT,2025,21,2,ES1 0 ror,188.76885368936112
NT,2025,21,3,ES1 0 ror,188.70411373461656
NT,2025,21,4,ES1 0 ror,188.64282783374568
NT,2025,21,5,ES1 0 ror,188.5776828007934
NT,2025,21,6,ES1 0 ror,188.5215540869709
NT,2025,21,7,ES1 0 ror,188.47832098950306
NT,2025,21,8,ES1 0 ror,188.4203549382292
NT,2025,21,9,ES1 0 ror,188.34466689389407
NT,2025,21,10,ES1 0 ror,188.30693661476016
NT,2025,21,11,ES1 0 ror,188.3923695901052
NT,2025,21,12,ES1 0 ror,188.70098078131565
NT,2025,21,13,ES1 0 ror,188.92454016104148
NT,2025,21,14,ES1 0 ror,189.27566249279408
NT,2025,21,15,ES1 0 ror,189.48454307877412
NT,2025,21,16,ES1 0 ror,189.82281368694058
NT,2025,21,17,ES1 0 ror,190.2201068029396
NT,2025,21,18,ES1 0 ror,190.45991607253097
NT,2025,21,19,ES1 0 ror,190.63242818202804
NT,2025,21,20,ES1 0 ror,190.84877486323353
NT,2025,21,21,ES1 0 ror,190.8312325054731
NT,2025,21,22,ES1 0 ror,190.77110162702775
NT,2025,21,23,ES1 0 ror,190.6839814097894
NT,2025,21,24,ES1 0 ror,190.58454895018193
NT,2025,21,25,ES1 0 ror,190.48546886154688
NT,2025,21,26,ES1 0 ror,190.43036794584174
NT,2025,21,27,ES1 0 ror,190.38451050455237
NT,2025,21,28,ES1 0 ror,190.34897347050907
NT,2025,21,29,ES1 0 ror,190.30514284912368
NT,2025,21,30,ES1 0 ror,190.23493626963045
NT,2025,21,31,ES1 0 ror,190.2041495332992
NT,2025,21,32,ES1 0 ror,190.15032181788118
NT,2025,21,33,ES1 0 ror,190.09540728243798
NT,2025,21,34,ES1 0 ror,190.07298574076998
NT,2025,21,35,ES1 0 ror,190.00124291499088
NT,2025,21,36,ES1 0 ror,189.69638499164688
NT,2025,21,37,ES1 0 ror,189.07060353161737
NT,2025,21,38,ES1 0 ror,188.17115394718866
NT,2025,21,39,ES1 0 ror,187.23737460269396
NT,2025,21,40,ES1 0 ror,186.36684247691946
NT,2025,21,41,ES1 0 ror,185.6246391402504
NT,2025,21,42,ES1 0 ror,185.18316888184114
NT,2025,21,43,ES1 0 ror,184.59994020176458
NT,2025,21,44,ES1 0 ror,184.16456835397915
NT,2025,21,45,ES1 0 ror,183.78824007227092
NT,2025,21,46,ES1 0 ror,183.3416700989021
NT,2025,21,47,ES1 0 ror,182.7010723541626
NT,2025,21,48,ES1 0 ror,181.84681051677046
NT,2025,21,49,ES1 0 ror,180.92170299801253
NT,2025,21,50,ES1 0 ror,180.1342764064905
NT,2025,21,51,ES1 0 ror,179.44108397355004
NT,2025,21,52,ES1 0 ror,178.92253449980652
NT,2025,21,53,ES1 0 ror,178.43915136482434
NT,2025,21,54,ES1 0 ror,178.0361599628309
NT,2025,21,55,ES1 0 ror,177.48037083457774
NT,2025,21,56,ES1 0 ror,177.09380550928748
NT,2025,21,57,ES1 0 ror,176.94814908290834
NT,2025,21,58,ES1 0 ror,176.81628987827168
NT,2025,21,59,ES1 0 ror,176.67633357888118
NT,2025,21,60,ES1 0 ror,176.34545704762942
NT,2025,21,61,ES1 0 ror,175.58752093366763
NT,2025,21,62,ES1 0 ror,174.73892817890913
NT,2025,21,63,ES1 0 ror,173.91780930687315
NT,2025,21,64,ES1 0 ror,173.05592114424502
NT,2025,21,65,ES1 0 ror,172.18798156065634
NT,2025,21,66,ES1 0 ror,171.74206578321474
NT,2025,21,67,ES1 0 ror,171.32860678516425
NT,2025,21,68,ES1 0 ror,171.12987839777313
NT,2025,21,69,ES1 0 ror,170.9220175677762
NT,2025,21,70,ES1 0 ror,170.73240498609425
NT,2025,21,71,ES1 0 ror,170.5103534957473
NT,2025,21,72,ES1 0 ror,170.2313482943509
NT,2025,21,73,ES1 0 ror,169.97145331784276
NT,2025,21,74,ES1 0 ror,169.73292106851972
NT,2025,21,75,ES1 0 ror,169.53178454705105
NT,2025,21,76,ES1 0 ror,169.3876831453556
NT,2025,21,77,ES1 0 ror,169.25331055239315
NT,2025,21,78,ES1 0 ror,169.12891494584514
NT,2025,21,79,ES1 0 ror,169.04715526298972
NT,2025,21,80,ES1 0 ror,168.9999278267395
NT,2025,21,81,ES1 0 ror,168.85436672879703
NT,2025,21,82,ES1 0 ror,168.6499278944363
NT,2025,21,83,ES1 0 ror,168.37498370527499
NT,2025,21,84,ES1 0 ror,167.97057423726122
NT,2025,21,85,ES1 0 ror,167.40872247427095
NT,2025,21,86,ES1 0 ror,166.6367832048192
NT,2025,21,87,ES1 0 ror,165.76030666433914
NT,2025,21,88,ES1 0 ror,164.78788197462057
NT,2025,21,89,ES1 0 ror,164.12009077035484
NT,2025,21,90,ES1 0 ror,163.60544428563472
NT,2025,21,91,ES1 0 ror,163.19128745520226
NT,2025,21,92,ES1 0 ror,162.87138969416242
NT,2025,21,93,ES1 0 ror,162.55801198101585
NT,2025,21,94,ES1 0 ror,162.18821806796268
NT,2025,21,95,ES1 0 ror,161.85282939469062
NT,2025,21,96,ES1 0 ror,161.52928446146626
NT,2025,21,97,ES1 0 ror,161.18371268745187
NT,2025,21,98,ES1 0 ror,160.87652980628505
NT,2025,21,99,ES1 0 ror,160.58722958377808
NT,2025,21,100,ES1 0 ror,160.3247734887948
NT,2025,21,101,ES1 0 ror,160.07423884262198
NT,2025,21,102,ES1 0 ror,159.78195408703442
NT,2025,21,103,ES1 0 ror,159.39613026533388
NT,2025,21,104,ES1 0 ror,158.93413379593997
NT,2025,21,105,ES1 0 ror,158.40212960728638
NT,2025,21,106,ES1 0 ror,157.85178881308784
NT,2025,21,107,ES1 0 ror,157.03563336261124
NT,2025,21,108,ES1 0 ror,156.14440373342046
NT,2025,21,109,ES1 0 ror,154.83359971464776
NT,2025,21,110,ES1 0 ror,153.30507481234335
NT,2025,21,111,ES1 0 ror,151.82467012249288
NT,2025,21,112,ES1 0 ror,150.47334652594083
NT,2025,21,113,ES1 0 ror,149.1368117168969
NT,2025,21,114,ES1 0 ror,148.12573773221683
NT,2025,21,115,ES1 0 ror,147.18797224564855
NT,2025,21,116,ES1 0 ror,146.62626072814422
NT,2025,21,117,ES1 0 ror,146.12977593067492
NT,2025,21,118,ES1 0 ror,145.52998951097686
NT,2025,21,119,ES1 0 ror,144.85941235031737
NT,2025,21,120,ES1 0 ror,144.25087091490497
NT,2025,21,121,ES1 0 ror,143.70018568050045
NT,2025,21,122,ES1 0 ror,143.04033096927162
NT,2025,21,123,ES1 0 ror,142.1368849949326
NT,2025,21,124,ES1 0 ror,141.16263976079466
NT,2025,21,125,ES1 0 ror,140.39538142919895
NT,2025,21,126,ES1 0 ror,139.71220801417508
NT,2025,21,127,ES1 0 ror,139.234931630698
NT,2025,21,128,ES1 0 ror,138.7317259026431
NT,2025,21,129,ES1 0 ror,138.08458079442158
NT,2025,21,130,ES1 0 ror,137.23259010830623
NT,2025,21,131,ES1 0 ror,136.3352064107401
NT,2025,21,132,ES1 0 ror,135.4031890766749
NT,2025,21,133,ES1 0 ror,134.45064724559833
NT,2025,21,134,ES1 0 ror,133.27673119320448
NT,2025,21,135,ES1 0 ror,132.14666249185723
NT,2025,21,136,ES1 0 ror,130.9819239714926
NT,2025,21,137,ES1 0 ror,129.93153787744424
NT,2025,21,138,ES1 0 ror,129.08882816983524
NT,2025,21,139,ES1 0 ror,128.67518928534795
NT,2025,21,140,ES1 0 ror,128.2315429823294
NT,2025,21,141,ES1 0 ror,127.81225301143755
NT,2025,21,142,ES1 0 ror,127.45557923640796
NT,2025,21,143,ES1 0 ror,127.19005061501113
NT,2025,21,144,ES1 0 ror,126.95940795640294
NT,2025,21,145,ES1 0 ror,126.75729575672923
NT,2025,21,146,ES1 0 ror,126.57936926936294
NT,2025,21,147,ES1 0 ror,126.42824362256869
NT,2025,21,148,ES1 0 ror,126.29588225859581
NT,2025,21,149,ES1 0 ror,126.17953599543134
NT,2025,21,150,ES1 0 ror,126.0671227942977
NT,2025,21,151,ES1 0 ror,125.96497864337191
NT,2025,21,152,ES1 0 ror,125.81648176071653
NT,2025,21,153,ES1 0 ror,125.58747300023185
NT,2025,21,154,ES1 0 ror,125.19352741708144
NT,2025,21,155,ES1 0 ror,124.65641220312963
NT,2025,21,156,ES1 0 ror,124.11859702723575
NT,2025,21,157,ES1 0 ror,123.67598694281406
NT,2025,21,158,ES1 0 ror,123.01769468698068
NT,2025,21,159,ES1 0 ror,122.33063157247818
NT,2025,21,160,ES1 0 ror,121.70708170863321
NT,2025,21,161,ES1 0 ror,120.78493533527919
NT,2025,21,162,ES1 0 ror,120.03814048623394
NT,2025,21,163,ES1 0 ror,119.63098171265776
NT,2025,21,164,ES1 0 ror,119.52057035834312
NT,2025,21,165,ES1 0 ror,119.46221772913533
NT,2025,21,166,ES1 0 ror,119.42028376883228
NT,2025,21,167,ES1 0 ror,119.45183238841437
NT,2030,21,0,ES1 0 ror,314.8140170477002
NT,2030,21,1,ES1 0 ror,314.73018355677107
NT,2030,21,2,ES1 0 ror,314.6147561489352
NT,2030,21,3,ES1 0 ror,314.5068562243609
NT,2030,21,4,ES1 0 ror,314.4047130562428
NT,2030,21,5,ES1 0 ror,314.29613800132233
NT,2030,21,6,ES1 0 ror,314.2025901449515
NT,2030,21,7,ES1 0 ror,314.1305349825051
NT,2030,21,8,ES1 0 ror,314.0339248970487
NT,2030,21,9,ES1 0 ror,313.9077781564901
NT,2030,21,10,ES1 0 ror,313.84489435793364
NT,2030,21,11,ES1 0 ror,313.9872826501753
NT,2030,21,12,ES1 0 ror,314.50163463552605
NT,2030,21,13,ES1 0 ror,314.8742336017358
NT,2030,21,14,ES1 0 ror,315.45943748799016
NT,2030,21,15,ES1 0 ror,315.8075717979569
NT,2030,21,16,ES1 0 ror,316.371356144901
NT,2030,21,17,ES1 0 ror,317.0335113382327
NT,2030,21,18,ES1 0 ror,317.43319345421827
NT,2030,21,19,ES1 0 ror,317.7207136367134
NT,2030,21,20,ES1 0 ror,318.0812914387226
NT,2030,21,21,ES1 0 ror,318.05205417578856
NT,2030,21,22,ES1 0 ror,317.95183604504626
NT,2030,21,23,ES1 0 ror,317.80663568298235
NT,2030,21,24,ES1 0 ror,317.6409149169699
NT,2030,21,25,ES1 0 ror,317.4757814359115
NT,2030,21,26,ES1 0 ror,317.3839465764029
NT,2030,21,27,ES1 0 ror,317.30751750758725
NT,2030,21,28,ES1 0 ror,317.24828911751507
NT,2030,21,29,ES1 0 ror,317.1752380818728
NT,2030,21,30,ES1 0 ror,317.0582271160507
NT,2030,21,31,ES1 0 ror,317.006915888832
NT,2030,21,32,ES1 0 ror,316.91720302980195
NT,2030,21,33,ES1 0 ror,316.82567880406333
NT,2030,21,34,ES1 0 ror,316.78830956794997
NT,2030,21,35,ES1 0 ror,316.66873819165147
NT,2030,21,36,ES1 0 ror,316.1606416527448
NT,2030,21,37,ES1 0 ror,315.1176725526956
NT,2030,21,38,ES1 0 ror,313.6185899119811
NT,2030,21,39,ES1 0 ror,312.0622910044899
NT,2030,21,40,ES1 0 ror,310.61140412819907
NT,2030,21,41,ES1 0 ror,309.374398567084
NT,2030,21,42,ES1 0 ror,308.6386148030686
NT,2030,21,43,ES1 0 ror,307.66656700294095
NT,2030,21,44,ES1 0 ror,306.94094725663194
NT,2030,21,45,ES1 0 ror,306.31373345378483
NT,2030,21,46,ES1 0 ror,305.56945016483684
NT,2030,21,47,ES1 0 ror,304.5017872569377
NT,2030,21,48,ES1 0 ror,303.07801752795075
NT,2030,21,49,ES1 0 ror,301.53617166335425
NT,2030,21,50,ES1 0 ror,300.2237940108175
NT,2030,21,51,ES1 0 ror,299.06847328925005
NT,2030,21,52,ES1 0 ror,298.2042241663442
NT,2030,21,53,ES1 0 ror,297.39858560804055
NT,2030,21,54,ES1 0 ror,296.72693327138484
NT,2030,21,55,ES1 0 ror,295.8006180576296
NT,2030,21,56,ES1 0 ror,295.15634251547914
NT,2030,21,57,ES1 0 ror,294.91358180484724
NT,2030,21,58,ES1 0 ror,294.6938164637861
NT,2030,21,59,ES1 0 ror,294.460555964802
NT,2030,21,60,ES1 0 ror,293.9090950793824
NT,2030,21,61,ES1 0 ror,292.6458682227794
NT,2030,21,62,ES1 0 ror,291.2315469648485
NT,2030,21,63,ES1 0 ror,289.8630155114553
NT,2030,21,64,ES1 0 ror,288.4265352404083
NT,2030,21,65,ES1 0 ror,286.97996926776057
NT,2030,21,66,ES1 0 ror,286.23677630535786
NT,2030,21,67,ES1 0 ror,285.54767797527376
NT,2030,21,68,ES1 0 ror,285.21646399628855
NT,2030,21,69,ES1 0 ror,284.87002927962703
NT,2030,21,70,ES1 0 ror,284.5540083101571
NT,2030,21,71,ES1 0 ror,284.1839224929122
NT,2030,21,72,ES1 0 ror,283.7189138239182
NT,2030,21,73,ES1 0 ror,283.2857555297379
NT,2030,21,74,ES1 0 ror,282.8882017808662
NT,2030,21,75,ES1 0 ror,282.55297424508507
NT,2030,21,76,ES1 0 ror,282.3128052422593
NT,2030,21,77,ES1 0 ror,282.08885092065526
NT,2030,21,78,ES1 0 ror,281.88152490974187
NT,2030,21,79,ES1 0 ror,281.74525877164956
NT,2030,21,80,ES1 0 ror,281.6665463778992
NT,2030,21,81,ES1 0 ror,281.42394454799506
NT,2030,21,82,ES1 0 ror,281.08321315739386
NT,2030,21,83,ES1 0 ror,280.624972842125
NT,2030,21,84,ES1 0 ror,279.950957062102
NT,2030,21,85,ES1 0 ror,279.01453745711825
NT,2030,21,86,ES1 0 ror,277.727972008032
NT,2030,21,87,ES1 0 ror,276.26717777389854
NT,2030,21,88,ES1 0 ror,274.64646995770096
NT,2030,21,89,ES1 0 ror,273.53348461725807
NT,2030,21,90,ES1 0 ror,272.67574047605785
NT,2030,21,91,ES1 0 ror,271.9854790920038
NT,2030,21,92,ES1 0 ror,271.45231615693734
NT,2030,21,93,ES1 0 ror,270.9300199683598
NT,2030,21,94,ES1 0 ror,270.3136967799378
NT,2030,21,95,ES1 0 ror,269.75471565781766
NT,2030,21,96,ES1 0 ror,269.21547410244375
NT,2030,21,97,ES1 0 ror,268.6395211457531
NT,2030,21,98,ES1 0 ror,268.12754967714176
NT,2030,21,99,ES1 0 ror,267.6453826396301
NT,2030,21,100,ES1 0 ror,267.207955814658
NT,2030,21,101,ES1 0 ror,266.79039807103663
NT,2030,21,102,ES1 0 ror,266.30325681172405
NT,2030,21,103,ES1 0 ror,265.6602171088898
NT,2030,21,104,ES1 0 ror,264.8902229932333
NT,2030,21,105,ES1 0 ror,264.0035493454773
NT,2030,21,106,ES1 0 ror,263.0863146884797
NT,2030,21,107,ES1 0 ror,261.7260556043521
NT,2030,21,108,ES1 0 ror,260.2406728890341
NT,2030,21,109,ES1 0 ror,258.0559995244129
NT,2030,21,110,ES1 0 ror,255.50845802057225
NT,2030,21,111,ES1 0 ror,253.0411168708215
NT,2030,21,112,ES1 0 ror,250.78891087656808
NT,2030,21,113,ES1 0 ror,248.5613528614948
NT,2030,21,114,ES1 0 ror,246.87622955369474
NT,2030,21,115,ES1 0 ror,245.31328707608094
NT,2030,21,116,ES1 0 ror,244.3771012135737
NT,2030,21,117,ES1 0 ror,243.54962655112487
NT,2030,21,118,ES1 0 ror,242.54998251829477
NT,2030,21,119,ES1 0 ror,241.4323539171956
NT,2030,21,120,ES1 0 ror,240.4181181915083
NT,2030,21,121,ES1 0 ror,239.50030946750076
NT,2030,21,122,ES1 0 ror,238.40055161545274
NT,2030,21,123,ES1 0 ror,236.8948083248876
NT,2030,21,124,ES1 0 ror,235.2710662679911
NT,2030,21,125,ES1 0 ror,233.99230238199823
NT,2030,21,126,ES1 0 ror,232.85368002362515
NT,2030,21,127,ES1 0 ror,232.05821938449668
NT,2030,21,128,ES1 0 ror,231.21954317107182
NT,2030,21,129,ES1 0 ror,230.14096799070268
NT,2030,21,130,ES1 0 ror,228.7209835138437
NT,2030,21,131,ES1 0 ror,227.22534401790017
NT,2030,21,132,ES1 0 ror,225.67198179445813
NT,2030,21,133,ES1 0 ror,224.08441207599722
NT,2030,21,134,ES1 0 ror,222.12788532200747
NT,2030,21,135,ES1 0 ror,220.2444374864287
NT,2030,21,136,ES1 0 ror,218.30320661915434
NT,2030,21,137,ES1 0 ror,216.55256312907372
NT,2030,21,138,ES1 0 ror,215.1480469497254
NT,2030,21,139,ES1 0 ror,214.45864880891324
NT,2030,21,140,ES1 0 ror,213.7192383038823
NT,2030,21,141,ES1 0 ror,213.02042168572925
NT,2030,21,142,ES1 0 ror,212.42596539401325
NT,2030,21,143,ES1 0 ror,211.98341769168522
NT,2030,21,144,ES1 0 ror,211.59901326067157
NT,2030,21,145,ES1 0 ror,211.2621595945487
NT,2030,21,146,ES1 0 ror,210.96561544893825
NT,2030,21,147,ES1 0 ror,210.7137393709478
NT,2030,21,148,ES1 0 ror,210.49313709765968
NT,2030,21,149,ES1 0 ror,210.2992266590522
NT,2030,21,150,ES1 0 ror,210.11187132382952
NT,2030,21,151,ES1 0 ror,209.9416310722865
NT,2030,21,152,ES1 0 ror,209.6941362678609
NT,2030,21,153,ES1 0 ror,209.31245500038642
NT,2030,21,154,ES1 0 ror,208.6558790284691
NT,2030,21,155,ES1 0 ror,207.76068700521606
NT,2030,21,156,ES1 0 ror,206.86432837872627
NT,2030,21,157,ES1 0 ror,206.12664490469012
NT,2030,21,158,ES1 0 ror,205.02949114496778
NT,2030,21,159,ES1 0 ror,203.88438595413032
NT,2030,21,160,ES1 0 ror,202.84513618105535
NT,2030,21,161,ES1 0 ror,201.30822555879863
NT,2030,21,162,ES1 0 ror,200.06356747705655
NT,2030,21,163,ES1 0 ror,199.38496952109628
NT,2030,21,164,ES1 0 ror,199.20095059723852
NT,2030,21,165,ES1 0 ror,199.10369621522557
NT,2030,21,166,ES1 0 ror,199.03380628138711
NT,2030,21,167,ES1 0 ror,199.08638731402394
DE,2040,21,0,ES1 0 ror,314.8140170477002
DE,2040,21,1,ES1 0 ror,314.73018355677107
DE,2040,21,2,ES1 0 ror,314.6147561489352
DE,2040,21,3,ES1 0 ror,314.5068562243609
DE,2040,21,4,ES1 0 ror,314.4047130562428
DE,2040,21,5,ES1 0 ror,314.29613800132233
DE,2040,21,6,ES1 0 ror,314.2025901449515
DE,2040,21,7,ES1 0 ror,314.1305349825051
DE,2040,21,8,ES1 0 ror,314.0339248970487
DE,2040,21,9,ES1 0 ror,313.9077781564901
DE,2040,21,10,ES1 0 ror,313.84489435793364
DE,2040,21,11,ES1 0 ror,313.9872826501753
DE,2040,21,12,ES1 0 ror,314.50163463552605
DE,2040,21,13,ES1 0 ror,314.8742336017358
DE,2040,21,14,ES1 0 ror,315.45943748799016
DE,2040,21,15,ES1 0 ror,315.8075717979569
DE,2040,21,16,ES1 0 ror,316.371356144901
DE,2040,21,17,ES1 0 ror,317.0335113382327
DE,2040,21,18,ES1 0 ror,317.43319345421827
DE,2040,21,19,ES1 0 ror,317.7207136367134
DE,2040,21,20,ES1 0 ror,318.0812914387226
DE,2040,21,21,ES1 0 ror,318.05205417578856
DE,2040,21,22,ES1 0 ror,317.95183604504626
DE,2040,21,23,ES1 0 ror,317.80663568298235
DE,2040,21,24,ES1 0 ror,317.6409149169699
DE,2040,21,25,ES1 0 ror,317.4757814359115
DE,2040,21,26,ES1 0 ror,317.3839465764029
DE,2040,21,27,ES1 0 ror,317.30751750758725
DE,2040,21,28,ES1 0 ror,317.24828911751507
DE,2040,21,29,ES1 0 ror,317.1752380818728
DE,2040,21,30,ES1 0 ror,317.0582271160507
DE,2040,21,31,ES1 0 ror,317.006915888832
DE,2040,21,32,ES1 0 ror,316.91720302980195
DE,2040,21,33,ES1 0 ror,316.82567880406333
DE,2040,21,34,ES1 0 ror,316.78830956794997
DE,2040,21,35,ES1 0 ror,316.66873819165147
DE,2040,21,36,ES1 0 ror,316.1606416527448
DE,2040,21,37,ES1 0 ror,315.1176725526956
DE,2040,21,38,ES1 0 ror,313.6185899119811
DE,2040,21,39,ES1 0 ror,312.0622910044899
DE,2040,21,40,ES1 0 ror,310.61140412819907
DE,2040,21,41,ES1 0 ror,309.374398567084
DE,2040,21,42,ES1 0 ror,308.6386148030686
DE,2040,21,43,ES1 0 ror,307.66656700294095
DE,2040,21,44,ES1 0 ror,306.94094725663194
DE,2040,21,45,ES1 0 ror,306.31373345378483
DE,2040,21,46,ES1 0 ror,305.56945016483684
DE,2040,21,47,ES1 0 ror,304.5017872569377
DE,2040,21,48,ES1 0 ror,303.07801752795075
DE,2040,21,49,ES1 0 ror,301.53617166335425
DE,2040,21,50,ES1 0 ror,300.2237940108175
DE,2040,21,51,ES1 0 ror,299.06847328925005
DE,2040,21,52,ES1 0 ror,298.2042241663442
DE,2040,21,53,ES1 0 ror,297.39858560804055
DE,2040,21,54,ES1 0 ror,296.72693327138484
DE,2040,21,55,ES1 0 ror,295.8006180576296
DE,2040,21,56,ES1 0 ror,295.15634251547914
DE,2040,21,57,ES1 0 ror,294.91358180484724
DE,2040,21,58,ES1 0 ror,294.6938164637861
DE,2040,21,59,ES1 0 ror,294.460555964802
DE,2040,21,60,ES1 0 ror,293.9090950793824
DE,2040,21,61,ES1 0 ror,292.6458682227794
DE,2040,21,62,ES1 0 ror,291.2315469648485
DE,2040,21,63,ES1 0 ror,289.8630155114553
DE,2040,21,64,ES1 0 ror,288.4265352404083
DE,2040,21,65,ES1 0 ror,286.97996926776057
DE,2040,21,66,ES1 0 ror,286.23677630535786
DE,2040,21,67,ES1 0 ror,285.54767797527376
DE,2040,21,68,ES1 0 ror,285.21646399628855
DE,2040,21,69,ES1 0 ror,284.87002927962703
DE,2040,21,70,ES1 0 ror,284.5540083101571
DE,2040,21,71,ES1 0 ror,284.1839224929122
DE,2040,21,72,ES1 0 ror,283.7189138239182
DE,2040,21,73,ES1 0 ror,283.2857555297379
DE,2040,21,74,ES1 0 ror,282.8882017808662
DE,2040,21,75,ES1 0 ror,282.55297424508507
DE,2040,21,76,ES1 0 ror,282.3128052422593
DE,2040,21,77,ES1 0 ror,282.08885092065526
DE,2040,21,78,ES1 0 ror,281.88152490974187
DE,2040,21,79,ES1 0 ror,281.74525877164956
DE,2040,21,80,ES1 0 ror,281.6665463778992
DE,2040,21,81,ES1 0 ror,281.42394454799506
DE,2040,21,82,ES1 0 ror,281.08321315739386
DE,2040,21,83,ES1 0 ror,280.624972842125
DE,2040,21,84,ES1 0 ror,279.950957062102
DE,2040,21,85,ES1 0 ror,279.01453745711825
DE,2040,21,86,ES1 0 ror,277.727972008032
DE,2040,21,87,ES1 0 ror,276.26717777389854
DE,2040,21,88,ES1 0 ror,274.64646995770096
DE,2040,21,89,ES1 0 ror,273.53348461725807
DE,2040,21,90,ES1 0 ror,272.67574047605785
DE,2040,21,91,ES1 0 ror,271.9854790920038
DE,2040,21,92,ES1 0 ror,271.45231615693734
DE,2040,21,93,ES1 0 ror,270.9300199683598
DE,2040,21,94,ES1 0 ror,270.3136967799378
DE,2040,21,95,ES1 0 ror,269.75471565781766
DE,2040,21,96,ES1 0 ror,269.21547410244375
DE,2040,21,97,ES1 0 ror,268.6395211457531
DE,2040,21,98,ES1 0 ror,268.12754967714176
DE,2040,21,99,ES1 0 ror,267.6453826396301
DE,2040,21,100,ES1 0 ror,267.207955814658
DE,2040,21,101,ES1 0 ror,266.79039807103663
DE,2040,21,102,ES1 0 ror,266.30325681172405
DE,2040,21,103,ES1 0 ror,265.6602171088898
DE,2040,21,104,ES1 0 ror,264.8902229932333
DE,2040,21,105,ES1 0 ror,264.0035493454773
DE,2040,21,106,ES1 0 ror,263.0863146884797
DE,2040,21,107,ES1 0 ror,261.7260556043521
DE,2040,21,108,ES1 0 ror,260.2406728890341
DE,2040,21,109,ES1 0 ror,258.0559995244129
DE,2040,21,110,ES1 0 ror,255.50845802057225
DE,2040,21,111,ES1 0 ror,253.0411168708215
DE,2040,21,112,ES1 0 ror,250.78891087656808
DE,2040,21,113,ES1 0 ror,248.5613528614948
DE,2040,21,114,ES1 0 ror,246.87622955369474
DE,2040,21,115,ES1 0 ror,245.31328707608094
DE,2040,21,116,ES1 0 ror,244.3771012135737
DE,2040,21,117,ES1 0 ror,243.54962655112487
DE,2040,21,118,ES1 0 ror,242.54998251829477
DE,2040,21,119,ES1 0 ror,241.4323539171956
DE,2040,21,120,ES1 0 ror,240.4181181915083
DE,2040,21,121,ES1 0 ror,239.50030946750076
DE,2040,21,122,ES1 0 ror,238.40055161545274
DE,2040,21,123,ES1 0 ror,236.8948083248876
DE,2040,21,124,ES1 0 ror,235.2710662679911
DE,2040,21,125,ES1 0 ror,233.99230238199823
DE,2040,21,126,ES1 0 ror,232.85368002362515
DE,2040,21,127,ES1 0 ror,232.05821938449668
DE,2040,21,128,ES1 0 ror,231.21954317107182
DE,2040,21,129,ES1 0 ror,230.14096799070268
DE,2040,21,130,ES1 0 ror,228.7209835138437
DE,2040,21,131,ES1 0 ror,227.22534401790017
DE,2040,21,132,ES1 0 ror,225.67198179445813
DE,2040,21,133,ES1 0 ror,224.08441207599722
DE,2040,21,134,ES1 0 ror,222.12788532200747
DE,2040,21,135,ES1 0 ror,220.2444374864287
DE,2040,21,136,ES1 0 ror,218.30320661915434
DE,2040,21,137,ES1 0 ror,216.55256312907372
DE,2040,21,138,ES1 0 ror,215.1480469497254
DE,2040,21,139,ES1 0 ror,214.45864880891324
DE,2040,21,140,ES1 0 ror,213.7192383038823
DE,2040,21,141,ES1 0 ror,213.02042168572925
DE,2040,21,142,ES1 0 ror,212.42596539401325
DE,2040,21,143,ES1 0 ror,211.98341769168522
DE,2040,21,144,ES1 0 ror,211.59901326067157
DE,2040,21,145,ES1 0 ror,211.2621595945487
DE,2040,21,146,ES1 0 ror,210.96561544893825
DE,2040,21,147,ES1 0 ror,210.7137393709478
DE,2040,21,148,ES1 0 ror,210.49313709765968
DE,2040,21,149,ES1 0 ror,210.2992266590522
DE,2040,21,150,ES1 0 ror,210.11187132382952
DE,2040,21,151,ES1 0 ror,209.9416310722865
DE,2040,21,152,ES1 0 ror,209.6941362678609
DE,2040,21,153,ES1 0 ror,209.31245500038642
DE,2040,21,154,ES1 0 ror,208.6558790284691
DE,2040,21,155,ES1 0 ror,207.76068700521606
DE,2040,21,156,ES1 0 ror,206.86432837872627
DE,2040,21,157,ES1 0 ror,206.12664490469012
DE,2040,21,158,ES1 0 ror,205.02949114496778
DE,2040,21,159,ES1 0 ror,203.88438595413032
DE,2040,21,160,ES1 0 ror,202.84513618105535
DE,2040,21,161,ES1 0 ror,201.30822555879863
DE,2040,21,162,ES1 0 ror,200.06356747705655
DE,2040,21,163,ES1 0 ror,199.38496952109628
DE,2040,21,164,ES1 0 ror,199.20095059723852
DE,2040,21,165,ES1 0 ror,199.10369621522557
DE,2040,21,166,ES1 0 ror,199.03380628138711
DE,2040,21,167,ES1 0 ror,199.08638731402394
DE,2050,21,0,ES1 0 ror,314.8140170477002
DE,2050,21,1,ES1 0 ror,314.73018355677107
DE,2050,21,2,ES1 0 ror,314.6147561489352
DE,2050,21,3,ES1 0 ror,314.5068562243609
DE,2050,21,4,ES1 0 ror,314.4047130562428
DE,2050,21,5,ES1 0 ror,314.29613800132233
DE,2050,21,6,ES1 0 ror,314.2025901449515
DE,2050,21,7,ES1 0 ror,314.1305349825051
DE,2050,21,8,ES1 0 ror,314.0339248970487
DE,2050,21,9,ES1 0 ror,313.9077781564901
DE,2050,21,10,ES1 0 ror,313.84489435793364
DE,2050,21,11,ES1 0 ror,313.9872826501753
DE,2050,21,12,ES1 0 ror,314.50163463552605
DE,2050,21,13,ES1 0 ror,314.8742336017358
DE,2050,21,14,ES1 0 ror,315.45943748799016
DE,2050,21,15,ES1 0 ror,315.8075717979569
DE,2050,21,16,ES1 0 ror,316.371356144901
DE,2050,21,17,ES1 0 ror,317.0335113382327
DE,2050,21,18,ES1 0 ror,317.43319345421827
DE,2050,21,19,ES1 0 ror,317.7207136367134
DE,2050,21,20,ES1 0 ror,318.0812914387226
DE,2050,21,21,ES1 0 ror,318.05205417578856
DE,2050,21,22,ES1 0 ror,317.95183604504626
DE,2050,21,23,ES1 0 ror,317.80663568298235
DE,2050,21,24,ES1 0 ror,317.6409149169699
DE,2050,21,25,ES1 0 ror,317.4757814359115
DE,2050,21,26,ES1 0 ror,317.3839465764029
DE,2050,21,27,ES1 0 ror,317.30751750758725
DE,2050,21,28,ES1 0 ror,317.24828911751507
DE,2050,21,29,ES1 0 ror,317.1752380818728
DE,2050,21,30,ES1 0 ror,317.0582271160507
DE,2050,21,31,ES1 0 ror,317.006915888832
DE,2050,21,32,ES1 0 ror,316.91720302980195
DE,2050,21,33,ES1 0 ror,316.82567880406333
DE,2050,21,34,ES1 0 ror,316.78830956794997
DE,2050,21,35,ES1 0 ror,316.66873819165147
DE,2050,21,36,ES1 0 ror,316.1606416527448
DE,2050,21,37,ES1 0 ror,315.1176725526956
DE,2050,21,38,ES1 0 ror,313.6185899119811
DE,2050,21,39,ES1 0 ror,312.0622910044899
DE,2050,21,40,ES1 0 ror,310.61140412819907
DE,2050,21,41,ES1 0 ror,309.374398567084
DE,2050,21,42,ES1 0 ror,308.6386148030686
DE,2050,21,43,ES1 0 ror,307.66656700294095
DE,2050,21,44,ES1 0 ror,306.94094725663194
DE,2050,21,45,ES1 0 ror,306.31373345378483
DE,2050,21,46,ES1 0 ror,305.56945016483684
DE,2050,21,47,ES1 0 ror,304.5017872569377
DE,2050,21,48,ES1 0 ror,303.07801752795075
DE,2050,21,49,ES1 0 ror,301.53617166335425
DE,2050,21,50,ES1 0 ror,300.2237940108175
DE,2050,21,51,ES1 0 ror,299.06847328925005
DE,2050,21,52,ES1 0 ror,298.2042241663442
DE,2050,21,53,ES1 0 ror,297.39858560804055
DE,2050,21,54,ES1 0 ror,296.72693327138484
DE,2050,21,55,ES1 0 ror,295.8006180576296
DE,2050,21,56,ES1 0 ror,295.15634251547914
DE,2050,21,57,ES1 0 ror,294.91358180484724
DE,2050,21,58,ES1 0 ror,294.6938164637861
DE,2050,21,59,ES1 0 ror,294.460555964802
DE,2050,21,60,ES1 0 ror,293.9090950793824
DE,2050,21,61,ES1 0 ror,292.6458682227794
DE,2050,21,62,ES1 0 ror,291.2315469648485
DE,2050,21,63,ES1 0 ror,289.8630155114553
DE,2050,21,64,ES1 0 ror,288.4265352404083
DE,2050,21,65,ES1 0 ror,286.97996926776057
DE,2050,21,66,ES1 0 ror,286.23677630535786
DE,2050,21,67,ES1 0 ror,285.54767797527376
DE,2050,21,68,ES1 0 ror,285.21646399628855
DE,2050,21,69,ES1 0 ror,284.87002927962703
DE,2050,21,70,ES1 0 ror,284.5540083101571
DE,2050,21,71,ES1 0 ror,284.1839224929122
DE,2050,21,72,ES1 0 ror,283.7189138239182
DE,2050,21,73,ES1 0 ror,283.2857555297379
DE,2050,21,74,ES1 0 ror,282.8882017808662
DE,2050,21,75,ES1 0 ror,282.55297424508507
DE,2050,21,76,ES1 0 ror,282.3128052422593
DE,2050,21,77,ES1 0 ror,282.08885092065526
DE,2050,21,78,ES1 0 ror,281.88152490974187
DE,2050,21,79,ES1 0 ror,281.74525877164956
DE,2050,21,80,ES1 0 ror,281.6665463778992
DE,2050,21,81,ES1 0 ror,281.42394454799506
DE,2050,21,82,ES1 0 ror,281.08321315739386
DE,2050,21,83,ES1 0 ror,280.624972842125
DE,2050,21,84,ES1 0 ror,279.950957062102
DE,2050,21,85,ES1 0 ror,279.01453745711825
DE,2050,21,86,ES1 0 ror,277.727972008032
DE,2050,21,87,ES1 0 ror,276.26717777389854
DE,2050,21,88,ES1 0 ror,274.64646995770096
DE,2050,21,89,ES1 0 ror,273.53348461725807
DE,2050,21,90,ES1 0 ror,272.67574047605785
DE,2050,21,91,ES1 0 ror,271.9854790920038
DE,2050,21,92,ES1 0 ror,271.45231615693734
DE,2050,21,93,ES1 0 ror,270.9300199683598
DE,2050,21,94,ES1 0 ror,270.3136967799378
DE,2050,21,95,ES1 0 ror,269.75471565781766
DE,2050,21,96,ES1 0 ror,269.21547410244375
DE,2050,21,97,ES1 0 ror,268.6395211457531
DE,2050,21,98,ES1 0 ror,268.12754967714176
DE,2050,21,99,ES1 0 ror,267.6453826396301
DE,2050,21,100,ES1 0 ror,267.207955814658
DE,2050,21,101,ES1 0 ror,266.79039807103663
DE,2050,21,102,ES1 0 ror,266.30325681172405
DE,2050,21,103,ES1 0 ror,265.6602171088898
DE,2050,21,104,ES1 0 ror,264.8902229932333
DE,2050,21,105,ES1 0 ror,264.0035493454773
DE,2050,21,106,ES1 0 ror,263.0863146884797
DE,2050,21,107,ES1 0 ror,261.7260556043521
DE,2050,21,108,ES1 0 ror,260.2406728890341
DE,2050,21,109,ES1 0 ror,258.0559995244129
DE,2050,21,110,ES1 0 ror,255.50845802057225
DE,2050,21,111,ES1 0 ror,253.0411168708215
DE,2050,21,112,ES1 0 ror,250.78891087656808
DE,2050,21,113,ES1 0 ror,248.5613528614948
DE,2050,21,114,ES1 0 ror,246.87622955369474
DE,2050,21,115,ES1 0 ror,245.31328707608094
DE,2050,21,116,ES1 0 ror,244.3771012135737
DE,2050,21,117,ES1 0 ror,243.54962655112487
DE,2050,21,118,ES1 0 ror,242.54998251829477
DE,2050,21,119,ES1 0 ror,241.4323539171956
DE,2050,21,120,ES1 0 ror,240.4181181915083
DE,2050,21,121,ES1 0 ror,239.50030946750076
DE,2050,21,122,ES1 0 ror,238.40055161545274
DE,2050,21,123,ES1 0 ror,236.8948083248876
DE,2050,21,124,ES1 0 ror,235.2710662679911
DE,2050,21,125,ES1 0 ror,233.99230238199823
DE,2050,21,126,ES1 0 ror,232.85368002362515
DE,2050,21,127,ES1 0 ror,232.05821938449668
DE,2050,21,128,ES1 0 ror,231.21954317107182
DE,2050,21,129,ES1 0 ror,230.14096799070268
DE,2050,21,130,ES1 0 ror,228.7209835138437
DE,2050,21,131,ES1 0 ror,227.22534401790017
DE,2050,21,132,ES1 0 ror,225.67198179445813
DE,2050,21,133,ES1 0 ror,224.08441207599722
DE,2050,21,134,ES1 0 ror,222.12788532200747
DE,2050,21,135,ES1 0 ror,220.2444374864287
DE,2050,21,136,ES1 0 ror,218.30320661915434
DE,2050,21,137,ES1 0 ror,216.55256312907372
DE,2050,21,138,ES1 0 ror,215.1480469497254
DE,2050,21,139,ES1 0 ror,214.45864880891324
DE,2050,21,140,ES1 0 ror,213.7192383038823
DE,2050,21,141,ES1 0 ror,213.02042168572925
DE,2050,21,142,ES1 0 ror,212.42596539401325
DE,2050,21,143,ES1 0 ror,211.98341769168522
DE,2050,21,144,ES1 0 ror,211.59901326067157
DE,2050,21,145,ES1 0 ror,211.2621595945487
DE,2050,21,146,ES1 0 ror,210.96561544893825
DE,2050,21,147,ES1 0 ror,210.7137393709478
DE,2050,21,148,ES1 0 ror,210.49313709765968
DE,2050,21,149,ES1 0 ror,210.2992266590522
DE,2050,21,150,ES1 0 ror,210.11187132382952
DE,2050,21,151,ES1 0 ror,209.9416310722865
DE,2050,21,152,ES1 0 ror,209.6941362678609
DE,2050,21,153,ES1 0 ror,209.31245500038642
DE,2050,21,154,ES1 0 ror,208.6558790284691
DE,2050,21,155,ES1 0 ror,207.76068700521606
DE,2050,21,156,ES1 0 ror,206.86432837872627
DE,2050,21,157,ES1 0 ror,206.12664490469012
DE,2050,21,158,ES1 0 ror,205.02949114496778
DE,2050,21,159,ES1 0 ror,203.88438595413032
DE,2050,21,160,ES1 0 ror,202.84513618105535
DE,2050,21,161,ES1 0 ror,201.30822555879863
DE,2050,21,162,ES1 0 ror,200.06356747705655
DE,2050,21,163,ES1 0 ror,199.38496952109628
DE,2050,21,164,ES1 0 ror,199.20095059723852
DE,2050,21,165,ES1 0 ror,199.10369621522557
DE,2050,21,166,ES1 0 ror,199.03380628138711
DE,2050,21,167,ES1 0 ror,199.08638731402394
NT,2025,21,0,ES1 0 solar,0.0
NT,2025,21,1,ES1 0 solar,0.0
NT,2025,21,2,ES1 0 solar,0.0
NT,2025,21,3,ES1 0 solar,0.0
NT,2025,21,4,ES1 0 solar,0.0
NT,2025,21,5,ES1 0 solar,3.8157447605668615
NT,2025,21,6,ES1 0 solar,1140.4623598652267
NT,2025,21,7,ES1 0 solar,7317.286424211246
NT,2025,21,8,ES1 0 solar,12331.096620599244
NT,2025,21,9,ES1 0 solar,14711.702964130529
NT,2025,21,10,ES1 0 solar,15448.093412596554
NT,2025,21,11,ES1 0 solar,15752.605875475861
NT,2025,21,12,ES1 0 solar,16096.207696618614
NT,2025,21,13,ES1 0 solar,15617.48506153884
NT,2025,21,14,ES1 0 solar,15376.90531849899
NT,2025,21,15,ES1 0 solar,13453.70733014452
NT,2025,21,16,ES1 0 solar,9695.844718788057
NT,2025,21,17,ES1 0 solar,5281.810026437748
NT,2025,21,18,ES1 0 solar,1423.9283369773661
NT,2025,21,19,ES1 0 solar,0.0
NT,2025,21,20,ES1 0 solar,0.0
NT,2025,21,21,ES1 0 solar,0.0
NT,2025,21,22,ES1 0 solar,0.0
NT,2025,21,23,ES1 0 solar,0.0
NT,2025,21,24,ES1 0 solar,0.0
NT,2025,21,25,ES1 0 solar,0.0
NT,2025,21,26,ES1 0 solar,0.0
NT,2025,21,27,ES1 0 solar,0.0
NT,2025,21,28,ES1 0 solar,0.0
NT,2025,21,29,ES1 0 solar,0.0
NT,2025,21,30,ES1 0 solar,1080.2551170369152
NT,2025,21,31,ES1 0 solar,6199.124647365148
NT,2025,21,32,ES1 0 solar,10843.522152037862
NT,2025,21,33,ES1 0 solar,13911.800043785173
NT,2025,21,34,ES1 0 solar,16024.113962122137
NT,2025,21,35,ES1 0 solar,17367.21734745218
NT,2025,21,36,ES1 0 solar,17445.002871556804
NT,2025,21,37,ES1 0 solar,16346.969771261407
NT,2025,21,38,ES1 0 solar,14819.172676223385
NT,2025,21,39,ES1 0 solar,12161.116956763555
NT,2025,21,40,ES1 0 solar,8793.412325834046
NT,2025,21,41,ES1 0 solar,4963.44061990053
NT,2025,21,42,ES1 0 solar,1474.127541109643
NT,2025,21,43,ES1 0 solar,0.0
NT,2025,21,44,ES1 0 solar,0.0
NT,2025,21,45,ES1 0 solar,0.0
NT,2025,21,46,ES1 0 solar,0.0
NT,2025,21,47,ES1 0 solar,0.0
NT,2025,21,48,ES1 0 solar,0.0
NT,2025,21,49,ES1 0 solar,0.0
NT,2025,21,50,ES1 0 solar,0.0
NT,2025,21,51,ES1 0 solar,0.0
NT,2025,21,52,ES1 0 solar,0.0
NT,2025,21,53,ES1 0 solar,0.02780851670216064
NT,2025,21,54,ES1 0 solar,940.18351798352
NT,2025,21,55,ES1 0 solar,7428.528784187645
NT,2025,21,56,ES1 0 solar,13662.82263479217
NT,2025,21,57,ES1 0 solar,18330.454801652057
NT,2025,21,58,ES1 0 solar,21624.066593851898
NT,2025,21,59,ES1 0 solar,23904.641444462042
NT,2025,21,60,ES1 0 solar,24379.534569963667
NT,2025,21,61,ES1 0 solar,23015.140903049556
NT,2025,21,62,ES1 0 solar,20495.401473247104
NT,2025,21,63,ES1 0 solar,16720.333569998256
NT,2025,21,64,ES1 0 solar,11892.340657608442
NT,2025,21,65,ES1 0 solar,6486.801121148648
NT,2025,21,66,ES1 0 solar,1721.5755011605174
NT,2025,21,67,ES1 0 solar,0.0
NT,2025,21,68,ES1 0 solar,0.0
NT,2025,21,69,ES1 0 solar,0.0
NT,2025,21,70,ES1 0 solar,0.0
NT,2025,21,71,ES1 0 solar,0.0
NT,2025,21,72,ES1 0 solar,0.0
NT,2025,21,73,ES1 0 solar,0.0
NT,2025,21,74,ES1 0 solar,0.0
NT,2025,21,75,ES1 0 solar,0.0
NT,2025,21,76,ES1 0 solar,0.0
NT,2025,21,77,ES1 0 solar,0.0
NT,2025,21,78,ES1 0 solar,512.4140649537596
NT,2025,21,79,ES1 0 solar,7508.022654389188
NT,2025,21,80,ES1 0 solar,14614.092828600944
NT,2025,21,81,ES1 0 solar,19537.022468748866
NT,2025,21,82,ES1 0 solar,22777.172493045808
NT,2025,21,83,ES1 0 solar,24918.47167286784
NT,2025,21,84,ES1 0 solar,25402.657008422728
NT,2025,21,85,ES1 0 solar,24243.080682351985
NT,2025,21,86,ES1 0 solar,21692.88281708362
NT,2025,21,87,ES1 0 solar,17614.32400129236
NT,2025,21,88,ES1 0 solar,12428.749132305526
NT,2025,21,89,ES1 0 solar,6730.901922988436
NT,2025,21,90,ES1 0 solar,1735.6555289351936
NT,2025,21,91,ES1 0 solar,0.0
NT,2025,21,92,ES1 0 solar,0.0
NT,2025,21,93,ES1 0 solar,0.0
NT,2025,21,94,ES1 0 solar,0.0
NT,2025,21,95,ES1 0 solar,0.0
NT,2025,21,96,ES1 0 solar,0.0
NT,2025,21,97,ES1 0 solar,0.0
NT,2025,21,98,ES1 0 solar,0.0
NT,2025,21,99,ES1 0 solar,0.0
NT,2025,21,100,ES1 0 solar,0.0
NT,2025,21,101,ES1 0 solar,2.0974410112446975
NT,2025,21,102,ES1 0 solar,592.2791215311247
NT,2025,21,103,ES1 0 solar,7791.314624593459
NT,2025,21,104,ES1 0 solar,14832.437763225998
NT,2025,21,105,ES1 0 solar,20116.61987824881
NT,2025,21,106,ES1 0 solar,23808.804578947802
NT,2025,21,107,ES1 0 solar,25961.26609019909
NT,2025,21,108,ES1 0 solar,26283.35738976256
NT,2025,21,109,ES1 0 solar,24962.240338045107
NT,2025,21,110,ES1 0 solar,22412.04185409192
NT,2025,21,111,ES1 0 solar,18327.6112261819
NT,2025,21,112,ES1 0 solar,12929.598496639395
NT,2025,21,113,ES1 0 solar,7008.76141365572
NT,2025,21,114,ES1 0 solar,1843.3515290277549
NT,2025,21,115,ES1 0 solar,0.4385899189602865
NT,2025,21,116,ES1 0 solar,0.0
NT,2025,21,117,ES1 0 solar,0.0
NT,2025,21,118,ES1 0 solar,0.0
NT,2025,21,119,ES1 0 solar,0.0
NT,2025,21,120,ES1 0 solar,0.0
NT,2025,21,121,ES1 0 solar,0.0
NT,2025,21,122,ES1 0 solar,0.0
NT,2025,21,123,ES1 0 solar,0.0
NT,2025,21,124,ES1 0 solar,0.0
NT,2025,21,125,ES1 0 solar,0.09230107144361696
NT,2025,21,126,ES1 0 solar,788.8065271640481
NT,2025,21,127,ES1 0 solar,7519.846449065319
NT,2025,21,128,ES1 0 solar,14229.982748580982
NT,2025,21,129,ES1 0 solar,19418.866719433907
NT,2025,21,130,ES1 0 solar,23152.693182672538
NT,2025,21,131,ES1 0 solar,25722.210637774744
NT,2025,21,132,ES1 0 solar,26447.164157570453
NT,2025,21,133,ES1 0 solar,25369.965700643203
NT,2025,21,134,ES1 0 solar,22651.756828396137
NT,2025,21,135,ES1 0 solar,18495.975943446978
NT,2025,21,136,ES1 0 solar,13179.903084182894
NT,2025,21,137,ES1 0 solar,7190.4533292861415
NT,2025,21,138,ES1 0 solar,1896.037014077697
NT,2025,21,139,ES1 0 solar,0.6634591651925709
NT,2025,21,140,ES1 0 solar,0.0
NT,2025,21,141,ES1 0 solar,0.0
NT,2025,21,142,ES1 0 solar,0.0
NT,2025,21,143,ES1 0 solar,0.0
NT,2025,21,144,ES1 0 solar,0.0
NT,2025,21,145,ES1 0 solar,0.0
NT,2025,21,146,ES1 0 solar,0.0
NT,2025,21,147,ES1 0 solar,0.0
NT,2025,21,148,ES1 0 solar,0.0
NT,2025,21,149,ES1 0 solar,0.0
NT,2025,21,150,ES1 0 solar,990.5703759552439
NT,2025,21,151,ES1 0 solar,7441.157144747232
NT,2025,21,152,ES1 0 solar,13316.967389772562
NT,2025,21,153,ES1 0 solar,17752.54743151058
NT,2025,21,154,ES1 0 solar,20567.184410142032
NT,2025,21,155,ES1 0 solar,21805.020921539053
NT,2025,21,156,ES1 0 solar,21490.253519246326
NT,2025,21,157,ES1 0 solar,19701.317263942874
NT,2025,21,158,ES1 0 solar,17259.85273802196
NT,2025,21,159,ES1 0 solar,13730.709985350037
NT,2025,21,160,ES1 0 solar,9196.163641349583
NT,2025,21,161,ES1 0 solar,4958.092846990214
NT,2025,21,162,ES1 0 solar,1475.0207812059748
NT,2025,21,163,ES1 0 solar,1.6203873933537407
NT,2025,21,164,ES1 0 solar,0.0
NT,2025,21,165,ES1 0 solar,0.0
NT,2025,21,166,ES1 0 solar,0.0
NT,2025,21,167,ES1 0 solar,0.0
NT,2030,21,0,ES1 0 solar,0.0
NT,2030,21,1,ES1 0 solar,0.0
NT,2030,21,2,ES1 0 solar,0.0
NT,2030,21,3,ES1 0 solar,0.0
NT,2030,21,4,ES1 0 solar,0.0
NT,2030,21,5,ES1 0 solar,6.35957460094477
NT,2030,21,6,ES1 0 solar,1900.770599775378
NT,2030,21,7,ES1 0 solar,12195.47737368541
NT,2030,21,8,ES1 0 solar,20551.827700998743
NT,2030,21,9,ES1 0 solar,24519.50494021755
NT,2030,21,10,ES1 0 solar,25746.822354327593
NT,2030,21,11,ES1 0 solar,26254.3431257931
NT,2030,21,12,ES1 0 solar,26827.01282769769
NT,2030,21,13,ES1 0 solar,26029.1417692314
NT,2030,21,14,ES1 0 solar,25628.17553083165
NT,2030,21,15,ES1 0 solar,22422.84555024087
NT,2030,21,16,ES1 0 solar,16159.741197980095
NT,2030,21,17,ES1 0 solar,8803.01671072958
NT,2030,21,18,ES1 0 solar,2373.2138949622768
NT,2030,21,19,ES1 0 solar,0.0
NT,2030,21,20,ES1 0 solar,0.0
NT,2030,21,21,ES1 0 solar,0.0
NT,2030,21,22,ES1 0 solar,0.0
NT,2030,21,23,ES1 0 solar,0.0
NT,2030,21,24,ES1 0 solar,0.0
NT,2030,21,25,ES1 0 solar,0.0
NT,2030,21,26,ES1 0 solar,0.0
NT,2030,21,27,ES1 0 solar,0.0
NT,2030,21,28,ES1 0 solar,0.0
NT,2030,21,29,ES1 0 solar,0.0
NT,2030,21,30,ES1 0 solar,1800.4251950615253
NT,2030,21,31,ES1 0 solar,10331.874412275247
NT,2030,21,32,ES1 0 solar,18072.536920063103
NT,2030,21,33,ES1 0 solar,23186.333406308622
NT,2030,21,34,ES1 0 solar,26706.856603536893
NT,2030,21,35,ES1 0 solar,28945.362245753637
NT,2030,21,36,ES1 0 solar,29075.004785928002
NT,2030,21,37,ES1 0 solar,27244.94961876901
NT,2030,21,38,ES1 0 solar,24698.621127038972
NT,2030,21,39,ES1 0 solar,20268.528261272593
NT,2030,21,40,ES1 0 solar,14655.68720972341
NT,2030,21,41,ES1 0 solar,8272.401033167549
NT,2030,21,42,ES1 0 solar,2456.8792351827387
NT,2030,21,43,ES1 0 solar,0.0
NT,2030,21,44,ES1 0 solar,0.0
NT,2030,21,45,ES1 0 solar,0.0
NT,2030,21,46,ES1 0 solar,0.0
NT,2030,21,47,ES1 0 solar,0.0
NT,2030,21,48,ES1 0 solar,0.0
NT,2030,21,49,ES1 0 solar,0.0
NT,2030,21,50,ES1 0 solar,0.0
NT,2030,21,51,ES1 0 solar,0.0
NT,2030,21,52,ES1 0 solar,0.0
NT,2030,21,53,ES1 0 solar,0.046347527836934396
NT,2030,21,54,ES1 0 solar,1566.9725299725335
NT,2030,21,55,ES1 0 solar,12380.881306979409
NT,2030,21,56,ES1 0 solar,22771.371057986948
NT,2030,21,57,ES1 0 solar,30550.758002753428
NT,2030,21,58,ES1 0 solar,35698.43687329654
NT,2030,21,59,ES1 0 solar,34872.86666013865
NT,2030,21,60,ES1 0 solar,31082.537466126054
NT,2030,21,61,ES1 0 solar,32947.27146890609
NT,2030,21,62,ES1 0 solar,33137.79985130889
NT,2030,21,63,ES1 0 solar,27867.222616663756
NT,2030,21,64,ES1 0 solar,19820.567762680734
NT,2030,21,65,ES1 0 solar,10811.335201914415
NT,2030,21,66,ES1 0 solar,2869.292501934196
NT,2030,21,67,ES1 0 solar,0.0
NT,2030,21,68,ES1 0 solar,0.0
NT,2030,21,69,ES1 0 solar,0.0
NT,2030,21,70,ES1 0 solar,0.0
NT,2030,21,71,ES1 0 solar,0.0
NT,2030,21,72,ES1 0 solar,0.0
NT,2030,21,73,ES1 0 solar,0.0
NT,2030,21,74,ES1 0 solar,0.0
NT,2030,21,75,ES1 0 solar,0.0
NT,2030,21,76,ES1 0 solar,0.0
NT,2030,21,77,ES1 0 solar,0.0
NT,2030,21,78,ES1 0 solar,854.0234415895995
NT,2030,21,79,ES1 0 solar,12513.371090648645
NT,2030,21,80,ES1 0 solar,24356.821381001573
NT,2030,21,81,ES1 0 solar,32561.704114581444
NT,2030,21,82,ES1 0 solar,35282.60244939368
NT,2030,21,83,ES1 0 solar,34340.56205229569
NT,2030,21,84,ES1 0 solar,33133.28783519707
NT,2030,21,85,ES1 0 solar,32736.89111824598
NT,2030,21,86,ES1 0 solar,32860.96665002412
NT,2030,21,87,ES1 0 solar,29357.2066688206
NT,2030,21,88,ES1 0 solar,20714.58188717588
NT,2030,21,89,ES1 0 solar,11218.169871647395
NT,2030,21,90,ES1 0 solar,2892.7592148919894
NT,2030,21,91,ES1 0 solar,0.0
NT,2030,21,92,ES1 0 solar,0.0
NT,2030,21,93,ES1 0 solar,0.0
NT,2030,21,94,ES1 0 solar,0.0
NT,2030,21,95,ES1 0 solar,0.0
NT,2030,21,96,ES1 0 solar,0.0
NT,2030,21,97,ES1 0 solar,0.0
NT,2030,21,98,ES1 0 solar,0.0
NT,2030,21,99,ES1 0 solar,0.0
NT,2030,21,100,ES1 0 solar,0.0
NT,2030,21,101,ES1 0 solar,3.495735018741163
NT,2030,21,102,ES1 0 solar,987.1318692185412
NT,2030,21,103,ES1 0 solar,12985.524374322431
NT,2030,21,104,ES1 0 solar,24720.729605376662
NT,2030,21,105,ES1 0 solar,33527.69979708135
NT,2030,21,106,ES1 0 solar,35268.32367159899
NT,2030,21,107,ES1 0 solar,34388.52944950438
NT,2030,21,108,ES1 0 solar,33170.718195140216
NT,2030,21,109,ES1 0 solar,32499.070890333373
NT,2030,21,110,ES1 0 solar,32285.1071464323
NT,2030,21,111,ES1 0 solar,30546.01871030317
NT,2030,21,112,ES1 0 solar,21549.330827732323
NT,2030,21,113,ES1 0 solar,11681.269022759534
NT,2030,21,114,ES1 0 solar,3072.2525483795916
NT,2030,21,115,ES1 0 solar,0.7309831982671442
NT,2030,21,116,ES1 0 solar,0.0
NT,2030,21,117,ES1 0 solar,0.0
NT,2030,21,118,ES1 0 solar,0.0
NT,2030,21,119,ES1 0 solar,0.0
NT,2030,21,120,ES1 0 solar,0.0
NT,2030,21,121,ES1 0 solar,0.0
NT,2030,21,122,ES1 0 solar,0.0
NT,2030,21,123,ES1 0 solar,0.0
NT,2030,21,124,ES1 0 solar,0.0
NT,2030,21,125,ES1 0 solar,0.15383511907269495
NT,2030,21,126,ES1 0 solar,1314.6775452734137
NT,2030,21,127,ES1 0 solar,12533.077415108864
NT,2030,21,128,ES1 0 solar,23716.63791430164
NT,2030,21,129,ES1 0 solar,30532.2889190682
NT,2030,21,130,ES1 0 solar,30053.664992226128
NT,2030,21,131,ES1 0 solar,29821.848346856408
NT,2030,21,132,ES1 0 solar,28647.095577401255
NT,2030,21,133,ES1 0 solar,27360.495662664085
NT,2030,21,134,ES1 0 solar,26729.98736240665
NT,2030,21,135,ES1 0 solar,26955.66292058853
NT,2030,21,136,ES1 0 solar,21966.50514030482
NT,2030,21,137,ES1 0 solar,11984.08888214357
NT,2030,21,138,ES1 0 solar,3160.061690129495
NT,2030,21,139,ES1 0 solar,1.1057652753209515
NT,2030,21,140,ES1 0 solar,0.0
NT,2030,21,141,ES1 0 solar,0.0
NT,2030,21,142,ES1 0 solar,0.0
NT,2030,21,143,ES1 0 solar,0.0
NT,2030,21,144,ES1 0 solar,0.0
NT,2030,21,145,ES1 0 solar,0.0
NT,2030,21,146,ES1 0 solar,0.0
NT,2030,21,147,ES1 0 solar,0.0
NT,2030,21,148,ES1 0 solar,0.0
NT,2030,21,149,ES1 0 solar,0.0
NT,2030,21,150,ES1 0 solar,1650.9506265920731
NT,2030,21,151,ES1 0 solar,12401.928574578722
NT,2030,21,152,ES1 0 solar,22194.945649620935
NT,2030,21,153,ES1 0 solar,26885.959621758317
NT,2030,21,154,ES1 0 solar,26863.26759976208
NT,2030,21,155,ES1 0 solar,27082.949353388096
NT,2030,21,156,ES1 0 solar,26580.80528996649
NT,2030,21,157,ES1 0 solar,25239.02133968435
NT,2030,21,158,ES1 0 solar,24676.734795979748
NT,2030,21,159,ES1 0 solar,22884.51664225006
NT,2030,21,160,ES1 0 solar,15326.939402249303
NT,2030,21,161,ES1 0 solar,8263.488078317023
NT,2030,21,162,ES1 0 solar,2458.367968676625
NT,2030,21,163,ES1 0 solar,2.700645655589568
NT,2030,21,164,ES1 0 solar,0.0
NT,2030,21,165,ES1 0 solar,0.0
NT,2030,21,166,ES1 0 solar,0.0
NT,2030,21,167,ES1 0 solar,0.0
DE,2040,21,0,ES1 0 solar,0.0
DE,2040,21,1,ES1 0 solar,0.0
DE,2040,21,2,ES1 0 solar,0.0
DE,2040,21,3,ES1 0 solar,0.0
DE,2040,21,4,ES1 0 solar,0.0
DE,2040,21,5,ES1 0 solar,8.903404441322678
DE,2040,21,6,ES1 0 solar,2661.078839685529
DE,2040,21,7,ES1 0 solar,17073.668323159574
DE,2040,21,8,ES1 0 solar,28772.55878139824
DE,2040,21,9,ES1 0 solar,34327.306916304566
DE,2040,21,10,ES1 0 solar,36045.55129605863
DE,2040,21,11,ES1 0 solar,36756.080376110345
DE,2040,21,12,ES1 0 solar,37557.817958776766
DE,2040,21,13,ES1 0 solar,36440.79847692396
DE,2040,21,14,ES1 0 solar,35879.44574316431
DE,2040,21,15,ES1 0 solar,31391.983770337218
DE,2040,21,16,ES1 0 solar,22623.637677172133
DE,2040,21,17,ES1 0 solar,12324.223395021412
DE,2040,21,18,ES1 0 solar,3322.4994529471874
DE,2040,21,19,ES1 0 solar,0.0
DE,2040,21,20,ES1 0 solar,0.0
DE,2040,21,21,ES1 0 solar,0.0
DE,2040,21,22,ES1 0 solar,0.0
DE,2040,21,23,ES1 0 solar,0.0
DE,2040,21,24,ES1 0 solar,0.0
DE,2040,21,25,ES1 0 solar,0.0
DE,2040,21,26,ES1 0 solar,0.0
DE,2040,21,27,ES1 0 solar,0.0
DE,2040,21,28,ES1 0 solar,0.0
DE,2040,21,29,ES1 0 solar,0.0
DE,2040,21,30,ES1 0 solar,2520.5952730861354
DE,2040,21,31,ES1 0 solar,14464.624177185346
DE,2040,21,32,ES1 0 solar,25301.551688088344
DE,2040,21,33,ES1 0 solar,32460.86676883207
DE,2040,21,34,ES1 0 solar,37389.599244951656
DE,2040,21,35,ES1 0 solar,40523.50714405509
DE,2040,21,36,ES1 0 solar,40705.00670029921
DE,2040,21,37,ES1 0 solar,38142.92946627662
DE,2040,21,38,ES1 0 solar,34578.06957785456
DE,2040,21,39,ES1 0 solar,28375.939565781628
DE,2040,21,40,ES1 0 solar,20517.962093612776
DE,2040,21,41,ES1 0 solar,11581.36144643457
DE,2040,21,42,ES1 0 solar,3439.630929255834
DE,2040,21,43,ES1 0 solar,0.0
DE,2040,21,44,ES1 0 solar,0.0
DE,2040,21,45,ES1 0 solar,0.0
DE,2040,21,46,ES1 0 solar,0.0
DE,2040,21,47,ES1 0 solar,0.0
DE,2040,21,48,ES1 0 solar,0.0
DE,2040,21,49,ES1 0 solar,0.0
DE,2040,21,50,ES1 0 solar,0.0
DE,2040,21,51,ES1 0 solar,0.0
DE,2040,21,52,ES1 0 solar,0.0
DE,2040,21,53,ES1 0 solar,0.06488653897170817
DE,2040,21,54,ES1 0 solar,2193.7615419615468
DE,2040,21,55,ES1 0 solar,17333.23382977117
DE,2040,21,56,ES1 0 solar,31879.919481181725
DE,2040,21,57,ES1 0 solar,42771.0612038548
DE,2040,21,58,ES1 0 solar,44224.452354979796
DE,2040,21,59,ES1 0 solar,43131.73473662935
DE,2040,21,60,ES1 0 solar,38398.924161677365
DE,2040,21,61,ES1 0 solar,41278.41578282547
DE,2040,21,62,ES1 0 solar,41890.0172875392
DE,2040,21,63,ES1 0 solar,39014.11166332926
DE,2040,21,64,ES1 0 solar,27748.79486775303
DE,2040,21,65,ES1 0 solar,15135.869282680182
DE,2040,21,66,ES1 0 solar,4017.009502707874
DE,2040,21,67,ES1 0 solar,0.0
DE,2040,21,68,ES1 0 solar,0.0
DE,2040,21,69,ES1 0 solar,0.0
DE,2040,21,70,ES1 0 solar,0.0
DE,2040,21,71,ES1 0 solar,0.0
DE,2040,21,72,ES1 0 solar,0.0
DE,2040,21,73,ES1 0 solar,0.0
DE,2040,21,74,ES1 0 solar,0.0
DE,2040,21,75,ES1 0 solar,0.0
DE,2040,21,76,ES1 0 solar,0.0
DE,2040,21,77,ES1 0 solar,0.0
DE,2040,21,78,ES1 0 solar,1195.6328182254392
DE,2040,21,79,ES1 0 solar,17518.719526908106
DE,2040,21,80,ES1 0 solar,34099.5499334022
DE,2040,21,81,ES1 0 solar,44111.102636165895
DE,2040,21,82,ES1 0 solar,44216.58975342977
DE,2040,21,83,ES1 0 solar,42445.63856196654
DE,2040,21,84,ES1 0 solar,40923.59177609529
DE,2040,21,85,ES1 0 solar,40447.20402938698
DE,2040,21,86,ES1 0 solar,41505.70189315523
DE,2040,21,87,ES1 0 solar,41100.08933634884
DE,2040,21,88,ES1 0 solar,29000.414642046228
DE,2040,21,89,ES1 0 solar,15705.437820306352
DE,2040,21,90,ES1 0 solar,4049.862900848785
DE,2040,21,91,ES1 0 solar,0.0
DE,2040,21,92,ES1 0 solar,0.0
DE,2040,21,93,ES1 0 solar,0.0
DE,2040,21,94,ES1 0 solar,0.0
DE,2040,21,95,ES1 0 solar,0.0
DE,2040,21,96,ES1 0 solar,0.0
DE,2040,21,97,ES1 0 solar,0.0
DE,2040,21,98,ES1 0 solar,0.0
DE,2040,21,99,ES1 0 solar,0.0
DE,2040,21,100,ES1 0 solar,0.0
DE,2040,21,101,ES1 0 solar,4.894029026237628
DE,2040,21,102,ES1 0 solar,1381.9846169059576
DE,2040,21,103,ES1 0 solar,18179.734124051403
DE,2040,21,104,ES1 0 solar,34609.021447527324
DE,2040,21,105,ES1 0 solar,43988.48539909018
DE,2040,21,106,ES1 0 solar,43635.1641894459
DE,2040,21,107,ES1 0 solar,43327.45154083592
DE,2040,21,108,ES1 0 solar,41478.68191319209
DE,2040,21,109,ES1 0 solar,40122.25922659597
DE,2040,21,110,ES1 0 solar,39909.546227818544
DE,2040,21,111,ES1 0 solar,40422.476586654026
DE,2040,21,112,ES1 0 solar,30169.06315882525
DE,2040,21,113,ES1 0 solar,16353.776631863348
DE,2040,21,114,ES1 0 solar,4301.153567731428
DE,2040,21,115,ES1 0 solar,1.0233764775740017
DE,2040,21,116,ES1 0 solar,0.0
DE,2040,21,117,ES1 0 solar,0.0
DE,2040,21,118,ES1 0 solar,0.0
DE,2040,21,119,ES1 0 solar,0.0
DE,2040,21,120,ES1 0 solar,0.0
DE,2040,21,121,ES1 0 solar,0.0
DE,2040,21,122,ES1 0 solar,0.0
DE,2040,21,123,ES1 0 solar,0.0
DE,2040,21,124,ES1 0 solar,0.0
DE,2040,21,125,ES1 0 solar,0.21536916670177292
DE,2040,21,126,ES1 0 solar,1840.5485633827789
DE,2040,21,127,ES1 0 solar,17546.308381152412
DE,2040,21,128,ES1 0 solar,33203.29308002229
DE,2040,21,129,ES1 0 solar,37824.424865028814
DE,2040,21,130,ES1 0 solar,37132.92825544519
DE,2040,21,131,ES1 0 solar,37320.11121327989
DE,2040,21,132,ES1 0 solar,36149.493926601164
DE,2040,21,133,ES1 0 solar,33718.40481086097
DE,2040,21,134,ES1 0 solar,32989.80317828318
DE,2040,21,135,ES1 0 solar,33356.50120291584
DE,2040,21,136,ES1 0 solar,30753.107196426747
DE,2040,21,137,ES1 0 solar,16777.724435000997
DE,2040,21,138,ES1 0 solar,4424.086366181293
DE,2040,21,139,ES1 0 solar,1.548071385449332
DE,2040,21,140,ES1 0 solar,0.0
DE,2040,21,141,ES1 0 solar,0.0
DE,2040,21,142,ES1 0 solar,0.0
DE,2040,21,143,ES1 0 solar,0.0
DE,2040,21,144,ES1 0 solar,0.0
DE,2040,21,145,ES1 0 solar,0.0
DE,2040,21,146,ES1 0 solar,0.0
DE,2040,21,147,ES1 0 solar,0.0
DE,2040,21,148,ES1 0 solar,0.0
DE,2040,21,149,ES1 0 solar,0.0
DE,2040,21,150,ES1 0 solar,2311.3308772289024
DE,2040,21,151,ES1 0 solar,17362.70000441021
DE,2040,21,152,ES1 0 solar,31072.923909469308
DE,2040,21,153,ES1 0 solar,33339.98388596814
DE,2040,21,154,ES1 0 solar,33217.72175515646
DE,2040,21,155,ES1 0 solar,33437.29656671467
DE,2040,21,156,ES1 0 solar,32788.780680708034
DE,2040,21,157,ES1 0 solar,31132.208011279912
DE,2040,21,158,ES1 0 solar,31019.523338418156
DE,2040,21,159,ES1 0 solar,31486.743605113494
DE,2040,21,160,ES1 0 solar,21457.715163149027
DE,2040,21,161,ES1 0 solar,11568.883309643832
DE,2040,21,162,ES1 0 solar,3441.715156147275
DE,2040,21,163,ES1 0 solar,3.7809039178253956
DE,2040,21,164,ES1 0 solar,0.0
DE,2040,21,165,ES1 0 solar,0.0
DE,2040,21,166,ES1 0 solar,0.0
DE,2040,21,167,ES1 0 solar,0.0
DE,2050,21,0,ES1 0 solar,0.0
DE,2050,21,1,ES1 0 solar,0.0
DE,2050,21,2,ES1 0 solar,0.0
DE,2050,21,3,ES1 0 solar,0.0
DE,2050,21,4,ES1 0 solar,0.0
DE,2050,21,5,ES1 0 solar,8.903404441322678
DE,2050,21,6,ES1 0 solar,2661.078839685529
DE,2050,21,7,ES1 0 solar,17073.668323159574
DE,2050,21,8,ES1 0 solar,28772.55878139824
DE,2050,21,9,ES1 0 solar,34327.306916304566
DE,2050,21,10,ES1 0 solar,36045.55129605863
DE,2050,21,11,ES1 0 solar,36756.080376110345
DE,2050,21,12,ES1 0 solar,37557.817958776766
DE,2050,21,13,ES1 0 solar,36440.79847692396
DE,2050,21,14,ES1 0 solar,35879.44574316431
DE,2050,21,15,ES1 0 solar,31391.983770337218
DE,2050,21,16,ES1 0 solar,22623.637677172133
DE,2050,21,17,ES1 0 solar,12324.223395021412
DE,2050,21,18,ES1 0 solar,3322.4994529471874
DE,2050,21,19,ES1 0 solar,0.0
DE,2050,21,20,ES1 0 solar,0.0
DE,2050,21,21,ES1 0 solar,0.0
DE,2050,21,22,ES1 0 solar,0.0
DE,2050,21,23,ES1 0 solar,0.0
DE,2050,21,24,ES1 0 solar,0.0
DE,2050,21,25,ES1 0 solar,0.0
DE,2050,21,26,ES1 0 solar,0.0
DE,2050,21,27,ES1 0 solar,0.0
DE,2050,21,28,ES1 0 solar,0.0
DE,2050,21,29,ES1 0 solar,0.0
DE,2050,21,30,ES1 0 solar,2520.5952730861354
DE,2050,21,31,ES1 0 solar,14464.624177185346
DE,2050,21,32,ES1 0 solar,25301.551688088344
DE,2050,21,33,ES1 0 solar,32460.86676883207
DE,2050,21,34,ES1 0 solar,37389.599244951656
DE,2050,21,35,ES1 0 solar,40523.50714405509
DE,2050,21,36,ES1 0 solar,40705.00670029921
DE,2050,21,37,ES1 0 solar,38142.92946627662
DE,2050,21,38,ES1 0 solar,34578.06957785456
DE,2050,21,39,ES1 0 solar,28375.939565781628
DE,2050,21,40,ES1 0 solar,20517.962093612776
DE,2050,21,41,ES1 0 solar,11581.36144643457
DE,2050,21,42,ES1 0 solar,3439.630929255834
DE,2050,21,43,ES1 0 solar,0.0
DE,2050,21,44,ES1 0 solar,0.0
DE,2050,21,45,ES1 0 solar,0.0
DE,2050,21,46,ES1 0 solar,0.0
DE,2050,21,47,ES1 0 solar,0.0
DE,2050,21,48,ES1 0 solar,0.0
DE,2050,21,49,ES1 0 solar,0.0
DE,2050,21,50,ES1 0 solar,0.0
DE,2050,21,51,ES1 0 solar,0.0
DE,2050,21,52,ES1 0 solar,0.0
DE,2050,21,53,ES1 0 solar,0.06488653897170817
DE,2050,21,54,ES1 0 solar,2193.7615419615468
DE,2050,21,55,ES1 0 solar,17333.23382977117
DE,2050,21,56,ES1 0 solar,31879.919481181725
DE,2050,21,57,ES1 0 solar,42771.0612038548
DE,2050,21,58,ES1 0 solar,48169.07473385708
DE,2050,21,59,ES1 0 solar,47037.05461821629
DE,2050,21,60,ES1 0 solar,41950.114008752054
DE,2050,21,61,ES1 0 solar,44780.402816159476
DE,2050,21,62,ES1 0 solar,47438.426748538266
DE,2050,21,63,ES1 0 solar,39014.11166332926
DE,2050,21,64,ES1 0 solar,27748.79486775303
DE,2050,21,65,ES1 0 solar,15135.869282680182
DE,2050,21,66,ES1 0 solar,4017.009502707874
DE,2050,21,67,ES1 0 solar,0.0
DE,2050,21,68,ES1 0 solar,0.0
DE,2050,21,69,ES1 0 solar,0.0
DE,2050,21,70,ES1 0 solar,0.0
DE,2050,21,71,ES1 0 solar,0.0
DE,2050,21,72,ES1 0 solar,0.0
DE,2050,21,73,ES1 0 solar,0.0
DE,2050,21,74,ES1 0 solar,0.0
DE,2050,21,75,ES1 0 solar,0.0
DE,2050,21,76,ES1 0 solar,0.0
DE,2050,21,77,ES1 0 solar,0.0
DE,2050,21,78,ES1 0 solar,1195.6328182254392
DE,2050,21,79,ES1 0 solar,17518.719526908106
DE,2050,21,80,ES1 0 solar,34099.5499334022
DE,2050,21,81,ES1 0 solar,45586.38576041402
DE,2050,21,82,ES1 0 solar,50293.436910237535
DE,2050,21,83,ES1 0 solar,46304.07700259611
DE,2050,21,84,ES1 0 solar,44677.65426795148
DE,2050,21,85,ES1 0 solar,44151.63065223369
DE,2050,21,86,ES1 0 solar,44660.76197573813
DE,2050,21,87,ES1 0 solar,41100.08933634884
DE,2050,21,88,ES1 0 solar,29000.414642046228
DE,2050,21,89,ES1 0 solar,15705.437820306352
DE,2050,21,90,ES1 0 solar,4049.862900848785
DE,2050,21,91,ES1 0 solar,0.0
DE,2050,21,92,ES1 0 solar,0.0
DE,2050,21,93,ES1 0 solar,0.0
DE,2050,21,94,ES1 0 solar,0.0
DE,2050,21,95,ES1 0 solar,0.0
DE,2050,21,96,ES1 0 solar,0.0
DE,2050,21,97,ES1 0 solar,0.0
DE,2050,21,98,ES1 0 solar,0.0
DE,2050,21,99,ES1 0 solar,0.0
DE,2050,21,100,ES1 0 solar,0.0
DE,2050,21,101,ES1 0 solar,4.894029026237628
DE,2050,21,102,ES1 0 solar,1381.9846169059576
DE,2050,21,103,ES1 0 solar,18179.734124051403
DE,2050,21,104,ES1 0 solar,34609.021447527324
DE,2050,21,105,ES1 0 solar,46938.779715913886
DE,2050,21,106,ES1 0 solar,47533.3944798467
DE,2050,21,107,ES1 0 solar,49031.28807762004
DE,2050,21,108,ES1 0 solar,45009.889284912104
DE,2050,21,109,ES1 0 solar,43791.09516524564
DE,2050,21,110,ES1 0 solar,43522.77737177595
DE,2050,21,111,ES1 0 solar,42764.42619442444
DE,2050,21,112,ES1 0 solar,30169.06315882525
DE,2050,21,113,ES1 0 solar,16353.776631863348
DE,2050,21,114,ES1 0 solar,4301.153567731428
DE,2050,21,115,ES1 0 solar,1.0233764775740017
DE,2050,21,116,ES1 0 solar,0.0
DE,2050,21,117,ES1 0 solar,0.0
DE,2050,21,118,ES1 0 solar,0.0
DE,2050,21,119,ES1 0 solar,0.0
DE,2050,21,120,ES1 0 solar,0.0
DE,2050,21,121,ES1 0 solar,0.0
DE,2050,21,122,ES1 0 solar,0.0
DE,2050,21,123,ES1 0 solar,0.0
DE,2050,21,124,ES1 0 solar,0.0
DE,2050,21,125,ES1 0 solar,0.21536916670177292
DE,2050,21,126,ES1 0 solar,1840.5485633827789
DE,2050,21,127,ES1 0 solar,17546.308381152412
DE,2050,21,128,ES1 0 solar,33203.29308002229
DE,2050,21,129,ES1 0 solar,41192.55163064285
DE,2050,21,130,ES1 0 solar,40513.295171997146
DE,2050,21,131,ES1 0 solar,40178.00109979272
DE,2050,21,132,ES1 0 solar,41297.24307396092
DE,2050,21,133,ES1 0 solar,37199.93372827738
DE,2050,21,134,ES1 0 solar,36051.981734087734
DE,2050,21,135,ES1 0 solar,36385.75882332628
DE,2050,21,136,ES1 0 solar,30753.107196426747
DE,2050,21,137,ES1 0 solar,16777.724435000997
DE,2050,21,138,ES1 0 solar,4424.086366181293
DE,2050,21,139,ES1 0 solar,1.548071385449332
DE,2050,21,140,ES1 0 solar,0.0
DE,2050,21,141,ES1 0 solar,0.0
DE,2050,21,142,ES1 0 solar,0.0
DE,2050,21,143,ES1 0 solar,0.0
DE,2050,21,144,ES1 0 solar,0.0
DE,2050,21,145,ES1 0 solar,0.0
DE,2050,21,146,ES1 0 solar,0.0
DE,2050,21,147,ES1 0 solar,0.0
DE,2050,21,148,ES1 0 solar,0.0
DE,2050,21,149,ES1 0 solar,0.0
DE,2050,21,150,ES1 0 solar,2311.3308772289024
DE,2050,21,151,ES1 0 solar,17362.70000441021
DE,2050,21,152,ES1 0 solar,31072.923909469308
DE,2050,21,153,ES1 0 solar,36309.58509722844
DE,2050,21,154,ES1 0 solar,36242.47742295896
DE,2050,21,155,ES1 0 solar,36515.67701485301
DE,2050,21,156,ES1 0 solar,35832.997319025555
DE,2050,21,157,ES1 0 solar,34362.235090375274
DE,2050,21,158,ES1 0 solar,36004.82435758997
DE,2050,21,159,ES1 0 solar,32038.32329915008
DE,2050,21,160,ES1 0 solar,21457.715163149027
DE,2050,21,161,ES1 0 solar,11568.883309643832
DE,2050,21,162,ES1 0 solar,3441.715156147275
DE,2050,21,163,ES1 0 solar,3.7809039178253956
DE,2050,21,164,ES1 0 solar,0.0
DE,2050,21,165,ES1 0 solar,0.0
DE,2050,21,166,ES1 0 solar,0.0
DE,2050,21,167,ES1 0 solar,0.0
NT,2025,21,0,PT1 0 CCGT,4145.0
NT,2025,21,1,PT1 0 CCGT,4145.0
NT,2025,21,2,PT1 0 CCGT,4145.0
NT,2025,21,3,PT1 0 CCGT,4145.0
NT,2025,21,4,PT1 0 CCGT,4145.0
NT,2025,21,5,PT1 0 CCGT,4145.0
NT,2025,21,6,PT1 0 CCGT,4145.0
NT,2025,21,7,PT1 0 CCGT,4145.0
NT,2025,21,8,PT1 0 CCGT,4145.0
NT,2025,21,9,PT1 0 CCGT,4145.0
NT,2025,21,10,PT1 0 CCGT,4145.0
NT,2025,21,11,PT1 0 CCGT,4145.0
NT,2025,21,12,PT1 0 CCGT,4145.0
NT,2025,21,13,PT1 0 CCGT,4145.0
NT,2025,21,14,PT1 0 CCGT,4145.0
NT,2025,21,15,PT1 0 CCGT,4145.0
NT,2025,21,16,PT1 0 CCGT,4145.0
NT,2025,21,17,PT1 0 CCGT,4145.0
NT,2025,21,18,PT1 0 CCGT,4145.0
NT,2025,21,19,PT1 0 CCGT,4145.0
NT,2025,21,20,PT1 0 CCGT,4145.0
NT,2025,21,21,PT1 0 CCGT,4145.0
NT,2025,21,22,PT1 0 CCGT,4145.0
NT,2025,21,23,PT1 0 CCGT,4145.0
NT,2025,21,24,PT1 0 CCGT,4145.0
NT,2025,21,25,PT1 0 CCGT,4145.0
NT,2025,21,26,PT1 0 CCGT,4145.0
NT,2025,21,27,PT1 0 CCGT,4145.0
NT,2025,21,28,PT1 0 CCGT,4145.0
NT,2025,21,29,PT1 0 CCGT,4145.0
NT,2025,21,30,PT1 0 CCGT,4145.0
NT,2025,21,31,PT1 0 CCGT,4145.0
NT,2025,21,32,PT1 0 CCGT,4145.0
NT,2025,21,33,PT1 0 CCGT,4145.0
NT,2025,21,34,PT1 0 CCGT,4145.0
NT,2025,21,35,PT1 0 CCGT,4145.0
NT,2025,21,36,PT1 0 CCGT,4145.0
NT,2025,21,37,PT1 0 CCGT,4145.0
NT,2025,21,38,PT1 0 CCGT,1796.3825710623055
NT,2025,21,39,PT1 0 CCGT,198.96650950425465
NT,2025,21,40,PT1 0 CCGT,0.0
NT,2025,21,41,PT1 0 CCGT,447.9491883147148
NT,2025,21,42,PT1 0 CCGT,4145.0
NT,2025,21,43,PT1 0 CCGT,4145.0
NT,2025,21,44,PT1 0 CCGT,4145.0
NT,2025,21,45,PT1 0 CCGT,4145.0
NT,2025,21,46,PT1 0 CCGT,4145.0
NT,2025,21,47,PT1 0 CCGT,4145.0
NT,2025,21,48,PT1 0 CCGT,4145.0
NT,2025,21,49,PT1 0 CCGT,4145.0
NT,2025,21,50,PT1 0 CCGT,4145.0
NT,2025,21,51,PT1 0 CCGT,4145.0
NT,2025,21,52,PT1 0 CCGT,4145.0
NT,2025,21,53,PT1 0 CCGT,4145.0
NT,2025,21,54,PT1 0 CCGT,4145.0
NT,2025,21,55,PT1 0 CCGT,4145.0
NT,2025,21,56,PT1 0 CCGT,0.0
NT,2025,21,57,PT1 0 CCGT,0.0
NT,2025,21,58,PT1 0 CCGT,0.0
NT,2025,21,59,PT1 0 CCGT,0.0
NT,2025,21,60,PT1 0 CCGT,0.0
NT,2025,21,61,PT1 0 CCGT,0.0
NT,2025,21,62,PT1 0 CCGT,0.0
NT,2025,21,63,PT1 0 CCGT,0.0
NT,2025,21,64,PT1 0 CCGT,0.0
NT,2025,21,65,PT1 0 CCGT,0.0
NT,2025,21,66,PT1 0 CCGT,0.0
NT,2025,21,67,PT1 0 CCGT,0.0
NT,2025,21,68,PT1 0 CCGT,0.0
NT,2025,21,69,PT1 0 CCGT,0.0
NT,2025,21,70,PT1 0 CCGT,0.0
NT,2025,21,71,PT1 0 CCGT,0.0
NT,2025,21,72,PT1 0 CCGT,0.0
NT,2025,21,73,PT1 0 CCGT,0.0
NT,2025,21,74,PT1 0 CCGT,0.0
NT,2025,21,75,PT1 0 CCGT,0.0
NT,2025,21,76,PT1 0 CCGT,1718.7417586571441
NT,2025,21,77,PT1 0 CCGT,4145.0
NT,2025,21,78,PT1 0 CCGT,4145.0
NT,2025,21,79,PT1 0 CCGT,4145.0
NT,2025,21,80,PT1 0 CCGT,0.0
NT,2025,21,81,PT1 0 CCGT,0.0
NT,2025,21,82,PT1 0 CCGT,0.0
NT,2025,21,83,PT1 0 CCGT,0.0
NT,2025,21,84,PT1 0 CCGT,0.0
NT,2025,21,85,PT1 0 CCGT,0.0
NT,2025,21,86,PT1 0 CCGT,0.0
NT,2025,21,87,PT1 0 CCGT,0.0
NT,2025,21,88,PT1 0 CCGT,0.0
NT,2025,21,89,PT1 0 CCGT,0.0
NT,2025,21,90,PT1 0 CCGT,0.0
NT,2025,21,91,PT1 0 CCGT,0.0
NT,2025,21,92,PT1 0 CCGT,0.0
NT,2025,21,93,PT1 0 CCGT,0.0
NT,2025,21,94,PT1 0 CCGT,2283.598345717289
NT,2025,21,95,PT1 0 CCGT,399.90107054821874
NT,2025,21,96,PT1 0 CCGT,153.34197584895173
NT,2025,21,97,PT1 0 CCGT,1308.0047956350527
NT,2025,21,98,PT1 0 CCGT,2276.2939287624595
NT,2025,21,99,PT1 0 CCGT,3491.3687125091183
NT,2025,21,100,PT1 0 CCGT,4145.0
NT,2025,21,101,PT1 0 CCGT,4145.0
NT,2025,21,102,PT1 0 CCGT,4145.0
NT,2025,21,103,PT1 0 CCGT,4145.0
NT,2025,21,104,PT1 0 CCGT,672.4453633267335
NT,2025,21,105,PT1 0 CCGT,0.0
NT,2025,21,106,PT1 0 CCGT,0.0
NT,2025,21,107,PT1 0 CCGT,0.0
NT,2025,21,108,PT1 0 CCGT,0.0
NT,2025,21,109,PT1 0 CCGT,0.0
NT,2025,21,110,PT1 0 CCGT,0.0
NT,2025,21,111,PT1 0 CCGT,0.0
NT,2025,21,112,PT1 0 CCGT,0.0
NT,2025,21,113,PT1 0 CCGT,0.0
NT,2025,21,114,PT1 0 CCGT,1203.9467471960206
NT,2025,21,115,PT1 0 CCGT,4145.0
NT,2025,21,116,PT1 0 CCGT,4145.0
NT,2025,21,117,PT1 0 CCGT,3921.306158218358
NT,2025,21,118,PT1 0 CCGT,4145.0
NT,2025,21,119,PT1 0 CCGT,4145.0
NT,2025,21,120,PT1 0 CCGT,4145.0
NT,2025,21,121,PT1 0 CCGT,4145.0
NT,2025,21,122,PT1 0 CCGT,4145.0
NT,2025,21,123,PT1 0 CCGT,4145.0
NT,2025,21,124,PT1 0 CCGT,4145.0
NT,2025,21,125,PT1 0 CCGT,4145.0
NT,2025,21,126,PT1 0 CCGT,4145.0
NT,2025,21,127,PT1 0 CCGT,4077.916191150427
NT,2025,21,128,PT1 0 CCGT,0.0
NT,2025,21,129,PT1 0 CCGT,0.0
NT,2025,21,130,PT1 0 CCGT,0.0
NT,2025,21,131,PT1 0 CCGT,0.0
NT,2025,21,132,PT1 0 CCGT,0.0
NT,2025,21,133,PT1 0 CCGT,0.0
NT,2025,21,134,PT1 0 CCGT,0.0
NT,2025,21,135,PT1 0 CCGT,0.0
NT,2025,21,136,PT1 0 CCGT,0.0
NT,2025,21,137,PT1 0 CCGT,0.0
NT,2025,21,138,PT1 0 CCGT,2689.0521321779706
NT,2025,21,139,PT1 0 CCGT,4145.0
NT,2025,21,140,PT1 0 CCGT,4145.0
NT,2025,21,141,PT1 0 CCGT,4145.0
NT,2025,21,142,PT1 0 CCGT,4145.0
NT,2025,21,143,PT1 0 CCGT,4145.0
NT,2025,21,144,PT1 0 CCGT,4145.0
NT,2025,21,145,PT1 0 CCGT,4145.0
NT,2025,21,146,PT1 0 CCGT,4145.0
NT,2025,21,147,PT1 0 CCGT,4145.0
NT,2025,21,148,PT1 0 CCGT,4145.0
NT,2025,21,149,PT1 0 CCGT,4145.0
NT,2025,21,150,PT1 0 CCGT,4145.0
NT,2025,21,151,PT1 0 CCGT,4145.0
NT,2025,21,152,PT1 0 CCGT,772.1918098371398
NT,2025,21,153,PT1 0 CCGT,0.0
NT,2025,21,154,PT1 0 CCGT,0.0
NT,2025,21,155,PT1 0 CCGT,0.0
NT,2025,21,156,PT1 0 CCGT,0.0
NT,2025,21,157,PT1 0 CCGT,0.0
NT,2025,21,158,PT1 0 CCGT,0.0
NT,2025,21,159,PT1 0 CCGT,0.0
NT,2025,21,160,PT1 0 CCGT,0.0
NT,2025,21,161,PT1 0 CCGT,0.0
NT,2025,21,162,PT1 0 CCGT,0.0
NT,2025,21,163,PT1 0 CCGT,3475.2687353399215
NT,2025,21,164,PT1 0 CCGT,4145.0
NT,2025,21,165,PT1 0 CCGT,3878.0616535092086
NT,2025,21,166,PT1 0 CCGT,4145.0
NT,2025,21,167,PT1 0 CCGT,4145.0
NT,2030,21,0,PT1 0 CCGT,4145.0
NT,2030,21,1,PT1 0 CCGT,4145.0
NT,2030,21,2,PT1 0 CCGT,4145.0
NT,2030,21,3,PT1 0 CCGT,4145.0
NT,2030,21,4,PT1 0 CCGT,4145.0
NT,2030,21,5,PT1 0 CCGT,4145.0
NT,2030,21,6,PT1 0 CCGT,4145.0
NT,2030,21,7,PT1 0 CCGT,4145.0
NT,2030,21,8,PT1 0 CCGT,4145.0
NT,2030,21,9,PT1 0 CCGT,4145.0
NT,2030,21,10,PT1 0 CCGT,4145.0
NT,2030,21,11,PT1 0 CCGT,4145.0
NT,2030,21,12,PT1 0 CCGT,2963.6492756931375
NT,2030,21,13,PT1 0 CCGT,1957.9591224908436
NT,2030,21,14,PT1 0 CCGT,68.03907773647961
NT,2030,21,15,PT1 0 CCGT,89.14605391985606
NT,2030,21,16,PT1 0 CCGT,1588.3865048064436
NT,2030,21,17,PT1 0 CCGT,4145.0
NT,2030,21,18,PT1 0 CCGT,2862.8171216717633
NT,2030,21,19,PT1 0 CCGT,2131.239448253148
NT,2030,21,20,PT1 0 CCGT,158.10883340304235
NT,2030,21,21,PT1 0 CCGT,539.9413508914953
NT,2030,21,22,PT1 0 CCGT,2611.7515263704436
NT,2030,21,23,PT1 0 CCGT,2234.8049839689943
NT,2030,21,24,PT1 0 CCGT,3283.4376012094667
NT,2030,21,25,PT1 0 CCGT,3235.4627728424857
NT,2030,21,26,PT1 0 CCGT,4145.0
NT,2030,21,27,PT1 0 CCGT,4145.0
NT,2030,21,28,PT1 0 CCGT,4145.0
NT,2030,21,29,PT1 0 CCGT,4145.0
NT,2030,21,30,PT1 0 CCGT,4145.0
NT,2030,21,31,PT1 0 CCGT,4145.0
NT,2030,21,32,PT1 0 CCGT,4145.0
NT,2030,21,33,PT1 0 CCGT,2873.838345339679
NT,2030,21,34,PT1 0 CCGT,2114.360899195509
NT,2030,21,35,PT1 0 CCGT,0.0
NT,2030,21,36,PT1 0 CCGT,0.0
NT,2030,21,37,PT1 0 CCGT,0.0
NT,2030,21,38,PT1 0 CCGT,0.0
NT,2030,21,39,PT1 0 CCGT,0.0
NT,2030,21,40,PT1 0 CCGT,0.0
NT,2030,21,41,PT1 0 CCGT,0.0
NT,2030,21,42,PT1 0 CCGT,0.0
NT,2030,21,43,PT1 0 CCGT,4145.0
NT,2030,21,44,PT1 0 CCGT,2989.3879753222245
NT,2030,21,45,PT1 0 CCGT,763.8490711680315
NT,2030,21,46,PT1 0 CCGT,2327.784110578428
NT,2030,21,47,PT1 0 CCGT,2174.0823792019783
NT,2030,21,48,PT1 0 CCGT,2433.5751045141133
NT,2030,21,49,PT1 0 CCGT,3161.8214077274097
NT,2030,21,50,PT1 0 CCGT,3804.2413811963793
NT,2030,21,51,PT1 0 CCGT,4145.0
NT,2030,21,52,PT1 0 CCGT,4145.0
NT,2030,21,53,PT1 0 CCGT,4145.0
NT,2030,21,54,PT1 0 CCGT,4145.0
NT,2030,21,55,PT1 0 CCGT,1474.3386613891123
NT,2030,21,56,PT1 0 CCGT,0.0
NT,2030,21,57,PT1 0 CCGT,0.0
NT,2030,21,58,PT1 0 CCGT,0.0
NT,2030,21,59,PT1 0 CCGT,0.0
NT,2030,21,60,PT1 0 CCGT,0.0
NT,2030,21,61,PT1 0 CCGT,0.0
NT,2030,21,62,PT1 0 CCGT,0.0
NT,2030,21,63,PT1 0 CCGT,0.0
NT,2030,21,64,PT1 0 CCGT,0.0
NT,2030,21,65,PT1 0 CCGT,0.0
NT,2030,21,66,PT1 0 CCGT,0.0
NT,2030,21,67,PT1 0 CCGT,0.0
NT,2030,21,68,PT1 0 CCGT,0.0
NT,2030,21,69,PT1 0 CCGT,0.0
NT,2030,21,70,PT1 0 CCGT,0.0
NT,2030,21,71,PT1 0 CCGT,0.0
NT,2030,21,72,PT1 0 CCGT,0.0
NT,2030,21,73,PT1 0 CCGT,0.0
NT,2030,21,74,PT1 0 CCGT,0.0
NT,2030,21,75,PT1 0 CCGT,0.0
NT,2030,21,76,PT1 0 CCGT,0.0
NT,2030,21,77,PT1 0 CCGT,2833.3876930525594
NT,2030,21,78,PT1 0 CCGT,4145.0
NT,2030,21,79,PT1 0 CCGT,0.0
NT,2030,21,80,PT1 0 CCGT,0.0
NT,2030,21,81,PT1 0 CCGT,0.0
NT,2030,21,82,PT1 0 CCGT,0.0
NT,2030,21,83,PT1 0 CCGT,0.0
NT,2030,21,84,PT1 0 CCGT,0.0
NT,2030,21,85,PT1 0 CCGT,0.0
NT,2030,21,86,PT1 0 CCGT,0.0
NT,2030,21,87,PT1 0 CCGT,0.0
NT,2030,21,88,PT1 0 CCGT,0.0
NT,2030,21,89,PT1 0 CCGT,0.0
NT,2030,21,90,PT1 0 CCGT,0.0
NT,2030,21,91,PT1 0 CCGT,0.0
NT,2030,21,92,PT1 0 CCGT,0.0
NT,2030,21,93,PT1 0 CCGT,0.0
NT,2030,21,94,PT1 0 CCGT,0.0
NT,2030,21,95,PT1 0 CCGT,0.0
NT,2030,21,96,PT1 0 CCGT,0.0
NT,2030,21,97,PT1 0 CCGT,0.0
NT,2030,21,98,PT1 0 CCGT,0.0
NT,2030,21,99,PT1 0 CCGT,300.9112100469865
NT,2030,21,100,PT1 0 CCGT,2964.737025822844
NT,2030,21,101,PT1 0 CCGT,4145.0
NT,2030,21,102,PT1 0 CCGT,4145.0
NT,2030,21,103,PT1 0 CCGT,900.9236022777577
NT,2030,21,104,PT1 0 CCGT,0.0
NT,2030,21,105,PT1 0 CCGT,0.0
NT,2030,21,106,PT1 0 CCGT,0.0
NT,2030,21,107,PT1 0 CCGT,0.0
NT,2030,21,108,PT1 0 CCGT,0.0
NT,2030,21,109,PT1 0 CCGT,0.0
NT,2030,21,110,PT1 0 CCGT,0.0
NT,2030,21,111,PT1 0 CCGT,0.0
NT,2030,21,112,PT1 0 CCGT,0.0
NT,2030,21,113,PT1 0 CCGT,0.0
NT,2030,21,114,PT1 0 CCGT,0.0
NT,2030,21,115,PT1 0 CCGT,522.998866979995
NT,2030,21,116,PT1 0 CCGT,0.0
NT,2030,21,117,PT1 0 CCGT,0.0
NT,2030,21,118,PT1 0 CCGT,2657.3803160871867
NT,2030,21,119,PT1 0 CCGT,1643.053740899868
NT,2030,21,120,PT1 0 CCGT,813.2102945625866
NT,2030,21,121,PT1 0 CCGT,1093.9776901854784
NT,2030,21,122,PT1 0 CCGT,1884.50380639783
NT,2030,21,123,PT1 0 CCGT,2790.343633499433
NT,2030,21,124,PT1 0 CCGT,2952.5743685811794
NT,2030,21,125,PT1 0 CCGT,4016.658715588217
NT,2030,21,126,PT1 0 CCGT,4145.0
NT,2030,21,127,PT1 0 CCGT,0.0
NT,2030,21,128,PT1 0 CCGT,0.0
NT,2030,21,129,PT1 0 CCGT,0.0
NT,2030,21,130,PT1 0 CCGT,0.0
NT,2030,21,131,PT1 0 CCGT,0.0
NT,2030,21,132,PT1 0 CCGT,0.0
NT,2030,21,133,PT1 0 CCGT,0.0
NT,2030,21,134,PT1 0 CCGT,0.0
NT,2030,21,135,PT1 0 CCGT,0.0
NT,2030,21,136,PT1 0 CCGT,0.0
NT,2030,21,137,PT1 0 CCGT,0.0
NT,2030,21,138,PT1 0 CCGT,0.0
NT,2030,21,139,PT1 0 CCGT,2972.2546757918262
NT,2030,21,140,PT1 0 CCGT,2316.6221473996757
NT,2030,21,141,PT1 0 CCGT,1104.8720527912901
NT,2030,21,142,PT1 0 CCGT,4145.0
NT,2030,21,143,PT1 0 CCGT,3858.3140105973325
NT,2030,21,144,PT1 0 CCGT,3782.673451825036
NT,2030,21,145,PT1 0 CCGT,3526.061777180774
NT,2030,21,146,PT1 0 CCGT,3841.9015734270397
NT,2030,21,147,PT1 0 CCGT,4145.0
NT,2030,21,148,PT1 0 CCGT,4145.0
NT,2030,21,149,PT1 0 CCGT,4145.0
NT,2030,21,150,PT1 0 CCGT,4145.0
NT,2030,21,151,PT1 0 CCGT,0.0
NT,2030,21,152,PT1 0 CCGT,0.0
NT,2030,21,153,PT1 0 CCGT,0.0
NT,2030,21,154,PT1 0 CCGT,0.0
NT,2030,21,155,PT1 0 CCGT,0.0
NT,2030,21,156,PT1 0 CCGT,0.0
NT,2030,21,157,PT1 0 CCGT,0.0
NT,2030,21,158,PT1 0 CCGT,0.0
NT,2030,21,159,PT1 0 CCGT,0.0
NT,2030,21,160,PT1 0 CCGT,0.0
NT,2030,21,161,PT1 0 CCGT,0.0
NT,2030,21,162,PT1 0 CCGT,0.0
NT,2030,21,163,PT1 0 CCGT,0.0
NT,2030,21,164,PT1 0 CCGT,0.0
NT,2030,21,165,PT1 0 CCGT,0.0
NT,2030,21,166,PT1 0 CCGT,0.0
NT,2030,21,167,PT1 0 CCGT,0.0
DE,2040,21,0,PT1 0 CCGT,4145.0
DE,2040,21,1,PT1 0 CCGT,4145.0
DE,2040,21,2,PT1 0 CCGT,4145.0
DE,2040,21,3,PT1 0 CCGT,4145.0
DE,2040,21,4,PT1 0 CCGT,4145.0
DE,2040,21,5,PT1 0 CCGT,4145.0
DE,2040,21,6,PT1 0 CCGT,4145.0
DE,2040,21,7,PT1 0 CCGT,4145.0
DE,2040,21,8,PT1 0 CCGT,4145.0
DE,2040,21,9,PT1 0 CCGT,3106.283948362823
DE,2040,21,10,PT1 0 CCGT,4145.0
DE,2040,21,11,PT1 0 CCGT,2805.7864816989095
DE,2040,21,12,PT1 0 CCGT,303.03548180805524
DE,2040,21,13,PT1 0 CCGT,0.0
DE,2040,21,14,PT1 0 CCGT,0.0
DE,2040,21,15,PT1 0 CCGT,0.0
DE,2040,21,16,PT1 0 CCGT,3169.4052757018
DE,2040,21,17,PT1 0 CCGT,4145.0
DE,2040,21,18,PT1 0 CCGT,4145.0
DE,2040,21,19,PT1 0 CCGT,3706.7016744856182
DE,2040,21,20,PT1 0 CCGT,1772.3396594222356
DE,2040,21,21,PT1 0 CCGT,2039.6877211646502
DE,2040,21,22,PT1 0 CCGT,3923.6393124421356
DE,2040,21,23,PT1 0 CCGT,3472.798257695513
DE,2040,21,24,PT1 0 CCGT,4145.0
DE,2040,21,25,PT1 0 CCGT,4145.0
DE,2040,21,26,PT1 0 CCGT,4145.0
DE,2040,21,27,PT1 0 CCGT,4145.0
DE,2040,21,28,PT1 0 CCGT,4145.0
DE,2040,21,29,PT1 0 CCGT,4145.0
DE,2040,21,30,PT1 0 CCGT,4145.0
DE,2040,21,31,PT1 0 CCGT,4145.0
DE,2040,21,32,PT1 0 CCGT,4145.0
DE,2040,21,33,PT1 0 CCGT,2299.332852882153
DE,2040,21,34,PT1 0 CCGT,0.0
DE,2040,21,35,PT1 0 CCGT,0.0
DE,2040,21,36,PT1 0 CCGT,0.0
DE,2040,21,37,PT1 0 CCGT,0.0
DE,2040,21,38,PT1 0 CCGT,0.0
DE,2040,21,39,PT1 0 CCGT,0.0
DE,2040,21,40,PT1 0 CCGT,0.0
DE,2040,21,41,PT1 0 CCGT,0.0
DE,2040,21,42,PT1 0 CCGT,4145.0
DE,2040,21,43,PT1 0 CCGT,4145.0
DE,2040,21,44,PT1 0 CCGT,4145.0
DE,2040,21,45,PT1 0 CCGT,4145.0
DE,2040,21,46,PT1 0 CCGT,4145.0
DE,2040,21,47,PT1 0 CCGT,4145.0
DE,2040,21,48,PT1 0 CCGT,4145.0
DE,2040,21,49,PT1 0 CCGT,4145.0
DE,2040,21,50,PT1 0 CCGT,4145.0
DE,2040,21,51,PT1 0 CCGT,4145.0
DE,2040,21,52,PT1 0 CCGT,4145.0
DE,2040,21,53,PT1 0 CCGT,4145.0
DE,2040,21,54,PT1 0 CCGT,4145.0
DE,2040,21,55,PT1 0 CCGT,4145.0
DE,2040,21,56,PT1 0 CCGT,0.0
DE,2040,21,57,PT1 0 CCGT,0.0
DE,2040,21,58,PT1 0 CCGT,0.0
DE,2040,21,59,PT1 0 CCGT,0.0
DE,2040,21,60,PT1 0 CCGT,0.0
DE,2040,21,61,PT1 0 CCGT,0.0
DE,2040,21,62,PT1 0 CCGT,0.0
DE,2040,21,63,PT1 0 CCGT,0.0
DE,2040,21,64,PT1 0 CCGT,0.0
DE,2040,21,65,PT1 0 CCGT,0.0
DE,2040,21,66,PT1 0 CCGT,0.0
DE,2040,21,67,PT1 0 CCGT,0.0
DE,2040,21,68,PT1 0 CCGT,0.0
DE,2040,21,69,PT1 0 CCGT,0.0
DE,2040,21,70,PT1 0 CCGT,0.0
DE,2040,21,71,PT1 0 CCGT,0.0
DE,2040,21,72,PT1 0 CCGT,0.0
DE,2040,21,73,PT1 0 CCGT,0.0
DE,2040,21,74,PT1 0 CCGT,742.7008583204815
DE,2040,21,75,PT1 0 CCGT,2209.8409684755316
DE,2040,21,76,PT1 0 CCGT,4145.0
DE,2040,21,77,PT1 0 CCGT,4145.0
DE,2040,21,78,PT1 0 CCGT,4145.0
DE,2040,21,79,PT1 0 CCGT,3013.637684480862
DE,2040,21,80,PT1 0 CCGT,0.0
DE,2040,21,81,PT1 0 CCGT,0.0
DE,2040,21,82,PT1 0 CCGT,0.0
DE,2040,21,83,PT1 0 CCGT,0.0
DE,2040,21,84,PT1 0 CCGT,0.0
DE,2040,21,85,PT1 0 CCGT,0.0
DE,2040,21,86,PT1 0 CCGT,0.0
DE,2040,21,87,PT1 0 CCGT,0.0
DE,2040,21,88,PT1 0 CCGT,0.0
DE,2040,21,89,PT1 0 CCGT,0.0
DE,2040,21,90,PT1 0 CCGT,0.0
DE,2040,21,91,PT1 0 CCGT,1278.7931831119051
DE,2040,21,92,PT1 0 CCGT,499.48652183958257
DE,2040,21,93,PT1 0 CCGT,0.0
DE,2040,21,94,PT1 0 CCGT,4145.0
DE,2040,21,95,PT1 0 CCGT,3456.1746788171786
DE,2040,21,96,PT1 0 CCGT,3082.7192867214944
DE,2040,21,97,PT1 0 CCGT,4145.0
DE,2040,21,98,PT1 0 CCGT,4145.0
DE,2040,21,99,PT1 0 CCGT,4145.0
DE,2040,21,100,PT1 0 CCGT,4145.0
DE,2040,21,101,PT1 0 CCGT,4145.0
DE,2040,21,102,PT1 0 CCGT,4145.0
DE,2040,21,103,PT1 0 CCGT,4145.0
DE,2040,21,104,PT1 0 CCGT,0.0
DE,2040,21,105,PT1 0 CCGT,0.0
DE,2040,21,106,PT1 0 CCGT,0.0
DE,2040,21,107,PT1 0 CCGT,0.0
DE,2040,21,108,PT1 0 CCGT,0.0
DE,2040,21,109,PT1 0 CCGT,0.0
DE,2040,21,110,PT1 0 CCGT,0.0
DE,2040,21,111,PT1 0 CCGT,0.0
DE,2040,21,112,PT1 0 CCGT,0.0
DE,2040,21,113,PT1 0 CCGT,0.0
DE,2040,21,114,PT1 0 CCGT,1400.8260328589695
DE,2040,21,115,PT1 0 CCGT,4145.0
DE,2040,21,116,PT1 0 CCGT,4145.0
DE,2040,21,117,PT1 0 CCGT,4145.0
DE,2040,21,118,PT1 0 CCGT,4145.0
DE,2040,21,119,PT1 0 CCGT,4145.0
DE,2040,21,120,PT1 0 CCGT,4145.0
DE,2040,21,121,PT1 0 CCGT,4145.0
DE,2040,21,122,PT1 0 CCGT,4145.0
DE,2040,21,123,PT1 0 CCGT,4145.0
DE,2040,21,124,PT1 0 CCGT,4145.0
DE,2040,21,125,PT1 0 CCGT,4145.0
DE,2040,21,126,PT1 0 CCGT,4145.0
DE,2040,21,127,PT1 0 CCGT,67.45392464285578
DE,2040,21,128,PT1 0 CCGT,0.0
DE,2040,21,129,PT1 0 CCGT,0.0
DE,2040,21,130,PT1 0 CCGT,0.0
DE,2040,21,131,PT1 0 CCGT,0.0
DE,2040,21,132,PT1 0 CCGT,0.0
DE,2040,21,133,PT1 0 CCGT,0.0
DE,2040,21,134,PT1 0 CCGT,0.0
DE,2040,21,135,PT1 0 CCGT,0.0
DE,2040,21,136,PT1 0 CCGT,0.0
DE,2040,21,137,PT1 0 CCGT,0.0
DE,2040,21,138,PT1 0 CCGT,2521.1291397752193
DE,2040,21,139,PT1 0 CCGT,4145.0
DE,2040,21,140,PT1 0 CCGT,4145.0
DE,2040,21,141,PT1 0 CCGT,4145.0
DE,2040,21,142,PT1 0 CCGT,4145.0
DE,2040,21,143,PT1 0 CCGT,4145.0
DE,2040,21,144,PT1 0 CCGT,4145.0
DE,2040,21,145,PT1 0 CCGT,4145.0
DE,2040,21,146,PT1 0 CCGT,4145.0
DE,2040,21,147,PT1 0 CCGT,4145.0
DE,2040,21,148,PT1 0 CCGT,4145.0
DE,2040,21,149,PT1 0 CCGT,4145.0
DE,2040,21,150,PT1 0 CCGT,4145.0
DE,2040,21,151,PT1 0 CCGT,0.0
DE,2040,21,152,PT1 0 CCGT,0.0
DE,2040,21,153,PT1 0 CCGT,0.0
DE,2040,21,154,PT1 0 CCGT,0.0
DE,2040,21,155,PT1 0 CCGT,0.0
DE,2040,21,156,PT1 0 CCGT,0.0
DE,2040,21,157,PT1 0 CCGT,0.0
DE,2040,21,158,PT1 0 CCGT,0.0
DE,2040,21,159,PT1 0 CCGT,0.0
DE,2040,21,160,PT1 0 CCGT,0.0
DE,2040,21,161,PT1 0 CCGT,0.0
DE,2040,21,162,PT1 0 CCGT,0.0
DE,2040,21,163,PT1 0 CCGT,0.0
DE,2040,21,164,PT1 0 CCGT,0.0
DE,2040,21,165,PT1 0 CCGT,0.0
DE,2040,21,166,PT1 0 CCGT,2505.893744882077
DE,2040,21,167,PT1 0 CCGT,2792.985583084419
DE,2050,21,0,PT1 0 CCGT,4145.0
DE,2050,21,1,PT1 0 CCGT,4145.0
DE,2050,21,2,PT1 0 CCGT,4145.0
DE,2050,21,3,PT1 0 CCGT,4145.0
DE,2050,21,4,PT1 0 CCGT,4145.0
DE,2050,21,5,PT1 0 CCGT,4145.0
DE,2050,21,6,PT1 0 CCGT,4145.0
DE,2050,21,7,PT1 0 CCGT,4145.0
DE,2050,21,8,PT1 0 CCGT,4145.0
DE,2050,21,9,PT1 0 CCGT,4145.0
DE,2050,21,10,PT1 0 CCGT,4145.0
DE,2050,21,11,PT1 0 CCGT,4145.0
DE,2050,21,12,PT1 0 CCGT,3909.913122562005
DE,2050,21,13,PT1 0 CCGT,3116.070305162724
DE,2050,21,14,PT1 0 CCGT,1337.6597942818958
DE,2050,21,15,PT1 0 CCGT,2638.2510710930173
DE,2050,21,16,PT1 0 CCGT,4145.0
DE,2050,21,17,PT1 0 CCGT,4145.0
DE,2050,21,18,PT1 0 CCGT,4145.0
DE,2050,21,19,PT1 0 CCGT,4145.0
DE,2050,21,20,PT1 0 CCGT,2415.58926979054
DE,2050,21,21,PT1 0 CCGT,2637.3167917905234
DE,2050,21,22,PT1 0 CCGT,4145.0
DE,2050,21,23,PT1 0 CCGT,3966.122185183003
DE,2050,21,24,PT1 0 CCGT,4145.0
DE,2050,21,25,PT1 0 CCGT,4145.0
DE,2050,21,26,PT1 0 CCGT,4145.0
DE,2050,21,27,PT1 0 CCGT,4145.0
DE,2050,21,28,PT1 0 CCGT,4145.0
DE,2050,21,29,PT1 0 CCGT,4145.0
DE,2050,21,30,PT1 0 CCGT,4145.0
DE,2050,21,31,PT1 0 CCGT,4145.0
DE,2050,21,32,PT1 0 CCGT,4145.0
DE,2050,21,33,PT1 0 CCGT,4145.0
DE,2050,21,34,PT1 0 CCGT,3853.3312625719027
DE,2050,21,35,PT1 0 CCGT,0.0
DE,2050,21,36,PT1 0 CCGT,0.0
DE,2050,21,37,PT1 0 CCGT,0.0
DE,2050,21,38,PT1 0 CCGT,0.0
DE,2050,21,39,PT1 0 CCGT,0.0
DE,2050,21,40,PT1 0 CCGT,0.0
DE,2050,21,41,PT1 0 CCGT,0.0
DE,2050,21,42,PT1 0 CCGT,4145.0
DE,2050,21,43,PT1 0 CCGT,4145.0
DE,2050,21,44,PT1 0 CCGT,4145.0
DE,2050,21,45,PT1 0 CCGT,4145.0
DE,2050,21,46,PT1 0 CCGT,4145.0
DE,2050,21,47,PT1 0 CCGT,4145.0
DE,2050,21,48,PT1 0 CCGT,4145.0
DE,2050,21,49,PT1 0 CCGT,4145.0
DE,2050,21,50,PT1 0 CCGT,4145.0
DE,2050,21,51,PT1 0 CCGT,4145.0
DE,2050,21,52,PT1 0 CCGT,4145.0
DE,2050,21,53,PT1 0 CCGT,4145.0
DE,2050,21,54,PT1 0 CCGT,4145.0
DE,2050,21,55,PT1 0 CCGT,4145.0
DE,2050,21,56,PT1 0 CCGT,0.0
DE,2050,21,57,PT1 0 CCGT,0.0
DE,2050,21,58,PT1 0 CCGT,0.0
DE,2050,21,59,PT1 0 CCGT,0.0
DE,2050,21,60,PT1 0 CCGT,0.0
DE,2050,21,61,PT1 0 CCGT,0.0
DE,2050,21,62,PT1 0 CCGT,0.0
DE,2050,21,63,PT1 0 CCGT,0.0
DE,2050,21,64,PT1 0 CCGT,0.0
DE,2050,21,65,PT1 0 CCGT,0.0
DE,2050,21,66,PT1 0 CCGT,0.0
DE,2050,21,67,PT1 0 CCGT,199.5542532450463
DE,2050,21,68,PT1 0 CCGT,0.0
DE,2050,21,69,PT1 0 CCGT,0.0
DE,2050,21,70,PT1 0 CCGT,0.0
DE,2050,21,71,PT1 0 CCGT,0.0
DE,2050,21,72,PT1 0 CCGT,484.52608401025464
DE,2050,21,73,PT1 0 CCGT,1658.4118177436485
DE,2050,21,74,PT1 0 CCGT,3359.2278593142873
DE,2050,21,75,PT1 0 CCGT,4145.0
DE,2050,21,76,PT1 0 CCGT,4145.0
DE,2050,21,77,PT1 0 CCGT,4145.0
DE,2050,21,78,PT1 0 CCGT,4145.0
DE,2050,21,79,PT1 0 CCGT,4145.0
DE,2050,21,80,PT1 0 CCGT,0.0
DE,2050,21,81,PT1 0 CCGT,0.0
DE,2050,21,82,PT1 0 CCGT,0.0
DE,2050,21,83,PT1 0 CCGT,0.0
DE,2050,21,84,PT1 0 CCGT,0.0
DE,2050,21,85,PT1 0 CCGT,0.0
DE,2050,21,86,PT1 0 CCGT,0.0
DE,2050,21,87,PT1 0 CCGT,0.0
DE,2050,21,88,PT1 0 CCGT,0.0
DE,2050,21,89,PT1 0 CCGT,0.0
DE,2050,21,90,PT1 0 CCGT,0.0
DE,2050,21,91,PT1 0 CCGT,4145.0
DE,2050,21,92,PT1 0 CCGT,4076.2416223442824
DE,2050,21,93,PT1 0 CCGT,3243.29120267709
DE,2050,21,94,PT1 0 CCGT,4145.0
DE,2050,21,95,PT1 0 CCGT,4145.0
DE,2050,21,96,PT1 0 CCGT,4145.0
DE,2050,21,97,PT1 0 CCGT,4145.0
DE,2050,21,98,PT1 0 CCGT,4145.0
DE,2050,21,99,PT1 0 CCGT,4145.0
DE,2050,21,100,PT1 0 CCGT,4145.0
DE,2050,21,101,PT1 0 CCGT,4145.0
DE,2050,21,102,PT1 0 CCGT,4145.0
DE,2050,21,103,PT1 0 CCGT,4145.0
DE,2050,21,104,PT1 0 CCGT,0.0
DE,2050,21,105,PT1 0 CCGT,0.0
DE,2050,21,106,PT1 0 CCGT,0.0
DE,2050,21,107,PT1 0 CCGT,0.0
DE,2050,21,108,PT1 0 CCGT,0.0
DE,2050,21,109,PT1 0 CCGT,0.0
DE,2050,21,110,PT1 0 CCGT,0.0
DE,2050,21,111,PT1 0 CCGT,0.0
DE,2050,21,112,PT1 0 CCGT,0.0
DE,2050,21,113,PT1 0 CCGT,0.0
DE,2050,21,114,PT1 0 CCGT,4145.0
DE,2050,21,115,PT1 0 CCGT,4145.0
DE,2050,21,116,PT1 0 CCGT,4145.0
DE,2050,21,117,PT1 0 CCGT,4145.0
DE,2050,21,118,PT1 0 CCGT,4145.0
DE,2050,21,119,PT1 0 CCGT,4145.0
DE,2050,21,120,PT1 0 CCGT,4145.0
DE,2050,21,121,PT1 0 CCGT,4145.0
DE,2050,21,122,PT1 0 CCGT,4145.0
DE,2050,21,123,PT1 0 CCGT,4145.0
DE,2050,21,124,PT1 0 CCGT,4145.0
DE,2050,21,125,PT1 0 CCGT,4145.0
DE,2050,21,126,PT1 0 CCGT,4145.0
DE,2050,21,127,PT1 0 CCGT,3082.398763257182
DE,2050,21,128,PT1 0 CCGT,0.0
DE,2050,21,129,PT1 0 CCGT,0.0
DE,2050,21,130,PT1 0 CCGT,0.0
DE,2050,21,131,PT1 0 CCGT,0.0
DE,2050,21,132,PT1 0 CCGT,0.0
DE,2050,21,133,PT1 0 CCGT,0.0
DE,2050,21,134,PT1 0 CCGT,0.0
DE,2050,21,135,PT1 0 CCGT,0.0
DE,2050,21,136,PT1 0 CCGT,0.0
DE,2050,21,137,PT1 0 CCGT,0.0
DE,2050,21,138,PT1 0 CCGT,4145.0
DE,2050,21,139,PT1 0 CCGT,4145.0
DE,2050,21,140,PT1 0 CCGT,4145.0
DE,2050,21,141,PT1 0 CCGT,4145.0
DE,2050,21,142,PT1 0 CCGT,4145.0
DE,2050,21,143,PT1 0 CCGT,4145.0
DE,2050,21,144,PT1 0 CCGT,4145.0
DE,2050,21,145,PT1 0 CCGT,4145.0
DE,2050,21,146,PT1 0 CCGT,4145.0
DE,2050,21,147,PT1 0 CCGT,4145.0
DE,2050,21,148,PT1 0 CCGT,4145.0
DE,2050,21,149,PT1 0 CCGT,4145.0
DE,2050,21,150,PT1 0 CCGT,4145.0
DE,2050,21,151,PT1 0 CCGT,1222.3131811874719
DE,2050,21,152,PT1 0 CCGT,0.0
DE,2050,21,153,PT1 0 CCGT,0.0
DE,2050,21,154,PT1 0 CCGT,0.0
DE,2050,21,155,PT1 0 CCGT,0.0
DE,2050,21,156,PT1 0 CCGT,0.0
DE,2050,21,157,PT1 0 CCGT,0.0
DE,2050,21,158,PT1 0 CCGT,0.0
DE,2050,21,159,PT1 0 CCGT,0.0
DE,2050,21,160,PT1 0 CCGT,0.0
DE,2050,21,161,PT1 0 CCGT,0.0
DE,2050,21,162,PT1 0 CCGT,0.0
DE,2050,21,163,PT1 0 CCGT,0.0
DE,2050,21,164,PT1 0 CCGT,0.0
DE,2050,21,165,PT1 0 CCGT,0.0
DE,2050,21,166,PT1 0 CCGT,3273.6334445429147
DE,2050,21,167,PT1 0 CCGT,1484.5836756705978
NT,2025,21,0,PT1 0 offwind-ac,470.1941559741855
NT,2025,21,1,PT1 0 offwind-ac,396.9617841094879
NT,2025,21,2,PT1 0 offwind-ac,338.8714146863274
NT,2025,21,3,PT1 0 offwind-ac,250.67570559753037
NT,2025,21,4,PT1 0 offwind-ac,300.6376495505116
NT,2025,21,5,PT1 0 offwind-ac,377.9390230997731
NT,2025,21,6,PT1 0 offwind-ac,622.3929560237755
NT,2025,21,7,PT1 0 offwind-ac,804.3809999639242
NT,2025,21,8,PT1 0 offwind-ac,977.608674027513
NT,2025,21,9,PT1 0 offwind-ac,1061.3766209579635
NT,2025,21,10,PT1 0 offwind-ac,401.8454228410044
NT,2025,21,11,PT1 0 offwind-ac,507.47718422473747
NT,2025,21,12,PT1 0 offwind-ac,652.1903406980516
NT,2025,21,13,PT1 0 offwind-ac,1008.0377963774263
NT,2025,21,14,PT1 0 offwind-ac,1652.4532485297268
NT,2025,21,15,PT1 0 offwind-ac,2732.9726093047684
NT,2025,21,16,PT1 0 offwind-ac,4308.797728714204
NT,2025,21,17,PT1 0 offwind-ac,5884.6523993438705
NT,2025,21,18,PT1 0 offwind-ac,7006.950548620576
NT,2025,21,19,PT1 0 offwind-ac,7705.467754017414
NT,2025,21,20,PT1 0 offwind-ac,8704.989962318628
NT,2025,21,21,PT1 0 offwind-ac,8389.660256136136
NT,2025,21,22,PT1 0 offwind-ac,7086.28241511167
NT,2025,21,23,PT1 0 offwind-ac,7071.90507801632
NT,2025,21,24,PT1 0 offwind-ac,6637.27084658294
NT,2025,21,25,PT1 0 offwind-ac,6383.463051688596
NT,2025,21,26,PT1 0 offwind-ac,5672.868039992209
NT,2025,21,27,PT1 0 offwind-ac,5165.907353204735
NT,2025,21,28,PT1 0 offwind-ac,4640.5780944581
NT,2025,21,29,PT1 0 offwind-ac,3999.423081678966
NT,2025,21,30,PT1 0 offwind-ac,3671.2365109637
NT,2025,21,31,PT1 0 offwind-ac,3074.6176119148704
NT,2025,21,32,PT1 0 offwind-ac,2642.5733895305175
NT,2025,21,33,PT1 0 offwind-ac,2299.1383869607716
NT,2025,21,34,PT1 0 offwind-ac,1029.5555617849607
NT,2025,21,35,PT1 0 offwind-ac,1044.741015134991
NT,2025,21,36,PT1 0 offwind-ac,1536.804912097651
NT,2025,21,37,PT1 0 offwind-ac,2543.1816345478583
NT,2025,21,38,PT1 0 offwind-ac,3647.8557466387683
NT,2025,21,39,PT1 0 offwind-ac,4776.499493346236
NT,2025,21,40,PT1 0 offwind-ac,5794.982681731096
NT,2025,21,41,PT1 0 offwind-ac,6235.40205993497
NT,2025,21,42,PT1 0 offwind-ac,6081.090713795286
NT,2025,21,43,PT1 0 offwind-ac,5487.536195888931
NT,2025,21,44,PT1 0 offwind-ac,5047.638211814092
NT,2025,21,45,PT1 0 offwind-ac,4461.564054796712
NT,2025,21,46,PT1 0 offwind-ac,3861.011841440053
NT,2025,21,47,PT1 0 offwind-ac,3299.187665809821
NT,2025,21,48,PT1 0 offwind-ac,2829.748862805135
NT,2025,21,49,PT1 0 offwind-ac,2462.2820432325525
NT,2025,21,50,PT1 0 offwind-ac,2056.7980440150664
NT,2025,21,51,PT1 0 offwind-ac,1550.2032542789132
NT,2025,21,52,PT1 0 offwind-ac,1386.3892700797287
NT,2025,21,53,PT1 0 offwind-ac,1332.324911321594
NT,2025,21,54,PT1 0 offwind-ac,1256.3663789004095
NT,2025,21,55,PT1 0 offwind-ac,987.1488731031046
NT,2025,21,56,PT1 0 offwind-ac,748.5066919222728
NT,2025,21,57,PT1 0 offwind-ac,696.7506038372904
NT,2025,21,58,PT1 0 offwind-ac,1109.1023933298648
NT,2025,21,59,PT1 0 offwind-ac,1462.0365145356295
NT,2025,21,60,PT1 0 offwind-ac,2109.416987118024
NT,2025,21,61,PT1 0 offwind-ac,2877.9039911085083
NT,2025,21,62,PT1 0 offwind-ac,3744.929302023742
NT,2025,21,63,PT1 0 offwind-ac,4576.76676504719
NT,2025,21,64,PT1 0 offwind-ac,5647.210045241112
NT,2025,21,65,PT1 0 offwind-ac,6328.037013667565
NT,2025,21,66,PT1 0 offwind-ac,6672.939617029719
NT,2025,21,67,PT1 0 offwind-ac,6682.830837411178
NT,2025,21,68,PT1 0 offwind-ac,6669.411751168278
NT,2025,21,69,PT1 0 offwind-ac,6155.233141298751
NT,2025,21,70,PT1 0 offwind-ac,5157.486902468902
NT,2025,21,71,PT1 0 offwind-ac,4645.831510000007
NT,2025,21,72,PT1 0 offwind-ac,4345.46570652818
NT,2025,21,73,PT1 0 offwind-ac,4157.769764998664
NT,2025,21,74,PT1 0 offwind-ac,3902.163911629371
NT,2025,21,75,PT1 0 offwind-ac,3673.270937114574
NT,2025,21,76,PT1 0 offwind-ac,3249.277117703862
NT,2025,21,77,PT1 0 offwind-ac,2873.392868352553
NT,2025,21,78,PT1 0 offwind-ac,2481.7216146556743
NT,2025,21,79,PT1 0 offwind-ac,1943.5156372169242
NT,2025,21,80,PT1 0 offwind-ac,1464.3050534270633
NT,2025,21,81,PT1 0 offwind-ac,1367.6135211335973
NT,2025,21,82,PT1 0 offwind-ac,1233.0023458471771
NT,2025,21,83,PT1 0 offwind-ac,1350.1558149381974
NT,2025,21,84,PT1 0 offwind-ac,1658.7983252957592
NT,2025,21,85,PT1 0 offwind-ac,2220.8914416297694
NT,2025,21,86,PT1 0 offwind-ac,3045.332217031436
NT,2025,21,87,PT1 0 offwind-ac,4263.297518955351
NT,2025,21,88,PT1 0 offwind-ac,5523.105485978617
NT,2025,21,89,PT1 0 offwind-ac,6370.960052981258
NT,2025,21,90,PT1 0 offwind-ac,6711.859501227281
NT,2025,21,91,PT1 0 offwind-ac,6729.087606889698
NT,2025,21,92,PT1 0 offwind-ac,6690.107978637708
NT,2025,21,93,PT1 0 offwind-ac,6154.249032181821
NT,2025,21,94,PT1 0 offwind-ac,4595.374581742028
NT,2025,21,95,PT1 0 offwind-ac,4350.407228226902
NT,2025,21,96,PT1 0 offwind-ac,4066.1601609673053
NT,2025,21,97,PT1 0 offwind-ac,3851.5455923811787
NT,2025,21,98,PT1 0 offwind-ac,3798.6724648680365
NT,2025,21,99,PT1 0 offwind-ac,3601.687823293394
NT,2025,21,100,PT1 0 offwind-ac,3421.3081027023572
NT,2025,21,101,PT1 0 offwind-ac,3207.473596151982
NT,2025,21,102,PT1 0 offwind-ac,2967.146359070526
NT,2025,21,103,PT1 0 offwind-ac,2437.095594009487
NT,2025,21,104,PT1 0 offwind-ac,2125.7011706119374
NT,2025,21,105,PT1 0 offwind-ac,2067.7074818391884
NT,2025,21,106,PT1 0 offwind-ac,2060.5654335665204
NT,2025,21,107,PT1 0 offwind-ac,2233.192275419731
NT,2025,21,108,PT1 0 offwind-ac,2526.5184842607546
NT,2025,21,109,PT1 0 offwind-ac,2997.9047468154345
NT,2025,21,110,PT1 0 offwind-ac,3674.425531233267
NT,2025,21,111,PT1 0 offwind-ac,4443.9563160871185
NT,2025,21,112,PT1 0 offwind-ac,5265.963887988533
NT,2025,21,113,PT1 0 offwind-ac,5765.2078652030905
NT,2025,21,114,PT1 0 offwind-ac,6200.013972879113
NT,2025,21,115,PT1 0 offwind-ac,6382.815870136022
NT,2025,21,116,PT1 0 offwind-ac,6586.3336849514235
NT,2025,21,117,PT1 0 offwind-ac,6300.8350147533165
NT,2025,21,118,PT1 0 offwind-ac,4521.05803225458
NT,2025,21,119,PT1 0 offwind-ac,4309.0032994727535
NT,2025,21,120,PT1 0 offwind-ac,4264.882163385325
NT,2025,21,121,PT1 0 offwind-ac,4108.2745243552745
NT,2025,21,122,PT1 0 offwind-ac,3931.4639629832336
NT,2025,21,123,PT1 0 offwind-ac,3678.836085288124
NT,2025,21,124,PT1 0 offwind-ac,3386.190640266116
NT,2025,21,125,PT1 0 offwind-ac,3002.1726295278722
NT,2025,21,126,PT1 0 offwind-ac,2766.9150489287977
NT,2025,21,127,PT1 0 offwind-ac,2229.2775586555395
NT,2025,21,128,PT1 0 offwind-ac,1846.002241579943
NT,2025,21,129,PT1 0 offwind-ac,1533.2272330525213
NT,2025,21,130,PT1 0 offwind-ac,1042.7360499705633
NT,2025,21,131,PT1 0 offwind-ac,1173.7968264894653
NT,2025,21,132,PT1 0 offwind-ac,1494.311566553357
NT,2025,21,133,PT1 0 offwind-ac,707.2517279291965
NT,2025,21,134,PT1 0 offwind-ac,2126.7664589234246
NT,2025,21,135,PT1 0 offwind-ac,3918.278413619662
NT,2025,21,136,PT1 0 offwind-ac,4694.801192763883
NT,2025,21,137,PT1 0 offwind-ac,5023.634865253365
NT,2025,21,138,PT1 0 offwind-ac,5127.47951073693
NT,2025,21,139,PT1 0 offwind-ac,4963.725806049326
NT,2025,21,140,PT1 0 offwind-ac,5045.643620414529
NT,2025,21,141,PT1 0 offwind-ac,5139.844584009652
NT,2025,21,142,PT1 0 offwind-ac,4347.172773748056
NT,2025,21,143,PT1 0 offwind-ac,4285.5101412393105
NT,2025,21,144,PT1 0 offwind-ac,4254.6646643106305
NT,2025,21,145,PT1 0 offwind-ac,4298.391886665627
NT,2025,21,146,PT1 0 offwind-ac,4216.304247945765
NT,2025,21,147,PT1 0 offwind-ac,4144.006088942646
NT,2025,21,148,PT1 0 offwind-ac,4219.9650757075415
NT,2025,21,149,PT1 0 offwind-ac,4336.489910131975
NT,2025,21,150,PT1 0 offwind-ac,4291.005586406875
NT,2025,21,151,PT1 0 offwind-ac,4301.55344501152
NT,2025,21,152,PT1 0 offwind-ac,4096.817394342585
NT,2025,21,153,PT1 0 offwind-ac,3707.8526360661217
NT,2025,21,154,PT1 0 offwind-ac,2557.9599305282363
NT,2025,21,155,PT1 0 offwind-ac,2816.1861643631387
NT,2025,21,156,PT1 0 offwind-ac,2175.73140630439
NT,2025,21,157,PT1 0 offwind-ac,3857.0957743107338
NT,2025,21,158,PT1 0 offwind-ac,2490.576148144194
NT,2025,21,159,PT1 0 offwind-ac,6633.624551017241
NT,2025,21,160,PT1 0 offwind-ac,7782.452252913348
NT,2025,21,161,PT1 0 offwind-ac,8517.028248528637
NT,2025,21,162,PT1 0 offwind-ac,8805.926506944303
NT,2025,21,163,PT1 0 offwind-ac,8920.050410705235
NT,2025,21,164,PT1 0 offwind-ac,8716.965883444907
NT,2025,21,165,PT1 0 offwind-ac,8328.683019009113
NT,2025,21,166,PT1 0 offwind-ac,7148.956603265156
NT,2025,21,167,PT1 0 offwind-ac,6969.283526600688
NT,2030,21,0,PT1 0 offwind-ac,783.6569266236426
NT,2030,21,1,PT1 0 offwind-ac,661.6029735158132
NT,2030,21,2,PT1 0 offwind-ac,564.7856911438789
NT,2030,21,3,PT1 0 offwind-ac,417.7928426625506
NT,2030,21,4,PT1 0 offwind-ac,501.06274925085256
NT,2030,21,5,PT1 0 offwind-ac,629.8983718329553
NT,2030,21,6,PT1 0 offwind-ac,1037.3215933729591
NT,2030,21,7,PT1 0 offwind-ac,1340.6349999398735
NT,2030,21,8,PT1 0 offwind-ac,1629.347790045855
NT,2030,21,9,PT1 0 offwind-ac,1768.9610349299392
NT,2030,21,10,PT1 0 offwind-ac,669.7423714016741
NT,2030,21,11,PT1 0 offwind-ac,845.7953070412292
NT,2030,21,12,PT1 0 offwind-ac,1086.9839011634192
NT,2030,21,13,PT1 0 offwind-ac,1680.0629939623773
NT,2030,21,14,PT1 0 offwind-ac,2754.0887475495447
NT,2030,21,15,PT1 0 offwind-ac,4554.95434884128
NT,2030,21,16,PT1 0 offwind-ac,7181.329547857007
NT,2030,21,17,PT1 0 offwind-ac,9807.75399890645
NT,2030,21,18,PT1 0 offwind-ac,11678.250914367627
NT,2030,21,19,PT1 0 offwind-ac,12842.446256695692
NT,2030,21,20,PT1 0 offwind-ac,14508.31660386438
NT,2030,21,21,PT1 0 offwind-ac,13982.76709356023
NT,2030,21,22,PT1 0 offwind-ac,11810.470691852785
NT,2030,21,23,PT1 0 offwind-ac,11786.508463360533
NT,2030,21,24,PT1 0 offwind-ac,11062.118077638233
NT,2030,21,25,PT1 0 offwind-ac,10639.105086147661
NT,2030,21,26,PT1 0 offwind-ac,9454.78006665368
NT,2030,21,27,PT1 0 offwind-ac,8609.84558867456
NT,2030,21,28,PT1 0 offwind-ac,7734.296824096833
NT,2030,21,29,PT1 0 offwind-ac,6665.70513613161
NT,2030,21,30,PT1 0 offwind-ac,6118.727518272834
NT,2030,21,31,PT1 0 offwind-ac,5124.362686524783
NT,2030,21,32,PT1 0 offwind-ac,4404.288982550862
NT,2030,21,33,PT1 0 offwind-ac,3831.8973116012867
NT,2030,21,34,PT1 0 offwind-ac,1715.9259363082676
NT,2030,21,35,PT1 0 offwind-ac,1741.2350252249848
NT,2030,21,36,PT1 0 offwind-ac,2561.3415201627513
NT,2030,21,37,PT1 0 offwind-ac,4238.636057579764
NT,2030,21,38,PT1 0 offwind-ac,6079.75957773128
NT,2030,21,39,PT1 0 offwind-ac,7960.832488910392
NT,2030,21,40,PT1 0 offwind-ac,9658.304469551826
NT,2030,21,41,PT1 0 offwind-ac,10392.336766558283
NT,2030,21,42,PT1 0 offwind-ac,10135.15118965881
NT,2030,21,43,PT1 0 offwind-ac,9145.893659814885
NT,2030,21,44,PT1 0 offwind-ac,8412.730353023486
NT,2030,21,45,PT1 0 offwind-ac,7435.940091327853
NT,2030,21,46,PT1 0 offwind-ac,6435.019735733422
NT,2030,21,47,PT1 0 offwind-ac,5498.646109683035
NT,2030,21,48,PT1 0 offwind-ac,4716.248104675225
NT,2030,21,49,PT1 0 offwind-ac,4103.803405387587
NT,2030,21,50,PT1 0 offwind-ac,3427.9967400251103
NT,2030,21,51,PT1 0 offwind-ac,2583.6720904648555
NT,2030,21,52,PT1 0 offwind-ac,2310.6487834662144
NT,2030,21,53,PT1 0 offwind-ac,2220.541518869323
NT,2030,21,54,PT1 0 offwind-ac,2093.943964834016
NT,2030,21,55,PT1 0 offwind-ac,1645.2481218385078
NT,2030,21,56,PT1 0 offwind-ac,1247.5111532037881
NT,2030,21,57,PT1 0 offwind-ac,1161.2510063954842
NT,2030,21,58,PT1 0 offwind-ac,0.0
NT,2030,21,59,PT1 0 offwind-ac,0.0
NT,2030,21,60,PT1 0 offwind-ac,0.0
NT,2030,21,61,PT1 0 offwind-ac,0.0
NT,2030,21,62,PT1 0 offwind-ac,0.0
NT,2030,21,63,PT1 0 offwind-ac,2540.2485118279305
NT,2030,21,64,PT1 0 offwind-ac,9018.512716666955
NT,2030,21,65,PT1 0 offwind-ac,10546.728356112608
NT,2030,21,66,PT1 0 offwind-ac,11121.566028382866
NT,2030,21,67,PT1 0 offwind-ac,11138.051395685297
NT,2030,21,68,PT1 0 offwind-ac,11115.686251947129
NT,2030,21,69,PT1 0 offwind-ac,10258.721902164587
NT,2030,21,70,PT1 0 offwind-ac,8595.811504114838
NT,2030,21,71,PT1 0 offwind-ac,7743.052516666679
NT,2030,21,72,PT1 0 offwind-ac,7242.442844213633
NT,2030,21,73,PT1 0 offwind-ac,6929.616274997772
NT,2030,21,74,PT1 0 offwind-ac,6503.606519382284
NT,2030,21,75,PT1 0 offwind-ac,6122.11822852429
NT,2030,21,76,PT1 0 offwind-ac,5415.46186283977
NT,2030,21,77,PT1 0 offwind-ac,4788.988113920922
NT,2030,21,78,PT1 0 offwind-ac,4136.202691092791
NT,2030,21,79,PT1 0 offwind-ac,3239.192728694874
NT,2030,21,80,PT1 0 offwind-ac,2440.508422378439
NT,2030,21,81,PT1 0 offwind-ac,2279.3558685559956
NT,2030,21,82,PT1 0 offwind-ac,0.0
NT,2030,21,83,PT1 0 offwind-ac,0.0
NT,2030,21,84,PT1 0 offwind-ac,0.0
NT,2030,21,85,PT1 0 offwind-ac,0.0
NT,2030,21,86,PT1 0 offwind-ac,0.0
NT,2030,21,87,PT1 0 offwind-ac,3538.190845968066
NT,2030,21,88,PT1 0 offwind-ac,9205.175809964363
NT,2030,21,89,PT1 0 offwind-ac,10618.266754968763
NT,2030,21,90,PT1 0 offwind-ac,11186.432502045467
NT,2030,21,91,PT1 0 offwind-ac,11215.14601148283
NT,2030,21,92,PT1 0 offwind-ac,11150.179964396179
NT,2030,21,93,PT1 0 offwind-ac,10257.081720303035
NT,2030,21,94,PT1 0 offwind-ac,7658.957636236712
NT,2030,21,95,PT1 0 offwind-ac,7250.678713711503
NT,2030,21,96,PT1 0 offwind-ac,6776.933601612176
NT,2030,21,97,PT1 0 offwind-ac,6419.242653968631
NT,2030,21,98,PT1 0 offwind-ac,6331.120774780061
NT,2030,21,99,PT1 0 offwind-ac,6002.8130388223235
NT,2030,21,100,PT1 0 offwind-ac,5702.180171170595
NT,2030,21,101,PT1 0 offwind-ac,5345.78932691997
NT,2030,21,102,PT1 0 offwind-ac,4945.24393178421
NT,2030,21,103,PT1 0 offwind-ac,4061.8259900158114
NT,2030,21,104,PT1 0 offwind-ac,3542.8352843532293
NT,2030,21,105,PT1 0 offwind-ac,855.7277527650747
NT,2030,21,106,PT1 0 offwind-ac,0.0
NT,2030,21,107,PT1 0 offwind-ac,0.0
NT,2030,21,108,PT1 0 offwind-ac,0.0
NT,2030,21,109,PT1 0 offwind-ac,0.0
NT,2030,21,110,PT1 0 offwind-ac,0.0
NT,2030,21,111,PT1 0 offwind-ac,2039.692368157135
NT,2030,21,112,PT1 0 offwind-ac,8776.60647998089
NT,2030,21,113,PT1 0 offwind-ac,9608.679775338485
NT,2030,21,114,PT1 0 offwind-ac,10333.35662146519
NT,2030,21,115,PT1 0 offwind-ac,10638.026450226702
NT,2030,21,116,PT1 0 offwind-ac,10977.222808252372
NT,2030,21,117,PT1 0 offwind-ac,10501.391691255529
NT,2030,21,118,PT1 0 offwind-ac,7535.0967204243
NT,2030,21,119,PT1 0 offwind-ac,7181.6721657879225
NT,2030,21,120,PT1 0 offwind-ac,7108.136938975541
NT,2030,21,121,PT1 0 offwind-ac,6847.124207258792
NT,2030,21,122,PT1 0 offwind-ac,6552.439938305389
NT,2030,21,123,PT1 0 offwind-ac,6131.393475480208
NT,2030,21,124,PT1 0 offwind-ac,5643.651067110194
NT,2030,21,125,PT1 0 offwind-ac,5003.62104921312
NT,2030,21,126,PT1 0 offwind-ac,4611.525081547997
NT,2030,21,127,PT1 0 offwind-ac,3715.4625977592327
NT,2030,21,128,PT1 0 offwind-ac,3076.670402633238
NT,2030,21,129,PT1 0 offwind-ac,0.0
NT,2030,21,130,PT1 0 offwind-ac,0.0
NT,2030,21,131,PT1 0 offwind-ac,0.0
NT,2030,21,132,PT1 0 offwind-ac,0.0
NT,2030,21,133,PT1 0 offwind-ac,0.0
NT,2030,21,134,PT1 0 offwind-ac,0.0
NT,2030,21,135,PT1 0 offwind-ac,0.0
NT,2030,21,136,PT1 0 offwind-ac,5417.956828915192
NT,2030,21,137,PT1 0 offwind-ac,8372.724775422275
NT,2030,21,138,PT1 0 offwind-ac,8545.79918456155
NT,2030,21,139,PT1 0 offwind-ac,8272.876343415543
NT,2030,21,140,PT1 0 offwind-ac,8409.406034024216
NT,2030,21,141,PT1 0 offwind-ac,8566.407640016087
NT,2030,21,142,PT1 0 offwind-ac,7245.287956246759
NT,2030,21,143,PT1 0 offwind-ac,7142.516902065518
NT,2030,21,144,PT1 0 offwind-ac,7091.107773851052
NT,2030,21,145,PT1 0 offwind-ac,7163.986477776044
NT,2030,21,146,PT1 0 offwind-ac,7027.173746576274
NT,2030,21,147,PT1 0 offwind-ac,6906.676814904409
NT,2030,21,148,PT1 0 offwind-ac,7033.275126179235
NT,2030,21,149,PT1 0 offwind-ac,7227.483183553293
NT,2030,21,150,PT1 0 offwind-ac,7151.675977344793
NT,2030,21,151,PT1 0 offwind-ac,7169.255741685866
NT,2030,21,152,PT1 0 offwind-ac,1299.3202924150628
NT,2030,21,153,PT1 0 offwind-ac,0.0
NT,2030,21,154,PT1 0 offwind-ac,0.0
NT,2030,21,155,PT1 0 offwind-ac,0.0
NT,2030,21,156,PT1 0 offwind-ac,0.0
NT,2030,21,157,PT1 0 offwind-ac,0.0
NT,2030,21,158,PT1 0 offwind-ac,0.0
NT,2030,21,159,PT1 0 offwind-ac,1819.5657779291785
NT,2030,21,160,PT1 0 offwind-ac,7780.496689791633
NT,2030,21,161,PT1 0 offwind-ac,6292.874030408484
NT,2030,21,162,PT1 0 offwind-ac,11741.235342592405
NT,2030,21,163,PT1 0 offwind-ac,10404.015669524608
NT,2030,21,164,PT1 0 offwind-ac,14528.276472408179
NT,2030,21,165,PT1 0 offwind-ac,13881.138365015187
NT,2030,21,166,PT1 0 offwind-ac,11914.927672108595
NT,2030,21,167,PT1 0 offwind-ac,11615.47254433448
DE,2040,21,0,PT1 0 offwind-ac,783.6569266236426
DE,2040,21,1,PT1 0 offwind-ac,661.6029735158132
DE,2040,21,2,PT1 0 offwind-ac,564.7856911438789
DE,2040,21,3,PT1 0 offwind-ac,417.7928426625506
DE,2040,21,4,PT1 0 offwind-ac,501.06274925085256
DE,2040,21,5,PT1 0 offwind-ac,629.8983718329553
DE,2040,21,6,PT1 0 offwind-ac,1037.3215933729591
DE,2040,21,7,PT1 0 offwind-ac,1340.6349999398735
DE,2040,21,8,PT1 0 offwind-ac,1629.347790045855
DE,2040,21,9,PT1 0 offwind-ac,1768.9610349299392
DE,2040,21,10,PT1 0 offwind-ac,669.7423714016741
DE,2040,21,11,PT1 0 offwind-ac,845.7953070412292
DE,2040,21,12,PT1 0 offwind-ac,1086.9839011634192
DE,2040,21,13,PT1 0 offwind-ac,1680.0629939623773
DE,2040,21,14,PT1 0 offwind-ac,2754.0887475495447
DE,2040,21,15,PT1 0 offwind-ac,4554.95434884128
DE,2040,21,16,PT1 0 offwind-ac,7181.329547857007
DE,2040,21,17,PT1 0 offwind-ac,9807.75399890645
DE,2040,21,18,PT1 0 offwind-ac,11678.250914367627
DE,2040,21,19,PT1 0 offwind-ac,12842.446256695692
DE,2040,21,20,PT1 0 offwind-ac,14508.31660386438
DE,2040,21,21,PT1 0 offwind-ac,13982.76709356023
DE,2040,21,22,PT1 0 offwind-ac,11810.470691852785
DE,2040,21,23,PT1 0 offwind-ac,11786.508463360533
DE,2040,21,24,PT1 0 offwind-ac,11062.118077638233
DE,2040,21,25,PT1 0 offwind-ac,10639.105086147661
DE,2040,21,26,PT1 0 offwind-ac,9454.78006665368
DE,2040,21,27,PT1 0 offwind-ac,8609.84558867456
DE,2040,21,28,PT1 0 offwind-ac,7734.296824096833
DE,2040,21,29,PT1 0 offwind-ac,6665.70513613161
DE,2040,21,30,PT1 0 offwind-ac,6118.727518272834
DE,2040,21,31,PT1 0 offwind-ac,5124.362686524783
DE,2040,21,32,PT1 0 offwind-ac,4404.288982550862
DE,2040,21,33,PT1 0 offwind-ac,3831.8973116012867
DE,2040,21,34,PT1 0 offwind-ac,1715.9259363082676
DE,2040,21,35,PT1 0 offwind-ac,1741.2350252249848
DE,2040,21,36,PT1 0 offwind-ac,435.4988033648076
DE,2040,21,37,PT1 0 offwind-ac,2543.415306377925
DE,2040,21,38,PT1 0 offwind-ac,6079.75957773128
DE,2040,21,39,PT1 0 offwind-ac,7960.832488910392
DE,2040,21,40,PT1 0 offwind-ac,9658.304469551826
DE,2040,21,41,PT1 0 offwind-ac,10392.336766558283
DE,2040,21,42,PT1 0 offwind-ac,10135.15118965881
DE,2040,21,43,PT1 0 offwind-ac,9145.893659814885
DE,2040,21,44,PT1 0 offwind-ac,8412.730353023486
DE,2040,21,45,PT1 0 offwind-ac,7435.940091327853
DE,2040,21,46,PT1 0 offwind-ac,6435.019735733422
DE,2040,21,47,PT1 0 offwind-ac,5498.646109683035
DE,2040,21,48,PT1 0 offwind-ac,4716.248104675225
DE,2040,21,49,PT1 0 offwind-ac,4103.803405387587
DE,2040,21,50,PT1 0 offwind-ac,3427.9967400251103
DE,2040,21,51,PT1 0 offwind-ac,2583.6720904648555
DE,2040,21,52,PT1 0 offwind-ac,2310.6487834662144
DE,2040,21,53,PT1 0 offwind-ac,2220.541518869323
DE,2040,21,54,PT1 0 offwind-ac,2093.943964834016
DE,2040,21,55,PT1 0 offwind-ac,1645.2481218385078
DE,2040,21,56,PT1 0 offwind-ac,1247.5111532037881
DE,2040,21,57,PT1 0 offwind-ac,1161.2510063954842
DE,2040,21,58,PT1 0 offwind-ac,0.0
DE,2040,21,59,PT1 0 offwind-ac,0.0
DE,2040,21,60,PT1 0 offwind-ac,0.0
DE,2040,21,61,PT1 0 offwind-ac,0.0
DE,2040,21,62,PT1 0 offwind-ac,0.0
DE,2040,21,63,PT1 0 offwind-ac,0.0
DE,2040,21,64,PT1 0 offwind-ac,9279.326578855163
DE,2040,21,65,PT1 0 offwind-ac,10546.728356112608
DE,2040,21,66,PT1 0 offwind-ac,11121.566028382866
DE,2040,21,67,PT1 0 offwind-ac,11138.051395685297
DE,2040,21,68,PT1 0 offwind-ac,11115.686251947129
DE,2040,21,69,PT1 0 offwind-ac,10258.721902164587
DE,2040,21,70,PT1 0 offwind-ac,8595.811504114838
DE,2040,21,71,PT1 0 offwind-ac,7743.052516666679
DE,2040,21,72,PT1 0 offwind-ac,7242.442844213633
DE,2040,21,73,PT1 0 offwind-ac,6929.616274997772
DE,2040,21,74,PT1 0 offwind-ac,6503.606519382284
DE,2040,21,75,PT1 0 offwind-ac,6122.11822852429
DE,2040,21,76,PT1 0 offwind-ac,5415.46186283977
DE,2040,21,77,PT1 0 offwind-ac,4788.988113920922
DE,2040,21,78,PT1 0 offwind-ac,4136.202691092791
DE,2040,21,79,PT1 0 offwind-ac,3239.192728694874
DE,2040,21,80,PT1 0 offwind-ac,2440.508422378439
DE,2040,21,81,PT1 0 offwind-ac,0.0
DE,2040,21,82,PT1 0 offwind-ac,0.0
DE,2040,21,83,PT1 0 offwind-ac,0.0
DE,2040,21,84,PT1 0 offwind-ac,0.0
DE,2040,21,85,PT1 0 offwind-ac,0.0
DE,2040,21,86,PT1 0 offwind-ac,0.0
DE,2040,21,87,PT1 0 offwind-ac,0.0
DE,2040,21,88,PT1 0 offwind-ac,9205.175809964363
DE,2040,21,89,PT1 0 offwind-ac,10618.266754968763
DE,2040,21,90,PT1 0 offwind-ac,11186.432502045467
DE,2040,21,91,PT1 0 offwind-ac,11215.14601148283
DE,2040,21,92,PT1 0 offwind-ac,11150.179964396179
DE,2040,21,93,PT1 0 offwind-ac,10257.081720303035
DE,2040,21,94,PT1 0 offwind-ac,7658.957636236712
DE,2040,21,95,PT1 0 offwind-ac,7250.678713711503
DE,2040,21,96,PT1 0 offwind-ac,6776.933601612176
DE,2040,21,97,PT1 0 offwind-ac,6419.242653968631
DE,2040,21,98,PT1 0 offwind-ac,6331.120774780061
DE,2040,21,99,PT1 0 offwind-ac,6002.8130388223235
DE,2040,21,100,PT1 0 offwind-ac,5702.180171170595
DE,2040,21,101,PT1 0 offwind-ac,5345.78932691997
DE,2040,21,102,PT1 0 offwind-ac,4945.24393178421
DE,2040,21,103,PT1 0 offwind-ac,4061.8259900158114
DE,2040,21,104,PT1 0 offwind-ac,3542.8352843532293
DE,2040,21,105,PT1 0 offwind-ac,0.0
DE,2040,21,106,PT1 0 offwind-ac,0.0
DE,2040,21,107,PT1 0 offwind-ac,0.0
DE,2040,21,108,PT1 0 offwind-ac,0.0
DE,2040,21,109,PT1 0 offwind-ac,0.0
DE,2040,21,110,PT1 0 offwind-ac,0.0
DE,2040,21,111,PT1 0 offwind-ac,0.0
DE,2040,21,112,PT1 0 offwind-ac,6862.517938388961
DE,2040,21,113,PT1 0 offwind-ac,9608.679775338485
DE,2040,21,114,PT1 0 offwind-ac,10333.35662146519
DE,2040,21,115,PT1 0 offwind-ac,10638.026450226702
DE,2040,21,116,PT1 0 offwind-ac,10977.222808252372
DE,2040,21,117,PT1 0 offwind-ac,10501.391691255529
DE,2040,21,118,PT1 0 offwind-ac,7535.0967204243
DE,2040,21,119,PT1 0 offwind-ac,7181.6721657879225
DE,2040,21,120,PT1 0 offwind-ac,7108.136938975541
DE,2040,21,121,PT1 0 offwind-ac,6847.124207258792
DE,2040,21,122,PT1 0 offwind-ac,6552.439938305389
DE,2040,21,123,PT1 0 offwind-ac,6131.393475480208
DE,2040,21,124,PT1 0 offwind-ac,5643.651067110194
DE,2040,21,125,PT1 0 offwind-ac,5003.62104921312
DE,2040,21,126,PT1 0 offwind-ac,4611.525081547997
DE,2040,21,127,PT1 0 offwind-ac,3715.4625977592327
DE,2040,21,128,PT1 0 offwind-ac,3076.670402633238
DE,2040,21,129,PT1 0 offwind-ac,0.0
DE,2040,21,130,PT1 0 offwind-ac,0.0
DE,2040,21,131,PT1 0 offwind-ac,0.0
DE,2040,21,132,PT1 0 offwind-ac,0.0
DE,2040,21,133,PT1 0 offwind-ac,0.0
DE,2040,21,134,PT1 0 offwind-ac,0.0
DE,2040,21,135,PT1 0 offwind-ac,0.0
DE,2040,21,136,PT1 0 offwind-ac,0.0
DE,2040,21,137,PT1 0 offwind-ac,8372.724775422275
DE,2040,21,138,PT1 0 offwind-ac,8545.79918456155
DE,2040,21,139,PT1 0 offwind-ac,8272.876343415543
DE,2040,21,140,PT1 0 offwind-ac,8409.406034024216
DE,2040,21,141,PT1 0 offwind-ac,8566.407640016087
DE,2040,21,142,PT1 0 offwind-ac,7245.287956246759
DE,2040,21,143,PT1 0 offwind-ac,7142.516902065518
DE,2040,21,144,PT1 0 offwind-ac,7091.107773851052
DE,2040,21,145,PT1 0 offwind-ac,7163.986477776044
DE,2040,21,146,PT1 0 offwind-ac,7027.173746576274
DE,2040,21,147,PT1 0 offwind-ac,6906.676814904409
DE,2040,21,148,PT1 0 offwind-ac,7033.275126179235
DE,2040,21,149,PT1 0 offwind-ac,7227.483183553293
DE,2040,21,150,PT1 0 offwind-ac,7151.675977344793
DE,2040,21,151,PT1 0 offwind-ac,7169.255741685866
DE,2040,21,152,PT1 0 offwind-ac,1831.7098429956677
DE,2040,21,153,PT1 0 offwind-ac,0.0
DE,2040,21,154,PT1 0 offwind-ac,0.0
DE,2040,21,155,PT1 0 offwind-ac,0.0
DE,2040,21,156,PT1 0 offwind-ac,0.0
DE,2040,21,157,PT1 0 offwind-ac,0.0
DE,2040,21,158,PT1 0 offwind-ac,0.0
DE,2040,21,159,PT1 0 offwind-ac,0.0
DE,2040,21,160,PT1 0 offwind-ac,2594.150750971116
DE,2040,21,161,PT1 0 offwind-ac,14195.04708088106
DE,2040,21,162,PT1 0 offwind-ac,10122.79765972967
DE,2040,21,163,PT1 0 offwind-ac,11719.025758934828
DE,2040,21,164,PT1 0 offwind-ac,14528.276472408179
DE,2040,21,165,PT1 0 offwind-ac,13881.138365015187
DE,2040,21,166,PT1 0 offwind-ac,11914.927672108595
DE,2040,21,167,PT1 0 offwind-ac,11615.47254433448
DE,2050,21,0,PT1 0 offwind-ac,783.6569266236426
DE,2050,21,1,PT1 0 offwind-ac,661.6029735158132
DE,2050,21,2,PT1 0 offwind-ac,564.7856911438789
DE,2050,21,3,PT1 0 offwind-ac,417.7928426625506
DE,2050,21,4,PT1 0 offwind-ac,501.06274925085256
DE,2050,21,5,PT1 0 offwind-ac,629.8983718329553
DE,2050,21,6,PT1 0 offwind-ac,1037.3215933729591
DE,2050,21,7,PT1 0 offwind-ac,1340.6349999398735
DE,2050,21,8,PT1 0 offwind-ac,1629.347790045855
DE,2050,21,9,PT1 0 offwind-ac,1768.9610349299392
DE,2050,21,10,PT1 0 offwind-ac,669.7423714016741
DE,2050,21,11,PT1 0 offwind-ac,845.7953070412292
DE,2050,21,12,PT1 0 offwind-ac,1086.9839011634192
DE,2050,21,13,PT1 0 offwind-ac,1680.0629939623773
DE,2050,21,14,PT1 0 offwind-ac,2754.0887475495447
DE,2050,21,15,PT1 0 offwind-ac,4554.95434884128
DE,2050,21,16,PT1 0 offwind-ac,7181.329547857007
DE,2050,21,17,PT1 0 offwind-ac,9807.75399890645
DE,2050,21,18,PT1 0 offwind-ac,11678.250914367627
DE,2050,21,19,PT1 0 offwind-ac,12842.446256695692
DE,2050,21,20,PT1 0 offwind-ac,14508.31660386438
DE,2050,21,21,PT1 0 offwind-ac,13982.76709356023
DE,2050,21,22,PT1 0 offwind-ac,11810.470691852785
DE,2050,21,23,PT1 0 offwind-ac,11786.508463360533
DE,2050,21,24,PT1 0 offwind-ac,11062.118077638233
DE,2050,21,25,PT1 0 offwind-ac,10639.105086147661
DE,2050,21,26,PT1 0 offwind-ac,9454.78006665368
DE,2050,21,27,PT1 0 offwind-ac,8609.84558867456
DE,2050,21,28,PT1 0 offwind-ac,7734.296824096833
DE,2050,21,29,PT1 0 offwind-ac,6665.70513613161
DE,2050,21,30,PT1 0 offwind-ac,6118.727518272834
DE,2050,21,31,PT1 0 offwind-ac,5124.362686524783
DE,2050,21,32,PT1 0 offwind-ac,4404.288982550862
DE,2050,21,33,PT1 0 offwind-ac,3831.8973116012867
DE,2050,21,34,PT1 0 offwind-ac,1715.9259363082676
DE,2050,21,35,PT1 0 offwind-ac,1741.2350252249848
DE,2050,21,36,PT1 0 offwind-ac,2561.3415201627513
DE,2050,21,37,PT1 0 offwind-ac,4238.636057579764
DE,2050,21,38,PT1 0 offwind-ac,6079.75957773128
DE,2050,21,39,PT1 0 offwind-ac,7960.832488910392
DE,2050,21,40,PT1 0 offwind-ac,9658.304469551826
DE,2050,21,41,PT1 0 offwind-ac,10392.336766558283
DE,2050,21,42,PT1 0 offwind-ac,10135.15118965881
DE,2050,21,43,PT1 0 offwind-ac,9145.893659814885
DE,2050,21,44,PT1 0 offwind-ac,8412.730353023486
DE,2050,21,45,PT1 0 offwind-ac,7435.940091327853
DE,2050,21,46,PT1 0 offwind-ac,6435.019735733422
DE,2050,21,47,PT1 0 offwind-ac,5498.646109683035
DE,2050,21,48,PT1 0 offwind-ac,4716.248104675225
DE,2050,21,49,PT1 0 offwind-ac,4103.803405387587
DE,2050,21,50,PT1 0 offwind-ac,3427.9967400251103
DE,2050,21,51,PT1 0 offwind-ac,2583.6720904648555
DE,2050,21,52,PT1 0 offwind-ac,2310.6487834662144
DE,2050,21,53,PT1 0 offwind-ac,2220.541518869323
DE,2050,21,54,PT1 0 offwind-ac,2093.943964834016
DE,2050,21,55,PT1 0 offwind-ac,1645.2481218385078
DE,2050,21,56,PT1 0 offwind-ac,1247.5111532037881
DE,2050,21,57,PT1 0 offwind-ac,1161.2510063954842
DE,2050,21,58,PT1 0 offwind-ac,0.0
DE,2050,21,59,PT1 0 offwind-ac,0.0
DE,2050,21,60,PT1 0 offwind-ac,0.0
DE,2050,21,61,PT1 0 offwind-ac,0.0
DE,2050,21,62,PT1 0 offwind-ac,0.0
DE,2050,21,63,PT1 0 offwind-ac,3125.8406801379156
DE,2050,21,64,PT1 0 offwind-ac,9412.01674206852
DE,2050,21,65,PT1 0 offwind-ac,10546.728356112608
DE,2050,21,66,PT1 0 offwind-ac,11121.566028382866
DE,2050,21,67,PT1 0 offwind-ac,11138.051395685297
DE,2050,21,68,PT1 0 offwind-ac,11115.686251947129
DE,2050,21,69,PT1 0 offwind-ac,10258.721902164587
DE,2050,21,70,PT1 0 offwind-ac,8595.811504114838
DE,2050,21,71,PT1 0 offwind-ac,7743.052516666679
DE,2050,21,72,PT1 0 offwind-ac,7242.442844213633
DE,2050,21,73,PT1 0 offwind-ac,6929.616274997772
DE,2050,21,74,PT1 0 offwind-ac,6503.606519382284
DE,2050,21,75,PT1 0 offwind-ac,6122.11822852429
DE,2050,21,76,PT1 0 offwind-ac,5415.46186283977
DE,2050,21,77,PT1 0 offwind-ac,4788.988113920922
DE,2050,21,78,PT1 0 offwind-ac,4136.202691092791
DE,2050,21,79,PT1 0 offwind-ac,3239.192728694874
DE,2050,21,80,PT1 0 offwind-ac,2440.508422378439
DE,2050,21,81,PT1 0 offwind-ac,1823.4846948447964
DE,2050,21,82,PT1 0 offwind-ac,0.0
DE,2050,21,83,PT1 0 offwind-ac,0.0
DE,2050,21,84,PT1 0 offwind-ac,0.0
DE,2050,21,85,PT1 0 offwind-ac,0.0
DE,2050,21,86,PT1 0 offwind-ac,0.0
DE,2050,21,87,PT1 0 offwind-ac,3917.833781593434
DE,2050,21,88,PT1 0 offwind-ac,9205.175809964363
DE,2050,21,89,PT1 0 offwind-ac,10618.266754968763
DE,2050,21,90,PT1 0 offwind-ac,11186.432502045467
DE,2050,21,91,PT1 0 offwind-ac,11215.14601148283
DE,2050,21,92,PT1 0 offwind-ac,11150.179964396179
DE,2050,21,93,PT1 0 offwind-ac,10257.081720303035
DE,2050,21,94,PT1 0 offwind-ac,7658.957636236712
DE,2050,21,95,PT1 0 offwind-ac,7250.678713711503
DE,2050,21,96,PT1 0 offwind-ac,6776.933601612176
DE,2050,21,97,PT1 0 offwind-ac,6419.242653968631
DE,2050,21,98,PT1 0 offwind-ac,6331.120774780061
DE,2050,21,99,PT1 0 offwind-ac,6002.8130388223235
DE,2050,21,100,PT1 0 offwind-ac,5702.180171170595
DE,2050,21,101,PT1 0 offwind-ac,5345.78932691997
DE,2050,21,102,PT1 0 offwind-ac,4945.24393178421
DE,2050,21,103,PT1 0 offwind-ac,4061.8259900158114
DE,2050,21,104,PT1 0 offwind-ac,3542.8352843532293
DE,2050,21,105,PT1 0 offwind-ac,680.5132016460592
DE,2050,21,106,PT1 0 offwind-ac,0.0
DE,2050,21,107,PT1 0 offwind-ac,0.0
DE,2050,21,108,PT1 0 offwind-ac,0.0
DE,2050,21,109,PT1 0 offwind-ac,0.0
DE,2050,21,110,PT1 0 offwind-ac,0.0
DE,2050,21,111,PT1 0 offwind-ac,1223.5824266945708
DE,2050,21,112,PT1 0 offwind-ac,8776.60647998089
DE,2050,21,113,PT1 0 offwind-ac,9608.679775338485
DE,2050,21,114,PT1 0 offwind-ac,10333.35662146519
DE,2050,21,115,PT1 0 offwind-ac,10638.026450226702
DE,2050,21,116,PT1 0 offwind-ac,10977.222808252372
DE,2050,21,117,PT1 0 offwind-ac,10501.391691255529
DE,2050,21,118,PT1 0 offwind-ac,7535.0967204243
DE,2050,21,119,PT1 0 offwind-ac,7181.6721657879225
DE,2050,21,120,PT1 0 offwind-ac,7108.136938975541
DE,2050,21,121,PT1 0 offwind-ac,6847.124207258792
DE,2050,21,122,PT1 0 offwind-ac,6552.439938305389
DE,2050,21,123,PT1 0 offwind-ac,6131.393475480208
DE,2050,21,124,PT1 0 offwind-ac,5643.651067110194
DE,2050,21,125,PT1 0 offwind-ac,5003.62104921312
DE,2050,21,126,PT1 0 offwind-ac,4611.525081547997
DE,2050,21,127,PT1 0 offwind-ac,3715.4625977592327
DE,2050,21,128,PT1 0 offwind-ac,3076.670402633238
DE,2050,21,129,PT1 0 offwind-ac,0.0
DE,2050,21,130,PT1 0 offwind-ac,0.0
DE,2050,21,131,PT1 0 offwind-ac,0.0
DE,2050,21,132,PT1 0 offwind-ac,0.0
DE,2050,21,133,PT1 0 offwind-ac,0.0
DE,2050,21,134,PT1 0 offwind-ac,0.0
DE,2050,21,135,PT1 0 offwind-ac,0.0
DE,2050,21,136,PT1 0 offwind-ac,6270.557657819992
DE,2050,21,137,PT1 0 offwind-ac,8372.724775422275
DE,2050,21,138,PT1 0 offwind-ac,8545.79918456155
DE,2050,21,139,PT1 0 offwind-ac,8272.876343415543
DE,2050,21,140,PT1 0 offwind-ac,8409.406034024216
DE,2050,21,141,PT1 0 offwind-ac,8566.407640016087
DE,2050,21,142,PT1 0 offwind-ac,7245.287956246759
DE,2050,21,143,PT1 0 offwind-ac,7142.516902065518
DE,2050,21,144,PT1 0 offwind-ac,7091.107773851052
DE,2050,21,145,PT1 0 offwind-ac,7163.986477776044
DE,2050,21,146,PT1 0 offwind-ac,7027.173746576274
DE,2050,21,147,PT1 0 offwind-ac,6906.676814904409
DE,2050,21,148,PT1 0 offwind-ac,7033.275126179235
DE,2050,21,149,PT1 0 offwind-ac,7227.483183553293
DE,2050,21,150,PT1 0 offwind-ac,7151.675977344793
DE,2050,21,151,PT1 0 offwind-ac,7169.255741685866
DE,2050,21,152,PT1 0 offwind-ac,3906.825706346609
DE,2050,21,153,PT1 0 offwind-ac,0.0
DE,2050,21,154,PT1 0 offwind-ac,0.0
DE,2050,21,155,PT1 0 offwind-ac,0.0
DE,2050,21,156,PT1 0 offwind-ac,0.0
DE,2050,21,157,PT1 0 offwind-ac,0.0
DE,2050,21,158,PT1 0 offwind-ac,0.0
DE,2050,21,159,PT1 0 offwind-ac,1350.1150037644147
DE,2050,21,160,PT1 0 offwind-ac,2594.150750971116
DE,2050,21,161,PT1 0 offwind-ac,9067.887647927562
DE,2050,21,162,PT1 0 offwind-ac,14676.544178240507
DE,2050,21,163,PT1 0 offwind-ac,14866.750684508725
DE,2050,21,164,PT1 0 offwind-ac,12697.396172818226
DE,2050,21,165,PT1 0 offwind-ac,13881.138365015187
DE,2050,21,166,PT1 0 offwind-ac,11914.927672108595
DE,2050,21,167,PT1 0 offwind-ac,11615.47254433448
NT,2025,21,0,PT1 0 onwind,294.9894217971266
NT,2025,21,1,PT1 0 onwind,164.38499746708112
NT,2025,21,2,PT1 0 onwind,135.55240114888144
NT,2025,21,3,PT1 0 onwind,178.41908747875425
NT,2025,21,4,PT1 0 onwind,265.7433467457754
NT,2025,21,5,PT1 0 onwind,380.1445768465446
NT,2025,21,6,PT1 0 onwind,513.0981161799123
NT,2025,21,7,PT1 0 onwind,400.0631804996274
NT,2025,21,8,PT1 0 onwind,471.13738515277987
NT,2025,21,9,PT1 0 onwind,649.1049187090493
NT,2025,21,10,PT1 0 onwind,217.65895612154225
NT,2025,21,11,PT1 0 onwind,224.22818036110317
NT,2025,21,12,PT1 0 onwind,302.2048423586163
NT,2025,21,13,PT1 0 onwind,452.8236932266094
NT,2025,21,14,PT1 0 onwind,694.8834859917384
NT,2025,21,15,PT1 0 onwind,1234.4012824425868
NT,2025,21,16,PT1 0 onwind,2196.2643779730506
NT,2025,21,17,PT1 0 onwind,3390.6136342623495
NT,2025,21,18,PT1 0 onwind,4160.190312781423
NT,2025,21,19,PT1 0 onwind,4232.025574569411
NT,2025,21,20,PT1 0 onwind,4512.759523084776
NT,2025,21,21,PT1 0 onwind,4316.914079136575
NT,2025,21,22,PT1 0 onwind,3913.9269477656308
NT,2025,21,23,PT1 0 onwind,3972.644356608465
NT,2025,21,24,PT1 0 onwind,3609.762230973045
NT,2025,21,25,PT1 0 onwind,3287.4482924180543
NT,2025,21,26,PT1 0 onwind,2960.1111843000463
NT,2025,21,27,PT1 0 onwind,2743.734839801292
NT,2025,21,28,PT1 0 onwind,2493.286953478624
NT,2025,21,29,PT1 0 onwind,2028.561867174672
NT,2025,21,30,PT1 0 onwind,1682.0906745145794
NT,2025,21,31,PT1 0 onwind,967.589927097293
NT,2025,21,32,PT1 0 onwind,672.3118659409784
NT,2025,21,33,PT1 0 onwind,640.451212253664
NT,2025,21,34,PT1 0 onwind,224.32688015820693
NT,2025,21,35,PT1 0 onwind,248.97142913916764
NT,2025,21,36,PT1 0 onwind,395.55296946339064
NT,2025,21,37,PT1 0 onwind,695.670519552973
NT,2025,21,38,PT1 0 onwind,1191.60547884082
NT,2025,21,39,PT1 0 onwind,1903.849208181668
NT,2025,21,40,PT1 0 onwind,2788.075351596054
NT,2025,21,41,PT1 0 onwind,3426.629286726902
NT,2025,21,42,PT1 0 onwind,3502.278338646792
NT,2025,21,43,PT1 0 onwind,3070.8028610478195
NT,2025,21,44,PT1 0 onwind,2999.6686412629124
NT,2025,21,45,PT1 0 onwind,2615.3408051435003
NT,2025,21,46,PT1 0 onwind,2272.840497421327
NT,2025,21,47,PT1 0 onwind,1790.5886131482866
NT,2025,21,48,PT1 0 onwind,1419.2040738702387
NT,2025,21,49,PT1 0 onwind,1069.1267494473962
NT,2025,21,50,PT1 0 onwind,827.0254839887453
NT,2025,21,51,PT1 0 onwind,662.1983132819862
NT,2025,21,52,PT1 0 onwind,595.3203740378096
NT,2025,21,53,PT1 0 onwind,487.1195001807322
NT,2025,21,54,PT1 0 onwind,427.55279222589724
NT,2025,21,55,PT1 0 onwind,233.42717818632968
NT,2025,21,56,PT1 0 onwind,92.92610047343015
NT,2025,21,57,PT1 0 onwind,107.46561293214185
NT,2025,21,58,PT1 0 onwind,252.5661443266068
NT,2025,21,59,PT1 0 onwind,409.739711132691
NT,2025,21,60,PT1 0 onwind,692.9013113122153
NT,2025,21,61,PT1 0 onwind,977.3474123631831
NT,2025,21,62,PT1 0 onwind,1304.5647215999788
NT,2025,21,63,PT1 0 onwind,1769.2368514626605
NT,2025,21,64,PT1 0 onwind,2630.970571715761
NT,2025,21,65,PT1 0 onwind,3448.9288022811033
NT,2025,21,66,PT1 0 onwind,3720.284147779219
NT,2025,21,67,PT1 0 onwind,3657.6197914646496
NT,2025,21,68,PT1 0 onwind,3555.7571437979777
NT,2025,21,69,PT1 0 onwind,3077.1987137140004
NT,2025,21,70,PT1 0 onwind,2292.3192249028575
NT,2025,21,71,PT1 0 onwind,2014.4097125198145
NT,2025,21,72,PT1 0 onwind,1869.7033695510877
NT,2025,21,73,PT1 0 onwind,1800.0542022072618
NT,2025,21,74,PT1 0 onwind,1689.7151703044842
NT,2025,21,75,PT1 0 onwind,1543.510336637641
NT,2025,21,76,PT1 0 onwind,1317.5976773673412
NT,2025,21,77,PT1 0 onwind,1161.597900611674
NT,2025,21,78,PT1 0 onwind,995.2127526737459
NT,2025,21,79,PT1 0 onwind,615.3656607481059
NT,2025,21,80,PT1 0 onwind,371.4225992571726
NT,2025,21,81,PT1 0 onwind,315.45339517905865
NT,2025,21,82,PT1 0 onwind,252.02069856252302
NT,2025,21,83,PT1 0 onwind,236.22053258890912
NT,2025,21,84,PT1 0 onwind,297.59240502771127
NT,2025,21,85,PT1 0 onwind,454.3828275818942
NT,2025,21,86,PT1 0 onwind,758.7329454253478
NT,2025,21,87,PT1 0 onwind,1284.7834761114623
NT,2025,21,88,PT1 0 onwind,1911.0392812691175
NT,2025,21,89,PT1 0 onwind,2467.145754771581
NT,2025,21,90,PT1 0 onwind,2743.266940616183
NT,2025,21,91,PT1 0 onwind,2864.591341022039
NT,2025,21,92,PT1 0 onwind,3169.076219125854
NT,2025,21,93,PT1 0 onwind,2784.318512133424
NT,2025,21,94,PT1 0 onwind,1908.503615304368
NT,2025,21,95,PT1 0 onwind,1787.7355780114615
NT,2025,21,96,PT1 0 onwind,1739.8765680096562
NT,2025,21,97,PT1 0 onwind,1756.5242630870248
NT,2025,21,98,PT1 0 onwind,1805.0182998787
NT,2025,21,99,PT1 0 onwind,1737.981159316379
NT,2025,21,100,PT1 0 onwind,1713.31331128365
NT,2025,21,101,PT1 0 onwind,1672.3811551468139
NT,2025,21,102,PT1 0 onwind,1491.7139235832453
NT,2025,21,103,PT1 0 onwind,940.5179821080437
NT,2025,21,104,PT1 0 onwind,647.5235846460528
NT,2025,21,105,PT1 0 onwind,631.1155403103129
NT,2025,21,106,PT1 0 onwind,606.0209490376047
NT,2025,21,107,PT1 0 onwind,676.7677492688531
NT,2025,21,108,PT1 0 onwind,702.0645790829614
NT,2025,21,109,PT1 0 onwind,911.2635445065225
NT,2025,21,110,PT1 0 onwind,1159.9184531399947
NT,2025,21,111,PT1 0 onwind,1488.1327089439205
NT,2025,21,112,PT1 0 onwind,1977.0582079487817
NT,2025,21,113,PT1 0 onwind,2449.818283516286
NT,2025,21,114,PT1 0 onwind,3008.9275148079687
NT,2025,21,115,PT1 0 onwind,3402.794831498456
NT,2025,21,116,PT1 0 onwind,3953.967782976915
NT,2025,21,117,PT1 0 onwind,3723.33983100348
NT,2025,21,118,PT1 0 onwind,2211.845178932409
NT,2025,21,119,PT1 0 onwind,1997.5876755193108
NT,2025,21,120,PT1 0 onwind,1933.8534223064726
NT,2025,21,121,PT1 0 onwind,1817.0874077931746
NT,2025,21,122,PT1 0 onwind,1717.9167989684474
NT,2025,21,123,PT1 0 onwind,1569.2563094198963
NT,2025,21,124,PT1 0 onwind,1424.948630919453
NT,2025,21,125,PT1 0 onwind,1233.4825408550746
NT,2025,21,126,PT1 0 onwind,1121.3404434752347
NT,2025,21,127,PT1 0 onwind,722.2377913778046
NT,2025,21,128,PT1 0 onwind,459.54943768081125
NT,2025,21,129,PT1 0 onwind,400.3057740405367
NT,2025,21,130,PT1 0 onwind,217.54458485625958
NT,2025,21,131,PT1 0 onwind,249.96549314160035
NT,2025,21,132,PT1 0 onwind,122.53266839175879
NT,2025,21,133,PT1 0 onwind,749.5912066557196
NT,2025,21,134,PT1 0 onwind,1299.5352744354816
NT,2025,21,135,PT1 0 onwind,1964.3985063532298
NT,2025,21,136,PT1 0 onwind,2570.3380426304684
NT,2025,21,137,PT1 0 onwind,2964.0957422176884
NT,2025,21,138,PT1 0 onwind,3161.596750929287
NT,2025,21,139,PT1 0 onwind,2953.2961317777426
NT,2025,21,140,PT1 0 onwind,3087.698119872297
NT,2025,21,141,PT1 0 onwind,2978.597747886103
NT,2025,21,142,PT1 0 onwind,2432.7019253851327
NT,2025,21,143,PT1 0 onwind,2537.442590654928
NT,2025,21,144,PT1 0 onwind,2559.907710230446
NT,2025,21,145,PT1 0 onwind,2678.6690756880366
NT,2025,21,146,PT1 0 onwind,2687.3425445975754
NT,2025,21,147,PT1 0 onwind,2524.6811202533704
NT,2025,21,148,PT1 0 onwind,2276.318972891273
NT,2025,21,149,PT1 0 onwind,2182.796750825356
NT,2025,21,150,PT1 0 onwind,2297.0423054814764
NT,2025,21,151,PT1 0 onwind,2385.2927349942574
NT,2025,21,152,PT1 0 onwind,2165.7494052641237
NT,2025,21,153,PT1 0 onwind,1913.0359398975422
NT,2025,21,154,PT1 0 onwind,1351.4931418672702
NT,2025,21,155,PT1 0 onwind,1647.5455804884243
NT,2025,21,156,PT1 0 onwind,2255.3377666808965
NT,2025,21,157,PT1 0 onwind,1074.516337518535
NT,2025,21,158,PT1 0 onwind,4212.89079631727
NT,2025,21,159,PT1 0 onwind,3428.059279698671
NT,2025,21,160,PT1 0 onwind,6288.06382550291
NT,2025,21,161,PT1 0 onwind,7008.84945516125
NT,2025,21,162,PT1 0 onwind,6901.54499289926
NT,2025,21,163,PT1 0 onwind,6528.144304272599
NT,2025,21,164,PT1 0 onwind,6517.096690803815
NT,2025,21,165,PT1 0 onwind,6085.025251142566
NT,2025,21,166,PT1 0 onwind,4358.924451367013
NT,2025,21,167,PT1 0 onwind,3888.8025557512997
NT,2030,21,0,PT1 0 onwind,491.6490363285444
NT,2030,21,1,PT1 0 onwind,273.97499577846855
NT,2030,21,2,PT1 0 onwind,225.92066858146907
NT,2030,21,3,PT1 0 onwind,297.3651457979238
NT,2030,21,4,PT1 0 onwind,442.90557790962566
NT,2030,21,5,PT1 0 onwind,633.574294744241
NT,2030,21,6,PT1 0 onwind,855.1635269665205
NT,2030,21,7,PT1 0 onwind,666.7719674993789
NT,2030,21,8,PT1 0 onwind,785.228975254633
NT,2030,21,9,PT1 0 onwind,1081.841531181749
NT,2030,21,10,PT1 0 onwind,362.7649268692371
NT,2030,21,11,PT1 0 onwind,373.7136339351719
NT,2030,21,12,PT1 0 onwind,503.67473726436054
NT,2030,21,13,PT1 0 onwind,754.7061553776824
NT,2030,21,14,PT1 0 onwind,1158.139143319564
NT,2030,21,15,PT1 0 onwind,2057.3354707376443
NT,2030,21,16,PT1 0 onwind,3660.4406299550838
NT,2030,21,17,PT1 0 onwind,5651.022723770583
NT,2030,21,18,PT1 0 onwind,6933.650521302371
NT,2030,21,19,PT1 0 onwind,7053.375957615685
NT,2030,21,20,PT1 0 onwind,7521.26587180796
NT,2030,21,21,PT1 0 onwind,7194.856798560959
NT,2030,21,22,PT1 0 onwind,6523.211579609384
NT,2030,21,23,PT1 0 onwind,6621.073927680774
NT,2030,21,24,PT1 0 onwind,6016.270384955074
NT,2030,21,25,PT1 0 onwind,5479.080487363424
NT,2030,21,26,PT1 0 onwind,4933.518640500078
NT,2030,21,27,PT1 0 onwind,4572.89139966882
NT,2030,21,28,PT1 0 onwind,4155.478255797707
NT,2030,21,29,PT1 0 onwind,3380.93644529112
NT,2030,21,30,PT1 0 onwind,2803.4844575242987
NT,2030,21,31,PT1 0 onwind,1612.649878495488
NT,2030,21,32,PT1 0 onwind,1120.5197765682974
NT,2030,21,33,PT1 0 onwind,1067.41868708944
NT,2030,21,34,PT1 0 onwind,373.8781335970116
NT,2030,21,35,PT1 0 onwind,414.95238189861277
NT,2030,21,36,PT1 0 onwind,659.2549491056511
NT,2030,21,37,PT1 0 onwind,1159.4508659216217
NT,2030,21,38,PT1 0 onwind,1986.009131401367
NT,2030,21,39,PT1 0 onwind,3173.082013636113
NT,2030,21,40,PT1 0 onwind,4646.7922526600905
NT,2030,21,41,PT1 0 onwind,5711.048811211504
NT,2030,21,42,PT1 0 onwind,5837.130564411319
NT,2030,21,43,PT1 0 onwind,5118.004768413032
NT,2030,21,44,PT1 0 onwind,4999.447735438187
NT,2030,21,45,PT1 0 onwind,4358.901341905834
NT,2030,21,46,PT1 0 onwind,3788.067495702212
NT,2030,21,47,PT1 0 onwind,2984.3143552471447
NT,2030,21,48,PT1 0 onwind,2365.3401231170646
NT,2030,21,49,PT1 0 onwind,1781.8779157456604
NT,2030,21,50,PT1 0 onwind,1378.375806647909
NT,2030,21,51,PT1 0 onwind,1103.663855469977
NT,2030,21,52,PT1 0 onwind,992.2006233963496
NT,2030,21,53,PT1 0 onwind,811.8658336345537
NT,2030,21,54,PT1 0 onwind,712.587987043162
NT,2030,21,55,PT1 0 onwind,389.04529697721614
NT,2030,21,56,PT1 0 onwind,154.8768341223836
NT,2030,21,57,PT1 0 onwind,179.1093548869031
NT,2030,21,58,PT1 0 onwind,0.0
NT,2030,21,59,PT1 0 onwind,0.0
NT,2030,21,60,PT1 0 onwind,0.0
NT,2030,21,61,PT1 0 onwind,0.0
NT,2030,21,62,PT1 0 onwind,0.0
NT,2030,21,63,PT1 0 onwind,2948.728085771101
NT,2030,21,64,PT1 0 onwind,4384.950952859601
NT,2030,21,65,PT1 0 onwind,5748.214670468506
NT,2030,21,66,PT1 0 onwind,6200.473579632031
NT,2030,21,67,PT1 0 onwind,6096.032985774416
NT,2030,21,68,PT1 0 onwind,5926.2619063299635
NT,2030,21,69,PT1 0 onwind,5128.664522856667
NT,2030,21,70,PT1 0 onwind,3820.532041504762
NT,2030,21,71,PT1 0 onwind,3357.3495208663576
NT,2030,21,72,PT1 0 onwind,3116.172282585146
NT,2030,21,73,PT1 0 onwind,3000.0903370121027
NT,2030,21,74,PT1 0 onwind,2816.1919505074734
NT,2030,21,75,PT1 0 onwind,2572.517227729402
NT,2030,21,76,PT1 0 onwind,2195.9961289455687
NT,2030,21,77,PT1 0 onwind,1935.996501019457
NT,2030,21,78,PT1 0 onwind,1658.6879211229098
NT,2030,21,79,PT1 0 onwind,1025.6094345801766
NT,2030,21,80,PT1 0 onwind,619.037665428621
NT,2030,21,81,PT1 0 onwind,525.7556586317644
NT,2030,21,82,PT1 0 onwind,0.0
NT,2030,21,83,PT1 0 onwind,0.0
NT,2030,21,84,PT1 0 onwind,0.0
NT,2030,21,85,PT1 0 onwind,0.0
NT,2030,21,86,PT1 0 onwind,0.0
NT,2030,21,87,PT1 0 onwind,428.2611587038208
NT,2030,21,88,PT1 0 onwind,3185.065468781863
NT,2030,21,89,PT1 0 onwind,4111.909591285968
NT,2030,21,90,PT1 0 onwind,4572.111567693639
NT,2030,21,91,PT1 0 onwind,4774.318901703398
NT,2030,21,92,PT1 0 onwind,5281.79369854309
NT,2030,21,93,PT1 0 onwind,4640.530853555707
NT,2030,21,94,PT1 0 onwind,3180.839358840613
NT,2030,21,95,PT1 0 onwind,2979.5592966857694
NT,2030,21,96,PT1 0 onwind,2899.794280016094
NT,2030,21,97,PT1 0 onwind,2927.5404384783747
NT,2030,21,98,PT1 0 onwind,3008.3638331311663
NT,2030,21,99,PT1 0 onwind,2896.635265527298
NT,2030,21,100,PT1 0 onwind,2855.52218547275
NT,2030,21,101,PT1 0 onwind,2787.3019252446898
NT,2030,21,102,PT1 0 onwind,2486.189872638742
NT,2030,21,103,PT1 0 onwind,1567.5299701800727
NT,2030,21,104,PT1 0 onwind,1079.205974410088
NT,2030,21,105,PT1 0 onwind,1051.8592338505214
NT,2030,21,106,PT1 0 onwind,0.0
NT,2030,21,107,PT1 0 onwind,0.0
NT,2030,21,108,PT1 0 onwind,0.0
NT,2030,21,109,PT1 0 onwind,0.0
NT,2030,21,110,PT1 0 onwind,0.0
NT,2030,21,111,PT1 0 onwind,0.0
NT,2030,21,112,PT1 0 onwind,2074.0071879530897
NT,2030,21,113,PT1 0 onwind,4083.0304725271435
NT,2030,21,114,PT1 0 onwind,5014.879191346614
NT,2030,21,115,PT1 0 onwind,5671.324719164094
NT,2030,21,116,PT1 0 onwind,6589.946304961524
NT,2030,21,117,PT1 0 onwind,6205.5663850058
NT,2030,21,118,PT1 0 onwind,3686.4086315540153
NT,2030,21,119,PT1 0 onwind,3329.3127925321846
NT,2030,21,120,PT1 0 onwind,3223.089037177454
NT,2030,21,121,PT1 0 onwind,3028.479012988624
NT,2030,21,122,PT1 0 onwind,2863.194664947412
NT,2030,21,123,PT1 0 onwind,2615.4271823664935
NT,2030,21,124,PT1 0 onwind,2374.914384865755
NT,2030,21,125,PT1 0 onwind,2055.8042347584574
NT,2030,21,126,PT1 0 onwind,1868.9007391253908
NT,2030,21,127,PT1 0 onwind,1203.7296522963409
NT,2030,21,128,PT1 0 onwind,765.9157294680188
NT,2030,21,129,PT1 0 onwind,0.0
NT,2030,21,130,PT1 0 onwind,0.0
NT,2030,21,131,PT1 0 onwind,0.0
NT,2030,21,132,PT1 0 onwind,0.0
NT,2030,21,133,PT1 0 onwind,0.0
NT,2030,21,134,PT1 0 onwind,0.0
NT,2030,21,135,PT1 0 onwind,0.0
NT,2030,21,136,PT1 0 onwind,0.0
NT,2030,21,137,PT1 0 onwind,4940.159570362814
NT,2030,21,138,PT1 0 onwind,5269.327918215477
NT,2030,21,139,PT1 0 onwind,4922.160219629571
NT,2030,21,140,PT1 0 onwind,5146.163533120494
NT,2030,21,141,PT1 0 onwind,4964.329579810173
NT,2030,21,142,PT1 0 onwind,4054.503208975221
NT,2030,21,143,PT1 0 onwind,4229.07098442488
NT,2030,21,144,PT1 0 onwind,4266.512850384077
NT,2030,21,145,PT1 0 onwind,4464.4484594800615
NT,2030,21,146,PT1 0 onwind,4478.904240995958
NT,2030,21,147,PT1 0 onwind,4207.8018670889505
NT,2030,21,148,PT1 0 onwind,3793.8649548187877
NT,2030,21,149,PT1 0 onwind,3637.9945847089266
NT,2030,21,150,PT1 0 onwind,3828.403842469127
NT,2030,21,151,PT1 0 onwind,3975.487891657096
NT,2030,21,152,PT1 0 onwind,2887.6658736854984
NT,2030,21,153,PT1 0 onwind,0.0
NT,2030,21,154,PT1 0 onwind,0.0
NT,2030,21,155,PT1 0 onwind,0.0
NT,2030,21,156,PT1 0 onwind,0.0
NT,2030,21,157,PT1 0 onwind,0.0
NT,2030,21,158,PT1 0 onwind,0.0
NT,2030,21,159,PT1 0 onwind,0.0
NT,2030,21,160,PT1 0 onwind,2096.0212751676368
NT,2030,21,161,PT1 0 onwind,11681.415758602085
NT,2030,21,162,PT1 0 onwind,8815.843505927
NT,2030,21,163,PT1 0 onwind,10880.240507120998
NT,2030,21,164,PT1 0 onwind,7081.669198344221
NT,2030,21,165,PT1 0 onwind,7419.312706296811
NT,2030,21,166,PT1 0 onwind,7264.874085611689
NT,2030,21,167,PT1 0 onwind,6481.337592918833
DE,2040,21,0,PT1 0 onwind,491.6490363285444
DE,2040,21,1,PT1 0 onwind,273.97499577846855
DE,2040,21,2,PT1 0 onwind,225.92066858146907
DE,2040,21,3,PT1 0 onwind,297.3651457979238
DE,2040,21,4,PT1 0 onwind,442.90557790962566
DE,2040,21,5,PT1 0 onwind,633.574294744241
DE,2040,21,6,PT1 0 onwind,855.1635269665205
DE,2040,21,7,PT1 0 onwind,666.7719674993789
DE,2040,21,8,PT1 0 onwind,785.228975254633
DE,2040,21,9,PT1 0 onwind,1081.841531181749
DE,2040,21,10,PT1 0 onwind,362.7649268692371
DE,2040,21,11,PT1 0 onwind,373.7136339351719
DE,2040,21,12,PT1 0 onwind,503.67473726436054
DE,2040,21,13,PT1 0 onwind,754.7061553776824
DE,2040,21,14,PT1 0 onwind,1158.139143319564
DE,2040,21,15,PT1 0 onwind,2057.3354707376443
DE,2040,21,16,PT1 0 onwind,3660.4406299550838
DE,2040,21,17,PT1 0 onwind,5651.022723770583
DE,2040,21,18,PT1 0 onwind,6933.650521302371
DE,2040,21,19,PT1 0 onwind,7053.375957615685
DE,2040,21,20,PT1 0 onwind,7521.26587180796
DE,2040,21,21,PT1 0 onwind,7194.856798560959
DE,2040,21,22,PT1 0 onwind,6523.211579609384
DE,2040,21,23,PT1 0 onwind,6621.073927680774
DE,2040,21,24,PT1 0 onwind,6016.270384955074
DE,2040,21,25,PT1 0 onwind,5479.080487363424
DE,2040,21,26,PT1 0 onwind,4933.518640500078
DE,2040,21,27,PT1 0 onwind,4572.89139966882
DE,2040,21,28,PT1 0 onwind,4155.478255797707
DE,2040,21,29,PT1 0 onwind,3380.93644529112
DE,2040,21,30,PT1 0 onwind,2803.4844575242987
DE,2040,21,31,PT1 0 onwind,1612.649878495488
DE,2040,21,32,PT1 0 onwind,1120.5197765682974
DE,2040,21,33,PT1 0 onwind,1067.41868708944
DE,2040,21,34,PT1 0 onwind,373.8781335970116
DE,2040,21,35,PT1 0 onwind,409.78351321227086
DE,2040,21,36,PT1 0 onwind,131.8509898211302
DE,2040,21,37,PT1 0 onwind,927.5606927372974
DE,2040,21,38,PT1 0 onwind,792.4858393596819
DE,2040,21,39,PT1 0 onwind,3173.082013636113
DE,2040,21,40,PT1 0 onwind,4646.7922526600905
DE,2040,21,41,PT1 0 onwind,5711.048811211504
DE,2040,21,42,PT1 0 onwind,5837.130564411319
DE,2040,21,43,PT1 0 onwind,5118.004768413032
DE,2040,21,44,PT1 0 onwind,4999.447735438187
DE,2040,21,45,PT1 0 onwind,4358.901341905834
DE,2040,21,46,PT1 0 onwind,3788.067495702212
DE,2040,21,47,PT1 0 onwind,2984.3143552471447
DE,2040,21,48,PT1 0 onwind,2365.3401231170646
DE,2040,21,49,PT1 0 onwind,1781.8779157456604
DE,2040,21,50,PT1 0 onwind,1378.375806647909
DE,2040,21,51,PT1 0 onwind,1103.663855469977
DE,2040,21,52,PT1 0 onwind,992.2006233963496
DE,2040,21,53,PT1 0 onwind,811.8658336345537
DE,2040,21,54,PT1 0 onwind,712.587987043162
DE,2040,21,55,PT1 0 onwind,389.04529697721614
DE,2040,21,56,PT1 0 onwind,154.8768341223836
DE,2040,21,57,PT1 0 onwind,179.1093548869031
DE,2040,21,58,PT1 0 onwind,0.0
DE,2040,21,59,PT1 0 onwind,0.0
DE,2040,21,60,PT1 0 onwind,0.0
DE,2040,21,61,PT1 0 onwind,0.0
DE,2040,21,62,PT1 0 onwind,0.0
DE,2040,21,63,PT1 0 onwind,2477.6981193435086
DE,2040,21,64,PT1 0 onwind,4384.950952859601
DE,2040,21,65,PT1 0 onwind,5748.214670468506
DE,2040,21,66,PT1 0 onwind,6200.473579632031
DE,2040,21,67,PT1 0 onwind,6096.032985774416
DE,2040,21,68,PT1 0 onwind,5926.2619063299635
DE,2040,21,69,PT1 0 onwind,5128.664522856667
DE,2040,21,70,PT1 0 onwind,3820.532041504762
DE,2040,21,71,PT1 0 onwind,3357.3495208663576
DE,2040,21,72,PT1 0 onwind,3116.172282585146
DE,2040,21,73,PT1 0 onwind,3000.0903370121027
DE,2040,21,74,PT1 0 onwind,2816.1919505074734
DE,2040,21,75,PT1 0 onwind,2572.517227729402
DE,2040,21,76,PT1 0 onwind,2195.9961289455687
DE,2040,21,77,PT1 0 onwind,1935.996501019457
DE,2040,21,78,PT1 0 onwind,1658.6879211229098
DE,2040,21,79,PT1 0 onwind,1025.6094345801766
DE,2040,21,80,PT1 0 onwind,619.037665428621
DE,2040,21,81,PT1 0 onwind,0.0
DE,2040,21,82,PT1 0 onwind,0.0
DE,2040,21,83,PT1 0 onwind,0.0
DE,2040,21,84,PT1 0 onwind,0.0
DE,2040,21,85,PT1 0 onwind,0.0
DE,2040,21,86,PT1 0 onwind,0.0
DE,2040,21,87,PT1 0 onwind,313.244551941332
DE,2040,21,88,PT1 0 onwind,3031.4529527393943
DE,2040,21,89,PT1 0 onwind,4111.909591285968
DE,2040,21,90,PT1 0 onwind,4572.111567693639
DE,2040,21,91,PT1 0 onwind,4774.318901703398
DE,2040,21,92,PT1 0 onwind,5281.79369854309
DE,2040,21,93,PT1 0 onwind,4640.530853555707
DE,2040,21,94,PT1 0 onwind,3180.839358840613
DE,2040,21,95,PT1 0 onwind,2979.5592966857694
DE,2040,21,96,PT1 0 onwind,2899.794280016094
DE,2040,21,97,PT1 0 onwind,2927.5404384783747
DE,2040,21,98,PT1 0 onwind,3008.3638331311663
DE,2040,21,99,PT1 0 onwind,2896.635265527298
DE,2040,21,100,PT1 0 onwind,2855.52218547275
DE,2040,21,101,PT1 0 onwind,2787.3019252446898
DE,2040,21,102,PT1 0 onwind,2486.189872638742
DE,2040,21,103,PT1 0 onwind,1567.5299701800727
DE,2040,21,104,PT1 0 onwind,1079.205974410088
DE,2040,21,105,PT1 0 onwind,0.0
DE,2040,21,106,PT1 0 onwind,0.0
DE,2040,21,107,PT1 0 onwind,0.0
DE,2040,21,108,PT1 0 onwind,0.0
DE,2040,21,109,PT1 0 onwind,0.0
DE,2040,21,110,PT1 0 onwind,0.0
DE,2040,21,111,PT1 0 onwind,0.0
DE,2040,21,112,PT1 0 onwind,3295.0970132479692
DE,2040,21,113,PT1 0 onwind,4083.0304725271435
DE,2040,21,114,PT1 0 onwind,5014.879191346614
DE,2040,21,115,PT1 0 onwind,5671.324719164094
DE,2040,21,116,PT1 0 onwind,6589.946304961524
DE,2040,21,117,PT1 0 onwind,6205.5663850058
DE,2040,21,118,PT1 0 onwind,3686.4086315540153
DE,2040,21,119,PT1 0 onwind,3329.3127925321846
DE,2040,21,120,PT1 0 onwind,3223.089037177454
DE,2040,21,121,PT1 0 onwind,3028.479012988624
DE,2040,21,122,PT1 0 onwind,2863.194664947412
DE,2040,21,123,PT1 0 onwind,2615.4271823664935
DE,2040,21,124,PT1 0 onwind,2374.914384865755
DE,2040,21,125,PT1 0 onwind,2055.8042347584574
DE,2040,21,126,PT1 0 onwind,1868.9007391253908
DE,2040,21,127,PT1 0 onwind,1203.7296522963409
DE,2040,21,128,PT1 0 onwind,765.9157294680188
DE,2040,21,129,PT1 0 onwind,0.0
DE,2040,21,130,PT1 0 onwind,0.0
DE,2040,21,131,PT1 0 onwind,0.0
DE,2040,21,132,PT1 0 onwind,0.0
DE,2040,21,133,PT1 0 onwind,0.0
DE,2040,21,134,PT1 0 onwind,0.0
DE,2040,21,135,PT1 0 onwind,0.0
DE,2040,21,136,PT1 0 onwind,3323.5880903030825
DE,2040,21,137,PT1 0 onwind,4940.159570362814
DE,2040,21,138,PT1 0 onwind,5269.327918215477
DE,2040,21,139,PT1 0 onwind,4922.160219629571
DE,2040,21,140,PT1 0 onwind,5146.163533120494
DE,2040,21,141,PT1 0 onwind,4964.329579810173
DE,2040,21,142,PT1 0 onwind,4054.503208975221
DE,2040,21,143,PT1 0 onwind,4229.07098442488
DE,2040,21,144,PT1 0 onwind,4266.512850384077
DE,2040,21,145,PT1 0 onwind,4464.4484594800615
DE,2040,21,146,PT1 0 onwind,4478.904240995958
DE,2040,21,147,PT1 0 onwind,4207.8018670889505
DE,2040,21,148,PT1 0 onwind,3793.8649548187877
DE,2040,21,149,PT1 0 onwind,3637.9945847089266
DE,2040,21,150,PT1 0 onwind,3828.403842469127
DE,2040,21,151,PT1 0 onwind,3975.487891657096
DE,2040,21,152,PT1 0 onwind,0.0
DE,2040,21,153,PT1 0 onwind,0.0
DE,2040,21,154,PT1 0 onwind,0.0
DE,2040,21,155,PT1 0 onwind,0.0
DE,2040,21,156,PT1 0 onwind,0.0
DE,2040,21,157,PT1 0 onwind,0.0
DE,2040,21,158,PT1 0 onwind,0.0
DE,2040,21,159,PT1 0 onwind,0.0
DE,2040,21,160,PT1 0 onwind,7306.324424932605
DE,2040,21,161,PT1 0 onwind,6077.106953160688
DE,2040,21,162,PT1 0 onwind,11502.574988165434
DE,2040,21,163,PT1 0 onwind,10880.240507120998
DE,2040,21,164,PT1 0 onwind,8475.517447052287
DE,2040,21,165,PT1 0 onwind,8737.705290990436
DE,2040,21,166,PT1 0 onwind,7264.874085611689
DE,2040,21,167,PT1 0 onwind,6481.337592918833
DE,2050,21,0,PT1 0 onwind,491.6490363285444
DE,2050,21,1,PT1 0 onwind,273.97499577846855
DE,2050,21,2,PT1 0 onwind,225.92066858146907
DE,2050,21,3,PT1 0 onwind,297.3651457979238
DE,2050,21,4,PT1 0 onwind,442.90557790962566
DE,2050,21,5,PT1 0 onwind,633.574294744241
DE,2050,21,6,PT1 0 onwind,855.1635269665205
DE,2050,21,7,PT1 0 onwind,666.7719674993789
DE,2050,21,8,PT1 0 onwind,785.228975254633
DE,2050,21,9,PT1 0 onwind,1081.841531181749
DE,2050,21,10,PT1 0 onwind,362.7649268692371
DE,2050,21,11,PT1 0 onwind,373.7136339351719
DE,2050,21,12,PT1 0 onwind,503.67473726436054
DE,2050,21,13,PT1 0 onwind,754.7061553776824
DE,2050,21,14,PT1 0 onwind,1158.139143319564
DE,2050,21,15,PT1 0 onwind,2057.3354707376443
DE,2050,21,16,PT1 0 onwind,3660.4406299550838
DE,2050,21,17,PT1 0 onwind,5651.022723770583
DE,2050,21,18,PT1 0 onwind,6933.650521302371
DE,2050,21,19,PT1 0 onwind,7053.375957615685
DE,2050,21,20,PT1 0 onwind,7521.26587180796
DE,2050,21,21,PT1 0 onwind,7194.856798560959
DE,2050,21,22,PT1 0 onwind,6523.211579609384
DE,2050,21,23,PT1 0 onwind,6621.073927680774
DE,2050,21,24,PT1 0 onwind,6016.270384955074
DE,2050,21,25,PT1 0 onwind,5479.080487363424
DE,2050,21,26,PT1 0 onwind,4933.518640500078
DE,2050,21,27,PT1 0 onwind,4572.89139966882
DE,2050,21,28,PT1 0 onwind,4155.478255797707
DE,2050,21,29,PT1 0 onwind,3380.93644529112
DE,2050,21,30,PT1 0 onwind,2803.4844575242987
DE,2050,21,31,PT1 0 onwind,1612.649878495488
DE,2050,21,32,PT1 0 onwind,1120.5197765682974
DE,2050,21,33,PT1 0 onwind,1067.41868708944
DE,2050,21,34,PT1 0 onwind,373.8781335970116
DE,2050,21,35,PT1 0 onwind,414.95238189861277
DE,2050,21,36,PT1 0 onwind,659.2549491056511
DE,2050,21,37,PT1 0 onwind,1159.4508659216217
DE,2050,21,38,PT1 0 onwind,1986.009131401367
DE,2050,21,39,PT1 0 onwind,3173.082013636113
DE,2050,21,40,PT1 0 onwind,4646.7922526600905
DE,2050,21,41,PT1 0 onwind,5711.048811211504
DE,2050,21,42,PT1 0 onwind,5837.130564411319
DE,2050,21,43,PT1 0 onwind,5118.004768413032
DE,2050,21,44,PT1 0 onwind,4999.447735438187
DE,2050,21,45,PT1 0 onwind,4358.901341905834
DE,2050,21,46,PT1 0 onwind,3788.067495702212
DE,2050,21,47,PT1 0 onwind,2984.3143552471447
DE,2050,21,48,PT1 0 onwind,2365.3401231170646
DE,2050,21,49,PT1 0 onwind,1781.8779157456604
DE,2050,21,50,PT1 0 onwind,1378.375806647909
DE,2050,21,51,PT1 0 onwind,1103.663855469977
DE,2050,21,52,PT1 0 onwind,992.2006233963496
DE,2050,21,53,PT1 0 onwind,811.8658336345537
DE,2050,21,54,PT1 0 onwind,712.587987043162
DE,2050,21,55,PT1 0 onwind,389.04529697721614
DE,2050,21,56,PT1 0 onwind,154.8768341223836
DE,2050,21,57,PT1 0 onwind,179.1093548869031
DE,2050,21,58,PT1 0 onwind,0.0
DE,2050,21,59,PT1 0 onwind,0.0
DE,2050,21,60,PT1 0 onwind,0.0
DE,2050,21,61,PT1 0 onwind,0.0
DE,2050,21,62,PT1 0 onwind,0.0
DE,2050,21,63,PT1 0 onwind,2948.728085771101
DE,2050,21,64,PT1 0 onwind,4384.950952859601
DE,2050,21,65,PT1 0 onwind,5748.214670468506
DE,2050,21,66,PT1 0 onwind,6200.473579632031
DE,2050,21,67,PT1 0 onwind,6096.032985774416
DE,2050,21,68,PT1 0 onwind,5926.2619063299635
DE,2050,21,69,PT1 0 onwind,5128.664522856667
DE,2050,21,70,PT1 0 onwind,3820.532041504762
DE,2050,21,71,PT1 0 onwind,3357.3495208663576
DE,2050,21,72,PT1 0 onwind,3116.172282585146
DE,2050,21,73,PT1 0 onwind,3000.0903370121027
DE,2050,21,74,PT1 0 onwind,2816.1919505074734
DE,2050,21,75,PT1 0 onwind,2572.517227729402
DE,2050,21,76,PT1 0 onwind,2195.9961289455687
DE,2050,21,77,PT1 0 onwind,1935.996501019457
DE,2050,21,78,PT1 0 onwind,1658.6879211229098
DE,2050,21,79,PT1 0 onwind,1025.6094345801766
DE,2050,21,80,PT1 0 onwind,619.037665428621
DE,2050,21,81,PT1 0 onwind,522.3116295172704
DE,2050,21,82,PT1 0 onwind,0.0
DE,2050,21,83,PT1 0 onwind,0.0
DE,2050,21,84,PT1 0 onwind,0.0
DE,2050,21,85,PT1 0 onwind,0.0
DE,2050,21,86,PT1 0 onwind,0.0
DE,2050,21,87,PT1 0 onwind,0.0
DE,2050,21,88,PT1 0 onwind,3185.065468781863
DE,2050,21,89,PT1 0 onwind,4111.909591285968
DE,2050,21,90,PT1 0 onwind,4572.111567693639
DE,2050,21,91,PT1 0 onwind,4774.318901703398
DE,2050,21,92,PT1 0 onwind,5281.79369854309
DE,2050,21,93,PT1 0 onwind,4640.530853555707
DE,2050,21,94,PT1 0 onwind,3180.839358840613
DE,2050,21,95,PT1 0 onwind,2979.5592966857694
DE,2050,21,96,PT1 0 onwind,2899.794280016094
DE,2050,21,97,PT1 0 onwind,2927.5404384783747
DE,2050,21,98,PT1 0 onwind,3008.3638331311663
DE,2050,21,99,PT1 0 onwind,2896.635265527298
DE,2050,21,100,PT1 0 onwind,2855.52218547275
DE,2050,21,101,PT1 0 onwind,2787.3019252446898
DE,2050,21,102,PT1 0 onwind,2486.189872638742
DE,2050,21,103,PT1 0 onwind,1567.5299701800727
DE,2050,21,104,PT1 0 onwind,1079.205974410088
DE,2050,21,105,PT1 0 onwind,210.3718467701043
DE,2050,21,106,PT1 0 onwind,0.0
DE,2050,21,107,PT1 0 onwind,0.0
DE,2050,21,108,PT1 0 onwind,0.0
DE,2050,21,109,PT1 0 onwind,0.0
DE,2050,21,110,PT1 0 onwind,0.0
DE,2050,21,111,PT1 0 onwind,0.0
DE,2050,21,112,PT1 0 onwind,3295.0970132479692
DE,2050,21,113,PT1 0 onwind,4083.0304725271435
DE,2050,21,114,PT1 0 onwind,5014.879191346614
DE,2050,21,115,PT1 0 onwind,5671.324719164094
DE,2050,21,116,PT1 0 onwind,6589.946304961524
DE,2050,21,117,PT1 0 onwind,6205.5663850058
DE,2050,21,118,PT1 0 onwind,3686.4086315540153
DE,2050,21,119,PT1 0 onwind,3329.3127925321846
DE,2050,21,120,PT1 0 onwind,3223.089037177454
DE,2050,21,121,PT1 0 onwind,3028.479012988624
DE,2050,21,122,PT1 0 onwind,2863.194664947412
DE,2050,21,123,PT1 0 onwind,2615.4271823664935
DE,2050,21,124,PT1 0 onwind,2374.914384865755
DE,2050,21,125,PT1 0 onwind,2055.8042347584574
DE,2050,21,126,PT1 0 onwind,1868.9007391253908
DE,2050,21,127,PT1 0 onwind,1203.7296522963409
DE,2050,21,128,PT1 0 onwind,765.9157294680188
DE,2050,21,129,PT1 0 onwind,0.0
DE,2050,21,130,PT1 0 onwind,0.0
DE,2050,21,131,PT1 0 onwind,0.0
DE,2050,21,132,PT1 0 onwind,0.0
DE,2050,21,133,PT1 0 onwind,0.0
DE,2050,21,134,PT1 0 onwind,0.0
DE,2050,21,135,PT1 0 onwind,0.0
DE,2050,21,136,PT1 0 onwind,0.0
DE,2050,21,137,PT1 0 onwind,4940.159570362814
DE,2050,21,138,PT1 0 onwind,5269.327918215477
DE,2050,21,139,PT1 0 onwind,4922.160219629571
DE,2050,21,140,PT1 0 onwind,5146.163533120494
DE,2050,21,141,PT1 0 onwind,4964.329579810173
DE,2050,21,142,PT1 0 onwind,4054.503208975221
DE,2050,21,143,PT1 0 onwind,4229.07098442488
DE,2050,21,144,PT1 0 onwind,4266.512850384077
DE,2050,21,145,PT1 0 onwind,4464.4484594800615
DE,2050,21,146,PT1 0 onwind,4478.904240995958
DE,2050,21,147,PT1 0 onwind,4207.8018670889505
DE,2050,21,148,PT1 0 onwind,3793.8649548187877
DE,2050,21,149,PT1 0 onwind,3637.9945847089266
DE,2050,21,150,PT1 0 onwind,3828.403842469127
DE,2050,21,151,PT1 0 onwind,3975.487891657096
DE,2050,21,152,PT1 0 onwind,721.9164684213746
DE,2050,21,153,PT1 0 onwind,0.0
DE,2050,21,154,PT1 0 onwind,0.0
DE,2050,21,155,PT1 0 onwind,0.0
DE,2050,21,156,PT1 0 onwind,0.0
DE,2050,21,157,PT1 0 onwind,0.0
DE,2050,21,158,PT1 0 onwind,0.0
DE,2050,21,159,PT1 0 onwind,0.0
DE,2050,21,160,PT1 0 onwind,10030.985402961665
DE,2050,21,161,PT1 0 onwind,11681.415758602085
DE,2050,21,162,PT1 0 onwind,7446.196035891982
DE,2050,21,163,PT1 0 onwind,8256.529690315863
DE,2050,21,164,PT1 0 onwind,10861.827818006359
DE,2050,21,165,PT1 0 onwind,9263.067279342498
DE,2050,21,166,PT1 0 onwind,7264.874085611689
DE,2050,21,167,PT1 0 onwind,6481.337592918833
NT,2025,21,0,PT1 0 ror,1373.0156737152201
NT,2025,21,1,PT1 0 ror,1371.8953175389993
NT,2025,21,2,PT1 0 ror,1370.721799675934
NT,2025,21,3,PT1 0 ror,1369.5480335422149
NT,2025,21,4,PT1 0 ror,1368.3737565342858
NT,2025,21,5,PT1 0 ror,1367.2194046526051
NT,2025,21,6,PT1 0 ror,1366.0718278460024
NT,2025,21,7,PT1 0 ror,1364.9388260904543
NT,2025,21,8,PT1 0 ror,1363.804729893675
NT,2025,21,9,PT1 0 ror,1362.8154117059335
NT,2025,21,10,PT1 0 ror,1362.228074327213
NT,2025,21,11,PT1 0 ror,1361.451977510942
NT,2025,21,12,PT1 0 ror,1360.9414045582707
NT,2025,21,13,PT1 0 ror,1360.3970496814536
NT,2025,21,14,PT1 0 ror,1359.6282886256176
NT,2025,21,15,PT1 0 ror,1358.8025826787211
NT,2025,21,16,PT1 0 ror,1357.8380897525976
NT,2025,21,17,PT1 0 ror,1356.9898054305622
NT,2025,21,18,PT1 0 ror,1355.7329185114545
NT,2025,21,19,PT1 0 ror,1354.9142810069106
NT,2025,21,20,PT1 0 ror,1353.85677788052
NT,2025,21,21,PT1 0 ror,1352.7630916669468
NT,2025,21,22,PT1 0 ror,1351.6657615209624
NT,2025,21,23,PT1 0 ror,1350.5612533285866
NT,2025,21,24,PT1 0 ror,1349.4616671527988
NT,2025,21,25,PT1 0 ror,1348.3546596247643
NT,2025,21,26,PT1 0 ror,1347.2513180302128
NT,2025,21,27,PT1 0 ror,1346.1473463509528
NT,2025,21,28,PT1 0 ror,1345.0425451921242
NT,2025,21,29,PT1 0 ror,1343.9384674180576
NT,2025,21,30,PT1 0 ror,1342.8495692321685
NT,2025,21,31,PT1 0 ror,1341.7641791033666
NT,2025,21,32,PT1 0 ror,1340.6829303379732
NT,2025,21,33,PT1 0 ror,1339.6042505292912
NT,2025,21,34,PT1 0 ror,1338.5243216076979
NT,2025,21,35,PT1 0 ror,1337.4004222327317
NT,2025,21,36,PT1 0 ror,1336.3014203373486
NT,2025,21,37,PT1 0 ror,1335.1862771870929
NT,2025,21,38,PT1 0 ror,1333.9904643556242
NT,2025,21,39,PT1 0 ror,1332.8982713695364
NT,2025,21,40,PT1 0 ror,1331.8638883235317
NT,2025,21,41,PT1 0 ror,1330.8620895086895
NT,2025,21,42,PT1 0 ror,1329.8289841929404
NT,2025,21,43,PT1 0 ror,1328.7680387699756
NT,2025,21,44,PT1 0 ror,1327.7099754467367
NT,2025,21,45,PT1 0 ror,1326.6163486395762
NT,2025,21,46,PT1 0 ror,1325.0992888846126
NT,2025,21,47,PT1 0 ror,1322.8194841038369
NT,2025,21,48,PT1 0 ror,1319.6430048756201
NT,2025,21,49,PT1 0 ror,1316.1101467262808
NT,2025,21,50,PT1 0 ror,1312.6010313261613
NT,2025,21,51,PT1 0 ror,1308.5023034936617
NT,2025,21,52,PT1 0 ror,1304.5629430506006
NT,2025,21,53,PT1 0 ror,1302.5229025668777
NT,2025,21,54,PT1 0 ror,1300.852597457842
NT,2025,21,55,PT1 0 ror,1298.3768376833955
NT,2025,21,56,PT1 0 ror,1296.4816056184834
NT,2025,21,57,PT1 0 ror,1294.5033472714226
NT,2025,21,58,PT1 0 ror,1292.4727242873691
NT,2025,21,59,PT1 0 ror,1291.0501652682829
NT,2025,21,60,PT1 0 ror,1289.6246894538335
NT,2025,21,61,PT1 0 ror,1288.2423834539654
NT,2025,21,62,PT1 0 ror,1286.8984946401079
NT,2025,21,63,PT1 0 ror,1285.4378236296302
NT,2025,21,64,PT1 0 ror,1284.0794779239245
NT,2025,21,65,PT1 0 ror,1282.9366154598365
NT,2025,21,66,PT1 0 ror,1281.876369052954
NT,2025,21,67,PT1 0 ror,1280.847614515371
NT,2025,21,68,PT1 0 ror,1279.8297642659252
NT,2025,21,69,PT1 0 ror,1278.8189790700342
NT,2025,21,70,PT1 0 ror,1277.794401326034
NT,2025,21,71,PT1 0 ror,1276.7670562896092
NT,2025,21,72,PT1 0 ror,1275.7373265606536
NT,2025,21,73,PT1 0 ror,1274.726929185902
NT,2025,21,74,PT1 0 ror,1273.7086613408928
NT,2025,21,75,PT1 0 ror,1272.706675051022
NT,2025,21,76,PT1 0 ror,1271.7000531585204
NT,2025,21,77,PT1 0 ror,1270.695786619243
NT,2025,21,78,PT1 0 ror,1269.688318095904
NT,2025,21,79,PT1 0 ror,1268.6621166364544
NT,2025,21,80,PT1 0 ror,1267.6049438585844
NT,2025,21,81,PT1 0 ror,1266.397689851478
NT,2025,21,82,PT1 0 ror,1264.8939938672447
NT,2025,21,83,PT1 0 ror,1263.1586084682178
NT,2025,21,84,PT1 0 ror,1260.9366566582762
NT,2025,21,85,PT1 0 ror,1257.0786556383666
NT,2025,21,86,PT1 0 ror,1252.4910180755326
NT,2025,21,87,PT1 0 ror,1247.7656868756067
NT,2025,21,88,PT1 0 ror,1243.790004538454
NT,2025,21,89,PT1 0 ror,1239.8341630936511
NT,2025,21,90,PT1 0 ror,1235.6195283124907
NT,2025,21,91,PT1 0 ror,1229.7528601896715
NT,2025,21,92,PT1 0 ror,1224.5968867999961
NT,2025,21,93,PT1 0 ror,1220.3361229681168
NT,2025,21,94,PT1 0 ror,1216.6410953367438
NT,2025,21,95,PT1 0 ror,1213.2901306920728
NT,2025,21,96,PT1 0 ror,1210.615149277828
NT,2025,21,97,PT1 0 ror,1207.650829621875
NT,2025,21,98,PT1 0 ror,1205.0995807935706
NT,2025,21,99,PT1 0 ror,1202.598824838405
NT,2025,21,100,PT1 0 ror,1199.645483749181
NT,2025,21,101,PT1 0 ror,1194.6423382300172
NT,2025,21,102,PT1 0 ror,1188.2362996274087
NT,2025,21,103,PT1 0 ror,1183.840389434065
NT,2025,21,104,PT1 0 ror,1179.610022016553
NT,2025,21,105,PT1 0 ror,1174.6507176317587
NT,2025,21,106,PT1 0 ror,1170.6055669912344
NT,2025,21,107,PT1 0 ror,1165.234773883437
NT,2025,21,108,PT1 0 ror,1160.358800412745
NT,2025,21,109,PT1 0 ror,1155.7795726434117
NT,2025,21,110,PT1 0 ror,1150.0363708355949
NT,2025,21,111,PT1 0 ror,1144.9563769921679
NT,2025,21,112,PT1 0 ror,1138.679623768377
NT,2025,21,113,PT1 0 ror,1133.471891566668
NT,2025,21,114,PT1 0 ror,1127.4577336703148
NT,2025,21,115,PT1 0 ror,1122.8987517491164
NT,2025,21,116,PT1 0 ror,1121.3460464932314
NT,2025,21,117,PT1 0 ror,1120.1543605641166
NT,2025,21,118,PT1 0 ror,1119.0213954114813
NT,2025,21,119,PT1 0 ror,1117.9581306729178
NT,2025,21,120,PT1 0 ror,1116.9094038264093
NT,2025,21,121,PT1 0 ror,1115.8430644684038
NT,2025,21,122,PT1 0 ror,1114.76551792482
NT,2025,21,123,PT1 0 ror,1113.5951661294516
NT,2025,21,124,PT1 0 ror,1112.4563008060315
NT,2025,21,125,PT1 0 ror,1111.1283830500188
NT,2025,21,126,PT1 0 ror,1109.2813938351242
NT,2025,21,127,PT1 0 ror,1107.9201701506174
NT,2025,21,128,PT1 0 ror,1106.3841998058617
NT,2025,21,129,PT1 0 ror,1104.4041869303976
NT,2025,21,130,PT1 0 ror,1101.9548383137476
NT,2025,21,131,PT1 0 ror,1099.6604508144715
NT,2025,21,132,PT1 0 ror,1097.6471668443407
NT,2025,21,133,PT1 0 ror,1095.7641682304156
NT,2025,21,134,PT1 0 ror,1093.4067645989505
NT,2025,21,135,PT1 0 ror,1088.7587825126698
NT,2025,21,136,PT1 0 ror,1083.2648807162311
NT,2025,21,137,PT1 0 ror,1081.15805611544
NT,2025,21,138,PT1 0 ror,1078.9089987367618
NT,2025,21,139,PT1 0 ror,1076.5022354730734
NT,2025,21,140,PT1 0 ror,1074.936669363028
NT,2025,21,141,PT1 0 ror,1073.766691145945
NT,2025,21,142,PT1 0 ror,1072.7315066628712
NT,2025,21,143,PT1 0 ror,1071.6989348035127
NT,2025,21,144,PT1 0 ror,1070.679940366497
NT,2025,21,145,PT1 0 ror,1069.6500988112289
NT,2025,21,146,PT1 0 ror,1068.6164819344515
NT,2025,21,147,PT1 0 ror,1067.5644487910788
NT,2025,21,148,PT1 0 ror,1066.5145959132094
NT,2025,21,149,PT1 0 ror,1065.479028789326
NT,2025,21,150,PT1 0 ror,1064.4601207983865
NT,2025,21,151,PT1 0 ror,1063.4063130903749
NT,2025,21,152,PT1 0 ror,1062.3510421080907
NT,2025,21,153,PT1 0 ror,1060.9962082470852
NT,2025,21,154,PT1 0 ror,1059.1298883468512
NT,2025,21,155,PT1 0 ror,1057.5765210504514
NT,2025,21,156,PT1 0 ror,1056.1688913505939
NT,2025,21,157,PT1 0 ror,1054.300796714526
NT,2025,21,158,PT1 0 ror,1046.6385585515493
NT,2025,21,159,PT1 0 ror,1042.2108606945783
NT,2025,21,160,PT1 0 ror,1034.1217762363424
NT,2025,21,161,PT1 0 ror,1030.7519781955612
NT,2025,21,162,PT1 0 ror,1028.0195846322858
NT,2025,21,163,PT1 0 ror,1025.6948304973187
NT,2025,21,164,PT1 0 ror,1024.504393071681
NT,2025,21,165,PT1 0 ror,1023.4223376027252
NT,2025,21,166,PT1 0 ror,1022.4040300223486
NT,2025,21,167,PT1 0 ror,1021.3435764184057
NT,2030,21,0,PT1 0 ror,1373.0156737152201
NT,2030,21,1,PT1 0 ror,1371.8953175389993
NT,2030,21,2,PT1 0 ror,1370.721799675934
NT,2030,21,3,PT1 0 ror,1369.5480335422149
NT,2030,21,4,PT1 0 ror,1368.3737565342858
NT,2030,21,5,PT1 0 ror,1367.2194046526051
NT,2030,21,6,PT1 0 ror,1366.0718278460024
NT,2030,21,7,PT1 0 ror,1364.9388260904543
NT,2030,21,8,PT1 0 ror,1363.804729893675
NT,2030,21,9,PT1 0 ror,1362.8154117059335
NT,2030,21,10,PT1 0 ror,1362.228074327213
NT,2030,21,11,PT1 0 ror,1361.451977510942
NT,2030,21,12,PT1 0 ror,1360.9414045582707
NT,2030,21,13,PT1 0 ror,1360.3970496814536
NT,2030,21,14,PT1 0 ror,1359.6282886256176
NT,2030,21,15,PT1 0 ror,1358.8025826787211
NT,2030,21,16,PT1 0 ror,1357.8380897525976
NT,2030,21,17,PT1 0 ror,1356.9898054305622
NT,2030,21,18,PT1 0 ror,1355.7329185114545
NT,2030,21,19,PT1 0 ror,1354.9142810069106
NT,2030,21,20,PT1 0 ror,1353.85677788052
NT,2030,21,21,PT1 0 ror,1352.7630916669468
NT,2030,21,22,PT1 0 ror,1351.6657615209624
NT,2030,21,23,PT1 0 ror,1350.5612533285866
NT,2030,21,24,PT1 0 ror,1349.4616671527988
NT,2030,21,25,PT1 0 ror,1348.3546596247643
NT,2030,21,26,PT1 0 ror,1347.2513180302128
NT,2030,21,27,PT1 0 ror,1346.1473463509528
NT,2030,21,28,PT1 0 ror,1345.0425451921242
NT,2030,21,29,PT1 0 ror,1343.9384674180576
NT,2030,21,30,PT1 0 ror,1342.8495692321685
NT,2030,21,31,PT1 0 ror,1341.7641791033666
NT,2030,21,32,PT1 0 ror,1340.6829303379732
NT,2030,21,33,PT1 0 ror,1339.6042505292912
NT,2030,21,34,PT1 0 ror,1338.5243216076979
NT,2030,21,35,PT1 0 ror,1337.4004222327317
NT,2030,21,36,PT1 0 ror,1336.3014203373486
NT,2030,21,37,PT1 0 ror,1335.1862771870929
NT,2030,21,38,PT1 0 ror,1333.9904643556242
NT,2030,21,39,PT1 0 ror,1332.8982713695364
NT,2030,21,40,PT1 0 ror,1331.8638883235317
NT,2030,21,41,PT1 0 ror,1330.8620895086895
NT,2030,21,42,PT1 0 ror,1329.8289841929404
NT,2030,21,43,PT1 0 ror,1328.7680387699756
NT,2030,21,44,PT1 0 ror,1327.7099754467367
NT,2030,21,45,PT1 0 ror,1326.6163486395762
NT,2030,21,46,PT1 0 ror,1325.0992888846126
NT,2030,21,47,PT1 0 ror,1322.8194841038369
NT,2030,21,48,PT1 0 ror,1319.6430048756201
NT,2030,21,49,PT1 0 ror,1316.1101467262808
NT,2030,21,50,PT1 0 ror,1312.6010313261613
NT,2030,21,51,PT1 0 ror,1308.5023034936617
NT,2030,21,52,PT1 0 ror,1304.5629430506006
NT,2030,21,53,PT1 0 ror,1302.5229025668777
NT,2030,21,54,PT1 0 ror,1300.852597457842
NT,2030,21,55,PT1 0 ror,1298.3768376833955
NT,2030,21,56,PT1 0 ror,1296.4816056184834
NT,2030,21,57,PT1 0 ror,1294.5033472714226
NT,2030,21,58,PT1 0 ror,1292.4727242873691
NT,2030,21,59,PT1 0 ror,1291.0501652682829
NT,2030,21,60,PT1 0 ror,1289.6246894538335
NT,2030,21,61,PT1 0 ror,1288.2423834539654
NT,2030,21,62,PT1 0 ror,1286.8984946401079
NT,2030,21,63,PT1 0 ror,1285.4378236296302
NT,2030,21,64,PT1 0 ror,1284.0794779239245
NT,2030,21,65,PT1 0 ror,1282.9366154598365
NT,2030,21,66,PT1 0 ror,1281.876369052954
NT,2030,21,67,PT1 0 ror,1280.847614515371
NT,2030,21,68,PT1 0 ror,1279.8297642659252
NT,2030,21,69,PT1 0 ror,1278.8189790700342
NT,2030,21,70,PT1 0 ror,1277.794401326034
NT,2030,21,71,PT1 0 ror,1276.7670562896092
NT,2030,21,72,PT1 0 ror,1275.7373265606536
NT,2030,21,73,PT1 0 ror,1274.726929185902
NT,2030,21,74,PT1 0 ror,1273.7086613408928
NT,2030,21,75,PT1 0 ror,1272.706675051022
NT,2030,21,76,PT1 0 ror,1271.7000531585204
NT,2030,21,77,PT1 0 ror,1270.695786619243
NT,2030,21,78,PT1 0 ror,1269.688318095904
NT,2030,21,79,PT1 0 ror,1268.6621166364544
NT,2030,21,80,PT1 0 ror,1267.6049438585844
NT,2030,21,81,PT1 0 ror,1266.397689851478
NT,2030,21,82,PT1 0 ror,1264.8939938672447
NT,2030,21,83,PT1 0 ror,1263.1586084682178
NT,2030,21,84,PT1 0 ror,1260.9366566582762
NT,2030,21,85,PT1 0 ror,1257.0786556383666
NT,2030,21,86,PT1 0 ror,1252.4910180755326
NT,2030,21,87,PT1 0 ror,1247.7656868756067
NT,2030,21,88,PT1 0 ror,1243.790004538454
NT,2030,21,89,PT1 0 ror,1239.8341630936511
NT,2030,21,90,PT1 0 ror,1235.6195283124907
NT,2030,21,91,PT1 0 ror,1229.7528601896715
NT,2030,21,92,PT1 0 ror,1224.5968867999961
NT,2030,21,93,PT1 0 ror,1220.3361229681168
NT,2030,21,94,PT1 0 ror,1216.6410953367438
NT,2030,21,95,PT1 0 ror,1213.2901306920728
NT,2030,21,96,PT1 0 ror,1210.615149277828
NT,2030,21,97,PT1 0 ror,1207.650829621875
NT,2030,21,98,PT1 0 ror,1205.0995807935706
NT,2030,21,99,PT1 0 ror,1202.598824838405
NT,2030,21,100,PT1 0 ror,1199.645483749181
NT,2030,21,101,PT1 0 ror,1194.6423382300172
NT,2030,21,102,PT1 0 ror,1188.2362996274087
NT,2030,21,103,PT1 0 ror,1183.840389434065
NT,2030,21,104,PT1 0 ror,1179.610022016553
NT,2030,21,105,PT1 0 ror,1174.6507176317587
NT,2030,21,106,PT1 0 ror,1170.6055669912344
NT,2030,21,107,PT1 0 ror,1165.234773883437
NT,2030,21,108,PT1 0 ror,1160.358800412745
NT,2030,21,109,PT1 0 ror,1155.7795726434117
NT,2030,21,110,PT1 0 ror,1150.0363708355949
NT,2030,21,111,PT1 0 ror,1144.9563769921679
NT,2030,21,112,PT1 0 ror,1138.679623768377
NT,2030,21,113,PT1 0 ror,1133.471891566668
NT,2030,21,114,PT1 0 ror,1127.4577336703148
NT,2030,21,115,PT1 0 ror,1122.8987517491164
NT,2030,21,116,PT1 0 ror,1121.3460464932314
NT,2030,21,117,PT1 0 ror,1120.1543605641166
NT,2030,21,118,PT1 0 ror,1119.0213954114813
NT,2030,21,119,PT1 0 ror,1117.9581306729178
NT,2030,21,120,PT1 0 ror,1116.9094038264093
NT,2030,21,121,PT1 0 ror,1115.8430644684038
NT,2030,21,122,PT1 0 ror,1114.76551792482
NT,2030,21,123,PT1 0 ror,1113.5951661294516
NT,2030,21,124,PT1 0 ror,1112.4563008060315
NT,2030,21,125,PT1 0 ror,1111.1283830500188
NT,2030,21,126,PT1 0 ror,1109.2813938351242
NT,2030,21,127,PT1 0 ror,1107.9201701506174
NT,2030,21,128,PT1 0 ror,1106.3841998058617
NT,2030,21,129,PT1 0 ror,1104.4041869303976
NT,2030,21,130,PT1 0 ror,1101.9548383137476
NT,2030,21,131,PT1 0 ror,1099.6604508144715
NT,2030,21,132,PT1 0 ror,1097.6471668443407
NT,2030,21,133,PT1 0 ror,1095.7641682304156
NT,2030,21,134,PT1 0 ror,1093.4067645989505
NT,2030,21,135,PT1 0 ror,1088.7587825126698
NT,2030,21,136,PT1 0 ror,1083.2648807162311
NT,2030,21,137,PT1 0 ror,1081.15805611544
NT,2030,21,138,PT1 0 ror,1078.9089987367618
NT,2030,21,139,PT1 0 ror,1076.5022354730734
NT,2030,21,140,PT1 0 ror,1074.936669363028
NT,2030,21,141,PT1 0 ror,1073.766691145945
NT,2030,21,142,PT1 0 ror,1072.7315066628712
NT,2030,21,143,PT1 0 ror,1071.6989348035127
NT,2030,21,144,PT1 0 ror,1070.679940366497
NT,2030,21,145,PT1 0 ror,1069.6500988112289
NT,2030,21,146,PT1 0 ror,1068.6164819344515
NT,2030,21,147,PT1 0 ror,1067.5644487910788
NT,2030,21,148,PT1 0 ror,1066.5145959132094
NT,2030,21,149,PT1 0 ror,1065.479028789326
NT,2030,21,150,PT1 0 ror,1064.4601207983865
NT,2030,21,151,PT1 0 ror,1063.4063130903749
NT,2030,21,152,PT1 0 ror,1062.3510421080907
NT,2030,21,153,PT1 0 ror,1060.9962082470852
NT,2030,21,154,PT1 0 ror,1059.1298883468512
NT,2030,21,155,PT1 0 ror,1057.5765210504514
NT,2030,21,156,PT1 0 ror,1056.1688913505939
NT,2030,21,157,PT1 0 ror,1054.300796714526
NT,2030,21,158,PT1 0 ror,1046.6385585515493
NT,2030,21,159,PT1 0 ror,1042.2108606945783
NT,2030,21,160,PT1 0 ror,1034.1217762363424
NT,2030,21,161,PT1 0 ror,1030.7519781955612
NT,2030,21,162,PT1 0 ror,1028.0195846322858
NT,2030,21,163,PT1 0 ror,1025.6948304973187
NT,2030,21,164,PT1 0 ror,1024.504393071681
NT,2030,21,165,PT1 0 ror,1023.4223376027252
NT,2030,21,166,PT1 0 ror,1022.4040300223486
NT,2030,21,167,PT1 0 ror,1021.3435764184057
DE,2040,21,0,PT1 0 ror,1373.0156737152201
DE,2040,21,1,PT1 0 ror,1371.8953175389993
DE,2040,21,2,PT1 0 ror,1370.721799675934
DE,2040,21,3,PT1 0 ror,1369.5480335422149
DE,2040,21,4,PT1 0 ror,1368.3737565342858
DE,2040,21,5,PT1 0 ror,1367.2194046526051
DE,2040,21,6,PT1 0 ror,1366.0718278460024
DE,2040,21,7,PT1 0 ror,1364.9388260904543
DE,2040,21,8,PT1 0 ror,1363.804729893675
DE,2040,21,9,PT1 0 ror,1362.8154117059335
DE,2040,21,10,PT1 0 ror,1362.228074327213
DE,2040,21,11,PT1 0 ror,1361.451977510942
DE,2040,21,12,PT1 0 ror,1360.9414045582707
DE,2040,21,13,PT1 0 ror,1360.3970496814536
DE,2040,21,14,PT1 0 ror,1359.6282886256176
DE,2040,21,15,PT1 0 ror,1358.8025826787211
DE,2040,21,16,PT1 0 ror,1357.8380897525976
DE,2040,21,17,PT1 0 ror,1356.9898054305622
DE,2040,21,18,PT1 0 ror,1355.7329185114545
DE,2040,21,19,PT1 0 ror,1354.9142810069106
DE,2040,21,20,PT1 0 ror,1353.85677788052
DE,2040,21,21,PT1 0 ror,1352.7630916669468
DE,2040,21,22,PT1 0 ror,1351.6657615209624
DE,2040,21,23,PT1 0 ror,1350.5612533285866
DE,2040,21,24,PT1 0 ror,1349.4616671527988
DE,2040,21,25,PT1 0 ror,1348.3546596247643
DE,2040,21,26,PT1 0 ror,1347.2513180302128
DE,2040,21,27,PT1 0 ror,1346.1473463509528
DE,2040,21,28,PT1 0 ror,1345.0425451921242
DE,2040,21,29,PT1 0 ror,1343.9384674180576
DE,2040,21,30,PT1 0 ror,1342.8495692321685
DE,2040,21,31,PT1 0 ror,1341.7641791033666
DE,2040,21,32,PT1 0 ror,1340.6829303379732
DE,2040,21,33,PT1 0 ror,1339.6042505292912
DE,2040,21,34,PT1 0 ror,1338.5243216076979
DE,2040,21,35,PT1 0 ror,1337.4004222327317
DE,2040,21,36,PT1 0 ror,1336.3014203373486
DE,2040,21,37,PT1 0 ror,1335.1862771870929
DE,2040,21,38,PT1 0 ror,1333.9904643556242
DE,2040,21,39,PT1 0 ror,1332.8982713695364
DE,2040,21,40,PT1 0 ror,1331.8638883235317
DE,2040,21,41,PT1 0 ror,1330.8620895086895
DE,2040,21,42,PT1 0 ror,1329.8289841929404
DE,2040,21,43,PT1 0 ror,1328.7680387699756
DE,2040,21,44,PT1 0 ror,1327.7099754467367
DE,2040,21,45,PT1 0 ror,1326.6163486395762
DE,2040,21,46,PT1 0 ror,1325.0992888846126
DE,2040,21,47,PT1 0 ror,1322.8194841038369
DE,2040,21,48,PT1 0 ror,1319.6430048756201
DE,2040,21,49,PT1 0 ror,1316.1101467262808
DE,2040,21,50,PT1 0 ror,1312.6010313261613
DE,2040,21,51,PT1 0 ror,1308.5023034936617
DE,2040,21,52,PT1 0 ror,1304.5629430506006
DE,2040,21,53,PT1 0 ror,1302.5229025668777
DE,2040,21,54,PT1 0 ror,1300.852597457842
DE,2040,21,55,PT1 0 ror,1298.3768376833955
DE,2040,21,56,PT1 0 ror,1296.4816056184834
DE,2040,21,57,PT1 0 ror,1294.5033472714226
DE,2040,21,58,PT1 0 ror,1292.4727242873691
DE,2040,21,59,PT1 0 ror,1291.0501652682829
DE,2040,21,60,PT1 0 ror,1289.6246894538335
DE,2040,21,61,PT1 0 ror,1288.2423834539654
DE,2040,21,62,PT1 0 ror,1286.8984946401079
DE,2040,21,63,PT1 0 ror,1285.4378236296302
DE,2040,21,64,PT1 0 ror,1284.0794779239245
DE,2040,21,65,PT1 0 ror,1282.9366154598365
DE,2040,21,66,PT1 0 ror,1281.876369052954
DE,2040,21,67,PT1 0 ror,1280.847614515371
DE,2040,21,68,PT1 0 ror,1279.8297642659252
DE,2040,21,69,PT1 0 ror,1278.8189790700342
DE,2040,21,70,PT1 0 ror,1277.794401326034
DE,2040,21,71,PT1 0 ror,1276.7670562896092
DE,2040,21,72,PT1 0 ror,1275.7373265606536
DE,2040,21,73,PT1 0 ror,1274.726929185902
DE,2040,21,74,PT1 0 ror,1273.7086613408928
DE,2040,21,75,PT1 0 ror,1272.706675051022
DE,2040,21,76,PT1 0 ror,1271.7000531585204
DE,2040,21,77,PT1 0 ror,1270.695786619243
DE,2040,21,78,PT1 0 ror,1269.688318095904
DE,2040,21,79,PT1 0 ror,1268.6621166364544
DE,2040,21,80,PT1 0 ror,1267.6049438585844
DE,2040,21,81,PT1 0 ror,1266.397689851478
DE,2040,21,82,PT1 0 ror,1264.8939938672447
DE,2040,21,83,PT1 0 ror,1263.1586084682178
DE,2040,21,84,PT1 0 ror,1260.9366566582762
DE,2040,21,85,PT1 0 ror,1257.0786556383666
DE,2040,21,86,PT1 0 ror,1252.4910180755326
DE,2040,21,87,PT1 0 ror,1247.7656868756067
DE,2040,21,88,PT1 0 ror,1243.790004538454
DE,2040,21,89,PT1 0 ror,1239.8341630936511
DE,2040,21,90,PT1 0 ror,1235.6195283124907
DE,2040,21,91,PT1 0 ror,1229.7528601896715
DE,2040,21,92,PT1 0 ror,1224.5968867999961
DE,2040,21,93,PT1 0 ror,1220.3361229681168
DE,2040,21,94,PT1 0 ror,1216.6410953367438
DE,2040,21,95,PT1 0 ror,1213.2901306920728
DE,2040,21,96,PT1 0 ror,1210.615149277828
DE,2040,21,97,PT1 0 ror,1207.650829621875
DE,2040,21,98,PT1 0 ror,1205.0995807935706
DE,2040,21,99,PT1 0 ror,1202.598824838405
DE,2040,21,100,PT1 0 ror,1199.645483749181
DE,2040,21,101,PT1 0 ror,1194.6423382300172
DE,2040,21,102,PT1 0 ror,1188.2362996274087
DE,2040,21,103,PT1 0 ror,1183.840389434065
DE,2040,21,104,PT1 0 ror,1179.610022016553
DE,2040,21,105,PT1 0 ror,1174.6507176317587
DE,2040,21,106,PT1 0 ror,1170.6055669912344
DE,2040,21,107,PT1 0 ror,1165.234773883437
DE,2040,21,108,PT1 0 ror,1160.358800412745
DE,2040,21,109,PT1 0 ror,1155.7795726434117
DE,2040,21,110,PT1 0 ror,1150.0363708355949
DE,2040,21,111,PT1 0 ror,1144.9563769921679
DE,2040,21,112,PT1 0 ror,1138.679623768377
DE,2040,21,113,PT1 0 ror,1133.471891566668
DE,2040,21,114,PT1 0 ror,1127.4577336703148
DE,2040,21,115,PT1 0 ror,1122.8987517491164
DE,2040,21,116,PT1 0 ror,1121.3460464932314
DE,2040,21,117,PT1 0 ror,1120.1543605641166
DE,2040,21,118,PT1 0 ror,1119.0213954114813
DE,2040,21,119,PT1 0 ror,1117.9581306729178
DE,2040,21,120,PT1 0 ror,1116.9094038264093
DE,2040,21,121,PT1 0 ror,1115.8430644684038
DE,2040,21,122,PT1 0 ror,1114.76551792482
DE,2040,21,123,PT1 0 ror,1113.5951661294516
DE,2040,21,124,PT1 0 ror,1112.4563008060315
DE,2040,21,125,PT1 0 ror,1111.1283830500188
DE,2040,21,126,PT1 0 ror,1109.2813938351242
DE,2040,21,127,PT1 0 ror,1107.9201701506174
DE,2040,21,128,PT1 0 ror,1106.3841998058617
DE,2040,21,129,PT1 0 ror,1104.4041869303976
DE,2040,21,130,PT1 0 ror,1101.9548383137476
DE,2040,21,131,PT1 0 ror,1099.6604508144715
DE,2040,21,132,PT1 0 ror,1097.6471668443407
DE,2040,21,133,PT1 0 ror,1095.7641682304156
DE,2040,21,134,PT1 0 ror,1093.4067645989505
DE,2040,21,135,PT1 0 ror,1088.7587825126698
DE,2040,21,136,PT1 0 ror,1083.2648807162311
DE,2040,21,137,PT1 0 ror,1081.15805611544
DE,2040,21,138,PT1 0 ror,1078.9089987367618
DE,2040,21,139,PT1 0 ror,1076.5022354730734
DE,2040,21,140,PT1 0 ror,1074.936669363028
DE,2040,21,141,PT1 0 ror,1073.766691145945
DE,2040,21,142,PT1 0 ror,1072.7315066628712
DE,2040,21,143,PT1 0 ror,1071.6989348035127
DE,2040,21,144,PT1 0 ror,1070.679940366497
DE,2040,21,145,PT1 0 ror,1069.6500988112289
DE,2040,21,146,PT1 0 ror,1068.6164819344515
DE,2040,21,147,PT1 0 ror,1067.5644487910788
DE,2040,21,148,PT1 0 ror,1066.5145959132094
DE,2040,21,149,PT1 0 ror,1065.479028789326
DE,2040,21,150,PT1 0 ror,1064.4601207983865
DE,2040,21,151,PT1 0 ror,1063.4063130903749
DE,2040,21,152,PT1 0 ror,1062.3510421080907
DE,2040,21,153,PT1 0 ror,1060.9962082470852
DE,2040,21,154,PT1 0 ror,1059.1298883468512
DE,2040,21,155,PT1 0 ror,1057.5765210504514
DE,2040,21,156,PT1 0 ror,1056.1688913505939
DE,2040,21,157,PT1 0 ror,1054.300796714526
DE,2040,21,158,PT1 0 ror,1046.6385585515493
DE,2040,21,159,PT1 0 ror,1042.2108606945783
DE,2040,21,160,PT1 0 ror,1034.1217762363424
DE,2040,21,161,PT1 0 ror,1030.7519781955612
DE,2040,21,162,PT1 0 ror,1028.0195846322858
DE,2040,21,163,PT1 0 ror,1025.6948304973187
DE,2040,21,164,PT1 0 ror,1024.504393071681
DE,2040,21,165,PT1 0 ror,1023.4223376027252
DE,2040,21,166,PT1 0 ror,1022.4040300223486
DE,2040,21,167,PT1 0 ror,1021.3435764184057
DE,2050,21,0,PT1 0 ror,1373.0156737152201
DE,2050,21,1,PT1 0 ror,1371.8953175389993
DE,2050,21,2,PT1 0 ror,1370.721799675934
DE,2050,21,3,PT1 0 ror,1369.5480335422149
DE,2050,21,4,PT1 0 ror,1368.3737565342858
DE,2050,21,5,PT1 0 ror,1367.2194046526051
DE,2050,21,6,PT1 0 ror,1366.0718278460024
DE,2050,21,7,PT1 0 ror,1364.9388260904543
DE,2050,21,8,PT1 0 ror,1363.804729893675
DE,2050,21,9,PT1 0 ror,1362.8154117059335
DE,2050,21,10,PT1 0 ror,1362.228074327213
DE,2050,21,11,PT1 0 ror,1361.451977510942
DE,2050,21,12,PT1 0 ror,1360.9414045582707
DE,2050,21,13,PT1 0 ror,1360.3970496814536
DE,2050,21,14,PT1 0 ror,1359.6282886256176
DE,2050,21,15,PT1 0 ror,1358.8025826787211
DE,2050,21,16,PT1 0 ror,1357.8380897525976
DE,2050,21,17,PT1 0 ror,1356.9898054305622
DE,2050,21,18,PT1 0 ror,1355.7329185114545
DE,2050,21,19,PT1 0 ror,1354.9142810069106
DE,2050,21,20,PT1 0 ror,1353.85677788052
DE,2050,21,21,PT1 0 ror,1352.7630916669468
DE,2050,21,22,PT1 0 ror,1351.6657615209624
DE,2050,21,23,PT1 0 ror,1350.5612533285866
DE,2050,21,24,PT1 0 ror,1349.4616671527988
DE,2050,21,25,PT1 0 ror,1348.3546596247643
DE,2050,21,26,PT1 0 ror,1347.2513180302128
DE,2050,21,27,PT1 0 ror,1346.1473463509528
DE,2050,21,28,PT1 0 ror,1345.0425451921242
DE,2050,21,29,PT1 0 ror,1343.9384674180576
DE,2050,21,30,PT1 0 ror,1342.8495692321685
DE,2050,21,31,PT1 0 ror,1341.7641791033666
DE,2050,21,32,PT1 0 ror,1340.6829303379732
DE,2050,21,33,PT1 0 ror,1339.6042505292912
DE,2050,21,34,PT1 0 ror,1338.5243216076979
DE,2050,21,35,PT1 0 ror,1337.4004222327317
DE,2050,21,36,PT1 0 ror,1336.3014203373486
DE,2050,21,37,PT1 0 ror,1335.1862771870929
DE,2050,21,38,PT1 0 ror,1333.9904643556242
DE,2050,21,39,PT1 0 ror,1332.8982713695364
DE,2050,21,40,PT1 0 ror,1331.8638883235317
DE,2050,21,41,PT1 0 ror,1330.8620895086895
DE,2050,21,42,PT1 0 ror,1329.8289841929404
DE,2050,21,43,PT1 0 ror,1328.7680387699756
DE,2050,21,44,PT1 0 ror,1327.7099754467367
DE,2050,21,45,PT1 0 ror,1326.6163486395762
DE,2050,21,46,PT1 0 ror,1325.0992888846126
DE,2050,21,47,PT1 0 ror,1322.8194841038369
DE,2050,21,48,PT1 0 ror,1319.6430048756201
DE,2050,21,49,PT1 0 ror,1316.1101467262808
DE,2050,21,50,PT1 0 ror,1312.6010313261613
DE,2050,21,51,PT1 0 ror,1308.5023034936617
DE,2050,21,52,PT1 0 ror,1304.5629430506006
DE,2050,21,53,PT1 0 ror,1302.5229025668777
DE,2050,21,54,PT1 0 ror,1300.852597457842
DE,2050,21,55,PT1 0 ror,1298.3768376833955
DE,2050,21,56,PT1 0 ror,1296.4816056184834
DE,2050,21,57,PT1 0 ror,1294.5033472714226
DE,2050,21,58,PT1 0 ror,1292.4727242873691
DE,2050,21,59,PT1 0 ror,1291.0501652682829
DE,2050,21,60,PT1 0 ror,1289.6246894538335
DE,2050,21,61,PT1 0 ror,1288.2423834539654
DE,2050,21,62,PT1 0 ror,1286.8984946401079
DE,2050,21,63,PT1 0 ror,1285.4378236296302
DE,2050,21,64,PT1 0 ror,1284.0794779239245
DE,2050,21,65,PT1 0 ror,1282.9366154598365
DE,2050,21,66,PT1 0 ror,1281.876369052954
DE,2050,21,67,PT1 0 ror,1280.847614515371
DE,2050,21,68,PT1 0 ror,1279.8297642659252
DE,2050,21,69,PT1 0 ror,1278.8189790700342
DE,2050,21,70,PT1 0 ror,1277.794401326034
DE,2050,21,71,PT1 0 ror,1276.7670562896092
DE,2050,21,72,PT1 0 ror,1275.7373265606536
DE,2050,21,73,PT1 0 ror,1274.726929185902
DE,2050,21,74,PT1 0 ror,1273.7086613408928
DE,2050,21,75,PT1 0 ror,1272.706675051022
DE,2050,21,76,PT1 0 ror,1271.7000531585204
DE,2050,21,77,PT1 0 ror,1270.695786619243
DE,2050,21,78,PT1 0 ror,1269.688318095904
DE,2050,21,79,PT1 0 ror,1268.6621166364544
DE,2050,21,80,PT1 0 ror,1267.6049438585844
DE,2050,21,81,PT1 0 ror,1266.397689851478
DE,2050,21,82,PT1 0 ror,1264.8939938672447
DE,2050,21,83,PT1 0 ror,1263.1586084682178
DE,2050,21,84,PT1 0 ror,1260.9366566582762
DE,2050,21,85,PT1 0 ror,1257.0786556383666
DE,2050,21,86,PT1 0 ror,1252.4910180755326
DE,2050,21,87,PT1 0 ror,1247.7656868756067
DE,2050,21,88,PT1 0 ror,1243.790004538454
DE,2050,21,89,PT1 0 ror,1239.8341630936511
DE,2050,21,90,PT1 0 ror,1235.6195283124907
DE,2050,21,91,PT1 0 ror,1229.7528601896715
DE,2050,21,92,PT1 0 ror,1224.5968867999961
DE,2050,21,93,PT1 0 ror,1220.3361229681168
DE,2050,21,94,PT1 0 ror,1216.6410953367438
DE,2050,21,95,PT1 0 ror,1213.2901306920728
DE,2050,21,96,PT1 0 ror,1210.615149277828
DE,2050,21,97,PT1 0 ror,1207.650829621875
DE,2050,21,98,PT1 0 ror,1205.0995807935706
DE,2050,21,99,PT1 0 ror,1202.598824838405
DE,2050,21,100,PT1 0 ror,1199.645483749181
DE,2050,21,101,PT1 0 ror,1194.6423382300172
DE,2050,21,102,PT1 0 ror,1188.2362996274087
DE,2050,21,103,PT1 0 ror,1183.840389434065
DE,2050,21,104,PT1 0 ror,1179.610022016553
DE,2050,21,105,PT1 0 ror,1174.6507176317587
DE,2050,21,106,PT1 0 ror,1170.6055669912344
DE,2050,21,107,PT1 0 ror,1165.234773883437
DE,2050,21,108,PT1 0 ror,1160.358800412745
DE,2050,21,109,PT1 0 ror,1155.7795726434117
DE,2050,21,110,PT1 0 ror,1150.0363708355949
DE,2050,21,111,PT1 0 ror,1144.9563769921679
DE,2050,21,112,PT1 0 ror,1138.679623768377
DE,2050,21,113,PT1 0 ror,1133.471891566668
DE,2050,21,114,PT1 0 ror,1127.4577336703148
DE,2050,21,115,PT1 0 ror,1122.8987517491164
DE,2050,21,116,PT1 0 ror,1121.3460464932314
DE,2050,21,117,PT1 0 ror,1120.1543605641166
DE,2050,21,118,PT1 0 ror,1119.0213954114813
DE,2050,21,119,PT1 0 ror,1117.9581306729178
DE,2050,21,120,PT1 0 ror,1116.9094038264093
DE,2050,21,121,PT1 0 ror,1115.8430644684038
DE,2050,21,122,PT1 0 ror,1114.76551792482
DE,2050,21,123,PT1 0 ror,1113.5951661294516
DE,2050,21,124,PT1 0 ror,1112.4563008060315
DE,2050,21,125,PT1 0 ror,1111.1283830500188
DE,2050,21,126,PT1 0 ror,1109.2813938351242
DE,2050,21,127,PT1 0 ror,1107.9201701506174
DE,2050,21,128,PT1 0 ror,1106.3841998058617
DE,2050,21,129,PT1 0 ror,1104.4041869303976
DE,2050,21,130,PT1 0 ror,1101.9548383137476
DE,2050,21,131,PT1 0 ror,1099.6604508144715
DE,2050,21,132,PT1 0 ror,1097.6471668443407
DE,2050,21,133,PT1 0 ror,1095.7641682304156
DE,2050,21,134,PT1 0 ror,1093.4067645989505
DE,2050,21,135,PT1 0 ror,1088.7587825126698
DE,2050,21,136,PT1 0 ror,1083.2648807162311
DE,2050,21,137,PT1 0 ror,1081.15805611544
DE,2050,21,138,PT1 0 ror,1078.9089987367618
DE,2050,21,139,PT1 0 ror,1076.5022354730734
DE,2050,21,140,PT1 0 ror,1074.936669363028
DE,2050,21,141,PT1 0 ror,1073.766691145945
DE,2050,21,142,PT1 0 ror,1072.7315066628712
DE,2050,21,143,PT1 0 ror,1071.6989348035127
DE,2050,21,144,PT1 0 ror,1070.679940366497
DE,2050,21,145,PT1 0 ror,1069.6500988112289
DE,2050,21,146,PT1 0 ror,1068.6164819344515
DE,2050,21,147,PT1 0 ror,1067.5644487910788
DE,2050,21,148,PT1 0 ror,1066.5145959132094
DE,2050,21,149,PT1 0 ror,1065.479028789326
DE,2050,21,150,PT1 0 ror,1064.4601207983865
DE,2050,21,151,PT1 0 ror,1063.4063130903749
DE,2050,21,152,PT1 0 ror,1062.3510421080907
DE,2050,21,153,PT1 0 ror,1060.9962082470852
DE,2050,21,154,PT1 0 ror,1059.1298883468512
DE,2050,21,155,PT1 0 ror,1057.5765210504514
DE,2050,21,156,PT1 0 ror,1056.1688913505939
DE,2050,21,157,PT1 0 ror,1054.300796714526
DE,2050,21,158,PT1 0 ror,1046.6385585515493
DE,2050,21,159,PT1 0 ror,1042.2108606945783
DE,2050,21,160,PT1 0 ror,1034.1217762363424
DE,2050,21,161,PT1 0 ror,1030.7519781955612
DE,2050,21,162,PT1 0 ror,1028.0195846322858
DE,2050,21,163,PT1 0 ror,1025.6948304973187
DE,2050,21,164,PT1 0 ror,1024.504393071681
DE,2050,21,165,PT1 0 ror,1023.4223376027252
DE,2050,21,166,PT1 0 ror,1022.4040300223486
DE,2050,21,167,PT1 0 ror,1021.3435764184057
NT,2025,21,0,PT1 0 solar,0.0
NT,2025,21,1,PT1 0 solar,0.0
NT,2025,21,2,PT1 0 solar,0.0
NT,2025,21,3,PT1 0 solar,0.0
NT,2025,21,4,PT1 0 solar,0.0
NT,2025,21,5,PT1 0 solar,0.0
NT,2025,21,6,PT1 0 solar,9.58425478572201
NT,2025,21,7,PT1 0 solar,445.3577383815139
NT,2025,21,8,PT1 0 solar,1145.6830976204456
NT,2025,21,9,PT1 0 solar,1594.5912842638722
NT,2025,21,10,PT1 0 solar,1798.7156540564536
NT,2025,21,11,PT1 0 solar,1834.6621408175506
NT,2025,21,12,PT1 0 solar,1793.792064840215
NT,2025,21,13,PT1 0 solar,1700.5542534089714
NT,2025,21,14,PT1 0 solar,1596.891584831796
NT,2025,21,15,PT1 0 solar,1437.1869500701569
NT,2025,21,16,PT1 0 solar,1059.891898474304
NT,2025,21,17,PT1 0 solar,647.3580229306151
NT,2025,21,18,PT1 0 solar,233.24367743185093
NT,2025,21,19,PT1 0 solar,0.0
NT,2025,21,20,PT1 0 solar,0.0
NT,2025,21,21,PT1 0 solar,0.0
NT,2025,21,22,PT1 0 solar,0.0
NT,2025,21,23,PT1 0 solar,0.0
NT,2025,21,24,PT1 0 solar,0.0
NT,2025,21,25,PT1 0 solar,0.0
NT,2025,21,26,PT1 0 solar,0.0
NT,2025,21,27,PT1 0 solar,0.0
NT,2025,21,28,PT1 0 solar,0.0
NT,2025,21,29,PT1 0 solar,0.0
NT,2025,21,30,PT1 0 solar,3.850938137032962
NT,2025,21,31,PT1 0 solar,457.04180216852615
NT,2025,21,32,PT1 0 solar,1134.004006139721
NT,2025,21,33,PT1 0 solar,1625.1114650829195
NT,2025,21,34,PT1 0 solar,1972.7752887910476
NT,2025,21,35,PT1 0 solar,2199.760581202454
NT,2025,21,36,PT1 0 solar,2176.868435064173
NT,2025,21,37,PT1 0 solar,2011.6879166481142
NT,2025,21,38,PT1 0 solar,1802.64509967314
NT,2025,21,39,PT1 0 solar,1549.5195381782873
NT,2025,21,40,PT1 0 solar,1148.5780617419666
NT,2025,21,41,PT1 0 solar,657.3660198599576
NT,2025,21,42,PT1 0 solar,224.10705953145902
NT,2025,21,43,PT1 0 solar,0.0
NT,2025,21,44,PT1 0 solar,0.0
NT,2025,21,45,PT1 0 solar,0.0
NT,2025,21,46,PT1 0 solar,0.0
NT,2025,21,47,PT1 0 solar,0.0
NT,2025,21,48,PT1 0 solar,0.0
NT,2025,21,49,PT1 0 solar,0.0
NT,2025,21,50,PT1 0 solar,0.0
NT,2025,21,51,PT1 0 solar,0.0
NT,2025,21,52,PT1 0 solar,0.0
NT,2025,21,53,PT1 0 solar,0.0
NT,2025,21,54,PT1 0 solar,0.0
NT,2025,21,55,PT1 0 solar,466.96248781138326
NT,2025,21,56,PT1 0 solar,1173.2834949862252
NT,2025,21,57,PT1 0 solar,1675.0367455907262
NT,2025,21,58,PT1 0 solar,2018.2944358529398
NT,2025,21,59,PT1 0 solar,2266.0159502318556
NT,2025,21,60,PT1 0 solar,2345.0935722023673
NT,2025,21,61,PT1 0 solar,2251.215530402199
NT,2025,21,62,PT1 0 solar,2013.5189249292316
NT,2025,21,63,PT1 0 solar,1670.477002613095
NT,2025,21,64,PT1 0 solar,1244.5382281258417
NT,2025,21,65,PT1 0 solar,762.5328857825971
NT,2025,21,66,PT1 0 solar,272.84933194321854
NT,2025,21,67,PT1 0 solar,0.0
NT,2025,21,68,PT1 0 solar,0.0
NT,2025,21,69,PT1 0 solar,0.0
NT,2025,21,70,PT1 0 solar,0.0
NT,2025,21,71,PT1 0 solar,0.0
NT,2025,21,72,PT1 0 solar,0.0
NT,2025,21,73,PT1 0 solar,0.0
NT,2025,21,74,PT1 0 solar,0.0
NT,2025,21,75,PT1 0 solar,0.0
NT,2025,21,76,PT1 0 solar,0.0
NT,2025,21,77,PT1 0 solar,0.0
NT,2025,21,78,PT1 0 solar,19.255242866831065
NT,2025,21,79,PT1 0 solar,461.38461477816327
NT,2025,21,80,PT1 0 solar,1081.4175814561972
NT,2025,21,81,PT1 0 solar,1674.6232578682407
NT,2025,21,82,PT1 0 solar,2086.2355625483615
NT,2025,21,83,PT1 0 solar,2319.145994791117
NT,2025,21,84,PT1 0 solar,2396.8234201128416
NT,2025,21,85,PT1 0 solar,2331.3057121374695
NT,2025,21,86,PT1 0 solar,2119.9036180695457
NT,2025,21,87,PT1 0 solar,1786.3144447634277
NT,2025,21,88,PT1 0 solar,1333.6844070079414
NT,2025,21,89,PT1 0 solar,798.6938113599472
NT,2025,21,90,PT1 0 solar,279.0235277613407
NT,2025,21,91,PT1 0 solar,0.0
NT,2025,21,92,PT1 0 solar,0.0
NT,2025,21,93,PT1 0 solar,0.0
NT,2025,21,94,PT1 0 solar,0.0
NT,2025,21,95,PT1 0 solar,0.0
NT,2025,21,96,PT1 0 solar,0.0
NT,2025,21,97,PT1 0 solar,0.0
NT,2025,21,98,PT1 0 solar,0.0
NT,2025,21,99,PT1 0 solar,0.0
NT,2025,21,100,PT1 0 solar,0.0
NT,2025,21,101,PT1 0 solar,0.0
NT,2025,21,102,PT1 0 solar,0.0
NT,2025,21,103,PT1 0 solar,453.58449557680785
NT,2025,21,104,PT1 0 solar,1176.0920571641589
NT,2025,21,105,PT1 0 solar,1721.0362562223336
NT,2025,21,106,PT1 0 solar,2081.1432736483257
NT,2025,21,107,PT1 0 solar,2312.4266784918636
NT,2025,21,108,PT1 0 solar,2393.083540061448
NT,2025,21,109,PT1 0 solar,2328.086380008291
NT,2025,21,110,PT1 0 solar,2121.1241605602577
NT,2025,21,111,PT1 0 solar,1786.352353200114
NT,2025,21,112,PT1 0 solar,1333.3112468152344
NT,2025,21,113,PT1 0 solar,800.953444255611
NT,2025,21,114,PT1 0 solar,281.87292836928646
NT,2025,21,115,PT1 0 solar,0.0
NT,2025,21,116,PT1 0 solar,0.0
NT,2025,21,117,PT1 0 solar,0.0
NT,2025,21,118,PT1 0 solar,0.0
NT,2025,21,119,PT1 0 solar,0.0
NT,2025,21,120,PT1 0 solar,0.0
NT,2025,21,121,PT1 0 solar,0.0
NT,2025,21,122,PT1 0 solar,0.0
NT,2025,21,123,PT1 0 solar,0.0
NT,2025,21,124,PT1 0 solar,0.0
NT,2025,21,125,PT1 0 solar,0.0
NT,2025,21,126,PT1 0 solar,3.3125752531913824
NT,2025,21,127,PT1 0 solar,442.23349966458693
NT,2025,21,128,PT1 0 solar,1169.8831625998782
NT,2025,21,129,PT1 0 solar,1705.4305769820346
NT,2025,21,130,PT1 0 solar,2063.506795136904
NT,2025,21,131,PT1 0 solar,2292.0389871724374
NT,2025,21,132,PT1 0 solar,2372.734836621882
NT,2025,21,133,PT1 0 solar,2304.545915922634
NT,2025,21,134,PT1 0 solar,2094.3117768859784
NT,2025,21,135,PT1 0 solar,1765.5648790568716
NT,2025,21,136,PT1 0 solar,1318.3503023852816
NT,2025,21,137,PT1 0 solar,797.8699674818683
NT,2025,21,138,PT1 0 solar,283.6902155337267
NT,2025,21,139,PT1 0 solar,0.0
NT,2025,21,140,PT1 0 solar,0.0
NT,2025,21,141,PT1 0 solar,0.0
NT,2025,21,142,PT1 0 solar,0.0
NT,2025,21,143,PT1 0 solar,0.0
NT,2025,21,144,PT1 0 solar,0.0
NT,2025,21,145,PT1 0 solar,0.0
NT,2025,21,146,PT1 0 solar,0.0
NT,2025,21,147,PT1 0 solar,0.0
NT,2025,21,148,PT1 0 solar,0.0
NT,2025,21,149,PT1 0 solar,0.0
NT,2025,21,150,PT1 0 solar,33.14591239213122
NT,2025,21,151,PT1 0 solar,443.53073660364004
NT,2025,21,152,PT1 0 solar,1010.988843449787
NT,2025,21,153,PT1 0 solar,1467.3116353401965
NT,2025,21,154,PT1 0 solar,1817.142041931214
NT,2025,21,155,PT1 0 solar,2015.118685648381
NT,2025,21,156,PT1 0 solar,2104.256484005895
NT,2025,21,157,PT1 0 solar,2059.9088174467456
NT,2025,21,158,PT1 0 solar,1868.6323999969234
NT,2025,21,159,PT1 0 solar,1582.3068006750045
NT,2025,21,160,PT1 0 solar,1208.1030345720344
NT,2025,21,161,PT1 0 solar,737.3044822138463
NT,2025,21,162,PT1 0 solar,269.77044030155724
NT,2025,21,163,PT1 0 solar,0.0
NT,2025,21,164,PT1 0 solar,0.0
NT,2025,21,165,PT1 0 solar,0.0
NT,2025,21,166,PT1 0 solar,0.0
NT,2025,21,167,PT1 0 solar,0.0
NT,2030,21,0,PT1 0 solar,0.0
NT,2030,21,1,PT1 0 solar,0.0
NT,2030,21,2,PT1 0 solar,0.0
NT,2030,21,3,PT1 0 solar,0.0
NT,2030,21,4,PT1 0 solar,0.0
NT,2030,21,5,PT1 0 solar,0.0
NT,2030,21,6,PT1 0 solar,15.973757976203352
NT,2030,21,7,PT1 0 solar,742.2628973025232
NT,2030,21,8,PT1 0 solar,1909.4718293674096
NT,2030,21,9,PT1 0 solar,2657.6521404397868
NT,2030,21,10,PT1 0 solar,2997.8594234274224
NT,2030,21,11,PT1 0 solar,3057.7702346959177
NT,2030,21,12,PT1 0 solar,2989.653441400358
NT,2030,21,13,PT1 0 solar,2834.2570890149523
NT,2030,21,14,PT1 0 solar,2661.48597471966
NT,2030,21,15,PT1 0 solar,2395.3115834502614
NT,2030,21,16,PT1 0 solar,1766.4864974571733
NT,2030,21,17,PT1 0 solar,1078.9300382176918
NT,2030,21,18,PT1 0 solar,388.7394623864182
NT,2030,21,19,PT1 0 solar,0.0
NT,2030,21,20,PT1 0 solar,0.0
NT,2030,21,21,PT1 0 solar,0.0
NT,2030,21,22,PT1 0 solar,0.0
NT,2030,21,23,PT1 0 solar,0.0
NT,2030,21,24,PT1 0 solar,0.0
NT,2030,21,25,PT1 0 solar,0.0
NT,2030,21,26,PT1 0 solar,0.0
NT,2030,21,27,PT1 0 solar,0.0
NT,2030,21,28,PT1 0 solar,0.0
NT,2030,21,29,PT1 0 solar,0.0
NT,2030,21,30,PT1 0 solar,6.4182302283882695
NT,2030,21,31,PT1 0 solar,761.7363369475436
NT,2030,21,32,PT1 0 solar,1890.006676899535
NT,2030,21,33,PT1 0 solar,2708.5191084715325
NT,2030,21,34,PT1 0 solar,3287.9588146517463
NT,2030,21,35,PT1 0 solar,3666.2676353374236
NT,2030,21,36,PT1 0 solar,3628.114058440288
NT,2030,21,37,PT1 0 solar,3352.813194413524
NT,2030,21,38,PT1 0 solar,3004.408499455233
NT,2030,21,39,PT1 0 solar,2582.532563630479
NT,2030,21,40,PT1 0 solar,1914.2967695699442
NT,2030,21,41,PT1 0 solar,1095.6100330999293
NT,2030,21,42,PT1 0 solar,373.511765885765
NT,2030,21,43,PT1 0 solar,0.0
NT,2030,21,44,PT1 0 solar,0.0
NT,2030,21,45,PT1 0 solar,0.0
NT,2030,21,46,PT1 0 solar,0.0
NT,2030,21,47,PT1 0 solar,0.0
NT,2030,21,48,PT1 0 solar,0.0
NT,2030,21,49,PT1 0 solar,0.0
NT,2030,21,50,PT1 0 solar,0.0
NT,2030,21,51,PT1 0 solar,0.0
NT,2030,21,52,PT1 0 solar,0.0
NT,2030,21,53,PT1 0 solar,0.0
NT,2030,21,54,PT1 0 solar,0.0
NT,2030,21,55,PT1 0 solar,778.2708130189721
NT,2030,21,56,PT1 0 solar,1955.4724916437087
NT,2030,21,57,PT1 0 solar,2791.7279093178768
NT,2030,21,58,PT1 0 solar,3363.8240597548997
NT,2030,21,59,PT1 0 solar,3776.6932503864255
NT,2030,21,60,PT1 0 solar,3908.4892870039453
NT,2030,21,61,PT1 0 solar,3752.025884003665
NT,2030,21,62,PT1 0 solar,3355.8648748820524
NT,2030,21,63,PT1 0 solar,2784.1283376884917
NT,2030,21,64,PT1 0 solar,2074.230380209736
NT,2030,21,65,PT1 0 solar,1270.888142970995
NT,2030,21,66,PT1 0 solar,454.74888657203087
NT,2030,21,67,PT1 0 solar,0.0
NT,2030,21,68,PT1 0 solar,0.0
NT,2030,21,69,PT1 0 solar,0.0
NT,2030,21,70,PT1 0 solar,0.0
NT,2030,21,71,PT1 0 solar,0.0
NT,2030,21,72,PT1 0 solar,0.0
NT,2030,21,73,PT1 0 solar,0.0
NT,2030,21,74,PT1 0 solar,0.0
NT,2030,21,75,PT1 0 solar,0.0
NT,2030,21,76,PT1 0 solar,0.0
NT,2030,21,77,PT1 0 solar,0.0
NT,2030,21,78,PT1 0 solar,32.09207144471844
NT,2030,21,79,PT1 0 solar,768.9743579636054
NT,2030,21,80,PT1 0 solar,1802.3626357603284
NT,2030,21,81,PT1 0 solar,2791.038763113734
NT,2030,21,82,PT1 0 solar,3477.0592709139364
NT,2030,21,83,PT1 0 solar,3865.243324651862
NT,2030,21,84,PT1 0 solar,3994.7057001880694
NT,2030,21,85,PT1 0 solar,3885.509520229116
NT,2030,21,86,PT1 0 solar,3533.172696782576
NT,2030,21,87,PT1 0 solar,2977.1907412723795
NT,2030,21,88,PT1 0 solar,2222.8073450132356
NT,2030,21,89,PT1 0 solar,1331.1563522665788
NT,2030,21,90,PT1 0 solar,465.0392129355678
NT,2030,21,91,PT1 0 solar,0.0
NT,2030,21,92,PT1 0 solar,0.0
NT,2030,21,93,PT1 0 solar,0.0
NT,2030,21,94,PT1 0 solar,0.0
NT,2030,21,95,PT1 0 solar,0.0
NT,2030,21,96,PT1 0 solar,0.0
NT,2030,21,97,PT1 0 solar,0.0
NT,2030,21,98,PT1 0 solar,0.0
NT,2030,21,99,PT1 0 solar,0.0
NT,2030,21,100,PT1 0 solar,0.0
NT,2030,21,101,PT1 0 solar,0.0
NT,2030,21,102,PT1 0 solar,0.0
NT,2030,21,103,PT1 0 solar,755.9741592946797
NT,2030,21,104,PT1 0 solar,1960.1534286069316
NT,2030,21,105,PT1 0 solar,2868.3937603705563
NT,2030,21,106,PT1 0 solar,3468.5721227472095
NT,2030,21,107,PT1 0 solar,3854.0444641531058
NT,2030,21,108,PT1 0 solar,3988.47256676908
NT,2030,21,109,PT1 0 solar,3880.143966680485
NT,2030,21,110,PT1 0 solar,3535.206934267096
NT,2030,21,111,PT1 0 solar,2977.2539220001904
NT,2030,21,112,PT1 0 solar,2222.1854113587237
NT,2030,21,113,PT1 0 solar,1334.9224070926848
NT,2030,21,114,PT1 0 solar,469.7882139488107
NT,2030,21,115,PT1 0 solar,0.0
NT,2030,21,116,PT1 0 solar,0.0
NT,2030,21,117,PT1 0 solar,0.0
NT,2030,21,118,PT1 0 solar,0.0
NT,2030,21,119,PT1 0 solar,0.0
NT,2030,21,120,PT1 0 solar,0.0
NT,2030,21,121,PT1 0 solar,0.0
NT,2030,21,122,PT1 0 solar,0.0
NT,2030,21,123,PT1 0 solar,0.0
NT,2030,21,124,PT1 0 solar,0.0
NT,2030,21,125,PT1 0 solar,0.0
NT,2030,21,126,PT1 0 solar,5.520958755318971
NT,2030,21,127,PT1 0 solar,737.0558327743116
NT,2030,21,128,PT1 0 solar,1949.805270999797
NT,2030,21,129,PT1 0 solar,2842.3842949700575
NT,2030,21,130,PT1 0 solar,3439.17799189484
NT,2030,21,131,PT1 0 solar,3820.0649786207296
NT,2030,21,132,PT1 0 solar,3954.5580610364705
NT,2030,21,133,PT1 0 solar,3840.909859871056
NT,2030,21,134,PT1 0 solar,3490.5196281432973
NT,2030,21,135,PT1 0 solar,2942.608131761453
NT,2030,21,136,PT1 0 solar,2197.250503975469
NT,2030,21,137,PT1 0 solar,1329.7832791364474
NT,2030,21,138,PT1 0 solar,472.81702588954454
NT,2030,21,139,PT1 0 solar,0.0
NT,2030,21,140,PT1 0 solar,0.0
NT,2030,21,141,PT1 0 solar,0.0
NT,2030,21,142,PT1 0 solar,0.0
NT,2030,21,143,PT1 0 solar,0.0
NT,2030,21,144,PT1 0 solar,0.0
NT,2030,21,145,PT1 0 solar,0.0
NT,2030,21,146,PT1 0 solar,0.0
NT,2030,21,147,PT1 0 solar,0.0
NT,2030,21,148,PT1 0 solar,0.0
NT,2030,21,149,PT1 0 solar,0.0
NT,2030,21,150,PT1 0 solar,55.24318732021871
NT,2030,21,151,PT1 0 solar,739.2178943394001
NT,2030,21,152,PT1 0 solar,1684.981405749645
NT,2030,21,153,PT1 0 solar,2445.5193922336607
NT,2030,21,154,PT1 0 solar,3028.5700698853566
NT,2030,21,155,PT1 0 solar,3358.5311427473016
NT,2030,21,156,PT1 0 solar,3507.0941400098245
NT,2030,21,157,PT1 0 solar,3433.1813624112424
NT,2030,21,158,PT1 0 solar,3114.3873333282054
NT,2030,21,159,PT1 0 solar,2637.1780011250075
NT,2030,21,160,PT1 0 solar,2013.5050576200572
NT,2030,21,161,PT1 0 solar,1228.840803689744
NT,2030,21,162,PT1 0 solar,449.61740050259544
NT,2030,21,163,PT1 0 solar,0.0
NT,2030,21,164,PT1 0 solar,0.0
NT,2030,21,165,PT1 0 solar,0.0
NT,2030,21,166,PT1 0 solar,0.0
NT,2030,21,167,PT1 0 solar,0.0
DE,2040,21,0,PT1 0 solar,0.0
DE,2040,21,1,PT1 0 solar,0.0
DE,2040,21,2,PT1 0 solar,0.0
DE,2040,21,3,PT1 0 solar,0.0
DE,2040,21,4,PT1 0 solar,0.0
DE,2040,21,5,PT1 0 solar,0.0
DE,2040,21,6,PT1 0 solar,22.363261166684694
DE,2040,21,7,PT1 0 solar,1039.1680562235326
DE,2040,21,8,PT1 0 solar,2673.2605611143736
DE,2040,21,9,PT1 0 solar,3720.7129966157013
DE,2040,21,10,PT1 0 solar,4197.003192798392
DE,2040,21,11,PT1 0 solar,4280.878328574285
DE,2040,21,12,PT1 0 solar,4185.514817960502
DE,2040,21,13,PT1 0 solar,3967.959924620933
DE,2040,21,14,PT1 0 solar,3726.080364607524
DE,2040,21,15,PT1 0 solar,3353.436216830366
DE,2040,21,16,PT1 0 solar,2473.081096440043
DE,2040,21,17,PT1 0 solar,1510.5020535047686
DE,2040,21,18,PT1 0 solar,544.2352473409856
DE,2040,21,19,PT1 0 solar,0.0
DE,2040,21,20,PT1 0 solar,0.0
DE,2040,21,21,PT1 0 solar,0.0
DE,2040,21,22,PT1 0 solar,0.0
DE,2040,21,23,PT1 0 solar,0.0
DE,2040,21,24,PT1 0 solar,0.0
DE,2040,21,25,PT1 0 solar,0.0
DE,2040,21,26,PT1 0 solar,0.0
DE,2040,21,27,PT1 0 solar,0.0
DE,2040,21,28,PT1 0 solar,0.0
DE,2040,21,29,PT1 0 solar,0.0
DE,2040,21,30,PT1 0 solar,8.985522319743579
DE,2040,21,31,PT1 0 solar,1066.4308717265612
DE,2040,21,32,PT1 0 solar,2646.0093476593493
DE,2040,21,33,PT1 0 solar,3791.9267518601455
DE,2040,21,34,PT1 0 solar,4603.142340512445
DE,2040,21,35,PT1 0 solar,5132.774689472392
DE,2040,21,36,PT1 0 solar,5079.359681816403
DE,2040,21,37,PT1 0 solar,4693.938472178933
DE,2040,21,38,PT1 0 solar,4206.171899237327
DE,2040,21,39,PT1 0 solar,3615.545589082671
DE,2040,21,40,PT1 0 solar,2680.015477397922
DE,2040,21,41,PT1 0 solar,1533.8540463399013
DE,2040,21,42,PT1 0 solar,522.916472240071
DE,2040,21,43,PT1 0 solar,0.0
DE,2040,21,44,PT1 0 solar,0.0
DE,2040,21,45,PT1 0 solar,0.0
DE,2040,21,46,PT1 0 solar,0.0
DE,2040,21,47,PT1 0 solar,0.0
DE,2040,21,48,PT1 0 solar,0.0
DE,2040,21,49,PT1 0 solar,0.0
DE,2040,21,50,PT1 0 solar,0.0
DE,2040,21,51,PT1 0 solar,0.0
DE,2040,21,52,PT1 0 solar,0.0
DE,2040,21,53,PT1 0 solar,0.0
DE,2040,21,54,PT1 0 solar,0.0
DE,2040,21,55,PT1 0 solar,1089.5791382265609
DE,2040,21,56,PT1 0 solar,2737.6614883011925
DE,2040,21,57,PT1 0 solar,3908.4190730450273
DE,2040,21,58,PT1 0 solar,4709.35368365686
DE,2040,21,59,PT1 0 solar,5287.370550540995
DE,2040,21,60,PT1 0 solar,5471.885001805523
DE,2040,21,61,PT1 0 solar,5252.836237605131
DE,2040,21,62,PT1 0 solar,4698.210824834874
DE,2040,21,63,PT1 0 solar,3897.7796727638884
DE,2040,21,64,PT1 0 solar,2903.9225322936304
DE,2040,21,65,PT1 0 solar,1779.2434001593929
DE,2040,21,66,PT1 0 solar,636.6484412008433
DE,2040,21,67,PT1 0 solar,0.0
DE,2040,21,68,PT1 0 solar,0.0
DE,2040,21,69,PT1 0 solar,0.0
DE,2040,21,70,PT1 0 solar,0.0
DE,2040,21,71,PT1 0 solar,0.0
DE,2040,21,72,PT1 0 solar,0.0
DE,2040,21,73,PT1 0 solar,0.0
DE,2040,21,74,PT1 0 solar,0.0
DE,2040,21,75,PT1 0 solar,0.0
DE,2040,21,76,PT1 0 solar,0.0
DE,2040,21,77,PT1 0 solar,0.0
DE,2040,21,78,PT1 0 solar,44.928900022605816
DE,2040,21,79,PT1 0 solar,1076.5641011490477
DE,2040,21,80,PT1 0 solar,2523.30769006446
DE,2040,21,81,PT1 0 solar,3907.454268359228
DE,2040,21,82,PT1 0 solar,4867.882979279511
DE,2040,21,83,PT1 0 solar,5411.340654512606
DE,2040,21,84,PT1 0 solar,5592.587980263297
DE,2040,21,85,PT1 0 solar,5439.713328320762
DE,2040,21,86,PT1 0 solar,4946.441775495607
DE,2040,21,87,PT1 0 solar,4168.067037781331
DE,2040,21,88,PT1 0 solar,3111.93028301853
DE,2040,21,89,PT1 0 solar,1863.6188931732102
DE,2040,21,90,PT1 0 solar,651.054898109795
DE,2040,21,91,PT1 0 solar,0.0
DE,2040,21,92,PT1 0 solar,0.0
DE,2040,21,93,PT1 0 solar,0.0
DE,2040,21,94,PT1 0 solar,0.0
DE,2040,21,95,PT1 0 solar,0.0
DE,2040,21,96,PT1 0 solar,0.0
DE,2040,21,97,PT1 0 solar,0.0
DE,2040,21,98,PT1 0 solar,0.0
DE,2040,21,99,PT1 0 solar,0.0
DE,2040,21,100,PT1 0 solar,0.0
DE,2040,21,101,PT1 0 solar,0.0
DE,2040,21,102,PT1 0 solar,0.0
DE,2040,21,103,PT1 0 solar,1058.3638230125516
DE,2040,21,104,PT1 0 solar,2744.214800049704
DE,2040,21,105,PT1 0 solar,4015.7512645187785
DE,2040,21,106,PT1 0 solar,4856.000971846093
DE,2040,21,107,PT1 0 solar,5395.662249814349
DE,2040,21,108,PT1 0 solar,5583.861593476711
DE,2040,21,109,PT1 0 solar,5432.201553352679
DE,2040,21,110,PT1 0 solar,4949.289707973934
DE,2040,21,111,PT1 0 solar,4168.155490800266
DE,2040,21,112,PT1 0 solar,3111.059575902213
DE,2040,21,113,PT1 0 solar,1868.8913699297589
DE,2040,21,114,PT1 0 solar,657.7034995283351
DE,2040,21,115,PT1 0 solar,0.0
DE,2040,21,116,PT1 0 solar,0.0
DE,2040,21,117,PT1 0 solar,0.0
DE,2040,21,118,PT1 0 solar,0.0
DE,2040,21,119,PT1 0 solar,0.0
DE,2040,21,120,PT1 0 solar,0.0
DE,2040,21,121,PT1 0 solar,0.0
DE,2040,21,122,PT1 0 solar,0.0
DE,2040,21,123,PT1 0 solar,0.0
DE,2040,21,124,PT1 0 solar,0.0
DE,2040,21,125,PT1 0 solar,0.0
DE,2040,21,126,PT1 0 solar,7.72934225744656
DE,2040,21,127,PT1 0 solar,1031.8781658840362
DE,2040,21,128,PT1 0 solar,2729.7273793997156
DE,2040,21,129,PT1 0 solar,3979.33801295808
DE,2040,21,130,PT1 0 solar,4814.849188652776
DE,2040,21,131,PT1 0 solar,5348.090970069021
DE,2040,21,132,PT1 0 solar,5536.381285451058
DE,2040,21,133,PT1 0 solar,5377.273803819479
DE,2040,21,134,PT1 0 solar,4886.727479400616
DE,2040,21,135,PT1 0 solar,4119.651384466034
DE,2040,21,136,PT1 0 solar,3076.150705565657
DE,2040,21,137,PT1 0 solar,1861.6965907910264
DE,2040,21,138,PT1 0 solar,661.9438362453623
DE,2040,21,139,PT1 0 solar,0.0
DE,2040,21,140,PT1 0 solar,0.0
DE,2040,21,141,PT1 0 solar,0.0
DE,2040,21,142,PT1 0 solar,0.0
DE,2040,21,143,PT1 0 solar,0.0
DE,2040,21,144,PT1 0 solar,0.0
DE,2040,21,145,PT1 0 solar,0.0
DE,2040,21,146,PT1 0 solar,0.0
DE,2040,21,147,PT1 0 solar,0.0
DE,2040,21,148,PT1 0 solar,0.0
DE,2040,21,149,PT1 0 solar,0.0
DE,2040,21,150,PT1 0 solar,77.3404622483062
DE,2040,21,151,PT1 0 solar,1034.90505207516
DE,2040,21,152,PT1 0 solar,2358.973968049503
DE,2040,21,153,PT1 0 solar,3423.7271491271254
DE,2040,21,154,PT1 0 solar,4239.9980978395
DE,2040,21,155,PT1 0 solar,4701.943599846223
DE,2040,21,156,PT1 0 solar,4909.931796013755
DE,2040,21,157,PT1 0 solar,4806.45390737574
DE,2040,21,158,PT1 0 solar,4360.142266659488
DE,2040,21,159,PT1 0 solar,3692.0492015750106
DE,2040,21,160,PT1 0 solar,2818.90708066808
DE,2040,21,161,PT1 0 solar,1720.3771251656415
DE,2040,21,162,PT1 0 solar,629.4643607036336
DE,2040,21,163,PT1 0 solar,0.0
DE,2040,21,164,PT1 0 solar,0.0
DE,2040,21,165,PT1 0 solar,0.0
DE,2040,21,166,PT1 0 solar,0.0
DE,2040,21,167,PT1 0 solar,0.0
DE,2050,21,0,PT1 0 solar,0.0
DE,2050,21,1,PT1 0 solar,0.0
DE,2050,21,2,PT1 0 solar,0.0
DE,2050,21,3,PT1 0 solar,0.0
DE,2050,21,4,PT1 0 solar,0.0
DE,2050,21,5,PT1 0 solar,0.0
DE,2050,21,6,PT1 0 solar,22.363261166684694
DE,2050,21,7,PT1 0 solar,1039.1680562235326
DE,2050,21,8,PT1 0 solar,2673.2605611143736
DE,2050,21,9,PT1 0 solar,3720.7129966157013
DE,2050,21,10,PT1 0 solar,4197.003192798392
DE,2050,21,11,PT1 0 solar,4280.878328574285
DE,2050,21,12,PT1 0 solar,4185.514817960502
DE,2050,21,13,PT1 0 solar,3967.959924620933
DE,2050,21,14,PT1 0 solar,3726.080364607524
DE,2050,21,15,PT1 0 solar,3353.436216830366
DE,2050,21,16,PT1 0 solar,2473.081096440043
DE,2050,21,17,PT1 0 solar,1510.5020535047686
DE,2050,21,18,PT1 0 solar,544.2352473409856
DE,2050,21,19,PT1 0 solar,0.0
DE,2050,21,20,PT1 0 solar,0.0
DE,2050,21,21,PT1 0 solar,0.0
DE,2050,21,22,PT1 0 solar,0.0
DE,2050,21,23,PT1 0 solar,0.0
DE,2050,21,24,PT1 0 solar,0.0
DE,2050,21,25,PT1 0 solar,0.0
DE,2050,21,26,PT1 0 solar,0.0
DE,2050,21,27,PT1 0 solar,0.0
DE,2050,21,28,PT1 0 solar,0.0
DE,2050,21,29,PT1 0 solar,0.0
DE,2050,21,30,PT1 0 solar,8.985522319743579
DE,2050,21,31,PT1 0 solar,1066.4308717265612
DE,2050,21,32,PT1 0 solar,2646.0093476593493
DE,2050,21,33,PT1 0 solar,3791.9267518601455
DE,2050,21,34,PT1 0 solar,4603.142340512445
DE,2050,21,35,PT1 0 solar,5132.774689472392
DE,2050,21,36,PT1 0 solar,5079.359681816403
DE,2050,21,37,PT1 0 solar,4693.938472178933
DE,2050,21,38,PT1 0 solar,4206.171899237327
DE,2050,21,39,PT1 0 solar,3615.545589082671
DE,2050,21,40,PT1 0 solar,2680.015477397922
DE,2050,21,41,PT1 0 solar,1533.8540463399013
DE,2050,21,42,PT1 0 solar,522.916472240071
DE,2050,21,43,PT1 0 solar,0.0
DE,2050,21,44,PT1 0 solar,0.0
DE,2050,21,45,PT1 0 solar,0.0
DE,2050,21,46,PT1 0 solar,0.0
DE,2050,21,47,PT1 0 solar,0.0
DE,2050,21,48,PT1 0 solar,0.0
DE,2050,21,49,PT1 0 solar,0.0
DE,2050,21,50,PT1 0 solar,0.0
DE,2050,21,51,PT1 0 solar,0.0
DE,2050,21,52,PT1 0 solar,0.0
DE,2050,21,53,PT1 0 solar,0.0
DE,2050,21,54,PT1 0 solar,0.0
DE,2050,21,55,PT1 0 solar,1089.5791382265609
DE,2050,21,56,PT1 0 solar,2737.6614883011925
DE,2050,21,57,PT1 0 solar,3908.4190730450273
DE,2050,21,58,PT1 0 solar,4709.35368365686
DE,2050,21,59,PT1 0 solar,5287.370550540995
DE,2050,21,60,PT1 0 solar,5471.885001805523
DE,2050,21,61,PT1 0 solar,5252.836237605131
DE,2050,21,62,PT1 0 solar,4698.210824834874
DE,2050,21,63,PT1 0 solar,3897.7796727638884
DE,2050,21,64,PT1 0 solar,2903.9225322936304
DE,2050,21,65,PT1 0 solar,1779.2434001593929
DE,2050,21,66,PT1 0 solar,636.6484412008433
DE,2050,21,67,PT1 0 solar,0.0
DE,2050,21,68,PT1 0 solar,0.0
DE,2050,21,69,PT1 0 solar,0.0
DE,2050,21,70,PT1 0 solar,0.0
DE,2050,21,71,PT1 0 solar,0.0
DE,2050,21,72,PT1 0 solar,0.0
DE,2050,21,73,PT1 0 solar,0.0
DE,2050,21,74,PT1 0 solar,0.0
DE,2050,21,75,PT1 0 solar,0.0
DE,2050,21,76,PT1 0 solar,0.0
DE,2050,21,77,PT1 0 solar,0.0
DE,2050,21,78,PT1 0 solar,44.928900022605816
DE,2050,21,79,PT1 0 solar,1076.5641011490477
DE,2050,21,80,PT1 0 solar,2523.30769006446
DE,2050,21,81,PT1 0 solar,3907.454268359228
DE,2050,21,82,PT1 0 solar,4867.882979279511
DE,2050,21,83,PT1 0 solar,5411.340654512606
DE,2050,21,84,PT1 0 solar,5592.587980263297
DE,2050,21,85,PT1 0 solar,5439.713328320762
DE,2050,21,86,PT1 0 solar,4946.441775495607
DE,2050,21,87,PT1 0 solar,4168.067037781331
DE,2050,21,88,PT1 0 solar,3111.93028301853
DE,2050,21,89,PT1 0 solar,1863.6188931732102
DE,2050,21,90,PT1 0 solar,651.054898109795
DE,2050,21,91,PT1 0 solar,0.0
DE,2050,21,92,PT1 0 solar,0.0
DE,2050,21,93,PT1 0 solar,0.0
DE,2050,21,94,PT1 0 solar,0.0
DE,2050,21,95,PT1 0 solar,0.0
DE,2050,21,96,PT1 0 solar,0.0
DE,2050,21,97,PT1 0 solar,0.0
DE,2050,21,98,PT1 0 solar,0.0
DE,2050,21,99,PT1 0 solar,0.0
DE,2050,21,100,PT1 0 solar,0.0
DE,2050,21,101,PT1 0 solar,0.0
DE,2050,21,102,PT1 0 solar,0.0
DE,2050,21,103,PT1 0 solar,1058.3638230125516
DE,2050,21,104,PT1 0 solar,2744.214800049704
DE,2050,21,105,PT1 0 solar,4015.7512645187785
DE,2050,21,106,PT1 0 solar,4856.000971846093
DE,2050,21,107,PT1 0 solar,5395.662249814349
DE,2050,21,108,PT1 0 solar,5583.861593476711
DE,2050,21,109,PT1 0 solar,5432.201553352679
DE,2050,21,110,PT1 0 solar,4949.289707973934
DE,2050,21,111,PT1 0 solar,4168.155490800266
DE,2050,21,112,PT1 0 solar,3111.059575902213
DE,2050,21,113,PT1 0 solar,1868.8913699297589
DE,2050,21,114,PT1 0 solar,657.7034995283351
DE,2050,21,115,PT1 0 solar,0.0
DE,2050,21,116,PT1 0 solar,0.0
DE,2050,21,117,PT1 0 solar,0.0
DE,2050,21,118,PT1 0 solar,0.0
DE,2050,21,119,PT1 0 solar,0.0
DE,2050,21,120,PT1 0 solar,0.0
DE,2050,21,121,PT1 0 solar,0.0
DE,2050,21,122,PT1 0 solar,0.0
DE,2050,21,123,PT1 0 solar,0.0
DE,2050,21,124,PT1 0 solar,0.0
DE,2050,21,125,PT1 0 solar,0.0
DE,2050,21,126,PT1 0 solar,7.72934225744656
DE,2050,21,127,PT1 0 solar,1031.8781658840362
DE,2050,21,128,PT1 0 solar,2729.7273793997156
DE,2050,21,129,PT1 0 solar,3979.33801295808
DE,2050,21,130,PT1 0 solar,4814.849188652776
DE,2050,21,131,PT1 0 solar,5348.090970069021
DE,2050,21,132,PT1 0 solar,5536.381285451058
DE,2050,21,133,PT1 0 solar,5377.273803819479
DE,2050,21,134,PT1 0 solar,4886.727479400616
DE,2050,21,135,PT1 0 solar,4119.651384466034
DE,2050,21,136,PT1 0 solar,3076.150705565657
DE,2050,21,137,PT1 0 solar,1861.6965907910264
DE,2050,21,138,PT1 0 solar,661.9438362453623
DE,2050,21,139,PT1 0 solar,0.0
DE,2050,21,140,PT1 0 solar,0.0
DE,2050,21,141,PT1 0 solar,0.0
DE,2050,21,142,PT1 0 solar,0.0
DE,2050,21,143,PT1 0 solar,0.0
DE,2050,21,144,PT1 0 solar,0.0
DE,2050,21,145,PT1 0 solar,0.0
DE,2050,21,146,PT1 0 solar,0.0
DE,2050,21,147,PT1 0 solar,0.0
DE,2050,21,148,PT1 0 solar,0.0
DE,2050,21,149,PT1 0 solar,0.0
DE,2050,21,150,PT1 0 solar,77.3404622483062
DE,2050,21,151,PT1 0 solar,1034.90505207516
DE,2050,21,152,PT1 0 solar,2358.973968049503
DE,2050,21,153,PT1 0 solar,3423.7271491271254
DE,2050,21,154,PT1 0 solar,4239.9980978395
DE,2050,21,155,PT1 0 solar,4701.943599846223
DE,2050,21,156,PT1 0 solar,4909.931796013755
DE,2050,21,157,PT1 0 solar,4806.45390737574
DE,2050,21,158,PT1 0 solar,4360.142266659488
DE,2050,21,159,PT1 0 solar,3692.0492015750106
DE,2050,21,160,PT1 0 solar,2818.90708066808
DE,2050,21,161,PT1 0 solar,1720.3771251656415
DE,2050,21,162,PT1 0 solar,629.4643607036336
DE,2050,21,163,PT1 0 solar,0.0
DE,2050,21,164,PT1 0 solar,0.0
DE,2050,21,165,PT1 0 solar,0.0
DE,2050,21,166,PT1 0 solar,0.0
DE,2050,21,167,PT1 0 solar,0.0
