,new_branches,new_capacity_mw,util_old_%,util_combined_%,congestion_%
0,0,0,59.891652171896745,59.891652171896745,48.338139870223515
