Objective Value,Optimality Gap (%),Runtime (s),Build Time (s),Optimize Time (s),Total Time (s),Number of Variables,Number of Constraints,Number of Nonzeros,Model Status
12373727237.449415,0.0002843161534628624,6.292999982833862,27.40252113342285,6.428374290466309,33.83089542388916,297856,332889,840964,2
