,new_branches,new_capacity_mw,util_old_%,util_combined_%,congestion_%
0,0,0,59.89206508566354,59.892065085663525,48.35015621244893
