battery,value
ES1 0 bat,102584.30799062086
PT1 0 bat,140755.2341415626
