scenario,year,week,hour,battery,value
NT,2025,21,0,ES1 0 bat,0.0
NT,2025,21,1,ES1 0 bat,0.0
NT,2025,21,2,ES1 0 bat,0.0
NT,2025,21,3,ES1 0 bat,0.0
NT,2025,21,4,ES1 0 bat,0.0
NT,2025,21,5,ES1 0 bat,0.0
NT,2025,21,6,ES1 0 bat,0.0
NT,2025,21,7,ES1 0 bat,0.0
NT,2025,21,8,ES1 0 bat,0.0
NT,2025,21,9,ES1 0 bat,0.0
NT,2025,21,10,ES1 0 bat,0.0
NT,2025,21,11,ES1 0 bat,0.0
NT,2025,21,12,ES1 0 bat,0.0
NT,2025,21,13,ES1 0 bat,0.0
NT,2025,21,14,ES1 0 bat,0.0
NT,2025,21,15,ES1 0 bat,0.0
NT,2025,21,16,ES1 0 bat,0.0
NT,2025,21,17,ES1 0 bat,0.0
NT,2025,21,18,ES1 0 bat,0.0
NT,2025,21,19,ES1 0 bat,0.0
NT,2025,21,20,ES1 0 bat,0.0
NT,2025,21,21,ES1 0 bat,0.0
NT,2025,21,22,ES1 0 bat,0.0
NT,2025,21,23,ES1 0 bat,0.0
NT,2025,21,24,ES1 0 bat,0.0
NT,2025,21,25,ES1 0 bat,0.0
NT,2025,21,26,ES1 0 bat,0.0
NT,2025,21,27,ES1 0 bat,0.0
NT,2025,21,28,ES1 0 bat,0.0
NT,2025,21,29,ES1 0 bat,0.0
NT,2025,21,30,ES1 0 bat,0.0
NT,2025,21,31,ES1 0 bat,0.0
NT,2025,21,32,ES1 0 bat,0.0
NT,2025,21,33,ES1 0 bat,0.0
NT,2025,21,34,ES1 0 bat,0.0
NT,2025,21,35,ES1 0 bat,0.0
NT,2025,21,36,ES1 0 bat,0.0
NT,2025,21,37,ES1 0 bat,0.0
NT,2025,21,38,ES1 0 bat,0.0
NT,2025,21,39,ES1 0 bat,0.0
NT,2025,21,40,ES1 0 bat,0.0
NT,2025,21,41,ES1 0 bat,0.0
NT,2025,21,42,ES1 0 bat,0.0
NT,2025,21,43,ES1 0 bat,0.0
NT,2025,21,44,ES1 0 bat,0.0
NT,2025,21,45,ES1 0 bat,0.0
NT,2025,21,46,ES1 0 bat,0.0
NT,2025,21,47,ES1 0 bat,0.0
NT,2025,21,48,ES1 0 bat,0.0
NT,2025,21,49,ES1 0 bat,0.0
NT,2025,21,50,ES1 0 bat,0.0
NT,2025,21,51,ES1 0 bat,0.0
NT,2025,21,52,ES1 0 bat,0.0
NT,2025,21,53,ES1 0 bat,0.0
NT,2025,21,54,ES1 0 bat,0.0
NT,2025,21,55,ES1 0 bat,0.0
NT,2025,21,56,ES1 0 bat,0.0
NT,2025,21,57,ES1 0 bat,0.0
NT,2025,21,58,ES1 0 bat,0.0
NT,2025,21,59,ES1 0 bat,0.0
NT,2025,21,60,ES1 0 bat,0.0
NT,2025,21,61,ES1 0 bat,0.0
NT,2025,21,62,ES1 0 bat,0.0
NT,2025,21,63,ES1 0 bat,0.0
NT,2025,21,64,ES1 0 bat,0.0
NT,2025,21,65,ES1 0 bat,0.0
NT,2025,21,66,ES1 0 bat,0.0
NT,2025,21,67,ES1 0 bat,0.0
NT,2025,21,68,ES1 0 bat,0.0
NT,2025,21,69,ES1 0 bat,0.0
NT,2025,21,70,ES1 0 bat,0.0
NT,2025,21,71,ES1 0 bat,0.0
NT,2025,21,72,ES1 0 bat,0.0
NT,2025,21,73,ES1 0 bat,0.0
NT,2025,21,74,ES1 0 bat,0.0
NT,2025,21,75,ES1 0 bat,0.0
NT,2025,21,76,ES1 0 bat,0.0
NT,2025,21,77,ES1 0 bat,0.0
NT,2025,21,78,ES1 0 bat,0.0
NT,2025,21,79,ES1 0 bat,0.0
NT,2025,21,80,ES1 0 bat,0.0
NT,2025,21,81,ES1 0 bat,0.0
NT,2025,21,82,ES1 0 bat,0.0
NT,2025,21,83,ES1 0 bat,0.0
NT,2025,21,84,ES1 0 bat,0.0
NT,2025,21,85,ES1 0 bat,0.0
NT,2025,21,86,ES1 0 bat,0.0
NT,2025,21,87,ES1 0 bat,0.0
NT,2025,21,88,ES1 0 bat,0.0
NT,2025,21,89,ES1 0 bat,0.0
NT,2025,21,90,ES1 0 bat,0.0
NT,2025,21,91,ES1 0 bat,0.0
NT,2025,21,92,ES1 0 bat,0.0
NT,2025,21,93,ES1 0 bat,0.0
NT,2025,21,94,ES1 0 bat,0.0
NT,2025,21,95,ES1 0 bat,0.0
NT,2025,21,96,ES1 0 bat,0.0
NT,2025,21,97,ES1 0 bat,0.0
NT,2025,21,98,ES1 0 bat,0.0
NT,2025,21,99,ES1 0 bat,0.0
NT,2025,21,100,ES1 0 bat,0.0
NT,2025,21,101,ES1 0 bat,0.0
NT,2025,21,102,ES1 0 bat,0.0
NT,2025,21,103,ES1 0 bat,0.0
NT,2025,21,104,ES1 0 bat,0.0
NT,2025,21,105,ES1 0 bat,0.0
NT,2025,21,106,ES1 0 bat,0.0
NT,2025,21,107,ES1 0 bat,0.0
NT,2025,21,108,ES1 0 bat,0.0
NT,2025,21,109,ES1 0 bat,0.0
NT,2025,21,110,ES1 0 bat,0.0
NT,2025,21,111,ES1 0 bat,0.0
NT,2025,21,112,ES1 0 bat,0.0
NT,2025,21,113,ES1 0 bat,0.0
NT,2025,21,114,ES1 0 bat,0.0
NT,2025,21,115,ES1 0 bat,0.0
NT,2025,21,116,ES1 0 bat,0.0
NT,2025,21,117,ES1 0 bat,0.0
NT,2025,21,118,ES1 0 bat,0.0
NT,2025,21,119,ES1 0 bat,0.0
NT,2025,21,120,ES1 0 bat,0.0
NT,2025,21,121,ES1 0 bat,0.0
NT,2025,21,122,ES1 0 bat,0.0
NT,2025,21,123,ES1 0 bat,0.0
NT,2025,21,124,ES1 0 bat,0.0
NT,2025,21,125,ES1 0 bat,0.0
NT,2025,21,126,ES1 0 bat,0.0
NT,2025,21,127,ES1 0 bat,0.0
NT,2025,21,128,ES1 0 bat,0.0
NT,2025,21,129,ES1 0 bat,0.0
NT,2025,21,130,ES1 0 bat,0.0
NT,2025,21,131,ES1 0 bat,0.0
NT,2025,21,132,ES1 0 bat,0.0
NT,2025,21,133,ES1 0 bat,0.0
NT,2025,21,134,ES1 0 bat,0.0
NT,2025,21,135,ES1 0 bat,0.0
NT,2025,21,136,ES1 0 bat,0.0
NT,2025,21,137,ES1 0 bat,0.0
NT,2025,21,138,ES1 0 bat,0.0
NT,2025,21,139,ES1 0 bat,0.0
NT,2025,21,140,ES1 0 bat,0.0
NT,2025,21,141,ES1 0 bat,0.0
NT,2025,21,142,ES1 0 bat,0.0
NT,2025,21,143,ES1 0 bat,0.0
NT,2025,21,144,ES1 0 bat,0.0
NT,2025,21,145,ES1 0 bat,0.0
NT,2025,21,146,ES1 0 bat,0.0
NT,2025,21,147,ES1 0 bat,0.0
NT,2025,21,148,ES1 0 bat,0.0
NT,2025,21,149,ES1 0 bat,0.0
NT,2025,21,150,ES1 0 bat,0.0
NT,2025,21,151,ES1 0 bat,0.0
NT,2025,21,152,ES1 0 bat,0.0
NT,2025,21,153,ES1 0 bat,0.0
NT,2025,21,154,ES1 0 bat,0.0
NT,2025,21,155,ES1 0 bat,0.0
NT,2025,21,156,ES1 0 bat,0.0
NT,2025,21,157,ES1 0 bat,0.0
NT,2025,21,158,ES1 0 bat,0.0
NT,2025,21,159,ES1 0 bat,0.0
NT,2025,21,160,ES1 0 bat,0.0
NT,2025,21,161,ES1 0 bat,0.0
NT,2025,21,162,ES1 0 bat,0.0
NT,2025,21,163,ES1 0 bat,0.0
NT,2025,21,164,ES1 0 bat,0.0
NT,2025,21,165,ES1 0 bat,0.0
NT,2025,21,166,ES1 0 bat,0.0
NT,2025,21,167,ES1 0 bat,0.0
NT,2025,42,0,ES1 0 bat,0.0
NT,2025,42,1,ES1 0 bat,0.0
NT,2025,42,2,ES1 0 bat,0.0
NT,2025,42,3,ES1 0 bat,0.0
NT,2025,42,4,ES1 0 bat,0.0
NT,2025,42,5,ES1 0 bat,0.0
NT,2025,42,6,ES1 0 bat,0.0
NT,2025,42,7,ES1 0 bat,0.0
NT,2025,42,8,ES1 0 bat,0.0
NT,2025,42,9,ES1 0 bat,0.0
NT,2025,42,10,ES1 0 bat,0.0
NT,2025,42,11,ES1 0 bat,0.0
NT,2025,42,12,ES1 0 bat,0.0
NT,2025,42,13,ES1 0 bat,0.0
NT,2025,42,14,ES1 0 bat,0.0
NT,2025,42,15,ES1 0 bat,0.0
NT,2025,42,16,ES1 0 bat,0.0
NT,2025,42,17,ES1 0 bat,0.0
NT,2025,42,18,ES1 0 bat,0.0
NT,2025,42,19,ES1 0 bat,0.0
NT,2025,42,20,ES1 0 bat,0.0
NT,2025,42,21,ES1 0 bat,0.0
NT,2025,42,22,ES1 0 bat,0.0
NT,2025,42,23,ES1 0 bat,0.0
NT,2025,42,24,ES1 0 bat,0.0
NT,2025,42,25,ES1 0 bat,0.0
NT,2025,42,26,ES1 0 bat,0.0
NT,2025,42,27,ES1 0 bat,0.0
NT,2025,42,28,ES1 0 bat,0.0
NT,2025,42,29,ES1 0 bat,0.0
NT,2025,42,30,ES1 0 bat,0.0
NT,2025,42,31,ES1 0 bat,0.0
NT,2025,42,32,ES1 0 bat,0.0
NT,2025,42,33,ES1 0 bat,0.0
NT,2025,42,34,ES1 0 bat,0.0
NT,2025,42,35,ES1 0 bat,0.0
NT,2025,42,36,ES1 0 bat,0.0
NT,2025,42,37,ES1 0 bat,0.0
NT,2025,42,38,ES1 0 bat,0.0
NT,2025,42,39,ES1 0 bat,0.0
NT,2025,42,40,ES1 0 bat,0.0
NT,2025,42,41,ES1 0 bat,0.0
NT,2025,42,42,ES1 0 bat,0.0
NT,2025,42,43,ES1 0 bat,0.0
NT,2025,42,44,ES1 0 bat,0.0
NT,2025,42,45,ES1 0 bat,0.0
NT,2025,42,46,ES1 0 bat,0.0
NT,2025,42,47,ES1 0 bat,0.0
NT,2025,42,48,ES1 0 bat,0.0
NT,2025,42,49,ES1 0 bat,0.0
NT,2025,42,50,ES1 0 bat,0.0
NT,2025,42,51,ES1 0 bat,0.0
NT,2025,42,52,ES1 0 bat,0.0
NT,2025,42,53,ES1 0 bat,0.0
NT,2025,42,54,ES1 0 bat,0.0
NT,2025,42,55,ES1 0 bat,0.0
NT,2025,42,56,ES1 0 bat,0.0
NT,2025,42,57,ES1 0 bat,0.0
NT,2025,42,58,ES1 0 bat,0.0
NT,2025,42,59,ES1 0 bat,0.0
NT,2025,42,60,ES1 0 bat,0.0
NT,2025,42,61,ES1 0 bat,0.0
NT,2025,42,62,ES1 0 bat,0.0
NT,2025,42,63,ES1 0 bat,0.0
NT,2025,42,64,ES1 0 bat,0.0
NT,2025,42,65,ES1 0 bat,0.0
NT,2025,42,66,ES1 0 bat,0.0
NT,2025,42,67,ES1 0 bat,0.0
NT,2025,42,68,ES1 0 bat,0.0
NT,2025,42,69,ES1 0 bat,0.0
NT,2025,42,70,ES1 0 bat,0.0
NT,2025,42,71,ES1 0 bat,0.0
NT,2025,42,72,ES1 0 bat,0.0
NT,2025,42,73,ES1 0 bat,0.0
NT,2025,42,74,ES1 0 bat,0.0
NT,2025,42,75,ES1 0 bat,0.0
NT,2025,42,76,ES1 0 bat,0.0
NT,2025,42,77,ES1 0 bat,0.0
NT,2025,42,78,ES1 0 bat,0.0
NT,2025,42,79,ES1 0 bat,0.0
NT,2025,42,80,ES1 0 bat,0.0
NT,2025,42,81,ES1 0 bat,0.0
NT,2025,42,82,ES1 0 bat,0.0
NT,2025,42,83,ES1 0 bat,0.0
NT,2025,42,84,ES1 0 bat,0.0
NT,2025,42,85,ES1 0 bat,0.0
NT,2025,42,86,ES1 0 bat,0.0
NT,2025,42,87,ES1 0 bat,0.0
NT,2025,42,88,ES1 0 bat,0.0
NT,2025,42,89,ES1 0 bat,0.0
NT,2025,42,90,ES1 0 bat,0.0
NT,2025,42,91,ES1 0 bat,0.0
NT,2025,42,92,ES1 0 bat,0.0
NT,2025,42,93,ES1 0 bat,0.0
NT,2025,42,94,ES1 0 bat,0.0
NT,2025,42,95,ES1 0 bat,0.0
NT,2025,42,96,ES1 0 bat,0.0
NT,2025,42,97,ES1 0 bat,0.0
NT,2025,42,98,ES1 0 bat,0.0
NT,2025,42,99,ES1 0 bat,0.0
NT,2025,42,100,ES1 0 bat,0.0
NT,2025,42,101,ES1 0 bat,0.0
NT,2025,42,102,ES1 0 bat,0.0
NT,2025,42,103,ES1 0 bat,0.0
NT,2025,42,104,ES1 0 bat,0.0
NT,2025,42,105,ES1 0 bat,0.0
NT,2025,42,106,ES1 0 bat,0.0
NT,2025,42,107,ES1 0 bat,0.0
NT,2025,42,108,ES1 0 bat,0.0
NT,2025,42,109,ES1 0 bat,0.0
NT,2025,42,110,ES1 0 bat,0.0
NT,2025,42,111,ES1 0 bat,0.0
NT,2025,42,112,ES1 0 bat,0.0
NT,2025,42,113,ES1 0 bat,0.0
NT,2025,42,114,ES1 0 bat,0.0
NT,2025,42,115,ES1 0 bat,0.0
NT,2025,42,116,ES1 0 bat,0.0
NT,2025,42,117,ES1 0 bat,0.0
NT,2025,42,118,ES1 0 bat,0.0
NT,2025,42,119,ES1 0 bat,0.0
NT,2025,42,120,ES1 0 bat,0.0
NT,2025,42,121,ES1 0 bat,0.0
NT,2025,42,122,ES1 0 bat,0.0
NT,2025,42,123,ES1 0 bat,0.0
NT,2025,42,124,ES1 0 bat,0.0
NT,2025,42,125,ES1 0 bat,0.0
NT,2025,42,126,ES1 0 bat,0.0
NT,2025,42,127,ES1 0 bat,0.0
NT,2025,42,128,ES1 0 bat,0.0
NT,2025,42,129,ES1 0 bat,0.0
NT,2025,42,130,ES1 0 bat,0.0
NT,2025,42,131,ES1 0 bat,0.0
NT,2025,42,132,ES1 0 bat,0.0
NT,2025,42,133,ES1 0 bat,0.0
NT,2025,42,134,ES1 0 bat,0.0
NT,2025,42,135,ES1 0 bat,0.0
NT,2025,42,136,ES1 0 bat,0.0
NT,2025,42,137,ES1 0 bat,0.0
NT,2025,42,138,ES1 0 bat,0.0
NT,2025,42,139,ES1 0 bat,0.0
NT,2025,42,140,ES1 0 bat,0.0
NT,2025,42,141,ES1 0 bat,0.0
NT,2025,42,142,ES1 0 bat,0.0
NT,2025,42,143,ES1 0 bat,0.0
NT,2025,42,144,ES1 0 bat,0.0
NT,2025,42,145,ES1 0 bat,0.0
NT,2025,42,146,ES1 0 bat,0.0
NT,2025,42,147,ES1 0 bat,0.0
NT,2025,42,148,ES1 0 bat,0.0
NT,2025,42,149,ES1 0 bat,0.0
NT,2025,42,150,ES1 0 bat,0.0
NT,2025,42,151,ES1 0 bat,0.0
NT,2025,42,152,ES1 0 bat,0.0
NT,2025,42,153,ES1 0 bat,0.0
NT,2025,42,154,ES1 0 bat,0.0
NT,2025,42,155,ES1 0 bat,0.0
NT,2025,42,156,ES1 0 bat,0.0
NT,2025,42,157,ES1 0 bat,0.0
NT,2025,42,158,ES1 0 bat,0.0
NT,2025,42,159,ES1 0 bat,0.0
NT,2025,42,160,ES1 0 bat,0.0
NT,2025,42,161,ES1 0 bat,0.0
NT,2025,42,162,ES1 0 bat,0.0
NT,2025,42,163,ES1 0 bat,0.0
NT,2025,42,164,ES1 0 bat,0.0
NT,2025,42,165,ES1 0 bat,0.0
NT,2025,42,166,ES1 0 bat,0.0
NT,2025,42,167,ES1 0 bat,0.0
NT,2030,21,0,ES1 0 bat,0.0
NT,2030,21,1,ES1 0 bat,0.0
NT,2030,21,2,ES1 0 bat,0.0
NT,2030,21,3,ES1 0 bat,0.0
NT,2030,21,4,ES1 0 bat,0.0
NT,2030,21,5,ES1 0 bat,0.0
NT,2030,21,6,ES1 0 bat,0.0
NT,2030,21,7,ES1 0 bat,0.0
NT,2030,21,8,ES1 0 bat,0.0
NT,2030,21,9,ES1 0 bat,0.0
NT,2030,21,10,ES1 0 bat,0.0
NT,2030,21,11,ES1 0 bat,0.0
NT,2030,21,12,ES1 0 bat,0.0
NT,2030,21,13,ES1 0 bat,0.0
NT,2030,21,14,ES1 0 bat,0.0
NT,2030,21,15,ES1 0 bat,0.0
NT,2030,21,16,ES1 0 bat,0.0
NT,2030,21,17,ES1 0 bat,0.0
NT,2030,21,18,ES1 0 bat,0.0
NT,2030,21,19,ES1 0 bat,0.0
NT,2030,21,20,ES1 0 bat,0.0
NT,2030,21,21,ES1 0 bat,0.0
NT,2030,21,22,ES1 0 bat,0.0
NT,2030,21,23,ES1 0 bat,0.0
NT,2030,21,24,ES1 0 bat,0.0
NT,2030,21,25,ES1 0 bat,0.0
NT,2030,21,26,ES1 0 bat,0.0
NT,2030,21,27,ES1 0 bat,0.0
NT,2030,21,28,ES1 0 bat,0.0
NT,2030,21,29,ES1 0 bat,0.0
NT,2030,21,30,ES1 0 bat,0.0
NT,2030,21,31,ES1 0 bat,0.0
NT,2030,21,32,ES1 0 bat,0.0
NT,2030,21,33,ES1 0 bat,0.0
NT,2030,21,34,ES1 0 bat,0.0
NT,2030,21,35,ES1 0 bat,0.0
NT,2030,21,36,ES1 0 bat,0.0
NT,2030,21,37,ES1 0 bat,0.0
NT,2030,21,38,ES1 0 bat,0.0
NT,2030,21,39,ES1 0 bat,0.0
NT,2030,21,40,ES1 0 bat,0.0
NT,2030,21,41,ES1 0 bat,0.0
NT,2030,21,42,ES1 0 bat,0.0
NT,2030,21,43,ES1 0 bat,0.0
NT,2030,21,44,ES1 0 bat,0.0
NT,2030,21,45,ES1 0 bat,0.0
NT,2030,21,46,ES1 0 bat,0.0
NT,2030,21,47,ES1 0 bat,0.0
NT,2030,21,48,ES1 0 bat,0.0
NT,2030,21,49,ES1 0 bat,0.0
NT,2030,21,50,ES1 0 bat,0.0
NT,2030,21,51,ES1 0 bat,0.0
NT,2030,21,52,ES1 0 bat,0.0
NT,2030,21,53,ES1 0 bat,0.0
NT,2030,21,54,ES1 0 bat,0.0
NT,2030,21,55,ES1 0 bat,0.0
NT,2030,21,56,ES1 0 bat,0.0
NT,2030,21,57,ES1 0 bat,0.0
NT,2030,21,58,ES1 0 bat,0.0
NT,2030,21,59,ES1 0 bat,0.0
NT,2030,21,60,ES1 0 bat,0.0
NT,2030,21,61,ES1 0 bat,0.0
NT,2030,21,62,ES1 0 bat,0.0
NT,2030,21,63,ES1 0 bat,0.0
NT,2030,21,64,ES1 0 bat,0.0
NT,2030,21,65,ES1 0 bat,0.0
NT,2030,21,66,ES1 0 bat,0.0
NT,2030,21,67,ES1 0 bat,0.0
NT,2030,21,68,ES1 0 bat,0.0
NT,2030,21,69,ES1 0 bat,0.0
NT,2030,21,70,ES1 0 bat,0.0
NT,2030,21,71,ES1 0 bat,0.0
NT,2030,21,72,ES1 0 bat,0.0
NT,2030,21,73,ES1 0 bat,0.0
NT,2030,21,74,ES1 0 bat,0.0
NT,2030,21,75,ES1 0 bat,0.0
NT,2030,21,76,ES1 0 bat,0.0
NT,2030,21,77,ES1 0 bat,0.0
NT,2030,21,78,ES1 0 bat,0.0
NT,2030,21,79,ES1 0 bat,0.0
NT,2030,21,80,ES1 0 bat,0.0
NT,2030,21,81,ES1 0 bat,0.0
NT,2030,21,82,ES1 0 bat,0.0
NT,2030,21,83,ES1 0 bat,0.0
NT,2030,21,84,ES1 0 bat,0.0
NT,2030,21,85,ES1 0 bat,0.0
NT,2030,21,86,ES1 0 bat,0.0
NT,2030,21,87,ES1 0 bat,0.0
NT,2030,21,88,ES1 0 bat,0.0
NT,2030,21,89,ES1 0 bat,0.0
NT,2030,21,90,ES1 0 bat,0.0
NT,2030,21,91,ES1 0 bat,0.0
NT,2030,21,92,ES1 0 bat,0.0
NT,2030,21,93,ES1 0 bat,0.0
NT,2030,21,94,ES1 0 bat,0.0
NT,2030,21,95,ES1 0 bat,0.0
NT,2030,21,96,ES1 0 bat,0.0
NT,2030,21,97,ES1 0 bat,0.0
NT,2030,21,98,ES1 0 bat,0.0
NT,2030,21,99,ES1 0 bat,0.0
NT,2030,21,100,ES1 0 bat,0.0
NT,2030,21,101,ES1 0 bat,0.0
NT,2030,21,102,ES1 0 bat,0.0
NT,2030,21,103,ES1 0 bat,0.0
NT,2030,21,104,ES1 0 bat,0.0
NT,2030,21,105,ES1 0 bat,0.0
NT,2030,21,106,ES1 0 bat,0.0
NT,2030,21,107,ES1 0 bat,0.0
NT,2030,21,108,ES1 0 bat,0.0
NT,2030,21,109,ES1 0 bat,0.0
NT,2030,21,110,ES1 0 bat,0.0
NT,2030,21,111,ES1 0 bat,0.0
NT,2030,21,112,ES1 0 bat,0.0
NT,2030,21,113,ES1 0 bat,0.0
NT,2030,21,114,ES1 0 bat,0.0
NT,2030,21,115,ES1 0 bat,0.0
NT,2030,21,116,ES1 0 bat,0.0
NT,2030,21,117,ES1 0 bat,0.0
NT,2030,21,118,ES1 0 bat,0.0
NT,2030,21,119,ES1 0 bat,0.0
NT,2030,21,120,ES1 0 bat,0.0
NT,2030,21,121,ES1 0 bat,0.0
NT,2030,21,122,ES1 0 bat,0.0
NT,2030,21,123,ES1 0 bat,0.0
NT,2030,21,124,ES1 0 bat,0.0
NT,2030,21,125,ES1 0 bat,0.0
NT,2030,21,126,ES1 0 bat,0.0
NT,2030,21,127,ES1 0 bat,0.0
NT,2030,21,128,ES1 0 bat,0.0
NT,2030,21,129,ES1 0 bat,0.0
NT,2030,21,130,ES1 0 bat,0.0
NT,2030,21,131,ES1 0 bat,0.0
NT,2030,21,132,ES1 0 bat,0.0
NT,2030,21,133,ES1 0 bat,0.0
NT,2030,21,134,ES1 0 bat,0.0
NT,2030,21,135,ES1 0 bat,0.0
NT,2030,21,136,ES1 0 bat,0.0
NT,2030,21,137,ES1 0 bat,0.0
NT,2030,21,138,ES1 0 bat,0.0
NT,2030,21,139,ES1 0 bat,0.0
NT,2030,21,140,ES1 0 bat,0.0
NT,2030,21,141,ES1 0 bat,0.0
NT,2030,21,142,ES1 0 bat,0.0
NT,2030,21,143,ES1 0 bat,0.0
NT,2030,21,144,ES1 0 bat,0.0
NT,2030,21,145,ES1 0 bat,0.0
NT,2030,21,146,ES1 0 bat,0.0
NT,2030,21,147,ES1 0 bat,0.0
NT,2030,21,148,ES1 0 bat,0.0
NT,2030,21,149,ES1 0 bat,0.0
NT,2030,21,150,ES1 0 bat,0.0
NT,2030,21,151,ES1 0 bat,0.0
NT,2030,21,152,ES1 0 bat,0.0
NT,2030,21,153,ES1 0 bat,0.0
NT,2030,21,154,ES1 0 bat,0.0
NT,2030,21,155,ES1 0 bat,0.0
NT,2030,21,156,ES1 0 bat,0.0
NT,2030,21,157,ES1 0 bat,0.0
NT,2030,21,158,ES1 0 bat,0.0
NT,2030,21,159,ES1 0 bat,0.0
NT,2030,21,160,ES1 0 bat,0.0
NT,2030,21,161,ES1 0 bat,0.0
NT,2030,21,162,ES1 0 bat,0.0
NT,2030,21,163,ES1 0 bat,0.0
NT,2030,21,164,ES1 0 bat,0.0
NT,2030,21,165,ES1 0 bat,0.0
NT,2030,21,166,ES1 0 bat,0.0
NT,2030,21,167,ES1 0 bat,0.0
NT,2030,42,0,ES1 0 bat,0.0
NT,2030,42,1,ES1 0 bat,0.0
NT,2030,42,2,ES1 0 bat,0.0
NT,2030,42,3,ES1 0 bat,0.0
NT,2030,42,4,ES1 0 bat,0.0
NT,2030,42,5,ES1 0 bat,0.0
NT,2030,42,6,ES1 0 bat,0.0
NT,2030,42,7,ES1 0 bat,0.0
NT,2030,42,8,ES1 0 bat,0.0
NT,2030,42,9,ES1 0 bat,0.0
NT,2030,42,10,ES1 0 bat,0.0
NT,2030,42,11,ES1 0 bat,0.0
NT,2030,42,12,ES1 0 bat,0.0
NT,2030,42,13,ES1 0 bat,0.0
NT,2030,42,14,ES1 0 bat,0.0
NT,2030,42,15,ES1 0 bat,0.0
NT,2030,42,16,ES1 0 bat,0.0
NT,2030,42,17,ES1 0 bat,0.0
NT,2030,42,18,ES1 0 bat,0.0
NT,2030,42,19,ES1 0 bat,0.0
NT,2030,42,20,ES1 0 bat,0.0
NT,2030,42,21,ES1 0 bat,0.0
NT,2030,42,22,ES1 0 bat,0.0
NT,2030,42,23,ES1 0 bat,0.0
NT,2030,42,24,ES1 0 bat,0.0
NT,2030,42,25,ES1 0 bat,0.0
NT,2030,42,26,ES1 0 bat,0.0
NT,2030,42,27,ES1 0 bat,0.0
NT,2030,42,28,ES1 0 bat,0.0
NT,2030,42,29,ES1 0 bat,0.0
NT,2030,42,30,ES1 0 bat,0.0
NT,2030,42,31,ES1 0 bat,0.0
NT,2030,42,32,ES1 0 bat,0.0
NT,2030,42,33,ES1 0 bat,0.0
NT,2030,42,34,ES1 0 bat,0.0
NT,2030,42,35,ES1 0 bat,0.0
NT,2030,42,36,ES1 0 bat,0.0
NT,2030,42,37,ES1 0 bat,0.0
NT,2030,42,38,ES1 0 bat,0.0
NT,2030,42,39,ES1 0 bat,0.0
NT,2030,42,40,ES1 0 bat,0.0
NT,2030,42,41,ES1 0 bat,0.0
NT,2030,42,42,ES1 0 bat,0.0
NT,2030,42,43,ES1 0 bat,0.0
NT,2030,42,44,ES1 0 bat,0.0
NT,2030,42,45,ES1 0 bat,0.0
NT,2030,42,46,ES1 0 bat,0.0
NT,2030,42,47,ES1 0 bat,0.0
NT,2030,42,48,ES1 0 bat,0.0
NT,2030,42,49,ES1 0 bat,0.0
NT,2030,42,50,ES1 0 bat,0.0
NT,2030,42,51,ES1 0 bat,0.0
NT,2030,42,52,ES1 0 bat,0.0
NT,2030,42,53,ES1 0 bat,0.0
NT,2030,42,54,ES1 0 bat,0.0
NT,2030,42,55,ES1 0 bat,0.0
NT,2030,42,56,ES1 0 bat,0.0
NT,2030,42,57,ES1 0 bat,0.0
NT,2030,42,58,ES1 0 bat,0.0
NT,2030,42,59,ES1 0 bat,0.0
NT,2030,42,60,ES1 0 bat,0.0
NT,2030,42,61,ES1 0 bat,0.0
NT,2030,42,62,ES1 0 bat,0.0
NT,2030,42,63,ES1 0 bat,0.0
NT,2030,42,64,ES1 0 bat,0.0
NT,2030,42,65,ES1 0 bat,0.0
NT,2030,42,66,ES1 0 bat,0.0
NT,2030,42,67,ES1 0 bat,0.0
NT,2030,42,68,ES1 0 bat,0.0
NT,2030,42,69,ES1 0 bat,0.0
NT,2030,42,70,ES1 0 bat,0.0
NT,2030,42,71,ES1 0 bat,0.0
NT,2030,42,72,ES1 0 bat,0.0
NT,2030,42,73,ES1 0 bat,0.0
NT,2030,42,74,ES1 0 bat,0.0
NT,2030,42,75,ES1 0 bat,0.0
NT,2030,42,76,ES1 0 bat,0.0
NT,2030,42,77,ES1 0 bat,0.0
NT,2030,42,78,ES1 0 bat,0.0
NT,2030,42,79,ES1 0 bat,0.0
NT,2030,42,80,ES1 0 bat,0.0
NT,2030,42,81,ES1 0 bat,0.0
NT,2030,42,82,ES1 0 bat,0.0
NT,2030,42,83,ES1 0 bat,0.0
NT,2030,42,84,ES1 0 bat,0.0
NT,2030,42,85,ES1 0 bat,0.0
NT,2030,42,86,ES1 0 bat,0.0
NT,2030,42,87,ES1 0 bat,0.0
NT,2030,42,88,ES1 0 bat,0.0
NT,2030,42,89,ES1 0 bat,0.0
NT,2030,42,90,ES1 0 bat,0.0
NT,2030,42,91,ES1 0 bat,0.0
NT,2030,42,92,ES1 0 bat,0.0
NT,2030,42,93,ES1 0 bat,0.0
NT,2030,42,94,ES1 0 bat,0.0
NT,2030,42,95,ES1 0 bat,0.0
NT,2030,42,96,ES1 0 bat,0.0
NT,2030,42,97,ES1 0 bat,0.0
NT,2030,42,98,ES1 0 bat,0.0
NT,2030,42,99,ES1 0 bat,0.0
NT,2030,42,100,ES1 0 bat,0.0
NT,2030,42,101,ES1 0 bat,0.0
NT,2030,42,102,ES1 0 bat,0.0
NT,2030,42,103,ES1 0 bat,0.0
NT,2030,42,104,ES1 0 bat,0.0
NT,2030,42,105,ES1 0 bat,0.0
NT,2030,42,106,ES1 0 bat,0.0
NT,2030,42,107,ES1 0 bat,0.0
NT,2030,42,108,ES1 0 bat,0.0
NT,2030,42,109,ES1 0 bat,0.0
NT,2030,42,110,ES1 0 bat,0.0
NT,2030,42,111,ES1 0 bat,0.0
NT,2030,42,112,ES1 0 bat,0.0
NT,2030,42,113,ES1 0 bat,0.0
NT,2030,42,114,ES1 0 bat,0.0
NT,2030,42,115,ES1 0 bat,0.0
NT,2030,42,116,ES1 0 bat,0.0
NT,2030,42,117,ES1 0 bat,0.0
NT,2030,42,118,ES1 0 bat,0.0
NT,2030,42,119,ES1 0 bat,0.0
NT,2030,42,120,ES1 0 bat,0.0
NT,2030,42,121,ES1 0 bat,0.0
NT,2030,42,122,ES1 0 bat,0.0
NT,2030,42,123,ES1 0 bat,0.0
NT,2030,42,124,ES1 0 bat,0.0
NT,2030,42,125,ES1 0 bat,0.0
NT,2030,42,126,ES1 0 bat,0.0
NT,2030,42,127,ES1 0 bat,0.0
NT,2030,42,128,ES1 0 bat,0.0
NT,2030,42,129,ES1 0 bat,0.0
NT,2030,42,130,ES1 0 bat,0.0
NT,2030,42,131,ES1 0 bat,0.0
NT,2030,42,132,ES1 0 bat,0.0
NT,2030,42,133,ES1 0 bat,0.0
NT,2030,42,134,ES1 0 bat,0.0
NT,2030,42,135,ES1 0 bat,0.0
NT,2030,42,136,ES1 0 bat,0.0
NT,2030,42,137,ES1 0 bat,0.0
NT,2030,42,138,ES1 0 bat,0.0
NT,2030,42,139,ES1 0 bat,0.0
NT,2030,42,140,ES1 0 bat,0.0
NT,2030,42,141,ES1 0 bat,0.0
NT,2030,42,142,ES1 0 bat,0.0
NT,2030,42,143,ES1 0 bat,0.0
NT,2030,42,144,ES1 0 bat,0.0
NT,2030,42,145,ES1 0 bat,0.0
NT,2030,42,146,ES1 0 bat,0.0
NT,2030,42,147,ES1 0 bat,0.0
NT,2030,42,148,ES1 0 bat,0.0
NT,2030,42,149,ES1 0 bat,0.0
NT,2030,42,150,ES1 0 bat,0.0
NT,2030,42,151,ES1 0 bat,0.0
NT,2030,42,152,ES1 0 bat,0.0
NT,2030,42,153,ES1 0 bat,0.0
NT,2030,42,154,ES1 0 bat,0.0
NT,2030,42,155,ES1 0 bat,0.0
NT,2030,42,156,ES1 0 bat,0.0
NT,2030,42,157,ES1 0 bat,0.0
NT,2030,42,158,ES1 0 bat,0.0
NT,2030,42,159,ES1 0 bat,0.0
NT,2030,42,160,ES1 0 bat,0.0
NT,2030,42,161,ES1 0 bat,0.0
NT,2030,42,162,ES1 0 bat,0.0
NT,2030,42,163,ES1 0 bat,0.0
NT,2030,42,164,ES1 0 bat,0.0
NT,2030,42,165,ES1 0 bat,0.0
NT,2030,42,166,ES1 0 bat,0.0
NT,2030,42,167,ES1 0 bat,0.0
NT,2040,21,0,ES1 0 bat,0.0
NT,2040,21,1,ES1 0 bat,0.0
NT,2040,21,2,ES1 0 bat,0.0
NT,2040,21,3,ES1 0 bat,0.0
NT,2040,21,4,ES1 0 bat,0.0
NT,2040,21,5,ES1 0 bat,0.0
NT,2040,21,6,ES1 0 bat,0.0
NT,2040,21,7,ES1 0 bat,0.0
NT,2040,21,8,ES1 0 bat,0.0
NT,2040,21,9,ES1 0 bat,0.0
NT,2040,21,10,ES1 0 bat,0.0
NT,2040,21,11,ES1 0 bat,0.0
NT,2040,21,12,ES1 0 bat,0.0
NT,2040,21,13,ES1 0 bat,0.0
NT,2040,21,14,ES1 0 bat,1311.7329729294652
NT,2040,21,15,ES1 0 bat,0.0
NT,2040,21,16,ES1 0 bat,0.0
NT,2040,21,17,ES1 0 bat,0.0
NT,2040,21,18,ES1 0 bat,0.0
NT,2040,21,19,ES1 0 bat,0.0
NT,2040,21,20,ES1 0 bat,0.0
NT,2040,21,21,ES1 0 bat,0.0
NT,2040,21,22,ES1 0 bat,0.0
NT,2040,21,23,ES1 0 bat,0.0
NT,2040,21,24,ES1 0 bat,0.0
NT,2040,21,25,ES1 0 bat,0.0
NT,2040,21,26,ES1 0 bat,0.0
NT,2040,21,27,ES1 0 bat,0.0
NT,2040,21,28,ES1 0 bat,0.0
NT,2040,21,29,ES1 0 bat,0.0
NT,2040,21,30,ES1 0 bat,0.0
NT,2040,21,31,ES1 0 bat,0.0
NT,2040,21,32,ES1 0 bat,0.0
NT,2040,21,33,ES1 0 bat,0.0
NT,2040,21,34,ES1 0 bat,0.0
NT,2040,21,35,ES1 0 bat,0.0
NT,2040,21,36,ES1 0 bat,0.0
NT,2040,21,37,ES1 0 bat,988.9865952327976
NT,2040,21,38,ES1 0 bat,0.0
NT,2040,21,39,ES1 0 bat,0.0
NT,2040,21,40,ES1 0 bat,1563.2368763357122
NT,2040,21,41,ES1 0 bat,0.0
NT,2040,21,42,ES1 0 bat,0.0
NT,2040,21,43,ES1 0 bat,0.0
NT,2040,21,44,ES1 0 bat,0.0
NT,2040,21,45,ES1 0 bat,0.0
NT,2040,21,46,ES1 0 bat,0.0
NT,2040,21,47,ES1 0 bat,0.0
NT,2040,21,48,ES1 0 bat,0.0
NT,2040,21,49,ES1 0 bat,0.0
NT,2040,21,50,ES1 0 bat,0.0
NT,2040,21,51,ES1 0 bat,0.0
NT,2040,21,52,ES1 0 bat,0.0
NT,2040,21,53,ES1 0 bat,0.0
NT,2040,21,54,ES1 0 bat,0.0
NT,2040,21,55,ES1 0 bat,0.0
NT,2040,21,56,ES1 0 bat,0.0
NT,2040,21,57,ES1 0 bat,0.0
NT,2040,21,58,ES1 0 bat,0.0
NT,2040,21,59,ES1 0 bat,0.0
NT,2040,21,60,ES1 0 bat,0.0
NT,2040,21,61,ES1 0 bat,988.9865952327976
NT,2040,21,62,ES1 0 bat,1563.2368763357122
NT,2040,21,63,ES1 0 bat,0.0
NT,2040,21,64,ES1 0 bat,0.0
NT,2040,21,65,ES1 0 bat,0.0
NT,2040,21,66,ES1 0 bat,0.0
NT,2040,21,67,ES1 0 bat,0.0
NT,2040,21,68,ES1 0 bat,0.0
NT,2040,21,69,ES1 0 bat,0.0
NT,2040,21,70,ES1 0 bat,0.0
NT,2040,21,71,ES1 0 bat,0.0
NT,2040,21,72,ES1 0 bat,0.0
NT,2040,21,73,ES1 0 bat,0.0
NT,2040,21,74,ES1 0 bat,0.0
NT,2040,21,75,ES1 0 bat,0.0
NT,2040,21,76,ES1 0 bat,0.0
NT,2040,21,77,ES1 0 bat,0.0
NT,2040,21,78,ES1 0 bat,0.0
NT,2040,21,79,ES1 0 bat,0.0
NT,2040,21,80,ES1 0 bat,0.0
NT,2040,21,81,ES1 0 bat,0.0
NT,2040,21,82,ES1 0 bat,988.9865952327976
NT,2040,21,83,ES1 0 bat,0.0
NT,2040,21,84,ES1 0 bat,0.0
NT,2040,21,85,ES1 0 bat,0.0
NT,2040,21,86,ES1 0 bat,1563.2368763357122
NT,2040,21,87,ES1 0 bat,0.0
NT,2040,21,88,ES1 0 bat,0.0
NT,2040,21,89,ES1 0 bat,0.0
NT,2040,21,90,ES1 0 bat,0.0
NT,2040,21,91,ES1 0 bat,0.0
NT,2040,21,92,ES1 0 bat,0.0
NT,2040,21,93,ES1 0 bat,0.0
NT,2040,21,94,ES1 0 bat,0.0
NT,2040,21,95,ES1 0 bat,0.0
NT,2040,21,96,ES1 0 bat,0.0
NT,2040,21,97,ES1 0 bat,0.0
NT,2040,21,98,ES1 0 bat,0.0
NT,2040,21,99,ES1 0 bat,0.0
NT,2040,21,100,ES1 0 bat,0.0
NT,2040,21,101,ES1 0 bat,0.0
NT,2040,21,102,ES1 0 bat,0.0
NT,2040,21,103,ES1 0 bat,0.0
NT,2040,21,104,ES1 0 bat,0.0
NT,2040,21,105,ES1 0 bat,0.0
NT,2040,21,106,ES1 0 bat,988.9865952327976
NT,2040,21,107,ES1 0 bat,1563.2368763357122
NT,2040,21,108,ES1 0 bat,0.0
NT,2040,21,109,ES1 0 bat,0.0
NT,2040,21,110,ES1 0 bat,0.0
NT,2040,21,111,ES1 0 bat,0.0
NT,2040,21,112,ES1 0 bat,0.0
NT,2040,21,113,ES1 0 bat,0.0
NT,2040,21,114,ES1 0 bat,0.0
NT,2040,21,115,ES1 0 bat,0.0
NT,2040,21,116,ES1 0 bat,0.0
NT,2040,21,117,ES1 0 bat,0.0
NT,2040,21,118,ES1 0 bat,0.0
NT,2040,21,119,ES1 0 bat,0.0
NT,2040,21,120,ES1 0 bat,0.0
NT,2040,21,121,ES1 0 bat,0.0
NT,2040,21,122,ES1 0 bat,0.0
NT,2040,21,123,ES1 0 bat,0.0
NT,2040,21,124,ES1 0 bat,0.0
NT,2040,21,125,ES1 0 bat,0.0
NT,2040,21,126,ES1 0 bat,0.0
NT,2040,21,127,ES1 0 bat,0.0
NT,2040,21,128,ES1 0 bat,0.0
NT,2040,21,129,ES1 0 bat,0.0
NT,2040,21,130,ES1 0 bat,0.0
NT,2040,21,131,ES1 0 bat,0.0
NT,2040,21,132,ES1 0 bat,988.9865952327976
NT,2040,21,133,ES1 0 bat,1563.2368763357122
NT,2040,21,134,ES1 0 bat,0.0
NT,2040,21,135,ES1 0 bat,0.0
NT,2040,21,136,ES1 0 bat,0.0
NT,2040,21,137,ES1 0 bat,0.0
NT,2040,21,138,ES1 0 bat,0.0
NT,2040,21,139,ES1 0 bat,0.0
NT,2040,21,140,ES1 0 bat,0.0
NT,2040,21,141,ES1 0 bat,0.0
NT,2040,21,142,ES1 0 bat,0.0
NT,2040,21,143,ES1 0 bat,0.0
NT,2040,21,144,ES1 0 bat,0.0
NT,2040,21,145,ES1 0 bat,0.0
NT,2040,21,146,ES1 0 bat,0.0
NT,2040,21,147,ES1 0 bat,0.0
NT,2040,21,148,ES1 0 bat,0.0
NT,2040,21,149,ES1 0 bat,0.0
NT,2040,21,150,ES1 0 bat,0.0
NT,2040,21,151,ES1 0 bat,0.0
NT,2040,21,152,ES1 0 bat,0.0
NT,2040,21,153,ES1 0 bat,0.0
NT,2040,21,154,ES1 0 bat,0.0
NT,2040,21,155,ES1 0 bat,1563.2368763357122
NT,2040,21,156,ES1 0 bat,0.0
NT,2040,21,157,ES1 0 bat,0.0
NT,2040,21,158,ES1 0 bat,988.9865952327976
NT,2040,21,159,ES1 0 bat,0.0
NT,2040,21,160,ES1 0 bat,0.0
NT,2040,21,161,ES1 0 bat,0.0
NT,2040,21,162,ES1 0 bat,0.0
NT,2040,21,163,ES1 0 bat,0.0
NT,2040,21,164,ES1 0 bat,0.0
NT,2040,21,165,ES1 0 bat,0.0
NT,2040,21,166,ES1 0 bat,0.0
NT,2040,21,167,ES1 0 bat,0.0
NT,2040,42,0,ES1 0 bat,0.0
NT,2040,42,1,ES1 0 bat,0.0
NT,2040,42,2,ES1 0 bat,0.0
NT,2040,42,3,ES1 0 bat,0.0
NT,2040,42,4,ES1 0 bat,0.0
NT,2040,42,5,ES1 0 bat,0.0
NT,2040,42,6,ES1 0 bat,0.0
NT,2040,42,7,ES1 0 bat,0.0
NT,2040,42,8,ES1 0 bat,0.0
NT,2040,42,9,ES1 0 bat,0.0
NT,2040,42,10,ES1 0 bat,1563.2368763357122
NT,2040,42,11,ES1 0 bat,0.0
NT,2040,42,12,ES1 0 bat,1563.2368763357122
NT,2040,42,13,ES1 0 bat,988.9865952327976
NT,2040,42,14,ES1 0 bat,0.0
NT,2040,42,15,ES1 0 bat,0.0
NT,2040,42,16,ES1 0 bat,0.0
NT,2040,42,17,ES1 0 bat,0.0
NT,2040,42,18,ES1 0 bat,0.0
NT,2040,42,19,ES1 0 bat,0.0
NT,2040,42,20,ES1 0 bat,0.0
NT,2040,42,21,ES1 0 bat,0.0
NT,2040,42,22,ES1 0 bat,0.0
NT,2040,42,23,ES1 0 bat,0.0
NT,2040,42,24,ES1 0 bat,0.0
NT,2040,42,25,ES1 0 bat,0.0
NT,2040,42,26,ES1 0 bat,0.0
NT,2040,42,27,ES1 0 bat,0.0
NT,2040,42,28,ES1 0 bat,0.0
NT,2040,42,29,ES1 0 bat,0.0
NT,2040,42,30,ES1 0 bat,0.0
NT,2040,42,31,ES1 0 bat,0.0
NT,2040,42,32,ES1 0 bat,0.0
NT,2040,42,33,ES1 0 bat,0.0
NT,2040,42,34,ES1 0 bat,0.0
NT,2040,42,35,ES1 0 bat,0.0
NT,2040,42,36,ES1 0 bat,0.0
NT,2040,42,37,ES1 0 bat,1563.2368763357122
NT,2040,42,38,ES1 0 bat,0.0
NT,2040,42,39,ES1 0 bat,988.9865952327976
NT,2040,42,40,ES1 0 bat,0.0
NT,2040,42,41,ES1 0 bat,0.0
NT,2040,42,42,ES1 0 bat,0.0
NT,2040,42,43,ES1 0 bat,0.0
NT,2040,42,44,ES1 0 bat,0.0
NT,2040,42,45,ES1 0 bat,0.0
NT,2040,42,46,ES1 0 bat,0.0
NT,2040,42,47,ES1 0 bat,0.0
NT,2040,42,48,ES1 0 bat,0.0
NT,2040,42,49,ES1 0 bat,0.0
NT,2040,42,50,ES1 0 bat,0.0
NT,2040,42,51,ES1 0 bat,0.0
NT,2040,42,52,ES1 0 bat,0.0
NT,2040,42,53,ES1 0 bat,0.0
NT,2040,42,54,ES1 0 bat,0.0
NT,2040,42,55,ES1 0 bat,0.0
NT,2040,42,56,ES1 0 bat,0.0
NT,2040,42,57,ES1 0 bat,0.0
NT,2040,42,58,ES1 0 bat,0.0
NT,2040,42,59,ES1 0 bat,1563.2368763357122
NT,2040,42,60,ES1 0 bat,988.9865952327976
NT,2040,42,61,ES1 0 bat,0.0
NT,2040,42,62,ES1 0 bat,0.0
NT,2040,42,63,ES1 0 bat,0.0
NT,2040,42,64,ES1 0 bat,0.0
NT,2040,42,65,ES1 0 bat,0.0
NT,2040,42,66,ES1 0 bat,0.0
NT,2040,42,67,ES1 0 bat,0.0
NT,2040,42,68,ES1 0 bat,0.0
NT,2040,42,69,ES1 0 bat,0.0
NT,2040,42,70,ES1 0 bat,0.0
NT,2040,42,71,ES1 0 bat,0.0
NT,2040,42,72,ES1 0 bat,0.0
NT,2040,42,73,ES1 0 bat,0.0
NT,2040,42,74,ES1 0 bat,0.0
NT,2040,42,75,ES1 0 bat,0.0
NT,2040,42,76,ES1 0 bat,0.0
NT,2040,42,77,ES1 0 bat,0.0
NT,2040,42,78,ES1 0 bat,0.0
NT,2040,42,79,ES1 0 bat,0.0
NT,2040,42,80,ES1 0 bat,0.0
NT,2040,42,81,ES1 0 bat,0.0
NT,2040,42,82,ES1 0 bat,1563.2368763357122
NT,2040,42,83,ES1 0 bat,988.9865952327976
NT,2040,42,84,ES1 0 bat,0.0
NT,2040,42,85,ES1 0 bat,0.0
NT,2040,42,86,ES1 0 bat,0.0
NT,2040,42,87,ES1 0 bat,0.0
NT,2040,42,88,ES1 0 bat,0.0
NT,2040,42,89,ES1 0 bat,0.0
NT,2040,42,90,ES1 0 bat,0.0
NT,2040,42,91,ES1 0 bat,0.0
NT,2040,42,92,ES1 0 bat,0.0
NT,2040,42,93,ES1 0 bat,0.0
NT,2040,42,94,ES1 0 bat,0.0
NT,2040,42,95,ES1 0 bat,0.0
NT,2040,42,96,ES1 0 bat,0.0
NT,2040,42,97,ES1 0 bat,0.0
NT,2040,42,98,ES1 0 bat,0.0
NT,2040,42,99,ES1 0 bat,0.0
NT,2040,42,100,ES1 0 bat,0.0
NT,2040,42,101,ES1 0 bat,0.0
NT,2040,42,102,ES1 0 bat,0.0
NT,2040,42,103,ES1 0 bat,0.0
NT,2040,42,104,ES1 0 bat,0.0
NT,2040,42,105,ES1 0 bat,0.0
NT,2040,42,106,ES1 0 bat,0.0
NT,2040,42,107,ES1 0 bat,0.0
NT,2040,42,108,ES1 0 bat,988.9865952327976
NT,2040,42,109,ES1 0 bat,1563.2368763357122
NT,2040,42,110,ES1 0 bat,0.0
NT,2040,42,111,ES1 0 bat,0.0
NT,2040,42,112,ES1 0 bat,0.0
NT,2040,42,113,ES1 0 bat,0.0
NT,2040,42,114,ES1 0 bat,0.0
NT,2040,42,115,ES1 0 bat,0.0
NT,2040,42,116,ES1 0 bat,0.0
NT,2040,42,117,ES1 0 bat,0.0
NT,2040,42,118,ES1 0 bat,0.0
NT,2040,42,119,ES1 0 bat,0.0
NT,2040,42,120,ES1 0 bat,0.0
NT,2040,42,121,ES1 0 bat,81.23700998420395
NT,2040,42,122,ES1 0 bat,0.0
NT,2040,42,123,ES1 0 bat,0.0
NT,2040,42,124,ES1 0 bat,1563.2368763357122
NT,2040,42,125,ES1 0 bat,0.0
NT,2040,42,126,ES1 0 bat,0.0
NT,2040,42,127,ES1 0 bat,0.0
NT,2040,42,128,ES1 0 bat,0.0
NT,2040,42,129,ES1 0 bat,0.0
NT,2040,42,130,ES1 0 bat,0.0
NT,2040,42,131,ES1 0 bat,1563.2368763357122
NT,2040,42,132,ES1 0 bat,27.693414475160353
NT,2040,42,133,ES1 0 bat,0.0
NT,2040,42,134,ES1 0 bat,0.0
NT,2040,42,135,ES1 0 bat,0.0
NT,2040,42,136,ES1 0 bat,961.2931807576374
NT,2040,42,137,ES1 0 bat,0.0
NT,2040,42,138,ES1 0 bat,0.0
NT,2040,42,139,ES1 0 bat,0.0
NT,2040,42,140,ES1 0 bat,0.0
NT,2040,42,141,ES1 0 bat,0.0
NT,2040,42,142,ES1 0 bat,0.0
NT,2040,42,143,ES1 0 bat,0.0
NT,2040,42,144,ES1 0 bat,0.0
NT,2040,42,145,ES1 0 bat,0.0
NT,2040,42,146,ES1 0 bat,0.0
NT,2040,42,147,ES1 0 bat,0.0
NT,2040,42,148,ES1 0 bat,0.0
NT,2040,42,149,ES1 0 bat,0.0
NT,2040,42,150,ES1 0 bat,0.0
NT,2040,42,151,ES1 0 bat,0.0
NT,2040,42,152,ES1 0 bat,0.0
NT,2040,42,153,ES1 0 bat,0.0
NT,2040,42,154,ES1 0 bat,0.0
NT,2040,42,155,ES1 0 bat,0.0
NT,2040,42,156,ES1 0 bat,988.9865952327976
NT,2040,42,157,ES1 0 bat,1563.2368763357122
NT,2040,42,158,ES1 0 bat,0.0
NT,2040,42,159,ES1 0 bat,0.0
NT,2040,42,160,ES1 0 bat,0.0
NT,2040,42,161,ES1 0 bat,0.0
NT,2040,42,162,ES1 0 bat,0.0
NT,2040,42,163,ES1 0 bat,0.0
NT,2040,42,164,ES1 0 bat,0.0
NT,2040,42,165,ES1 0 bat,0.0
NT,2040,42,166,ES1 0 bat,0.0
NT,2040,42,167,ES1 0 bat,0.0
GA,2040,21,0,ES1 0 bat,0.0
GA,2040,21,1,ES1 0 bat,0.0
GA,2040,21,2,ES1 0 bat,0.0
GA,2040,21,3,ES1 0 bat,0.0
GA,2040,21,4,ES1 0 bat,0.0
GA,2040,21,5,ES1 0 bat,0.0
GA,2040,21,6,ES1 0 bat,0.0
GA,2040,21,7,ES1 0 bat,0.0
GA,2040,21,8,ES1 0 bat,0.0
GA,2040,21,9,ES1 0 bat,0.0
GA,2040,21,10,ES1 0 bat,0.0
GA,2040,21,11,ES1 0 bat,0.0
GA,2040,21,12,ES1 0 bat,988.9865952327976
GA,2040,21,13,ES1 0 bat,0.0
GA,2040,21,14,ES1 0 bat,1563.2368763357122
GA,2040,21,15,ES1 0 bat,0.0
GA,2040,21,16,ES1 0 bat,0.0
GA,2040,21,17,ES1 0 bat,0.0
GA,2040,21,18,ES1 0 bat,0.0
GA,2040,21,19,ES1 0 bat,0.0
GA,2040,21,20,ES1 0 bat,0.0
GA,2040,21,21,ES1 0 bat,0.0
GA,2040,21,22,ES1 0 bat,0.0
GA,2040,21,23,ES1 0 bat,0.0
GA,2040,21,24,ES1 0 bat,0.0
GA,2040,21,25,ES1 0 bat,0.0
GA,2040,21,26,ES1 0 bat,0.0
GA,2040,21,27,ES1 0 bat,0.0
GA,2040,21,28,ES1 0 bat,0.0
GA,2040,21,29,ES1 0 bat,0.0
GA,2040,21,30,ES1 0 bat,0.0
GA,2040,21,31,ES1 0 bat,0.0
GA,2040,21,32,ES1 0 bat,0.0
GA,2040,21,33,ES1 0 bat,0.0
GA,2040,21,34,ES1 0 bat,0.0
GA,2040,21,35,ES1 0 bat,1563.2368763357122
GA,2040,21,36,ES1 0 bat,0.0
GA,2040,21,37,ES1 0 bat,988.9865952327976
GA,2040,21,38,ES1 0 bat,0.0
GA,2040,21,39,ES1 0 bat,0.0
GA,2040,21,40,ES1 0 bat,0.0
GA,2040,21,41,ES1 0 bat,0.0
GA,2040,21,42,ES1 0 bat,0.0
GA,2040,21,43,ES1 0 bat,0.0
GA,2040,21,44,ES1 0 bat,0.0
GA,2040,21,45,ES1 0 bat,0.0
GA,2040,21,46,ES1 0 bat,0.0
GA,2040,21,47,ES1 0 bat,0.0
GA,2040,21,48,ES1 0 bat,0.0
GA,2040,21,49,ES1 0 bat,0.0
GA,2040,21,50,ES1 0 bat,0.0
GA,2040,21,51,ES1 0 bat,0.0
GA,2040,21,52,ES1 0 bat,0.0
GA,2040,21,53,ES1 0 bat,0.0
GA,2040,21,54,ES1 0 bat,0.0
GA,2040,21,55,ES1 0 bat,0.0
GA,2040,21,56,ES1 0 bat,0.0
GA,2040,21,57,ES1 0 bat,0.0
GA,2040,21,58,ES1 0 bat,0.0
GA,2040,21,59,ES1 0 bat,0.0
GA,2040,21,60,ES1 0 bat,0.0
GA,2040,21,61,ES1 0 bat,481.0842752304318
GA,2040,21,62,ES1 0 bat,1563.2368763357122
GA,2040,21,63,ES1 0 bat,507.90232000236574
GA,2040,21,64,ES1 0 bat,0.0
GA,2040,21,65,ES1 0 bat,0.0
GA,2040,21,66,ES1 0 bat,0.0
GA,2040,21,67,ES1 0 bat,0.0
GA,2040,21,68,ES1 0 bat,0.0
GA,2040,21,69,ES1 0 bat,0.0
GA,2040,21,70,ES1 0 bat,0.0
GA,2040,21,71,ES1 0 bat,0.0
GA,2040,21,72,ES1 0 bat,0.0
GA,2040,21,73,ES1 0 bat,0.0
GA,2040,21,74,ES1 0 bat,0.0
GA,2040,21,75,ES1 0 bat,0.0
GA,2040,21,76,ES1 0 bat,0.0
GA,2040,21,77,ES1 0 bat,0.0
GA,2040,21,78,ES1 0 bat,0.0
GA,2040,21,79,ES1 0 bat,0.0
GA,2040,21,80,ES1 0 bat,0.0
GA,2040,21,81,ES1 0 bat,988.9865952327976
GA,2040,21,82,ES1 0 bat,0.0
GA,2040,21,83,ES1 0 bat,0.0
GA,2040,21,84,ES1 0 bat,0.0
GA,2040,21,85,ES1 0 bat,0.0
GA,2040,21,86,ES1 0 bat,1563.2368763357122
GA,2040,21,87,ES1 0 bat,0.0
GA,2040,21,88,ES1 0 bat,0.0
GA,2040,21,89,ES1 0 bat,0.0
GA,2040,21,90,ES1 0 bat,0.0
GA,2040,21,91,ES1 0 bat,0.0
GA,2040,21,92,ES1 0 bat,0.0
GA,2040,21,93,ES1 0 bat,0.0
GA,2040,21,94,ES1 0 bat,0.0
GA,2040,21,95,ES1 0 bat,0.0
GA,2040,21,96,ES1 0 bat,0.0
GA,2040,21,97,ES1 0 bat,0.0
GA,2040,21,98,ES1 0 bat,0.0
GA,2040,21,99,ES1 0 bat,0.0
GA,2040,21,100,ES1 0 bat,0.0
GA,2040,21,101,ES1 0 bat,0.0
GA,2040,21,102,ES1 0 bat,0.0
GA,2040,21,103,ES1 0 bat,0.0
GA,2040,21,104,ES1 0 bat,0.0
GA,2040,21,105,ES1 0 bat,0.0
GA,2040,21,106,ES1 0 bat,988.9865952327976
GA,2040,21,107,ES1 0 bat,0.0
GA,2040,21,108,ES1 0 bat,0.0
GA,2040,21,109,ES1 0 bat,0.0
GA,2040,21,110,ES1 0 bat,0.0
GA,2040,21,111,ES1 0 bat,1563.2368763357122
GA,2040,21,112,ES1 0 bat,0.0
GA,2040,21,113,ES1 0 bat,0.0
GA,2040,21,114,ES1 0 bat,0.0
GA,2040,21,115,ES1 0 bat,0.0
GA,2040,21,116,ES1 0 bat,0.0
GA,2040,21,117,ES1 0 bat,0.0
GA,2040,21,118,ES1 0 bat,0.0
GA,2040,21,119,ES1 0 bat,0.0
GA,2040,21,120,ES1 0 bat,0.0
GA,2040,21,121,ES1 0 bat,0.0
GA,2040,21,122,ES1 0 bat,0.0
GA,2040,21,123,ES1 0 bat,0.0
GA,2040,21,124,ES1 0 bat,0.0
GA,2040,21,125,ES1 0 bat,0.0
GA,2040,21,126,ES1 0 bat,0.0
GA,2040,21,127,ES1 0 bat,0.0
GA,2040,21,128,ES1 0 bat,0.0
GA,2040,21,129,ES1 0 bat,0.0
GA,2040,21,130,ES1 0 bat,0.0
GA,2040,21,131,ES1 0 bat,0.0
GA,2040,21,132,ES1 0 bat,988.9865952327976
GA,2040,21,133,ES1 0 bat,0.0
GA,2040,21,134,ES1 0 bat,0.0
GA,2040,21,135,ES1 0 bat,1563.2368763357122
GA,2040,21,136,ES1 0 bat,0.0
GA,2040,21,137,ES1 0 bat,0.0
GA,2040,21,138,ES1 0 bat,0.0
GA,2040,21,139,ES1 0 bat,0.0
GA,2040,21,140,ES1 0 bat,0.0
GA,2040,21,141,ES1 0 bat,0.0
GA,2040,21,142,ES1 0 bat,0.0
GA,2040,21,143,ES1 0 bat,0.0
GA,2040,21,144,ES1 0 bat,0.0
GA,2040,21,145,ES1 0 bat,0.0
GA,2040,21,146,ES1 0 bat,0.0
GA,2040,21,147,ES1 0 bat,0.0
GA,2040,21,148,ES1 0 bat,0.0
GA,2040,21,149,ES1 0 bat,0.0
GA,2040,21,150,ES1 0 bat,0.0
GA,2040,21,151,ES1 0 bat,0.0
GA,2040,21,152,ES1 0 bat,0.0
GA,2040,21,153,ES1 0 bat,0.0
GA,2040,21,154,ES1 0 bat,988.9865952327976
GA,2040,21,155,ES1 0 bat,0.0
GA,2040,21,156,ES1 0 bat,1563.2368763357122
GA,2040,21,157,ES1 0 bat,0.0
GA,2040,21,158,ES1 0 bat,0.0
GA,2040,21,159,ES1 0 bat,0.0
GA,2040,21,160,ES1 0 bat,0.0
GA,2040,21,161,ES1 0 bat,0.0
GA,2040,21,162,ES1 0 bat,0.0
GA,2040,21,163,ES1 0 bat,0.0
GA,2040,21,164,ES1 0 bat,0.0
GA,2040,21,165,ES1 0 bat,0.0
GA,2040,21,166,ES1 0 bat,0.0
GA,2040,21,167,ES1 0 bat,0.0
GA,2040,42,0,ES1 0 bat,0.0
GA,2040,42,1,ES1 0 bat,0.0
GA,2040,42,2,ES1 0 bat,0.0
GA,2040,42,3,ES1 0 bat,0.0
GA,2040,42,4,ES1 0 bat,0.0
GA,2040,42,5,ES1 0 bat,0.0
GA,2040,42,6,ES1 0 bat,0.0
GA,2040,42,7,ES1 0 bat,0.0
GA,2040,42,8,ES1 0 bat,0.0
GA,2040,42,9,ES1 0 bat,0.0
GA,2040,42,10,ES1 0 bat,1563.2368763357122
GA,2040,42,11,ES1 0 bat,0.0
GA,2040,42,12,ES1 0 bat,1563.2368763357122
GA,2040,42,13,ES1 0 bat,988.9865952327976
GA,2040,42,14,ES1 0 bat,0.0
GA,2040,42,15,ES1 0 bat,0.0
GA,2040,42,16,ES1 0 bat,0.0
GA,2040,42,17,ES1 0 bat,0.0
GA,2040,42,18,ES1 0 bat,0.0
GA,2040,42,19,ES1 0 bat,0.0
GA,2040,42,20,ES1 0 bat,0.0
GA,2040,42,21,ES1 0 bat,0.0
GA,2040,42,22,ES1 0 bat,0.0
GA,2040,42,23,ES1 0 bat,0.0
GA,2040,42,24,ES1 0 bat,0.0
GA,2040,42,25,ES1 0 bat,0.0
GA,2040,42,26,ES1 0 bat,0.0
GA,2040,42,27,ES1 0 bat,0.0
GA,2040,42,28,ES1 0 bat,0.0
GA,2040,42,29,ES1 0 bat,0.0
GA,2040,42,30,ES1 0 bat,0.0
GA,2040,42,31,ES1 0 bat,0.0
GA,2040,42,32,ES1 0 bat,0.0
GA,2040,42,33,ES1 0 bat,0.0
GA,2040,42,34,ES1 0 bat,0.0
GA,2040,42,35,ES1 0 bat,0.0
GA,2040,42,36,ES1 0 bat,0.0
GA,2040,42,37,ES1 0 bat,1563.2368763357122
GA,2040,42,38,ES1 0 bat,0.0
GA,2040,42,39,ES1 0 bat,0.0
GA,2040,42,40,ES1 0 bat,988.9865952327976
GA,2040,42,41,ES1 0 bat,0.0
GA,2040,42,42,ES1 0 bat,0.0
GA,2040,42,43,ES1 0 bat,0.0
GA,2040,42,44,ES1 0 bat,0.0
GA,2040,42,45,ES1 0 bat,0.0
GA,2040,42,46,ES1 0 bat,0.0
GA,2040,42,47,ES1 0 bat,1452.935447562195
GA,2040,42,48,ES1 0 bat,0.0
GA,2040,42,49,ES1 0 bat,1099.288024006315
GA,2040,42,50,ES1 0 bat,0.0
GA,2040,42,51,ES1 0 bat,0.0
GA,2040,42,52,ES1 0 bat,0.0
GA,2040,42,53,ES1 0 bat,0.0
GA,2040,42,54,ES1 0 bat,0.0
GA,2040,42,55,ES1 0 bat,0.0
GA,2040,42,56,ES1 0 bat,0.0
GA,2040,42,57,ES1 0 bat,0.0
GA,2040,42,58,ES1 0 bat,988.9865952327976
GA,2040,42,59,ES1 0 bat,1563.2368763357122
GA,2040,42,60,ES1 0 bat,0.0
GA,2040,42,61,ES1 0 bat,0.0
GA,2040,42,62,ES1 0 bat,0.0
GA,2040,42,63,ES1 0 bat,0.0
GA,2040,42,64,ES1 0 bat,0.0
GA,2040,42,65,ES1 0 bat,0.0
GA,2040,42,66,ES1 0 bat,0.0
GA,2040,42,67,ES1 0 bat,0.0
GA,2040,42,68,ES1 0 bat,0.0
GA,2040,42,69,ES1 0 bat,0.0
GA,2040,42,70,ES1 0 bat,0.0
GA,2040,42,71,ES1 0 bat,0.0
GA,2040,42,72,ES1 0 bat,0.0
GA,2040,42,73,ES1 0 bat,0.0
GA,2040,42,74,ES1 0 bat,0.0
GA,2040,42,75,ES1 0 bat,0.0
GA,2040,42,76,ES1 0 bat,0.0
GA,2040,42,77,ES1 0 bat,0.0
GA,2040,42,78,ES1 0 bat,0.0
GA,2040,42,79,ES1 0 bat,0.0
GA,2040,42,80,ES1 0 bat,0.0
GA,2040,42,81,ES1 0 bat,0.0
GA,2040,42,82,ES1 0 bat,62.320505834712094
GA,2040,42,83,ES1 0 bat,0.0
GA,2040,42,84,ES1 0 bat,926.6660893980857
GA,2040,42,85,ES1 0 bat,1563.2368763357122
GA,2040,42,86,ES1 0 bat,0.0
GA,2040,42,87,ES1 0 bat,0.0
GA,2040,42,88,ES1 0 bat,0.0
GA,2040,42,89,ES1 0 bat,0.0
GA,2040,42,90,ES1 0 bat,0.0
GA,2040,42,91,ES1 0 bat,0.0
GA,2040,42,92,ES1 0 bat,0.0
GA,2040,42,93,ES1 0 bat,0.0
GA,2040,42,94,ES1 0 bat,0.0
GA,2040,42,95,ES1 0 bat,0.0
GA,2040,42,96,ES1 0 bat,0.0
GA,2040,42,97,ES1 0 bat,0.0
GA,2040,42,98,ES1 0 bat,0.0
GA,2040,42,99,ES1 0 bat,0.0
GA,2040,42,100,ES1 0 bat,0.0
GA,2040,42,101,ES1 0 bat,0.0
GA,2040,42,102,ES1 0 bat,0.0
GA,2040,42,103,ES1 0 bat,0.0
GA,2040,42,104,ES1 0 bat,0.0
GA,2040,42,105,ES1 0 bat,0.0
GA,2040,42,106,ES1 0 bat,0.0
GA,2040,42,107,ES1 0 bat,1563.2368763357122
GA,2040,42,108,ES1 0 bat,0.0
GA,2040,42,109,ES1 0 bat,988.9865952327976
GA,2040,42,110,ES1 0 bat,0.0
GA,2040,42,111,ES1 0 bat,0.0
GA,2040,42,112,ES1 0 bat,0.0
GA,2040,42,113,ES1 0 bat,0.0
GA,2040,42,114,ES1 0 bat,0.0
GA,2040,42,115,ES1 0 bat,0.0
GA,2040,42,116,ES1 0 bat,0.0
GA,2040,42,117,ES1 0 bat,0.0
GA,2040,42,118,ES1 0 bat,0.0
GA,2040,42,119,ES1 0 bat,0.0
GA,2040,42,120,ES1 0 bat,0.0
GA,2040,42,121,ES1 0 bat,0.0
GA,2040,42,122,ES1 0 bat,0.0
GA,2040,42,123,ES1 0 bat,0.0
GA,2040,42,124,ES1 0 bat,0.0
GA,2040,42,125,ES1 0 bat,0.0
GA,2040,42,126,ES1 0 bat,0.0
GA,2040,42,127,ES1 0 bat,0.0
GA,2040,42,128,ES1 0 bat,0.0
GA,2040,42,129,ES1 0 bat,0.0
GA,2040,42,130,ES1 0 bat,0.0
GA,2040,42,131,ES1 0 bat,0.0
GA,2040,42,132,ES1 0 bat,1563.2368763357122
GA,2040,42,133,ES1 0 bat,988.9865952327976
GA,2040,42,134,ES1 0 bat,0.0
GA,2040,42,135,ES1 0 bat,0.0
GA,2040,42,136,ES1 0 bat,0.0
GA,2040,42,137,ES1 0 bat,0.0
GA,2040,42,138,ES1 0 bat,0.0
GA,2040,42,139,ES1 0 bat,0.0
GA,2040,42,140,ES1 0 bat,0.0
GA,2040,42,141,ES1 0 bat,0.0
GA,2040,42,142,ES1 0 bat,0.0
GA,2040,42,143,ES1 0 bat,0.0
GA,2040,42,144,ES1 0 bat,0.0
GA,2040,42,145,ES1 0 bat,0.0
GA,2040,42,146,ES1 0 bat,0.0
GA,2040,42,147,ES1 0 bat,0.0
GA,2040,42,148,ES1 0 bat,0.0
GA,2040,42,149,ES1 0 bat,0.0
GA,2040,42,150,ES1 0 bat,0.0
GA,2040,42,151,ES1 0 bat,0.0
GA,2040,42,152,ES1 0 bat,0.0
GA,2040,42,153,ES1 0 bat,0.0
GA,2040,42,154,ES1 0 bat,0.0
GA,2040,42,155,ES1 0 bat,988.9865952327976
GA,2040,42,156,ES1 0 bat,0.0
GA,2040,42,157,ES1 0 bat,1563.2368763357122
GA,2040,42,158,ES1 0 bat,0.0
GA,2040,42,159,ES1 0 bat,0.0
GA,2040,42,160,ES1 0 bat,0.0
GA,2040,42,161,ES1 0 bat,0.0
GA,2040,42,162,ES1 0 bat,0.0
GA,2040,42,163,ES1 0 bat,0.0
GA,2040,42,164,ES1 0 bat,0.0
GA,2040,42,165,ES1 0 bat,0.0
GA,2040,42,166,ES1 0 bat,0.0
GA,2040,42,167,ES1 0 bat,0.0
DE,2040,21,0,ES1 0 bat,0.0
DE,2040,21,1,ES1 0 bat,0.0
DE,2040,21,2,ES1 0 bat,0.0
DE,2040,21,3,ES1 0 bat,0.0
DE,2040,21,4,ES1 0 bat,0.0
DE,2040,21,5,ES1 0 bat,0.0
DE,2040,21,6,ES1 0 bat,0.0
DE,2040,21,7,ES1 0 bat,0.0
DE,2040,21,8,ES1 0 bat,0.0
DE,2040,21,9,ES1 0 bat,0.0
DE,2040,21,10,ES1 0 bat,0.0
DE,2040,21,11,ES1 0 bat,0.0
DE,2040,21,12,ES1 0 bat,0.0
DE,2040,21,13,ES1 0 bat,0.0
DE,2040,21,14,ES1 0 bat,0.0
DE,2040,21,15,ES1 0 bat,0.0
DE,2040,21,16,ES1 0 bat,0.0
DE,2040,21,17,ES1 0 bat,0.0
DE,2040,21,18,ES1 0 bat,0.0
DE,2040,21,19,ES1 0 bat,0.0
DE,2040,21,20,ES1 0 bat,0.0
DE,2040,21,21,ES1 0 bat,0.0
DE,2040,21,22,ES1 0 bat,0.0
DE,2040,21,23,ES1 0 bat,0.0
DE,2040,21,24,ES1 0 bat,0.0
DE,2040,21,25,ES1 0 bat,0.0
DE,2040,21,26,ES1 0 bat,0.0
DE,2040,21,27,ES1 0 bat,0.0
DE,2040,21,28,ES1 0 bat,0.0
DE,2040,21,29,ES1 0 bat,0.0
DE,2040,21,30,ES1 0 bat,0.0
DE,2040,21,31,ES1 0 bat,0.0
DE,2040,21,32,ES1 0 bat,0.0
DE,2040,21,33,ES1 0 bat,0.0
DE,2040,21,34,ES1 0 bat,0.0
DE,2040,21,35,ES1 0 bat,0.0
DE,2040,21,36,ES1 0 bat,1441.0038296007344
DE,2040,21,37,ES1 0 bat,0.0
DE,2040,21,38,ES1 0 bat,0.0
DE,2040,21,39,ES1 0 bat,0.0
DE,2040,21,40,ES1 0 bat,0.0
DE,2040,21,41,ES1 0 bat,1111.2196419677753
DE,2040,21,42,ES1 0 bat,0.0
DE,2040,21,43,ES1 0 bat,0.0
DE,2040,21,44,ES1 0 bat,0.0
DE,2040,21,45,ES1 0 bat,0.0
DE,2040,21,46,ES1 0 bat,0.0
DE,2040,21,47,ES1 0 bat,0.0
DE,2040,21,48,ES1 0 bat,0.0
DE,2040,21,49,ES1 0 bat,0.0
DE,2040,21,50,ES1 0 bat,0.0
DE,2040,21,51,ES1 0 bat,0.0
DE,2040,21,52,ES1 0 bat,0.0
DE,2040,21,53,ES1 0 bat,0.0
DE,2040,21,54,ES1 0 bat,0.0
DE,2040,21,55,ES1 0 bat,0.0
DE,2040,21,56,ES1 0 bat,0.0
DE,2040,21,57,ES1 0 bat,0.0
DE,2040,21,58,ES1 0 bat,0.0
DE,2040,21,59,ES1 0 bat,0.0
DE,2040,21,60,ES1 0 bat,0.0
DE,2040,21,61,ES1 0 bat,1563.2368763357122
DE,2040,21,62,ES1 0 bat,988.9865952327976
DE,2040,21,63,ES1 0 bat,0.0
DE,2040,21,64,ES1 0 bat,0.0
DE,2040,21,65,ES1 0 bat,0.0
DE,2040,21,66,ES1 0 bat,0.0
DE,2040,21,67,ES1 0 bat,0.0
DE,2040,21,68,ES1 0 bat,0.0
DE,2040,21,69,ES1 0 bat,0.0
DE,2040,21,70,ES1 0 bat,0.0
DE,2040,21,71,ES1 0 bat,0.0
DE,2040,21,72,ES1 0 bat,0.0
DE,2040,21,73,ES1 0 bat,0.0
DE,2040,21,74,ES1 0 bat,0.0
DE,2040,21,75,ES1 0 bat,0.0
DE,2040,21,76,ES1 0 bat,0.0
DE,2040,21,77,ES1 0 bat,0.0
DE,2040,21,78,ES1 0 bat,0.0
DE,2040,21,79,ES1 0 bat,0.0
DE,2040,21,80,ES1 0 bat,0.0
DE,2040,21,81,ES1 0 bat,0.0
DE,2040,21,82,ES1 0 bat,988.9865952327976
DE,2040,21,83,ES1 0 bat,0.0
DE,2040,21,84,ES1 0 bat,0.0
DE,2040,21,85,ES1 0 bat,0.0
DE,2040,21,86,ES1 0 bat,1563.2368763357122
DE,2040,21,87,ES1 0 bat,0.0
DE,2040,21,88,ES1 0 bat,0.0
DE,2040,21,89,ES1 0 bat,0.0
DE,2040,21,90,ES1 0 bat,0.0
DE,2040,21,91,ES1 0 bat,0.0
DE,2040,21,92,ES1 0 bat,0.0
DE,2040,21,93,ES1 0 bat,0.0
DE,2040,21,94,ES1 0 bat,0.0
DE,2040,21,95,ES1 0 bat,0.0
DE,2040,21,96,ES1 0 bat,0.0
DE,2040,21,97,ES1 0 bat,0.0
DE,2040,21,98,ES1 0 bat,0.0
DE,2040,21,99,ES1 0 bat,0.0
DE,2040,21,100,ES1 0 bat,0.0
DE,2040,21,101,ES1 0 bat,0.0
DE,2040,21,102,ES1 0 bat,0.0
DE,2040,21,103,ES1 0 bat,0.0
DE,2040,21,104,ES1 0 bat,0.0
DE,2040,21,105,ES1 0 bat,0.0
DE,2040,21,106,ES1 0 bat,0.0
DE,2040,21,107,ES1 0 bat,1563.2368763357122
DE,2040,21,108,ES1 0 bat,0.0
DE,2040,21,109,ES1 0 bat,717.4632375130616
DE,2040,21,110,ES1 0 bat,0.0
DE,2040,21,111,ES1 0 bat,271.52335771973594
DE,2040,21,112,ES1 0 bat,0.0
DE,2040,21,113,ES1 0 bat,0.0
DE,2040,21,114,ES1 0 bat,0.0
DE,2040,21,115,ES1 0 bat,0.0
DE,2040,21,116,ES1 0 bat,0.0
DE,2040,21,117,ES1 0 bat,0.0
DE,2040,21,118,ES1 0 bat,0.0
DE,2040,21,119,ES1 0 bat,0.0
DE,2040,21,120,ES1 0 bat,0.0
DE,2040,21,121,ES1 0 bat,0.0
DE,2040,21,122,ES1 0 bat,0.0
DE,2040,21,123,ES1 0 bat,0.0
DE,2040,21,124,ES1 0 bat,0.0
DE,2040,21,125,ES1 0 bat,0.0
DE,2040,21,126,ES1 0 bat,0.0
DE,2040,21,127,ES1 0 bat,0.0
DE,2040,21,128,ES1 0 bat,0.0
DE,2040,21,129,ES1 0 bat,0.0
DE,2040,21,130,ES1 0 bat,0.0
DE,2040,21,131,ES1 0 bat,0.0
DE,2040,21,132,ES1 0 bat,0.0
DE,2040,21,133,ES1 0 bat,0.0
DE,2040,21,134,ES1 0 bat,1563.2368763357122
DE,2040,21,135,ES1 0 bat,988.9865952327976
DE,2040,21,136,ES1 0 bat,0.0
DE,2040,21,137,ES1 0 bat,0.0
DE,2040,21,138,ES1 0 bat,0.0
DE,2040,21,139,ES1 0 bat,0.0
DE,2040,21,140,ES1 0 bat,0.0
DE,2040,21,141,ES1 0 bat,0.0
DE,2040,21,142,ES1 0 bat,0.0
DE,2040,21,143,ES1 0 bat,0.0
DE,2040,21,144,ES1 0 bat,0.0
DE,2040,21,145,ES1 0 bat,0.0
DE,2040,21,146,ES1 0 bat,0.0
DE,2040,21,147,ES1 0 bat,0.0
DE,2040,21,148,ES1 0 bat,0.0
DE,2040,21,149,ES1 0 bat,0.0
DE,2040,21,150,ES1 0 bat,0.0
DE,2040,21,151,ES1 0 bat,0.0
DE,2040,21,152,ES1 0 bat,0.0
DE,2040,21,153,ES1 0 bat,0.0
DE,2040,21,154,ES1 0 bat,0.0
DE,2040,21,155,ES1 0 bat,0.0
DE,2040,21,156,ES1 0 bat,1563.2368763357122
DE,2040,21,157,ES1 0 bat,988.9865952327976
DE,2040,21,158,ES1 0 bat,0.0
DE,2040,21,159,ES1 0 bat,0.0
DE,2040,21,160,ES1 0 bat,0.0
DE,2040,21,161,ES1 0 bat,0.0
DE,2040,21,162,ES1 0 bat,0.0
DE,2040,21,163,ES1 0 bat,0.0
DE,2040,21,164,ES1 0 bat,0.0
DE,2040,21,165,ES1 0 bat,0.0
DE,2040,21,166,ES1 0 bat,0.0
DE,2040,21,167,ES1 0 bat,0.0
DE,2040,42,0,ES1 0 bat,0.0
DE,2040,42,1,ES1 0 bat,0.0
DE,2040,42,2,ES1 0 bat,0.0
DE,2040,42,3,ES1 0 bat,0.0
DE,2040,42,4,ES1 0 bat,1442.4832579014699
DE,2040,42,5,ES1 0 bat,0.0
DE,2040,42,6,ES1 0 bat,0.0
DE,2040,42,7,ES1 0 bat,0.0
DE,2040,42,8,ES1 0 bat,0.0
DE,2040,42,9,ES1 0 bat,0.0
DE,2040,42,10,ES1 0 bat,0.0
DE,2040,42,11,ES1 0 bat,0.0
DE,2040,42,12,ES1 0 bat,1563.2368763357122
DE,2040,42,13,ES1 0 bat,929.5480763095456
DE,2040,42,14,ES1 0 bat,0.0
DE,2040,42,15,ES1 0 bat,0.0
DE,2040,42,16,ES1 0 bat,0.0
DE,2040,42,17,ES1 0 bat,0.0
DE,2040,42,18,ES1 0 bat,0.0
DE,2040,42,19,ES1 0 bat,0.0
DE,2040,42,20,ES1 0 bat,0.0
DE,2040,42,21,ES1 0 bat,0.0
DE,2040,42,22,ES1 0 bat,0.0
DE,2040,42,23,ES1 0 bat,0.0
DE,2040,42,24,ES1 0 bat,0.0
DE,2040,42,25,ES1 0 bat,0.0
DE,2040,42,26,ES1 0 bat,0.0
DE,2040,42,27,ES1 0 bat,0.0
DE,2040,42,28,ES1 0 bat,0.0
DE,2040,42,29,ES1 0 bat,0.0
DE,2040,42,30,ES1 0 bat,0.0
DE,2040,42,31,ES1 0 bat,0.0
DE,2040,42,32,ES1 0 bat,0.0
DE,2040,42,33,ES1 0 bat,0.0
DE,2040,42,34,ES1 0 bat,0.0
DE,2040,42,35,ES1 0 bat,0.0
DE,2040,42,36,ES1 0 bat,988.9865952327976
DE,2040,42,37,ES1 0 bat,1563.2368763357122
DE,2040,42,38,ES1 0 bat,0.0
DE,2040,42,39,ES1 0 bat,0.0
DE,2040,42,40,ES1 0 bat,0.0
DE,2040,42,41,ES1 0 bat,0.0
DE,2040,42,42,ES1 0 bat,0.0
DE,2040,42,43,ES1 0 bat,0.0
DE,2040,42,44,ES1 0 bat,0.0
DE,2040,42,45,ES1 0 bat,0.0
DE,2040,42,46,ES1 0 bat,0.0
DE,2040,42,47,ES1 0 bat,0.0
DE,2040,42,48,ES1 0 bat,0.0
DE,2040,42,49,ES1 0 bat,0.0
DE,2040,42,50,ES1 0 bat,0.0
DE,2040,42,51,ES1 0 bat,0.0
DE,2040,42,52,ES1 0 bat,0.0
DE,2040,42,53,ES1 0 bat,0.0
DE,2040,42,54,ES1 0 bat,0.0
DE,2040,42,55,ES1 0 bat,0.0
DE,2040,42,56,ES1 0 bat,0.0
DE,2040,42,57,ES1 0 bat,0.0
DE,2040,42,58,ES1 0 bat,0.0
DE,2040,42,59,ES1 0 bat,0.0
DE,2040,42,60,ES1 0 bat,988.9865952327976
DE,2040,42,61,ES1 0 bat,1563.2368763357122
DE,2040,42,62,ES1 0 bat,0.0
DE,2040,42,63,ES1 0 bat,0.0
DE,2040,42,64,ES1 0 bat,0.0
DE,2040,42,65,ES1 0 bat,0.0
DE,2040,42,66,ES1 0 bat,0.0
DE,2040,42,67,ES1 0 bat,0.0
DE,2040,42,68,ES1 0 bat,0.0
DE,2040,42,69,ES1 0 bat,0.0
DE,2040,42,70,ES1 0 bat,0.0
DE,2040,42,71,ES1 0 bat,0.0
DE,2040,42,72,ES1 0 bat,0.0
DE,2040,42,73,ES1 0 bat,0.0
DE,2040,42,74,ES1 0 bat,0.0
DE,2040,42,75,ES1 0 bat,0.0
DE,2040,42,76,ES1 0 bat,0.0
DE,2040,42,77,ES1 0 bat,0.0
DE,2040,42,78,ES1 0 bat,0.0
DE,2040,42,79,ES1 0 bat,0.0
DE,2040,42,80,ES1 0 bat,0.0
DE,2040,42,81,ES1 0 bat,0.0
DE,2040,42,82,ES1 0 bat,767.792953567161
DE,2040,42,83,ES1 0 bat,221.1936416656367
DE,2040,42,84,ES1 0 bat,1563.2368763357122
DE,2040,42,85,ES1 0 bat,0.0
DE,2040,42,86,ES1 0 bat,0.0
DE,2040,42,87,ES1 0 bat,0.0
DE,2040,42,88,ES1 0 bat,0.0
DE,2040,42,89,ES1 0 bat,0.0
DE,2040,42,90,ES1 0 bat,0.0
DE,2040,42,91,ES1 0 bat,0.0
DE,2040,42,92,ES1 0 bat,0.0
DE,2040,42,93,ES1 0 bat,0.0
DE,2040,42,94,ES1 0 bat,0.0
DE,2040,42,95,ES1 0 bat,0.0
DE,2040,42,96,ES1 0 bat,0.0
DE,2040,42,97,ES1 0 bat,0.0
DE,2040,42,98,ES1 0 bat,0.0
DE,2040,42,99,ES1 0 bat,0.0
DE,2040,42,100,ES1 0 bat,0.0
DE,2040,42,101,ES1 0 bat,0.0
DE,2040,42,102,ES1 0 bat,0.0
DE,2040,42,103,ES1 0 bat,0.0
DE,2040,42,104,ES1 0 bat,0.0
DE,2040,42,105,ES1 0 bat,0.0
DE,2040,42,106,ES1 0 bat,246.03768601986667
DE,2040,42,107,ES1 0 bat,1563.2368763357122
DE,2040,42,108,ES1 0 bat,742.9489092129309
DE,2040,42,109,ES1 0 bat,0.0
DE,2040,42,110,ES1 0 bat,0.0
DE,2040,42,111,ES1 0 bat,0.0
DE,2040,42,112,ES1 0 bat,0.0
DE,2040,42,113,ES1 0 bat,0.0
DE,2040,42,114,ES1 0 bat,0.0
DE,2040,42,115,ES1 0 bat,0.0
DE,2040,42,116,ES1 0 bat,0.0
DE,2040,42,117,ES1 0 bat,0.0
DE,2040,42,118,ES1 0 bat,0.0
DE,2040,42,119,ES1 0 bat,0.0
DE,2040,42,120,ES1 0 bat,0.0
DE,2040,42,121,ES1 0 bat,988.9865952327976
DE,2040,42,122,ES1 0 bat,0.0
DE,2040,42,123,ES1 0 bat,0.0
DE,2040,42,124,ES1 0 bat,1563.2368763357122
DE,2040,42,125,ES1 0 bat,0.0
DE,2040,42,126,ES1 0 bat,0.0
DE,2040,42,127,ES1 0 bat,0.0
DE,2040,42,128,ES1 0 bat,0.0
DE,2040,42,129,ES1 0 bat,0.0
DE,2040,42,130,ES1 0 bat,0.0
DE,2040,42,131,ES1 0 bat,988.9865952327976
DE,2040,42,132,ES1 0 bat,1563.2368763357122
DE,2040,42,133,ES1 0 bat,0.0
DE,2040,42,134,ES1 0 bat,0.0
DE,2040,42,135,ES1 0 bat,0.0
DE,2040,42,136,ES1 0 bat,0.0
DE,2040,42,137,ES1 0 bat,0.0
DE,2040,42,138,ES1 0 bat,0.0
DE,2040,42,139,ES1 0 bat,0.0
DE,2040,42,140,ES1 0 bat,0.0
DE,2040,42,141,ES1 0 bat,0.0
DE,2040,42,142,ES1 0 bat,0.0
DE,2040,42,143,ES1 0 bat,0.0
DE,2040,42,144,ES1 0 bat,0.0
DE,2040,42,145,ES1 0 bat,0.0
DE,2040,42,146,ES1 0 bat,0.0
DE,2040,42,147,ES1 0 bat,0.0
DE,2040,42,148,ES1 0 bat,0.0
DE,2040,42,149,ES1 0 bat,0.0
DE,2040,42,150,ES1 0 bat,0.0
DE,2040,42,151,ES1 0 bat,0.0
DE,2040,42,152,ES1 0 bat,0.0
DE,2040,42,153,ES1 0 bat,0.0
DE,2040,42,154,ES1 0 bat,0.0
DE,2040,42,155,ES1 0 bat,0.0
DE,2040,42,156,ES1 0 bat,1483.8181689467017
DE,2040,42,157,ES1 0 bat,1068.405302621808
DE,2040,42,158,ES1 0 bat,0.0
DE,2040,42,159,ES1 0 bat,0.0
DE,2040,42,160,ES1 0 bat,0.0
DE,2040,42,161,ES1 0 bat,0.0
DE,2040,42,162,ES1 0 bat,0.0
DE,2040,42,163,ES1 0 bat,0.0
DE,2040,42,164,ES1 0 bat,0.0
DE,2040,42,165,ES1 0 bat,0.0
DE,2040,42,166,ES1 0 bat,0.0
DE,2040,42,167,ES1 0 bat,0.0
GA,2050,21,0,ES1 0 bat,0.0
GA,2050,21,1,ES1 0 bat,0.0
GA,2050,21,2,ES1 0 bat,0.0
GA,2050,21,3,ES1 0 bat,0.0
GA,2050,21,4,ES1 0 bat,0.0
GA,2050,21,5,ES1 0 bat,0.0
GA,2050,21,6,ES1 0 bat,0.0
GA,2050,21,7,ES1 0 bat,0.0
GA,2050,21,8,ES1 0 bat,0.0
GA,2050,21,9,ES1 0 bat,0.0
GA,2050,21,10,ES1 0 bat,0.0
GA,2050,21,11,ES1 0 bat,0.0
GA,2050,21,12,ES1 0 bat,0.0
GA,2050,21,13,ES1 0 bat,169.30745164807558
GA,2050,21,14,ES1 0 bat,0.0
GA,2050,21,15,ES1 0 bat,0.0
GA,2050,21,16,ES1 0 bat,0.0
GA,2050,21,17,ES1 0 bat,0.0
GA,2050,21,18,ES1 0 bat,0.0
GA,2050,21,19,ES1 0 bat,0.0
GA,2050,21,20,ES1 0 bat,0.0
GA,2050,21,21,ES1 0 bat,0.0
GA,2050,21,22,ES1 0 bat,0.0
GA,2050,21,23,ES1 0 bat,0.0
GA,2050,21,24,ES1 0 bat,0.0
GA,2050,21,25,ES1 0 bat,0.0
GA,2050,21,26,ES1 0 bat,0.0
GA,2050,21,27,ES1 0 bat,0.0
GA,2050,21,28,ES1 0 bat,0.0
GA,2050,21,29,ES1 0 bat,0.0
GA,2050,21,30,ES1 0 bat,0.0
GA,2050,21,31,ES1 0 bat,0.0
GA,2050,21,32,ES1 0 bat,0.0
GA,2050,21,33,ES1 0 bat,0.0
GA,2050,21,34,ES1 0 bat,0.0
GA,2050,21,35,ES1 0 bat,1863.5941658357178
GA,2050,21,36,ES1 0 bat,0.0
GA,2050,21,37,ES1 0 bat,0.0
GA,2050,21,38,ES1 0 bat,0.0
GA,2050,21,39,ES1 0 bat,0.0
GA,2050,21,40,ES1 0 bat,0.0
GA,2050,21,41,ES1 0 bat,3026.220457789439
GA,2050,21,42,ES1 0 bat,0.0
GA,2050,21,43,ES1 0 bat,0.0
GA,2050,21,44,ES1 0 bat,0.0
GA,2050,21,45,ES1 0 bat,0.0
GA,2050,21,46,ES1 0 bat,0.0
GA,2050,21,47,ES1 0 bat,0.0
GA,2050,21,48,ES1 0 bat,0.0
GA,2050,21,49,ES1 0 bat,0.0
GA,2050,21,50,ES1 0 bat,0.0
GA,2050,21,51,ES1 0 bat,0.0
GA,2050,21,52,ES1 0 bat,0.0
GA,2050,21,53,ES1 0 bat,0.0
GA,2050,21,54,ES1 0 bat,0.0
GA,2050,21,55,ES1 0 bat,0.0
GA,2050,21,56,ES1 0 bat,0.0
GA,2050,21,57,ES1 0 bat,0.0
GA,2050,21,58,ES1 0 bat,4098.667217421732
GA,2050,21,59,ES1 0 bat,0.0
GA,2050,21,60,ES1 0 bat,0.0
GA,2050,21,61,ES1 0 bat,791.1474062034249
GA,2050,21,62,ES1 0 bat,0.0
GA,2050,21,63,ES1 0 bat,0.0
GA,2050,21,64,ES1 0 bat,0.0
GA,2050,21,65,ES1 0 bat,0.0
GA,2050,21,66,ES1 0 bat,0.0
GA,2050,21,67,ES1 0 bat,0.0
GA,2050,21,68,ES1 0 bat,0.0
GA,2050,21,69,ES1 0 bat,0.0
GA,2050,21,70,ES1 0 bat,0.0
GA,2050,21,71,ES1 0 bat,0.0
GA,2050,21,72,ES1 0 bat,0.0
GA,2050,21,73,ES1 0 bat,0.0
GA,2050,21,74,ES1 0 bat,0.0
GA,2050,21,75,ES1 0 bat,0.0
GA,2050,21,76,ES1 0 bat,0.0
GA,2050,21,77,ES1 0 bat,0.0
GA,2050,21,78,ES1 0 bat,0.0
GA,2050,21,79,ES1 0 bat,0.0
GA,2050,21,80,ES1 0 bat,0.0
GA,2050,21,81,ES1 0 bat,0.0
GA,2050,21,82,ES1 0 bat,331.5662903190359
GA,2050,21,83,ES1 0 bat,0.0
GA,2050,21,84,ES1 0 bat,4558.248333306121
GA,2050,21,85,ES1 0 bat,0.0
GA,2050,21,86,ES1 0 bat,0.0
GA,2050,21,87,ES1 0 bat,0.0
GA,2050,21,88,ES1 0 bat,0.0
GA,2050,21,89,ES1 0 bat,0.0
GA,2050,21,90,ES1 0 bat,0.0
GA,2050,21,91,ES1 0 bat,0.0
GA,2050,21,92,ES1 0 bat,0.0
GA,2050,21,93,ES1 0 bat,0.0
GA,2050,21,94,ES1 0 bat,0.0
GA,2050,21,95,ES1 0 bat,0.0
GA,2050,21,96,ES1 0 bat,0.0
GA,2050,21,97,ES1 0 bat,0.0
GA,2050,21,98,ES1 0 bat,0.0
GA,2050,21,99,ES1 0 bat,0.0
GA,2050,21,100,ES1 0 bat,0.0
GA,2050,21,101,ES1 0 bat,0.0
GA,2050,21,102,ES1 0 bat,0.0
GA,2050,21,103,ES1 0 bat,0.0
GA,2050,21,104,ES1 0 bat,0.0
GA,2050,21,105,ES1 0 bat,0.0
GA,2050,21,106,ES1 0 bat,0.0
GA,2050,21,107,ES1 0 bat,4558.248333306121
GA,2050,21,108,ES1 0 bat,0.0
GA,2050,21,109,ES1 0 bat,331.56629031903566
GA,2050,21,110,ES1 0 bat,0.0
GA,2050,21,111,ES1 0 bat,0.0
GA,2050,21,112,ES1 0 bat,0.0
GA,2050,21,113,ES1 0 bat,0.0
GA,2050,21,114,ES1 0 bat,0.0
GA,2050,21,115,ES1 0 bat,0.0
GA,2050,21,116,ES1 0 bat,0.0
GA,2050,21,117,ES1 0 bat,0.0
GA,2050,21,118,ES1 0 bat,0.0
GA,2050,21,119,ES1 0 bat,0.0
GA,2050,21,120,ES1 0 bat,0.0
GA,2050,21,121,ES1 0 bat,0.0
GA,2050,21,122,ES1 0 bat,0.0
GA,2050,21,123,ES1 0 bat,0.0
GA,2050,21,124,ES1 0 bat,0.0
GA,2050,21,125,ES1 0 bat,0.0
GA,2050,21,126,ES1 0 bat,0.0
GA,2050,21,127,ES1 0 bat,0.0
GA,2050,21,128,ES1 0 bat,0.0
GA,2050,21,129,ES1 0 bat,0.0
GA,2050,21,130,ES1 0 bat,0.0
GA,2050,21,131,ES1 0 bat,331.5662903190359
GA,2050,21,132,ES1 0 bat,4558.248333306121
GA,2050,21,133,ES1 0 bat,0.0
GA,2050,21,134,ES1 0 bat,0.0
GA,2050,21,135,ES1 0 bat,0.0
GA,2050,21,136,ES1 0 bat,0.0
GA,2050,21,137,ES1 0 bat,0.0
GA,2050,21,138,ES1 0 bat,0.0
GA,2050,21,139,ES1 0 bat,0.0
GA,2050,21,140,ES1 0 bat,0.0
GA,2050,21,141,ES1 0 bat,0.0
GA,2050,21,142,ES1 0 bat,0.0
GA,2050,21,143,ES1 0 bat,0.0
GA,2050,21,144,ES1 0 bat,0.0
GA,2050,21,145,ES1 0 bat,0.0
GA,2050,21,146,ES1 0 bat,0.0
GA,2050,21,147,ES1 0 bat,0.0
GA,2050,21,148,ES1 0 bat,0.0
GA,2050,21,149,ES1 0 bat,0.0
GA,2050,21,150,ES1 0 bat,0.0
GA,2050,21,151,ES1 0 bat,0.0
GA,2050,21,152,ES1 0 bat,0.0
GA,2050,21,153,ES1 0 bat,0.0
GA,2050,21,154,ES1 0 bat,0.0
GA,2050,21,155,ES1 0 bat,0.0
GA,2050,21,156,ES1 0 bat,4558.248333306121
GA,2050,21,157,ES1 0 bat,0.0
GA,2050,21,158,ES1 0 bat,331.56629031903566
GA,2050,21,159,ES1 0 bat,0.0
GA,2050,21,160,ES1 0 bat,0.0
GA,2050,21,161,ES1 0 bat,0.0
GA,2050,21,162,ES1 0 bat,0.0
GA,2050,21,163,ES1 0 bat,0.0
GA,2050,21,164,ES1 0 bat,0.0
GA,2050,21,165,ES1 0 bat,0.0
GA,2050,21,166,ES1 0 bat,0.0
GA,2050,21,167,ES1 0 bat,0.0
GA,2050,42,0,ES1 0 bat,0.0
GA,2050,42,1,ES1 0 bat,0.0
GA,2050,42,2,ES1 0 bat,0.0
GA,2050,42,3,ES1 0 bat,0.0
GA,2050,42,4,ES1 0 bat,0.0
GA,2050,42,5,ES1 0 bat,0.0
GA,2050,42,6,ES1 0 bat,0.0
GA,2050,42,7,ES1 0 bat,0.0
GA,2050,42,8,ES1 0 bat,0.0
GA,2050,42,9,ES1 0 bat,0.0
GA,2050,42,10,ES1 0 bat,0.0
GA,2050,42,11,ES1 0 bat,0.0
GA,2050,42,12,ES1 0 bat,4558.248333306121
GA,2050,42,13,ES1 0 bat,0.0
GA,2050,42,14,ES1 0 bat,0.0
GA,2050,42,15,ES1 0 bat,0.0
GA,2050,42,16,ES1 0 bat,0.0
GA,2050,42,17,ES1 0 bat,0.0
GA,2050,42,18,ES1 0 bat,0.0
GA,2050,42,19,ES1 0 bat,0.0
GA,2050,42,20,ES1 0 bat,0.0
GA,2050,42,21,ES1 0 bat,0.0
GA,2050,42,22,ES1 0 bat,0.0
GA,2050,42,23,ES1 0 bat,0.0
GA,2050,42,24,ES1 0 bat,0.0
GA,2050,42,25,ES1 0 bat,0.0
GA,2050,42,26,ES1 0 bat,0.0
GA,2050,42,27,ES1 0 bat,0.0
GA,2050,42,28,ES1 0 bat,0.0
GA,2050,42,29,ES1 0 bat,0.0
GA,2050,42,30,ES1 0 bat,0.0
GA,2050,42,31,ES1 0 bat,0.0
GA,2050,42,32,ES1 0 bat,0.0
GA,2050,42,33,ES1 0 bat,0.0
GA,2050,42,34,ES1 0 bat,0.0
GA,2050,42,35,ES1 0 bat,0.0
GA,2050,42,36,ES1 0 bat,331.5662903190359
GA,2050,42,37,ES1 0 bat,4558.248333306121
GA,2050,42,38,ES1 0 bat,0.0
GA,2050,42,39,ES1 0 bat,0.0
GA,2050,42,40,ES1 0 bat,0.0
GA,2050,42,41,ES1 0 bat,0.0
GA,2050,42,42,ES1 0 bat,0.0
GA,2050,42,43,ES1 0 bat,0.0
GA,2050,42,44,ES1 0 bat,0.0
GA,2050,42,45,ES1 0 bat,0.0
GA,2050,42,46,ES1 0 bat,0.0
GA,2050,42,47,ES1 0 bat,0.0
GA,2050,42,48,ES1 0 bat,0.0
GA,2050,42,49,ES1 0 bat,0.0
GA,2050,42,50,ES1 0 bat,0.0
GA,2050,42,51,ES1 0 bat,0.0
GA,2050,42,52,ES1 0 bat,0.0
GA,2050,42,53,ES1 0 bat,0.0
GA,2050,42,54,ES1 0 bat,0.0
GA,2050,42,55,ES1 0 bat,0.0
GA,2050,42,56,ES1 0 bat,0.0
GA,2050,42,57,ES1 0 bat,0.0
GA,2050,42,58,ES1 0 bat,331.5662903190359
GA,2050,42,59,ES1 0 bat,0.0
GA,2050,42,60,ES1 0 bat,4558.248333306121
GA,2050,42,61,ES1 0 bat,0.0
GA,2050,42,62,ES1 0 bat,0.0
GA,2050,42,63,ES1 0 bat,0.0
GA,2050,42,64,ES1 0 bat,0.0
GA,2050,42,65,ES1 0 bat,0.0
GA,2050,42,66,ES1 0 bat,0.0
GA,2050,42,67,ES1 0 bat,0.0
GA,2050,42,68,ES1 0 bat,0.0
GA,2050,42,69,ES1 0 bat,0.0
GA,2050,42,70,ES1 0 bat,0.0
GA,2050,42,71,ES1 0 bat,0.0
GA,2050,42,72,ES1 0 bat,0.0
GA,2050,42,73,ES1 0 bat,0.0
GA,2050,42,74,ES1 0 bat,0.0
GA,2050,42,75,ES1 0 bat,0.0
GA,2050,42,76,ES1 0 bat,0.0
GA,2050,42,77,ES1 0 bat,0.0
GA,2050,42,78,ES1 0 bat,0.0
GA,2050,42,79,ES1 0 bat,0.0
GA,2050,42,80,ES1 0 bat,0.0
GA,2050,42,81,ES1 0 bat,0.0
GA,2050,42,82,ES1 0 bat,0.0
GA,2050,42,83,ES1 0 bat,0.0
GA,2050,42,84,ES1 0 bat,331.5662903190359
GA,2050,42,85,ES1 0 bat,4558.248333306121
GA,2050,42,86,ES1 0 bat,0.0
GA,2050,42,87,ES1 0 bat,0.0
GA,2050,42,88,ES1 0 bat,0.0
GA,2050,42,89,ES1 0 bat,0.0
GA,2050,42,90,ES1 0 bat,0.0
GA,2050,42,91,ES1 0 bat,0.0
GA,2050,42,92,ES1 0 bat,0.0
GA,2050,42,93,ES1 0 bat,0.0
GA,2050,42,94,ES1 0 bat,0.0
GA,2050,42,95,ES1 0 bat,0.0
GA,2050,42,96,ES1 0 bat,0.0
GA,2050,42,97,ES1 0 bat,0.0
GA,2050,42,98,ES1 0 bat,0.0
GA,2050,42,99,ES1 0 bat,0.0
GA,2050,42,100,ES1 0 bat,0.0
GA,2050,42,101,ES1 0 bat,0.0
GA,2050,42,102,ES1 0 bat,0.0
GA,2050,42,103,ES1 0 bat,0.0
GA,2050,42,104,ES1 0 bat,0.0
GA,2050,42,105,ES1 0 bat,0.0
GA,2050,42,106,ES1 0 bat,1478.0662411254389
GA,2050,42,107,ES1 0 bat,0.0
GA,2050,42,108,ES1 0 bat,0.0
GA,2050,42,109,ES1 0 bat,3411.748382499718
GA,2050,42,110,ES1 0 bat,0.0
GA,2050,42,111,ES1 0 bat,0.0
GA,2050,42,112,ES1 0 bat,0.0
GA,2050,42,113,ES1 0 bat,0.0
GA,2050,42,114,ES1 0 bat,0.0
GA,2050,42,115,ES1 0 bat,0.0
GA,2050,42,116,ES1 0 bat,0.0
GA,2050,42,117,ES1 0 bat,0.0
GA,2050,42,118,ES1 0 bat,0.0
GA,2050,42,119,ES1 0 bat,0.0
GA,2050,42,120,ES1 0 bat,0.0
GA,2050,42,121,ES1 0 bat,0.0
GA,2050,42,122,ES1 0 bat,190.08799135366962
GA,2050,42,123,ES1 0 bat,0.0
GA,2050,42,124,ES1 0 bat,330.5497068707026
GA,2050,42,125,ES1 0 bat,0.0
GA,2050,42,126,ES1 0 bat,0.0
GA,2050,42,127,ES1 0 bat,0.0
GA,2050,42,128,ES1 0 bat,0.0
GA,2050,42,129,ES1 0 bat,0.0
GA,2050,42,130,ES1 0 bat,0.0
GA,2050,42,131,ES1 0 bat,331.5662903190359
GA,2050,42,132,ES1 0 bat,4558.248333306121
GA,2050,42,133,ES1 0 bat,0.0
GA,2050,42,134,ES1 0 bat,0.0
GA,2050,42,135,ES1 0 bat,0.0
GA,2050,42,136,ES1 0 bat,0.0
GA,2050,42,137,ES1 0 bat,0.0
GA,2050,42,138,ES1 0 bat,0.0
GA,2050,42,139,ES1 0 bat,0.0
GA,2050,42,140,ES1 0 bat,0.0
GA,2050,42,141,ES1 0 bat,0.0
GA,2050,42,142,ES1 0 bat,0.0
GA,2050,42,143,ES1 0 bat,0.0
GA,2050,42,144,ES1 0 bat,0.0
GA,2050,42,145,ES1 0 bat,0.0
GA,2050,42,146,ES1 0 bat,0.0
GA,2050,42,147,ES1 0 bat,0.0
GA,2050,42,148,ES1 0 bat,0.0
GA,2050,42,149,ES1 0 bat,0.0
GA,2050,42,150,ES1 0 bat,0.0
GA,2050,42,151,ES1 0 bat,0.0
GA,2050,42,152,ES1 0 bat,0.0
GA,2050,42,153,ES1 0 bat,0.0
GA,2050,42,154,ES1 0 bat,331.5662903190359
GA,2050,42,155,ES1 0 bat,4558.248333306121
GA,2050,42,156,ES1 0 bat,0.0
GA,2050,42,157,ES1 0 bat,0.0
GA,2050,42,158,ES1 0 bat,0.0
GA,2050,42,159,ES1 0 bat,0.0
GA,2050,42,160,ES1 0 bat,0.0
GA,2050,42,161,ES1 0 bat,0.0
GA,2050,42,162,ES1 0 bat,0.0
GA,2050,42,163,ES1 0 bat,0.0
GA,2050,42,164,ES1 0 bat,0.0
GA,2050,42,165,ES1 0 bat,0.0
GA,2050,42,166,ES1 0 bat,0.0
GA,2050,42,167,ES1 0 bat,0.0
DE,2050,21,0,ES1 0 bat,0.0
DE,2050,21,1,ES1 0 bat,0.0
DE,2050,21,2,ES1 0 bat,0.0
DE,2050,21,3,ES1 0 bat,0.0
DE,2050,21,4,ES1 0 bat,0.0
DE,2050,21,5,ES1 0 bat,0.0
DE,2050,21,6,ES1 0 bat,0.0
DE,2050,21,7,ES1 0 bat,0.0
DE,2050,21,8,ES1 0 bat,0.0
DE,2050,21,9,ES1 0 bat,0.0
DE,2050,21,10,ES1 0 bat,0.0
DE,2050,21,11,ES1 0 bat,0.0
DE,2050,21,12,ES1 0 bat,0.0
DE,2050,21,13,ES1 0 bat,0.0
DE,2050,21,14,ES1 0 bat,0.0
DE,2050,21,15,ES1 0 bat,0.0
DE,2050,21,16,ES1 0 bat,0.0
DE,2050,21,17,ES1 0 bat,0.0
DE,2050,21,18,ES1 0 bat,0.0
DE,2050,21,19,ES1 0 bat,0.0
DE,2050,21,20,ES1 0 bat,0.0
DE,2050,21,21,ES1 0 bat,0.0
DE,2050,21,22,ES1 0 bat,0.0
DE,2050,21,23,ES1 0 bat,0.0
DE,2050,21,24,ES1 0 bat,0.0
DE,2050,21,25,ES1 0 bat,0.0
DE,2050,21,26,ES1 0 bat,0.0
DE,2050,21,27,ES1 0 bat,0.0
DE,2050,21,28,ES1 0 bat,0.0
DE,2050,21,29,ES1 0 bat,0.0
DE,2050,21,30,ES1 0 bat,0.0
DE,2050,21,31,ES1 0 bat,0.0
DE,2050,21,32,ES1 0 bat,0.0
DE,2050,21,33,ES1 0 bat,0.0
DE,2050,21,34,ES1 0 bat,0.0
DE,2050,21,35,ES1 0 bat,0.0
DE,2050,21,36,ES1 0 bat,0.0
DE,2050,21,37,ES1 0 bat,0.0
DE,2050,21,38,ES1 0 bat,0.0
DE,2050,21,39,ES1 0 bat,4558.248333306121
DE,2050,21,40,ES1 0 bat,331.5662903190359
DE,2050,21,41,ES1 0 bat,0.0
DE,2050,21,42,ES1 0 bat,0.0
DE,2050,21,43,ES1 0 bat,0.0
DE,2050,21,44,ES1 0 bat,0.0
DE,2050,21,45,ES1 0 bat,0.0
DE,2050,21,46,ES1 0 bat,0.0
DE,2050,21,47,ES1 0 bat,0.0
DE,2050,21,48,ES1 0 bat,0.0
DE,2050,21,49,ES1 0 bat,0.0
DE,2050,21,50,ES1 0 bat,0.0
DE,2050,21,51,ES1 0 bat,0.0
DE,2050,21,52,ES1 0 bat,0.0
DE,2050,21,53,ES1 0 bat,0.0
DE,2050,21,54,ES1 0 bat,0.0
DE,2050,21,55,ES1 0 bat,0.0
DE,2050,21,56,ES1 0 bat,0.0
DE,2050,21,57,ES1 0 bat,0.0
DE,2050,21,58,ES1 0 bat,0.0
DE,2050,21,59,ES1 0 bat,0.0
DE,2050,21,60,ES1 0 bat,1423.8865944104182
DE,2050,21,61,ES1 0 bat,3465.928029214739
DE,2050,21,62,ES1 0 bat,0.0
DE,2050,21,63,ES1 0 bat,0.0
DE,2050,21,64,ES1 0 bat,0.0
DE,2050,21,65,ES1 0 bat,0.0
DE,2050,21,66,ES1 0 bat,0.0
DE,2050,21,67,ES1 0 bat,0.0
DE,2050,21,68,ES1 0 bat,0.0
DE,2050,21,69,ES1 0 bat,0.0
DE,2050,21,70,ES1 0 bat,0.0
DE,2050,21,71,ES1 0 bat,1808.123261482251
DE,2050,21,72,ES1 0 bat,0.0
DE,2050,21,73,ES1 0 bat,0.0
DE,2050,21,74,ES1 0 bat,0.0
DE,2050,21,75,ES1 0 bat,0.0
DE,2050,21,76,ES1 0 bat,0.0
DE,2050,21,77,ES1 0 bat,0.0
DE,2050,21,78,ES1 0 bat,0.0
DE,2050,21,79,ES1 0 bat,0.0
DE,2050,21,80,ES1 0 bat,0.0
DE,2050,21,81,ES1 0 bat,0.0
DE,2050,21,82,ES1 0 bat,0.0
DE,2050,21,83,ES1 0 bat,0.0
DE,2050,21,84,ES1 0 bat,1000.3983156970363
DE,2050,21,85,ES1 0 bat,0.0
DE,2050,21,86,ES1 0 bat,3889.4163079281207
DE,2050,21,87,ES1 0 bat,0.0
DE,2050,21,88,ES1 0 bat,0.0
DE,2050,21,89,ES1 0 bat,0.0
DE,2050,21,90,ES1 0 bat,0.0
DE,2050,21,91,ES1 0 bat,0.0
DE,2050,21,92,ES1 0 bat,0.0
DE,2050,21,93,ES1 0 bat,0.0
DE,2050,21,94,ES1 0 bat,0.0
DE,2050,21,95,ES1 0 bat,0.0
DE,2050,21,96,ES1 0 bat,0.0
DE,2050,21,97,ES1 0 bat,0.0
DE,2050,21,98,ES1 0 bat,0.0
DE,2050,21,99,ES1 0 bat,0.0
DE,2050,21,100,ES1 0 bat,0.0
DE,2050,21,101,ES1 0 bat,0.0
DE,2050,21,102,ES1 0 bat,0.0
DE,2050,21,103,ES1 0 bat,0.0
DE,2050,21,104,ES1 0 bat,0.0
DE,2050,21,105,ES1 0 bat,0.0
DE,2050,21,106,ES1 0 bat,849.4645418113149
DE,2050,21,107,ES1 0 bat,779.8126617921298
DE,2050,21,108,ES1 0 bat,3260.537420021712
DE,2050,21,109,ES1 0 bat,0.0
DE,2050,21,110,ES1 0 bat,0.0
DE,2050,21,111,ES1 0 bat,0.0
DE,2050,21,112,ES1 0 bat,0.0
DE,2050,21,113,ES1 0 bat,0.0
DE,2050,21,114,ES1 0 bat,0.0
DE,2050,21,115,ES1 0 bat,0.0
DE,2050,21,116,ES1 0 bat,0.0
DE,2050,21,117,ES1 0 bat,0.0
DE,2050,21,118,ES1 0 bat,0.0
DE,2050,21,119,ES1 0 bat,0.0
DE,2050,21,120,ES1 0 bat,0.0
DE,2050,21,121,ES1 0 bat,0.0
DE,2050,21,122,ES1 0 bat,0.0
DE,2050,21,123,ES1 0 bat,0.0
DE,2050,21,124,ES1 0 bat,0.0
DE,2050,21,125,ES1 0 bat,0.0
DE,2050,21,126,ES1 0 bat,0.0
DE,2050,21,127,ES1 0 bat,0.0
DE,2050,21,128,ES1 0 bat,0.0
DE,2050,21,129,ES1 0 bat,0.0
DE,2050,21,130,ES1 0 bat,0.0
DE,2050,21,131,ES1 0 bat,0.0
DE,2050,21,132,ES1 0 bat,0.0
DE,2050,21,133,ES1 0 bat,4558.248333306121
DE,2050,21,134,ES1 0 bat,331.56629031903566
DE,2050,21,135,ES1 0 bat,0.0
DE,2050,21,136,ES1 0 bat,0.0
DE,2050,21,137,ES1 0 bat,0.0
DE,2050,21,138,ES1 0 bat,0.0
DE,2050,21,139,ES1 0 bat,0.0
DE,2050,21,140,ES1 0 bat,0.0
DE,2050,21,141,ES1 0 bat,0.0
DE,2050,21,142,ES1 0 bat,0.0
DE,2050,21,143,ES1 0 bat,0.0
DE,2050,21,144,ES1 0 bat,0.0
DE,2050,21,145,ES1 0 bat,0.0
DE,2050,21,146,ES1 0 bat,0.0
DE,2050,21,147,ES1 0 bat,0.0
DE,2050,21,148,ES1 0 bat,0.0
DE,2050,21,149,ES1 0 bat,0.0
DE,2050,21,150,ES1 0 bat,0.0
DE,2050,21,151,ES1 0 bat,0.0
DE,2050,21,152,ES1 0 bat,0.0
DE,2050,21,153,ES1 0 bat,0.0
DE,2050,21,154,ES1 0 bat,0.0
DE,2050,21,155,ES1 0 bat,4558.248333306121
DE,2050,21,156,ES1 0 bat,331.56629031903566
DE,2050,21,157,ES1 0 bat,0.0
DE,2050,21,158,ES1 0 bat,0.0
DE,2050,21,159,ES1 0 bat,0.0
DE,2050,21,160,ES1 0 bat,0.0
DE,2050,21,161,ES1 0 bat,0.0
DE,2050,21,162,ES1 0 bat,0.0
DE,2050,21,163,ES1 0 bat,0.0
DE,2050,21,164,ES1 0 bat,0.0
DE,2050,21,165,ES1 0 bat,0.0
DE,2050,21,166,ES1 0 bat,0.0
DE,2050,21,167,ES1 0 bat,0.0
DE,2050,42,0,ES1 0 bat,0.0
DE,2050,42,1,ES1 0 bat,0.0
DE,2050,42,2,ES1 0 bat,0.0
DE,2050,42,3,ES1 0 bat,0.0
DE,2050,42,4,ES1 0 bat,0.0
DE,2050,42,5,ES1 0 bat,0.0
DE,2050,42,6,ES1 0 bat,0.0
DE,2050,42,7,ES1 0 bat,0.0
DE,2050,42,8,ES1 0 bat,0.0
DE,2050,42,9,ES1 0 bat,0.0
DE,2050,42,10,ES1 0 bat,0.0
DE,2050,42,11,ES1 0 bat,0.0
DE,2050,42,12,ES1 0 bat,0.0
DE,2050,42,13,ES1 0 bat,0.0
DE,2050,42,14,ES1 0 bat,0.0
DE,2050,42,15,ES1 0 bat,0.0
DE,2050,42,16,ES1 0 bat,0.0
DE,2050,42,17,ES1 0 bat,0.0
DE,2050,42,18,ES1 0 bat,0.0
DE,2050,42,19,ES1 0 bat,0.0
DE,2050,42,20,ES1 0 bat,0.0
DE,2050,42,21,ES1 0 bat,0.0
DE,2050,42,22,ES1 0 bat,0.0
DE,2050,42,23,ES1 0 bat,0.0
DE,2050,42,24,ES1 0 bat,0.0
DE,2050,42,25,ES1 0 bat,0.0
DE,2050,42,26,ES1 0 bat,0.0
DE,2050,42,27,ES1 0 bat,0.0
DE,2050,42,28,ES1 0 bat,0.0
DE,2050,42,29,ES1 0 bat,0.0
DE,2050,42,30,ES1 0 bat,0.0
DE,2050,42,31,ES1 0 bat,0.0
DE,2050,42,32,ES1 0 bat,0.0
DE,2050,42,33,ES1 0 bat,0.0
DE,2050,42,34,ES1 0 bat,0.0
DE,2050,42,35,ES1 0 bat,0.0
DE,2050,42,36,ES1 0 bat,331.5662903190359
DE,2050,42,37,ES1 0 bat,4558.248333306121
DE,2050,42,38,ES1 0 bat,0.0
DE,2050,42,39,ES1 0 bat,0.0
DE,2050,42,40,ES1 0 bat,0.0
DE,2050,42,41,ES1 0 bat,0.0
DE,2050,42,42,ES1 0 bat,0.0
DE,2050,42,43,ES1 0 bat,0.0
DE,2050,42,44,ES1 0 bat,0.0
DE,2050,42,45,ES1 0 bat,0.0
DE,2050,42,46,ES1 0 bat,0.0
DE,2050,42,47,ES1 0 bat,0.0
DE,2050,42,48,ES1 0 bat,0.0
DE,2050,42,49,ES1 0 bat,0.0
DE,2050,42,50,ES1 0 bat,0.0
DE,2050,42,51,ES1 0 bat,0.0
DE,2050,42,52,ES1 0 bat,0.0
DE,2050,42,53,ES1 0 bat,0.0
DE,2050,42,54,ES1 0 bat,0.0
DE,2050,42,55,ES1 0 bat,0.0
DE,2050,42,56,ES1 0 bat,0.0
DE,2050,42,57,ES1 0 bat,0.0
DE,2050,42,58,ES1 0 bat,2066.4221680481214
DE,2050,42,59,ES1 0 bat,0.0
DE,2050,42,60,ES1 0 bat,0.0
DE,2050,42,61,ES1 0 bat,0.0
DE,2050,42,62,ES1 0 bat,2823.3924555770354
DE,2050,42,63,ES1 0 bat,0.0
DE,2050,42,64,ES1 0 bat,0.0
DE,2050,42,65,ES1 0 bat,0.0
DE,2050,42,66,ES1 0 bat,0.0
DE,2050,42,67,ES1 0 bat,0.0
DE,2050,42,68,ES1 0 bat,0.0
DE,2050,42,69,ES1 0 bat,0.0
DE,2050,42,70,ES1 0 bat,0.0
DE,2050,42,71,ES1 0 bat,0.0
DE,2050,42,72,ES1 0 bat,0.0
DE,2050,42,73,ES1 0 bat,0.0
DE,2050,42,74,ES1 0 bat,0.0
DE,2050,42,75,ES1 0 bat,0.0
DE,2050,42,76,ES1 0 bat,0.0
DE,2050,42,77,ES1 0 bat,0.0
DE,2050,42,78,ES1 0 bat,0.0
DE,2050,42,79,ES1 0 bat,0.0
DE,2050,42,80,ES1 0 bat,0.0
DE,2050,42,81,ES1 0 bat,0.0
DE,2050,42,82,ES1 0 bat,0.0
DE,2050,42,83,ES1 0 bat,4452.487487997228
DE,2050,42,84,ES1 0 bat,0.0
DE,2050,42,85,ES1 0 bat,437.32713562792924
DE,2050,42,86,ES1 0 bat,0.0
DE,2050,42,87,ES1 0 bat,0.0
DE,2050,42,88,ES1 0 bat,0.0
DE,2050,42,89,ES1 0 bat,0.0
DE,2050,42,90,ES1 0 bat,0.0
DE,2050,42,91,ES1 0 bat,0.0
DE,2050,42,92,ES1 0 bat,0.0
DE,2050,42,93,ES1 0 bat,0.0
DE,2050,42,94,ES1 0 bat,0.0
DE,2050,42,95,ES1 0 bat,0.0
DE,2050,42,96,ES1 0 bat,0.0
DE,2050,42,97,ES1 0 bat,0.0
DE,2050,42,98,ES1 0 bat,0.0
DE,2050,42,99,ES1 0 bat,0.0
DE,2050,42,100,ES1 0 bat,0.0
DE,2050,42,101,ES1 0 bat,0.0
DE,2050,42,102,ES1 0 bat,0.0
DE,2050,42,103,ES1 0 bat,0.0
DE,2050,42,104,ES1 0 bat,0.0
DE,2050,42,105,ES1 0 bat,0.0
DE,2050,42,106,ES1 0 bat,0.0
DE,2050,42,107,ES1 0 bat,331.5662903190359
DE,2050,42,108,ES1 0 bat,4558.248333306121
DE,2050,42,109,ES1 0 bat,0.0
DE,2050,42,110,ES1 0 bat,0.0
DE,2050,42,111,ES1 0 bat,0.0
DE,2050,42,112,ES1 0 bat,0.0
DE,2050,42,113,ES1 0 bat,0.0
DE,2050,42,114,ES1 0 bat,0.0
DE,2050,42,115,ES1 0 bat,0.0
DE,2050,42,116,ES1 0 bat,0.0
DE,2050,42,117,ES1 0 bat,0.0
DE,2050,42,118,ES1 0 bat,0.0
DE,2050,42,119,ES1 0 bat,336.068174937549
DE,2050,42,120,ES1 0 bat,597.3144605889102
DE,2050,42,121,ES1 0 bat,0.0
DE,2050,42,122,ES1 0 bat,0.0
DE,2050,42,123,ES1 0 bat,1647.0171386373834
DE,2050,42,124,ES1 0 bat,0.0
DE,2050,42,125,ES1 0 bat,0.0
DE,2050,42,126,ES1 0 bat,0.0
DE,2050,42,127,ES1 0 bat,0.0
DE,2050,42,128,ES1 0 bat,0.0
DE,2050,42,129,ES1 0 bat,0.0
DE,2050,42,130,ES1 0 bat,0.0
DE,2050,42,131,ES1 0 bat,331.5662903190359
DE,2050,42,132,ES1 0 bat,0.0
DE,2050,42,133,ES1 0 bat,0.0
DE,2050,42,134,ES1 0 bat,0.0
DE,2050,42,135,ES1 0 bat,4558.248333306121
DE,2050,42,136,ES1 0 bat,0.0
DE,2050,42,137,ES1 0 bat,0.0
DE,2050,42,138,ES1 0 bat,0.0
DE,2050,42,139,ES1 0 bat,0.0
DE,2050,42,140,ES1 0 bat,0.0
DE,2050,42,141,ES1 0 bat,0.0
DE,2050,42,142,ES1 0 bat,0.0
DE,2050,42,143,ES1 0 bat,0.0
DE,2050,42,144,ES1 0 bat,0.0
DE,2050,42,145,ES1 0 bat,0.0
DE,2050,42,146,ES1 0 bat,0.0
DE,2050,42,147,ES1 0 bat,0.0
DE,2050,42,148,ES1 0 bat,0.0
DE,2050,42,149,ES1 0 bat,0.0
DE,2050,42,150,ES1 0 bat,0.0
DE,2050,42,151,ES1 0 bat,0.0
DE,2050,42,152,ES1 0 bat,0.0
DE,2050,42,153,ES1 0 bat,0.0
DE,2050,42,154,ES1 0 bat,0.0
DE,2050,42,155,ES1 0 bat,0.0
DE,2050,42,156,ES1 0 bat,4558.248333306121
DE,2050,42,157,ES1 0 bat,331.56629031903566
DE,2050,42,158,ES1 0 bat,0.0
DE,2050,42,159,ES1 0 bat,0.0
DE,2050,42,160,ES1 0 bat,0.0
DE,2050,42,161,ES1 0 bat,0.0
DE,2050,42,162,ES1 0 bat,0.0
DE,2050,42,163,ES1 0 bat,0.0
DE,2050,42,164,ES1 0 bat,0.0
DE,2050,42,165,ES1 0 bat,0.0
DE,2050,42,166,ES1 0 bat,0.0
DE,2050,42,167,ES1 0 bat,0.0
NT,2025,21,0,PT1 0 bat,0.0
NT,2025,21,1,PT1 0 bat,0.0
NT,2025,21,2,PT1 0 bat,0.0
NT,2025,21,3,PT1 0 bat,0.0
NT,2025,21,4,PT1 0 bat,0.0
NT,2025,21,5,PT1 0 bat,0.0
NT,2025,21,6,PT1 0 bat,0.0
NT,2025,21,7,PT1 0 bat,0.0
NT,2025,21,8,PT1 0 bat,0.0
NT,2025,21,9,PT1 0 bat,0.0
NT,2025,21,10,PT1 0 bat,0.0
NT,2025,21,11,PT1 0 bat,0.0
NT,2025,21,12,PT1 0 bat,0.0
NT,2025,21,13,PT1 0 bat,0.0
NT,2025,21,14,PT1 0 bat,0.0
NT,2025,21,15,PT1 0 bat,0.0
NT,2025,21,16,PT1 0 bat,0.0
NT,2025,21,17,PT1 0 bat,0.0
NT,2025,21,18,PT1 0 bat,0.0
NT,2025,21,19,PT1 0 bat,0.0
NT,2025,21,20,PT1 0 bat,0.0
NT,2025,21,21,PT1 0 bat,0.0
NT,2025,21,22,PT1 0 bat,0.0
NT,2025,21,23,PT1 0 bat,0.0
NT,2025,21,24,PT1 0 bat,0.0
NT,2025,21,25,PT1 0 bat,0.0
NT,2025,21,26,PT1 0 bat,0.0
NT,2025,21,27,PT1 0 bat,0.0
NT,2025,21,28,PT1 0 bat,0.0
NT,2025,21,29,PT1 0 bat,0.0
NT,2025,21,30,PT1 0 bat,0.0
NT,2025,21,31,PT1 0 bat,0.0
NT,2025,21,32,PT1 0 bat,0.0
NT,2025,21,33,PT1 0 bat,0.0
NT,2025,21,34,PT1 0 bat,0.0
NT,2025,21,35,PT1 0 bat,0.0
NT,2025,21,36,PT1 0 bat,0.0
NT,2025,21,37,PT1 0 bat,0.0
NT,2025,21,38,PT1 0 bat,0.0
NT,2025,21,39,PT1 0 bat,0.0
NT,2025,21,40,PT1 0 bat,0.0
NT,2025,21,41,PT1 0 bat,0.0
NT,2025,21,42,PT1 0 bat,0.0
NT,2025,21,43,PT1 0 bat,0.0
NT,2025,21,44,PT1 0 bat,0.0
NT,2025,21,45,PT1 0 bat,0.0
NT,2025,21,46,PT1 0 bat,0.0
NT,2025,21,47,PT1 0 bat,0.0
NT,2025,21,48,PT1 0 bat,0.0
NT,2025,21,49,PT1 0 bat,0.0
NT,2025,21,50,PT1 0 bat,0.0
NT,2025,21,51,PT1 0 bat,0.0
NT,2025,21,52,PT1 0 bat,0.0
NT,2025,21,53,PT1 0 bat,0.0
NT,2025,21,54,PT1 0 bat,0.0
NT,2025,21,55,PT1 0 bat,0.0
NT,2025,21,56,PT1 0 bat,0.0
NT,2025,21,57,PT1 0 bat,0.0
NT,2025,21,58,PT1 0 bat,0.0
NT,2025,21,59,PT1 0 bat,0.0
NT,2025,21,60,PT1 0 bat,0.0
NT,2025,21,61,PT1 0 bat,0.0
NT,2025,21,62,PT1 0 bat,0.0
NT,2025,21,63,PT1 0 bat,0.0
NT,2025,21,64,PT1 0 bat,0.0
NT,2025,21,65,PT1 0 bat,0.0
NT,2025,21,66,PT1 0 bat,0.0
NT,2025,21,67,PT1 0 bat,0.0
NT,2025,21,68,PT1 0 bat,0.0
NT,2025,21,69,PT1 0 bat,0.0
NT,2025,21,70,PT1 0 bat,0.0
NT,2025,21,71,PT1 0 bat,0.0
NT,2025,21,72,PT1 0 bat,0.0
NT,2025,21,73,PT1 0 bat,0.0
NT,2025,21,74,PT1 0 bat,0.0
NT,2025,21,75,PT1 0 bat,0.0
NT,2025,21,76,PT1 0 bat,0.0
NT,2025,21,77,PT1 0 bat,0.0
NT,2025,21,78,PT1 0 bat,0.0
NT,2025,21,79,PT1 0 bat,0.0
NT,2025,21,80,PT1 0 bat,0.0
NT,2025,21,81,PT1 0 bat,0.0
NT,2025,21,82,PT1 0 bat,0.0
NT,2025,21,83,PT1 0 bat,0.0
NT,2025,21,84,PT1 0 bat,0.0
NT,2025,21,85,PT1 0 bat,0.0
NT,2025,21,86,PT1 0 bat,0.0
NT,2025,21,87,PT1 0 bat,0.0
NT,2025,21,88,PT1 0 bat,0.0
NT,2025,21,89,PT1 0 bat,0.0
NT,2025,21,90,PT1 0 bat,0.0
NT,2025,21,91,PT1 0 bat,0.0
NT,2025,21,92,PT1 0 bat,0.0
NT,2025,21,93,PT1 0 bat,0.0
NT,2025,21,94,PT1 0 bat,0.0
NT,2025,21,95,PT1 0 bat,0.0
NT,2025,21,96,PT1 0 bat,0.0
NT,2025,21,97,PT1 0 bat,0.0
NT,2025,21,98,PT1 0 bat,0.0
NT,2025,21,99,PT1 0 bat,0.0
NT,2025,21,100,PT1 0 bat,0.0
NT,2025,21,101,PT1 0 bat,0.0
NT,2025,21,102,PT1 0 bat,0.0
NT,2025,21,103,PT1 0 bat,0.0
NT,2025,21,104,PT1 0 bat,0.0
NT,2025,21,105,PT1 0 bat,0.0
NT,2025,21,106,PT1 0 bat,0.0
NT,2025,21,107,PT1 0 bat,0.0
NT,2025,21,108,PT1 0 bat,0.0
NT,2025,21,109,PT1 0 bat,0.0
NT,2025,21,110,PT1 0 bat,0.0
NT,2025,21,111,PT1 0 bat,0.0
NT,2025,21,112,PT1 0 bat,0.0
NT,2025,21,113,PT1 0 bat,0.0
NT,2025,21,114,PT1 0 bat,0.0
NT,2025,21,115,PT1 0 bat,0.0
NT,2025,21,116,PT1 0 bat,0.0
NT,2025,21,117,PT1 0 bat,0.0
NT,2025,21,118,PT1 0 bat,0.0
NT,2025,21,119,PT1 0 bat,0.0
NT,2025,21,120,PT1 0 bat,0.0
NT,2025,21,121,PT1 0 bat,0.0
NT,2025,21,122,PT1 0 bat,0.0
NT,2025,21,123,PT1 0 bat,0.0
NT,2025,21,124,PT1 0 bat,0.0
NT,2025,21,125,PT1 0 bat,0.0
NT,2025,21,126,PT1 0 bat,0.0
NT,2025,21,127,PT1 0 bat,0.0
NT,2025,21,128,PT1 0 bat,0.0
NT,2025,21,129,PT1 0 bat,0.0
NT,2025,21,130,PT1 0 bat,0.0
NT,2025,21,131,PT1 0 bat,0.0
NT,2025,21,132,PT1 0 bat,0.0
NT,2025,21,133,PT1 0 bat,0.0
NT,2025,21,134,PT1 0 bat,0.0
NT,2025,21,135,PT1 0 bat,0.0
NT,2025,21,136,PT1 0 bat,0.0
NT,2025,21,137,PT1 0 bat,0.0
NT,2025,21,138,PT1 0 bat,0.0
NT,2025,21,139,PT1 0 bat,0.0
NT,2025,21,140,PT1 0 bat,0.0
NT,2025,21,141,PT1 0 bat,0.0
NT,2025,21,142,PT1 0 bat,0.0
NT,2025,21,143,PT1 0 bat,0.0
NT,2025,21,144,PT1 0 bat,0.0
NT,2025,21,145,PT1 0 bat,0.0
NT,2025,21,146,PT1 0 bat,0.0
NT,2025,21,147,PT1 0 bat,0.0
NT,2025,21,148,PT1 0 bat,0.0
NT,2025,21,149,PT1 0 bat,0.0
NT,2025,21,150,PT1 0 bat,0.0
NT,2025,21,151,PT1 0 bat,0.0
NT,2025,21,152,PT1 0 bat,0.0
NT,2025,21,153,PT1 0 bat,0.0
NT,2025,21,154,PT1 0 bat,0.0
NT,2025,21,155,PT1 0 bat,0.0
NT,2025,21,156,PT1 0 bat,0.0
NT,2025,21,157,PT1 0 bat,0.0
NT,2025,21,158,PT1 0 bat,0.0
NT,2025,21,159,PT1 0 bat,0.0
NT,2025,21,160,PT1 0 bat,0.0
NT,2025,21,161,PT1 0 bat,0.0
NT,2025,21,162,PT1 0 bat,0.0
NT,2025,21,163,PT1 0 bat,0.0
NT,2025,21,164,PT1 0 bat,0.0
NT,2025,21,165,PT1 0 bat,0.0
NT,2025,21,166,PT1 0 bat,0.0
NT,2025,21,167,PT1 0 bat,0.0
NT,2025,42,0,PT1 0 bat,0.0
NT,2025,42,1,PT1 0 bat,0.0
NT,2025,42,2,PT1 0 bat,0.0
NT,2025,42,3,PT1 0 bat,0.0
NT,2025,42,4,PT1 0 bat,0.0
NT,2025,42,5,PT1 0 bat,0.0
NT,2025,42,6,PT1 0 bat,0.0
NT,2025,42,7,PT1 0 bat,0.0
NT,2025,42,8,PT1 0 bat,0.0
NT,2025,42,9,PT1 0 bat,0.0
NT,2025,42,10,PT1 0 bat,0.0
NT,2025,42,11,PT1 0 bat,0.0
NT,2025,42,12,PT1 0 bat,0.0
NT,2025,42,13,PT1 0 bat,0.0
NT,2025,42,14,PT1 0 bat,0.0
NT,2025,42,15,PT1 0 bat,0.0
NT,2025,42,16,PT1 0 bat,0.0
NT,2025,42,17,PT1 0 bat,0.0
NT,2025,42,18,PT1 0 bat,0.0
NT,2025,42,19,PT1 0 bat,0.0
NT,2025,42,20,PT1 0 bat,0.0
NT,2025,42,21,PT1 0 bat,0.0
NT,2025,42,22,PT1 0 bat,0.0
NT,2025,42,23,PT1 0 bat,0.0
NT,2025,42,24,PT1 0 bat,0.0
NT,2025,42,25,PT1 0 bat,0.0
NT,2025,42,26,PT1 0 bat,0.0
NT,2025,42,27,PT1 0 bat,0.0
NT,2025,42,28,PT1 0 bat,0.0
NT,2025,42,29,PT1 0 bat,0.0
NT,2025,42,30,PT1 0 bat,0.0
NT,2025,42,31,PT1 0 bat,0.0
NT,2025,42,32,PT1 0 bat,0.0
NT,2025,42,33,PT1 0 bat,0.0
NT,2025,42,34,PT1 0 bat,0.0
NT,2025,42,35,PT1 0 bat,0.0
NT,2025,42,36,PT1 0 bat,0.0
NT,2025,42,37,PT1 0 bat,0.0
NT,2025,42,38,PT1 0 bat,0.0
NT,2025,42,39,PT1 0 bat,0.0
NT,2025,42,40,PT1 0 bat,0.0
NT,2025,42,41,PT1 0 bat,0.0
NT,2025,42,42,PT1 0 bat,0.0
NT,2025,42,43,PT1 0 bat,0.0
NT,2025,42,44,PT1 0 bat,0.0
NT,2025,42,45,PT1 0 bat,0.0
NT,2025,42,46,PT1 0 bat,0.0
NT,2025,42,47,PT1 0 bat,0.0
NT,2025,42,48,PT1 0 bat,0.0
NT,2025,42,49,PT1 0 bat,0.0
NT,2025,42,50,PT1 0 bat,0.0
NT,2025,42,51,PT1 0 bat,0.0
NT,2025,42,52,PT1 0 bat,0.0
NT,2025,42,53,PT1 0 bat,0.0
NT,2025,42,54,PT1 0 bat,0.0
NT,2025,42,55,PT1 0 bat,0.0
NT,2025,42,56,PT1 0 bat,0.0
NT,2025,42,57,PT1 0 bat,0.0
NT,2025,42,58,PT1 0 bat,0.0
NT,2025,42,59,PT1 0 bat,0.0
NT,2025,42,60,PT1 0 bat,0.0
NT,2025,42,61,PT1 0 bat,0.0
NT,2025,42,62,PT1 0 bat,0.0
NT,2025,42,63,PT1 0 bat,0.0
NT,2025,42,64,PT1 0 bat,0.0
NT,2025,42,65,PT1 0 bat,0.0
NT,2025,42,66,PT1 0 bat,0.0
NT,2025,42,67,PT1 0 bat,0.0
NT,2025,42,68,PT1 0 bat,0.0
NT,2025,42,69,PT1 0 bat,0.0
NT,2025,42,70,PT1 0 bat,0.0
NT,2025,42,71,PT1 0 bat,0.0
NT,2025,42,72,PT1 0 bat,0.0
NT,2025,42,73,PT1 0 bat,0.0
NT,2025,42,74,PT1 0 bat,0.0
NT,2025,42,75,PT1 0 bat,0.0
NT,2025,42,76,PT1 0 bat,0.0
NT,2025,42,77,PT1 0 bat,0.0
NT,2025,42,78,PT1 0 bat,0.0
NT,2025,42,79,PT1 0 bat,0.0
NT,2025,42,80,PT1 0 bat,0.0
NT,2025,42,81,PT1 0 bat,0.0
NT,2025,42,82,PT1 0 bat,0.0
NT,2025,42,83,PT1 0 bat,0.0
NT,2025,42,84,PT1 0 bat,0.0
NT,2025,42,85,PT1 0 bat,0.0
NT,2025,42,86,PT1 0 bat,0.0
NT,2025,42,87,PT1 0 bat,0.0
NT,2025,42,88,PT1 0 bat,0.0
NT,2025,42,89,PT1 0 bat,0.0
NT,2025,42,90,PT1 0 bat,0.0
NT,2025,42,91,PT1 0 bat,0.0
NT,2025,42,92,PT1 0 bat,0.0
NT,2025,42,93,PT1 0 bat,0.0
NT,2025,42,94,PT1 0 bat,0.0
NT,2025,42,95,PT1 0 bat,0.0
NT,2025,42,96,PT1 0 bat,0.0
NT,2025,42,97,PT1 0 bat,0.0
NT,2025,42,98,PT1 0 bat,0.0
NT,2025,42,99,PT1 0 bat,0.0
NT,2025,42,100,PT1 0 bat,0.0
NT,2025,42,101,PT1 0 bat,0.0
NT,2025,42,102,PT1 0 bat,0.0
NT,2025,42,103,PT1 0 bat,0.0
NT,2025,42,104,PT1 0 bat,0.0
NT,2025,42,105,PT1 0 bat,0.0
NT,2025,42,106,PT1 0 bat,0.0
NT,2025,42,107,PT1 0 bat,0.0
NT,2025,42,108,PT1 0 bat,0.0
NT,2025,42,109,PT1 0 bat,0.0
NT,2025,42,110,PT1 0 bat,0.0
NT,2025,42,111,PT1 0 bat,0.0
NT,2025,42,112,PT1 0 bat,0.0
NT,2025,42,113,PT1 0 bat,0.0
NT,2025,42,114,PT1 0 bat,0.0
NT,2025,42,115,PT1 0 bat,0.0
NT,2025,42,116,PT1 0 bat,0.0
NT,2025,42,117,PT1 0 bat,0.0
NT,2025,42,118,PT1 0 bat,0.0
NT,2025,42,119,PT1 0 bat,0.0
NT,2025,42,120,PT1 0 bat,0.0
NT,2025,42,121,PT1 0 bat,0.0
NT,2025,42,122,PT1 0 bat,0.0
NT,2025,42,123,PT1 0 bat,0.0
NT,2025,42,124,PT1 0 bat,0.0
NT,2025,42,125,PT1 0 bat,0.0
NT,2025,42,126,PT1 0 bat,0.0
NT,2025,42,127,PT1 0 bat,0.0
NT,2025,42,128,PT1 0 bat,0.0
NT,2025,42,129,PT1 0 bat,0.0
NT,2025,42,130,PT1 0 bat,0.0
NT,2025,42,131,PT1 0 bat,0.0
NT,2025,42,132,PT1 0 bat,0.0
NT,2025,42,133,PT1 0 bat,0.0
NT,2025,42,134,PT1 0 bat,0.0
NT,2025,42,135,PT1 0 bat,0.0
NT,2025,42,136,PT1 0 bat,0.0
NT,2025,42,137,PT1 0 bat,0.0
NT,2025,42,138,PT1 0 bat,0.0
NT,2025,42,139,PT1 0 bat,0.0
NT,2025,42,140,PT1 0 bat,0.0
NT,2025,42,141,PT1 0 bat,0.0
NT,2025,42,142,PT1 0 bat,0.0
NT,2025,42,143,PT1 0 bat,0.0
NT,2025,42,144,PT1 0 bat,0.0
NT,2025,42,145,PT1 0 bat,0.0
NT,2025,42,146,PT1 0 bat,0.0
NT,2025,42,147,PT1 0 bat,0.0
NT,2025,42,148,PT1 0 bat,0.0
NT,2025,42,149,PT1 0 bat,0.0
NT,2025,42,150,PT1 0 bat,0.0
NT,2025,42,151,PT1 0 bat,0.0
NT,2025,42,152,PT1 0 bat,0.0
NT,2025,42,153,PT1 0 bat,0.0
NT,2025,42,154,PT1 0 bat,0.0
NT,2025,42,155,PT1 0 bat,0.0
NT,2025,42,156,PT1 0 bat,0.0
NT,2025,42,157,PT1 0 bat,0.0
NT,2025,42,158,PT1 0 bat,0.0
NT,2025,42,159,PT1 0 bat,0.0
NT,2025,42,160,PT1 0 bat,0.0
NT,2025,42,161,PT1 0 bat,0.0
NT,2025,42,162,PT1 0 bat,0.0
NT,2025,42,163,PT1 0 bat,0.0
NT,2025,42,164,PT1 0 bat,0.0
NT,2025,42,165,PT1 0 bat,0.0
NT,2025,42,166,PT1 0 bat,0.0
NT,2025,42,167,PT1 0 bat,0.0
NT,2030,21,0,PT1 0 bat,0.0
NT,2030,21,1,PT1 0 bat,0.0
NT,2030,21,2,PT1 0 bat,0.0
NT,2030,21,3,PT1 0 bat,0.0
NT,2030,21,4,PT1 0 bat,0.0
NT,2030,21,5,PT1 0 bat,0.0
NT,2030,21,6,PT1 0 bat,0.0
NT,2030,21,7,PT1 0 bat,0.0
NT,2030,21,8,PT1 0 bat,0.0
NT,2030,21,9,PT1 0 bat,0.0
NT,2030,21,10,PT1 0 bat,0.0
NT,2030,21,11,PT1 0 bat,0.0
NT,2030,21,12,PT1 0 bat,0.0
NT,2030,21,13,PT1 0 bat,0.0
NT,2030,21,14,PT1 0 bat,0.0
NT,2030,21,15,PT1 0 bat,0.0
NT,2030,21,16,PT1 0 bat,0.0
NT,2030,21,17,PT1 0 bat,0.0
NT,2030,21,18,PT1 0 bat,0.0
NT,2030,21,19,PT1 0 bat,0.0
NT,2030,21,20,PT1 0 bat,0.0
NT,2030,21,21,PT1 0 bat,0.0
NT,2030,21,22,PT1 0 bat,0.0
NT,2030,21,23,PT1 0 bat,0.0
NT,2030,21,24,PT1 0 bat,0.0
NT,2030,21,25,PT1 0 bat,0.0
NT,2030,21,26,PT1 0 bat,0.0
NT,2030,21,27,PT1 0 bat,0.0
NT,2030,21,28,PT1 0 bat,0.0
NT,2030,21,29,PT1 0 bat,0.0
NT,2030,21,30,PT1 0 bat,0.0
NT,2030,21,31,PT1 0 bat,0.0
NT,2030,21,32,PT1 0 bat,0.0
NT,2030,21,33,PT1 0 bat,0.0
NT,2030,21,34,PT1 0 bat,0.0
NT,2030,21,35,PT1 0 bat,0.0
NT,2030,21,36,PT1 0 bat,0.0
NT,2030,21,37,PT1 0 bat,0.0
NT,2030,21,38,PT1 0 bat,0.0
NT,2030,21,39,PT1 0 bat,0.0
NT,2030,21,40,PT1 0 bat,0.0
NT,2030,21,41,PT1 0 bat,0.0
NT,2030,21,42,PT1 0 bat,0.0
NT,2030,21,43,PT1 0 bat,0.0
NT,2030,21,44,PT1 0 bat,0.0
NT,2030,21,45,PT1 0 bat,0.0
NT,2030,21,46,PT1 0 bat,0.0
NT,2030,21,47,PT1 0 bat,0.0
NT,2030,21,48,PT1 0 bat,0.0
NT,2030,21,49,PT1 0 bat,0.0
NT,2030,21,50,PT1 0 bat,0.0
NT,2030,21,51,PT1 0 bat,0.0
NT,2030,21,52,PT1 0 bat,0.0
NT,2030,21,53,PT1 0 bat,0.0
NT,2030,21,54,PT1 0 bat,0.0
NT,2030,21,55,PT1 0 bat,0.0
NT,2030,21,56,PT1 0 bat,0.0
NT,2030,21,57,PT1 0 bat,0.0
NT,2030,21,58,PT1 0 bat,0.0
NT,2030,21,59,PT1 0 bat,0.0
NT,2030,21,60,PT1 0 bat,0.0
NT,2030,21,61,PT1 0 bat,0.0
NT,2030,21,62,PT1 0 bat,0.0
NT,2030,21,63,PT1 0 bat,0.0
NT,2030,21,64,PT1 0 bat,0.0
NT,2030,21,65,PT1 0 bat,0.0
NT,2030,21,66,PT1 0 bat,0.0
NT,2030,21,67,PT1 0 bat,0.0
NT,2030,21,68,PT1 0 bat,0.0
NT,2030,21,69,PT1 0 bat,0.0
NT,2030,21,70,PT1 0 bat,0.0
NT,2030,21,71,PT1 0 bat,0.0
NT,2030,21,72,PT1 0 bat,0.0
NT,2030,21,73,PT1 0 bat,0.0
NT,2030,21,74,PT1 0 bat,0.0
NT,2030,21,75,PT1 0 bat,0.0
NT,2030,21,76,PT1 0 bat,0.0
NT,2030,21,77,PT1 0 bat,0.0
NT,2030,21,78,PT1 0 bat,0.0
NT,2030,21,79,PT1 0 bat,0.0
NT,2030,21,80,PT1 0 bat,0.0
NT,2030,21,81,PT1 0 bat,0.0
NT,2030,21,82,PT1 0 bat,0.0
NT,2030,21,83,PT1 0 bat,0.0
NT,2030,21,84,PT1 0 bat,0.0
NT,2030,21,85,PT1 0 bat,0.0
NT,2030,21,86,PT1 0 bat,0.0
NT,2030,21,87,PT1 0 bat,0.0
NT,2030,21,88,PT1 0 bat,0.0
NT,2030,21,89,PT1 0 bat,0.0
NT,2030,21,90,PT1 0 bat,0.0
NT,2030,21,91,PT1 0 bat,0.0
NT,2030,21,92,PT1 0 bat,0.0
NT,2030,21,93,PT1 0 bat,0.0
NT,2030,21,94,PT1 0 bat,0.0
NT,2030,21,95,PT1 0 bat,0.0
NT,2030,21,96,PT1 0 bat,0.0
NT,2030,21,97,PT1 0 bat,0.0
NT,2030,21,98,PT1 0 bat,0.0
NT,2030,21,99,PT1 0 bat,0.0
NT,2030,21,100,PT1 0 bat,0.0
NT,2030,21,101,PT1 0 bat,0.0
NT,2030,21,102,PT1 0 bat,0.0
NT,2030,21,103,PT1 0 bat,0.0
NT,2030,21,104,PT1 0 bat,0.0
NT,2030,21,105,PT1 0 bat,0.0
NT,2030,21,106,PT1 0 bat,0.0
NT,2030,21,107,PT1 0 bat,0.0
NT,2030,21,108,PT1 0 bat,0.0
NT,2030,21,109,PT1 0 bat,0.0
NT,2030,21,110,PT1 0 bat,0.0
NT,2030,21,111,PT1 0 bat,0.0
NT,2030,21,112,PT1 0 bat,0.0
NT,2030,21,113,PT1 0 bat,0.0
NT,2030,21,114,PT1 0 bat,0.0
NT,2030,21,115,PT1 0 bat,0.0
NT,2030,21,116,PT1 0 bat,0.0
NT,2030,21,117,PT1 0 bat,0.0
NT,2030,21,118,PT1 0 bat,0.0
NT,2030,21,119,PT1 0 bat,0.0
NT,2030,21,120,PT1 0 bat,0.0
NT,2030,21,121,PT1 0 bat,0.0
NT,2030,21,122,PT1 0 bat,0.0
NT,2030,21,123,PT1 0 bat,0.0
NT,2030,21,124,PT1 0 bat,0.0
NT,2030,21,125,PT1 0 bat,0.0
NT,2030,21,126,PT1 0 bat,0.0
NT,2030,21,127,PT1 0 bat,0.0
NT,2030,21,128,PT1 0 bat,0.0
NT,2030,21,129,PT1 0 bat,0.0
NT,2030,21,130,PT1 0 bat,0.0
NT,2030,21,131,PT1 0 bat,0.0
NT,2030,21,132,PT1 0 bat,0.0
NT,2030,21,133,PT1 0 bat,0.0
NT,2030,21,134,PT1 0 bat,0.0
NT,2030,21,135,PT1 0 bat,0.0
NT,2030,21,136,PT1 0 bat,0.0
NT,2030,21,137,PT1 0 bat,0.0
NT,2030,21,138,PT1 0 bat,0.0
NT,2030,21,139,PT1 0 bat,0.0
NT,2030,21,140,PT1 0 bat,0.0
NT,2030,21,141,PT1 0 bat,0.0
NT,2030,21,142,PT1 0 bat,0.0
NT,2030,21,143,PT1 0 bat,0.0
NT,2030,21,144,PT1 0 bat,0.0
NT,2030,21,145,PT1 0 bat,0.0
NT,2030,21,146,PT1 0 bat,0.0
NT,2030,21,147,PT1 0 bat,0.0
NT,2030,21,148,PT1 0 bat,0.0
NT,2030,21,149,PT1 0 bat,0.0
NT,2030,21,150,PT1 0 bat,0.0
NT,2030,21,151,PT1 0 bat,0.0
NT,2030,21,152,PT1 0 bat,0.0
NT,2030,21,153,PT1 0 bat,0.0
NT,2030,21,154,PT1 0 bat,0.0
NT,2030,21,155,PT1 0 bat,0.0
NT,2030,21,156,PT1 0 bat,0.0
NT,2030,21,157,PT1 0 bat,0.0
NT,2030,21,158,PT1 0 bat,0.0
NT,2030,21,159,PT1 0 bat,0.0
NT,2030,21,160,PT1 0 bat,0.0
NT,2030,21,161,PT1 0 bat,0.0
NT,2030,21,162,PT1 0 bat,0.0
NT,2030,21,163,PT1 0 bat,0.0
NT,2030,21,164,PT1 0 bat,0.0
NT,2030,21,165,PT1 0 bat,0.0
NT,2030,21,166,PT1 0 bat,0.0
NT,2030,21,167,PT1 0 bat,0.0
NT,2030,42,0,PT1 0 bat,0.0
NT,2030,42,1,PT1 0 bat,0.0
NT,2030,42,2,PT1 0 bat,0.0
NT,2030,42,3,PT1 0 bat,0.0
NT,2030,42,4,PT1 0 bat,0.0
NT,2030,42,5,PT1 0 bat,0.0
NT,2030,42,6,PT1 0 bat,0.0
NT,2030,42,7,PT1 0 bat,0.0
NT,2030,42,8,PT1 0 bat,0.0
NT,2030,42,9,PT1 0 bat,0.0
NT,2030,42,10,PT1 0 bat,0.0
NT,2030,42,11,PT1 0 bat,0.0
NT,2030,42,12,PT1 0 bat,0.0
NT,2030,42,13,PT1 0 bat,0.0
NT,2030,42,14,PT1 0 bat,0.0
NT,2030,42,15,PT1 0 bat,0.0
NT,2030,42,16,PT1 0 bat,0.0
NT,2030,42,17,PT1 0 bat,0.0
NT,2030,42,18,PT1 0 bat,0.0
NT,2030,42,19,PT1 0 bat,0.0
NT,2030,42,20,PT1 0 bat,0.0
NT,2030,42,21,PT1 0 bat,0.0
NT,2030,42,22,PT1 0 bat,0.0
NT,2030,42,23,PT1 0 bat,0.0
NT,2030,42,24,PT1 0 bat,0.0
NT,2030,42,25,PT1 0 bat,0.0
NT,2030,42,26,PT1 0 bat,0.0
NT,2030,42,27,PT1 0 bat,0.0
NT,2030,42,28,PT1 0 bat,0.0
NT,2030,42,29,PT1 0 bat,0.0
NT,2030,42,30,PT1 0 bat,0.0
NT,2030,42,31,PT1 0 bat,0.0
NT,2030,42,32,PT1 0 bat,0.0
NT,2030,42,33,PT1 0 bat,0.0
NT,2030,42,34,PT1 0 bat,0.0
NT,2030,42,35,PT1 0 bat,0.0
NT,2030,42,36,PT1 0 bat,0.0
NT,2030,42,37,PT1 0 bat,0.0
NT,2030,42,38,PT1 0 bat,0.0
NT,2030,42,39,PT1 0 bat,0.0
NT,2030,42,40,PT1 0 bat,0.0
NT,2030,42,41,PT1 0 bat,0.0
NT,2030,42,42,PT1 0 bat,0.0
NT,2030,42,43,PT1 0 bat,0.0
NT,2030,42,44,PT1 0 bat,0.0
NT,2030,42,45,PT1 0 bat,0.0
NT,2030,42,46,PT1 0 bat,0.0
NT,2030,42,47,PT1 0 bat,0.0
NT,2030,42,48,PT1 0 bat,0.0
NT,2030,42,49,PT1 0 bat,0.0
NT,2030,42,50,PT1 0 bat,0.0
NT,2030,42,51,PT1 0 bat,0.0
NT,2030,42,52,PT1 0 bat,0.0
NT,2030,42,53,PT1 0 bat,0.0
NT,2030,42,54,PT1 0 bat,0.0
NT,2030,42,55,PT1 0 bat,0.0
NT,2030,42,56,PT1 0 bat,0.0
NT,2030,42,57,PT1 0 bat,0.0
NT,2030,42,58,PT1 0 bat,0.0
NT,2030,42,59,PT1 0 bat,0.0
NT,2030,42,60,PT1 0 bat,0.0
NT,2030,42,61,PT1 0 bat,0.0
NT,2030,42,62,PT1 0 bat,0.0
NT,2030,42,63,PT1 0 bat,0.0
NT,2030,42,64,PT1 0 bat,0.0
NT,2030,42,65,PT1 0 bat,0.0
NT,2030,42,66,PT1 0 bat,0.0
NT,2030,42,67,PT1 0 bat,0.0
NT,2030,42,68,PT1 0 bat,0.0
NT,2030,42,69,PT1 0 bat,0.0
NT,2030,42,70,PT1 0 bat,0.0
NT,2030,42,71,PT1 0 bat,0.0
NT,2030,42,72,PT1 0 bat,0.0
NT,2030,42,73,PT1 0 bat,0.0
NT,2030,42,74,PT1 0 bat,0.0
NT,2030,42,75,PT1 0 bat,0.0
NT,2030,42,76,PT1 0 bat,0.0
NT,2030,42,77,PT1 0 bat,0.0
NT,2030,42,78,PT1 0 bat,0.0
NT,2030,42,79,PT1 0 bat,0.0
NT,2030,42,80,PT1 0 bat,0.0
NT,2030,42,81,PT1 0 bat,0.0
NT,2030,42,82,PT1 0 bat,0.0
NT,2030,42,83,PT1 0 bat,0.0
NT,2030,42,84,PT1 0 bat,0.0
NT,2030,42,85,PT1 0 bat,0.0
NT,2030,42,86,PT1 0 bat,0.0
NT,2030,42,87,PT1 0 bat,0.0
NT,2030,42,88,PT1 0 bat,0.0
NT,2030,42,89,PT1 0 bat,0.0
NT,2030,42,90,PT1 0 bat,0.0
NT,2030,42,91,PT1 0 bat,0.0
NT,2030,42,92,PT1 0 bat,0.0
NT,2030,42,93,PT1 0 bat,0.0
NT,2030,42,94,PT1 0 bat,0.0
NT,2030,42,95,PT1 0 bat,0.0
NT,2030,42,96,PT1 0 bat,0.0
NT,2030,42,97,PT1 0 bat,0.0
NT,2030,42,98,PT1 0 bat,0.0
NT,2030,42,99,PT1 0 bat,0.0
NT,2030,42,100,PT1 0 bat,0.0
NT,2030,42,101,PT1 0 bat,0.0
NT,2030,42,102,PT1 0 bat,0.0
NT,2030,42,103,PT1 0 bat,0.0
NT,2030,42,104,PT1 0 bat,0.0
NT,2030,42,105,PT1 0 bat,0.0
NT,2030,42,106,PT1 0 bat,0.0
NT,2030,42,107,PT1 0 bat,0.0
NT,2030,42,108,PT1 0 bat,0.0
NT,2030,42,109,PT1 0 bat,0.0
NT,2030,42,110,PT1 0 bat,0.0
NT,2030,42,111,PT1 0 bat,0.0
NT,2030,42,112,PT1 0 bat,0.0
NT,2030,42,113,PT1 0 bat,0.0
NT,2030,42,114,PT1 0 bat,0.0
NT,2030,42,115,PT1 0 bat,0.0
NT,2030,42,116,PT1 0 bat,0.0
NT,2030,42,117,PT1 0 bat,0.0
NT,2030,42,118,PT1 0 bat,0.0
NT,2030,42,119,PT1 0 bat,0.0
NT,2030,42,120,PT1 0 bat,0.0
NT,2030,42,121,PT1 0 bat,0.0
NT,2030,42,122,PT1 0 bat,0.0
NT,2030,42,123,PT1 0 bat,0.0
NT,2030,42,124,PT1 0 bat,0.0
NT,2030,42,125,PT1 0 bat,0.0
NT,2030,42,126,PT1 0 bat,0.0
NT,2030,42,127,PT1 0 bat,0.0
NT,2030,42,128,PT1 0 bat,0.0
NT,2030,42,129,PT1 0 bat,0.0
NT,2030,42,130,PT1 0 bat,0.0
NT,2030,42,131,PT1 0 bat,0.0
NT,2030,42,132,PT1 0 bat,0.0
NT,2030,42,133,PT1 0 bat,0.0
NT,2030,42,134,PT1 0 bat,0.0
NT,2030,42,135,PT1 0 bat,0.0
NT,2030,42,136,PT1 0 bat,0.0
NT,2030,42,137,PT1 0 bat,0.0
NT,2030,42,138,PT1 0 bat,0.0
NT,2030,42,139,PT1 0 bat,0.0
NT,2030,42,140,PT1 0 bat,0.0
NT,2030,42,141,PT1 0 bat,0.0
NT,2030,42,142,PT1 0 bat,0.0
NT,2030,42,143,PT1 0 bat,0.0
NT,2030,42,144,PT1 0 bat,0.0
NT,2030,42,145,PT1 0 bat,0.0
NT,2030,42,146,PT1 0 bat,0.0
NT,2030,42,147,PT1 0 bat,0.0
NT,2030,42,148,PT1 0 bat,0.0
NT,2030,42,149,PT1 0 bat,0.0
NT,2030,42,150,PT1 0 bat,0.0
NT,2030,42,151,PT1 0 bat,0.0
NT,2030,42,152,PT1 0 bat,0.0
NT,2030,42,153,PT1 0 bat,0.0
NT,2030,42,154,PT1 0 bat,0.0
NT,2030,42,155,PT1 0 bat,0.0
NT,2030,42,156,PT1 0 bat,0.0
NT,2030,42,157,PT1 0 bat,0.0
NT,2030,42,158,PT1 0 bat,0.0
NT,2030,42,159,PT1 0 bat,0.0
NT,2030,42,160,PT1 0 bat,0.0
NT,2030,42,161,PT1 0 bat,0.0
NT,2030,42,162,PT1 0 bat,0.0
NT,2030,42,163,PT1 0 bat,0.0
NT,2030,42,164,PT1 0 bat,0.0
NT,2030,42,165,PT1 0 bat,0.0
NT,2030,42,166,PT1 0 bat,0.0
NT,2030,42,167,PT1 0 bat,0.0
NT,2040,21,0,PT1 0 bat,0.0
NT,2040,21,1,PT1 0 bat,0.0
NT,2040,21,2,PT1 0 bat,0.0
NT,2040,21,3,PT1 0 bat,0.0
NT,2040,21,4,PT1 0 bat,0.0
NT,2040,21,5,PT1 0 bat,0.0
NT,2040,21,6,PT1 0 bat,0.0
NT,2040,21,7,PT1 0 bat,0.0
NT,2040,21,8,PT1 0 bat,0.0
NT,2040,21,9,PT1 0 bat,0.0
NT,2040,21,10,PT1 0 bat,0.0
NT,2040,21,11,PT1 0 bat,0.0
NT,2040,21,12,PT1 0 bat,0.0
NT,2040,21,13,PT1 0 bat,0.0
NT,2040,21,14,PT1 0 bat,0.0
NT,2040,21,15,PT1 0 bat,0.0
NT,2040,21,16,PT1 0 bat,0.0
NT,2040,21,17,PT1 0 bat,0.0
NT,2040,21,18,PT1 0 bat,0.0
NT,2040,21,19,PT1 0 bat,0.0
NT,2040,21,20,PT1 0 bat,0.0
NT,2040,21,21,PT1 0 bat,0.0
NT,2040,21,22,PT1 0 bat,0.0
NT,2040,21,23,PT1 0 bat,0.0
NT,2040,21,24,PT1 0 bat,0.0
NT,2040,21,25,PT1 0 bat,0.0
NT,2040,21,26,PT1 0 bat,0.0
NT,2040,21,27,PT1 0 bat,0.0
NT,2040,21,28,PT1 0 bat,0.0
NT,2040,21,29,PT1 0 bat,0.0
NT,2040,21,30,PT1 0 bat,0.0
NT,2040,21,31,PT1 0 bat,0.0
NT,2040,21,32,PT1 0 bat,0.0
NT,2040,21,33,PT1 0 bat,0.0
NT,2040,21,34,PT1 0 bat,0.0
NT,2040,21,35,PT1 0 bat,0.0
NT,2040,21,36,PT1 0 bat,1474.634945932661
NT,2040,21,37,PT1 0 bat,5692.433284132809
NT,2040,21,38,PT1 0 bat,0.0
NT,2040,21,39,PT1 0 bat,0.0
NT,2040,21,40,PT1 0 bat,0.0
NT,2040,21,41,PT1 0 bat,2126.700397090138
NT,2040,21,42,PT1 0 bat,0.0
NT,2040,21,43,PT1 0 bat,0.0
NT,2040,21,44,PT1 0 bat,0.0
NT,2040,21,45,PT1 0 bat,0.0
NT,2040,21,46,PT1 0 bat,0.0
NT,2040,21,47,PT1 0 bat,0.0
NT,2040,21,48,PT1 0 bat,0.0
NT,2040,21,49,PT1 0 bat,0.0
NT,2040,21,50,PT1 0 bat,0.0
NT,2040,21,51,PT1 0 bat,0.0
NT,2040,21,52,PT1 0 bat,0.0
NT,2040,21,53,PT1 0 bat,0.0
NT,2040,21,54,PT1 0 bat,0.0
NT,2040,21,55,PT1 0 bat,0.0
NT,2040,21,56,PT1 0 bat,0.0
NT,2040,21,57,PT1 0 bat,0.0
NT,2040,21,58,PT1 0 bat,0.0
NT,2040,21,59,PT1 0 bat,0.0
NT,2040,21,60,PT1 0 bat,5692.433284132809
NT,2040,21,61,PT1 0 bat,0.0
NT,2040,21,62,PT1 0 bat,3601.335343022799
NT,2040,21,63,PT1 0 bat,0.0
NT,2040,21,64,PT1 0 bat,0.0
NT,2040,21,65,PT1 0 bat,0.0
NT,2040,21,66,PT1 0 bat,0.0
NT,2040,21,67,PT1 0 bat,0.0
NT,2040,21,68,PT1 0 bat,0.0
NT,2040,21,69,PT1 0 bat,0.0
NT,2040,21,70,PT1 0 bat,0.0
NT,2040,21,71,PT1 0 bat,0.0
NT,2040,21,72,PT1 0 bat,0.0
NT,2040,21,73,PT1 0 bat,0.0
NT,2040,21,74,PT1 0 bat,0.0
NT,2040,21,75,PT1 0 bat,0.0
NT,2040,21,76,PT1 0 bat,0.0
NT,2040,21,77,PT1 0 bat,0.0
NT,2040,21,78,PT1 0 bat,0.0
NT,2040,21,79,PT1 0 bat,0.0
NT,2040,21,80,PT1 0 bat,0.0
NT,2040,21,81,PT1 0 bat,0.0
NT,2040,21,82,PT1 0 bat,3601.335343022799
NT,2040,21,83,PT1 0 bat,0.0
NT,2040,21,84,PT1 0 bat,0.0
NT,2040,21,85,PT1 0 bat,0.0
NT,2040,21,86,PT1 0 bat,5692.433284132809
NT,2040,21,87,PT1 0 bat,0.0
NT,2040,21,88,PT1 0 bat,0.0
NT,2040,21,89,PT1 0 bat,0.0
NT,2040,21,90,PT1 0 bat,0.0
NT,2040,21,91,PT1 0 bat,0.0
NT,2040,21,92,PT1 0 bat,0.0
NT,2040,21,93,PT1 0 bat,0.0
NT,2040,21,94,PT1 0 bat,0.0
NT,2040,21,95,PT1 0 bat,0.0
NT,2040,21,96,PT1 0 bat,0.0
NT,2040,21,97,PT1 0 bat,0.0
NT,2040,21,98,PT1 0 bat,0.0
NT,2040,21,99,PT1 0 bat,0.0
NT,2040,21,100,PT1 0 bat,0.0
NT,2040,21,101,PT1 0 bat,0.0
NT,2040,21,102,PT1 0 bat,0.0
NT,2040,21,103,PT1 0 bat,0.0
NT,2040,21,104,PT1 0 bat,0.0
NT,2040,21,105,PT1 0 bat,0.0
NT,2040,21,106,PT1 0 bat,2288.542623415991
NT,2040,21,107,PT1 0 bat,5692.433284132809
NT,2040,21,108,PT1 0 bat,0.0
NT,2040,21,109,PT1 0 bat,0.0
NT,2040,21,110,PT1 0 bat,0.0
NT,2040,21,111,PT1 0 bat,1312.7927196068076
NT,2040,21,112,PT1 0 bat,0.0
NT,2040,21,113,PT1 0 bat,0.0
NT,2040,21,114,PT1 0 bat,0.0
NT,2040,21,115,PT1 0 bat,0.0
NT,2040,21,116,PT1 0 bat,0.0
NT,2040,21,117,PT1 0 bat,0.0
NT,2040,21,118,PT1 0 bat,0.0
NT,2040,21,119,PT1 0 bat,0.0
NT,2040,21,120,PT1 0 bat,0.0
NT,2040,21,121,PT1 0 bat,0.0
NT,2040,21,122,PT1 0 bat,0.0
NT,2040,21,123,PT1 0 bat,0.0
NT,2040,21,124,PT1 0 bat,0.0
NT,2040,21,125,PT1 0 bat,0.0
NT,2040,21,126,PT1 0 bat,0.0
NT,2040,21,127,PT1 0 bat,0.0
NT,2040,21,128,PT1 0 bat,0.0
NT,2040,21,129,PT1 0 bat,0.0
NT,2040,21,130,PT1 0 bat,0.0
NT,2040,21,131,PT1 0 bat,0.0
NT,2040,21,132,PT1 0 bat,0.0
NT,2040,21,133,PT1 0 bat,5692.433284132809
NT,2040,21,134,PT1 0 bat,0.0
NT,2040,21,135,PT1 0 bat,3601.335343022799
NT,2040,21,136,PT1 0 bat,0.0
NT,2040,21,137,PT1 0 bat,0.0
NT,2040,21,138,PT1 0 bat,0.0
NT,2040,21,139,PT1 0 bat,0.0
NT,2040,21,140,PT1 0 bat,0.0
NT,2040,21,141,PT1 0 bat,0.0
NT,2040,21,142,PT1 0 bat,0.0
NT,2040,21,143,PT1 0 bat,0.0
NT,2040,21,144,PT1 0 bat,0.0
NT,2040,21,145,PT1 0 bat,0.0
NT,2040,21,146,PT1 0 bat,0.0
NT,2040,21,147,PT1 0 bat,0.0
NT,2040,21,148,PT1 0 bat,0.0
NT,2040,21,149,PT1 0 bat,0.0
NT,2040,21,150,PT1 0 bat,0.0
NT,2040,21,151,PT1 0 bat,0.0
NT,2040,21,152,PT1 0 bat,0.0
NT,2040,21,153,PT1 0 bat,0.0
NT,2040,21,154,PT1 0 bat,0.0
NT,2040,21,155,PT1 0 bat,0.0
NT,2040,21,156,PT1 0 bat,5692.433284132809
NT,2040,21,157,PT1 0 bat,3601.335343022799
NT,2040,21,158,PT1 0 bat,0.0
NT,2040,21,159,PT1 0 bat,0.0
NT,2040,21,160,PT1 0 bat,0.0
NT,2040,21,161,PT1 0 bat,0.0
NT,2040,21,162,PT1 0 bat,0.0
NT,2040,21,163,PT1 0 bat,0.0
NT,2040,21,164,PT1 0 bat,0.0
NT,2040,21,165,PT1 0 bat,0.0
NT,2040,21,166,PT1 0 bat,0.0
NT,2040,21,167,PT1 0 bat,0.0
NT,2040,42,0,PT1 0 bat,0.0
NT,2040,42,1,PT1 0 bat,0.0
NT,2040,42,2,PT1 0 bat,0.0
NT,2040,42,3,PT1 0 bat,323.15792352738123
NT,2040,42,4,PT1 0 bat,0.0
NT,2040,42,5,PT1 0 bat,0.0
NT,2040,42,6,PT1 0 bat,0.0
NT,2040,42,7,PT1 0 bat,0.0
NT,2040,42,8,PT1 0 bat,0.0
NT,2040,42,9,PT1 0 bat,0.0
NT,2040,42,10,PT1 0 bat,2576.9498581832595
NT,2040,42,11,PT1 0 bat,0.0
NT,2040,42,12,PT1 0 bat,5692.433284132809
NT,2040,42,13,PT1 0 bat,3601.335343022799
NT,2040,42,14,PT1 0 bat,0.0
NT,2040,42,15,PT1 0 bat,0.0
NT,2040,42,16,PT1 0 bat,0.0
NT,2040,42,17,PT1 0 bat,0.0
NT,2040,42,18,PT1 0 bat,0.0
NT,2040,42,19,PT1 0 bat,0.0
NT,2040,42,20,PT1 0 bat,0.0
NT,2040,42,21,PT1 0 bat,0.0
NT,2040,42,22,PT1 0 bat,0.0
NT,2040,42,23,PT1 0 bat,0.0
NT,2040,42,24,PT1 0 bat,0.0
NT,2040,42,25,PT1 0 bat,0.0
NT,2040,42,26,PT1 0 bat,0.0
NT,2040,42,27,PT1 0 bat,0.0
NT,2040,42,28,PT1 0 bat,0.0
NT,2040,42,29,PT1 0 bat,0.0
NT,2040,42,30,PT1 0 bat,0.0
NT,2040,42,31,PT1 0 bat,0.0
NT,2040,42,32,PT1 0 bat,0.0
NT,2040,42,33,PT1 0 bat,0.0
NT,2040,42,34,PT1 0 bat,3601.335343022799
NT,2040,42,35,PT1 0 bat,0.0
NT,2040,42,36,PT1 0 bat,0.0
NT,2040,42,37,PT1 0 bat,5692.433284132809
NT,2040,42,38,PT1 0 bat,0.0
NT,2040,42,39,PT1 0 bat,0.0
NT,2040,42,40,PT1 0 bat,0.0
NT,2040,42,41,PT1 0 bat,0.0
NT,2040,42,42,PT1 0 bat,0.0
NT,2040,42,43,PT1 0 bat,0.0
NT,2040,42,44,PT1 0 bat,0.0
NT,2040,42,45,PT1 0 bat,0.0
NT,2040,42,46,PT1 0 bat,0.0
NT,2040,42,47,PT1 0 bat,0.0
NT,2040,42,48,PT1 0 bat,0.0
NT,2040,42,49,PT1 0 bat,0.0
NT,2040,42,50,PT1 0 bat,0.0
NT,2040,42,51,PT1 0 bat,0.0
NT,2040,42,52,PT1 0 bat,0.0
NT,2040,42,53,PT1 0 bat,0.0
NT,2040,42,54,PT1 0 bat,0.0
NT,2040,42,55,PT1 0 bat,0.0
NT,2040,42,56,PT1 0 bat,0.0
NT,2040,42,57,PT1 0 bat,0.0
NT,2040,42,58,PT1 0 bat,511.9546379042022
NT,2040,42,59,PT1 0 bat,0.0
NT,2040,42,60,PT1 0 bat,4478.28652882178
NT,2040,42,61,PT1 0 bat,4303.527460429625
NT,2040,42,62,PT1 0 bat,0.0
NT,2040,42,63,PT1 0 bat,0.0
NT,2040,42,64,PT1 0 bat,0.0
NT,2040,42,65,PT1 0 bat,0.0
NT,2040,42,66,PT1 0 bat,0.0
NT,2040,42,67,PT1 0 bat,0.0
NT,2040,42,68,PT1 0 bat,0.0
NT,2040,42,69,PT1 0 bat,0.0
NT,2040,42,70,PT1 0 bat,0.0
NT,2040,42,71,PT1 0 bat,0.0
NT,2040,42,72,PT1 0 bat,0.0
NT,2040,42,73,PT1 0 bat,0.0
NT,2040,42,74,PT1 0 bat,0.0
NT,2040,42,75,PT1 0 bat,0.0
NT,2040,42,76,PT1 0 bat,0.0
NT,2040,42,77,PT1 0 bat,0.0
NT,2040,42,78,PT1 0 bat,0.0
NT,2040,42,79,PT1 0 bat,0.0
NT,2040,42,80,PT1 0 bat,0.0
NT,2040,42,81,PT1 0 bat,0.0
NT,2040,42,82,PT1 0 bat,352.0275801116877
NT,2040,42,83,PT1 0 bat,3249.3077629111112
NT,2040,42,84,PT1 0 bat,5692.433284132809
NT,2040,42,85,PT1 0 bat,0.0
NT,2040,42,86,PT1 0 bat,0.0
NT,2040,42,87,PT1 0 bat,0.0
NT,2040,42,88,PT1 0 bat,0.0
NT,2040,42,89,PT1 0 bat,0.0
NT,2040,42,90,PT1 0 bat,0.0
NT,2040,42,91,PT1 0 bat,0.0
NT,2040,42,92,PT1 0 bat,0.0
NT,2040,42,93,PT1 0 bat,0.0
NT,2040,42,94,PT1 0 bat,0.0
NT,2040,42,95,PT1 0 bat,0.0
NT,2040,42,96,PT1 0 bat,0.0
NT,2040,42,97,PT1 0 bat,0.0
NT,2040,42,98,PT1 0 bat,0.0
NT,2040,42,99,PT1 0 bat,0.0
NT,2040,42,100,PT1 0 bat,0.0
NT,2040,42,101,PT1 0 bat,0.0
NT,2040,42,102,PT1 0 bat,0.0
NT,2040,42,103,PT1 0 bat,0.0
NT,2040,42,104,PT1 0 bat,0.0
NT,2040,42,105,PT1 0 bat,0.0
NT,2040,42,106,PT1 0 bat,0.0
NT,2040,42,107,PT1 0 bat,4776.929398823802
NT,2040,42,108,PT1 0 bat,4516.839228331805
NT,2040,42,109,PT1 0 bat,0.0
NT,2040,42,110,PT1 0 bat,0.0
NT,2040,42,111,PT1 0 bat,0.0
NT,2040,42,112,PT1 0 bat,0.0
NT,2040,42,113,PT1 0 bat,0.0
NT,2040,42,114,PT1 0 bat,0.0
NT,2040,42,115,PT1 0 bat,0.0
NT,2040,42,116,PT1 0 bat,0.0
NT,2040,42,117,PT1 0 bat,0.0
NT,2040,42,118,PT1 0 bat,0.0
NT,2040,42,119,PT1 0 bat,0.0
NT,2040,42,120,PT1 0 bat,0.0
NT,2040,42,121,PT1 0 bat,0.0
NT,2040,42,122,PT1 0 bat,5692.433284132809
NT,2040,42,123,PT1 0 bat,1702.5183838141838
NT,2040,42,124,PT1 0 bat,0.0
NT,2040,42,125,PT1 0 bat,0.0
NT,2040,42,126,PT1 0 bat,0.0
NT,2040,42,127,PT1 0 bat,0.0
NT,2040,42,128,PT1 0 bat,0.0
NT,2040,42,129,PT1 0 bat,0.0
NT,2040,42,130,PT1 0 bat,0.0
NT,2040,42,131,PT1 0 bat,1302.091007814483
NT,2040,42,132,PT1 0 bat,4872.977140360841
NT,2040,42,133,PT1 0 bat,3118.7004789802836
NT,2040,42,134,PT1 0 bat,0.0
NT,2040,42,135,PT1 0 bat,0.0
NT,2040,42,136,PT1 0 bat,0.0
NT,2040,42,137,PT1 0 bat,0.0
NT,2040,42,138,PT1 0 bat,0.0
NT,2040,42,139,PT1 0 bat,0.0
NT,2040,42,140,PT1 0 bat,0.0
NT,2040,42,141,PT1 0 bat,0.0
NT,2040,42,142,PT1 0 bat,0.0
NT,2040,42,143,PT1 0 bat,0.0
NT,2040,42,144,PT1 0 bat,0.0
NT,2040,42,145,PT1 0 bat,0.0
NT,2040,42,146,PT1 0 bat,0.0
NT,2040,42,147,PT1 0 bat,0.0
NT,2040,42,148,PT1 0 bat,0.0
NT,2040,42,149,PT1 0 bat,0.0
NT,2040,42,150,PT1 0 bat,0.0
NT,2040,42,151,PT1 0 bat,0.0
NT,2040,42,152,PT1 0 bat,0.0
NT,2040,42,153,PT1 0 bat,0.0
NT,2040,42,154,PT1 0 bat,0.0
NT,2040,42,155,PT1 0 bat,0.0
NT,2040,42,156,PT1 0 bat,3601.335343022799
NT,2040,42,157,PT1 0 bat,5692.433284132809
NT,2040,42,158,PT1 0 bat,0.0
NT,2040,42,159,PT1 0 bat,0.0
NT,2040,42,160,PT1 0 bat,0.0
NT,2040,42,161,PT1 0 bat,0.0
NT,2040,42,162,PT1 0 bat,0.0
NT,2040,42,163,PT1 0 bat,0.0
NT,2040,42,164,PT1 0 bat,0.0
NT,2040,42,165,PT1 0 bat,0.0
NT,2040,42,166,PT1 0 bat,0.0
NT,2040,42,167,PT1 0 bat,0.0
GA,2040,21,0,PT1 0 bat,0.0
GA,2040,21,1,PT1 0 bat,0.0
GA,2040,21,2,PT1 0 bat,0.0
GA,2040,21,3,PT1 0 bat,0.0
GA,2040,21,4,PT1 0 bat,0.0
GA,2040,21,5,PT1 0 bat,0.0
GA,2040,21,6,PT1 0 bat,0.0
GA,2040,21,7,PT1 0 bat,0.0
GA,2040,21,8,PT1 0 bat,0.0
GA,2040,21,9,PT1 0 bat,0.0
GA,2040,21,10,PT1 0 bat,0.0
GA,2040,21,11,PT1 0 bat,261.54393370372463
GA,2040,21,12,PT1 0 bat,1752.3892758666784
GA,2040,21,13,PT1 0 bat,3521.660943903171
GA,2040,21,14,PT1 0 bat,707.0827098909162
GA,2040,21,15,PT1 0 bat,3051.091763791118
GA,2040,21,16,PT1 0 bat,0.0
GA,2040,21,17,PT1 0 bat,0.0
GA,2040,21,18,PT1 0 bat,0.0
GA,2040,21,19,PT1 0 bat,0.0
GA,2040,21,20,PT1 0 bat,0.0
GA,2040,21,21,PT1 0 bat,0.0
GA,2040,21,22,PT1 0 bat,0.0
GA,2040,21,23,PT1 0 bat,0.0
GA,2040,21,24,PT1 0 bat,0.0
GA,2040,21,25,PT1 0 bat,0.0
GA,2040,21,26,PT1 0 bat,0.0
GA,2040,21,27,PT1 0 bat,0.0
GA,2040,21,28,PT1 0 bat,0.0
GA,2040,21,29,PT1 0 bat,0.0
GA,2040,21,30,PT1 0 bat,0.0
GA,2040,21,31,PT1 0 bat,0.0
GA,2040,21,32,PT1 0 bat,0.0
GA,2040,21,33,PT1 0 bat,0.0
GA,2040,21,34,PT1 0 bat,0.0
GA,2040,21,35,PT1 0 bat,451.94115963572926
GA,2040,21,36,PT1 0 bat,4063.41996106815
GA,2040,21,37,PT1 0 bat,2358.5839963376206
GA,2040,21,38,PT1 0 bat,1342.8376717467859
GA,2040,21,39,PT1 0 bat,0.0
GA,2040,21,40,PT1 0 bat,1076.9858383673209
GA,2040,21,41,PT1 0 bat,0.0
GA,2040,21,42,PT1 0 bat,0.0
GA,2040,21,43,PT1 0 bat,0.0
GA,2040,21,44,PT1 0 bat,0.0
GA,2040,21,45,PT1 0 bat,0.0
GA,2040,21,46,PT1 0 bat,0.0
GA,2040,21,47,PT1 0 bat,0.0
GA,2040,21,48,PT1 0 bat,0.0
GA,2040,21,49,PT1 0 bat,0.0
GA,2040,21,50,PT1 0 bat,0.0
GA,2040,21,51,PT1 0 bat,0.0
GA,2040,21,52,PT1 0 bat,0.0
GA,2040,21,53,PT1 0 bat,0.0
GA,2040,21,54,PT1 0 bat,0.0
GA,2040,21,55,PT1 0 bat,0.0
GA,2040,21,56,PT1 0 bat,0.0
GA,2040,21,57,PT1 0 bat,0.0
GA,2040,21,58,PT1 0 bat,0.0
GA,2040,21,59,PT1 0 bat,0.0
GA,2040,21,60,PT1 0 bat,0.0
GA,2040,21,61,PT1 0 bat,5692.433284132809
GA,2040,21,62,PT1 0 bat,3601.335343022799
GA,2040,21,63,PT1 0 bat,0.0
GA,2040,21,64,PT1 0 bat,0.0
GA,2040,21,65,PT1 0 bat,0.0
GA,2040,21,66,PT1 0 bat,0.0
GA,2040,21,67,PT1 0 bat,0.0
GA,2040,21,68,PT1 0 bat,0.0
GA,2040,21,69,PT1 0 bat,0.0
GA,2040,21,70,PT1 0 bat,0.0
GA,2040,21,71,PT1 0 bat,0.0
GA,2040,21,72,PT1 0 bat,0.0
GA,2040,21,73,PT1 0 bat,0.0
GA,2040,21,74,PT1 0 bat,0.0
GA,2040,21,75,PT1 0 bat,0.0
GA,2040,21,76,PT1 0 bat,0.0
GA,2040,21,77,PT1 0 bat,0.0
GA,2040,21,78,PT1 0 bat,0.0
GA,2040,21,79,PT1 0 bat,0.0
GA,2040,21,80,PT1 0 bat,0.0
GA,2040,21,81,PT1 0 bat,984.1057935590784
GA,2040,21,82,PT1 0 bat,0.0
GA,2040,21,83,PT1 0 bat,0.0
GA,2040,21,84,PT1 0 bat,0.0
GA,2040,21,85,PT1 0 bat,0.0
GA,2040,21,86,PT1 0 bat,5692.433284132809
GA,2040,21,87,PT1 0 bat,2617.2295494637206
GA,2040,21,88,PT1 0 bat,0.0
GA,2040,21,89,PT1 0 bat,0.0
GA,2040,21,90,PT1 0 bat,0.0
GA,2040,21,91,PT1 0 bat,0.0
GA,2040,21,92,PT1 0 bat,0.0
GA,2040,21,93,PT1 0 bat,0.0
GA,2040,21,94,PT1 0 bat,0.0
GA,2040,21,95,PT1 0 bat,0.0
GA,2040,21,96,PT1 0 bat,928.0389171271963
GA,2040,21,97,PT1 0 bat,0.0
GA,2040,21,98,PT1 0 bat,0.0
GA,2040,21,99,PT1 0 bat,0.0
GA,2040,21,100,PT1 0 bat,0.0
GA,2040,21,101,PT1 0 bat,0.0
GA,2040,21,102,PT1 0 bat,0.0
GA,2040,21,103,PT1 0 bat,0.0
GA,2040,21,104,PT1 0 bat,0.0
GA,2040,21,105,PT1 0 bat,0.0
GA,2040,21,106,PT1 0 bat,0.0
GA,2040,21,107,PT1 0 bat,0.0
GA,2040,21,108,PT1 0 bat,0.0
GA,2040,21,109,PT1 0 bat,0.0
GA,2040,21,110,PT1 0 bat,5660.201867120088
GA,2040,21,111,PT1 0 bat,3633.566760035519
GA,2040,21,112,PT1 0 bat,0.0
GA,2040,21,113,PT1 0 bat,0.0
GA,2040,21,114,PT1 0 bat,0.0
GA,2040,21,115,PT1 0 bat,0.0
GA,2040,21,116,PT1 0 bat,0.0
GA,2040,21,117,PT1 0 bat,0.0
GA,2040,21,118,PT1 0 bat,0.0
GA,2040,21,119,PT1 0 bat,0.0
GA,2040,21,120,PT1 0 bat,0.0
GA,2040,21,121,PT1 0 bat,0.0
GA,2040,21,122,PT1 0 bat,0.0
GA,2040,21,123,PT1 0 bat,0.0
GA,2040,21,124,PT1 0 bat,0.0
GA,2040,21,125,PT1 0 bat,0.0
GA,2040,21,126,PT1 0 bat,0.0
GA,2040,21,127,PT1 0 bat,0.0
GA,2040,21,128,PT1 0 bat,0.0
GA,2040,21,129,PT1 0 bat,0.0
GA,2040,21,130,PT1 0 bat,0.0
GA,2040,21,131,PT1 0 bat,0.0
GA,2040,21,132,PT1 0 bat,5692.433284132809
GA,2040,21,133,PT1 0 bat,0.0
GA,2040,21,134,PT1 0 bat,0.0
GA,2040,21,135,PT1 0 bat,3601.335343022799
GA,2040,21,136,PT1 0 bat,0.0
GA,2040,21,137,PT1 0 bat,0.0
GA,2040,21,138,PT1 0 bat,0.0
GA,2040,21,139,PT1 0 bat,0.0
GA,2040,21,140,PT1 0 bat,0.0
GA,2040,21,141,PT1 0 bat,0.0
GA,2040,21,142,PT1 0 bat,0.0
GA,2040,21,143,PT1 0 bat,0.0
GA,2040,21,144,PT1 0 bat,0.0
GA,2040,21,145,PT1 0 bat,0.0
GA,2040,21,146,PT1 0 bat,0.0
GA,2040,21,147,PT1 0 bat,0.0
GA,2040,21,148,PT1 0 bat,0.0
GA,2040,21,149,PT1 0 bat,0.0
GA,2040,21,150,PT1 0 bat,0.0
GA,2040,21,151,PT1 0 bat,0.0
GA,2040,21,152,PT1 0 bat,0.0
GA,2040,21,153,PT1 0 bat,0.0
GA,2040,21,154,PT1 0 bat,0.0
GA,2040,21,155,PT1 0 bat,0.0
GA,2040,21,156,PT1 0 bat,213.99576925629395
GA,2040,21,157,PT1 0 bat,5692.433284132809
GA,2040,21,158,PT1 0 bat,0.0
GA,2040,21,159,PT1 0 bat,3387.3395737665046
GA,2040,21,160,PT1 0 bat,0.0
GA,2040,21,161,PT1 0 bat,0.0
GA,2040,21,162,PT1 0 bat,0.0
GA,2040,21,163,PT1 0 bat,0.0
GA,2040,21,164,PT1 0 bat,0.0
GA,2040,21,165,PT1 0 bat,0.0
GA,2040,21,166,PT1 0 bat,0.0
GA,2040,21,167,PT1 0 bat,0.0
GA,2040,42,0,PT1 0 bat,0.0
GA,2040,42,1,PT1 0 bat,0.0
GA,2040,42,2,PT1 0 bat,0.0
GA,2040,42,3,PT1 0 bat,0.0
GA,2040,42,4,PT1 0 bat,0.0
GA,2040,42,5,PT1 0 bat,0.0
GA,2040,42,6,PT1 0 bat,0.0
GA,2040,42,7,PT1 0 bat,0.0
GA,2040,42,8,PT1 0 bat,0.0
GA,2040,42,9,PT1 0 bat,0.0
GA,2040,42,10,PT1 0 bat,5692.433284132809
GA,2040,42,11,PT1 0 bat,0.0
GA,2040,42,12,PT1 0 bat,5692.433284132809
GA,2040,42,13,PT1 0 bat,3601.335343022799
GA,2040,42,14,PT1 0 bat,0.0
GA,2040,42,15,PT1 0 bat,0.0
GA,2040,42,16,PT1 0 bat,0.0
GA,2040,42,17,PT1 0 bat,0.0
GA,2040,42,18,PT1 0 bat,0.0
GA,2040,42,19,PT1 0 bat,0.0
GA,2040,42,20,PT1 0 bat,0.0
GA,2040,42,21,PT1 0 bat,0.0
GA,2040,42,22,PT1 0 bat,0.0
GA,2040,42,23,PT1 0 bat,0.0
GA,2040,42,24,PT1 0 bat,0.0
GA,2040,42,25,PT1 0 bat,0.0
GA,2040,42,26,PT1 0 bat,0.0
GA,2040,42,27,PT1 0 bat,0.0
GA,2040,42,28,PT1 0 bat,0.0
GA,2040,42,29,PT1 0 bat,0.0
GA,2040,42,30,PT1 0 bat,0.0
GA,2040,42,31,PT1 0 bat,0.0
GA,2040,42,32,PT1 0 bat,0.0
GA,2040,42,33,PT1 0 bat,0.0
GA,2040,42,34,PT1 0 bat,0.0
GA,2040,42,35,PT1 0 bat,0.0
GA,2040,42,36,PT1 0 bat,608.5915918275218
GA,2040,42,37,PT1 0 bat,5692.433284132809
GA,2040,42,38,PT1 0 bat,1894.4827507147813
GA,2040,42,39,PT1 0 bat,0.0
GA,2040,42,40,PT1 0 bat,1098.261000480495
GA,2040,42,41,PT1 0 bat,0.0
GA,2040,42,42,PT1 0 bat,0.0
GA,2040,42,43,PT1 0 bat,0.0
GA,2040,42,44,PT1 0 bat,0.0
GA,2040,42,45,PT1 0 bat,0.0
GA,2040,42,46,PT1 0 bat,0.0
GA,2040,42,47,PT1 0 bat,0.0
GA,2040,42,48,PT1 0 bat,2182.8894697881406
GA,2040,42,49,PT1 0 bat,728.0514392344621
GA,2040,42,50,PT1 0 bat,782.2159278745535
GA,2040,42,51,PT1 0 bat,0.0
GA,2040,42,52,PT1 0 bat,0.0
GA,2040,42,53,PT1 0 bat,0.0
GA,2040,42,54,PT1 0 bat,0.0
GA,2040,42,55,PT1 0 bat,0.0
GA,2040,42,56,PT1 0 bat,0.0
GA,2040,42,57,PT1 0 bat,0.0
GA,2040,42,58,PT1 0 bat,0.0
GA,2040,42,59,PT1 0 bat,0.0
GA,2040,42,60,PT1 0 bat,3601.335343022799
GA,2040,42,61,PT1 0 bat,5692.433284132809
GA,2040,42,62,PT1 0 bat,0.0
GA,2040,42,63,PT1 0 bat,0.0
GA,2040,42,64,PT1 0 bat,0.0
GA,2040,42,65,PT1 0 bat,0.0
GA,2040,42,66,PT1 0 bat,0.0
GA,2040,42,67,PT1 0 bat,0.0
GA,2040,42,68,PT1 0 bat,0.0
GA,2040,42,69,PT1 0 bat,0.0
GA,2040,42,70,PT1 0 bat,0.0
GA,2040,42,71,PT1 0 bat,0.0
GA,2040,42,72,PT1 0 bat,0.0
GA,2040,42,73,PT1 0 bat,0.0
GA,2040,42,74,PT1 0 bat,0.0
GA,2040,42,75,PT1 0 bat,0.0
GA,2040,42,76,PT1 0 bat,0.0
GA,2040,42,77,PT1 0 bat,0.0
GA,2040,42,78,PT1 0 bat,0.0
GA,2040,42,79,PT1 0 bat,0.0
GA,2040,42,80,PT1 0 bat,0.0
GA,2040,42,81,PT1 0 bat,0.0
GA,2040,42,82,PT1 0 bat,3601.335343022799
GA,2040,42,83,PT1 0 bat,5692.433284132809
GA,2040,42,84,PT1 0 bat,0.0
GA,2040,42,85,PT1 0 bat,0.0
GA,2040,42,86,PT1 0 bat,0.0
GA,2040,42,87,PT1 0 bat,0.0
GA,2040,42,88,PT1 0 bat,0.0
GA,2040,42,89,PT1 0 bat,0.0
GA,2040,42,90,PT1 0 bat,0.0
GA,2040,42,91,PT1 0 bat,0.0
GA,2040,42,92,PT1 0 bat,0.0
GA,2040,42,93,PT1 0 bat,0.0
GA,2040,42,94,PT1 0 bat,0.0
GA,2040,42,95,PT1 0 bat,0.0
GA,2040,42,96,PT1 0 bat,0.0
GA,2040,42,97,PT1 0 bat,0.0
GA,2040,42,98,PT1 0 bat,0.0
GA,2040,42,99,PT1 0 bat,0.0
GA,2040,42,100,PT1 0 bat,0.0
GA,2040,42,101,PT1 0 bat,0.0
GA,2040,42,102,PT1 0 bat,0.0
GA,2040,42,103,PT1 0 bat,0.0
GA,2040,42,104,PT1 0 bat,0.0
GA,2040,42,105,PT1 0 bat,0.0
GA,2040,42,106,PT1 0 bat,3601.335343022799
GA,2040,42,107,PT1 0 bat,5692.433284132809
GA,2040,42,108,PT1 0 bat,0.0
GA,2040,42,109,PT1 0 bat,0.0
GA,2040,42,110,PT1 0 bat,0.0
GA,2040,42,111,PT1 0 bat,0.0
GA,2040,42,112,PT1 0 bat,0.0
GA,2040,42,113,PT1 0 bat,0.0
GA,2040,42,114,PT1 0 bat,0.0
GA,2040,42,115,PT1 0 bat,0.0
GA,2040,42,116,PT1 0 bat,0.0
GA,2040,42,117,PT1 0 bat,0.0
GA,2040,42,118,PT1 0 bat,0.0
GA,2040,42,119,PT1 0 bat,0.0
GA,2040,42,120,PT1 0 bat,0.0
GA,2040,42,121,PT1 0 bat,0.0
GA,2040,42,122,PT1 0 bat,0.0
GA,2040,42,123,PT1 0 bat,0.0
GA,2040,42,124,PT1 0 bat,0.0
GA,2040,42,125,PT1 0 bat,983.8557222187544
GA,2040,42,126,PT1 0 bat,0.0
GA,2040,42,127,PT1 0 bat,0.0
GA,2040,42,128,PT1 0 bat,0.0
GA,2040,42,129,PT1 0 bat,0.0
GA,2040,42,130,PT1 0 bat,0.0
GA,2040,42,131,PT1 0 bat,5692.433284132809
GA,2040,42,132,PT1 0 bat,3562.863305474052
GA,2040,42,133,PT1 0 bat,38.47203754874727
GA,2040,42,134,PT1 0 bat,0.0
GA,2040,42,135,PT1 0 bat,0.0
GA,2040,42,136,PT1 0 bat,0.0
GA,2040,42,137,PT1 0 bat,0.0
GA,2040,42,138,PT1 0 bat,0.0
GA,2040,42,139,PT1 0 bat,0.0
GA,2040,42,140,PT1 0 bat,0.0
GA,2040,42,141,PT1 0 bat,0.0
GA,2040,42,142,PT1 0 bat,0.0
GA,2040,42,143,PT1 0 bat,0.0
GA,2040,42,144,PT1 0 bat,0.0
GA,2040,42,145,PT1 0 bat,0.0
GA,2040,42,146,PT1 0 bat,0.0
GA,2040,42,147,PT1 0 bat,0.0
GA,2040,42,148,PT1 0 bat,0.0
GA,2040,42,149,PT1 0 bat,0.0
GA,2040,42,150,PT1 0 bat,0.0
GA,2040,42,151,PT1 0 bat,0.0
GA,2040,42,152,PT1 0 bat,0.0
GA,2040,42,153,PT1 0 bat,0.0
GA,2040,42,154,PT1 0 bat,0.0
GA,2040,42,155,PT1 0 bat,0.0
GA,2040,42,156,PT1 0 bat,3821.075605952904
GA,2040,42,157,PT1 0 bat,0.0
GA,2040,42,158,PT1 0 bat,5472.693021202704
GA,2040,42,159,PT1 0 bat,0.0
GA,2040,42,160,PT1 0 bat,0.0
GA,2040,42,161,PT1 0 bat,0.0
GA,2040,42,162,PT1 0 bat,0.0
GA,2040,42,163,PT1 0 bat,0.0
GA,2040,42,164,PT1 0 bat,0.0
GA,2040,42,165,PT1 0 bat,0.0
GA,2040,42,166,PT1 0 bat,0.0
GA,2040,42,167,PT1 0 bat,0.0
DE,2040,21,0,PT1 0 bat,0.0
DE,2040,21,1,PT1 0 bat,0.0
DE,2040,21,2,PT1 0 bat,0.0
DE,2040,21,3,PT1 0 bat,0.0
DE,2040,21,4,PT1 0 bat,0.0
DE,2040,21,5,PT1 0 bat,0.0
DE,2040,21,6,PT1 0 bat,0.0
DE,2040,21,7,PT1 0 bat,0.0
DE,2040,21,8,PT1 0 bat,0.0
DE,2040,21,9,PT1 0 bat,0.0
DE,2040,21,10,PT1 0 bat,0.0
DE,2040,21,11,PT1 0 bat,0.0
DE,2040,21,12,PT1 0 bat,0.0
DE,2040,21,13,PT1 0 bat,0.0
DE,2040,21,14,PT1 0 bat,236.1175813114437
DE,2040,21,15,PT1 0 bat,0.0
DE,2040,21,16,PT1 0 bat,0.0
DE,2040,21,17,PT1 0 bat,0.0
DE,2040,21,18,PT1 0 bat,0.0
DE,2040,21,19,PT1 0 bat,0.0
DE,2040,21,20,PT1 0 bat,0.0
DE,2040,21,21,PT1 0 bat,0.0
DE,2040,21,22,PT1 0 bat,0.0
DE,2040,21,23,PT1 0 bat,0.0
DE,2040,21,24,PT1 0 bat,0.0
DE,2040,21,25,PT1 0 bat,0.0
DE,2040,21,26,PT1 0 bat,0.0
DE,2040,21,27,PT1 0 bat,0.0
DE,2040,21,28,PT1 0 bat,0.0
DE,2040,21,29,PT1 0 bat,0.0
DE,2040,21,30,PT1 0 bat,0.0
DE,2040,21,31,PT1 0 bat,0.0
DE,2040,21,32,PT1 0 bat,0.0
DE,2040,21,33,PT1 0 bat,0.0
DE,2040,21,34,PT1 0 bat,0.0
DE,2040,21,35,PT1 0 bat,0.0
DE,2040,21,36,PT1 0 bat,0.0
DE,2040,21,37,PT1 0 bat,5692.433284132809
DE,2040,21,38,PT1 0 bat,0.0
DE,2040,21,39,PT1 0 bat,0.0
DE,2040,21,40,PT1 0 bat,3601.335343022799
DE,2040,21,41,PT1 0 bat,0.0
DE,2040,21,42,PT1 0 bat,0.0
DE,2040,21,43,PT1 0 bat,0.0
DE,2040,21,44,PT1 0 bat,0.0
DE,2040,21,45,PT1 0 bat,0.0
DE,2040,21,46,PT1 0 bat,0.0
DE,2040,21,47,PT1 0 bat,0.0
DE,2040,21,48,PT1 0 bat,0.0
DE,2040,21,49,PT1 0 bat,0.0
DE,2040,21,50,PT1 0 bat,0.0
DE,2040,21,51,PT1 0 bat,0.0
DE,2040,21,52,PT1 0 bat,0.0
DE,2040,21,53,PT1 0 bat,0.0
DE,2040,21,54,PT1 0 bat,0.0
DE,2040,21,55,PT1 0 bat,0.0
DE,2040,21,56,PT1 0 bat,0.0
DE,2040,21,57,PT1 0 bat,0.0
DE,2040,21,58,PT1 0 bat,0.0
DE,2040,21,59,PT1 0 bat,0.0
DE,2040,21,60,PT1 0 bat,213.32931923168906
DE,2040,21,61,PT1 0 bat,5692.433284132809
DE,2040,21,62,PT1 0 bat,3388.0060237911093
DE,2040,21,63,PT1 0 bat,0.0
DE,2040,21,64,PT1 0 bat,0.0
DE,2040,21,65,PT1 0 bat,0.0
DE,2040,21,66,PT1 0 bat,0.0
DE,2040,21,67,PT1 0 bat,0.0
DE,2040,21,68,PT1 0 bat,0.0
DE,2040,21,69,PT1 0 bat,0.0
DE,2040,21,70,PT1 0 bat,0.0
DE,2040,21,71,PT1 0 bat,0.0
DE,2040,21,72,PT1 0 bat,0.0
DE,2040,21,73,PT1 0 bat,0.0
DE,2040,21,74,PT1 0 bat,0.0
DE,2040,21,75,PT1 0 bat,0.0
DE,2040,21,76,PT1 0 bat,0.0
DE,2040,21,77,PT1 0 bat,0.0
DE,2040,21,78,PT1 0 bat,0.0
DE,2040,21,79,PT1 0 bat,0.0
DE,2040,21,80,PT1 0 bat,0.0
DE,2040,21,81,PT1 0 bat,0.0
DE,2040,21,82,PT1 0 bat,3601.335343022799
DE,2040,21,83,PT1 0 bat,0.0
DE,2040,21,84,PT1 0 bat,0.0
DE,2040,21,85,PT1 0 bat,0.0
DE,2040,21,86,PT1 0 bat,5692.433284132809
DE,2040,21,87,PT1 0 bat,0.0
DE,2040,21,88,PT1 0 bat,0.0
DE,2040,21,89,PT1 0 bat,0.0
DE,2040,21,90,PT1 0 bat,0.0
DE,2040,21,91,PT1 0 bat,0.0
DE,2040,21,92,PT1 0 bat,0.0
DE,2040,21,93,PT1 0 bat,0.0
DE,2040,21,94,PT1 0 bat,0.0
DE,2040,21,95,PT1 0 bat,0.0
DE,2040,21,96,PT1 0 bat,0.0
DE,2040,21,97,PT1 0 bat,0.0
DE,2040,21,98,PT1 0 bat,0.0
DE,2040,21,99,PT1 0 bat,0.0
DE,2040,21,100,PT1 0 bat,0.0
DE,2040,21,101,PT1 0 bat,0.0
DE,2040,21,102,PT1 0 bat,0.0
DE,2040,21,103,PT1 0 bat,0.0
DE,2040,21,104,PT1 0 bat,0.0
DE,2040,21,105,PT1 0 bat,0.0
DE,2040,21,106,PT1 0 bat,0.0
DE,2040,21,107,PT1 0 bat,5692.433284132809
DE,2040,21,108,PT1 0 bat,3601.335343022799
DE,2040,21,109,PT1 0 bat,0.0
DE,2040,21,110,PT1 0 bat,0.0
DE,2040,21,111,PT1 0 bat,0.0
DE,2040,21,112,PT1 0 bat,0.0
DE,2040,21,113,PT1 0 bat,0.0
DE,2040,21,114,PT1 0 bat,0.0
DE,2040,21,115,PT1 0 bat,0.0
DE,2040,21,116,PT1 0 bat,0.0
DE,2040,21,117,PT1 0 bat,0.0
DE,2040,21,118,PT1 0 bat,0.0
DE,2040,21,119,PT1 0 bat,0.0
DE,2040,21,120,PT1 0 bat,0.0
DE,2040,21,121,PT1 0 bat,0.0
DE,2040,21,122,PT1 0 bat,0.0
DE,2040,21,123,PT1 0 bat,0.0
DE,2040,21,124,PT1 0 bat,0.0
DE,2040,21,125,PT1 0 bat,0.0
DE,2040,21,126,PT1 0 bat,0.0
DE,2040,21,127,PT1 0 bat,0.0
DE,2040,21,128,PT1 0 bat,0.0
DE,2040,21,129,PT1 0 bat,0.0
DE,2040,21,130,PT1 0 bat,0.0
DE,2040,21,131,PT1 0 bat,0.0
DE,2040,21,132,PT1 0 bat,5692.433284132809
DE,2040,21,133,PT1 0 bat,0.0
DE,2040,21,134,PT1 0 bat,3601.335343022799
DE,2040,21,135,PT1 0 bat,0.0
DE,2040,21,136,PT1 0 bat,0.0
DE,2040,21,137,PT1 0 bat,0.0
DE,2040,21,138,PT1 0 bat,0.0
DE,2040,21,139,PT1 0 bat,0.0
DE,2040,21,140,PT1 0 bat,0.0
DE,2040,21,141,PT1 0 bat,0.0
DE,2040,21,142,PT1 0 bat,0.0
DE,2040,21,143,PT1 0 bat,0.0
DE,2040,21,144,PT1 0 bat,0.0
DE,2040,21,145,PT1 0 bat,0.0
DE,2040,21,146,PT1 0 bat,0.0
DE,2040,21,147,PT1 0 bat,0.0
DE,2040,21,148,PT1 0 bat,0.0
DE,2040,21,149,PT1 0 bat,0.0
DE,2040,21,150,PT1 0 bat,0.0
DE,2040,21,151,PT1 0 bat,0.0
DE,2040,21,152,PT1 0 bat,0.0
DE,2040,21,153,PT1 0 bat,0.0
DE,2040,21,154,PT1 0 bat,0.0
DE,2040,21,155,PT1 0 bat,0.0
DE,2040,21,156,PT1 0 bat,3601.335343022799
DE,2040,21,157,PT1 0 bat,0.0
DE,2040,21,158,PT1 0 bat,5692.433284132809
DE,2040,21,159,PT1 0 bat,0.0
DE,2040,21,160,PT1 0 bat,0.0
DE,2040,21,161,PT1 0 bat,0.0
DE,2040,21,162,PT1 0 bat,0.0
DE,2040,21,163,PT1 0 bat,0.0
DE,2040,21,164,PT1 0 bat,0.0
DE,2040,21,165,PT1 0 bat,0.0
DE,2040,21,166,PT1 0 bat,0.0
DE,2040,21,167,PT1 0 bat,0.0
DE,2040,42,0,PT1 0 bat,0.0
DE,2040,42,1,PT1 0 bat,0.0
DE,2040,42,2,PT1 0 bat,0.0
DE,2040,42,3,PT1 0 bat,0.0
DE,2040,42,4,PT1 0 bat,0.0
DE,2040,42,5,PT1 0 bat,0.0
DE,2040,42,6,PT1 0 bat,0.0
DE,2040,42,7,PT1 0 bat,0.0
DE,2040,42,8,PT1 0 bat,0.0
DE,2040,42,9,PT1 0 bat,0.0
DE,2040,42,10,PT1 0 bat,2996.1873127686895
DE,2040,42,11,PT1 0 bat,0.0
DE,2040,42,12,PT1 0 bat,5692.433284132809
DE,2040,42,13,PT1 0 bat,3601.335343022799
DE,2040,42,14,PT1 0 bat,0.0
DE,2040,42,15,PT1 0 bat,0.0
DE,2040,42,16,PT1 0 bat,0.0
DE,2040,42,17,PT1 0 bat,0.0
DE,2040,42,18,PT1 0 bat,0.0
DE,2040,42,19,PT1 0 bat,0.0
DE,2040,42,20,PT1 0 bat,0.0
DE,2040,42,21,PT1 0 bat,0.0
DE,2040,42,22,PT1 0 bat,0.0
DE,2040,42,23,PT1 0 bat,0.0
DE,2040,42,24,PT1 0 bat,0.0
DE,2040,42,25,PT1 0 bat,0.0
DE,2040,42,26,PT1 0 bat,0.0
DE,2040,42,27,PT1 0 bat,0.0
DE,2040,42,28,PT1 0 bat,0.0
DE,2040,42,29,PT1 0 bat,0.0
DE,2040,42,30,PT1 0 bat,0.0
DE,2040,42,31,PT1 0 bat,0.0
DE,2040,42,32,PT1 0 bat,0.0
DE,2040,42,33,PT1 0 bat,3601.335343022799
DE,2040,42,34,PT1 0 bat,0.0
DE,2040,42,35,PT1 0 bat,0.0
DE,2040,42,36,PT1 0 bat,0.0
DE,2040,42,37,PT1 0 bat,5692.433284132809
DE,2040,42,38,PT1 0 bat,0.0
DE,2040,42,39,PT1 0 bat,0.0
DE,2040,42,40,PT1 0 bat,0.0
DE,2040,42,41,PT1 0 bat,0.0
DE,2040,42,42,PT1 0 bat,0.0
DE,2040,42,43,PT1 0 bat,0.0
DE,2040,42,44,PT1 0 bat,0.0
DE,2040,42,45,PT1 0 bat,0.0
DE,2040,42,46,PT1 0 bat,0.0
DE,2040,42,47,PT1 0 bat,0.0
DE,2040,42,48,PT1 0 bat,0.0
DE,2040,42,49,PT1 0 bat,0.0
DE,2040,42,50,PT1 0 bat,0.0
DE,2040,42,51,PT1 0 bat,0.0
DE,2040,42,52,PT1 0 bat,0.0
DE,2040,42,53,PT1 0 bat,0.0
DE,2040,42,54,PT1 0 bat,0.0
DE,2040,42,55,PT1 0 bat,0.0
DE,2040,42,56,PT1 0 bat,0.0
DE,2040,42,57,PT1 0 bat,0.0
DE,2040,42,58,PT1 0 bat,428.015798403197
DE,2040,42,59,PT1 0 bat,1895.7221672330315
DE,2040,42,60,PT1 0 bat,5290.463513605588
DE,2040,42,61,PT1 0 bat,1679.567147913791
DE,2040,42,62,PT1 0 bat,0.0
DE,2040,42,63,PT1 0 bat,0.0
DE,2040,42,64,PT1 0 bat,0.0
DE,2040,42,65,PT1 0 bat,0.0
DE,2040,42,66,PT1 0 bat,0.0
DE,2040,42,67,PT1 0 bat,0.0
DE,2040,42,68,PT1 0 bat,0.0
DE,2040,42,69,PT1 0 bat,0.0
DE,2040,42,70,PT1 0 bat,0.0
DE,2040,42,71,PT1 0 bat,0.0
DE,2040,42,72,PT1 0 bat,0.0
DE,2040,42,73,PT1 0 bat,0.0
DE,2040,42,74,PT1 0 bat,0.0
DE,2040,42,75,PT1 0 bat,0.0
DE,2040,42,76,PT1 0 bat,0.0
DE,2040,42,77,PT1 0 bat,0.0
DE,2040,42,78,PT1 0 bat,0.0
DE,2040,42,79,PT1 0 bat,0.0
DE,2040,42,80,PT1 0 bat,0.0
DE,2040,42,81,PT1 0 bat,0.0
DE,2040,42,82,PT1 0 bat,0.0
DE,2040,42,83,PT1 0 bat,2678.5349346643047
DE,2040,42,84,PT1 0 bat,2553.342407673066
DE,2040,42,85,PT1 0 bat,4061.8912848182363
DE,2040,42,86,PT1 0 bat,0.0
DE,2040,42,87,PT1 0 bat,0.0
DE,2040,42,88,PT1 0 bat,0.0
DE,2040,42,89,PT1 0 bat,0.0
DE,2040,42,90,PT1 0 bat,0.0
DE,2040,42,91,PT1 0 bat,0.0
DE,2040,42,92,PT1 0 bat,0.0
DE,2040,42,93,PT1 0 bat,0.0
DE,2040,42,94,PT1 0 bat,0.0
DE,2040,42,95,PT1 0 bat,0.0
DE,2040,42,96,PT1 0 bat,0.0
DE,2040,42,97,PT1 0 bat,0.0
DE,2040,42,98,PT1 0 bat,0.0
DE,2040,42,99,PT1 0 bat,0.0
DE,2040,42,100,PT1 0 bat,0.0
DE,2040,42,101,PT1 0 bat,0.0
DE,2040,42,102,PT1 0 bat,0.0
DE,2040,42,103,PT1 0 bat,0.0
DE,2040,42,104,PT1 0 bat,0.0
DE,2040,42,105,PT1 0 bat,0.0
DE,2040,42,106,PT1 0 bat,0.0
DE,2040,42,107,PT1 0 bat,2997.11845991456
DE,2040,42,108,PT1 0 bat,4906.6736375259115
DE,2040,42,109,PT1 0 bat,1389.9765297151353
DE,2040,42,110,PT1 0 bat,0.0
DE,2040,42,111,PT1 0 bat,0.0
DE,2040,42,112,PT1 0 bat,0.0
DE,2040,42,113,PT1 0 bat,0.0
DE,2040,42,114,PT1 0 bat,0.0
DE,2040,42,115,PT1 0 bat,0.0
DE,2040,42,116,PT1 0 bat,0.0
DE,2040,42,117,PT1 0 bat,0.0
DE,2040,42,118,PT1 0 bat,474.50382855785165
DE,2040,42,119,PT1 0 bat,0.0
DE,2040,42,120,PT1 0 bat,0.0
DE,2040,42,121,PT1 0 bat,3609.6823211016367
DE,2040,42,122,PT1 0 bat,5133.967939298633
DE,2040,42,123,PT1 0 bat,0.0
DE,2040,42,124,PT1 0 bat,0.0
DE,2040,42,125,PT1 0 bat,0.0
DE,2040,42,126,PT1 0 bat,0.0
DE,2040,42,127,PT1 0 bat,0.0
DE,2040,42,128,PT1 0 bat,0.0
DE,2040,42,129,PT1 0 bat,0.0
DE,2040,42,130,PT1 0 bat,0.0
DE,2040,42,131,PT1 0 bat,875.2500344516071
DE,2040,42,132,PT1 0 bat,2405.95487687066
DE,2040,42,133,PT1 0 bat,2200.437809701163
DE,2040,42,134,PT1 0 bat,0.0
DE,2040,42,135,PT1 0 bat,0.0
DE,2040,42,136,PT1 0 bat,3812.125906132177
DE,2040,42,137,PT1 0 bat,0.0
DE,2040,42,138,PT1 0 bat,0.0
DE,2040,42,139,PT1 0 bat,0.0
DE,2040,42,140,PT1 0 bat,0.0
DE,2040,42,141,PT1 0 bat,0.0
DE,2040,42,142,PT1 0 bat,0.0
DE,2040,42,143,PT1 0 bat,0.0
DE,2040,42,144,PT1 0 bat,0.0
DE,2040,42,145,PT1 0 bat,0.0
DE,2040,42,146,PT1 0 bat,0.0
DE,2040,42,147,PT1 0 bat,0.0
DE,2040,42,148,PT1 0 bat,0.0
DE,2040,42,149,PT1 0 bat,0.0
DE,2040,42,150,PT1 0 bat,0.0
DE,2040,42,151,PT1 0 bat,0.0
DE,2040,42,152,PT1 0 bat,0.0
DE,2040,42,153,PT1 0 bat,0.0
DE,2040,42,154,PT1 0 bat,3601.335343022799
DE,2040,42,155,PT1 0 bat,0.0
DE,2040,42,156,PT1 0 bat,0.0
DE,2040,42,157,PT1 0 bat,5692.433284132809
DE,2040,42,158,PT1 0 bat,0.0
DE,2040,42,159,PT1 0 bat,0.0
DE,2040,42,160,PT1 0 bat,0.0
DE,2040,42,161,PT1 0 bat,0.0
DE,2040,42,162,PT1 0 bat,0.0
DE,2040,42,163,PT1 0 bat,0.0
DE,2040,42,164,PT1 0 bat,0.0
DE,2040,42,165,PT1 0 bat,0.0
DE,2040,42,166,PT1 0 bat,0.0
DE,2040,42,167,PT1 0 bat,0.0
GA,2050,21,0,PT1 0 bat,0.0
GA,2050,21,1,PT1 0 bat,0.0
GA,2050,21,2,PT1 0 bat,0.0
GA,2050,21,3,PT1 0 bat,0.0
GA,2050,21,4,PT1 0 bat,0.0
GA,2050,21,5,PT1 0 bat,0.0
GA,2050,21,6,PT1 0 bat,0.0
GA,2050,21,7,PT1 0 bat,0.0
GA,2050,21,8,PT1 0 bat,0.0
GA,2050,21,9,PT1 0 bat,0.0
GA,2050,21,10,PT1 0 bat,0.0
GA,2050,21,11,PT1 0 bat,0.0
GA,2050,21,12,PT1 0 bat,0.0
GA,2050,21,13,PT1 0 bat,313.6168732172861
GA,2050,21,14,PT1 0 bat,2133.9337990465897
GA,2050,21,15,PT1 0 bat,57.236057130271206
GA,2050,21,16,PT1 0 bat,0.0
GA,2050,21,17,PT1 0 bat,0.0
GA,2050,21,18,PT1 0 bat,0.0
GA,2050,21,19,PT1 0 bat,0.0
GA,2050,21,20,PT1 0 bat,0.0
GA,2050,21,21,PT1 0 bat,0.0
GA,2050,21,22,PT1 0 bat,0.0
GA,2050,21,23,PT1 0 bat,0.0
GA,2050,21,24,PT1 0 bat,0.0
GA,2050,21,25,PT1 0 bat,0.0
GA,2050,21,26,PT1 0 bat,0.0
GA,2050,21,27,PT1 0 bat,0.0
GA,2050,21,28,PT1 0 bat,0.0
GA,2050,21,29,PT1 0 bat,0.0
GA,2050,21,30,PT1 0 bat,0.0
GA,2050,21,31,PT1 0 bat,0.0
GA,2050,21,32,PT1 0 bat,0.0
GA,2050,21,33,PT1 0 bat,0.0
GA,2050,21,34,PT1 0 bat,0.0
GA,2050,21,35,PT1 0 bat,4278.150260603796
GA,2050,21,36,PT1 0 bat,9689.101403490587
GA,2050,21,37,PT1 0 bat,242.6760151472538
GA,2050,21,38,PT1 0 bat,7422.564395601616
GA,2050,21,39,PT1 0 bat,0.0
GA,2050,21,40,PT1 0 bat,0.0
GA,2050,21,41,PT1 0 bat,0.0
GA,2050,21,42,PT1 0 bat,0.0
GA,2050,21,43,PT1 0 bat,0.0
GA,2050,21,44,PT1 0 bat,0.0
GA,2050,21,45,PT1 0 bat,0.0
GA,2050,21,46,PT1 0 bat,0.0
GA,2050,21,47,PT1 0 bat,0.0
GA,2050,21,48,PT1 0 bat,0.0
GA,2050,21,49,PT1 0 bat,0.0
GA,2050,21,50,PT1 0 bat,0.0
GA,2050,21,51,PT1 0 bat,0.0
GA,2050,21,52,PT1 0 bat,0.0
GA,2050,21,53,PT1 0 bat,0.0
GA,2050,21,54,PT1 0 bat,0.0
GA,2050,21,55,PT1 0 bat,0.0
GA,2050,21,56,PT1 0 bat,0.0
GA,2050,21,57,PT1 0 bat,0.0
GA,2050,21,58,PT1 0 bat,0.0
GA,2050,21,59,PT1 0 bat,3908.077569157485
GA,2050,21,60,PT1 0 bat,0.0
GA,2050,21,61,PT1 0 bat,11419.117548783683
GA,2050,21,62,PT1 0 bat,6305.296956902085
GA,2050,21,63,PT1 0 bat,0.0
GA,2050,21,64,PT1 0 bat,0.0
GA,2050,21,65,PT1 0 bat,0.0
GA,2050,21,66,PT1 0 bat,0.0
GA,2050,21,67,PT1 0 bat,0.0
GA,2050,21,68,PT1 0 bat,0.0
GA,2050,21,69,PT1 0 bat,0.0
GA,2050,21,70,PT1 0 bat,0.0
GA,2050,21,71,PT1 0 bat,0.0
GA,2050,21,72,PT1 0 bat,0.0
GA,2050,21,73,PT1 0 bat,0.0
GA,2050,21,74,PT1 0 bat,0.0
GA,2050,21,75,PT1 0 bat,0.0
GA,2050,21,76,PT1 0 bat,0.0
GA,2050,21,77,PT1 0 bat,0.0
GA,2050,21,78,PT1 0 bat,0.0
GA,2050,21,79,PT1 0 bat,0.0
GA,2050,21,80,PT1 0 bat,0.0
GA,2050,21,81,PT1 0 bat,0.0
GA,2050,21,82,PT1 0 bat,8680.18631608179
GA,2050,21,83,PT1 0 bat,3592.537446108783
GA,2050,21,84,PT1 0 bat,0.0
GA,2050,21,85,PT1 0 bat,0.0
GA,2050,21,86,PT1 0 bat,9359.768312652679
GA,2050,21,87,PT1 0 bat,0.0
GA,2050,21,88,PT1 0 bat,0.0
GA,2050,21,89,PT1 0 bat,0.0
GA,2050,21,90,PT1 0 bat,0.0
GA,2050,21,91,PT1 0 bat,0.0
GA,2050,21,92,PT1 0 bat,0.0
GA,2050,21,93,PT1 0 bat,0.0
GA,2050,21,94,PT1 0 bat,0.0
GA,2050,21,95,PT1 0 bat,0.0
GA,2050,21,96,PT1 0 bat,0.0
GA,2050,21,97,PT1 0 bat,0.0
GA,2050,21,98,PT1 0 bat,0.0
GA,2050,21,99,PT1 0 bat,0.0
GA,2050,21,100,PT1 0 bat,0.0
GA,2050,21,101,PT1 0 bat,0.0
GA,2050,21,102,PT1 0 bat,0.0
GA,2050,21,103,PT1 0 bat,0.0
GA,2050,21,104,PT1 0 bat,0.0
GA,2050,21,105,PT1 0 bat,0.0
GA,2050,21,106,PT1 0 bat,7777.668316193705
GA,2050,21,107,PT1 0 bat,11695.763092158162
GA,2050,21,108,PT1 0 bat,0.0
GA,2050,21,109,PT1 0 bat,0.0
GA,2050,21,110,PT1 0 bat,0.0
GA,2050,21,111,PT1 0 bat,2159.060666491385
GA,2050,21,112,PT1 0 bat,0.0
GA,2050,21,113,PT1 0 bat,0.0
GA,2050,21,114,PT1 0 bat,0.0
GA,2050,21,115,PT1 0 bat,0.0
GA,2050,21,116,PT1 0 bat,0.0
GA,2050,21,117,PT1 0 bat,0.0
GA,2050,21,118,PT1 0 bat,0.0
GA,2050,21,119,PT1 0 bat,0.0
GA,2050,21,120,PT1 0 bat,0.0
GA,2050,21,121,PT1 0 bat,0.0
GA,2050,21,122,PT1 0 bat,0.0
GA,2050,21,123,PT1 0 bat,0.0
GA,2050,21,124,PT1 0 bat,0.0
GA,2050,21,125,PT1 0 bat,0.0
GA,2050,21,126,PT1 0 bat,0.0
GA,2050,21,127,PT1 0 bat,0.0
GA,2050,21,128,PT1 0 bat,0.0
GA,2050,21,129,PT1 0 bat,0.0
GA,2050,21,130,PT1 0 bat,0.0
GA,2050,21,131,PT1 0 bat,0.0
GA,2050,21,132,PT1 0 bat,0.0
GA,2050,21,133,PT1 0 bat,0.0
GA,2050,21,134,PT1 0 bat,12395.983513419096
GA,2050,21,135,PT1 0 bat,9236.508561424154
GA,2050,21,136,PT1 0 bat,0.0
GA,2050,21,137,PT1 0 bat,0.0
GA,2050,21,138,PT1 0 bat,0.0
GA,2050,21,139,PT1 0 bat,0.0
GA,2050,21,140,PT1 0 bat,0.0
GA,2050,21,141,PT1 0 bat,0.0
GA,2050,21,142,PT1 0 bat,0.0
GA,2050,21,143,PT1 0 bat,0.0
GA,2050,21,144,PT1 0 bat,0.0
GA,2050,21,145,PT1 0 bat,0.0
GA,2050,21,146,PT1 0 bat,0.0
GA,2050,21,147,PT1 0 bat,0.0
GA,2050,21,148,PT1 0 bat,0.0
GA,2050,21,149,PT1 0 bat,0.0
GA,2050,21,150,PT1 0 bat,0.0
GA,2050,21,151,PT1 0 bat,0.0
GA,2050,21,152,PT1 0 bat,0.0
GA,2050,21,153,PT1 0 bat,0.0
GA,2050,21,154,PT1 0 bat,0.0
GA,2050,21,155,PT1 0 bat,0.0
GA,2050,21,156,PT1 0 bat,8746.634345054104
GA,2050,21,157,PT1 0 bat,12885.857729789146
GA,2050,21,158,PT1 0 bat,0.0
GA,2050,21,159,PT1 0 bat,0.0
GA,2050,21,160,PT1 0 bat,0.0
GA,2050,21,161,PT1 0 bat,0.0
GA,2050,21,162,PT1 0 bat,0.0
GA,2050,21,163,PT1 0 bat,0.0
GA,2050,21,164,PT1 0 bat,0.0
GA,2050,21,165,PT1 0 bat,0.0
GA,2050,21,166,PT1 0 bat,0.0
GA,2050,21,167,PT1 0 bat,0.0
GA,2050,42,0,PT1 0 bat,0.0
GA,2050,42,1,PT1 0 bat,0.0
GA,2050,42,2,PT1 0 bat,0.0
GA,2050,42,3,PT1 0 bat,0.0
GA,2050,42,4,PT1 0 bat,0.0
GA,2050,42,5,PT1 0 bat,0.0
GA,2050,42,6,PT1 0 bat,0.0
GA,2050,42,7,PT1 0 bat,0.0
GA,2050,42,8,PT1 0 bat,0.0
GA,2050,42,9,PT1 0 bat,0.0
GA,2050,42,10,PT1 0 bat,5008.579826790027
GA,2050,42,11,PT1 0 bat,0.0
GA,2050,42,12,PT1 0 bat,5525.111668182383
GA,2050,42,13,PT1 0 bat,6420.344493829774
GA,2050,42,14,PT1 0 bat,0.0
GA,2050,42,15,PT1 0 bat,0.0
GA,2050,42,16,PT1 0 bat,0.0
GA,2050,42,17,PT1 0 bat,0.0
GA,2050,42,18,PT1 0 bat,0.0
GA,2050,42,19,PT1 0 bat,0.0
GA,2050,42,20,PT1 0 bat,0.0
GA,2050,42,21,PT1 0 bat,0.0
GA,2050,42,22,PT1 0 bat,0.0
GA,2050,42,23,PT1 0 bat,0.0
GA,2050,42,24,PT1 0 bat,0.0
GA,2050,42,25,PT1 0 bat,0.0
GA,2050,42,26,PT1 0 bat,0.0
GA,2050,42,27,PT1 0 bat,0.0
GA,2050,42,28,PT1 0 bat,0.0
GA,2050,42,29,PT1 0 bat,0.0
GA,2050,42,30,PT1 0 bat,0.0
GA,2050,42,31,PT1 0 bat,0.0
GA,2050,42,32,PT1 0 bat,0.0
GA,2050,42,33,PT1 0 bat,0.0
GA,2050,42,34,PT1 0 bat,0.0
GA,2050,42,35,PT1 0 bat,0.0
GA,2050,42,36,PT1 0 bat,0.0
GA,2050,42,37,PT1 0 bat,11682.441127920149
GA,2050,42,38,PT1 0 bat,9950.050946923104
GA,2050,42,39,PT1 0 bat,0.0
GA,2050,42,40,PT1 0 bat,0.0
GA,2050,42,41,PT1 0 bat,0.0
GA,2050,42,42,PT1 0 bat,0.0
GA,2050,42,43,PT1 0 bat,0.0
GA,2050,42,44,PT1 0 bat,0.0
GA,2050,42,45,PT1 0 bat,0.0
GA,2050,42,46,PT1 0 bat,0.0
GA,2050,42,47,PT1 0 bat,0.0
GA,2050,42,48,PT1 0 bat,0.0
GA,2050,42,49,PT1 0 bat,0.0
GA,2050,42,50,PT1 0 bat,0.0
GA,2050,42,51,PT1 0 bat,0.0
GA,2050,42,52,PT1 0 bat,0.0
GA,2050,42,53,PT1 0 bat,0.0
GA,2050,42,54,PT1 0 bat,0.0
GA,2050,42,55,PT1 0 bat,0.0
GA,2050,42,56,PT1 0 bat,0.0
GA,2050,42,57,PT1 0 bat,0.0
GA,2050,42,58,PT1 0 bat,2667.1767882173326
GA,2050,42,59,PT1 0 bat,6367.7085417225835
GA,2050,42,60,PT1 0 bat,5735.602759073816
GA,2050,42,61,PT1 0 bat,6862.003985829522
GA,2050,42,62,PT1 0 bat,0.0
GA,2050,42,63,PT1 0 bat,0.0
GA,2050,42,64,PT1 0 bat,0.0
GA,2050,42,65,PT1 0 bat,0.0
GA,2050,42,66,PT1 0 bat,0.0
GA,2050,42,67,PT1 0 bat,0.0
GA,2050,42,68,PT1 0 bat,0.0
GA,2050,42,69,PT1 0 bat,0.0
GA,2050,42,70,PT1 0 bat,0.0
GA,2050,42,71,PT1 0 bat,0.0
GA,2050,42,72,PT1 0 bat,0.0
GA,2050,42,73,PT1 0 bat,0.0
GA,2050,42,74,PT1 0 bat,0.0
GA,2050,42,75,PT1 0 bat,0.0
GA,2050,42,76,PT1 0 bat,0.0
GA,2050,42,77,PT1 0 bat,0.0
GA,2050,42,78,PT1 0 bat,0.0
GA,2050,42,79,PT1 0 bat,0.0
GA,2050,42,80,PT1 0 bat,0.0
GA,2050,42,81,PT1 0 bat,0.0
GA,2050,42,82,PT1 0 bat,2798.8801386684527
GA,2050,42,83,PT1 0 bat,8750.684264337367
GA,2050,42,84,PT1 0 bat,8533.490583964622
GA,2050,42,85,PT1 0 bat,1549.4370878728105
GA,2050,42,86,PT1 0 bat,0.0
GA,2050,42,87,PT1 0 bat,0.0
GA,2050,42,88,PT1 0 bat,0.0
GA,2050,42,89,PT1 0 bat,0.0
GA,2050,42,90,PT1 0 bat,0.0
GA,2050,42,91,PT1 0 bat,0.0
GA,2050,42,92,PT1 0 bat,0.0
GA,2050,42,93,PT1 0 bat,0.0
GA,2050,42,94,PT1 0 bat,0.0
GA,2050,42,95,PT1 0 bat,0.0
GA,2050,42,96,PT1 0 bat,0.0
GA,2050,42,97,PT1 0 bat,0.0
GA,2050,42,98,PT1 0 bat,0.0
GA,2050,42,99,PT1 0 bat,0.0
GA,2050,42,100,PT1 0 bat,0.0
GA,2050,42,101,PT1 0 bat,0.0
GA,2050,42,102,PT1 0 bat,0.0
GA,2050,42,103,PT1 0 bat,0.0
GA,2050,42,104,PT1 0 bat,0.0
GA,2050,42,105,PT1 0 bat,0.0
GA,2050,42,106,PT1 0 bat,836.5755719970784
GA,2050,42,107,PT1 0 bat,13170.922561221465
GA,2050,42,108,PT1 0 bat,7624.993941624709
GA,2050,42,109,PT1 0 bat,0.0
GA,2050,42,110,PT1 0 bat,0.0
GA,2050,42,111,PT1 0 bat,0.0
GA,2050,42,112,PT1 0 bat,0.0
GA,2050,42,113,PT1 0 bat,0.0
GA,2050,42,114,PT1 0 bat,0.0
GA,2050,42,115,PT1 0 bat,0.0
GA,2050,42,116,PT1 0 bat,0.0
GA,2050,42,117,PT1 0 bat,0.0
GA,2050,42,118,PT1 0 bat,0.0
GA,2050,42,119,PT1 0 bat,0.0
GA,2050,42,120,PT1 0 bat,0.0
GA,2050,42,121,PT1 0 bat,0.0
GA,2050,42,122,PT1 0 bat,6302.985886470407
GA,2050,42,123,PT1 0 bat,0.0
GA,2050,42,124,PT1 0 bat,0.0
GA,2050,42,125,PT1 0 bat,0.0
GA,2050,42,126,PT1 0 bat,0.0
GA,2050,42,127,PT1 0 bat,0.0
GA,2050,42,128,PT1 0 bat,0.0
GA,2050,42,129,PT1 0 bat,0.0
GA,2050,42,130,PT1 0 bat,0.0
GA,2050,42,131,PT1 0 bat,3309.2353620270296
GA,2050,42,132,PT1 0 bat,8177.93893193357
GA,2050,42,133,PT1 0 bat,3861.125615844255
GA,2050,42,134,PT1 0 bat,0.0
GA,2050,42,135,PT1 0 bat,0.0
GA,2050,42,136,PT1 0 bat,6284.192165038397
GA,2050,42,137,PT1 0 bat,0.0
GA,2050,42,138,PT1 0 bat,0.0
GA,2050,42,139,PT1 0 bat,0.0
GA,2050,42,140,PT1 0 bat,0.0
GA,2050,42,141,PT1 0 bat,0.0
GA,2050,42,142,PT1 0 bat,0.0
GA,2050,42,143,PT1 0 bat,0.0
GA,2050,42,144,PT1 0 bat,0.0
GA,2050,42,145,PT1 0 bat,0.0
GA,2050,42,146,PT1 0 bat,0.0
GA,2050,42,147,PT1 0 bat,0.0
GA,2050,42,148,PT1 0 bat,0.0
GA,2050,42,149,PT1 0 bat,0.0
GA,2050,42,150,PT1 0 bat,0.0
GA,2050,42,151,PT1 0 bat,0.0
GA,2050,42,152,PT1 0 bat,0.0
GA,2050,42,153,PT1 0 bat,0.0
GA,2050,42,154,PT1 0 bat,0.0
GA,2050,42,155,PT1 0 bat,529.3123781885503
GA,2050,42,156,PT1 0 bat,9690.984328720306
GA,2050,42,157,PT1 0 bat,8231.44130769861
GA,2050,42,158,PT1 0 bat,3180.7540602357885
GA,2050,42,159,PT1 0 bat,0.0
GA,2050,42,160,PT1 0 bat,0.0
GA,2050,42,161,PT1 0 bat,0.0
GA,2050,42,162,PT1 0 bat,0.0
GA,2050,42,163,PT1 0 bat,0.0
GA,2050,42,164,PT1 0 bat,0.0
GA,2050,42,165,PT1 0 bat,0.0
GA,2050,42,166,PT1 0 bat,0.0
GA,2050,42,167,PT1 0 bat,0.0
DE,2050,21,0,PT1 0 bat,0.0
DE,2050,21,1,PT1 0 bat,0.0
DE,2050,21,2,PT1 0 bat,0.0
DE,2050,21,3,PT1 0 bat,0.0
DE,2050,21,4,PT1 0 bat,0.0
DE,2050,21,5,PT1 0 bat,0.0
DE,2050,21,6,PT1 0 bat,0.0
DE,2050,21,7,PT1 0 bat,0.0
DE,2050,21,8,PT1 0 bat,0.0
DE,2050,21,9,PT1 0 bat,0.0
DE,2050,21,10,PT1 0 bat,0.0
DE,2050,21,11,PT1 0 bat,0.0
DE,2050,21,12,PT1 0 bat,0.0
DE,2050,21,13,PT1 0 bat,0.0
DE,2050,21,14,PT1 0 bat,0.0
DE,2050,21,15,PT1 0 bat,0.0
DE,2050,21,16,PT1 0 bat,0.0
DE,2050,21,17,PT1 0 bat,0.0
DE,2050,21,18,PT1 0 bat,0.0
DE,2050,21,19,PT1 0 bat,0.0
DE,2050,21,20,PT1 0 bat,0.0
DE,2050,21,21,PT1 0 bat,0.0
DE,2050,21,22,PT1 0 bat,0.0
DE,2050,21,23,PT1 0 bat,0.0
DE,2050,21,24,PT1 0 bat,0.0
DE,2050,21,25,PT1 0 bat,0.0
DE,2050,21,26,PT1 0 bat,0.0
DE,2050,21,27,PT1 0 bat,0.0
DE,2050,21,28,PT1 0 bat,0.0
DE,2050,21,29,PT1 0 bat,0.0
DE,2050,21,30,PT1 0 bat,0.0
DE,2050,21,31,PT1 0 bat,0.0
DE,2050,21,32,PT1 0 bat,0.0
DE,2050,21,33,PT1 0 bat,0.0
DE,2050,21,34,PT1 0 bat,0.0
DE,2050,21,35,PT1 0 bat,277.1964565648386
DE,2050,21,36,PT1 0 bat,4036.820191570453
DE,2050,21,37,PT1 0 bat,5678.65810191009
DE,2050,21,38,PT1 0 bat,6949.375610081873
DE,2050,21,39,PT1 0 bat,1466.401753997701
DE,2050,21,40,PT1 0 bat,3224.0399607182726
DE,2050,21,41,PT1 0 bat,0.0
DE,2050,21,42,PT1 0 bat,0.0
DE,2050,21,43,PT1 0 bat,0.0
DE,2050,21,44,PT1 0 bat,0.0
DE,2050,21,45,PT1 0 bat,0.0
DE,2050,21,46,PT1 0 bat,0.0
DE,2050,21,47,PT1 0 bat,0.0
DE,2050,21,48,PT1 0 bat,0.0
DE,2050,21,49,PT1 0 bat,0.0
DE,2050,21,50,PT1 0 bat,0.0
DE,2050,21,51,PT1 0 bat,0.0
DE,2050,21,52,PT1 0 bat,0.0
DE,2050,21,53,PT1 0 bat,0.0
DE,2050,21,54,PT1 0 bat,0.0
DE,2050,21,55,PT1 0 bat,0.0
DE,2050,21,56,PT1 0 bat,0.0
DE,2050,21,57,PT1 0 bat,0.0
DE,2050,21,58,PT1 0 bat,0.0
DE,2050,21,59,PT1 0 bat,6080.67586204908
DE,2050,21,60,PT1 0 bat,10701.510712946269
DE,2050,21,61,PT1 0 bat,3197.012009031575
DE,2050,21,62,PT1 0 bat,1653.2934908163284
DE,2050,21,63,PT1 0 bat,0.0
DE,2050,21,64,PT1 0 bat,0.0
DE,2050,21,65,PT1 0 bat,0.0
DE,2050,21,66,PT1 0 bat,0.0
DE,2050,21,67,PT1 0 bat,0.0
DE,2050,21,68,PT1 0 bat,0.0
DE,2050,21,69,PT1 0 bat,0.0
DE,2050,21,70,PT1 0 bat,0.0
DE,2050,21,71,PT1 0 bat,0.0
DE,2050,21,72,PT1 0 bat,0.0
DE,2050,21,73,PT1 0 bat,0.0
DE,2050,21,74,PT1 0 bat,0.0
DE,2050,21,75,PT1 0 bat,0.0
DE,2050,21,76,PT1 0 bat,0.0
DE,2050,21,77,PT1 0 bat,0.0
DE,2050,21,78,PT1 0 bat,0.0
DE,2050,21,79,PT1 0 bat,0.0
DE,2050,21,80,PT1 0 bat,0.0
DE,2050,21,81,PT1 0 bat,0.0
DE,2050,21,82,PT1 0 bat,3109.636754233089
DE,2050,21,83,PT1 0 bat,9098.348294110503
DE,2050,21,84,PT1 0 bat,9424.50702649966
DE,2050,21,85,PT1 0 bat,0.0
DE,2050,21,86,PT1 0 bat,0.0
DE,2050,21,87,PT1 0 bat,0.0
DE,2050,21,88,PT1 0 bat,0.0
DE,2050,21,89,PT1 0 bat,0.0
DE,2050,21,90,PT1 0 bat,0.0
DE,2050,21,91,PT1 0 bat,0.0
DE,2050,21,92,PT1 0 bat,0.0
DE,2050,21,93,PT1 0 bat,0.0
DE,2050,21,94,PT1 0 bat,0.0
DE,2050,21,95,PT1 0 bat,0.0
DE,2050,21,96,PT1 0 bat,0.0
DE,2050,21,97,PT1 0 bat,0.0
DE,2050,21,98,PT1 0 bat,0.0
DE,2050,21,99,PT1 0 bat,0.0
DE,2050,21,100,PT1 0 bat,0.0
DE,2050,21,101,PT1 0 bat,0.0
DE,2050,21,102,PT1 0 bat,0.0
DE,2050,21,103,PT1 0 bat,0.0
DE,2050,21,104,PT1 0 bat,0.0
DE,2050,21,105,PT1 0 bat,0.0
DE,2050,21,106,PT1 0 bat,0.0
DE,2050,21,107,PT1 0 bat,10750.791883889768
DE,2050,21,108,PT1 0 bat,10612.78882441079
DE,2050,21,109,PT1 0 bat,0.0
DE,2050,21,110,PT1 0 bat,268.91136654269627
DE,2050,21,111,PT1 0 bat,0.0
DE,2050,21,112,PT1 0 bat,0.0
DE,2050,21,113,PT1 0 bat,0.0
DE,2050,21,114,PT1 0 bat,0.0
DE,2050,21,115,PT1 0 bat,0.0
DE,2050,21,116,PT1 0 bat,0.0
DE,2050,21,117,PT1 0 bat,0.0
DE,2050,21,118,PT1 0 bat,0.0
DE,2050,21,119,PT1 0 bat,0.0
DE,2050,21,120,PT1 0 bat,0.0
DE,2050,21,121,PT1 0 bat,0.0
DE,2050,21,122,PT1 0 bat,0.0
DE,2050,21,123,PT1 0 bat,0.0
DE,2050,21,124,PT1 0 bat,0.0
DE,2050,21,125,PT1 0 bat,0.0
DE,2050,21,126,PT1 0 bat,0.0
DE,2050,21,127,PT1 0 bat,0.0
DE,2050,21,128,PT1 0 bat,0.0
DE,2050,21,129,PT1 0 bat,0.0
DE,2050,21,130,PT1 0 bat,0.0
DE,2050,21,131,PT1 0 bat,9593.037042370734
DE,2050,21,132,PT1 0 bat,12039.455032472517
DE,2050,21,133,PT1 0 bat,0.0
DE,2050,21,134,PT1 0 bat,0.0
DE,2050,21,135,PT1 0 bat,0.0
DE,2050,21,136,PT1 0 bat,0.0
DE,2050,21,137,PT1 0 bat,0.0
DE,2050,21,138,PT1 0 bat,0.0
DE,2050,21,139,PT1 0 bat,0.0
DE,2050,21,140,PT1 0 bat,0.0
DE,2050,21,141,PT1 0 bat,0.0
DE,2050,21,142,PT1 0 bat,0.0
DE,2050,21,143,PT1 0 bat,0.0
DE,2050,21,144,PT1 0 bat,0.0
DE,2050,21,145,PT1 0 bat,0.0
DE,2050,21,146,PT1 0 bat,0.0
DE,2050,21,147,PT1 0 bat,0.0
DE,2050,21,148,PT1 0 bat,0.0
DE,2050,21,149,PT1 0 bat,0.0
DE,2050,21,150,PT1 0 bat,0.0
DE,2050,21,151,PT1 0 bat,0.0
DE,2050,21,152,PT1 0 bat,0.0
DE,2050,21,153,PT1 0 bat,0.0
DE,2050,21,154,PT1 0 bat,0.0
DE,2050,21,155,PT1 0 bat,0.0
DE,2050,21,156,PT1 0 bat,7246.895782674076
DE,2050,21,157,PT1 0 bat,9548.96112237252
DE,2050,21,158,PT1 0 bat,4836.635169796658
DE,2050,21,159,PT1 0 bat,0.0
DE,2050,21,160,PT1 0 bat,0.0
DE,2050,21,161,PT1 0 bat,0.0
DE,2050,21,162,PT1 0 bat,0.0
DE,2050,21,163,PT1 0 bat,0.0
DE,2050,21,164,PT1 0 bat,0.0
DE,2050,21,165,PT1 0 bat,0.0
DE,2050,21,166,PT1 0 bat,0.0
DE,2050,21,167,PT1 0 bat,0.0
DE,2050,42,0,PT1 0 bat,0.0
DE,2050,42,1,PT1 0 bat,0.0
DE,2050,42,2,PT1 0 bat,7192.836999400851
DE,2050,42,3,PT1 0 bat,0.0
DE,2050,42,4,PT1 0 bat,0.0
DE,2050,42,5,PT1 0 bat,0.0
DE,2050,42,6,PT1 0 bat,0.0
DE,2050,42,7,PT1 0 bat,0.0
DE,2050,42,8,PT1 0 bat,0.0
DE,2050,42,9,PT1 0 bat,0.0
DE,2050,42,10,PT1 0 bat,0.0
DE,2050,42,11,PT1 0 bat,0.0
DE,2050,42,12,PT1 0 bat,4421.500760415322
DE,2050,42,13,PT1 0 bat,965.5604379034348
DE,2050,42,14,PT1 0 bat,0.0
DE,2050,42,15,PT1 0 bat,0.0
DE,2050,42,16,PT1 0 bat,0.0
DE,2050,42,17,PT1 0 bat,0.0
DE,2050,42,18,PT1 0 bat,0.0
DE,2050,42,19,PT1 0 bat,0.0
DE,2050,42,20,PT1 0 bat,0.0
DE,2050,42,21,PT1 0 bat,0.0
DE,2050,42,22,PT1 0 bat,0.0
DE,2050,42,23,PT1 0 bat,0.0
DE,2050,42,24,PT1 0 bat,0.0
DE,2050,42,25,PT1 0 bat,0.0
DE,2050,42,26,PT1 0 bat,0.0
DE,2050,42,27,PT1 0 bat,0.0
DE,2050,42,28,PT1 0 bat,0.0
DE,2050,42,29,PT1 0 bat,0.0
DE,2050,42,30,PT1 0 bat,0.0
DE,2050,42,31,PT1 0 bat,0.0
DE,2050,42,32,PT1 0 bat,0.0
DE,2050,42,33,PT1 0 bat,0.0
DE,2050,42,34,PT1 0 bat,0.0
DE,2050,42,35,PT1 0 bat,0.0
DE,2050,42,36,PT1 0 bat,0.0
DE,2050,42,37,PT1 0 bat,10651.041570869867
DE,2050,42,38,PT1 0 bat,10138.964423180547
DE,2050,42,39,PT1 0 bat,842.4860807928372
DE,2050,42,40,PT1 0 bat,0.0
DE,2050,42,41,PT1 0 bat,0.0
DE,2050,42,42,PT1 0 bat,0.0
DE,2050,42,43,PT1 0 bat,0.0
DE,2050,42,44,PT1 0 bat,0.0
DE,2050,42,45,PT1 0 bat,0.0
DE,2050,42,46,PT1 0 bat,0.0
DE,2050,42,47,PT1 0 bat,0.0
DE,2050,42,48,PT1 0 bat,0.0
DE,2050,42,49,PT1 0 bat,0.0
DE,2050,42,50,PT1 0 bat,0.0
DE,2050,42,51,PT1 0 bat,0.0
DE,2050,42,52,PT1 0 bat,0.0
DE,2050,42,53,PT1 0 bat,0.0
DE,2050,42,54,PT1 0 bat,0.0
DE,2050,42,55,PT1 0 bat,0.0
DE,2050,42,56,PT1 0 bat,0.0
DE,2050,42,57,PT1 0 bat,6330.736772715688
DE,2050,42,58,PT1 0 bat,0.0
DE,2050,42,59,PT1 0 bat,908.9707023774838
DE,2050,42,60,PT1 0 bat,4480.298847236583
DE,2050,42,61,PT1 0 bat,9912.485752513498
DE,2050,42,62,PT1 0 bat,0.0
DE,2050,42,63,PT1 0 bat,0.0
DE,2050,42,64,PT1 0 bat,0.0
DE,2050,42,65,PT1 0 bat,0.0
DE,2050,42,66,PT1 0 bat,0.0
DE,2050,42,67,PT1 0 bat,0.0
DE,2050,42,68,PT1 0 bat,0.0
DE,2050,42,69,PT1 0 bat,0.0
DE,2050,42,70,PT1 0 bat,0.0
DE,2050,42,71,PT1 0 bat,0.0
DE,2050,42,72,PT1 0 bat,0.0
DE,2050,42,73,PT1 0 bat,0.0
DE,2050,42,74,PT1 0 bat,0.0
DE,2050,42,75,PT1 0 bat,0.0
DE,2050,42,76,PT1 0 bat,0.0
DE,2050,42,77,PT1 0 bat,0.0
DE,2050,42,78,PT1 0 bat,0.0
DE,2050,42,79,PT1 0 bat,0.0
DE,2050,42,80,PT1 0 bat,0.0
DE,2050,42,81,PT1 0 bat,0.0
DE,2050,42,82,PT1 0 bat,5062.681009553955
DE,2050,42,83,PT1 0 bat,0.0
DE,2050,42,84,PT1 0 bat,9180.278888796507
DE,2050,42,85,PT1 0 bat,0.0
DE,2050,42,86,PT1 0 bat,0.0
DE,2050,42,87,PT1 0 bat,0.0
DE,2050,42,88,PT1 0 bat,0.0
DE,2050,42,89,PT1 0 bat,0.0
DE,2050,42,90,PT1 0 bat,0.0
DE,2050,42,91,PT1 0 bat,0.0
DE,2050,42,92,PT1 0 bat,0.0
DE,2050,42,93,PT1 0 bat,0.0
DE,2050,42,94,PT1 0 bat,0.0
DE,2050,42,95,PT1 0 bat,0.0
DE,2050,42,96,PT1 0 bat,0.0
DE,2050,42,97,PT1 0 bat,0.0
DE,2050,42,98,PT1 0 bat,0.0
DE,2050,42,99,PT1 0 bat,0.0
DE,2050,42,100,PT1 0 bat,0.0
DE,2050,42,101,PT1 0 bat,0.0
DE,2050,42,102,PT1 0 bat,0.0
DE,2050,42,103,PT1 0 bat,0.0
DE,2050,42,104,PT1 0 bat,0.0
DE,2050,42,105,PT1 0 bat,0.0
DE,2050,42,106,PT1 0 bat,3095.29632029136
DE,2050,42,107,PT1 0 bat,8947.659995890928
DE,2050,42,108,PT1 0 bat,8531.244409528228
DE,2050,42,109,PT1 0 bat,1058.2913491327342
DE,2050,42,110,PT1 0 bat,0.0
DE,2050,42,111,PT1 0 bat,0.0
DE,2050,42,112,PT1 0 bat,0.0
DE,2050,42,113,PT1 0 bat,0.0
DE,2050,42,114,PT1 0 bat,0.0
DE,2050,42,115,PT1 0 bat,0.0
DE,2050,42,116,PT1 0 bat,0.0
DE,2050,42,117,PT1 0 bat,0.0
DE,2050,42,118,PT1 0 bat,0.0
DE,2050,42,119,PT1 0 bat,0.0
DE,2050,42,120,PT1 0 bat,0.0
DE,2050,42,121,PT1 0 bat,2018.6052434117132
DE,2050,42,122,PT1 0 bat,2614.6966424240086
DE,2050,42,123,PT1 0 bat,328.22651887344256
DE,2050,42,124,PT1 0 bat,0.0
DE,2050,42,125,PT1 0 bat,0.0
DE,2050,42,126,PT1 0 bat,0.0
DE,2050,42,127,PT1 0 bat,0.0
DE,2050,42,128,PT1 0 bat,0.0
DE,2050,42,129,PT1 0 bat,0.0
DE,2050,42,130,PT1 0 bat,0.0
DE,2050,42,131,PT1 0 bat,4833.241804267589
DE,2050,42,132,PT1 0 bat,15080.116598426172
DE,2050,42,133,PT1 0 bat,0.0
DE,2050,42,134,PT1 0 bat,0.0
DE,2050,42,135,PT1 0 bat,0.0
DE,2050,42,136,PT1 0 bat,1719.1336721494922
DE,2050,42,137,PT1 0 bat,0.0
DE,2050,42,138,PT1 0 bat,0.0
DE,2050,42,139,PT1 0 bat,0.0
DE,2050,42,140,PT1 0 bat,0.0
DE,2050,42,141,PT1 0 bat,0.0
DE,2050,42,142,PT1 0 bat,0.0
DE,2050,42,143,PT1 0 bat,0.0
DE,2050,42,144,PT1 0 bat,0.0
DE,2050,42,145,PT1 0 bat,0.0
DE,2050,42,146,PT1 0 bat,0.0
DE,2050,42,147,PT1 0 bat,0.0
DE,2050,42,148,PT1 0 bat,0.0
DE,2050,42,149,PT1 0 bat,0.0
DE,2050,42,150,PT1 0 bat,0.0
DE,2050,42,151,PT1 0 bat,0.0
DE,2050,42,152,PT1 0 bat,0.0
DE,2050,42,153,PT1 0 bat,0.0
DE,2050,42,154,PT1 0 bat,714.8702137227383
DE,2050,42,155,PT1 0 bat,5766.281984135231
DE,2050,42,156,PT1 0 bat,4150.93710455194
DE,2050,42,157,PT1 0 bat,7648.890875551426
DE,2050,42,158,PT1 0 bat,3351.5118968819147
DE,2050,42,159,PT1 0 bat,0.0
DE,2050,42,160,PT1 0 bat,0.0
DE,2050,42,161,PT1 0 bat,0.0
DE,2050,42,162,PT1 0 bat,0.0
DE,2050,42,163,PT1 0 bat,0.0
DE,2050,42,164,PT1 0 bat,0.0
DE,2050,42,165,PT1 0 bat,0.0
DE,2050,42,166,PT1 0 bat,0.0
DE,2050,42,167,PT1 0 bat,0.0
