carrier,Total Production [MW],New Production [MW],Old Production [MW],Total Production Cost [€],Cost of Buildout [€],Marginal Cost [€/MWh],CO2 Emission Intensity [ton/MWh],Total Production Cost [€] old,Total CO2 Emissions [ton],Total CO2 Cost [€],Total Production Cost With Emissions [€],Total Cost €
CCGT,150617033.8738701,76737528.76034531,73879505.1135248,5944393484.442696,1226771397.8029954,39.82453889356681,0.2,5998253923.54361,30123406.774774022,2560489575.855792,8504883060.298488,9731654458.101482
onwind,46242052.97721572,0.0,46242052.97721572,693630.7946582359,0.0,0.015,0.0,693630.7946582359,0.0,0.0,693630.7946582359,693630.7946582359
solar,92078581.5334609,74274375.9049992,17804205.628461704,920785.8153345999,1849213167.0887525,0.00999999999999995,0.0,920785.8153346044,0.0,0.0,920785.8153345999,1850133952.904087
Total,288937668.38454676,151011904.6653445,137925763.71920222,5946007901.052689,3075984564.891748,39.84953889356681,0.2,5999868340.153603,30123406.774774022,2560489575.855792,8506497476.908481,11582482041.800228
