,Built Generators,Potential Generators,Capacity,Potential Capacity,Utilization rate (%),Max utilization rate (%)
CCGT,1.0,2,12388.16043303766,152251.65999999997,40.13615874775117,100.0
solar,1.0,2,51941.16809736334,63535.09636519334,16.25916213162464,17.352117397699114
onwind,,2,0.0,160197.51672361649,16.475827087951465,18.492475718788654
