carrier,capital_cost [€/MW/year]
CCGT,99027.72929315244
coal,349976.5536298572
offwind-ac,184196.30676878404
onwind,96085.8880199663
ror,299140.2249292296
solar,35602.07124380445
