generator,value
ES1 0 CCGT new,1284.3900164853585
ES1 0 onwind new,0.0
ES1 0 solar new,23363.158546077328
PT1 0 CCGT new,8290.0
PT1 0 onwind new,0.0
PT1 0 solar new,2050.8799999999987
