scenario,year,week,hour,branch,value
NT,2025,11,0,35,-13384.01807625596
NT,2025,11,1,35,-13993.02301460891
NT,2025,11,2,35,-13558.502162556239
NT,2025,11,3,35,-13887.066731706234
NT,2025,11,4,35,-13641.662024312342
NT,2025,11,5,35,-13015.90211872704
NT,2025,11,6,35,-11154.60533899299
NT,2025,11,7,35,-10677.94166483877
NT,2025,11,8,35,-9961.282188124867
NT,2025,11,9,35,-9508.149573278783
NT,2025,11,10,35,-9936.20576112034
NT,2025,11,11,35,-10184.128943454018
NT,2025,11,12,35,-13096.82951525885
NT,2025,11,13,35,-14078.064803137524
NT,2025,11,14,35,-15059.48895148836
NT,2025,11,15,35,-15059.48895148836
NT,2025,11,16,35,-15059.48895148836
NT,2025,11,17,35,-15059.48895148836
NT,2025,11,18,35,-14217.558314465501
NT,2025,11,19,35,-11404.253463924179
NT,2025,11,20,35,-9934.32063549711
NT,2025,11,21,35,-8807.867265299657
NT,2025,11,22,35,-9817.403409556944
NT,2025,11,23,35,-9918.787434686914
NT,2025,11,24,35,-8411.166333427122
NT,2025,11,25,35,-6600.315646840228
NT,2025,11,26,35,-5826.594816588747
NT,2025,11,27,35,-5981.529726170843
NT,2025,11,28,35,-6577.126094225989
NT,2025,11,29,35,-6938.3072879653755
NT,2025,11,30,35,-6874.703320556667
NT,2025,11,31,35,-6834.954257036467
NT,2025,11,32,35,-7563.500651314641
NT,2025,11,33,35,-8016.265029270708
NT,2025,11,34,35,-8526.222216697448
NT,2025,11,35,35,-8745.116761501606
NT,2025,11,36,35,-8742.760752112637
NT,2025,11,37,35,-7421.229020083173
NT,2025,11,38,35,-7563.160818224966
NT,2025,11,39,35,-9474.440328340816
NT,2025,11,40,35,-10717.051515468893
NT,2025,11,41,35,-11236.170198550868
NT,2025,11,42,35,-13632.787509714357
NT,2025,11,43,35,-15059.48895148836
NT,2025,11,44,35,-14989.859365988696
NT,2025,11,45,35,-11191.82628368882
NT,2025,11,46,35,-9482.225699430372
NT,2025,11,47,35,-10477.90623441783
NT,2025,11,48,35,-11558.32789451557
NT,2025,11,49,35,-12666.064744608695
NT,2025,11,50,35,-12999.16666049768
NT,2025,11,51,35,-12825.44432133794
NT,2025,11,52,35,-12679.805454872218
NT,2025,11,53,35,-12914.318286006272
NT,2025,11,54,35,-12769.379541028784
NT,2025,11,55,35,-11552.678901722913
NT,2025,11,56,35,-10653.455773978978
NT,2025,11,57,35,-11769.810755042172
NT,2025,11,58,35,-12736.513808143545
NT,2025,11,59,35,-12686.011360430095
NT,2025,11,60,35,-13183.892841138388
NT,2025,11,61,35,-13043.64614025526
NT,2025,11,62,35,-12343.735707327829
NT,2025,11,63,35,-11546.655536900058
NT,2025,11,64,35,-11233.236611175009
NT,2025,11,65,35,-10673.1033352944
NT,2025,11,66,35,-9390.892337261468
NT,2025,11,67,35,-9274.395284371732
NT,2025,11,68,35,-9424.296171400518
NT,2025,11,69,35,-9232.812538949489
NT,2025,11,70,35,-8663.346014988452
NT,2025,11,71,35,-8586.422613551973
NT,2025,11,72,35,-8466.554586243892
NT,2025,11,73,35,-8360.213722540464
NT,2025,11,74,35,-8177.1383892853455
NT,2025,11,75,35,-8021.426078971169
NT,2025,11,76,35,-8123.000161158375
NT,2025,11,77,35,-7759.226788212211
NT,2025,11,78,35,-6967.077971007233
NT,2025,11,79,35,-5479.989305251991
NT,2025,11,80,35,-4485.914304023499
NT,2025,11,81,35,-4363.551298592594
NT,2025,11,82,35,-4396.2920260569545
NT,2025,11,83,35,-4516.856228085906
NT,2025,11,84,35,-5098.873054351961
NT,2025,11,85,35,-4949.1998214838895
NT,2025,11,86,35,-4921.032600704983
NT,2025,11,87,35,-4927.124229746315
NT,2025,11,88,35,-4718.60028819339
NT,2025,11,89,35,-4477.731838489716
NT,2025,11,90,35,-5626.587006314882
NT,2025,11,91,35,-9895.468034585325
NT,2025,11,92,35,-10234.825897356919
NT,2025,11,93,35,-8917.954880786829
NT,2025,11,94,35,-7660.301215565725
NT,2025,11,95,35,-5982.7255714756475
NT,2025,11,96,35,-4224.36610321697
NT,2025,11,97,35,-4601.455704093346
NT,2025,11,98,35,-4682.610268643119
NT,2025,11,99,35,-4587.803215950003
NT,2025,11,100,35,-5915.432299852229
NT,2025,11,101,35,-10117.060116102122
NT,2025,11,102,35,-14918.740279960486
NT,2025,11,103,35,-14964.749504525378
NT,2025,11,104,35,-11562.00479695272
NT,2025,11,105,35,-5130.320765964478
NT,2025,11,106,35,-3708.959877424601
NT,2025,11,107,35,-3949.0461407034327
NT,2025,11,108,35,-4519.343313248101
NT,2025,11,109,35,-4511.404997310591
NT,2025,11,110,35,-4008.3973230567226
NT,2025,11,111,35,-8311.858266163928
NT,2025,11,112,35,-14741.181661789798
NT,2025,11,113,35,-14225.209043156196
NT,2025,11,114,35,-13287.544529354815
NT,2025,11,115,35,-12841.778531655526
NT,2025,11,116,35,-12980.892975345381
NT,2025,11,117,35,-13195.347749518507
NT,2025,11,118,35,-13768.025177419144
NT,2025,11,119,35,-14819.727765664284
NT,2025,11,120,35,-15059.48895148836
NT,2025,11,121,35,-12087.556070363791
NT,2025,11,122,35,-9151.436936815211
NT,2025,11,123,35,-7074.988917422081
NT,2025,11,124,35,-6019.148326628225
NT,2025,11,125,35,-6312.6599919550745
NT,2025,11,126,35,-6744.332727309246
NT,2025,11,127,35,-6815.759923001065
NT,2025,11,128,35,-6586.100290956493
NT,2025,11,129,35,-6325.498997430196
NT,2025,11,130,35,-5389.010319072993
NT,2025,11,131,35,-6598.93061490586
NT,2025,11,132,35,-6967.921707457469
NT,2025,11,133,35,-6681.705739962724
NT,2025,11,134,35,-6756.639758203109
NT,2025,11,135,35,-6727.392097989572
NT,2025,11,136,35,-6120.706328263535
NT,2025,11,137,35,-5265.165611505687
NT,2025,11,138,35,-9412.454960181685
NT,2025,11,139,35,-11754.660813471566
NT,2025,11,140,35,-12809.562130838834
NT,2025,11,141,35,-11965.372139468005
NT,2025,11,142,35,-11659.926522727867
NT,2025,11,143,35,-10529.93652963137
NT,2025,11,144,35,-8145.31903416731
NT,2025,11,145,35,-5724.476819518306
NT,2025,11,146,35,-6437.201156237454
NT,2025,11,147,35,-6925.801476045578
NT,2025,11,148,35,-7951.255792277349
NT,2025,11,149,35,-9083.429009684029
NT,2025,11,150,35,-7879.6907846639315
NT,2025,11,151,35,-7432.039492853146
NT,2025,11,152,35,-7569.74495075168
NT,2025,11,153,35,-8394.684910066488
NT,2025,11,154,35,-6506.365281093605
NT,2025,11,155,35,-4931.891441254214
NT,2025,11,156,35,-5462.815607090789
NT,2025,11,157,35,-6656.677845983673
NT,2025,11,158,35,-8584.293813034496
NT,2025,11,159,35,-9818.465219158372
NT,2025,11,160,35,-10832.693464503764
NT,2025,11,161,35,-10893.634777145684
NT,2025,11,162,35,-10206.605918772648
NT,2025,11,163,35,-8858.310365982217
NT,2025,11,164,35,-8428.699882168556
NT,2025,11,165,35,-7797.876563970452
NT,2025,11,166,35,-6333.346124068198
NT,2025,11,167,35,-6920.563129403014
NT,2025,21,0,35,-10320.368850226863
NT,2025,21,1,35,-10308.934679541375
NT,2025,21,2,35,-10277.370741954126
NT,2025,21,3,35,-10246.007200690101
NT,2025,21,4,35,-10357.031714860943
NT,2025,21,5,35,-10146.754644590961
NT,2025,21,6,35,-9704.993641399537
NT,2025,21,7,35,-9593.499016878211
NT,2025,21,8,35,-10205.032444244118
NT,2025,21,9,35,-10701.423497124402
NT,2025,21,10,35,-10018.29155367671
NT,2025,21,11,35,-10442.338620032877
NT,2025,21,12,35,-10378.309332534278
NT,2025,21,13,35,-10499.669446526737
NT,2025,21,14,35,-9702.35809752281
NT,2025,21,15,35,-10931.447782938852
NT,2025,21,16,35,-13989.190644882421
NT,2025,21,17,35,-15059.48895148836
NT,2025,21,18,35,-15059.48895148836
NT,2025,21,19,35,-15059.48895148836
NT,2025,21,20,35,-15059.48895148836
NT,2025,21,21,35,-15059.48895148836
NT,2025,21,22,35,-15059.48895148836
NT,2025,21,23,35,-15059.48895148836
NT,2025,21,24,35,-15059.48895148836
NT,2025,21,25,35,-14960.705197216104
NT,2025,21,26,35,-14611.5522634543
NT,2025,21,27,35,-15059.48895148836
NT,2025,21,28,35,-15043.533709110734
NT,2025,21,29,35,-14048.61570505117
NT,2025,21,30,35,-12906.436072526876
NT,2025,21,31,35,-11813.99223176383
NT,2025,21,32,35,-11793.413162653605
NT,2025,21,33,35,-11873.279903733946
NT,2025,21,34,35,-10745.453498467548
NT,2025,21,35,35,-8211.666461821645
NT,2025,21,36,35,-5753.869968187298
NT,2025,21,37,35,-4332.962215161744
NT,2025,21,38,35,-3005.8327456391985
NT,2025,21,39,35,-2998.6446219956483
NT,2025,21,40,35,-4117.147405218166
NT,2025,21,41,35,-5208.616650763852
NT,2025,21,42,35,-8952.02045781165
NT,2025,21,43,35,-11992.961511907528
NT,2025,21,44,35,-9972.732706202058
NT,2025,21,45,35,-6794.15686809447
NT,2025,21,46,35,-7349.4416618328705
NT,2025,21,47,35,-5980.66675155228
NT,2025,21,48,35,-5179.398112524859
NT,2025,21,49,35,-4846.225553575032
NT,2025,21,50,35,-4538.968617201026
NT,2025,21,51,35,-3860.7535808727043
NT,2025,21,52,35,-4533.172013792807
NT,2025,21,53,35,-6846.568107078833
NT,2025,21,54,35,-8583.514412050245
NT,2025,21,55,35,-2906.178055544507
NT,2025,21,56,35,1926.2108292280861
NT,2025,21,57,35,1594.5898110888093
NT,2025,21,58,35,877.8392249333281
NT,2025,21,59,35,8.188442154284544
NT,2025,21,60,35,-683.9905606664545
NT,2025,21,61,35,-1358.8316861780122
NT,2025,21,62,35,-2105.56066128539
NT,2025,21,63,35,-2793.8523307027317
NT,2025,21,64,35,-3900.63067878326
NT,2025,21,65,35,-4368.868494994306
NT,2025,21,66,35,-4249.331819156596
NT,2025,21,67,35,-3872.7956968712397
NT,2025,21,68,35,-3619.2971042655195
NT,2025,21,69,35,-3392.3428260938317
NT,2025,21,70,35,-2696.8459874577716
NT,2025,21,71,35,-2550.770600389357
NT,2025,21,72,35,-2469.8425049198854
NT,2025,21,73,35,-2362.865849913517
NT,2025,21,74,35,-2133.1108363849894
NT,2025,21,75,35,-1862.070254675185
NT,2025,21,76,35,-1899.447175633872
NT,2025,21,77,35,-4730.259393475972
NT,2025,21,78,35,-8203.68644901446
NT,2025,21,79,35,-2227.9724415091423
NT,2025,21,80,35,1338.7135019555442
NT,2025,21,81,35,937.3168134377777
NT,2025,21,82,35,799.92407217205
NT,2025,21,83,35,146.37827869072208
NT,2025,21,84,35,-68.65399196324105
NT,2025,21,85,35,-477.10903144913203
NT,2025,21,86,35,-1166.4053812004586
NT,2025,21,87,35,-2244.149658408067
NT,2025,21,88,35,-3478.518482525335
NT,2025,21,89,35,-3950.1581633240917
NT,2025,21,90,35,-3818.9658699928827
NT,2025,21,91,35,-3486.4740277548894
NT,2025,21,92,35,-3356.6973786472063
NT,2025,21,93,35,-3064.672659554108
NT,2025,21,94,35,-3393.051504472075
NT,2025,21,95,35,-1986.467078716715
NT,2025,21,96,35,-1967.7166548695093
NT,2025,21,97,35,-2521.691240575633
NT,2025,21,98,35,-3559.714476539368
NT,2025,21,99,35,-4525.202308883805
NT,2025,21,100,35,-6695.724365542709
NT,2025,21,101,35,-9148.22976733921
NT,2025,21,102,35,-11772.906200465062
NT,2025,21,103,35,-5280.482835226967
NT,2025,21,104,35,651.9579633624918
NT,2025,21,105,35,291.7588579769941
NT,2025,21,106,35,42.51957997288331
NT,2025,21,107,35,-678.4847952090715
NT,2025,21,108,35,-854.7108981780334
NT,2025,21,109,35,-1182.878021933777
NT,2025,21,110,35,-1774.151416528903
NT,2025,21,111,35,-2427.1416368400305
NT,2025,21,112,35,-3134.5784199991967
NT,2025,21,113,35,-3243.373578628226
NT,2025,21,114,35,-4161.503116059814
NT,2025,21,115,35,-9614.319869260105
NT,2025,21,116,35,-9640.337678474109
NT,2025,21,117,35,-7983.668231884984
NT,2025,21,118,35,-7918.545715548515
NT,2025,21,119,35,-6709.956949958257
NT,2025,21,120,35,-6060.825868183427
NT,2025,21,121,35,-6128.867334834469
NT,2025,21,122,35,-6638.248509491438
NT,2025,21,123,35,-7008.369561900105
NT,2025,21,124,35,-6738.041228570724
NT,2025,21,125,35,-6881.749695192577
NT,2025,21,126,35,-8650.48387846518
NT,2025,21,127,35,-3168.2826598189968
NT,2025,21,128,35,33.00732755614801
NT,2025,21,129,35,-38.75330878691965
NT,2025,21,130,35,274.0332899983463
NT,2025,21,131,35,-94.85132400797416
NT,2025,21,132,35,-105.80577068853736
NT,2025,21,133,35,122.4549915594321
NT,2025,21,134,35,-1806.2187815204704
NT,2025,21,135,35,-3141.4255802498647
NT,2025,21,136,35,-3690.451797812873
NT,2025,21,137,35,-3531.0740627322207
NT,2025,21,138,35,-6176.952786539896
NT,2025,21,139,35,-10270.637022435498
NT,2025,21,140,35,-9768.837391991758
NT,2025,21,141,35,-8912.094717714677
NT,2025,21,142,35,-10758.990606202477
NT,2025,21,143,35,-10296.219960818566
NT,2025,21,144,35,-10487.587137054952
NT,2025,21,145,35,-10786.328760329621
NT,2025,21,146,35,-11156.117226400582
NT,2025,21,147,35,-11417.180548461116
NT,2025,21,148,35,-11818.514617229177
NT,2025,21,149,35,-11877.942277274758
NT,2025,21,150,35,-12767.346520489578
NT,2025,21,151,35,-9275.577347647648
NT,2025,21,152,35,-4129.448298469392
NT,2025,21,153,35,-2803.8417712945634
NT,2025,21,154,35,-1644.9032739692354
NT,2025,21,155,35,-2139.0805436074684
NT,2025,21,156,35,-2989.372821496157
NT,2025,21,157,35,-3583.2891538705894
NT,2025,21,158,35,-5336.846391366085
NT,2025,21,159,35,-7058.504111911764
NT,2025,21,160,35,-8079.924592602086
NT,2025,21,161,35,-8462.840628229835
NT,2025,21,162,35,-9447.003522613368
NT,2025,21,163,35,-14239.878652454214
NT,2025,21,164,35,-15059.48895148836
NT,2025,21,165,35,-13850.24679230618
NT,2025,21,166,35,-13661.022140119781
NT,2025,21,167,35,-13067.815866225119
NT,2025,42,0,35,-8912.642338449205
NT,2025,42,1,35,-8847.3709390774
NT,2025,42,2,35,-8720.870166146073
NT,2025,42,3,35,-8586.93192476364
NT,2025,42,4,35,-8316.463825553348
NT,2025,42,5,35,-7724.033967864726
NT,2025,42,6,35,-7243.7364638647905
NT,2025,42,7,35,-6711.952698556006
NT,2025,42,8,35,-6890.5123280666685
NT,2025,42,9,35,-7207.4944258278465
NT,2025,42,10,35,-7422.731947826074
NT,2025,42,11,35,-7314.958146221028
NT,2025,42,12,35,-5104.607556465455
NT,2025,42,13,35,-6145.163210958221
NT,2025,42,14,35,-8125.438298551795
NT,2025,42,15,35,-7622.880740629538
NT,2025,42,16,35,-7454.718083070767
NT,2025,42,17,35,-7034.212968630939
NT,2025,42,18,35,-6526.02828959918
NT,2025,42,19,35,-6851.5824597583005
NT,2025,42,20,35,-7297.903547313313
NT,2025,42,21,35,-7901.787332678152
NT,2025,42,22,35,-8459.958399321727
NT,2025,42,23,35,-8524.794624272108
NT,2025,42,24,35,-6378.106611815645
NT,2025,42,25,35,-5371.527425850329
NT,2025,42,26,35,-4832.4110274826
NT,2025,42,27,35,-4544.096925766587
NT,2025,42,28,35,-5441.576115894459
NT,2025,42,29,35,-8427.644372040579
NT,2025,42,30,35,-9103.082896244074
NT,2025,42,31,35,-8218.479904304402
NT,2025,42,32,35,-4023.3149585859765
NT,2025,42,33,35,-1242.472501050904
NT,2025,42,34,35,407.3601368562415
NT,2025,42,35,35,2617.4927846540877
NT,2025,42,36,35,2603.810515789376
NT,2025,42,37,35,2938.9244932304687
NT,2025,42,38,35,3286.308906929464
NT,2025,42,39,35,3513.1467048671984
NT,2025,42,40,35,-1044.1815094395315
NT,2025,42,41,35,-7782.647699740818
NT,2025,42,42,35,-7343.544651397179
NT,2025,42,43,35,-7802.436451894311
NT,2025,42,44,35,-6021.481784453537
NT,2025,42,45,35,-3061.7831299272366
NT,2025,42,46,35,-1758.0516177510262
NT,2025,42,47,35,231.5687416373653
NT,2025,42,48,35,812.5752651904713
NT,2025,42,49,35,728.2881715668884
NT,2025,42,50,35,240.25514237272523
NT,2025,42,51,35,-335.1111150770414
NT,2025,42,52,35,-2799.794203068512
NT,2025,42,53,35,-6587.971742452081
NT,2025,42,54,35,-8398.873769844062
NT,2025,42,55,35,-8092.6101798160125
NT,2025,42,56,35,-4136.781608198448
NT,2025,42,57,35,-1341.3427907279558
NT,2025,42,58,35,-1498.5974916894277
NT,2025,42,59,35,-2240.270661168944
NT,2025,42,60,35,-215.53773626189664
NT,2025,42,61,35,-1197.3205323070206
NT,2025,42,62,35,-4081.3088799715247
NT,2025,42,63,35,-7878.591391627156
NT,2025,42,64,35,-7634.174176887429
NT,2025,42,65,35,-7013.825083251204
NT,2025,42,66,35,-6553.349642556307
NT,2025,42,67,35,-7342.1940577951855
NT,2025,42,68,35,-8249.283631099599
NT,2025,42,69,35,-9078.818276923272
NT,2025,42,70,35,-9646.436932885535
NT,2025,42,71,35,-10332.435686240171
NT,2025,42,72,35,-10290.335946018715
NT,2025,42,73,35,-10123.840562893116
NT,2025,42,74,35,-9835.028664160376
NT,2025,42,75,35,-9489.52209303596
NT,2025,42,76,35,-8937.55945005917
NT,2025,42,77,35,-8205.920783679201
NT,2025,42,78,35,-7438.7574391742255
NT,2025,42,79,35,-6658.180225913668
NT,2025,42,80,35,-6999.725344870531
NT,2025,42,81,35,-7227.777266218198
NT,2025,42,82,35,-7268.09745933476
NT,2025,42,83,35,-6668.981725947295
NT,2025,42,84,35,-4784.409938236627
NT,2025,42,85,35,-6741.838610458912
NT,2025,42,86,35,-7207.79667312299
NT,2025,42,87,35,-6870.754911994032
NT,2025,42,88,35,-6563.632954265298
NT,2025,42,89,35,-5888.528952186546
NT,2025,42,90,35,-5298.37845572319
NT,2025,42,91,35,-5646.555046390701
NT,2025,42,92,35,-6092.763403709162
NT,2025,42,93,35,-6613.4384221284645
NT,2025,42,94,35,-7088.686322762684
NT,2025,42,95,35,-7488.987458360394
NT,2025,42,96,35,-7818.48683758438
NT,2025,42,97,35,-8240.006964175007
NT,2025,42,98,35,-8920.991940963884
NT,2025,42,99,35,-9317.043130498927
NT,2025,42,100,35,-9453.888389946318
NT,2025,42,101,35,-9393.106865244952
NT,2025,42,102,35,-9318.162223686188
NT,2025,42,103,35,-8904.574465430038
NT,2025,42,104,35,-3585.8214383179925
NT,2025,42,105,35,544.4946265596803
NT,2025,42,106,35,210.44781266261583
NT,2025,42,107,35,-1685.8560340408674
NT,2025,42,108,35,-2508.5473425111554
NT,2025,42,109,35,-2543.211761555647
NT,2025,42,110,35,-2815.5976652118866
NT,2025,42,111,35,-2973.2007618941834
NT,2025,42,112,35,-2752.0669305054234
NT,2025,42,113,35,-8484.38354375861
NT,2025,42,114,35,-11583.464927894183
NT,2025,42,115,35,-12979.219369092001
NT,2025,42,116,35,-12010.408913439353
NT,2025,42,117,35,-10545.89057118416
NT,2025,42,118,35,-7239.3801430239255
NT,2025,42,119,35,-6991.589560172906
NT,2025,42,120,35,-5110.54534042228
NT,2025,42,121,35,-3649.8844225159028
NT,2025,42,122,35,-2451.4566408008595
NT,2025,42,123,35,-1485.5239257840558
NT,2025,42,124,35,-549.995770456427
NT,2025,42,125,35,68.38770317605585
NT,2025,42,126,35,-1058.156660208758
NT,2025,42,127,35,-2136.858126283767
NT,2025,42,128,35,586.1092227928787
NT,2025,42,129,35,307.37801098368755
NT,2025,42,130,35,454.03010569765064
NT,2025,42,131,35,-365.4399468660328
NT,2025,42,132,35,-1025.137633123173
NT,2025,42,133,35,-906.3833546950176
NT,2025,42,134,35,-428.48401378754886
NT,2025,42,135,35,-109.81550438402073
NT,2025,42,136,35,356.5540024818514
NT,2025,42,137,35,-5602.773821371062
NT,2025,42,138,35,-9073.338998238673
NT,2025,42,139,35,-9759.283393307061
NT,2025,42,140,35,-8120.506098918757
NT,2025,42,141,35,-6436.174978025421
NT,2025,42,142,35,-3352.8675043730773
NT,2025,42,143,35,-3418.2554643694
NT,2025,42,144,35,-3419.4888796178084
NT,2025,42,145,35,-3217.5090729008725
NT,2025,42,146,35,-3396.7943573205102
NT,2025,42,147,35,-3961.2557468124455
NT,2025,42,148,35,-5282.762734077328
NT,2025,42,149,35,-6707.358393408647
NT,2025,42,150,35,-7494.8575647903235
NT,2025,42,151,35,-6947.359121429163
NT,2025,42,152,35,-1463.1872819518005
NT,2025,42,153,35,1254.944770148186
NT,2025,42,154,35,877.3921127136421
NT,2025,42,155,35,387.9169620395866
NT,2025,42,156,35,-359.45684052411633
NT,2025,42,157,35,-696.0984208247938
NT,2025,42,158,35,-659.9492974392494
NT,2025,42,159,35,-536.6791110329636
NT,2025,42,160,35,-2119.9164334421457
NT,2025,42,161,35,-10074.63422646423
NT,2025,42,162,35,-10065.719744912638
NT,2025,42,163,35,-10158.617255567431
NT,2025,42,164,35,-10572.871082434041
NT,2025,42,165,35,-9558.041063640625
NT,2025,42,166,35,-6560.791499125164
NT,2025,42,167,35,-5200.396297410884
NT,2025,52,0,35,-9322.504376082688
NT,2025,52,1,35,-9686.869287429412
NT,2025,52,2,35,-8289.100415604873
NT,2025,52,3,35,-7518.232669276866
NT,2025,52,4,35,-7241.872579017141
NT,2025,52,5,35,-8058.302646372071
NT,2025,52,6,35,-10274.805642205223
NT,2025,52,7,35,-10043.19501576939
NT,2025,52,8,35,-9527.08007579469
NT,2025,52,9,35,108.35437405564107
NT,2025,52,10,35,1274.8657685705018
NT,2025,52,11,35,890.9283886736159
NT,2025,52,12,35,60.026870347908755
NT,2025,52,13,35,-445.9927943086457
NT,2025,52,14,35,-917.8757734241977
NT,2025,52,15,35,-1215.8462329997176
NT,2025,52,16,35,-1425.200555124706
NT,2025,52,17,35,-1096.727527401383
NT,2025,52,18,35,-1365.2842014927246
NT,2025,52,19,35,-1952.5394012194233
NT,2025,52,20,35,-2717.4991427352234
NT,2025,52,21,35,-3559.7751631867686
NT,2025,52,22,35,-4716.806928162009
NT,2025,52,23,35,-5750.231376347987
NT,2025,52,24,35,-7037.463636515468
NT,2025,52,25,35,-8229.795396611786
NT,2025,52,26,35,-9317.651354384354
NT,2025,52,27,35,-9857.284970478202
NT,2025,52,28,35,-10387.357666587663
NT,2025,52,29,35,-11341.216549938286
NT,2025,52,30,35,-12502.793327618472
NT,2025,52,31,35,-13370.20122241634
NT,2025,52,32,35,-13692.441480550815
NT,2025,52,33,35,-13932.880717724418
NT,2025,52,34,35,-14202.516937539405
NT,2025,52,35,35,-14614.78640993574
NT,2025,52,36,35,-15059.48895148836
NT,2025,52,37,35,-15059.48895148836
NT,2025,52,38,35,-15059.48895148836
NT,2025,52,39,35,-15059.48895148836
NT,2025,52,40,35,-15059.48895148836
NT,2025,52,41,35,-15059.48895148836
NT,2025,52,42,35,-15059.48895148836
NT,2025,52,43,35,-15059.48895148836
NT,2025,52,44,35,-15059.48895148836
NT,2025,52,45,35,-15059.48895148836
NT,2025,52,46,35,-15059.48895148836
NT,2025,52,47,35,-15059.48895148836
NT,2025,52,48,35,-15059.48895148836
NT,2025,52,49,35,-15059.48895148836
NT,2025,52,50,35,-15059.48895148836
NT,2025,52,51,35,-15059.48895148836
NT,2025,52,52,35,-15059.48895148836
NT,2025,52,53,35,-15059.48895148836
NT,2025,52,54,35,-15059.48895148836
NT,2025,52,55,35,-15059.48895148836
NT,2025,52,56,35,-15059.48895148836
NT,2025,52,57,35,-15059.48895148836
NT,2025,52,58,35,-15059.48895148836
NT,2025,52,59,35,-15059.48895148836
NT,2025,52,60,35,-15059.48895148836
NT,2025,52,61,35,-15059.48895148836
NT,2025,52,62,35,-15059.48895148836
NT,2025,52,63,35,-15059.48895148836
NT,2025,52,64,35,-15059.48895148836
NT,2025,52,65,35,-15059.48895148836
NT,2025,52,66,35,-15059.48895148836
NT,2025,52,67,35,-14929.182288771834
NT,2025,52,68,35,-14503.218213938215
NT,2025,52,69,35,-14501.102733109674
NT,2025,52,70,35,-12842.36298072783
NT,2025,52,71,35,-13626.521146028634
NT,2025,52,72,35,-13889.898182288394
NT,2025,52,73,35,-14436.573233292003
NT,2025,52,74,35,-13949.704858277775
NT,2025,52,75,35,-13140.22632042373
NT,2025,52,76,35,-12338.94696627414
NT,2025,52,77,35,-11080.542364896839
NT,2025,52,78,35,-9465.964811319483
NT,2025,52,79,35,-7737.746160199114
NT,2025,52,80,35,-6087.942935638128
NT,2025,52,81,35,-5866.777734127094
NT,2025,52,82,35,-4723.444945134195
NT,2025,52,83,35,-4396.279557735708
NT,2025,52,84,35,-4728.915311383259
NT,2025,52,85,35,-5176.948547893043
NT,2025,52,86,35,-4954.746082861051
NT,2025,52,87,35,-5110.7610942237525
NT,2025,52,88,35,-5156.986283462005
NT,2025,52,89,35,-4920.04392064886
NT,2025,52,90,35,-5116.000481401111
NT,2025,52,91,35,-5314.3098672954375
NT,2025,52,92,35,-5858.52233731538
NT,2025,52,93,35,-6606.995932975857
NT,2025,52,94,35,-7518.285078021816
NT,2025,52,95,35,-8678.912727104114
NT,2025,52,96,35,-10024.830886834812
NT,2025,52,97,35,-11103.644748822042
NT,2025,52,98,35,-11722.300352858787
NT,2025,52,99,35,-12139.75672362994
NT,2025,52,100,35,-12470.202178852933
NT,2025,52,101,35,-12724.223174761488
NT,2025,52,102,35,-12435.94218443057
NT,2025,52,103,35,-11876.888007165771
NT,2025,52,104,35,-11054.833013478396
NT,2025,52,105,35,-10731.495682351228
NT,2025,52,106,35,-9503.784626735423
NT,2025,52,107,35,-11376.7526671674
NT,2025,52,108,35,-12971.70538231085
NT,2025,52,109,35,-14333.84202575878
NT,2025,52,110,35,-14850.617651187069
NT,2025,52,111,35,-15059.48895148836
NT,2025,52,112,35,-14913.38376782874
NT,2025,52,113,35,-14009.30407972679
NT,2025,52,114,35,-13489.776181548312
NT,2025,52,115,35,-13029.224788240605
NT,2025,52,116,35,-12648.213843850992
NT,2025,52,117,35,-13061.88223303128
NT,2025,52,118,35,-13014.231446073976
NT,2025,52,119,35,-15059.48895148836
NT,2025,52,120,35,-15059.48895148836
NT,2025,52,121,35,-15059.48895148836
NT,2025,52,122,35,-15059.48895148836
NT,2025,52,123,35,-15059.48895148836
NT,2025,52,124,35,-15059.48895148836
NT,2025,52,125,35,-15059.48895148836
NT,2025,52,126,35,-15059.48895148836
NT,2025,52,127,35,-13689.993481759448
NT,2025,52,128,35,-11741.113565898006
NT,2025,52,129,35,-11032.799906737824
NT,2025,52,130,35,-11433.095662193087
NT,2025,52,131,35,-8059.225993620073
NT,2025,52,132,35,-7211.60290048543
NT,2025,52,133,35,-8326.538384418805
NT,2025,52,134,35,-11024.660593745883
NT,2025,52,135,35,-11042.724741498045
NT,2025,52,136,35,-10346.265359898603
NT,2025,52,137,35,-7986.668568518056
NT,2025,52,138,35,-7133.509366801185
NT,2025,52,139,35,-6276.154568773983
NT,2025,52,140,35,-5698.867446810409
NT,2025,52,141,35,-5374.243153052487
NT,2025,52,142,35,-5072.145356709715
NT,2025,52,143,35,-5266.685603006602
NT,2025,52,144,35,-5578.719753221325
NT,2025,52,145,35,-5790.731786703166
NT,2025,52,146,35,-5771.509878522888
NT,2025,52,147,35,-5486.318976961211
NT,2025,52,148,35,-5100.1056222922925
NT,2025,52,149,35,-4719.359049013826
NT,2025,52,150,35,-4657.424393734742
NT,2025,52,151,35,-6582.55808400038
NT,2025,52,152,35,-6574.987513061239
NT,2025,52,153,35,-5243.999653692281
NT,2025,52,154,35,-5195.825925552523
NT,2025,52,155,35,-4452.5188858577785
NT,2025,52,156,35,-4395.271843709684
NT,2025,52,157,35,-4467.06368172574
NT,2025,52,158,35,-4744.875343959706
NT,2025,52,159,35,-4358.27251995681
NT,2025,52,160,35,-6922.741636622974
NT,2025,52,161,35,-12455.234650325474
NT,2025,52,162,35,-13102.57042450087
NT,2025,52,163,35,-13450.418264418216
NT,2025,52,164,35,-13784.49766790379
NT,2025,52,165,35,-13463.865276509488
NT,2025,52,166,35,-10343.835902812534
NT,2025,52,167,35,-7352.722143047929
NT,2030,11,0,35,-13435.579942566705
NT,2030,11,1,35,-13666.345087265388
NT,2030,11,2,35,-13239.57125166346
NT,2030,11,3,35,-13572.11793207318
NT,2030,11,4,35,-13326.930430748003
NT,2030,11,5,35,-12692.844292528722
NT,2030,11,6,35,-10813.88141920606
NT,2030,11,7,35,-10277.1964680643
NT,2030,11,8,35,-9811.192175291106
NT,2030,11,9,35,-9579.001824435574
NT,2030,11,10,35,-10135.418753489172
NT,2030,11,11,35,-8434.98185333844
NT,2030,11,12,35,-7573.457360255794
NT,2030,11,13,35,-5021.610823568513
NT,2030,11,14,35,-8659.927529251972
NT,2030,11,15,35,-13817.08762364641
NT,2030,11,16,35,-15059.48895148836
NT,2030,11,17,35,-15059.48895148836
NT,2030,11,18,35,-13702.635127571188
NT,2030,11,19,35,-10867.320062067005
NT,2030,11,20,35,-9411.72283417496
NT,2030,11,21,35,-8309.162131535873
NT,2030,11,22,35,-9352.14801037488
NT,2030,11,23,35,-9502.548205010955
NT,2030,11,24,35,-8030.476496997102
NT,2030,11,25,35,-6245.618136632798
NT,2030,11,26,35,-5481.454373404665
NT,2030,11,27,35,-5645.367133826876
NT,2030,11,28,35,-6244.5836030272285
NT,2030,11,29,35,-6594.614885239376
NT,2030,11,30,35,-6518.9197800056745
NT,2030,11,31,35,-6420.5250779331145
NT,2030,11,32,35,-7333.600573736782
NT,2030,11,33,35,-7944.960196011135
NT,2030,11,34,35,-8548.971754349182
NT,2030,11,35,35,-8886.470303273429
NT,2030,11,36,35,-9001.880004983746
NT,2030,11,37,35,-7732.749283563526
NT,2030,11,38,35,-7810.794632795784
NT,2030,11,39,35,-9748.747154768034
NT,2030,11,40,35,-10810.961406386841
NT,2030,11,41,35,-10836.865249539065
NT,2030,11,42,35,-14921.668740748828
NT,2030,11,43,35,-15059.48895148836
NT,2030,11,44,35,-15059.48895148836
NT,2030,11,45,35,-12197.193845752145
NT,2030,11,46,35,-9003.575926011039
NT,2030,11,47,35,-10055.947244932444
NT,2030,11,48,35,-11174.959183238097
NT,2030,11,49,35,-12311.874048561594
NT,2030,11,50,35,-12654.967443611351
NT,2030,11,51,35,-12486.09603998619
NT,2030,11,52,35,-12338.647122947865
NT,2030,11,53,35,-12567.657400341202
NT,2030,11,54,35,-12412.36516608842
NT,2030,11,55,35,-11131.588736512378
NT,2030,11,56,35,-10652.740030668858
NT,2030,11,57,35,-12298.720250138136
NT,2030,11,58,35,-10074.697153601042
NT,2030,11,59,35,-6998.096389923375
NT,2030,11,60,35,-6530.36761548541
NT,2030,11,61,35,-5089.749689832841
NT,2030,11,62,35,-8404.685047490037
NT,2030,11,63,35,-12155.686554843984
NT,2030,11,64,35,-11535.62497835706
NT,2030,11,65,35,-10562.369754184201
NT,2030,11,66,35,-8882.068902989551
NT,2030,11,67,35,-8716.827305986875
NT,2030,11,68,35,-8880.33977332164
NT,2030,11,69,35,-8708.694295146348
NT,2030,11,70,35,-8172.749907789933
NT,2030,11,71,35,-8156.571803570036
NT,2030,11,72,35,-8076.8868989737575
NT,2030,11,73,35,-7997.045175653248
NT,2030,11,74,35,-7826.35058831474
NT,2030,11,75,35,-7676.502841855799
NT,2030,11,76,35,-7778.873346294951
NT,2030,11,77,35,-7407.64256498966
NT,2030,11,78,35,-6604.271434234538
NT,2030,11,79,35,-5053.03457618622
NT,2030,11,80,35,-4498.650928242492
NT,2030,11,81,35,-4921.348558673736
NT,2030,11,82,35,-3646.5430997331955
NT,2030,11,83,35,-4310.953066516952
NT,2030,11,84,35,-4959.635166876687
NT,2030,11,85,35,-4767.2351716543135
NT,2030,11,86,35,-3915.4177576428947
NT,2030,11,87,35,-5654.428865483511
NT,2030,11,88,35,-5076.568769400957
NT,2030,11,89,35,-4400.3181688612185
NT,2030,11,90,35,-5909.4552127571005
NT,2030,11,91,35,-10528.651969173294
NT,2030,11,92,35,-10909.857462984415
NT,2030,11,93,35,-9502.083006907284
NT,2030,11,94,35,-8166.489041475161
NT,2030,11,95,35,-6369.7714356257
NT,2030,11,96,35,-4344.3223445695185
NT,2030,11,97,35,-3980.868737108657
NT,2030,11,98,35,-3916.6744502599927
NT,2030,11,99,35,-4245.703657727895
NT,2030,11,100,35,-6348.509200038045
NT,2030,11,101,35,-10853.962800221174
NT,2030,11,102,35,-15059.48895148836
NT,2030,11,103,35,-14945.991983791295
NT,2030,11,104,35,-5814.685854979263
NT,2030,11,105,35,-3909.473855353321
NT,2030,11,106,35,-3340.538366347251
NT,2030,11,107,35,-4209.236093150544
NT,2030,11,108,35,-4874.456886119667
NT,2030,11,109,35,-4536.043162180294
NT,2030,11,110,35,-4124.784215807163
NT,2030,11,111,35,-3482.3282760661064
NT,2030,11,112,35,-9757.728684036783
NT,2030,11,113,35,-14362.33883136395
NT,2030,11,114,35,-12790.095763324398
NT,2030,11,115,35,-12539.68548138497
NT,2030,11,116,35,-12466.186994519781
NT,2030,11,117,35,-12699.321490602179
NT,2030,11,118,35,-13297.050018427652
NT,2030,11,119,35,-14401.895691484435
NT,2030,11,120,35,-15059.48895148836
NT,2030,11,121,35,-13218.558017247222
NT,2030,11,122,35,-10113.650516770378
NT,2030,11,123,35,-7890.545948818746
NT,2030,11,124,35,-5695.004470086346
NT,2030,11,125,35,-5988.22652732158
NT,2030,11,126,35,-6429.456329699099
NT,2030,11,127,35,-6485.027482374909
NT,2030,11,128,35,-6445.364353407292
NT,2030,11,129,35,-6391.337080561651
NT,2030,11,130,35,-5612.375682639133
NT,2030,11,131,35,-6694.717133245898
NT,2030,11,132,35,-6888.744616756827
NT,2030,11,133,35,-7002.646665271485
NT,2030,11,134,35,-6972.6318563953455
NT,2030,11,135,35,-6847.872973325747
NT,2030,11,136,35,-6030.513401183575
NT,2030,11,137,35,-5023.038849138653
NT,2030,11,138,35,-10410.433576727199
NT,2030,11,139,35,-12903.215066918745
NT,2030,11,140,35,-14006.196265985835
NT,2030,11,141,35,-13074.0268749475
NT,2030,11,142,35,-12681.086146867845
NT,2030,11,143,35,-11433.060943526882
NT,2030,11,144,35,-8890.359305459064
NT,2030,11,145,35,-6367.1079917077805
NT,2030,11,146,35,-7097.403709615833
NT,2030,11,147,35,-7621.892245789615
NT,2030,11,148,35,-8691.639438441764
NT,2030,11,149,35,-9874.664862859423
NT,2030,11,150,35,-8626.711263712285
NT,2030,11,151,35,-7487.493172667561
NT,2030,11,152,35,-5600.038132562525
NT,2030,11,153,35,-5365.004000977669
NT,2030,11,154,35,-4598.753494790384
NT,2030,11,155,35,-5085.563436933987
NT,2030,11,156,35,-5707.837756472222
NT,2030,11,157,35,-7007.387428177658
NT,2030,11,158,35,-8941.517756276944
NT,2030,11,159,35,-10172.454088047496
NT,2030,11,160,35,-11042.285345093953
NT,2030,11,161,35,-10826.30308454445
NT,2030,11,162,35,-9811.340824027306
NT,2030,11,163,35,-8393.70658500629
NT,2030,11,164,35,-7963.1548748948735
NT,2030,11,165,35,-7347.753187575353
NT,2030,11,166,35,-5906.60860107114
NT,2030,11,167,35,-6533.791523049045
NT,2030,21,0,35,-10424.132575051499
NT,2030,21,1,35,-10015.778888802473
NT,2030,21,2,35,-9986.821424039774
NT,2030,21,3,35,-9958.426365714819
NT,2030,21,4,35,-10071.912548664402
NT,2030,21,5,35,-9838.756439156708
NT,2030,21,6,35,-9351.530684734882
NT,2030,21,7,35,-9487.319633325445
NT,2030,21,8,35,-8514.125400730185
NT,2030,21,9,35,-4979.436943529405
NT,2030,21,10,35,-5228.659747953585
NT,2030,21,11,35,-4586.626998062762
NT,2030,21,12,35,-2507.4268935894593
NT,2030,21,13,35,-1993.1431338993355
NT,2030,21,14,35,-1303.919039433361
NT,2030,21,15,35,-3774.674702797368
NT,2030,21,16,35,-9279.815140138766
NT,2030,21,17,35,-15059.48895148836
NT,2030,21,18,35,-15059.48895148836
NT,2030,21,19,35,-15059.48895148836
NT,2030,21,20,35,-15059.48895148836
NT,2030,21,21,35,-15059.48895148836
NT,2030,21,22,35,-15059.48895148836
NT,2030,21,23,35,-15059.48895148836
NT,2030,21,24,35,-15059.48895148836
NT,2030,21,25,35,-15059.48895148836
NT,2030,21,26,35,-15059.48895148836
NT,2030,21,27,35,-15059.48895148836
NT,2030,21,28,35,-14740.386439211057
NT,2030,21,29,35,-13730.481216410337
NT,2030,21,30,35,-12540.746667820971
NT,2030,21,31,35,-11704.828485464786
NT,2030,21,32,35,-11205.194001909556
NT,2030,21,33,35,-5153.530255343028
NT,2030,21,34,35,-2045.1798182239431
NT,2030,21,35,35,-419.8992047011665
NT,2030,21,36,35,-1068.7556207319285
NT,2030,21,37,35,-1781.8782903627027
NT,2030,21,38,35,-2614.196460965344
NT,2030,21,39,35,-3201.369340516433
NT,2030,21,40,35,-4480.9505593625645
NT,2030,21,41,35,-4310.299951647607
NT,2030,21,42,35,-8801.782587664813
NT,2030,21,43,35,-12915.118517384846
NT,2030,21,44,35,-10724.725364717719
NT,2030,21,45,35,-7301.560732673543
NT,2030,21,46,35,-7917.704377440643
NT,2030,21,47,35,-6454.748010428042
NT,2030,21,48,35,-5592.263904388119
NT,2030,21,49,35,-5235.769885671471
NT,2030,21,50,35,-4900.396355985253
NT,2030,21,51,35,-4176.256271541701
NT,2030,21,52,35,-4907.58392126991
NT,2030,21,53,35,-7392.705410704968
NT,2030,21,54,35,-8694.568964863109
NT,2030,21,55,35,1267.06231301353
NT,2030,21,56,35,1558.5612200105654
NT,2030,21,57,35,894.9513209180997
NT,2030,21,58,35,1532.2949575914827
NT,2030,21,59,35,458.20566779815016
NT,2030,21,60,35,446.3304416167149
NT,2030,21,61,35,684.8123679763613
NT,2030,21,62,35,1315.7708878195888
NT,2030,21,63,35,-3419.9018740226184
NT,2030,21,64,35,-4327.106384854044
NT,2030,21,65,35,-4468.969852836387
NT,2030,21,66,35,-4013.0570221316802
NT,2030,21,67,35,-3444.8997415077147
NT,2030,21,68,35,-3176.920744321164
NT,2030,21,69,35,-2981.026933975357
NT,2030,21,70,35,-2324.120373547208
NT,2030,21,71,35,-2209.8294745337153
NT,2030,21,72,35,-2147.508698950611
NT,2030,21,73,35,-2047.6998442117538
NT,2030,21,74,35,-1822.071745988762
NT,2030,21,75,35,-1551.2483703476696
NT,2030,21,76,35,-2148.6496166547477
NT,2030,21,77,35,-5180.300535208298
NT,2030,21,78,35,-8596.273847068482
NT,2030,21,79,35,1428.853361831401
NT,2030,21,80,35,1037.9018328401824
NT,2030,21,81,35,239.26284384429889
NT,2030,21,82,35,1379.9804721075677
NT,2030,21,83,35,390.7936893218585
NT,2030,21,84,35,456.9526131415061
NT,2030,21,85,35,701.6425877662207
NT,2030,21,86,35,1478.206845424622
NT,2030,21,87,35,-1869.739232628326
NT,2030,21,88,35,-3959.990489913065
NT,2030,21,89,35,-4068.4150102279427
NT,2030,21,90,35,-3582.329878734612
NT,2030,21,91,35,-3053.220322696457
NT,2030,21,92,35,-2910.194103397315
NT,2030,21,93,35,-2644.2341125497096
NT,2030,21,94,35,-3742.0546381082477
NT,2030,21,95,35,-1811.2470025017774
NT,2030,21,96,35,-1550.9603314398482
NT,2030,21,97,35,-2784.351223285925
NT,2030,21,98,35,-3909.1657917272187
NT,2030,21,99,35,-4958.796655498525
NT,2030,21,100,35,-7305.146371648121
NT,2030,21,101,35,-9947.960696814882
NT,2030,21,102,35,-11800.575399217438
NT,2030,21,103,35,-1162.978973507641
NT,2030,21,104,35,286.6694869807145
NT,2030,21,105,35,413.4650582905428
NT,2030,21,106,35,1705.0218255524865
NT,2030,21,107,35,844.0904372436644
NT,2030,21,108,35,656.7916514286998
NT,2030,21,109,35,911.6466352341627
NT,2030,21,110,35,1198.9872991641566
NT,2030,21,111,35,100.64955648572577
NT,2030,21,112,35,-3620.1406982899466
NT,2030,21,113,35,-3367.8013202330867
NT,2030,21,114,35,-3545.964760785273
NT,2030,21,115,35,-10476.495947518008
NT,2030,21,116,35,-10483.242416434907
NT,2030,21,117,35,-8696.780760025196
NT,2030,21,118,35,-8607.643231489292
NT,2030,21,119,35,-7312.24145389084
NT,2030,21,120,35,-6613.8059208244995
NT,2030,21,121,35,-6686.2543010438985
NT,2030,21,122,35,-7219.455602398532
NT,2030,21,123,35,-7596.995790759632
NT,2030,21,124,35,-7295.734727009562
NT,2030,21,125,35,-7442.516524968409
NT,2030,21,126,35,-8870.195729202742
NT,2030,21,127,35,-8.264404735353413
NT,2030,21,128,35,-405.02076137390935
NT,2030,21,129,35,797.1236514567616
NT,2030,21,130,35,336.52769180499917
NT,2030,21,131,35,367.5979622050849
NT,2030,21,132,35,-341.663775392856
NT,2030,21,133,35,-230.173731042718
NT,2030,21,134,35,-15.097880950858377
NT,2030,21,135,35,754.4180589388062
NT,2030,21,136,35,-3780.0110921009486
NT,2030,21,137,35,-3719.0728358637016
NT,2030,21,138,35,-5579.816949577753
NT,2030,21,139,35,-11088.210918386834
NT,2030,21,140,35,-10541.469383986961
NT,2030,21,141,35,-9621.371494312703
NT,2030,21,142,35,-11600.678009438541
NT,2030,21,143,35,-11120.17307376407
NT,2030,21,144,35,-11328.527123377586
NT,2030,21,145,35,-11637.239744056938
NT,2030,21,146,35,-12026.292568059504
NT,2030,21,147,35,-12313.424357726115
NT,2030,21,148,35,-12748.456726688464
NT,2030,21,149,35,-12803.10767708325
NT,2030,21,150,35,-13154.93401225704
NT,2030,21,151,35,-5578.797396090384
NT,2030,21,152,35,-2398.07026390453
NT,2030,21,153,35,1055.9820895126904
NT,2030,21,154,35,417.8559132901549
NT,2030,21,155,35,144.97516673385834
NT,2030,21,156,35,242.23129133016448
NT,2030,21,157,35,-236.03822315721843
NT,2030,21,158,35,-57.380413911948374
NT,2030,21,159,35,-875.2176479909028
NT,2030,21,160,35,-8418.32659469645
NT,2030,21,161,35,-8631.214193800342
NT,2030,21,162,35,-9358.260660394399
NT,2030,21,163,35,-15059.48895148836
NT,2030,21,164,35,-15059.48895148836
NT,2030,21,165,35,-14882.43278309616
NT,2030,21,166,35,-14651.410504442829
NT,2030,21,167,35,-14014.893014990936
NT,2030,42,0,35,-9021.25699880842
NT,2030,42,1,35,-8556.89402318595
NT,2030,42,2,35,-8429.307219911063
NT,2030,42,3,35,-8295.006968414107
NT,2030,42,4,35,-8014.692194088852
NT,2030,42,5,35,-7390.043436207884
NT,2030,42,6,35,-6880.857525069191
NT,2030,42,7,35,-6318.352036668131
NT,2030,42,8,35,-6792.147306003322
NT,2030,42,9,35,-2713.264264946906
NT,2030,42,10,35,3101.9992658651336
NT,2030,42,11,35,-7271.301353660631
NT,2030,42,12,35,3735.6212843394565
NT,2030,42,13,35,3492.5430059158325
NT,2030,42,14,35,-1805.9223171324002
NT,2030,42,15,35,-7598.287889093384
NT,2030,42,16,35,-7656.89252378888
NT,2030,42,17,35,-6617.9799509311315
NT,2030,42,18,35,-6254.271686925463
NT,2030,42,19,35,-6380.317692675189
NT,2030,42,20,35,-6857.409639964465
NT,2030,42,21,35,-7492.78830529261
NT,2030,42,22,35,-8093.024947243495
NT,2030,42,23,35,-8527.89958925187
NT,2030,42,24,35,-6977.2628569807075
NT,2030,42,25,35,-5888.848558309051
NT,2030,42,26,35,-5310.897120253967
NT,2030,42,27,35,-4995.458662350364
NT,2030,42,28,35,-5952.9701294733295
NT,2030,42,29,35,-9149.594039946434
NT,2030,42,30,35,-8722.103451722438
NT,2030,42,31,35,-7800.824189738135
NT,2030,42,32,35,154.08391580906027
NT,2030,42,33,35,3371.1059559119167
NT,2030,42,34,35,3419.974492410706
NT,2030,42,35,35,2347.0705484336077
NT,2030,42,36,35,2257.25287300716
NT,2030,42,37,35,2639.7276551335044
NT,2030,42,38,35,3507.4997865088117
NT,2030,42,39,35,3419.737508790827
NT,2030,42,40,35,1089.5073733048575
NT,2030,42,41,35,-7609.1040748408295
NT,2030,42,42,35,-7248.99923548735
NT,2030,42,43,35,-7326.031141185007
NT,2030,42,44,35,-6653.68491651648
NT,2030,42,45,35,-3481.087634101241
NT,2030,42,46,35,-2069.039539226298
NT,2030,42,47,35,52.11558523671192
NT,2030,42,48,35,676.7257043427835
NT,2030,42,49,35,601.804783849564
NT,2030,42,50,35,91.0566043252802
NT,2030,42,51,35,-521.6125765661363
NT,2030,42,52,35,-3161.059547427445
NT,2030,42,53,35,-7219.912342006912
NT,2030,42,54,35,-8160.563205237012
NT,2030,42,55,35,-7592.530174432128
NT,2030,42,56,35,2190.8814914430777
NT,2030,42,57,35,2643.82390543271
NT,2030,42,58,35,2715.349906826648
NT,2030,42,59,35,2261.1199311184473
NT,2030,42,60,35,4355.72508900935
NT,2030,42,61,35,3161.597482885359
NT,2030,42,62,35,3006.4173578480863
NT,2030,42,63,35,-1986.799140456258
NT,2030,42,64,35,-7614.18304986337
NT,2030,42,65,35,-6629.828029279892
NT,2030,42,66,35,-6053.848086540577
NT,2030,42,67,35,-6870.132868460129
NT,2030,42,68,35,-7808.355311613327
NT,2030,42,69,35,-8666.778364575755
NT,2030,42,70,35,-9272.987298745931
NT,2030,42,71,35,-9987.946861262224
NT,2030,42,72,35,-9959.09669123223
NT,2030,42,73,35,-9801.579158946746
NT,2030,42,74,35,-9522.179523191542
NT,2030,42,75,35,-9173.849273173866
NT,2030,42,76,35,-8612.184759127922
NT,2030,42,77,35,-7852.381705838238
NT,2030,42,78,35,-7056.474758240315
NT,2030,42,79,35,-6467.709524127939
NT,2030,42,80,35,-7404.775142237315
NT,2030,42,81,35,-4273.97897765267
NT,2030,42,82,35,1328.0482387374777
NT,2030,42,83,35,3702.376392302099
NT,2030,42,84,35,3852.8955115931312
NT,2030,42,85,35,3594.146932264802
NT,2030,42,86,35,-3101.0878384520665
NT,2030,42,87,35,-7069.946365971027
NT,2030,42,88,35,-6496.430269446102
NT,2030,42,89,35,-5715.7170819862085
NT,2030,42,90,35,-4802.859010967189
NT,2030,42,91,35,-5172.683806483041
NT,2030,42,92,35,-5648.070179031874
NT,2030,42,93,35,-6207.987093865226
NT,2030,42,94,35,-6718.060367516342
NT,2030,42,95,35,-7143.122994947271
NT,2030,42,96,35,-7491.157292034718
NT,2030,42,97,35,-7919.990022938666
NT,2030,42,98,35,-8605.970739307928
NT,2030,42,99,35,-9002.673547049108
NT,2030,42,100,35,-9132.278604206087
NT,2030,42,101,35,-9448.940450907041
NT,2030,42,102,35,-8932.404245652879
NT,2030,42,103,35,-8476.297840278032
NT,2030,42,104,35,1974.9476434762573
NT,2030,42,105,35,447.4643086661904
NT,2030,42,106,35,1339.4549417233047
NT,2030,42,107,35,3730.586923069308
NT,2030,42,108,35,5281.448586686602
NT,2030,42,109,35,2788.6000223431533
NT,2030,42,110,35,-2749.908070382265
NT,2030,42,111,35,-2816.318169621378
NT,2030,42,112,35,-2489.894688553238
NT,2030,42,113,35,-9138.535802315715
NT,2030,42,114,35,-12509.261161814917
NT,2030,42,115,35,-13969.912491325947
NT,2030,42,116,35,-12905.339155315809
NT,2030,42,117,35,-11336.765644666899
NT,2030,42,118,35,-7717.071797752364
NT,2030,42,119,35,-6657.526626493159
NT,2030,42,120,35,-4528.983063782929
NT,2030,42,121,35,-3341.3794029213204
NT,2030,42,122,35,-2148.671381015705
NT,2030,42,123,35,-768.7490809528471
NT,2030,42,124,35,-246.63129448803915
NT,2030,42,125,35,257.82838287861887
NT,2030,42,126,35,-1192.5223170073004
NT,2030,42,127,35,-1564.1165270953552
NT,2030,42,128,35,531.5148168149973
NT,2030,42,129,35,-19.26353021072104
NT,2030,42,130,35,1.4979000078139915
NT,2030,42,131,35,-814.8875116903841
NT,2030,42,132,35,-859.7451242083393
NT,2030,42,133,35,-1252.7531261600782
NT,2030,42,134,35,-666.8488701207729
NT,2030,42,135,35,-279.7982939241321
NT,2030,42,136,35,664.4496552036422
NT,2030,42,137,35,-6125.520679961881
NT,2030,42,138,35,-9599.601743511825
NT,2030,42,139,35,-9634.83340292744
NT,2030,42,140,35,-8872.615852206138
NT,2030,42,141,35,-7059.489519278572
NT,2030,42,142,35,-3729.011661044733
NT,2030,42,143,35,-3814.066673003388
NT,2030,42,144,35,-3831.152566840945
NT,2030,42,145,35,-3604.366991297469
NT,2030,42,146,35,-3781.907802583959
NT,2030,42,147,35,-4367.4286701086985
NT,2030,42,148,35,-5773.457702029027
NT,2030,42,149,35,-7292.636537661889
NT,2030,42,150,35,-8133.868877453266
NT,2030,42,151,35,-6523.777737075343
NT,2030,42,152,35,1119.7054621602538
NT,2030,42,153,35,958.9460461762833
NT,2030,42,154,35,2384.629812032989
NT,2030,42,155,35,1825.6754583022384
NT,2030,42,156,35,1854.4347585605924
NT,2030,42,157,35,1628.5562494125957
NT,2030,42,158,35,1643.4219870114994
NT,2030,42,159,35,-759.543907546338
NT,2030,42,160,35,-63.533268981556915
NT,2030,42,161,35,-10638.123342699986
NT,2030,42,162,35,-9655.779491229343
NT,2030,42,163,35,-10163.11780699048
NT,2030,42,164,35,-10411.382760643346
NT,2030,42,165,35,-10408.758699744085
NT,2030,42,166,35,-7181.700154826129
NT,2030,42,167,35,-5720.3940995390585
NT,2030,52,0,35,-9345.539845369198
NT,2030,52,1,35,-9549.138103485615
NT,2030,52,2,35,-9050.509083267463
NT,2030,52,3,35,-8220.878191806407
NT,2030,52,4,35,-7923.25796414452
NT,2030,52,5,35,-8798.018391574635
NT,2030,52,6,35,-9933.719712303773
NT,2030,52,7,35,-9676.26156369116
NT,2030,52,8,35,-9118.042747297974
NT,2030,52,9,35,1841.5001504459226
NT,2030,52,10,35,1094.9823947855225
NT,2030,52,11,35,672.9317379334354
NT,2030,52,12,35,-135.48935553563445
NT,2030,52,13,35,-588.6639184184845
NT,2030,52,14,35,-502.84292605558795
NT,2030,52,15,35,-1074.0176305788073
NT,2030,52,16,35,-1077.434784874226
NT,2030,52,17,35,-1251.3424278481543
NT,2030,52,18,35,-837.9802686818016
NT,2030,52,19,35,-1425.2354684085008
NT,2030,52,20,35,-2209.0197358793794
NT,2030,52,21,35,-3069.3238600340583
NT,2030,52,22,35,-4248.510644017968
NT,2030,52,23,35,-5327.113954496137
NT,2030,52,24,35,-6655.760171764791
NT,2030,52,25,35,-7884.003335221567
NT,2030,52,26,35,-8996.54838280445
NT,2030,52,27,35,-9548.562744814906
NT,2030,52,28,35,-10082.255542069573
NT,2030,52,29,35,-11035.39040519116
NT,2030,52,30,35,-12186.541291573147
NT,2030,52,31,35,-13048.446632630297
NT,2030,52,32,35,-13342.188339204125
NT,2030,52,33,35,-13664.596585518178
NT,2030,52,34,35,-13922.695383903412
NT,2030,52,35,35,-14308.449586506205
NT,2030,52,36,35,-15059.48895148836
NT,2030,52,37,35,-15059.48895148836
NT,2030,52,38,35,-15059.48895148836
NT,2030,52,39,35,-15059.48895148836
NT,2030,52,40,35,-15059.48895148836
NT,2030,52,41,35,-15059.48895148836
NT,2030,52,42,35,-15059.48895148836
NT,2030,52,43,35,-15059.48895148836
NT,2030,52,44,35,-15059.48895148836
NT,2030,52,45,35,-15059.48895148836
NT,2030,52,46,35,-15059.48895148836
NT,2030,52,47,35,-15059.48895148836
NT,2030,52,48,35,-15059.48895148836
NT,2030,52,49,35,-15059.48895148836
NT,2030,52,50,35,-15059.48895148836
NT,2030,52,51,35,-15059.48895148836
NT,2030,52,52,35,-15059.48895148836
NT,2030,52,53,35,-15059.48895148836
NT,2030,52,54,35,-15059.48895148836
NT,2030,52,55,35,-15059.48895148836
NT,2030,52,56,35,-15059.48895148836
NT,2030,52,57,35,-15059.48895148836
NT,2030,52,58,35,-15059.48895148836
NT,2030,52,59,35,-15059.48895148836
NT,2030,52,60,35,-15059.48895148836
NT,2030,52,61,35,-14216.548385755737
NT,2030,52,62,35,-13547.35936785296
NT,2030,52,63,35,-15059.48895148836
NT,2030,52,64,35,-15059.48895148836
NT,2030,52,65,35,-15059.48895148836
NT,2030,52,66,35,-15059.48895148836
NT,2030,52,67,35,-14522.42772409632
NT,2030,52,68,35,-14097.332473537552
NT,2030,52,69,35,-14099.633516106163
NT,2030,52,70,35,-12450.523232770573
NT,2030,52,71,35,-13265.017845668215
NT,2030,52,72,35,-13556.052454677363
NT,2030,52,73,35,-14128.502625834848
NT,2030,52,74,35,-13656.476665515966
NT,2030,52,75,35,-12856.265586593656
NT,2030,52,76,35,-12056.723880993763
NT,2030,52,77,35,-10792.237509692513
NT,2030,52,78,35,-9156.590967450053
NT,2030,52,79,35,-7410.851026786877
NT,2030,52,80,35,-5717.445345070898
NT,2030,52,81,35,-6062.5035134822165
NT,2030,52,82,35,-3426.748584243378
NT,2030,52,83,35,-2939.3442831037432
NT,2030,52,84,35,-2669.6026990358987
NT,2030,52,85,35,-3641.2274945160157
NT,2030,52,86,35,-4833.312571152577
NT,2030,52,87,35,-4948.88090185303
NT,2030,52,88,35,-4827.5554730094755
NT,2030,52,89,35,-4411.998925930441
NT,2030,52,90,35,-4596.7331731325485
NT,2030,52,91,35,-4792.218880133614
NT,2030,52,92,35,-5357.4279367957615
NT,2030,52,93,35,-6129.939004060415
NT,2030,52,94,35,-7067.00326926025
NT,2030,52,95,35,-8274.40262513863
NT,2030,52,96,35,-9651.815664832631
NT,2030,52,97,35,-10760.241954187659
NT,2030,52,98,35,-11396.998063950443
NT,2030,52,99,35,-11824.15630579075
NT,2030,52,100,35,-12159.525098571226
NT,2030,52,101,35,-12409.781189288766
NT,2030,52,102,35,-12099.562386017891
NT,2030,52,103,35,-11520.597652454451
NT,2030,52,104,35,-10656.940321363187
NT,2030,52,105,35,-10486.795890103318
NT,2030,52,106,35,-9307.524851931068
NT,2030,52,107,35,-11207.34912508619
NT,2030,52,108,35,-12927.286148912446
NT,2030,52,109,35,-14559.239471190274
NT,2030,52,110,35,-14626.919925866518
NT,2030,52,111,35,-15059.48895148836
NT,2030,52,112,35,-14551.07690767249
NT,2030,52,113,35,-13494.887706992806
NT,2030,52,114,35,-12971.01568744008
NT,2030,52,115,35,-12510.102284017852
NT,2030,52,116,35,-12149.798318178824
NT,2030,52,117,35,-12590.038249764937
NT,2030,52,118,35,-12570.04503555702
NT,2030,52,119,35,-14812.71261438628
NT,2030,52,120,35,-15059.48895148836
NT,2030,52,121,35,-15059.48895148836
NT,2030,52,122,35,-15059.48895148836
NT,2030,52,123,35,-15059.48895148836
NT,2030,52,124,35,-15059.48895148836
NT,2030,52,125,35,-15059.48895148836
NT,2030,52,126,35,-14764.995005375613
NT,2030,52,127,35,-13374.97228010349
NT,2030,52,128,35,-11406.268668359899
NT,2030,52,129,35,-10720.136792198173
NT,2030,52,130,35,-4429.468524714902
NT,2030,52,131,35,-4738.564095675932
NT,2030,52,132,35,-4423.01372023251
NT,2030,52,133,35,-3879.758574242901
NT,2030,52,134,35,-4041.091951543163
NT,2030,52,135,35,-10407.21079965317
NT,2030,52,136,35,-10229.791189247453
NT,2030,52,137,35,-7512.869730633301
NT,2030,52,138,35,-6639.5103645261715
NT,2030,52,139,35,-5778.318259285049
NT,2030,52,140,35,-5210.443400299015
NT,2030,52,141,35,-4913.6214833362865
NT,2030,52,142,35,-4636.647188941253
NT,2030,52,143,35,-4864.564767796955
NT,2030,52,144,35,-5213.234341601177
NT,2030,52,145,35,-5454.786400427911
NT,2030,52,146,35,-5453.737399996576
NT,2030,52,147,35,-5179.841214007945
NT,2030,52,148,35,-4800.795659606537
NT,2030,52,149,35,-4419.32506609903
NT,2030,52,150,35,-5076.535039312754
NT,2030,52,151,35,-7119.017972334594
NT,2030,52,152,35,-5534.110970208665
NT,2030,52,153,35,-4265.425986014019
NT,2030,52,154,35,-5210.364427456138
NT,2030,52,155,35,-5376.417054448881
NT,2030,52,156,35,-5322.948353465206
NT,2030,52,157,35,-5297.928336371727
NT,2030,52,158,35,-4585.583548388164
NT,2030,52,159,35,-4732.17018648477
NT,2030,52,160,35,-5672.8854774745005
NT,2030,52,161,35,-13487.534505624053
NT,2030,52,162,35,-13257.98577027763
NT,2030,52,163,35,-13709.386550823498
NT,2030,52,164,35,-13810.96336937378
NT,2030,52,165,35,-13860.198102506167
NT,2030,52,166,35,-11281.381952059324
NT,2030,52,167,35,-8086.314720751858
NT,2040,11,0,35,-15059.48895148836
NT,2040,11,1,35,-12610.40117414112
NT,2040,11,2,35,-12208.668561656279
NT,2040,11,3,35,-12554.086898808426
NT,2040,11,4,35,-12309.601487851021
NT,2040,11,5,35,-11648.601885533932
NT,2040,11,6,35,-9712.535662299408
NT,2040,11,7,35,-8981.839739530873
NT,2040,11,8,35,-8306.378487039985
NT,2040,11,9,35,-8000.936707813912
NT,2040,11,10,35,-8509.143431614051
NT,2040,11,11,35,-8822.616286837261
NT,2040,11,12,35,-11819.37160078155
NT,2040,11,13,35,-9740.60019163603
NT,2040,11,14,35,-13613.047469092638
NT,2040,11,15,35,-15059.48895148836
NT,2040,11,16,35,-15059.48895148836
NT,2040,11,17,35,-14142.783535621958
NT,2040,11,18,35,-12038.212895713963
NT,2040,11,19,35,-9131.75267294254
NT,2040,11,20,35,-7722.493409323238
NT,2040,11,21,35,-6697.162647138716
NT,2040,11,22,35,-7848.270442614117
NT,2040,11,23,35,-8157.109030243354
NT,2040,11,24,35,-6799.946112420993
NT,2040,11,25,35,-4378.946682961299
NT,2040,11,26,35,-4365.832779020048
NT,2040,11,27,35,-4558.76527464337
NT,2040,11,28,35,-5169.683249973202
NT,2040,11,29,35,-5483.673893306551
NT,2040,11,30,35,-5368.895757600388
NT,2040,11,31,35,-8880.417766177994
NT,2040,11,32,35,-2194.777467519149
NT,2040,11,33,35,-6024.262058155626
NT,2040,11,34,35,-6899.761480460284
NT,2040,11,35,35,-7207.538203815648
NT,2040,11,36,35,-7396.199333896511
NT,2040,11,37,35,-6123.792190760036
NT,2040,11,38,35,-6177.966467488156
NT,2040,11,39,35,-8163.89516459127
NT,2040,11,40,35,-9255.12915141119
NT,2040,11,41,35,-15059.48895148836
NT,2040,11,42,35,-15059.48895148836
NT,2040,11,43,35,-15059.48895148836
NT,2040,11,44,35,-15059.48895148836
NT,2040,11,45,35,-15059.48895148836
NT,2040,11,46,35,-12765.415720152196
NT,2040,11,47,35,-8692.019690480263
NT,2040,11,48,35,-9935.769684126171
NT,2040,11,49,35,-11166.998688853277
NT,2040,11,50,35,-11542.3882408204
NT,2040,11,51,35,-11389.196855408743
NT,2040,11,52,35,-11235.897185305674
NT,2040,11,53,35,-11447.121173382204
NT,2040,11,54,35,-11258.36263159911
NT,2040,11,55,35,-9770.469543531273
NT,2040,11,56,35,-9082.39790809265
NT,2040,11,57,35,-10653.722518455848
NT,2040,11,58,35,-11920.81545381531
NT,2040,11,59,35,-11996.547882543788
NT,2040,11,60,35,-11977.326229189654
NT,2040,11,61,35,-10213.630682499701
NT,2040,11,62,35,-11574.885359053394
NT,2040,11,63,35,-10564.98381160248
NT,2040,11,64,35,-9967.623157006748
NT,2040,11,65,35,-9030.642601835278
NT,2040,11,66,35,-7201.9666529188235
NT,2040,11,67,35,-6914.561331924375
NT,2040,11,68,35,-7122.071462305986
NT,2040,11,69,35,-7014.550237720245
NT,2040,11,70,35,-6586.961797122814
NT,2040,11,71,35,-6767.134965755588
NT,2040,11,72,35,-6817.3367791965375
NT,2040,11,73,35,-6823.1500807438215
NT,2040,11,74,35,-6692.474644368134
NT,2040,11,75,35,-6561.583337838952
NT,2040,11,76,35,-6666.528173626589
NT,2040,11,77,35,-6271.192289694569
NT,2040,11,78,35,-5431.5464899380595
NT,2040,11,79,35,-5836.703292669376
NT,2040,11,80,35,-2924.330293582263
NT,2040,11,81,35,-3282.6696403013652
NT,2040,11,82,35,-3648.3731193522945
NT,2040,11,83,35,-2852.1991708266505
NT,2040,11,84,35,-3081.2908376571577
NT,2040,11,85,35,-1667.8995137268066
NT,2040,11,86,35,-4310.695494088245
NT,2040,11,87,35,-4108.425875656622
NT,2040,11,88,35,-3553.734761710437
NT,2040,11,89,35,-2917.5033121335214
NT,2040,11,90,35,-12810.282566973798
NT,2040,11,91,35,-12569.452887072477
NT,2040,11,92,35,-14442.73687070563
NT,2040,11,93,35,-12782.027575917646
NT,2040,11,94,35,-12779.334242375875
NT,2040,11,95,35,-12756.043334094467
NT,2040,11,96,35,-10185.739534366585
NT,2040,11,97,35,-8894.038525704897
NT,2040,11,98,35,-9076.054042158336
NT,2040,11,99,35,-9319.992274044354
NT,2040,11,100,35,-11870.46687173053
NT,2040,11,101,35,-14380.368785425428
NT,2040,11,102,35,-15059.48895148836
NT,2040,11,103,35,-15059.48895148836
NT,2040,11,104,35,-12242.448271790214
NT,2040,11,105,35,-2293.7298889947333
NT,2040,11,106,35,-2895.201475871332
NT,2040,11,107,35,-2567.2807530619193
NT,2040,11,108,35,381.9768099104875
NT,2040,11,109,35,-1582.735023994363
NT,2040,11,110,35,-2554.442093230955
NT,2040,11,111,35,-2627.86192796309
NT,2040,11,112,35,-13295.096347819417
NT,2040,11,113,35,-12470.62807636148
NT,2040,11,114,35,-11175.990007823937
NT,2040,11,115,35,-10618.306883952888
NT,2040,11,116,35,-10802.466853030324
NT,2040,11,117,35,-14688.969656847385
NT,2040,11,118,35,-11774.68407098231
NT,2040,11,119,35,-13879.717532370263
NT,2040,11,120,35,-15059.48895148836
NT,2040,11,121,35,-14714.401981192701
NT,2040,11,122,35,-14952.89049252152
NT,2040,11,123,35,-13007.95966293958
NT,2040,11,124,35,-10774.68941296796
NT,2040,11,125,35,-11105.947728865667
NT,2040,11,126,35,-11346.56919526534
NT,2040,11,127,35,-10786.82855465553
NT,2040,11,128,35,-6788.549997359469
NT,2040,11,129,35,-5081.704514550256
NT,2040,11,130,35,-4268.574718729659
NT,2040,11,131,35,-5577.495177957716
NT,2040,11,132,35,-5917.435997540452
NT,2040,11,133,35,-5645.740014496992
NT,2040,11,134,35,-5627.192681627743
NT,2040,11,135,35,-2495.3370241048024
NT,2040,11,136,35,-2398.640674287659
NT,2040,11,137,35,-11243.188648223739
NT,2040,11,138,35,-14099.858230622702
NT,2040,11,139,35,-14415.44850602602
NT,2040,11,140,35,-15059.48895148836
NT,2040,11,141,35,-15059.48895148836
NT,2040,11,142,35,-14432.355761421124
NT,2040,11,143,35,-13807.913398089631
NT,2040,11,144,35,-14181.607980974684
NT,2040,11,145,35,-11422.335980941078
NT,2040,11,146,35,-11911.072709755295
NT,2040,11,147,35,-12329.149572294798
NT,2040,11,148,35,-13439.081764062
NT,2040,11,149,35,-14701.579197902724
NT,2040,11,150,35,-13423.542973719734
NT,2040,11,151,35,-12322.146682214505
NT,2040,11,152,35,-10514.959511093897
NT,2040,11,153,35,-10530.526597728258
NT,2040,11,154,35,-7352.844712156362
NT,2040,11,155,35,-3771.9523588385696
NT,2040,11,156,35,-4410.3747568354875
NT,2040,11,157,35,-5778.963314704855
NT,2040,11,158,35,-7734.390383959793
NT,2040,11,159,35,-7340.803763653599
NT,2040,11,160,35,-6185.809128569423
NT,2040,11,161,35,-9645.855146202513
NT,2040,11,162,35,-10120.942402209877
NT,2040,11,163,35,-11552.244476310103
NT,2040,11,164,35,-10188.809790929261
NT,2040,11,165,35,-7871.032019343467
NT,2040,11,166,35,-4527.235058528046
NT,2040,11,167,35,-5283.602608175409
NT,2040,21,0,35,-12640.74468609787
NT,2040,21,1,35,-9068.190922437188
NT,2040,21,2,35,-9047.658542087715
NT,2040,21,3,35,-9028.858718788933
NT,2040,21,4,35,-9150.301925906562
NT,2040,21,5,35,-8843.192297660557
NT,2040,21,6,35,-8187.932915219397
NT,2040,21,7,35,-8164.815410571623
NT,2040,21,8,35,-9164.5081890414
NT,2040,21,9,35,-9876.28270095865
NT,2040,21,10,35,-9360.720703685458
NT,2040,21,11,35,-9312.740684325916
NT,2040,21,12,35,-6937.347082925644
NT,2040,21,13,35,-6371.032747051326
NT,2040,21,14,35,-5652.375243470749
NT,2040,21,15,35,-8350.146926526675
NT,2040,21,16,35,-13025.900344945432
NT,2040,21,17,35,-14319.288325300335
NT,2040,21,18,35,-14767.485561120273
NT,2040,21,19,35,-14871.757614148708
NT,2040,21,20,35,-15059.48895148836
NT,2040,21,21,35,-15059.48895148836
NT,2040,21,22,35,-15059.48895148836
NT,2040,21,23,35,-15059.48895148836
NT,2040,21,24,35,-15059.48895148836
NT,2040,21,25,35,-15059.48895148836
NT,2040,21,26,35,-14770.729138327828
NT,2040,21,27,35,-14288.307111322954
NT,2040,21,28,35,-13760.502315928408
NT,2040,21,29,35,-12702.152857751642
NT,2040,21,30,35,-11350.235434207683
NT,2040,21,31,35,-10346.985714199936
NT,2040,21,32,35,-10730.235204276221
NT,2040,21,33,35,-10383.383879221976
NT,2040,21,34,35,-7014.525610388217
NT,2040,21,35,35,-3211.3553734896886
NT,2040,21,36,35,-240.0956503089037
NT,2040,21,37,35,633.3611263370258
NT,2040,21,38,35,983.5158728776914
NT,2040,21,39,35,-830.0475533228782
NT,2040,21,40,35,-3755.4923856898495
NT,2040,21,41,35,-8535.005986355853
NT,2040,21,42,35,-13652.778519068013
NT,2040,21,43,35,-13531.88856035144
NT,2040,21,44,35,-12735.738241707402
NT,2040,21,45,35,-11503.063513740542
NT,2040,21,46,35,-11586.56508829947
NT,2040,21,47,35,-11453.264465135217
NT,2040,21,48,35,-10636.042536331652
NT,2040,21,49,35,-10199.403016586659
NT,2040,21,50,35,-9842.25325832971
NT,2040,21,51,35,-9179.400909966658
NT,2040,21,52,35,-9890.110525449123
NT,2040,21,53,35,-9509.348566564464
NT,2040,21,54,35,-10392.295981507625
NT,2040,21,55,35,-4570.552735391593
NT,2040,21,56,35,2950.104328928318
NT,2040,21,57,35,2316.6843156499103
NT,2040,21,58,35,1390.6332361569987
NT,2040,21,59,35,2209.4282826846393
NT,2040,21,60,35,5565.388455686775
NT,2040,21,61,35,3212.70268279668
NT,2040,21,62,35,-1131.5380572809045
NT,2040,21,63,35,-2089.186913918533
NT,2040,21,64,35,-2969.0295834666035
NT,2040,21,65,35,-3115.807684023327
NT,2040,21,66,35,-2870.7211143559052
NT,2040,21,67,35,-6973.0271880104665
NT,2040,21,68,35,-4809.691016731071
NT,2040,21,69,35,-1818.8141052259598
NT,2040,21,70,35,-1176.8290907611117
NT,2040,21,71,35,-756.0994565813671
NT,2040,21,72,35,-1652.4779331689479
NT,2040,21,73,35,-2700.866886410611
NT,2040,21,74,35,-3928.3569267793864
NT,2040,21,75,35,-4797.488599228547
NT,2040,21,76,35,-7451.722516631167
NT,2040,21,77,35,-11030.473115874007
NT,2040,21,78,35,-13424.773061389622
NT,2040,21,79,35,-3806.3646824396837
NT,2040,21,80,35,2443.4867491133123
NT,2040,21,81,35,1665.2083807827237
NT,2040,21,82,35,1286.1112871730202
NT,2040,21,83,35,3437.5176963755976
NT,2040,21,84,35,5586.776012850688
NT,2040,21,85,35,2154.501588802449
NT,2040,21,86,35,1368.4269367270826
NT,2040,21,87,35,-1577.8361794733419
NT,2040,21,88,35,-2583.659338963635
NT,2040,21,89,35,-2694.42416050441
NT,2040,21,90,35,-2203.892456681875
NT,2040,21,91,35,-7973.985744867867
NT,2040,21,92,35,-7539.349431886654
NT,2040,21,93,35,-6262.352414930747
NT,2040,21,94,35,-9350.44373247836
NT,2040,21,95,35,-7024.296524572404
NT,2040,21,96,35,-6545.125081794411
NT,2040,21,97,35,-7681.757679681887
NT,2040,21,98,35,-8804.551773307348
NT,2040,21,99,35,-9929.838194071795
NT,2040,21,100,35,-12007.012698812669
NT,2040,21,101,35,-12874.844744700004
NT,2040,21,102,35,-13771.221851422142
NT,2040,21,103,35,-6884.404240524253
NT,2040,21,104,35,1692.0203731312538
NT,2040,21,105,35,998.8020821461307
NT,2040,21,106,35,2498.140044933316
NT,2040,21,107,35,3629.833007655442
NT,2040,21,108,35,2087.6518209415053
NT,2040,21,109,35,6075.8724629640155
NT,2040,21,110,35,2643.18718566457
NT,2040,21,111,35,-1794.2550498162907
NT,2040,21,112,35,-2257.8513546958934
NT,2040,21,113,35,-2008.7883983552888
NT,2040,21,114,35,-9568.444275091455
NT,2040,21,115,35,-13115.076492127053
NT,2040,21,116,35,-15059.48895148836
NT,2040,21,117,35,-13415.4374328041
NT,2040,21,118,35,-11847.526705053991
NT,2040,21,119,35,-12499.473797759061
NT,2040,21,120,35,-11547.35642670384
NT,2040,21,121,35,-11477.922575410874
NT,2040,21,122,35,-11936.590805781158
NT,2040,21,123,35,-12128.608183967164
NT,2040,21,124,35,-11936.765378995526
NT,2040,21,125,35,-11634.551705846674
NT,2040,21,126,35,-13892.131271449334
NT,2040,21,127,35,-3621.6903855458495
NT,2040,21,128,35,751.5561044638872
NT,2040,21,129,35,359.6037281044659
NT,2040,21,130,35,2093.6998124012675
NT,2040,21,131,35,2354.2440555817084
NT,2040,21,132,35,845.3370063815885
NT,2040,21,133,35,4603.298642090245
NT,2040,21,134,35,1138.9046535384518
NT,2040,21,135,35,1631.5251084500612
NT,2040,21,136,35,-3109.366500494675
NT,2040,21,137,35,-2572.3252351746683
NT,2040,21,138,35,-10887.838075141322
NT,2040,21,139,35,-12456.059484413525
NT,2040,21,140,35,-12237.873892951657
NT,2040,21,141,35,-12660.628162157855
NT,2040,21,142,35,-15059.48895148836
NT,2040,21,143,35,-12659.119880164404
NT,2040,21,144,35,-15059.48895148836
NT,2040,21,145,35,-13286.778223835836
NT,2040,21,146,35,-13367.346929047582
NT,2040,21,147,35,-13218.68109473715
NT,2040,21,148,35,-13451.799625085956
NT,2040,21,149,35,-13681.54186654132
NT,2040,21,150,35,-13460.12901899899
NT,2040,21,151,35,-9413.6671820865
NT,2040,21,152,35,-2348.172877385761
NT,2040,21,153,35,1081.8825749500465
NT,2040,21,154,35,1551.263796991581
NT,2040,21,155,35,4995.6006301936495
NT,2040,21,156,35,2597.9479568463594
NT,2040,21,157,35,844.010792593779
NT,2040,21,158,35,988.5002039409679
NT,2040,21,159,35,-4013.225500262528
NT,2040,21,160,35,-7518.835119017394
NT,2040,21,161,35,-7554.20756964301
NT,2040,21,162,35,-14513.525322065292
NT,2040,21,163,35,-15059.48895148836
NT,2040,21,164,35,-15059.48895148836
NT,2040,21,165,35,-15059.48895148836
NT,2040,21,166,35,-15059.48895148836
NT,2040,21,167,35,-15059.48895148836
NT,2040,42,0,35,-11253.549128068295
NT,2040,42,1,35,-7617.965171356483
NT,2040,42,2,35,-7486.86791624275
NT,2040,42,3,35,-7351.397514132845
NT,2040,42,4,35,-7039.254643135404
NT,2040,42,5,35,-6310.462480702065
NT,2040,42,6,35,-5707.898550650124
NT,2040,42,7,35,-4973.848982390887
NT,2040,42,8,35,-5379.073425807325
NT,2040,42,9,35,-5880.667076511244
NT,2040,42,10,35,-1133.2852443016236
NT,2040,42,11,35,-5837.398792554161
NT,2040,42,12,35,2515.6550783416387
NT,2040,42,13,35,-342.7552204638014
NT,2040,42,14,35,-6406.298673602756
NT,2040,42,15,35,-6115.239002243098
NT,2040,42,16,35,-5814.328094530226
NT,2040,42,17,35,-5152.951383520242
NT,2040,42,18,35,-4430.951710858423
NT,2040,42,19,35,-4857.015624739492
NT,2040,42,20,35,-5433.570374129347
NT,2040,42,21,35,-6170.752142783967
NT,2040,42,22,35,-6906.960285959409
NT,2040,42,23,35,-7408.76754302841
NT,2040,42,24,35,-7851.048508726228
NT,2040,42,25,35,-8148.889941648326
NT,2040,42,26,35,-8446.948235464633
NT,2040,42,27,35,-8597.35434439357
NT,2040,42,28,35,-8553.266789709809
NT,2040,42,29,35,-8136.159149352344
NT,2040,42,30,35,-7490.636946655971
NT,2040,42,31,35,-6405.302568736358
NT,2040,42,32,35,-5673.643787449966
NT,2040,42,33,35,569.4298400488369
NT,2040,42,34,35,4443.9849673520075
NT,2040,42,35,35,4935.068752084114
NT,2040,42,36,35,3717.834868088844
NT,2040,42,37,35,4153.43448804303
NT,2040,42,38,35,8308.828504571737
NT,2040,42,39,35,5434.76362741489
NT,2040,42,40,35,-4941.784231428381
NT,2040,42,41,35,-5896.012286513491
NT,2040,42,42,35,-5231.614304654264
NT,2040,42,43,35,-5786.112934545447
NT,2040,42,44,35,-7371.94062703796
NT,2040,42,45,35,-7453.99284421181
NT,2040,42,46,35,-7475.156654810589
NT,2040,42,47,35,-5038.582961874676
NT,2040,42,48,35,-4239.3140197992725
NT,2040,42,49,35,-4232.517958851819
NT,2040,42,50,35,-4721.265412603618
NT,2040,42,51,35,-5420.81501057618
NT,2040,42,52,35,-8234.549595537463
NT,2040,42,53,35,-8664.967773359458
NT,2040,42,54,35,-6911.544440976324
NT,2040,42,55,35,-9291.70082093929
NT,2040,42,56,35,-3153.4781789100416
NT,2040,42,57,35,4038.924822839497
NT,2040,42,58,35,4218.29135409705
NT,2040,42,59,35,3712.1066911739586
NT,2040,42,60,35,7520.886797749988
NT,2040,42,61,35,5838.352285267915
NT,2040,42,62,35,1662.2122878301598
NT,2040,42,63,35,-6639.821550191536
NT,2040,42,64,35,-6167.642862137062
NT,2040,42,65,35,-5148.651383410322
NT,2040,42,66,35,-4439.274270794937
NT,2040,42,67,35,-5344.256469175946
NT,2040,42,68,35,-6383.111865042671
NT,2040,42,69,35,-7334.912936918349
NT,2040,42,70,35,-8065.859926428783
NT,2040,42,71,35,-8874.431537980916
NT,2040,42,72,35,-8888.408880384817
NT,2040,42,73,35,-10017.75256771562
NT,2040,42,74,35,-8510.935363481889
NT,2040,42,75,35,-8153.477938683216
NT,2040,42,76,35,-7560.453388210265
NT,2040,42,77,35,-6709.612617233229
NT,2040,42,78,35,-5820.795710967234
NT,2040,42,79,35,-4854.782628268948
NT,2040,42,80,35,-5568.52952628858
NT,2040,42,81,35,-6063.20207670059
NT,2040,42,82,35,-2970.807747267121
NT,2040,42,83,35,1415.2284820301866
NT,2040,42,84,35,3606.169720811711
NT,2040,42,85,35,-257.79760226900544
NT,2040,42,86,35,-6132.643996485277
NT,2040,42,87,35,-5590.8759912047635
NT,2040,42,88,35,-5062.761738462221
NT,2040,42,89,35,-4018.071281749783
NT,2040,42,90,35,-6794.145388070523
NT,2040,42,91,35,-3738.739487782228
NT,2040,42,92,35,-4210.657166086559
NT,2040,42,93,35,-4897.418407363473
NT,2040,42,94,35,-5520.060169980186
NT,2040,42,95,35,-6025.1610993367585
NT,2040,42,96,35,-6433.107107807144
NT,2040,42,97,35,-6885.576881092639
NT,2040,42,98,35,-7587.705675920584
NT,2040,42,99,35,-7986.51475476507
NT,2040,42,100,35,-8092.716799663088
NT,2040,42,101,35,-7917.636084692554
NT,2040,42,102,35,-7685.491752495496
NT,2040,42,103,35,-7050.352303339608
NT,2040,42,104,35,-2526.5297533621233
NT,2040,42,105,35,3881.58013740214
NT,2040,42,106,35,1440.687207476469
NT,2040,42,107,35,-221.9914343199489
NT,2040,42,108,35,1842.0108163110126
NT,2040,42,109,35,-996.5188571821491
NT,2040,42,110,35,-1254.2215569121392
NT,2040,42,111,35,-1338.417945468063
NT,2040,42,112,35,-3754.072543755714
NT,2040,42,113,35,-11372.647681375602
NT,2040,42,114,35,-13546.086325485843
NT,2040,42,115,35,-15059.48895148836
NT,2040,42,116,35,-14106.983513846713
NT,2040,42,117,35,-15059.48895148836
NT,2040,42,118,35,-13230.049581374446
NT,2040,42,119,35,-11270.206230298329
NT,2040,42,120,35,-8630.587550342294
NT,2040,42,121,35,-4880.755770686903
NT,2040,42,122,35,-2352.1560212028035
NT,2040,42,123,35,-1346.10730492123
NT,2040,42,124,35,-1720.5602169266822
NT,2040,42,125,35,-4771.357930950509
NT,2040,42,126,35,-6448.899799017621
NT,2040,42,127,35,-7002.829954507128
NT,2040,42,128,35,82.83453108813774
NT,2040,42,129,35,1181.5450287965084
NT,2040,42,130,35,1243.4957605908137
NT,2040,42,131,35,427.1103488926157
NT,2040,42,132,35,-192.44564381668923
NT,2040,42,133,35,3652.6353859856786
NT,2040,42,134,35,517.577580305186
NT,2040,42,135,35,2556.0645726763805
NT,2040,42,136,35,-717.4411758900724
NT,2040,42,137,35,-9051.33120381592
NT,2040,42,138,35,-11386.534549483697
NT,2040,42,139,35,-9437.676566637261
NT,2040,42,140,35,-8300.123180059662
NT,2040,42,141,35,-8382.30924156678
NT,2040,42,142,35,-8791.19906353259
NT,2040,42,143,35,-8554.774082570824
NT,2040,42,144,35,-8352.52621028879
NT,2040,42,145,35,-7992.389296899833
NT,2040,42,146,35,-8081.927205096377
NT,2040,42,147,35,-8618.058688233898
NT,2040,42,148,35,-9257.892768923974
NT,2040,42,149,35,-9132.662051535297
NT,2040,42,150,35,-9309.226783258982
NT,2040,42,151,35,-9030.598823287413
NT,2040,42,152,35,-33.17141863316465
NT,2040,42,153,35,2061.227923573293
NT,2040,42,154,35,1608.8636585806403
NT,2040,42,155,35,1824.5012799709075
NT,2040,42,156,35,3111.8758702502564
NT,2040,42,157,35,2367.0176101926227
NT,2040,42,158,35,79.51404523036965
NT,2040,42,159,35,308.5695719525904
NT,2040,42,160,35,-3741.3993189072526
NT,2040,42,161,35,-11513.442419334908
NT,2040,42,162,35,-11223.312746197425
NT,2040,42,163,35,-8465.886083859965
NT,2040,42,164,35,-8944.490661280262
NT,2040,42,165,35,-9676.92077528596
NT,2040,42,166,35,-10805.928533941295
NT,2040,42,167,35,-10377.588550051747
NT,2040,52,0,35,-11301.208369728167
NT,2040,52,1,35,-8426.261575300721
NT,2040,52,2,35,-8710.546679914083
NT,2040,52,3,35,-8793.659594615847
NT,2040,52,4,35,-8877.569870768406
NT,2040,52,5,35,-8946.70738349259
NT,2040,52,6,35,-8831.203804784174
NT,2040,52,7,35,-8490.196902407075
NT,2040,52,8,35,-7741.009505980774
NT,2040,52,9,35,2073.3016303804034
NT,2040,52,10,35,2644.2618063286664
NT,2040,52,11,35,2264.804631787885
NT,2040,52,12,35,5129.369424907746
NT,2040,52,13,35,952.8924990792018
NT,2040,52,14,35,631.3506584831495
NT,2040,52,15,35,2122.4856549322762
NT,2040,52,16,35,-3988.4367864263572
NT,2040,52,17,35,-8697.91461022973
NT,2040,52,18,35,-6804.010664577643
NT,2040,52,19,35,-4051.954435775151
NT,2040,52,20,35,-1083.662368284633
NT,2040,52,21,35,-1484.0038096121175
NT,2040,52,22,35,-2734.8038111084434
NT,2040,52,23,35,-3959.441918082522
NT,2040,52,24,35,-5421.953365472426
NT,2040,52,25,35,-6766.275469733643
NT,2040,52,26,35,-7958.62478911958
NT,2040,52,27,35,-8550.65830209286
NT,2040,52,28,35,-9096.052605477007
NT,2040,52,29,35,-10046.847167372694
NT,2040,52,30,35,-11164.29771610178
NT,2040,52,31,35,-12008.416767842124
NT,2040,52,32,35,-12178.824599811229
NT,2040,52,33,35,-12376.494790785026
NT,2040,52,34,35,-12576.78814889063
NT,2040,52,35,35,-12922.757230653191
NT,2040,52,36,35,-13736.87118964811
NT,2040,52,37,35,-14550.608801586159
NT,2040,52,38,35,-15059.48895148836
NT,2040,52,39,35,-15059.48895148836
NT,2040,52,40,35,-15059.48895148836
NT,2040,52,41,35,-15059.48895148836
NT,2040,52,42,35,-15059.48895148836
NT,2040,52,43,35,-15059.48895148836
NT,2040,52,44,35,-15059.48895148836
NT,2040,52,45,35,-15059.48895148836
NT,2040,52,46,35,-15059.48895148836
NT,2040,52,47,35,-15059.48895148836
NT,2040,52,48,35,-15059.48895148836
NT,2040,52,49,35,-15059.48895148836
NT,2040,52,50,35,-15059.48895148836
NT,2040,52,51,35,-15059.48895148836
NT,2040,52,52,35,-15059.48895148836
NT,2040,52,53,35,-15059.48895148836
NT,2040,52,54,35,-15059.48895148836
NT,2040,52,55,35,-15059.48895148836
NT,2040,52,56,35,-15059.48895148836
NT,2040,52,57,35,-15059.48895148836
NT,2040,52,58,35,-15059.48895148836
NT,2040,52,59,35,-15059.48895148836
NT,2040,52,60,35,-15059.48895148836
NT,2040,52,61,35,-15059.48895148836
NT,2040,52,62,35,-15059.48895148836
NT,2040,52,63,35,-15059.48895148836
NT,2040,52,64,35,-15059.48895148836
NT,2040,52,65,35,-15059.48895148836
NT,2040,52,66,35,-14274.163941836601
NT,2040,52,67,35,-13207.646495387955
NT,2040,52,68,35,-12785.35960630026
NT,2040,52,69,35,-12801.93648634684
NT,2040,52,70,35,-11183.952209315665
NT,2040,52,71,35,-12096.505443578348
NT,2040,52,72,35,-12476.939559416724
NT,2040,52,73,35,-13132.704454216106
NT,2040,52,74,35,-12708.654669028096
NT,2040,52,75,35,-11938.399445797248
NT,2040,52,76,35,-11144.474463139508
NT,2040,52,77,35,-9860.329561540733
NT,2040,52,78,35,-8156.580253624697
NT,2040,52,79,35,-6354.2050232948395
NT,2040,52,80,35,-4479.1919664493325
NT,2040,52,81,35,-4685.704302287608
NT,2040,52,82,35,-3765.672662500835
NT,2040,52,83,35,-3335.394773975252
NT,2040,52,84,35,-3400.4080309662145
NT,2040,52,85,35,-3688.8717227838706
NT,2040,52,86,35,-3337.8600878050424
NT,2040,52,87,35,-3467.938286106049
NT,2040,52,88,35,-3314.0826702225418
NT,2040,52,89,35,-2769.809555719228
NT,2040,52,90,35,-2918.2691339199478
NT,2040,52,91,35,-3104.6276661400193
NT,2040,52,92,35,-3737.7054583531485
NT,2040,52,93,35,-4587.914526317548
NT,2040,52,94,35,-5608.293515159282
NT,2040,52,95,35,-6966.876330230542
NT,2040,52,96,35,-8446.09247325102
NT,2040,52,97,35,-9650.237082745194
NT,2040,52,98,35,-10345.500723155375
NT,2040,52,99,35,-10804.019001422688
NT,2040,52,100,35,-11155.301842539258
NT,2040,52,101,35,-11393.388366882138
NT,2040,52,102,35,-11012.258436466616
NT,2040,52,103,35,-10368.935419191035
NT,2040,52,104,35,-9333.968038364186
NT,2040,52,105,35,-9036.277190292987
NT,2040,52,106,35,-7803.647284170308
NT,2040,52,107,35,-9659.473894278584
NT,2040,52,108,35,-11249.672684668492
NT,2040,52,109,35,-12639.211071354464
NT,2040,52,110,35,-13085.83156861401
NT,2040,52,111,35,-13451.09417348028
NT,2040,52,112,35,-13003.201676864885
NT,2040,52,113,35,-11832.103685993708
NT,2040,52,114,35,-11294.189859085605
NT,2040,52,115,35,-10832.106305050433
NT,2040,52,116,35,-10538.734954272028
NT,2040,52,117,35,-11064.863940848521
NT,2040,52,118,35,-11134.270233469832
NT,2040,52,119,35,-13494.65496396166
NT,2040,52,120,35,-14786.616143297999
NT,2040,52,121,35,-15059.48895148836
NT,2040,52,122,35,-15059.48895148836
NT,2040,52,123,35,-15059.48895148836
NT,2040,52,124,35,-15059.48895148836
NT,2040,52,125,35,-14805.279412893266
NT,2040,52,126,35,-13742.517399781656
NT,2040,52,127,35,-12356.707216716146
NT,2040,52,128,35,-10289.242893239743
NT,2040,52,129,35,-10084.28645919862
NT,2040,52,130,35,-6595.0738333144
NT,2040,52,131,35,-3420.272415128722
NT,2040,52,132,35,612.7295701956525
NT,2040,52,133,35,-1315.989129744553
NT,2040,52,134,35,-6635.310417724464
NT,2040,52,135,35,-9985.357244188355
NT,2040,52,136,35,-8918.520412377933
NT,2040,52,137,35,-5981.3766084069675
NT,2040,52,138,35,-5105.138020846229
NT,2040,52,139,35,-7253.880325653739
NT,2040,52,140,35,-8076.173053442868
NT,2040,52,141,35,-7269.816933743354
NT,2040,52,142,35,-6554.044966558176
NT,2040,52,143,35,-3973.2171158886613
NT,2040,52,144,35,-4031.8502827688835
NT,2040,52,145,35,-1987.0427763613054
NT,2040,52,146,35,-1463.2600157505294
NT,2040,52,147,35,-4167.572981585139
NT,2040,52,148,35,-3866.8570010575077
NT,2040,52,149,35,-6168.9759690120845
NT,2040,52,150,35,-9735.300970237766
NT,2040,52,151,35,-11890.48149854316
NT,2040,52,152,35,-10312.198103059112
NT,2040,52,153,35,-4457.549268975789
NT,2040,52,154,35,-3204.822851760444
NT,2040,52,155,35,-2706.6258098220287
NT,2040,52,156,35,-4020.8047513766787
NT,2040,52,157,35,-4051.4839034595248
NT,2040,52,158,35,-603.8215098018045
NT,2040,52,159,35,-3536.51029017451
NT,2040,52,160,35,-10857.28304279839
NT,2040,52,161,35,-12063.971209215784
NT,2040,52,162,35,-15059.48895148836
NT,2040,52,163,35,-11732.722861321003
NT,2040,52,164,35,-13625.024745440343
NT,2040,52,165,35,-12351.873962416203
NT,2040,52,166,35,-13254.249715000378
NT,2040,52,167,35,-13577.965270206734
GA,2040,11,0,35,-15059.48895148836
GA,2040,11,1,35,-13133.085857890757
GA,2040,11,2,35,-12718.958019084726
GA,2040,11,3,35,-13058.00497822131
GA,2040,11,4,35,-12813.17203755396
GA,2040,11,5,35,-12165.494407451237
GA,2040,11,6,35,-10257.693933958495
GA,2040,11,7,35,-9623.032054370024
GA,2040,11,8,35,-9051.25049867788
GA,2040,11,9,35,-8782.0676525222
GA,2040,11,10,35,-9314.138083071552
GA,2040,11,11,35,-9639.542791669366
GA,2040,11,12,35,-9015.355257459785
GA,2040,11,13,35,-6211.730283014964
GA,2040,11,14,35,-10147.963028652328
GA,2040,11,15,35,-15059.48895148836
GA,2040,11,16,35,-15059.48895148836
GA,2040,11,17,35,-14909.549918986067
GA,2040,11,18,35,-12862.089994744863
GA,2040,11,19,35,-9990.84611591402
GA,2040,11,20,35,-8558.649891438681
GA,2040,11,21,35,-7495.090861160772
GA,2040,11,22,35,-8592.679081305423
GA,2040,11,23,35,-8823.091797724886
GA,2040,11,24,35,-7409.049850709024
GA,2040,11,25,35,-5666.620582398243
GA,2040,11,26,35,-4918.057488114579
GA,2040,11,27,35,-5096.625422393717
GA,2040,11,28,35,-5701.751235891219
GA,2040,11,29,35,-6033.581737668151
GA,2040,11,30,35,-5938.149422481975
GA,2040,11,31,35,-5744.023342795618
GA,2040,11,32,35,-6553.685313399196
GA,2040,11,33,35,-7127.579692829633
GA,2040,11,34,35,-7716.1087691091525
GA,2040,11,35,35,-8038.59758351864
GA,2040,11,36,35,-8190.999780529106
GA,2040,11,37,35,-6920.214442705683
GA,2040,11,38,35,-6986.204729571761
GA,2040,11,39,35,-8948.385563162317
GA,2040,11,40,35,-10025.25498863805
GA,2040,11,41,35,-11555.257459799801
GA,2040,11,42,35,-15059.48895148836
GA,2040,11,43,35,-15059.48895148836
GA,2040,11,44,35,-15059.48895148836
GA,2040,11,45,35,-15059.48895148836
GA,2040,11,46,35,-9419.01225535138
GA,2040,11,47,35,-9367.15407365688
GA,2040,11,48,35,-10549.15962217013
GA,2040,11,49,35,-11733.70380252864
GA,2040,11,50,35,-12093.106987838526
GA,2040,11,51,35,-11932.154105571542
GA,2040,11,52,35,-11781.750516384642
GA,2040,11,53,35,-12001.778590446316
GA,2040,11,54,35,-11829.58563150369
GA,2040,11,55,35,-10444.21380786813
GA,2040,11,56,35,-9859.706025991603
GA,2040,11,57,35,-11467.984628845079
GA,2040,11,58,35,-11806.935819293245
GA,2040,11,59,35,-8468.303823416714
GA,2040,11,60,35,-7954.396753440196
GA,2040,11,61,35,-6355.387729126371
GA,2040,11,62,35,-9942.638558048802
GA,2040,11,63,35,-11352.370291089692
GA,2040,11,64,35,-10743.772842539236
GA,2040,11,65,35,-9788.836585687535
GA,2040,11,66,35,-8033.60524880505
GA,2040,11,67,35,-7806.6700973401485
GA,2040,11,68,35,-7992.401699232191
GA,2040,11,69,35,-7853.139427805269
GA,2040,11,70,35,-7371.915568640444
GA,2040,11,71,35,-7454.896261726689
GA,2040,11,72,35,-7440.805078828753
GA,2040,11,73,35,-7404.219755763366
GA,2040,11,74,35,-7253.735125921104
GA,2040,11,75,35,-7113.460517223543
GA,2040,11,76,35,-7217.1310774080675
GA,2040,11,77,35,-6833.727046850651
GA,2040,11,78,35,-6012.036948774371
GA,2040,11,79,35,-4356.086509780592
GA,2040,11,80,35,-3703.6077465042085
GA,2040,11,81,35,-4093.803983301137
GA,2040,11,82,35,-3079.4790896672325
GA,2040,11,83,35,-3469.344251717142
GA,2040,11,84,35,-2505.349542771895
GA,2040,11,85,35,-262.0525658395912
GA,2040,11,86,35,-3529.768683189387
GA,2040,11,87,35,-4873.686296944325
GA,2040,11,88,35,-4307.526702570122
GA,2040,11,89,35,-3651.4860595266314
GA,2040,11,90,35,-9998.23168238889
GA,2040,11,91,35,-14825.817141883072
GA,2040,11,92,35,-15059.48895148836
GA,2040,11,93,35,-13402.103636968663
GA,2040,11,94,35,-11683.7634608654
GA,2040,11,95,35,-9594.884425839542
GA,2040,11,96,35,-7294.279809517102
GA,2040,11,97,35,-6146.151666516655
GA,2040,11,98,35,-6390.396908024508
GA,2040,11,99,35,-6658.226909351059
GA,2040,11,100,35,-9137.13732322466
GA,2040,11,101,35,-13918.766802908647
GA,2040,11,102,35,-15059.48895148836
GA,2040,11,103,35,-15059.48895148836
GA,2040,11,104,35,-8275.192175062635
GA,2040,11,105,35,-3093.5115948031344
GA,2040,11,106,35,-2930.8973540473226
GA,2040,11,107,35,-3380.036901374744
GA,2040,11,108,35,-2427.853409601167
GA,2040,11,109,35,-310.7237709668513
GA,2040,11,110,35,-3331.7502111299077
GA,2040,11,111,35,-3386.98265770852
GA,2040,11,112,35,-11713.154146757912
GA,2040,11,113,35,-15059.48895148836
GA,2040,11,114,35,-11974.960810975812
GA,2040,11,115,35,-11458.865409060905
GA,2040,11,116,35,-13382.282391502897
GA,2040,11,117,35,-11889.623135006967
GA,2040,11,118,35,-12528.244325368703
GA,2040,11,119,35,-15059.48895148836
GA,2040,11,120,35,-15059.48895148836
GA,2040,11,121,35,-15059.48895148836
GA,2040,11,122,35,-12742.64988858704
GA,2040,11,123,35,-10474.876479698074
GA,2040,11,124,35,-8252.385307101955
GA,2040,11,125,35,-8529.192613577052
GA,2040,11,126,35,-8697.583149110007
GA,2040,11,127,35,-7912.037506159908
GA,2040,11,128,35,-5831.9744153633355
GA,2040,11,129,35,-4067.293404765999
GA,2040,11,130,35,-4933.746583554664
GA,2040,11,131,35,-6261.086117409536
GA,2040,11,132,35,-6604.6180773283195
GA,2040,11,133,35,-6317.39910057421
GA,2040,11,134,35,-6293.175449109275
GA,2040,11,135,35,-6178.935198888599
GA,2040,11,136,35,-1673.418963455379
GA,2040,11,137,35,-8055.026484275549
GA,2040,11,138,35,-13902.766003715882
GA,2040,11,139,35,-15059.48895148836
GA,2040,11,140,35,-15059.48895148836
GA,2040,11,141,35,-15059.48895148836
GA,2040,11,142,35,-15059.48895148836
GA,2040,11,143,35,-14428.594230953673
GA,2040,11,144,35,-11648.036683529208
GA,2040,11,145,35,-8920.0342866997
GA,2040,11,146,35,-9528.340987225602
GA,2040,11,147,35,-9999.090867043302
GA,2040,11,148,35,-11089.131771694902
GA,2040,11,149,35,-12312.291129340516
GA,2040,11,150,35,-11049.145589366977
GA,2040,11,151,35,-9851.848846572542
GA,2040,11,152,35,-7770.0730136493585
GA,2040,11,153,35,-7533.943087340438
GA,2040,11,154,35,-4222.911790937673
GA,2040,11,155,35,-3933.102791559579
GA,2040,11,156,35,-5052.609660804458
GA,2040,11,157,35,-6387.024463863067
GA,2040,11,158,35,-8331.909798583161
GA,2040,11,159,35,-9582.110592762418
GA,2040,11,160,35,-10460.333118710827
GA,2040,11,161,35,-10230.168431848166
GA,2040,11,162,35,-9142.048488932329
GA,2040,11,163,35,-8086.2710397976025
GA,2040,11,164,35,-7203.213198281648
GA,2040,11,165,35,-6612.985317667977
GA,2040,11,166,35,-5210.015095323339
GA,2040,11,167,35,-5902.437178341759
GA,2040,21,0,35,-13121.841647891366
GA,2040,21,1,35,-9537.24018761943
GA,2040,21,2,35,-9512.53745075068
GA,2040,21,3,35,-9488.988054749385
GA,2040,21,4,35,-9606.49259182103
GA,2040,21,5,35,-9335.98942635536
GA,2040,21,6,35,-8763.905487826489
GA,2040,21,7,35,-8819.445540861781
GA,2040,21,8,35,-9852.501171485794
GA,2040,21,9,35,-6413.420750698879
GA,2040,21,10,35,-6563.13712173665
GA,2040,21,11,35,-5860.880060459669
GA,2040,21,12,35,-3607.8345434967378
GA,2040,21,13,35,-3101.0829444602095
GA,2040,21,14,35,-2413.984801442937
GA,2040,21,15,35,-5135.2037559033015
GA,2040,21,16,35,-11127.959379443693
GA,2040,21,17,35,-14985.734465728454
GA,2040,21,18,35,-15059.48895148836
GA,2040,21,19,35,-15059.48895148836
GA,2040,21,20,35,-15059.48895148836
GA,2040,21,21,35,-15059.48895148836
GA,2040,21,22,35,-15059.48895148836
GA,2040,21,23,35,-15059.48895148836
GA,2040,21,24,35,-15059.48895148836
GA,2040,21,25,35,-15059.48895148836
GA,2040,21,26,35,-15059.48895148836
GA,2040,21,27,35,-14779.482434704707
GA,2040,21,28,35,-14245.537947767889
GA,2040,21,29,35,-13211.168039576976
GA,2040,21,30,35,-11939.52997902914
GA,2040,21,31,35,-11019.10817322374
GA,2040,21,32,35,-11423.788662079654
GA,2040,21,33,35,-6812.175532662106
GA,2040,21,34,35,-3423.092603185669
GA,2040,21,35,35,9.713457013134994
GA,2040,21,36,35,500.77366986295965
GA,2040,21,37,35,2635.964206740172
GA,2040,21,38,35,-1184.554159594532
GA,2040,21,39,35,-2821.674034023941
GA,2040,21,40,35,-3799.366788129521
GA,2040,21,41,35,-5303.28301486959
GA,2040,21,42,35,-11954.78137234514
GA,2040,21,43,35,-15059.48895148836
GA,2040,21,44,35,-12470.428781540679
GA,2040,21,45,35,-10388.812528522418
GA,2040,21,46,35,-10772.995643955053
GA,2040,21,47,35,-9120.366761997897
GA,2040,21,48,35,-8139.408192050587
GA,2040,21,49,35,-7742.440122027781
GA,2040,21,50,35,-7396.06944114633
GA,2040,21,51,35,-6702.8801018192535
GA,2040,21,52,35,-7617.871513777096
GA,2040,21,53,35,-10018.711278099738
GA,2040,21,54,35,-11878.963960549409
GA,2040,21,55,35,-1156.3633200850854
GA,2040,21,56,35,2261.3004438273983
GA,2040,21,57,35,1612.9366530215746
GA,2040,21,58,35,1485.710205185711
GA,2040,21,59,35,1159.7630227555537
GA,2040,21,60,35,2717.1349939493084
GA,2040,21,61,35,4778.759904551195
GA,2040,21,62,35,2209.9759291227783
GA,2040,21,63,35,-2785.173079691545
GA,2040,21,64,35,-3641.2678857270544
GA,2040,21,65,35,-3785.613278314199
GA,2040,21,66,35,-3324.3820377420598
GA,2040,21,67,35,-3566.0608657906305
GA,2040,21,68,35,-2454.7988712096862
GA,2040,21,69,35,-2309.6072349334077
GA,2040,21,70,35,-826.7867686721983
GA,2040,21,71,35,-1653.287428628322
GA,2040,21,72,35,-1621.3406827325575
GA,2040,21,73,35,-1533.2323297020534
GA,2040,21,74,35,-1502.6200192567394
GA,2040,21,75,35,-2341.081327214797
GA,2040,21,76,35,-4826.739364425384
GA,2040,21,77,35,-8134.679535172523
GA,2040,21,78,35,-11824.579939426667
GA,2040,21,79,35,-410.1774375953446
GA,2040,21,80,35,1747.7322698135927
GA,2040,21,81,35,959.3755398947465
GA,2040,21,82,35,1851.0767307878477
GA,2040,21,83,35,4793.862825681864
GA,2040,21,84,35,1176.9471223060116
GA,2040,21,85,35,3098.016637758963
GA,2040,21,86,35,1794.1256571717859
GA,2040,21,87,35,-2289.1136524837098
GA,2040,21,88,35,-3264.933413682524
GA,2040,21,89,35,-3374.539802856833
GA,2040,21,90,35,-2886.209120530584
GA,2040,21,91,35,-4612.913844875649
GA,2040,21,92,35,-4257.509306829783
GA,2040,21,93,35,-3274.2143672288857
GA,2040,21,94,35,-6574.331247997585
GA,2040,21,95,35,-4443.874300485939
GA,2040,21,96,35,-4073.049254008032
GA,2040,21,97,35,-5257.5765152856
GA,2040,21,98,35,-6381.3707294922915
GA,2040,21,99,35,-7469.208190715064
GA,2040,21,100,35,-9993.55303445758
GA,2040,21,101,35,-12898.072408146196
GA,2040,21,102,35,-14374.070054931255
GA,2040,21,103,35,-3502.1075593081296
GA,2040,21,104,35,996.3817370681828
GA,2040,21,105,35,288.9147279755216
GA,2040,21,106,35,4579.622620223779
GA,2040,21,107,35,1280.6761252286005
GA,2040,21,108,35,3381.820422307399
GA,2040,21,109,35,2457.1621630417067
GA,2040,21,110,35,1928.3185723181555
GA,2040,21,111,35,-582.6535000765107
GA,2040,21,112,35,-2932.174835215984
GA,2040,21,113,35,-2681.490073562325
GA,2040,21,114,35,-6457.180271389085
GA,2040,21,115,35,-13769.116488459578
GA,2040,21,116,35,-13735.224734826785
GA,2040,21,117,35,-11700.590254021596
GA,2040,21,118,35,-11420.759856306526
GA,2040,21,119,35,-9931.830892210555
GA,2040,21,120,35,-9105.284216354406
GA,2040,21,121,35,-9106.081054765702
GA,2040,21,122,35,-9601.642622132531
GA,2040,21,123,35,-9953.787327321137
GA,2040,21,124,35,-9639.48840390662
GA,2040,21,125,35,-9818.228132513634
GA,2040,21,126,35,-11350.602625521877
GA,2040,21,127,35,-785.7929152092383
GA,2040,21,128,35,179.0588289561936
GA,2040,21,129,35,1398.22215336265
GA,2040,21,130,35,4657.338755548706
GA,2040,21,131,35,567.2208781843766
GA,2040,21,132,35,257.780110109832
GA,2040,21,133,35,368.4428462583685
GA,2040,21,134,35,2230.351515692725
GA,2040,21,135,35,1066.789329797692
GA,2040,21,136,35,-3668.078430841419
GA,2040,21,137,35,-3139.957094743204
GA,2040,21,138,35,-8126.505150360974
GA,2040,21,139,35,-13451.955787571886
GA,2040,21,140,35,-13558.770228418743
GA,2040,21,141,35,-12457.162657676809
GA,2040,21,142,35,-12779.572312411363
GA,2040,21,143,35,-13554.85165023407
GA,2040,21,144,35,-13625.004387404424
GA,2040,21,145,35,-13848.23399776208
GA,2040,21,146,35,-14197.606379307628
GA,2040,21,147,35,-14479.749770493925
GA,2040,21,148,35,-13880.651287151813
GA,2040,21,149,35,-14927.825311617562
GA,2040,21,150,35,-15059.48895148836
GA,2040,21,151,35,-6989.930515726313
GA,2040,21,152,35,-2861.821788676961
GA,2040,21,153,35,1341.052189718753
GA,2040,21,154,35,2652.904863970759
GA,2040,21,155,35,723.972720968414
GA,2040,21,156,35,385.8336233724935
GA,2040,21,157,35,309.39425546953686
GA,2040,21,158,35,4174.908672260482
GA,2040,21,159,35,-1490.2546473423645
GA,2040,21,160,35,-8041.635646003679
GA,2040,21,161,35,-8087.318144690846
GA,2040,21,162,35,-11857.538431841336
GA,2040,21,163,35,-15059.48895148836
GA,2040,21,164,35,-15059.48895148836
GA,2040,21,165,35,-15059.48895148836
GA,2040,21,166,35,-15059.48895148836
GA,2040,21,167,35,-15059.48895148836
GA,2040,42,0,35,-11726.884593006464
GA,2040,42,1,35,-8082.728236782801
GA,2040,42,2,35,-7953.368630218767
GA,2040,42,3,35,-7818.477444292096
GA,2040,42,4,35,-7522.089253478598
GA,2040,42,5,35,-6844.847331353014
GA,2040,42,6,35,-6288.504852723082
GA,2040,42,7,35,-5639.368376925833
GA,2040,42,8,35,-6078.534888679736
GA,2040,42,9,35,-3908.985566713829
GA,2040,42,10,35,2317.575258983379
GA,2040,42,11,35,-6547.170303488122
GA,2040,42,12,35,5840.2781393734185
GA,2040,42,13,35,2891.5236147300566
GA,2040,42,14,35,-3200.9122107555922
GA,2040,42,15,35,-6849.337592872854
GA,2040,42,16,35,-8171.842684148227
GA,2040,42,17,35,-5878.130044928209
GA,2040,42,18,35,-5222.971919811499
GA,2040,42,19,35,-5611.03925207247
GA,2040,42,20,35,-6138.360625887504
GA,2040,42,21,35,-6825.150586600835
GA,2040,42,22,35,-7494.05380928458
GA,2040,42,23,35,-7962.729900672642
GA,2040,42,24,35,-8376.74511662868
GA,2040,42,25,35,-8306.634603561635
GA,2040,42,26,35,-7717.232523540382
GA,2040,42,27,35,-7455.192603914655
GA,2040,42,28,35,-8629.699404931152
GA,2040,42,29,35,-8700.199868584834
GA,2040,42,30,35,-8100.204057890589
GA,2040,42,31,35,-7096.075788860271
GA,2040,42,32,35,-2245.008185970115
GA,2040,42,33,35,4040.7372529945733
GA,2040,42,34,35,3921.326593892383
GA,2040,42,35,35,3072.7380281233745
GA,2040,42,36,35,4533.878480269112
GA,2040,42,37,35,3404.160433412562
GA,2040,42,38,35,5462.3789781647465
GA,2040,42,39,35,6399.562459358533
GA,2040,42,40,35,-1678.5018993788071
GA,2040,42,41,35,-7749.554756258182
GA,2040,42,42,35,-9622.994427729453
GA,2040,42,43,35,-6548.361431680337
GA,2040,42,44,35,-7233.086554000442
GA,2040,42,45,35,-6416.079903607893
GA,2040,42,46,35,-4799.167352961997
GA,2040,42,47,35,-2518.723595207235
GA,2040,42,48,35,-1805.909521153848
GA,2040,42,49,35,-1839.5627814917625
GA,2040,42,50,35,-2339.20043712808
GA,2040,42,51,35,-2995.744850107687
GA,2040,42,52,35,-5857.855789499248
GA,2040,42,53,35,-8142.225289178907
GA,2040,42,54,35,-7769.339687770545
GA,2040,42,55,35,-6975.177979346867
GA,2040,42,56,35,285.2697528911558
GA,2040,42,57,35,3388.519473759293
GA,2040,42,58,35,3474.3460883523294
GA,2040,42,59,35,2993.8786239647916
GA,2040,42,60,35,6791.306093349451
GA,2040,42,61,35,5094.059489813254
GA,2040,42,62,35,3768.8409590661145
GA,2040,42,63,35,-3636.5369005600587
GA,2040,42,64,35,-6883.669907849941
GA,2040,42,65,35,-5881.8232281469045
GA,2040,42,66,35,-5238.476760420105
GA,2040,42,67,35,-6099.554372112038
GA,2040,42,68,35,-7088.597176220707
GA,2040,42,69,35,-7994.176796674377
GA,2040,42,70,35,-8663.37934105215
GA,2040,42,71,35,-9425.613657945627
GA,2040,42,72,35,-9418.391688043193
GA,2040,42,73,35,-9275.529329614634
GA,2040,42,74,35,-9011.493989032018
GA,2040,42,75,35,-8658.554450462565
GA,2040,42,76,35,-8081.052893700265
GA,2040,42,77,35,-10868.263677885318
GA,2040,42,78,35,-6432.4480004614925
GA,2040,42,79,35,-5542.659767476695
GA,2040,42,80,35,-6277.258448092723
GA,2040,42,81,35,-5491.889228141474
GA,2040,42,82,35,544.2827222347587
GA,2040,42,83,35,4929.096581932783
GA,2040,42,84,35,6991.466763771532
GA,2040,42,85,35,3074.6041743945752
GA,2040,42,86,35,-4419.440077391748
GA,2040,42,87,35,-6323.005246811527
GA,2040,42,88,35,-5772.417406159537
GA,2040,42,89,35,-4747.883672623613
GA,2040,42,90,35,-3993.987963573579
GA,2040,42,91,35,-4399.150637986375
GA,2040,42,92,35,-4922.1663255702215
GA,2040,42,93,35,-5546.140532584656
GA,2040,42,94,35,-6113.061698374335
GA,2040,42,95,35,-6578.544240797756
GA,2040,42,96,35,-6956.8343806866005
GA,2040,42,97,35,-7397.603987070789
GA,2040,42,98,35,-8091.739598570113
GA,2040,42,99,35,-8489.506088284781
GA,2040,42,100,35,-9665.232178797956
GA,2040,42,101,35,-12068.409805252672
GA,2040,42,102,35,-8302.704517348793
GA,2040,42,103,35,-7756.185144227584
GA,2040,42,104,35,882.4368100201773
GA,2040,42,105,35,1184.2413556345964
GA,2040,42,106,35,706.8001601311553
GA,2040,42,107,35,3300.2110037595776
GA,2040,42,108,35,5244.643282678851
GA,2040,42,109,35,2321.103359781002
GA,2040,42,110,35,-1994.5756823208146
GA,2040,42,111,35,-2069.967984891593
GA,2040,42,112,35,-1766.9455072401586
GA,2040,42,113,35,-12570.529829704783
GA,2040,42,114,35,-15059.48895148836
GA,2040,42,115,35,-14345.878447194982
GA,2040,42,116,35,-15059.48895148836
GA,2040,42,117,35,-14273.345131871833
GA,2040,42,118,35,-10501.165013229609
GA,2040,42,119,35,-8706.786056092798
GA,2040,42,120,35,-6193.738191917073
GA,2040,42,121,35,-2513.8037284388683
GA,2040,42,122,35,-21.875066933254857
GA,2040,42,123,35,961.6153740160935
GA,2040,42,124,35,630.7232695487291
GA,2040,42,125,35,-2281.9466797561145
GA,2040,42,126,35,-3847.0305446891907
GA,2040,42,127,35,-4216.16064166891
GA,2040,42,128,35,3068.9723376275397
GA,2040,42,129,35,587.1533815626004
GA,2040,42,130,35,628.7157037070965
GA,2040,42,131,35,-187.6697079911015
GA,2040,42,132,35,-794.4829446692763
GA,2040,42,133,35,-646.0998406148709
GA,2040,42,134,35,3350.726315289391
GA,2040,42,135,35,312.6725653079206
GA,2040,42,136,35,986.6304375957939
GA,2040,42,137,35,-9081.219605433373
GA,2040,42,138,35,-9842.955475717163
GA,2040,42,139,35,-12333.146212070082
GA,2040,42,140,35,-8923.707322928525
GA,2040,42,141,35,-8970.44535402177
GA,2040,42,142,35,-6285.452509511419
GA,2040,42,143,35,-6208.1578254744945
GA,2040,42,144,35,-6114.478598510599
GA,2040,42,145,35,-5820.349643482925
GA,2040,42,146,35,-5953.448359217553
GA,2040,42,147,35,-6514.027234340738
GA,2040,42,148,35,-7946.0186128972255
GA,2040,42,149,35,-9534.354791098045
GA,2040,42,150,35,-9751.516260775854
GA,2040,42,151,35,-8680.382227478403
GA,2040,42,152,35,1644.8097964048202
GA,2040,42,153,35,1515.6062789676196
GA,2040,42,154,35,2556.3606229297425
GA,2040,42,155,35,4566.943038216883
GA,2040,42,156,35,5374.390617726108
GA,2040,42,157,35,2176.2342788722667
GA,2040,42,158,35,1258.7531784246094
GA,2040,42,159,35,-220.13896010267365
GA,2040,42,160,35,-1285.1031714025294
GA,2040,42,161,35,-10041.87050311776
GA,2040,42,162,35,-12108.509866121816
GA,2040,42,163,35,-10932.51245416433
GA,2040,42,164,35,-9560.081620820507
GA,2040,42,165,35,-10254.167623496165
GA,2040,42,166,35,-9675.105786132517
GA,2040,42,167,35,-8072.310610312987
GA,2040,52,0,35,-11911.470540382665
GA,2040,52,1,35,-8982.077424731298
GA,2040,52,2,35,-9238.560152549468
GA,2040,52,3,35,-9313.448197449321
GA,2040,52,4,35,-9392.608900899366
GA,2040,52,5,35,-9463.368218936605
GA,2040,52,6,35,-9376.941292626496
GA,2040,52,7,35,-9077.290425732244
GA,2040,52,8,35,-8422.631110409602
GA,2040,52,9,35,2576.8190205128617
GA,2040,52,10,35,1877.3795797279104
GA,2040,52,11,35,5180.950829010788
GA,2040,52,12,35,652.6989868179572
GA,2040,52,13,35,189.83309928778453
GA,2040,52,14,35,-136.45831401077996
GA,2040,52,15,35,1363.2490819501986
GA,2040,52,16,35,-554.022710477157
GA,2040,52,17,35,-5011.914645846286
GA,2040,52,18,35,-3063.0040682264626
GA,2040,52,19,35,-564.4803780859324
GA,2040,52,20,35,-1378.9932359019806
GA,2040,52,21,35,-2268.7258946564543
GA,2040,52,22,35,-3484.0778657389105
GA,2040,52,23,35,-4636.429793045485
GA,2040,52,24,35,-6032.678909073511
GA,2040,52,25,35,-7319.542767957996
GA,2040,52,26,35,-8472.389543647427
GA,2040,52,27,35,-9044.613863154129
GA,2040,52,28,35,-9584.216004705946
GA,2040,52,29,35,-10536.168998968102
GA,2040,52,30,35,-11670.300973774301
GA,2040,52,31,35,-12523.224111499789
GA,2040,52,32,35,-12754.681329181674
GA,2040,52,33,35,-13014.095965288132
GA,2040,52,34,35,-13243.002602845454
GA,2040,52,35,35,-13608.665034837944
GA,2040,52,36,35,-14423.821582962684
GA,2040,52,37,35,-15059.48895148836
GA,2040,52,38,35,-15059.48895148836
GA,2040,52,39,35,-15059.48895148836
GA,2040,52,40,35,-15059.48895148836
GA,2040,52,41,35,-15059.48895148836
GA,2040,52,42,35,-15059.48895148836
GA,2040,52,43,35,-15059.48895148836
GA,2040,52,44,35,-15059.48895148836
GA,2040,52,45,35,-15059.48895148836
GA,2040,52,46,35,-15059.48895148836
GA,2040,52,47,35,-15059.48895148836
GA,2040,52,48,35,-15059.48895148836
GA,2040,52,49,35,-15059.48895148836
GA,2040,52,50,35,-15059.48895148836
GA,2040,52,51,35,-15059.48895148836
GA,2040,52,52,35,-15059.48895148836
GA,2040,52,53,35,-15059.48895148836
GA,2040,52,54,35,-15059.48895148836
GA,2040,52,55,35,-15059.48895148836
GA,2040,52,56,35,-15059.48895148836
GA,2040,52,57,35,-15059.48895148836
GA,2040,52,58,35,-15059.48895148836
GA,2040,52,59,35,-15059.48895148836
GA,2040,52,60,35,-15059.48895148836
GA,2040,52,61,35,-15059.48895148836
GA,2040,52,62,35,-15059.48895148836
GA,2040,52,63,35,-15059.48895148836
GA,2040,52,64,35,-15059.48895148836
GA,2040,52,65,35,-15059.48895148836
GA,2040,52,66,35,-14913.502764889403
GA,2040,52,67,35,-13858.453798868775
GA,2040,52,68,35,-13434.776790941321
GA,2040,52,69,35,-13444.287233552459
GA,2040,52,70,35,-11810.895806047278
GA,2040,52,71,35,-12674.910724155023
GA,2040,52,72,35,-13011.092723594376
GA,2040,52,73,35,-13625.617426147557
GA,2040,52,74,35,-13177.819777446983
GA,2040,52,75,35,-12392.73661992537
GA,2040,52,76,35,-11596.03139958811
GA,2040,52,77,35,-10321.617329867653
GA,2040,52,78,35,-8651.578403815789
GA,2040,52,79,35,-6877.237236754418
GA,2040,52,80,35,-5092.118531546703
GA,2040,52,81,35,-5367.21006347979
GA,2040,52,82,35,-4300.470800551349
GA,2040,52,83,35,-725.4839387113425
GA,2040,52,84,35,-1450.4896717645897
GA,2040,52,85,35,-4418.104897474468
GA,2040,52,86,35,-4078.098369977071
GA,2040,52,87,35,-4200.994287605987
GA,2040,52,88,35,-4063.2408816163606
GA,2040,52,89,35,-3582.6815472686985
GA,2040,52,90,35,-3749.0968271496486
GA,2040,52,91,35,-3939.9732455989374
GA,2040,52,92,35,-4539.456499184541
GA,2040,52,93,35,-5351.205612582258
GA,2040,52,94,35,-6330.344409177788
GA,2040,52,95,35,-7614.092493375319
GA,2040,52,96,35,-9042.916828454507
GA,2040,52,97,35,-10199.681554160205
GA,2040,52,98,35,-10865.984385408728
GA,2040,52,99,35,-11308.979669965393
GA,2040,52,100,35,-11652.385170989988
GA,2040,52,101,35,-11896.495543638495
GA,2040,52,102,35,-11550.466113926905
GA,2040,52,103,35,-10938.99998672915
GA,2040,52,104,35,-9988.82985512764
GA,2040,52,105,35,-9754.27357102886
GA,2040,52,106,35,-8548.055922861615
GA,2040,52,107,35,-11858.67133059426
GA,2040,52,108,35,-12013.65883035308
GA,2040,52,109,35,-13389.411871878103
GA,2040,52,110,35,-13848.659281932132
GA,2040,52,111,35,-14203.148465790264
GA,2040,52,112,35,-13769.388844045761
GA,2040,52,113,35,-12655.169882368085
GA,2040,52,114,35,-12124.206649658778
GA,2040,52,115,35,-11662.702311806837
GA,2040,52,116,35,-11336.199795347497
GA,2040,52,117,35,-12550.992276588022
GA,2040,52,118,35,-11844.968490296966
GA,2040,52,119,35,-14147.084072755533
GA,2040,52,120,35,-15059.48895148836
GA,2040,52,121,35,-15059.48895148836
GA,2040,52,122,35,-15059.48895148836
GA,2040,52,123,35,-15059.48895148836
GA,2040,52,124,35,-15059.48895148836
GA,2040,52,125,35,-15059.48895148836
GA,2040,52,126,35,-14248.636500690825
GA,2040,52,127,35,-12860.741139365675
GA,2040,52,128,35,-10842.162661754157
GA,2040,52,129,35,-10696.402121639463
GA,2040,52,130,35,-3421.580104557619
GA,2040,52,131,35,-3035.343457262726
GA,2040,52,132,35,-46.41844632372721
GA,2040,52,133,35,-3631.088100597281
GA,2040,52,134,35,-3652.6174709648585
GA,2040,52,135,35,-10624.811910477807
GA,2040,52,136,35,-9567.590067309055
GA,2040,52,137,35,-6739.454749022578
GA,2040,52,138,35,-5833.121241737363
GA,2040,52,139,35,-4965.665231541265
GA,2040,52,140,35,-4700.543842768286
GA,2040,52,141,35,-4161.716514967183
GA,2040,52,142,35,-3925.753069994357
GA,2040,52,143,35,-4208.154803269762
GA,2040,52,144,35,-4616.626941361121
GA,2040,52,145,35,-4906.399249652582
GA,2040,52,146,35,-4935.015157592929
GA,2040,52,147,35,-4679.5561258114
GA,2040,52,148,35,-4000.5368673096727
GA,2040,52,149,35,-3934.595466031744
GA,2040,52,150,35,-7429.245158935826
GA,2040,52,151,35,-9528.641183710306
GA,2040,52,152,35,-7762.11286993667
GA,2040,52,153,35,-3957.073069277192
GA,2040,52,154,35,-2933.122758493899
GA,2040,52,155,35,-4726.9801161923215
GA,2040,52,156,35,-4665.356520078583
GA,2040,52,157,35,-4668.464981839527
GA,2040,52,158,35,-690.240008417475
GA,2040,52,159,35,-4128.353386202192
GA,2040,52,160,35,-8065.835376072068
GA,2040,52,161,35,-12784.979514104467
GA,2040,52,162,35,-12745.767320225717
GA,2040,52,163,35,-14822.43021271757
GA,2040,52,164,35,-15059.48895148836
GA,2040,52,165,35,-13205.593488774532
GA,2040,52,166,35,-13964.368755644282
GA,2040,52,167,35,-10859.637530419337
DE,2040,11,0,35,-15059.48895148836
DE,2040,11,1,35,-12468.400132891218
DE,2040,11,2,35,-12070.035009638144
DE,2040,11,3,35,-12417.184299199149
DE,2040,11,4,35,-12172.793303827675
DE,2040,11,5,35,-11508.174437382988
DE,2040,11,6,35,-9564.429079825552
DE,2040,11,7,35,-6269.405753996589
DE,2040,11,8,35,-8104.014414514084
DE,2040,11,9,35,-7788.721942488538
DE,2040,11,10,35,-8290.445462720974
DE,2040,11,11,35,-8600.676716160333
DE,2040,11,12,35,-11607.093891732216
DE,2040,11,13,35,-10699.31051363135
DE,2040,11,14,35,-13869.156241916007
DE,2040,11,15,35,-15059.48895148836
DE,2040,11,16,35,-15022.634733644582
DE,2040,11,17,35,-13934.471281182
DE,2040,11,18,35,-11814.385013318284
DE,2040,11,19,35,-8898.3573445052
DE,2040,11,20,35,-7495.32950955777
DE,2040,11,21,35,-6480.384461826367
DE,2040,11,22,35,-7646.032257536132
DE,2040,11,23,35,-7976.17729572525
DE,2040,11,24,35,-6634.4670621346495
DE,2040,11,25,35,-4944.923914230524
DE,2040,11,26,35,-4215.806412965464
DE,2040,11,27,35,-4412.641419474199
DE,2040,11,28,35,-5025.13298790299
DE,2040,11,29,35,-5334.276964491551
DE,2040,11,30,35,-5549.6136233359175
DE,2040,11,31,35,-9851.505945334731
DE,2040,11,32,35,-1877.4410846742985
DE,2040,11,33,35,-6108.748470733705
DE,2040,11,34,35,-6677.97926909325
DE,2040,11,35,35,-6981.759065977263
DE,2040,11,36,35,-7180.270888857596
DE,2040,11,37,35,-5907.423139653414
DE,2040,11,38,35,-5958.3872864596615
DE,2040,11,39,35,-7950.767715268502
DE,2040,11,40,35,-8489.701804527826
DE,2040,11,41,35,-15059.48895148836
DE,2040,11,42,35,-15059.48895148836
DE,2040,11,43,35,-15059.48895148836
DE,2040,11,44,35,-15059.48895148836
DE,2040,11,45,35,-15059.48895148836
DE,2040,11,46,35,-13674.554233710802
DE,2040,11,47,35,-8508.601678865809
DE,2040,11,48,35,-9769.126174946601
DE,2040,11,49,35,-11013.0383400513
DE,2040,11,50,35,-11392.771008971544
DE,2040,11,51,35,-11241.68823831249
DE,2040,11,52,35,-11087.601771659944
DE,2040,11,53,35,-11296.433898226058
DE,2040,11,54,35,-10416.941183717903
DE,2040,11,55,35,-9587.429194260567
DE,2040,11,56,35,-8871.22171421259
DE,2040,11,57,35,-6728.394907711092
DE,2040,11,58,35,-11698.466748932651
DE,2040,11,59,35,-11771.398181944984
DE,2040,11,60,35,-12424.613539410502
DE,2040,11,61,35,-11261.823854803435
DE,2040,11,62,35,-11358.233061188961
DE,2040,11,63,35,-10351.069565730233
DE,2040,11,64,35,-9756.761681746477
DE,2040,11,65,35,-8824.659265181774
DE,2040,11,66,35,-6976.0301557705425
DE,2040,11,67,35,-6672.19652282298
DE,2040,11,68,35,-6885.623363256671
DE,2040,11,69,35,-6786.725428853215
DE,2040,11,70,35,-6373.708460352128
DE,2040,11,71,35,-6580.286521185406
DE,2040,11,72,35,-6647.955218024779
DE,2040,11,73,35,-6665.287221056431
DE,2040,11,74,35,-6539.993473079177
DE,2040,11,75,35,-6411.651387370306
DE,2040,11,76,35,-6516.942413639713
DE,2040,11,77,35,-6118.3649279238425
DE,2040,11,78,35,-5273.840989560565
DE,2040,11,79,35,-6866.631578186146
DE,2040,11,80,35,-2305.672070749229
DE,2040,11,81,35,-3062.3036627233923
DE,2040,11,82,35,-3427.125929638904
DE,2040,11,83,35,-3716.967225232681
DE,2040,11,84,35,-2842.3677640126043
DE,2040,11,85,35,-2714.039773135475
DE,2040,11,86,35,-4096.970079387872
DE,2040,11,87,35,-3900.5227554223907
DE,2040,11,88,35,-3348.9473558121417
DE,2040,11,89,35,-2718.0975946336603
DE,2040,11,90,35,-12590.829273393221
DE,2040,11,91,35,-15059.48895148836
DE,2040,11,92,35,-13212.142917355406
DE,2040,11,93,35,-12557.03523462874
DE,2040,11,94,35,-12569.826057180708
DE,2040,11,95,35,-13499.617463068766
DE,2040,11,96,35,-10971.280615684074
DE,2040,11,97,35,-9640.574262016153
DE,2040,11,98,35,-9805.683436980824
DE,2040,11,99,35,-10043.130841330978
DE,2040,11,100,35,-12613.047731729237
DE,2040,11,101,35,-14228.705882547927
DE,2040,11,102,35,-15059.48895148836
DE,2040,11,103,35,-12988.356048118576
DE,2040,11,104,35,-13099.16873731171
DE,2040,11,105,35,-2076.4481538907175
DE,2040,11,106,35,-2675.087273189193
DE,2040,11,107,35,-683.8043073573865
DE,2040,11,108,35,-3113.382222475192
DE,2040,11,109,35,667.7431141056104
DE,2040,11,110,35,-2343.265899350894
DE,2040,11,111,35,-3414.867842544878
DE,2040,11,112,35,-13091.756647572161
DE,2040,11,113,35,-12270.624393484015
DE,2040,11,114,35,-10958.928575753776
DE,2040,11,115,35,-13982.935589538758
DE,2040,11,116,35,-10578.733386220581
DE,2040,11,117,35,-10880.367394321715
DE,2040,11,118,35,-11569.959608807974
DE,2040,11,119,35,-13489.809060987785
DE,2040,11,120,35,-15059.48895148836
DE,2040,11,121,35,-14600.823604632817
DE,2040,11,122,35,-14804.21741653204
DE,2040,11,123,35,-13696.138331219065
DE,2040,11,124,35,-11459.939661382425
DE,2040,11,125,35,-11805.991026082804
DE,2040,11,126,35,-12066.23592456766
DE,2040,11,127,35,-11567.841151645673
DE,2040,11,128,35,-7664.962664179095
DE,2040,11,129,35,-4905.587974914962
DE,2040,11,130,35,-4087.8632872454077
DE,2040,11,131,35,-3034.20875301629
DE,2040,11,132,35,-5730.744912280165
DE,2040,11,133,35,-5463.266158741911
DE,2040,11,134,35,-5446.260947109639
DE,2040,11,135,35,-2335.92095311695
DE,2040,11,136,35,-4563.614936441267
DE,2040,11,137,35,-12109.336750568043
DE,2040,11,138,35,-13902.026106221796
DE,2040,11,139,35,-15059.48895148836
DE,2040,11,140,35,-14577.508421732438
DE,2040,11,141,35,-15059.48895148836
DE,2040,11,142,35,-13458.888300168388
DE,2040,11,143,35,-13635.479066305898
DE,2040,11,144,35,-14025.318714386249
DE,2040,11,145,35,-12102.152048162721
DE,2040,11,146,35,-12558.404449402085
DE,2040,11,147,35,-12962.171301467166
DE,2040,11,148,35,-14077.507484531678
DE,2040,11,149,35,-15059.48895148836
DE,2040,11,150,35,-14068.610471202854
DE,2040,11,151,35,-12993.268059527643
DE,2040,11,152,35,-11260.680120226229
DE,2040,11,153,35,-11344.627320203563
DE,2040,11,154,35,-8203.173309250462
DE,2040,11,155,35,-1932.6309354907755
DE,2040,11,156,35,-531.7828611297616
DE,2040,11,157,35,-5613.767511176324
DE,2040,11,158,35,-7572.058519871363
DE,2040,11,159,35,-8846.271675126623
DE,2040,11,160,35,-9734.953573077462
DE,2040,11,161,35,-9487.111074379709
DE,2040,11,162,35,-10987.060314658667
DE,2040,11,163,35,-12493.867317443555
DE,2040,11,164,35,-11141.240614657325
DE,2040,11,165,35,-8794.299404003395
DE,2040,11,166,35,-4341.739904022965
DE,2040,11,167,35,-5115.479921482817
DE,2040,21,0,35,-12510.042043298483
DE,2040,21,1,35,-8940.76135328363
DE,2040,21,2,35,-8921.361959965407
DE,2040,21,3,35,-8903.85248300777
DE,2040,21,4,35,-9026.36573343269
DE,2040,21,5,35,-8709.310996801272
DE,2040,21,6,35,-8031.454817459088
DE,2040,21,7,35,-7986.967918527476
DE,2040,21,8,35,-8977.596800747258
DE,2040,21,9,35,-9745.57717168531
DE,2040,21,10,35,-9167.514942995487
DE,2040,21,11,35,-9709.952715783604
DE,2040,21,12,35,-7841.896732365865
DE,2040,21,13,35,-7259.400612495159
DE,2040,21,14,35,-6532.169178588127
DE,2040,21,15,35,-9223.570793690262
DE,2040,21,16,35,-12843.489432914308
DE,2040,21,17,35,-14138.230703334313
DE,2040,21,18,35,-14581.707159857382
DE,2040,21,19,35,-14681.195489864986
DE,2040,21,20,35,-15059.48895148836
DE,2040,21,21,35,-15059.48895148836
DE,2040,21,22,35,-15059.48895148836
DE,2040,21,23,35,-15059.48895148836
DE,2040,21,24,35,-15059.48895148836
DE,2040,21,25,35,-15059.48895148836
DE,2040,21,26,35,-14635.242772507609
DE,2040,21,27,35,-14154.86641653138
DE,2040,21,28,35,-13628.729629821728
DE,2040,21,29,35,-12563.86549621528
DE,2040,21,30,35,-11190.138072319773
DE,2040,21,31,35,-10164.385970996938
DE,2040,21,32,35,-10541.813166607082
DE,2040,21,33,35,-10931.099621905982
DE,2040,21,34,35,-7990.232843558846
DE,2040,21,35,35,-4176.798042184993
DE,2040,21,36,35,-1168.0424687737614
DE,2040,21,37,35,-272.5772582969148
DE,2040,21,38,35,85.66838024194658
DE,2040,21,39,35,-1721.7664971689483
DE,2040,21,40,35,-4634.561763314854
DE,2040,21,41,35,-9412.988527742296
DE,2040,21,42,35,-13468.636654628037
DE,2040,21,43,35,-13404.116314655774
DE,2040,21,44,35,-11509.571024722663
DE,2040,21,45,35,-11321.628229430771
DE,2040,21,46,35,-11423.792618143334
DE,2040,21,47,35,-11304.276670525942
DE,2040,21,48,35,-11059.551819187333
DE,2040,21,49,35,-10734.59119481369
DE,2040,21,50,35,-10363.228535151826
DE,2040,21,51,35,-9810.123149187617
DE,2040,21,52,35,-9758.558142376298
DE,2040,21,53,35,-9370.966789442162
DE,2040,21,54,35,-8276.992848453916
DE,2040,21,55,35,-5498.1070852147495
DE,2040,21,56,35,3137.2360202563136
DE,2040,21,57,35,2507.8758771732155
DE,2040,21,58,35,1584.311074776656
DE,2040,21,59,35,1234.5361766929273
DE,2040,21,60,35,5755.667333212686
DE,2040,21,61,35,2299.790432298625
DE,2040,21,62,35,-1420.8450611081805
DE,2040,21,63,35,-1900.1039671478306
DE,2040,21,64,35,-2786.3983684016266
DE,2040,21,65,35,-2933.837378059911
DE,2040,21,66,35,-3753.6849885024294
DE,2040,21,67,35,-7898.619194625109
DE,2040,21,68,35,-5711.976424007618
DE,2040,21,69,35,-2637.7150210882537
DE,2040,21,70,35,-1936.0143932934297
DE,2040,21,71,35,-1462.452441961279
DE,2040,21,72,35,-2328.520263451135
DE,2040,21,73,35,-3360.8783821739817
DE,2040,21,74,35,-4587.372155990743
DE,2040,21,75,35,-5464.836239602226
DE,2040,21,76,35,-8164.8682285021005
DE,2040,21,77,35,-11817.191603116607
DE,2040,21,78,35,-13263.951846676191
DE,2040,21,79,35,-4729.028269189306
DE,2040,21,80,35,2632.5067521600545
DE,2040,21,81,35,1856.9664358216542
DE,2040,21,82,35,1481.8033249593436
DE,2040,21,83,35,1960.9724260614075
DE,2040,21,84,35,5778.502596027639
DE,2040,21,85,35,4012.5487700278345
DE,2040,21,86,35,468.58691098730196
DE,2040,21,87,35,-1384.5989469213923
DE,2040,21,88,35,-2398.573318664284
DE,2040,21,89,35,-2509.6528588248493
DE,2040,21,90,35,-2675.8380967722815
DE,2040,21,91,35,-8887.109324634534
DE,2040,21,92,35,-8430.947616150657
DE,2040,21,93,35,-7074.158705346859
DE,2040,21,94,35,-10104.647702250595
DE,2040,21,95,35,-7725.336088341559
DE,2040,21,96,35,-7216.729497435796
DE,2040,21,97,35,-8340.350250356027
DE,2040,21,98,35,-9462.872634921843
DE,2040,21,99,35,-10598.333050475063
DE,2040,21,100,35,-11873.886722640886
DE,2040,21,101,35,-12735.613227304266
DE,2040,21,102,35,-13607.442281682672
DE,2040,21,103,35,-7803.294090334415
DE,2040,21,104,35,1881.0089043160197
DE,2040,21,105,35,1191.661652354331
DE,2040,21,106,35,1534.3578204913647
DE,2040,21,107,35,2153.665399685
DE,2040,21,108,35,5984.182677975343
DE,2040,21,109,35,4230.783379017408
DE,2040,21,110,35,2595.3448715341146
DE,2040,21,111,35,-1604.4482502200678
DE,2040,21,112,35,-2074.653646115291
DE,2040,21,113,35,-1826.0312958423945
DE,2040,21,114,35,-10413.700969738924
DE,2040,21,115,35,-13662.482501877315
DE,2040,21,116,35,-13208.953318801441
DE,2040,21,117,35,-13202.549168365416
DE,2040,21,118,35,-11684.439516278062
DE,2040,21,119,35,-11956.301872468604
DE,2040,21,120,35,-12210.809570555995
DE,2040,21,121,35,-12122.295705297132
DE,2040,21,122,35,-12272.244817576782
DE,2040,21,123,35,-11997.02432903236
DE,2040,21,124,35,-12560.88108899078
DE,2040,21,125,35,-11509.671357513427
DE,2040,21,126,35,-14491.792592143707
DE,2040,21,127,35,-4392.136519105514
DE,2040,21,128,35,907.0900463648217
DE,2040,21,129,35,519.6696181303969
DE,2040,21,130,35,1721.9170472847036
DE,2040,21,131,35,2998.433609773949
DE,2040,21,132,35,4709.07418323316
DE,2040,21,133,35,1114.593820797968
DE,2040,21,134,35,1294.0924049576154
DE,2040,21,135,35,1239.8401407444726
DE,2040,21,136,35,-2957.5777101692593
DE,2040,21,137,35,-2418.1131114768577
DE,2040,21,138,35,-11638.026788809975
DE,2040,21,139,35,-13038.334076194327
DE,2040,21,140,35,-12580.318308149388
DE,2040,21,141,35,-12498.170410621506
DE,2040,21,142,35,-12767.987686723414
DE,2040,21,143,35,-13658.227358087086
DE,2040,21,144,35,-12831.401650494423
DE,2040,21,145,35,-13161.174022677069
DE,2040,21,146,35,-15059.48895148836
DE,2040,21,147,35,-13096.349967224216
DE,2040,21,148,35,-13335.29079203916
DE,2040,21,149,35,-13568.589353898167
DE,2040,21,150,35,-13367.192567846243
DE,2040,21,151,35,-10072.138993178572
DE,2040,21,152,35,-2208.626641370232
DE,2040,21,153,35,344.67551635313066
DE,2040,21,154,35,1703.6820245565798
DE,2040,21,155,35,5149.781282029479
DE,2040,21,156,35,2747.218998213444
DE,2040,21,157,35,989.2534356275332
DE,2040,21,158,35,1129.1479551257664
DE,2040,21,159,35,-4698.656888050085
DE,2040,21,160,35,-7376.802605905512
DE,2040,21,161,35,-7409.374060814986
DE,2040,21,162,35,-15059.48895148836
DE,2040,21,163,35,-15059.48895148836
DE,2040,21,164,35,-15059.48895148836
DE,2040,21,165,35,-15059.48895148836
DE,2040,21,166,35,-15059.48895148836
DE,2040,21,167,35,-15059.48895148836
DE,2040,42,0,35,-11124.95510002151
DE,2040,42,1,35,-7491.700061096153
DE,2040,42,2,35,-7360.130728052733
DE,2040,42,3,35,-7224.502966632932
DE,2040,42,4,35,-6908.0799224063285
DE,2040,42,5,35,-6165.2827813922695
DE,2040,42,6,35,-5550.161578410649
DE,2040,42,7,35,-4793.0431353207
DE,2040,42,8,35,-5189.046323177248
DE,2040,42,9,35,-5686.4856880999205
DE,2040,42,10,35,-2070.8022596449446
DE,2040,42,11,35,-5644.5706942079405
DE,2040,42,12,35,1612.4337843041067
DE,2040,42,13,35,-1221.4321294471047
DE,2040,42,14,35,-6560.802638306839
DE,2040,42,15,35,-5915.801812881257
DE,2040,42,16,35,-5620.93350266838
DE,2040,42,17,35,-4955.937527530797
DE,2040,42,18,35,-4215.7785905070095
DE,2040,42,19,35,-4652.165275117238
DE,2040,42,20,35,-5242.095565848231
DE,2040,42,21,35,-5992.9675944637775
DE,2040,42,22,35,-6747.460889449103
DE,2040,42,23,35,-7258.26909904414
DE,2040,42,24,35,-7708.229199064868
DE,2040,42,25,35,-8008.9345714270685
DE,2040,42,26,35,-8309.982692131394
DE,2040,42,27,35,-8460.262913612414
DE,2040,42,28,35,-8411.51752335574
DE,2040,42,29,35,-7982.922653375887
DE,2040,42,30,35,-7325.03200892171
DE,2040,42,31,35,-6217.635855754716
DE,2040,42,32,35,-6293.630841935069
DE,2040,42,33,35,-373.64211606936806
DE,2040,42,34,35,3486.4822411773202
DE,2040,42,35,35,3977.252733685692
DE,2040,42,36,35,6296.844325656526
DE,2040,42,37,35,5283.211815968158
DE,2040,42,38,35,6866.310422035801
DE,2040,42,39,35,4541.535188793037
DE,2040,42,40,35,-5828.340703141268
DE,2040,42,41,35,-5695.662413154253
DE,2040,42,42,35,-5014.710231893997
DE,2040,42,43,35,-9172.016618829219
DE,2040,42,44,35,-6324.741655873856
DE,2040,42,45,35,-7275.83063354787
DE,2040,42,46,35,-7842.76723681703
DE,2040,42,47,35,-5723.169032587797
DE,2040,42,48,35,-4900.412351801209
DE,2040,42,49,35,-4882.627168886054
DE,2040,42,50,35,-5368.416012877318
DE,2040,42,51,35,-6079.649100414439
DE,2040,42,52,35,-8093.713013180788
DE,2040,42,53,35,-8778.509980652489
DE,2040,42,54,35,-6743.579113593628
DE,2040,42,55,35,-6097.0326764385645
DE,2040,42,56,35,-4087.7044956421632
DE,2040,42,57,35,3090.1167865733114
DE,2040,42,58,35,4998.245512805537
DE,2040,42,59,35,3907.2322354446574
DE,2040,42,60,35,7719.096584494642
DE,2040,42,61,35,5462.717137405504
DE,2040,42,62,35,753.1341540625872
DE,2040,42,63,35,-6437.583365113551
DE,2040,42,64,35,-5973.1152832439675
DE,2040,42,65,35,-4949.465968944314
DE,2040,42,66,35,-4222.149895000815
DE,2040,42,67,35,-5139.059929071922
DE,2040,42,68,35,-6191.448225589679
DE,2040,42,69,35,-7155.806570395035
DE,2040,42,70,35,-7903.528062340353
DE,2040,42,71,35,-8724.688418684143
DE,2040,42,72,35,-8744.425111830229
DE,2040,42,73,35,-8619.82982563127
DE,2040,42,74,35,-8374.945447870005
DE,2040,42,75,35,-8016.260620454144
DE,2040,42,76,35,-7419.018840475987
DE,2040,42,77,35,-6555.935515189063
DE,2040,42,78,35,-5654.624279717349
DE,2040,42,79,35,-4667.902711836786
DE,2040,42,80,35,-5375.984674700171
DE,2040,42,81,35,-5867.667398224162
DE,2040,42,82,35,-3925.7745222184967
DE,2040,42,83,35,460.59379592948244
DE,2040,42,84,35,2686.464743822624
DE,2040,42,85,35,-1163.1321889926367
DE,2040,42,86,35,-5932.8291447796855
DE,2040,42,87,35,-5391.973823496567
DE,2040,42,88,35,-4869.96511197798
DE,2040,42,89,35,-3915.361568688774
DE,2040,42,90,35,-6578.751964685254
DE,2040,42,91,35,-4695.034618136297
DE,2040,42,92,35,-4017.356989810652
DE,2040,42,93,35,-4721.175980280263
DE,2040,42,94,35,-5358.955708508944
DE,2040,42,95,35,-5874.820014662382
DE,2040,42,96,35,-6290.8228197994285
DE,2040,42,97,35,-6746.471251144821
DE,2040,42,98,35,-7450.7716044493245
DE,2040,42,99,35,-7849.863930051623
DE,2040,42,100,35,-7952.918788751726
DE,2040,42,101,35,-7766.099069262971
DE,2040,42,102,35,-7517.809671870612
DE,2040,42,103,35,-6858.5942483006775
DE,2040,42,104,35,-3452.665178096042
DE,2040,42,105,35,2102.6036804677383
DE,2040,42,106,35,4377.47263893046
DE,2040,42,107,35,-266.8644411578818
DE,2040,42,108,35,917.596215621481
DE,2040,42,109,35,-196.47756754735113
DE,2040,42,110,35,-1053.084887003424
DE,2040,42,111,35,-1139.673137069762
DE,2040,42,112,35,-4636.191100827798
DE,2040,42,113,35,-12140.519113460557
DE,2040,42,114,35,-14562.411984628085
DE,2040,42,115,35,-12274.879920012276
DE,2040,42,116,35,-14305.90154507271
DE,2040,42,117,35,-15059.48895148836
DE,2040,42,118,35,-13971.422845552523
DE,2040,42,119,35,-11966.62674005359
DE,2040,42,120,35,-9292.621769105215
DE,2040,42,121,35,-5523.800545170479
DE,2040,42,122,35,-2985.2381301662044
DE,2040,42,123,35,-1973.0608650949525
DE,2040,42,124,35,-2359.3482161425454
DE,2040,42,125,35,-5447.671970292338
DE,2040,42,126,35,-7155.766012621298
DE,2040,42,127,35,-7759.901964353347
DE,2040,42,128,35,-728.4283412086916
DE,2040,42,129,35,1343.027152611501
DE,2040,42,130,35,3253.1169507540653
DE,2040,42,131,35,594.1315204159376
DE,2040,42,132,35,-28.88637711107317
DE,2040,42,133,35,110.06856063128178
DE,2040,42,134,35,2529.2984115827458
DE,2040,42,135,35,2722.903153230143
DE,2040,42,136,35,-1462.3768477389976
DE,2040,42,137,35,-8882.988214089472
DE,2040,42,138,35,-9660.404642204277
DE,2040,42,139,35,-7903.260600670451
DE,2040,42,140,35,-10785.1399761198
DE,2040,42,141,35,-8461.366013154393
DE,2040,42,142,35,-8818.513909145002
DE,2040,42,143,35,-9001.658855181331
DE,2040,42,144,35,-8960.550705974194
DE,2040,42,145,35,-8582.480994648937
DE,2040,42,146,35,-8660.18446380334
DE,2040,42,147,35,-9189.674169927417
DE,2040,42,148,35,-9136.851987752183
DE,2040,42,149,35,-9008.914690233296
DE,2040,42,150,35,-9189.067214222609
DE,2040,42,151,35,-8903.011894823958
DE,2040,42,152,35,-724.3992663597292
DE,2040,42,153,35,2209.4603934950655
DE,2040,42,154,35,1765.6250030987599
DE,2040,42,155,35,1218.5175722353965
DE,2040,42,156,35,2374.6990015488554
DE,2040,42,157,35,1671.049948870099
DE,2040,42,158,35,1195.1812117846523
DE,2040,42,159,35,1288.856166067293
DE,2040,42,160,35,-4408.716769385416
DE,2040,42,161,35,-12244.822828097302
DE,2040,42,162,35,-8152.507254601118
DE,2040,42,163,35,-10294.491374910378
DE,2040,42,164,35,-8777.249186723087
DE,2040,42,165,35,-9520.09648704388
DE,2040,42,166,35,-10660.654419045562
DE,2040,42,167,35,-11003.877932524127
DE,2040,52,0,35,-11135.414600822032
DE,2040,52,1,35,-8275.259581524784
DE,2040,52,2,35,-8567.09793301314
DE,2040,52,3,35,-8652.445349915424
DE,2040,52,4,35,-8737.645972409127
DE,2040,52,5,35,-8806.342879065603
DE,2040,52,6,35,-8682.93986300042
DE,2040,52,7,35,-8330.697505896767
DE,2040,52,8,35,-7555.829070095485
DE,2040,52,9,35,1067.0120330524078
DE,2040,52,10,35,2852.605532630604
DE,2040,52,11,35,6182.988129863376
DE,2040,52,12,35,1635.143379553315
DE,2040,52,13,35,1160.1976539358284
DE,2040,52,14,35,839.9461596809209
DE,2040,52,15,35,2328.7522383435917
DE,2040,52,16,35,-4921.48569723336
DE,2040,52,17,35,-9699.313444484193
DE,2040,52,18,35,-7820.353497112355
DE,2040,52,19,35,-5067.904799668162
DE,2040,52,20,35,-2088.1103819861746
DE,2040,52,21,35,-1270.8134165653885
DE,2040,52,22,35,-2531.2438078273344
DE,2040,52,23,35,-3775.5203566764
DE,2040,52,24,35,-5256.033709118376
DE,2040,52,25,35,-6615.965856921249
DE,2040,52,26,35,-7819.047081242071
DE,2040,52,27,35,-8416.462282613784
DE,2040,52,28,35,-8963.430179096891
DE,2040,52,29,35,-9913.910022372786
DE,2040,52,30,35,-11026.828622976876
DE,2040,52,31,35,-11868.555813206802
DE,2040,52,32,35,-12022.3779739129
DE,2040,52,33,35,-12203.273662451813
DE,2040,52,34,35,-12395.793470648567
DE,2040,52,35,35,-12736.412335874675
DE,2040,52,36,35,-13550.24304811178
DE,2040,52,37,35,-14365.42836570087
DE,2040,52,38,35,-15059.48895148836
DE,2040,52,39,35,-15059.48895148836
DE,2040,52,40,35,-15059.48895148836
DE,2040,52,41,35,-15059.48895148836
DE,2040,52,42,35,-15059.48895148836
DE,2040,52,43,35,-15059.48895148836
DE,2040,52,44,35,-15059.48895148836
DE,2040,52,45,35,-15059.48895148836
DE,2040,52,46,35,-15059.48895148836
DE,2040,52,47,35,-15059.48895148836
DE,2040,52,48,35,-15059.48895148836
DE,2040,52,49,35,-15059.48895148836
DE,2040,52,50,35,-15059.48895148836
DE,2040,52,51,35,-15059.48895148836
DE,2040,52,52,35,-15059.48895148836
DE,2040,52,53,35,-15059.48895148836
DE,2040,52,54,35,-15059.48895148836
DE,2040,52,55,35,-15059.48895148836
DE,2040,52,56,35,-15059.48895148836
DE,2040,52,57,35,-15059.48895148836
DE,2040,52,58,35,-15059.48895148836
DE,2040,52,59,35,-15059.48895148836
DE,2040,52,60,35,-15059.48895148836
DE,2040,52,61,35,-15059.48895148836
DE,2040,52,62,35,-15059.48895148836
DE,2040,52,63,35,-15059.48895148836
DE,2040,52,64,35,-15059.48895148836
DE,2040,52,65,35,-15059.48895148836
DE,2040,52,66,35,-14100.4707355737
DE,2040,52,67,35,-13030.83757478912
DE,2040,52,68,35,-12608.928348045174
DE,2040,52,69,35,-12627.425011672482
DE,2040,52,70,35,-11013.626492284533
DE,2040,52,71,35,-11939.366436716477
DE,2040,52,72,35,-12331.822803830886
DE,2040,52,73,35,-12998.791681494842
DE,2040,52,74,35,-12581.193628012557
DE,2040,52,75,35,-11814.966803115043
DE,2040,52,76,35,-11021.7971451448
DE,2040,52,77,35,-9735.008607139776
DE,2040,52,78,35,-8022.100987387811
DE,2040,52,79,35,-6212.109566458999
DE,2040,52,80,35,-4312.674344717677
DE,2040,52,81,35,-4500.555338264298
DE,2040,52,82,35,-3573.788720013989
DE,2040,52,83,35,-3136.146415785286
DE,2040,52,84,35,-3199.460192229374
DE,2040,52,85,35,-3490.7563516251535
DE,2040,52,86,35,-3136.754889758306
DE,2040,52,87,35,-3268.784343502021
DE,2040,52,88,35,-3110.554138803412
DE,2040,52,89,35,-2548.971500211567
DE,2040,52,90,35,-2692.552939805521
DE,2040,52,91,35,-2877.684069408404
DE,2040,52,92,35,-3519.888701595486
DE,2040,52,93,35,-4380.546427736963
DE,2040,52,94,35,-5412.129399443271
DE,2040,52,95,35,-6791.04303735306
DE,2040,52,96,35,-8283.949440334463
DE,2040,52,97,35,-9500.96604137811
DE,2040,52,98,35,-10204.097647283077
DE,2040,52,99,35,-10666.833155055596
DE,2040,52,100,35,-11020.256082786747
DE,2040,52,101,35,-11256.706070306713
DE,2040,52,102,35,-10866.040165711509
DE,2040,52,103,35,-10214.062386391663
DE,2040,52,104,35,-9156.05760259608
DE,2040,52,105,35,-8841.214589746245
DE,2040,52,106,35,-7601.409099092323
DE,2040,52,107,35,-9451.31899914852
DE,2040,52,108,35,-11042.115754916034
DE,2040,52,109,35,-12435.39929317752
DE,2040,52,110,35,-12878.589357481342
DE,2040,52,111,35,-13246.778845511668
DE,2040,52,112,35,-12795.04678173482
DE,2040,52,113,35,-11608.496106631883
DE,2040,52,114,35,-11068.693968005031
DE,2040,52,115,35,-10606.453054659962
DE,2040,52,116,35,-10322.082656407592
DE,2040,52,117,35,-10859.761816330434
DE,2040,52,118,35,-10941.190360227776
DE,2040,52,119,35,-13317.405437295116
DE,2040,52,120,35,-14626.14111906634
DE,2040,52,121,35,-15059.48895148836
DE,2040,52,122,35,-15059.48895148836
DE,2040,52,123,35,-15059.48895148836
DE,2040,52,124,35,-15059.48895148836
DE,2040,52,125,35,-14670.642787346482
DE,2040,52,126,35,-13605.016834794773
DE,2040,52,127,35,-12219.773145244888
DE,2040,52,128,35,-10139.027696013285
DE,2040,52,129,35,-9917.989140500818
DE,2040,52,130,35,-7457.23686945064
DE,2040,52,131,35,-1444.3301425540558
DE,2040,52,132,35,-75.64950806184113
DE,2040,52,133,35,-2069.9469042053242
DE,2040,52,134,35,-7445.637403260309
DE,2040,52,135,35,-9811.632566063476
DE,2040,52,136,35,-8742.183569708783
DE,2040,52,137,35,-5775.424743615444
DE,2040,52,138,35,-6012.555710360437
DE,2040,52,139,35,-8169.75118591233
DE,2040,52,140,35,-8993.251509522092
DE,2040,52,141,35,-8152.358149352662
DE,2040,52,142,35,-7377.6253162254
DE,2040,52,143,35,-4724.643615273451
DE,2040,52,144,35,-3429.39298599599
DE,2040,52,145,35,-2782.984913211938
DE,2040,52,146,35,-2081.1264173740346
DE,2040,52,147,35,-2779.971947045751
DE,2040,52,148,35,-4465.703768506153
DE,2040,52,149,35,-6776.004198145474
DE,2040,52,150,35,-10361.801681978754
DE,2040,52,151,35,-12532.13753783301
DE,2040,52,152,35,-11004.995825352493
DE,2040,52,153,35,-4305.193985134748
DE,2040,52,154,35,-3401.086038048847
DE,2040,52,155,35,-358.038999156066
DE,2040,52,156,35,-3845.6953113247177
DE,2040,52,157,35,-2505.1957313437924
DE,2040,52,158,35,-3636.2684037825343
DE,2040,52,159,35,-3375.720547323059
DE,2040,52,160,35,-11615.653218151787
DE,2040,52,161,35,-11868.090340257586
DE,2040,52,162,35,-15059.48895148836
DE,2040,52,163,35,-11521.294892545106
DE,2040,52,164,35,-13206.826643461469
DE,2040,52,165,35,-12149.037811960614
DE,2040,52,166,35,-13061.327201068221
DE,2040,52,167,35,-14089.518056867608
GA,2050,11,0,35,-15059.48895148836
GA,2050,11,1,35,-12725.21052664104
GA,2050,11,2,35,-12320.75526328796
GA,2050,11,3,35,-12664.774107003164
GA,2050,11,4,35,-12420.212360040105
GA,2050,11,5,35,-11762.138971272992
GA,2050,11,6,35,-9832.281409831461
GA,2050,11,7,35,-9122.679669957968
GA,2050,11,8,35,-8469.991992486459
GA,2050,11,9,35,-8172.514603183362
GA,2050,11,10,35,-8685.96306603824
GA,2050,11,11,35,-9002.056790788822
GA,2050,11,12,35,-11891.540179854746
GA,2050,11,13,35,-8965.472697256835
GA,2050,11,14,35,-12851.930655585518
GA,2050,11,15,35,-15059.48895148836
GA,2050,11,16,35,-15059.48895148836
GA,2050,11,17,35,-14311.206209424481
GA,2050,11,18,35,-12219.180119778553
GA,2050,11,19,35,-9320.455278913154
GA,2050,11,20,35,-7906.157838920849
GA,2050,11,21,35,-6872.4301161146595
GA,2050,11,22,35,-8011.782166719721
GA,2050,11,23,35,-8303.394262406926
GA,2050,11,24,35,-6933.737684992931
GA,2050,11,25,35,-5223.761263295323
GA,2050,11,26,35,-4487.13069200035
GA,2050,11,27,35,6299.40710294615
GA,2050,11,28,35,-5286.553674625714
GA,2050,11,29,35,-5604.462899582509
GA,2050,11,30,35,-5493.934134857615
GA,2050,11,31,35,-8095.2826426044585
GA,2050,11,32,35,-5957.1495618661975
GA,2050,11,33,35,-6502.387806543494
GA,2050,11,34,35,-7079.074757735756
GA,2050,11,35,35,-7390.083038663703
GA,2050,11,36,35,-7570.7797788215885
GA,2050,11,37,35,-6298.728870378152
GA,2050,11,38,35,-6355.498571298427
GA,2050,11,39,35,-6170.803252923111
GA,2050,11,40,35,-8478.58924399629
GA,2050,11,41,35,-14416.093710846964
GA,2050,11,42,35,-15059.48895148836
GA,2050,11,43,35,-15059.48895148836
GA,2050,11,44,35,-15059.48895148836
GA,2050,11,45,35,-15059.48895148836
GA,2050,11,46,35,-12030.367560253755
GA,2050,11,47,35,-8840.315104125993
GA,2050,11,48,35,-10070.502734101145
GA,2050,11,49,35,-11291.477268735727
GA,2050,11,50,35,-11663.355364442878
GA,2050,11,51,35,-11508.45914157167
GA,2050,11,52,35,-11355.79560484903
GA,2050,11,53,35,-11568.953438402066
GA,2050,11,54,35,-11383.83357955503
GA,2050,11,55,35,-9918.459613154397
GA,2050,11,56,35,-9253.136107399936
GA,2050,11,57,35,-10832.57777969741
GA,2050,11,58,35,-12100.586747124693
GA,2050,11,59,35,-11629.956689749331
GA,2050,11,60,35,-11093.676980181102
GA,2050,11,61,35,-9366.155351700938
GA,2050,11,62,35,-11750.051046688468
GA,2050,11,63,35,-10737.93575507366
GA,2050,11,64,35,-10138.106902961861
GA,2050,11,65,35,-9197.182320831726
GA,2050,11,66,35,-7384.638714442965
GA,2050,11,67,35,-7110.515858431886
GA,2050,11,68,35,-7313.242265792666
GA,2050,11,69,35,-7198.749019357417
GA,2050,11,70,35,-6759.379388554432
GA,2050,11,71,35,-6918.203920939992
GA,2050,11,72,35,-6954.283573335405
GA,2050,11,73,35,-6950.783882193201
GA,2050,11,74,35,-6815.757293495376
GA,2050,11,75,35,-6682.8049148136015
GA,2050,11,76,35,-6787.46985191385
GA,2050,11,77,35,-6394.754837509199
GA,2050,11,78,35,-5559.053064711353
GA,2050,11,79,35,-5003.995317145193
GA,2050,11,80,35,-3095.50106358824
GA,2050,11,81,35,-3460.8378774920666
GA,2050,11,82,35,-3827.253825929075
GA,2050,11,83,35,-1958.1517509966652
GA,2050,11,84,35,-2198.4714896061923
GA,2050,11,85,35,-822.0839848432006
GA,2050,11,86,35,-4067.0273871745267
GA,2050,11,87,35,499.657153493311
GA,2050,11,88,35,-3719.3075579686333
GA,2050,11,89,35,-3078.7249560695795
GA,2050,11,90,35,-13125.63186407529
GA,2050,11,91,35,-15059.48895148836
GA,2050,11,92,35,-15059.48895148836
GA,2050,11,93,35,-15059.48895148836
GA,2050,11,94,35,-14374.03001394009
GA,2050,11,95,35,-12061.684729969109
GA,2050,11,96,35,-9550.621213301383
GA,2050,11,97,35,-8290.456441027714
GA,2050,11,98,35,-8486.140914429521
GA,2050,11,99,35,-8735.327049429648
GA,2050,11,100,35,-11270.082346625195
GA,2050,11,101,35,-15059.48895148836
GA,2050,11,102,35,-15059.48895148836
GA,2050,11,103,35,-15059.48895148836
GA,2050,11,104,35,-11371.027857480105
GA,2050,11,105,35,-2469.4044833341495
GA,2050,11,106,35,-3073.1661503802966
GA,2050,11,107,35,-2745.8052249456605
GA,2050,11,108,35,5107.3521577208885
GA,2050,11,109,35,1341.5705820588514
GA,2050,11,110,35,2089.4097771746747
GA,2050,11,111,35,-2794.6052096412773
GA,2050,11,112,35,-13459.498658657623
GA,2050,11,113,35,-15059.48895148836
GA,2050,11,114,35,-14119.968109937925
GA,2050,11,115,35,-15059.48895148836
GA,2050,11,116,35,-10983.357741089263
GA,2050,11,117,35,-15059.48895148836
GA,2050,11,118,35,-15059.48895148836
GA,2050,11,119,35,-13198.152883558212
GA,2050,11,120,35,-15059.48895148836
GA,2050,11,121,35,-14839.923819819054
GA,2050,11,122,35,-14753.499266463814
GA,2050,11,123,35,-12451.559888585956
GA,2050,11,124,35,-10220.657297228609
GA,2050,11,125,35,-10539.955275796492
GA,2050,11,126,35,-10764.710988595387
GA,2050,11,127,35,-10155.371561344353
GA,2050,11,128,35,-6079.961032696794
GA,2050,11,129,35,-1887.7831569484367
GA,2050,11,130,35,-4414.681833546711
GA,2050,11,131,35,-5727.648101074301
GA,2050,11,132,35,-6068.37772604877
GA,2050,11,133,35,-5793.272068086208
GA,2050,11,134,35,9059.048236268327
GA,2050,11,135,35,-5667.283076797862
GA,2050,11,136,35,-4878.082450950967
GA,2050,11,137,35,-10542.898693136856
GA,2050,11,138,35,-15059.48895148836
GA,2050,11,139,35,-15059.48895148836
GA,2050,11,140,35,-15059.48895148836
GA,2050,11,141,35,-15059.48895148836
GA,2050,11,142,35,-15059.48895148836
GA,2050,11,143,35,-15059.48895148836
GA,2050,11,144,35,-13757.308332478045
GA,2050,11,145,35,-10872.697458506556
GA,2050,11,146,35,-11387.698111742997
GA,2050,11,147,35,-11817.344769985222
GA,2050,11,148,35,-12922.907777299286
GA,2050,11,149,35,-14176.764477640507
GA,2050,11,150,35,-12901.99903958445
GA,2050,11,151,35,-11779.53790906772
GA,2050,11,152,35,-9912.036465412442
GA,2050,11,153,35,-9872.317502960996
GA,2050,11,154,35,-6665.344995356889
GA,2050,11,155,35,-3914.7770254126053
GA,2050,11,156,35,4519.148384630238
GA,2050,11,157,35,-5912.525879259838
GA,2050,11,158,35,-7865.637423010013
GA,2050,11,159,35,-9130.57307512227
GA,2050,11,160,35,-9979.620507721549
GA,2050,11,161,35,-9774.201417037975
GA,2050,11,162,35,-9420.676855974694
GA,2050,11,163,35,-10790.932391989443
GA,2050,11,164,35,-9418.759337702328
GA,2050,11,165,35,-7124.560516852456
GA,2050,11,166,35,-4677.20986429811
GA,2050,11,167,35,-5419.53158890559
GA,2050,21,0,35,-15059.48895148836
GA,2050,21,1,35,-9171.219084731554
GA,2050,21,2,35,-9149.770672314262
GA,2050,21,3,35,-9129.927590271574
GA,2050,21,4,35,-9250.505655991821
GA,2050,21,5,35,-8951.436753674443
GA,2050,21,6,35,-8314.44712191922
GA,2050,21,7,35,-8308.60699988391
GA,2050,21,8,35,-9315.62803489624
GA,2050,21,9,35,-9115.65406448541
GA,2050,21,10,35,-9269.619502732461
GA,2050,21,11,35,-8554.52852417032
GA,2050,21,12,35,-6206.009068484618
GA,2050,21,13,35,-5652.77787711802
GA,2050,21,14,35,-4941.0524874183975
GA,2050,21,15,35,-7643.97443818166
GA,2050,21,16,35,-13173.381507864211
GA,2050,21,17,35,-14465.675338804776
GA,2050,21,18,35,-14917.689374907293
GA,2050,21,19,35,-15025.82911888874
GA,2050,21,20,35,-15059.48895148836
GA,2050,21,21,35,-15059.48895148836
GA,2050,21,22,35,-15059.48895148836
GA,2050,21,23,35,-15059.48895148836
GA,2050,21,24,35,-15059.48895148836
GA,2050,21,25,35,-15059.48895148836
GA,2050,21,26,35,-14880.271306437791
GA,2050,21,27,35,-14396.195332643803
GA,2050,21,28,35,-13867.041934482746
GA,2050,21,29,35,-12813.959660695935
GA,2050,21,30,35,-11479.675854457482
GA,2050,21,31,35,-10494.619549130019
GA,2050,21,32,35,-10882.576426221483
GA,2050,21,33,35,-9598.956612347556
GA,2050,21,34,35,-6225.655932505575
GA,2050,21,35,35,-2430.784705182843
GA,2050,21,36,35,510.1592241945982
GA,2050,21,37,35,1365.8219479559557
GA,2050,21,38,35,1709.435122242765
GA,2050,21,39,35,-109.08330085159105
GA,2050,21,40,35,-3044.7554420781507
GA,2050,21,41,35,-7825.147761405115
GA,2050,21,42,35,-14527.288062762687
GA,2050,21,43,35,-15059.48895148836
GA,2050,21,44,35,-12001.788480135167
GA,2050,21,45,35,-11649.755871267591
GA,2050,21,46,35,-11718.16836204273
GA,2050,21,47,35,-11159.22529719298
GA,2050,21,48,35,-10087.648865333498
GA,2050,21,49,35,-9659.723305643094
GA,2050,21,50,35,-9304.941206000414
GA,2050,21,51,35,-8635.425241125035
GA,2050,21,52,35,-9690.89601796107
GA,2050,21,53,35,-9621.231705514405
GA,2050,21,54,35,-12272.568706817967
GA,2050,21,55,35,-3820.615175960116
GA,2050,21,56,35,2798.806365726961
GA,2050,21,57,35,2162.1039042055377
GA,2050,21,58,35,1234.0426432304675
GA,2050,21,59,35,2997.6389215715535
GA,2050,21,60,35,8355.947739723895
GA,2050,21,61,35,3950.8019491568157
GA,2050,21,62,35,-397.56388685697675
GA,2050,21,63,35,-2242.0624879033558
GA,2050,21,64,35,-3116.6888637319053
GA,2050,21,65,35,-3262.9326122490675
GA,2050,21,66,35,-2797.633466112602
GA,2050,21,67,35,-6224.676203939063
GA,2050,21,68,35,-4080.183666167053
GA,2050,21,69,35,-1156.7240030394241
GA,2050,21,70,35,-563.0196972243466
GA,2050,21,71,35,-185.00555350825016
GA,2050,21,72,35,-1105.8905171961142
GA,2050,21,73,35,-2167.240570687034
GA,2050,21,74,35,-3395.5361031616994
GA,2050,21,75,35,-4257.93093254345
GA,2050,21,76,35,-6875.136621927008
GA,2050,21,77,35,-10394.40284959276
GA,2050,21,78,35,-14349.73988094082
GA,2050,21,79,35,-3060.381356982549
GA,2050,21,80,35,2290.6620657989233
GA,2050,21,81,35,1510.1699533044396
GA,2050,21,82,35,1245.864747656633
GA,2050,21,83,35,5377.273914976322
GA,2050,21,84,35,7768.732500898637
GA,2050,21,85,35,6431.994303230407
GA,2050,21,86,35,2095.9571703039255
GA,2050,21,87,35,-1734.0705377068325
GA,2050,21,88,35,-2733.3033553758764
GA,2050,21,89,35,-2843.813723564479
GA,2050,21,90,35,-2353.765481111071
GA,2050,21,91,35,-7235.71561654588
GA,2050,21,92,35,-6818.482814822139
GA,2050,21,93,35,-5605.998392892192
GA,2050,21,94,35,-8740.661799471023
GA,2050,21,95,35,-6457.498579397343
GA,2050,21,96,35,-6002.125767020525
GA,2050,21,97,35,-7149.278579987909
GA,2050,21,98,35,-8272.29235327861
GA,2050,21,99,35,-9389.352991022344
GA,2050,21,100,35,-12049.841416776433
GA,2050,21,101,35,-15059.48895148836
GA,2050,21,102,35,-15059.48895148836
GA,2050,21,103,35,-6141.472021528813
GA,2050,21,104,35,1539.2211351520823
GA,2050,21,105,35,842.8730679352466
GA,2050,21,106,35,3277.3682263970186
GA,2050,21,107,35,5736.076121260067
GA,2050,21,108,35,9495.597249533002
GA,2050,21,109,35,8207.136565119174
GA,2050,21,110,35,2486.1640220393465
GA,2050,21,111,35,-1947.7158665111099
GA,2050,21,112,35,-2405.9686509951034
GA,2050,21,113,35,-2156.549459961457
GA,2050,21,114,35,-8885.04524537649
GA,2050,21,115,35,-15059.48895148836
GA,2050,21,116,35,-15059.48895148836
GA,2050,21,117,35,-13998.121595038674
GA,2050,21,118,35,-13572.43546169082
GA,2050,21,119,35,-11935.482870528753
GA,2050,21,120,35,-11010.947501887202
GA,2050,21,121,35,-10956.940044864536
GA,2050,21,122,35,-11423.712013997068
GA,2050,21,123,35,-11756.432411943264
GA,2050,21,124,35,-11432.161187935537
GA,2050,21,125,35,-11635.354731910238
GA,2050,21,126,35,-13333.876424367003
GA,2050,21,127,35,-2998.7764903274056
GA,2050,21,128,35,625.8052578205791
GA,2050,21,129,35,370.12261021829545
GA,2050,21,130,35,1424.9231123142752
GA,2050,21,131,35,6343.320355930599
GA,2050,21,132,35,716.2782661600469
GA,2050,21,133,35,13690.654194546649
GA,2050,21,134,35,1013.433705582533
GA,2050,21,135,35,1507.4790992663036
GA,2050,21,136,35,-3232.089352247139
GA,2050,21,137,35,-2697.0073777388557
GA,2050,21,138,35,-10281.302519409224
GA,2050,21,139,35,-15059.48895148836
GA,2050,21,140,35,-15059.48895148836
GA,2050,21,141,35,-12791.97698254894
GA,2050,21,142,35,-15059.48895148836
GA,2050,21,143,35,-13524.32142879873
GA,2050,21,144,35,-15059.48895148836
GA,2050,21,145,35,-13388.330556687606
GA,2050,21,146,35,-15059.48895148836
GA,2050,21,147,35,-15059.48895148836
GA,2050,21,148,35,-13545.998256059958
GA,2050,21,149,35,-15059.48895148836
GA,2050,21,150,35,-15059.48895148836
GA,2050,21,151,35,-8881.285717799294
GA,2050,21,152,35,-2460.9974937387406
GA,2050,21,153,35,1677.9223244539353
GA,2050,21,154,35,1428.032038534774
GA,2050,21,155,35,5763.307556782601
GA,2050,21,156,35,7651.226913628125
GA,2050,21,157,35,5938.566528254683
GA,2050,21,158,35,2398.5270862170255
GA,2050,21,159,35,-3459.046931413013
GA,2050,21,160,35,-7633.66991685253
GA,2050,21,161,35,-7671.307002312477
GA,2050,21,162,35,-13930.129357738648
GA,2050,21,163,35,-15059.48895148836
GA,2050,21,164,35,-15059.48895148836
GA,2050,21,165,35,-15059.48895148836
GA,2050,21,166,35,-15059.48895148836
GA,2050,21,167,35,-15059.48895148836
GA,2050,42,0,35,-15059.48895148836
GA,2050,42,1,35,-7720.051856247812
GA,2050,42,2,35,-7589.3362811623365
GA,2050,42,3,35,-7453.9931057285185
GA,2050,42,4,35,-7145.310800320613
GA,2050,42,5,35,-6427.84181205892
GA,2050,42,6,35,-5835.4305707586345
GA,2050,42,7,35,-5120.0324332135915
GA,2050,42,8,35,-5532.712359848663
GA,2050,42,9,35,-6037.6647948012505
GA,2050,42,10,35,-375.2927638112815
GA,2050,42,11,35,-5993.302361429828
GA,2050,42,12,35,3245.919103308159
GA,2050,42,13,35,367.6644080758888
GA,2050,42,14,35,-5702.225346503383
GA,2050,42,15,35,-6276.486091514373
GA,2050,42,16,35,-5970.689679439803
GA,2050,42,17,35,-5312.239181979795
GA,2050,42,18,35,-4604.921467738288
GA,2050,42,19,35,-5022.639311668122
GA,2050,42,20,35,-5588.379793590677
GA,2050,42,21,35,-6314.492841425822
GA,2050,42,22,35,-7035.917244840082
GA,2050,42,23,35,-7530.44713603697
GA,2050,42,24,35,-7966.519439941794
GA,2050,42,25,35,-8262.04534735913
GA,2050,42,26,35,-8557.686334329805
GA,2050,42,27,35,-8708.194224599612
GA,2050,42,28,35,-8667.872579527992
GA,2050,42,29,35,-8260.052486524797
GA,2050,42,30,35,-7624.5303005687765
GA,2050,42,31,35,-6557.033102636408
GA,2050,42,32,35,-4920.533077298327
GA,2050,42,33,35,1331.9135492507885
GA,2050,42,34,35,4506.5626077467
GA,2050,42,35,35,6328.479342484442
GA,2050,42,36,35,7956.537043320983
GA,2050,42,37,35,15059.48895148836
GA,2050,42,38,35,4440.085292823229
GA,2050,42,39,35,4759.686182871238
GA,2050,42,40,35,-4224.993892596689
GA,2050,42,41,35,-6057.997290506064
GA,2050,42,42,35,-10472.664425915675
GA,2050,42,43,35,-12241.884319033814
GA,2050,42,44,35,-6675.6930937864
GA,2050,42,45,35,-7598.038886876271
GA,2050,42,46,35,-6887.367097179109
GA,2050,42,47,35,-4485.08784087258
GA,2050,42,48,35,-3704.8089854147292
GA,2050,42,49,35,-3706.897746483717
GA,2050,42,50,35,-4198.037267701478
GA,2050,42,51,35,-4888.140640068648
GA,2050,42,52,35,-7920.561130460686
GA,2050,42,53,35,-7700.812336498859
GA,2050,42,54,35,-10326.757853812283
GA,2050,42,55,35,-8556.042439748506
GA,2050,42,56,35,-2398.1462632542934
GA,2050,42,57,35,4806.046213863211
GA,2050,42,58,35,7148.922572822805
GA,2050,42,59,35,7053.307767359807
GA,2050,42,60,35,10272.138421655301
GA,2050,42,61,35,8124.484630759259
GA,2050,42,62,35,2397.211630025209
GA,2050,42,63,35,-6253.181860559693
GA,2050,42,64,35,-6324.920479114457
GA,2050,42,65,35,-5309.69490999986
GA,2050,42,66,35,-4614.8216384582665
GA,2050,42,67,35,-5510.160054791966
GA,2050,42,68,35,-6538.073956515303
GA,2050,42,69,35,-7479.7223396393265
GA,2050,42,70,35,-8197.106965479003
GA,2050,42,71,35,-8995.500442944262
GA,2050,42,72,35,-9004.821289003417
GA,2050,42,73,35,-8873.168270352115
GA,2050,42,74,35,-8620.884656955326
GA,2050,42,75,35,-8264.419600230125
GA,2050,42,76,35,-7674.804724676276
GA,2050,42,77,35,-6833.862189098722
GA,2050,42,78,35,-5955.14708091395
GA,2050,42,79,35,-5005.877028788568
GA,2050,42,80,35,-5724.204087147293
GA,2050,42,81,35,-6221.293944404935
GA,2050,42,82,35,-2198.706950497919
GA,2050,42,83,35,2187.0607814307587
GA,2050,42,84,35,4349.7609788028785
GA,2050,42,85,35,474.1750423160556
GA,2050,42,86,35,-6294.196429779158
GA,2050,42,87,35,-5751.690509777346
GA,2050,42,88,35,-5218.639862002672
GA,2050,42,89,35,-4178.376893618023
GA,2050,42,90,35,-4776.61111555207
GA,2050,42,91,35,-13034.728142409342
GA,2050,42,92,35,-4366.942414990485
GA,2050,42,93,35,-5039.912284579687
GA,2050,42,94,35,-5650.314840956935
GA,2050,42,95,35,-6146.7134656692315
GA,2050,42,96,35,-6548.145468324017
GA,2050,42,97,35,-6998.045262752579
GA,2050,42,98,35,-7698.418329450537
GA,2050,42,99,35,-8096.998400278069
GA,2050,42,100,35,-8205.744978697805
GA,2050,42,101,35,-8040.15537376328
GA,2050,42,102,35,-7821.064498532636
GA,2050,42,103,35,-13330.012531485832
GA,2050,42,104,35,-1777.739409960228
GA,2050,42,105,35,1747.781873145842
GA,2050,42,106,35,1279.4401182051945
GA,2050,42,107,35,551.6715289576314
GA,2050,42,108,35,12762.94688615435
GA,2050,42,109,35,1606.721887302243
GA,2050,42,110,35,-1416.8426942851427
GA,2050,42,111,35,-1499.10523736456
GA,2050,42,112,35,-3040.8703061229626
GA,2050,42,113,35,-15059.48895148836
GA,2050,42,114,35,-15059.48895148836
GA,2050,42,115,35,-15059.48895148836
GA,2050,42,116,35,-15059.48895148836
GA,2050,42,117,35,-15059.48895148836
GA,2050,42,118,35,-12630.641410336855
GA,2050,42,119,35,-10707.142839432378
GA,2050,42,120,35,-8095.325841555252
GA,2050,42,121,35,-4360.847229615085
GA,2050,42,122,35,-1840.3024011898415
GA,2050,42,123,35,-839.2086818020489
GA,2050,42,124,35,-1204.0933239436454
GA,2050,42,125,35,-4224.550835312433
GA,2050,42,126,35,-5877.390945465715
GA,2050,42,127,35,-6390.729180588904
GA,2050,42,128,35,738.749193796215
GA,2050,42,129,35,1050.9850137971532
GA,2050,42,130,35,2779.9212763953024
GA,2050,42,131,35,5313.918985153177
GA,2050,42,132,35,7652.636892873994
GA,2050,42,133,35,-182.08741257745848
GA,2050,42,134,35,3887.0054584332574
GA,2050,42,135,35,765.8372451737988
GA,2050,42,136,35,-115.1527603526456
GA,2050,42,137,35,-9187.43830189262
GA,2050,42,138,35,-15059.48895148836
GA,2050,42,139,35,-11505.258167971646
GA,2050,42,140,35,-9359.129896510614
GA,2050,42,141,35,-9856.902845344748
GA,2050,42,142,35,-8240.803866695573
GA,2050,42,143,35,-8039.332361358916
GA,2050,42,144,35,-7860.931937181445
GA,2050,42,145,35,-7515.2938816984315
GA,2050,42,146,35,-7614.400059758835
GA,2050,42,147,35,-8155.901490268927
GA,2050,42,148,35,-9355.755528169251
GA,2050,42,149,35,-9232.71310960925
GA,2050,42,150,35,-12116.627485528126
GA,2050,42,151,35,-10517.019849774755
GA,2050,42,152,35,525.6936497415027
GA,2050,42,153,35,1941.3803947003707
GA,2050,42,154,35,1610.7230797851516
GA,2050,42,155,35,3658.1504147744636
GA,2050,42,156,35,12336.173964040156
GA,2050,42,157,35,2929.714868283172
GA,2050,42,158,35,-37.28004341649035
GA,2050,42,159,35,192.43706202137636
GA,2050,42,160,35,-3201.866061073847
GA,2050,42,161,35,-10181.062048788484
GA,2050,42,162,35,-14456.68315102091
GA,2050,42,163,35,-14849.743866998193
GA,2050,42,164,35,-13012.409696257728
GA,2050,42,165,35,-9803.714880673173
GA,2050,42,166,35,-10923.384201303803
GA,2050,42,167,35,-9871.226921669826
GA,2050,52,0,35,-15059.48895148836
GA,2050,52,1,35,-8548.348293672754
GA,2050,52,2,35,-8826.526517833992
GA,2050,52,3,35,-8907.832813735338
GA,2050,52,4,35,-8990.699831143991
GA,2050,52,5,35,-9060.193578561217
GA,2050,52,6,35,-8951.076778992314
GA,2050,52,7,35,-8619.153861287747
GA,2050,52,8,35,-7890.729858398666
GA,2050,52,9,35,2886.8974750285743
GA,2050,52,10,35,9763.915254254562
GA,2050,52,11,35,2091.7254616406203
GA,2050,52,12,35,1255.5625914510185
GA,2050,52,13,35,4030.618863251275
GA,2050,52,14,35,8098.102225889204
GA,2050,52,15,35,293.04706586001896
GA,2050,52,16,35,-3234.0568159866475
GA,2050,52,17,35,-7888.272999555913
GA,2050,52,18,35,-5982.286672315535
GA,2050,52,19,35,-3230.5477585850604
GA,2050,52,20,35,-744.1287741628898
GA,2050,52,21,35,-1656.3705103732998
GA,2050,52,22,35,-2899.3842392931697
GA,2050,52,23,35,-4108.144457091727
GA,2050,52,24,35,-5556.101172737404
GA,2050,52,25,35,-6887.802390730901
GA,2050,52,26,35,-8071.474850807777
GA,2050,52,27,35,-8659.157211458916
GA,2050,52,28,35,-9203.279248082206
GA,2050,52,29,35,-10154.328263330066
GA,2050,52,30,35,-11275.442940330426
GA,2050,52,31,35,-12121.495837547274
GA,2050,52,32,35,-12305.313361175835
GA,2050,52,33,35,-12516.54591582039
GA,2050,52,34,35,-12723.124271724637
GA,2050,52,35,35,-13073.41906047412
GA,2050,52,36,35,-13887.762027485993
GA,2050,52,37,35,-14700.329154004052
GA,2050,52,38,35,-15059.48895148836
GA,2050,52,39,35,-15059.48895148836
GA,2050,52,40,35,-15059.48895148836
GA,2050,52,41,35,-15059.48895148836
GA,2050,52,42,35,-15059.48895148836
GA,2050,52,43,35,-15059.48895148836
GA,2050,52,44,35,-15059.48895148836
GA,2050,52,45,35,-15059.48895148836
GA,2050,52,46,35,-15059.48895148836
GA,2050,52,47,35,-15059.48895148836
GA,2050,52,48,35,-15059.48895148836
GA,2050,52,49,35,-15059.48895148836
GA,2050,52,50,35,-15059.48895148836
GA,2050,52,51,35,-15059.48895148836
GA,2050,52,52,35,-15059.48895148836
GA,2050,52,53,35,-15059.48895148836
GA,2050,52,54,35,-15059.48895148836
GA,2050,52,55,35,-15059.48895148836
GA,2050,52,56,35,-15059.48895148836
GA,2050,52,57,35,-15059.48895148836
GA,2050,52,58,35,-15059.48895148836
GA,2050,52,59,35,-15059.48895148836
GA,2050,52,60,35,-15059.48895148836
GA,2050,52,61,35,-15059.48895148836
GA,2050,52,62,35,-15059.48895148836
GA,2050,52,63,35,-15059.48895148836
GA,2050,52,64,35,-15059.48895148836
GA,2050,52,65,35,-15059.48895148836
GA,2050,52,66,35,-14414.59674690022
GA,2050,52,67,35,-13350.598388638076
GA,2050,52,68,35,-12928.006155527777
GA,2050,52,69,35,-12943.03087012611
GA,2050,52,70,35,-11321.662363511046
GA,2050,52,71,35,-12223.554002317731
GA,2050,52,72,35,-12594.268000103144
GA,2050,52,73,35,-13240.97435556521
GA,2050,52,74,35,-12811.708276657677
GA,2050,52,75,35,-12038.196050519033
GA,2050,52,76,35,-11243.660379816078
GA,2050,52,77,35,-9961.652886375548
GA,2050,52,78,35,-8265.308171007713
GA,2050,52,79,35,-6469.090711800411
GA,2050,52,80,35,-4613.823235083436
GA,2050,52,81,35,-4835.399209370283
GA,2050,52,82,35,-3920.8128713199876
GA,2050,52,83,35,-3387.654618810393
GA,2050,52,84,35,-3562.876496327914
GA,2050,52,85,35,-3849.0501079760243
GA,2050,52,86,35,-3500.455779842828
GA,2050,52,87,35,-3628.95636736037
GA,2050,52,88,35,-3478.6376530720495
GA,2050,52,89,35,-2948.3594729381866
GA,2050,52,90,35,-3100.7630780975683
GA,2050,52,91,35,-3288.11397839111
GA,2050,52,92,35,-3913.8126233912567
GA,2050,52,93,35,-4755.573840063554
GA,2050,52,94,35,-5766.89428956797
GA,2050,52,95,35,-7109.039418088932
GA,2050,52,96,35,-8577.186840289934
GA,2050,52,97,35,-9770.924307680281
GA,2050,52,98,35,-10459.826614286168
GA,2050,52,99,35,-10914.935217634382
GA,2050,52,100,35,-11264.48777595618
GA,2050,52,101,35,-11503.897457730354
GA,2050,52,102,35,-11130.47746388564
GA,2050,52,103,35,-10494.151913794782
GA,2050,52,104,35,-9477.81051834691
GA,2050,52,105,35,-9193.987377969073
GA,2050,52,106,35,-7967.159008275912
GA,2050,52,107,35,-9827.769341405019
GA,2050,52,108,35,-11417.484670425802
GA,2050,52,109,35,-12803.995062220925
GA,2050,52,110,35,-13253.389101019147
GA,2050,52,111,35,-13616.285289710217
GA,2050,52,112,35,-13171.49712399132
GA,2050,52,113,35,-12012.892792711778
GA,2050,52,114,35,-11476.505685916705
GA,2050,52,115,35,-11014.549358557619
GA,2050,52,116,35,-10713.900641907101
GA,2050,52,117,35,-11230.691190458889
GA,2050,52,118,35,-11290.377365027236
GA,2050,52,119,35,-13637.963091904823
GA,2050,52,120,35,-14916.361907570406
GA,2050,52,121,35,-15059.48895148836
GA,2050,52,122,35,-15059.48895148836
GA,2050,52,123,35,-15059.48895148836
GA,2050,52,124,35,-15059.48895148836
GA,2050,52,125,35,-14914.134556952366
GA,2050,52,126,35,-13853.688069345522
GA,2050,52,127,35,-12467.419870246098
GA,2050,52,128,35,-10410.69347823135
GA,2050,52,129,35,-10218.739610486204
GA,2050,52,130,35,-5898.005846651064
GA,2050,52,131,35,95.29992999742535
GA,2050,52,132,35,1739.1539634858345
GA,2050,52,133,35,-546.8602520582281
GA,2050,52,134,35,-5980.152429418889
GA,2050,52,135,35,-10125.815494587194
GA,2050,52,136,35,-9061.090625599796
GA,2050,52,137,35,-6147.8908820682
GA,2050,52,138,35,-5216.336360284165
GA,2050,52,139,35,-6513.388991827644
GA,2050,52,140,35,-7334.7053655490345
GA,2050,52,141,35,-6556.272972186902
GA,2050,52,142,35,-5888.17149235915
GA,2050,52,143,35,-3365.68079723713
GA,2050,52,144,35,-2191.9123805000786
GA,2050,52,145,35,-1413.0943733941658
GA,2050,52,146,35,-963.7084569910949
GA,2050,52,147,35,-1688.979780312049
GA,2050,52,148,35,-3382.683018864989
GA,2050,52,149,35,-5678.187188010623
GA,2050,52,150,35,-9228.76847989399
GA,2050,52,151,35,-11371.695764649243
GA,2050,52,152,35,-9752.063774396382
GA,2050,52,153,35,-4580.730136762161
GA,2050,52,154,35,-2563.040914182904
GA,2050,52,155,35,-4230.243647837446
GA,2050,52,156,35,-1817.0412067375435
GA,2050,52,157,35,6131.289230162889
GA,2050,52,158,35,13.356305268665892
GA,2050,52,159,35,-3666.5105077990875
GA,2050,52,160,35,-10244.132688257352
GA,2050,52,161,35,-15059.48895148836
GA,2050,52,162,35,-15059.48895148836
GA,2050,52,163,35,-15059.48895148836
GA,2050,52,164,35,-15059.48895148836
GA,2050,52,165,35,-15059.48895148836
GA,2050,52,166,35,-15059.48895148836
GA,2050,52,167,35,-12980.875940080028
DE,2050,11,0,35,-15059.48895148836
DE,2050,11,1,35,-11991.034930391548
DE,2050,11,2,35,-11603.990302853783
DE,2050,11,3,35,-11956.958538810502
DE,2050,11,4,35,-11712.884940515163
DE,2050,11,5,35,-11036.099186152154
DE,2050,11,6,35,-9066.538866402803
DE,2050,11,7,35,-8222.045378016273
DE,2050,11,8,35,-7423.7266813419055
DE,2050,11,9,35,-7075.319114373451
DE,2050,11,10,35,-7555.248035378288
DE,2050,11,11,35,-7854.581989203846
DE,2050,11,12,35,-10893.479465566375
DE,2050,11,13,35,2107.709035433065
DE,2050,11,14,35,-13140.835751222805
DE,2050,11,15,35,-14419.42816982743
DE,2050,11,16,35,-14312.30007726542
DE,2050,11,17,35,-13234.187532213626
DE,2050,11,18,35,-11061.942344839195
DE,2050,11,19,35,-8113.751772311597
DE,2050,11,20,35,-6731.67214438875
DE,2050,11,21,35,-5751.64077503166
DE,2050,11,22,35,-6966.167720465461
DE,2050,11,23,35,-7367.938698834604
DE,2050,11,24,35,-2741.8623332267985
DE,2050,11,25,35,-4426.614488910072
DE,2050,11,26,35,-3711.4624589947375
DE,2050,11,27,35,-3921.416544650182
DE,2050,11,28,35,-4539.198064347808
DE,2050,11,29,35,-4832.048991028357
DE,2050,11,30,35,-8492.096840959672
DE,2050,11,31,35,-13116.015143350996
DE,2050,11,32,35,-4883.385209106805
DE,2050,11,33,35,-5377.042411228451
DE,2050,11,34,35,-5932.413537263647
DE,2050,11,35,35,-4237.141495082777
DE,2050,11,36,35,-625.2398095579847
DE,2050,11,37,35,-5180.054840188605
DE,2050,11,38,35,649.8777304169271
DE,2050,11,39,35,-7234.296715417492
DE,2050,11,40,35,-8342.552292269535
DE,2050,11,41,35,-15059.48895148836
DE,2050,11,42,35,-15059.48895148836
DE,2050,11,43,35,-15059.48895148836
DE,2050,11,44,35,-15059.48895148836
DE,2050,11,45,35,-15059.48895148836
DE,2050,11,46,35,-15059.48895148836
DE,2050,11,47,35,-10119.3285102785
DE,2050,11,48,35,-9208.920335576975
DE,2050,11,49,35,-10495.469507908485
DE,2050,11,50,35,-10889.802442330714
DE,2050,11,51,35,-10745.8082063719
DE,2050,11,52,35,-10589.076764084935
DE,2050,11,53,35,-636.4432234572483
DE,2050,11,54,35,-10581.47988604744
DE,2050,11,55,35,-8972.10206266968
DE,2050,11,56,35,-8161.310253934933
DE,2050,11,57,35,-1673.4307889599804
DE,2050,11,58,35,-10950.996634646268
DE,2050,11,59,35,-11014.511954400074
DE,2050,11,60,35,-11701.15980388463
DE,2050,11,61,35,-11510.997519960812
DE,2050,11,62,35,-10629.91257049576
DE,2050,11,63,35,-9631.953590244806
DE,2050,11,64,35,-9047.908211722592
DE,2050,11,65,35,-8132.204644091274
DE,2050,11,66,35,-6216.498952591215
DE,2050,11,67,35,-5857.438228397018
DE,2050,11,68,35,-6090.755285601526
DE,2050,11,69,35,-6020.8462841512855
DE,2050,11,70,35,-5656.814264399611
DE,2050,11,71,35,-5952.157707523938
DE,2050,11,72,35,-6078.544863447382
DE,2050,11,73,35,-6134.599309766905
DE,2050,11,74,35,-6027.397195129067
DE,2050,11,75,35,-5907.624830475708
DE,2050,11,76,35,-6014.07964602426
DE,2050,11,77,35,-5604.604860694588
DE,2050,11,78,35,-7438.772993440682
DE,2050,11,79,35,-10328.943686944607
DE,2050,11,80,35,-2000.909034339496
DE,2050,11,81,35,6372.150333415107
DE,2050,11,82,35,-2683.3587812407063
DE,2050,11,83,35,-2963.5723655252027
DE,2050,11,84,35,-3807.8449313306583
DE,2050,11,85,35,-3580.6853837030903
DE,2050,11,86,35,-3378.488898054704
DE,2050,11,87,35,-876.1112108157286
DE,2050,11,88,35,-2660.5130976859573
DE,2050,11,89,35,-2047.754969846892
DE,2050,11,90,35,-11853.092669441494
DE,2050,11,91,35,-15059.48895148836
DE,2050,11,92,35,-15059.48895148836
DE,2050,11,93,35,-15059.48895148836
DE,2050,11,94,35,-14477.116326740615
DE,2050,11,95,35,-12879.52937533593
DE,2050,11,96,35,-13568.045025029009
DE,2050,11,97,35,-12150.205035147597
DE,2050,11,98,35,-12258.480125958533
DE,2050,11,99,35,-12474.10730157109
DE,2050,11,100,35,-14007.957957387687
DE,2050,11,101,35,-15059.48895148836
DE,2050,11,102,35,-15059.48895148836
DE,2050,11,103,35,-13005.86055263276
DE,2050,11,104,35,-12398.038596140323
DE,2050,11,105,35,-4704.64971953414
DE,2050,11,106,35,896.4716807474242
DE,2050,11,107,35,3626.4872551232766
DE,2050,11,108,35,-55.02239263161027
DE,2050,11,109,35,1311.5083542571883
DE,2050,11,110,35,-636.3462587414397
DE,2050,11,111,35,-6659.282132235363
DE,2050,11,112,35,-12408.189144613307
DE,2050,11,113,35,-11598.271587215087
DE,2050,11,114,35,-11637.103114825508
DE,2050,11,115,35,-15059.48895148836
DE,2050,11,116,35,-12063.30952957717
DE,2050,11,117,35,-15059.48895148836
DE,2050,11,118,35,-10881.736948732541
DE,2050,11,119,35,-12750.364409334663
DE,2050,11,120,35,-15059.48895148836
DE,2050,11,121,35,-15059.48895148836
DE,2050,11,122,35,-14304.42282065251
DE,2050,11,123,35,-14988.890712505872
DE,2050,11,124,35,-13763.546879456579
DE,2050,11,125,35,-14159.328067791477
DE,2050,11,126,35,-14485.541099669066
DE,2050,11,127,35,-14193.37286067635
DE,2050,11,128,35,-10611.200990934429
DE,2050,11,129,35,-6586.009753301136
DE,2050,11,130,35,-3480.3652835323987
DE,2050,11,131,35,819.4296294607191
DE,2050,11,132,35,-5103.145093745583
DE,2050,11,133,35,7732.1068927974065
DE,2050,11,134,35,-4838.022350218993
DE,2050,11,135,35,-4746.309257034538
DE,2050,11,136,35,-6147.41956288861
DE,2050,11,137,35,-14549.023169822402
DE,2050,11,138,35,-15059.48895148836
DE,2050,11,139,35,-15059.48895148836
DE,2050,11,140,35,-15059.48895148836
DE,2050,11,141,35,-15059.48895148836
DE,2050,11,142,35,-15059.48895148836
DE,2050,11,143,35,-15059.48895148836
DE,2050,11,144,35,-15059.48895148836
DE,2050,11,145,35,-13953.901300555031
DE,2050,11,146,35,-13880.423107635035
DE,2050,11,147,35,-13947.204488500318
DE,2050,11,148,35,-15059.48895148836
DE,2050,11,149,35,-15059.48895148836
DE,2050,11,150,35,-15059.48895148836
DE,2050,11,151,35,-15059.48895148836
DE,2050,11,152,35,-13767.570678585987
DE,2050,11,153,35,-14081.391451077983
DE,2050,11,154,35,-11061.724763311457
DE,2050,11,155,35,-3447.7722617590425
DE,2050,11,156,35,-2043.4792974543818
DE,2050,11,157,35,1878.4257785598202
DE,2050,11,158,35,2599.7725911443085
DE,2050,11,159,35,-8317.805543370008
DE,2050,11,160,35,-9213.999172122592
DE,2050,11,161,35,-9775.46267902922
DE,2050,11,162,35,-13898.690743741821
DE,2050,11,163,35,-15059.48895148836
DE,2050,11,164,35,-14343.029341232499
DE,2050,11,165,35,-11898.04933541338
DE,2050,11,166,35,-5108.4746117247305
DE,2050,11,167,35,-4550.301527920488
DE,2050,21,0,35,-15059.48895148836
DE,2050,21,1,35,-8512.381099533372
DE,2050,21,2,35,-8496.790471128708
DE,2050,21,3,35,-8483.618754211519
DE,2050,21,4,35,-8609.729171499248
DE,2050,21,5,35,-8259.24194284879
DE,2050,21,6,35,-7505.422063286137
DE,2050,21,7,35,-7389.097626123746
DE,2050,21,8,35,-8349.25638903504
DE,2050,21,9,35,-9106.65685743542
DE,2050,21,10,35,-8518.014726207928
DE,2050,21,11,35,-9089.864628050767
DE,2050,21,12,35,-8915.947506701295
DE,2050,21,13,35,-9057.257477022644
DE,2050,21,14,35,-9489.77432217421
DE,2050,21,15,35,-10653.144551847388
DE,2050,21,16,35,-12230.278281830955
DE,2050,21,17,35,-13529.568910342161
DE,2050,21,18,35,-13957.175513058723
DE,2050,21,19,35,-14040.58239120907
DE,2050,21,20,35,-14888.546390132615
DE,2050,21,21,35,-15059.48895148836
DE,2050,21,22,35,-14807.667614785432
DE,2050,21,23,35,-15059.48895148836
DE,2050,21,24,35,-15059.48895148836
DE,2050,21,25,35,-14899.377638670008
DE,2050,21,26,35,-14179.777968260918
DE,2050,21,27,35,-13706.278548934173
DE,2050,21,28,35,-13185.749110569486
DE,2050,21,29,35,-12098.98457871006
DE,2050,21,30,35,-10651.938430228502
DE,2050,21,31,35,-9550.540025761327
DE,2050,21,32,35,-9908.394401676782
DE,2050,21,33,35,-10289.957528123181
DE,2050,21,34,35,-9353.37941602866
DE,2050,21,35,35,-7422.328715671349
DE,2050,21,36,35,-4287.523262762017
DE,2050,21,37,35,-3318.072253449318
DE,2050,21,38,35,-2932.6274460654604
DE,2050,21,39,35,-4719.459967970615
DE,2050,21,40,35,-7589.731160437212
DE,2050,21,41,35,-12364.504305169054
DE,2050,21,42,35,-12849.606557148963
DE,2050,21,43,35,-11487.714632111347
DE,2050,21,44,35,-10859.541812808222
DE,2050,21,45,35,-10711.6968481341
DE,2050,21,46,35,-10876.600058895043
DE,2050,21,47,35,-10803.424084392647
DE,2050,21,48,35,-10585.46638647434
DE,2050,21,49,35,-10272.7784490444
DE,2050,21,50,35,-9910.09130946342
DE,2050,21,51,35,-9357.197521549964
DE,2050,21,52,35,-9316.318216301694
DE,2050,21,53,35,-8905.768474860812
DE,2050,21,54,35,-7734.138049246069
DE,2050,21,55,35,-7285.499880748464
DE,2050,21,56,35,3480.607478343063
DE,2050,21,57,35,8160.925186819825
DE,2050,21,58,35,2235.3982769448667
DE,2050,21,59,35,1100.502196012152
DE,2050,21,60,35,3878.0899401399656
DE,2050,21,61,35,7752.05346646623
DE,2050,21,62,35,-777.5869868178445
DE,2050,21,63,35,490.6656963095629
DE,2050,21,64,35,-2172.4466241406376
DE,2050,21,65,35,-2322.1074133318325
DE,2050,21,66,35,-6721.946522867338
DE,2050,21,67,35,-11010.183812606228
DE,2050,21,68,35,-8745.191197405376
DE,2050,21,69,35,-5390.615972284897
DE,2050,21,70,35,-4488.169240104191
DE,2050,21,71,35,-3837.0007757916137
DE,2050,21,72,35,-4601.173203548698
DE,2050,21,73,35,-5579.640431761487
DE,2050,21,74,35,-6802.7850541906155
DE,2050,21,75,35,-7708.260222135008
DE,2050,21,76,35,-10562.251685429923
DE,2050,21,77,35,-14461.904815549173
DE,2050,21,78,35,-15059.48895148836
DE,2050,21,79,35,-7830.748411879504
DE,2050,21,80,35,3267.935698572515
DE,2050,21,81,35,2501.5998974418844
DE,2050,21,82,35,8547.328499328745
DE,2050,21,83,35,7785.848634775208
DE,2050,21,84,35,2986.3466558954315
DE,2050,21,85,35,1744.8222499779804
DE,2050,21,86,35,142.8858206906537
DE,2050,21,87,35,-734.9929311084563
DE,2050,21,88,35,-1776.3692504239136
DE,2050,21,89,35,243.80603080061363
DE,2050,21,90,35,-5632.022388254522
DE,2050,21,91,35,-11956.758805552272
DE,2050,21,92,35,-11428.235129208373
DE,2050,21,93,35,-9803.209639086132
DE,2050,21,94,35,-12640.056792123209
DE,2050,21,95,35,-10082.022281437861
DE,2050,21,96,35,-9474.463490443
DE,2050,21,97,35,-10554.342296452054
DE,2050,21,98,35,-11675.95127609397
DE,2050,21,99,35,-12845.613631575427
DE,2050,21,100,35,-15059.48895148836
DE,2050,21,101,35,-15059.48895148836
DE,2050,21,102,35,-15059.48895148836
DE,2050,21,103,35,-9306.540724049642
DE,2050,21,104,35,1456.125342170937
DE,2050,21,105,35,1839.998079862745
DE,2050,21,106,35,1387.4961267927608
DE,2050,21,107,35,2416.19163491192
DE,2050,21,108,35,4730.381104681575
DE,2050,21,109,35,5690.031614632124
DE,2050,21,110,35,-365.00048682367924
DE,2050,21,111,35,-966.3743281731934
DE,2050,21,112,35,4369.051041378569
DE,2050,21,113,35,-2030.9618392223583
DE,2050,21,114,35,-12560.67387372964
DE,2050,21,115,35,-15059.48895148836
DE,2050,21,116,35,-15059.48895148836
DE,2050,21,117,35,-13394.284526135501
DE,2050,21,118,35,-12706.058068648632
DE,2050,21,119,35,-11451.111526294862
DE,2050,21,120,35,-11787.37270929265
DE,2050,21,121,35,-11896.571320943809
DE,2050,21,122,35,-11828.1005090454
DE,2050,21,123,35,-15001.19356426307
DE,2050,21,124,35,-11517.646986155536
DE,2050,21,125,35,-12184.775115483018
DE,2050,21,126,35,-15059.48895148836
DE,2050,21,127,35,-6982.146925540106
DE,2050,21,128,35,1429.9488297764708
DE,2050,21,129,35,1057.7634611962908
DE,2050,21,130,35,2796.949195437839
DE,2050,21,131,35,1887.717263105338
DE,2050,21,132,35,9733.258793052228
DE,2050,21,133,35,7048.084784361283
DE,2050,21,134,35,5872.351422857282
DE,2050,21,135,35,-1273.6472309545534
DE,2050,21,136,35,-2447.309010777437
DE,2050,21,137,35,-2989.9209457552206
DE,2050,21,138,35,-12590.011325740825
DE,2050,21,139,35,-14351.411950566648
DE,2050,21,140,35,-15059.48895148836
DE,2050,21,141,35,-11952.035841626985
DE,2050,21,142,35,-15059.48895148836
DE,2050,21,143,35,-14029.670642886342
DE,2050,21,144,35,-12389.796518572079
DE,2050,21,145,35,-12738.93011239866
DE,2050,21,146,35,-12835.97132409311
DE,2050,21,147,35,-14379.852072611198
DE,2050,21,148,35,-14791.020613844823
DE,2050,21,149,35,-14738.81860426025
DE,2050,21,150,35,-12939.460543258272
DE,2050,21,151,35,-12285.725081530645
DE,2050,21,152,35,-3049.680648715461
DE,2050,21,153,35,-1741.4560672445896
DE,2050,21,154,35,2487.0001248717927
DE,2050,21,155,35,4066.383470934521
DE,2050,21,156,35,3741.0618363352914
DE,2050,21,157,35,2218.9851226465908
DE,2050,21,158,35,-1211.324326602884
DE,2050,21,159,35,-6145.782599779695
DE,2050,21,160,35,-6899.331604380468
DE,2050,21,161,35,-9342.981408620139
DE,2050,21,162,35,-15059.48895148836
DE,2050,21,163,35,-15059.48895148836
DE,2050,21,164,35,-15059.48895148836
DE,2050,21,165,35,-15059.48895148836
DE,2050,21,166,35,-15059.48895148836
DE,2050,21,167,35,-15059.48895148836
DE,2050,42,0,35,-15059.48895148836
DE,2050,42,1,35,-5076.447420072843
DE,2050,42,2,35,-6934.078052860764
DE,2050,42,3,35,-6797.92129631408
DE,2050,42,4,35,-6467.109584636243
DE,2050,42,5,35,-5677.231877329554
DE,2050,42,6,35,-6855.565676770085
DE,2050,42,7,35,-4185.22773453156
DE,2050,42,8,35,-4550.231807952735
DE,2050,42,9,35,-5033.705701525683
DE,2050,42,10,35,-5222.455204841644
DE,2050,42,11,35,-4996.340065724902
DE,2050,42,12,35,-1423.927161609292
DE,2050,42,13,35,-4175.282163901604
DE,2050,42,14,35,-5891.094807672331
DE,2050,42,15,35,-5245.3533890691115
DE,2050,42,16,35,-4970.79849172856
DE,2050,42,17,35,-4293.635628672659
DE,2050,42,18,35,-5003.24791174494
DE,2050,42,19,35,-3963.5194189402982
DE,2050,42,20,35,-4598.4142954563895
DE,2050,42,21,35,-5395.308900110802
DE,2050,42,22,35,-6211.271428839988
DE,2050,42,23,35,-6752.338159692762
DE,2050,42,24,35,-7228.113221905405
DE,2050,42,25,35,-7538.446305576885
DE,2050,42,26,35,-7849.545333691998
DE,2050,42,27,35,-7999.402359071512
DE,2050,42,28,35,-7934.998713059084
DE,2050,42,29,35,-7467.787198816736
DE,2050,42,30,35,-6768.3175373895165
DE,2050,42,31,35,-5586.756267433459
DE,2050,42,32,35,-5633.021727482957
DE,2050,42,33,35,-3543.96911748801
DE,2050,42,34,35,267.6432893560195
DE,2050,42,35,35,6335.744345466323
DE,2050,42,36,35,11971.324697165084
DE,2050,42,37,35,11773.927672227566
DE,2050,42,38,35,7823.405954584468
DE,2050,42,39,35,1538.7672461919283
DE,2050,42,40,35,-5831.168551517242
DE,2050,42,41,35,-5738.094123415205
DE,2050,42,42,35,-4285.543348997783
DE,2050,42,43,35,-4882.8704957439895
DE,2050,42,44,35,-5672.384865401123
DE,2050,42,45,35,-6676.902350890374
DE,2050,42,46,35,-7300.758829812197
DE,2050,42,47,35,-8024.543483070196
DE,2050,42,48,35,-7122.828021084308
DE,2050,42,49,35,-7068.100683469223
DE,2050,42,50,35,-7543.943562733584
DE,2050,42,51,35,-7876.752059957658
DE,2050,42,52,35,-7620.262374620057
DE,2050,42,53,35,-6906.269021674776
DE,2050,42,54,35,-6178.929715158181
DE,2050,42,55,35,-5466.364686168058
DE,2050,42,56,35,-6206.538912737623
DE,2050,42,57,35,-99.49320768320831
DE,2050,42,58,35,2177.045673417233
DE,2050,42,59,35,2048.3401731162667
DE,2050,42,60,35,5457.754499096503
DE,2050,42,61,35,3408.904528164785
DE,2050,42,62,35,-2302.915742432655
DE,2050,42,63,35,-5757.718828042879
DE,2050,42,64,35,-5319.171507390586
DE,2050,42,65,35,-4279.863937335182
DE,2050,42,66,35,-6471.909519708373
DE,2050,42,67,35,-5174.537726722552
DE,2050,42,68,35,-5547.132161045579
DE,2050,42,69,35,-6553.704316976237
DE,2050,42,70,35,-7357.816689447336
DE,2050,42,71,35,-8221.296655941807
DE,2050,42,72,35,-8260.394570731827
DE,2050,42,73,35,-8148.918363679579
DE,2050,42,74,35,-7917.787859217284
DE,2050,42,75,35,-7554.976869811734
DE,2050,42,76,35,-6943.5580204331
DE,2050,42,77,35,-6039.31887427464
DE,2050,42,78,35,-8059.33766364952
DE,2050,42,79,35,-5135.197679950659
DE,2050,42,80,35,-4728.706237445523
DE,2050,42,81,35,-5210.3380535587285
DE,2050,42,82,35,-5380.773422456715
DE,2050,42,83,35,-2748.603659472872
DE,2050,42,84,35,-405.3094341406759
DE,2050,42,85,35,-4206.597395425259
DE,2050,42,86,35,-5261.111132663019
DE,2050,42,87,35,-4723.323983115825
DE,2050,42,88,35,-4221.840282520317
DE,2050,42,89,35,-7072.1904751209095
DE,2050,42,90,35,-9928.61377836812
DE,2050,42,91,35,-7909.813992518042
DE,2050,42,92,35,-3367.539375946964
DE,2050,42,93,35,-4128.701438170745
DE,2050,42,94,35,-4817.370497605618
DE,2050,42,95,35,-5369.418070437889
DE,2050,42,96,35,-5812.505426071369
DE,2050,42,97,35,-6278.839558979808
DE,2050,42,98,35,-6990.440045035304
DE,2050,42,99,35,-7390.484561865994
DE,2050,42,100,35,-7482.959518028426
DE,2050,42,101,35,-7256.676762074162
DE,2050,42,102,35,-6954.112464663556
DE,2050,42,103,35,-6213.960786680447
DE,2050,42,104,35,-6566.056605924958
DE,2050,42,105,35,2762.154804666084
DE,2050,42,106,35,2310.572820650457
DE,2050,42,107,35,7006.063507252533
DE,2050,42,108,35,6712.093496652561
DE,2050,42,109,35,-218.33222101079033
DE,2050,42,110,35,4110.165836974786
DE,2050,42,111,35,-471.55229181590465
DE,2050,42,112,35,-7601.6109309850235
DE,2050,42,113,35,-15059.48895148836
DE,2050,42,114,35,-15059.48895148836
DE,2050,42,115,35,-15059.48895148836
DE,2050,42,116,35,-15059.48895148836
DE,2050,42,117,35,-15059.48895148836
DE,2050,42,118,35,-15059.48895148836
DE,2050,42,119,35,-14307.785049443602
DE,2050,42,120,35,-11518.183610903969
DE,2050,42,121,35,-7685.525531732264
DE,2050,42,122,35,-5113.471602851683
DE,2050,42,123,35,-4080.6919822747022
DE,2050,42,124,35,-4506.763192229908
DE,2050,42,125,35,-7721.238315313802
DE,2050,42,126,35,-9532.039666863444
DE,2050,42,127,35,-10304.95255064489
DE,2050,42,128,35,-3455.6524651001637
DE,2050,42,129,35,1885.8819518193473
DE,2050,42,130,35,1971.9923597882794
DE,2050,42,131,35,1155.6069480900824
DE,2050,42,132,35,8865.374436385982
DE,2050,42,133,35,5828.84249725143
DE,2050,42,134,35,5861.014326774024
DE,2050,42,135,35,1581.533668932376
DE,2050,42,136,35,-3966.628680763043
DE,2050,42,137,35,-8317.069227349506
DE,2050,42,138,35,-15059.48895148836
DE,2050,42,139,35,-13265.266535596857
DE,2050,42,140,35,-7561.1939934231505
DE,2050,42,141,35,-7685.384946461158
DE,2050,42,142,35,-8323.162872331295
DE,2050,42,143,35,-8547.675237289912
DE,2050,42,144,35,-8890.9269998982
DE,2050,42,145,35,-9017.408924799094
DE,2050,42,146,35,-9005.704054103717
DE,2050,42,147,35,-9006.81479302045
DE,2050,42,148,35,-8729.948936153396
DE,2050,42,149,35,-9595.921647167906
DE,2050,42,150,35,-10484.1692893502
DE,2050,42,151,35,-8474.102645946818
DE,2050,42,152,35,-3048.1013927596687
DE,2050,42,153,35,2707.7738030193204
DE,2050,42,154,35,2292.6099485001014
DE,2050,42,155,35,5766.780632098769
DE,2050,42,156,35,5579.8083047250975
DE,2050,42,157,35,7037.3877136253395
DE,2050,42,158,35,3726.8986073826272
DE,2050,42,159,35,935.0739018446649
DE,2050,42,160,35,-6652.039262482212
DE,2050,42,161,35,-14703.505904362359
DE,2050,42,162,35,-11523.58118977249
DE,2050,42,163,35,-7707.60170210628
DE,2050,42,164,35,-15059.48895148836
DE,2050,42,165,35,-8992.899943591785
DE,2050,42,166,35,-10172.286117906717
DE,2050,42,167,35,-10800.813341380039
DE,2050,52,0,35,-15059.48895148836
DE,2050,52,1,35,-7767.635857767378
DE,2050,52,2,35,-8084.8659753461425
DE,2050,52,3,35,-8177.725123050172
DE,2050,52,4,35,-8267.26350558432
DE,2050,52,5,35,-8334.479225885523
DE,2050,52,6,35,-8184.52065445079
DE,2050,52,7,35,-7794.508045287653
DE,2050,52,8,35,-6933.307604778984
DE,2050,52,9,35,-2315.8338473268195
DE,2050,52,10,35,3552.995080624357
DE,2050,52,11,35,3198.5212075823397
DE,2050,52,12,35,10038.876074592928
DE,2050,52,13,35,1857.095834092149
DE,2050,52,14,35,12011.862708612087
DE,2050,52,15,35,1359.489188603628
DE,2050,52,16,35,-8058.118205903718
DE,2050,52,17,35,-13065.71803623323
DE,2050,52,18,35,-11236.995359675864
DE,2050,52,19,35,-8483.227299563812
DE,2050,52,20,35,-5464.76540677009
DE,2050,52,21,35,-709.2628861894118
DE,2050,52,22,35,-1846.9357116908427
DE,2050,52,23,35,-3157.2308523749657
DE,2050,52,24,35,-4698.261247332413
DE,2050,52,25,35,-6110.66971172213
DE,2050,52,26,35,-7349.82840369641
DE,2050,52,27,35,-7965.335238407537
DE,2050,52,28,35,-8517.593086159477
DE,2050,52,29,35,-9467.014939181607
DE,2050,52,30,35,-10564.698480131452
DE,2050,52,31,35,-11398.384944432748
DE,2050,52,32,35,-11496.451018765327
DE,2050,52,33,35,-11620.955826778458
DE,2050,52,34,35,-11787.343275707168
DE,2050,52,35,35,-12109.976306619235
DE,2050,52,36,35,-12922.85482762795
DE,2050,52,37,35,-13742.90690038437
DE,2050,52,38,35,-14439.662043243052
DE,2050,52,39,35,-15049.030216039793
DE,2050,52,40,35,-15059.48895148836
DE,2050,52,41,35,-14695.146572703728
DE,2050,52,42,35,-14956.441835791631
DE,2050,52,43,35,-15059.48895148836
DE,2050,52,44,35,-15059.48895148836
DE,2050,52,45,35,-15059.48895148836
DE,2050,52,46,35,-15059.48895148836
DE,2050,52,47,35,-15059.48895148836
DE,2050,52,48,35,-15059.48895148836
DE,2050,52,49,35,-15059.48895148836
DE,2050,52,50,35,-15059.48895148836
DE,2050,52,51,35,-15059.48895148836
DE,2050,52,52,35,-15059.48895148836
DE,2050,52,53,35,-15059.48895148836
DE,2050,52,54,35,-15059.48895148836
DE,2050,52,55,35,-15059.48895148836
DE,2050,52,56,35,-15059.48895148836
DE,2050,52,57,35,-15059.48895148836
DE,2050,52,58,35,-15059.48895148836
DE,2050,52,59,35,-15059.48895148836
DE,2050,52,60,35,-15059.48895148836
DE,2050,52,61,35,-15059.48895148836
DE,2050,52,62,35,-15059.48895148836
DE,2050,52,63,35,-15059.48895148836
DE,2050,52,64,35,-15059.48895148836
DE,2050,52,65,35,-14584.64497901156
DE,2050,52,66,35,-13516.565914519693
DE,2050,52,67,35,-12436.45865022282
DE,2050,52,68,35,-12015.819011783396
DE,2050,52,69,35,-12040.76941595868
DE,2050,52,70,35,-10441.042166945834
DE,2050,52,71,35,-11411.111903010615
DE,2050,52,72,35,-11843.983497818925
DE,2050,52,73,35,-12548.616828516986
DE,2050,52,74,35,-12152.707575236922
DE,2050,52,75,35,-11400.023025587625
DE,2050,52,76,35,-10609.392544226426
DE,2050,52,77,35,-9313.716888089759
DE,2050,52,78,35,-7570.021751953173
DE,2050,52,79,35,-5734.426966883201
DE,2050,52,80,35,-3752.891701449558
DE,2050,52,81,35,-3878.139671973174
DE,2050,52,82,35,-2928.7320622922507
DE,2050,52,83,35,-2466.3327861254
DE,2050,52,84,35,-2523.9334151991457
DE,2050,52,85,35,-2824.75148687883
DE,2050,52,86,35,-2460.6991176011934
DE,2050,52,87,35,-2599.2881109182663
DE,2050,52,88,35,-2426.3518416922952
DE,2050,52,89,35,-1806.579739143265
DE,2050,52,90,35,-1933.7623298038293
DE,2050,52,91,35,-2114.7672974170227
DE,2050,52,92,35,-2787.653646963348
DE,2050,52,93,35,-3683.4366495298896
DE,2050,52,94,35,-4752.6840742703025
DE,2050,52,95,35,-6199.943882573439
DE,2050,52,96,35,-7738.872861593707
DE,2050,52,97,35,-8999.161264016422
DE,2050,52,98,35,-9728.742626265566
DE,2050,52,99,35,-10205.655203438562
DE,2050,52,100,35,-10566.27246489533
DE,2050,52,101,35,-10797.220903095706
DE,2050,52,102,35,-10374.497893811362
DE,2050,52,103,35,-9693.425382512924
DE,2050,52,104,35,-8557.975712141597
DE,2050,52,105,35,-8185.472230461463
DE,2050,52,106,35,-6921.5445620216515
DE,2050,52,107,35,-8751.564245307029
DE,2050,52,108,35,-10344.371182556699
DE,2050,52,109,35,-11750.244804838012
DE,2050,52,110,35,-12181.902775375775
DE,2050,52,111,35,-12559.931572766134
DE,2050,52,112,35,-12095.292027893329
DE,2050,52,113,35,-10856.794031330433
DE,2050,52,114,35,-10310.643951180979
DE,2050,52,115,35,-9847.874042709023
DE,2050,52,116,35,-9593.762165714392
DE,2050,52,117,35,-10170.269567950483
DE,2050,52,118,35,-10292.113339541724
DE,2050,52,119,35,-12721.545326373544
DE,2050,52,120,35,-14086.67188867055
DE,2050,52,121,35,-14570.49593236781
DE,2050,52,122,35,-15059.48895148836
DE,2050,52,123,35,-14973.137964270645
DE,2050,52,124,35,-14683.879057731478
DE,2050,52,125,35,-14218.034556784964
DE,2050,52,126,35,-13142.780892923973
DE,2050,52,127,35,-11759.441585830866
DE,2050,52,128,35,-9634.048947890298
DE,2050,52,129,35,-9358.947090410336
DE,2050,52,130,35,-10043.595762445146
DE,2050,52,131,35,-4306.230748002687
DE,2050,52,132,35,-2695.3113211690543
DE,2050,52,133,35,-4901.096210549349
DE,2050,52,134,35,-9765.560964214488
DE,2050,52,135,35,-9227.621945984094
DE,2050,52,136,35,-8149.391630523134
DE,2050,52,137,35,-7068.621633051163
DE,2050,52,138,35,-9063.023687876288
DE,2050,52,139,35,-11248.636205505052
DE,2050,52,140,35,-12076.196106554366
DE,2050,52,141,35,-11119.198831613732
DE,2050,52,142,35,-10146.257130000311
DE,2050,52,143,35,-7250.71567703509
DE,2050,52,144,35,-5729.651052682515
DE,2050,52,145,35,-4753.537582014342
DE,2050,52,146,35,-4158.209214321147
DE,2050,52,147,35,-4807.933856974281
DE,2050,52,148,35,-6478.848220780312
DE,2050,52,149,35,-8816.652287572604
DE,2050,52,150,35,-12467.910457618671
DE,2050,52,151,35,-14689.194010339315
DE,2050,52,152,35,-13333.97540242385
DE,2050,52,153,35,-3793.0209032861453
DE,2050,52,154,35,-3279.5991757398347
DE,2050,52,155,35,1198.8389980624931
DE,2050,52,156,35,5050.283184538173
DE,2050,52,157,35,2006.1907246064147
DE,2050,52,158,35,-3481.220344145613
DE,2050,52,159,35,-2835.1933266735005
DE,2050,52,160,35,-13322.088159072386
DE,2050,52,161,35,-15059.48895148836
DE,2050,52,162,35,-15059.48895148836
DE,2050,52,163,35,-15059.48895148836
DE,2050,52,164,35,-11914.34678471462
DE,2050,52,165,35,-15059.48895148836
DE,2050,52,166,35,-12412.779175509051
DE,2050,52,167,35,-13506.671226067368
