Objective Value,Optimality Gap (%),Runtime (s),Build Time (s),Optimize Time (s),Total Time (s),Number of Variables,Number of Constraints,Number of Nonzeros,Model Status
11637699475.328882,0.0003022978043984933,9.503000020980835,26.55136775970459,9.633187294006348,36.18455505371094,297856,332889,840964,2
