,new_branches,new_capacity_mw,util_old_%,util_combined_%,congestion_%
0,0,0,49.812329499277546,49.812329499277546,0.01141552511415525
