,new_branches,new_capacity_mw,util_old_%,util_new_%,util_combined_%,congestion_%
0,11,33193.57235884982,68.02284542115378,86.38542935041215,67.25135818405187,51.75162451703547
