scenario,year,week,hour,battery,value
mean,2025,11,0,ES1 0 bat,0.0
mean,2025,11,1,ES1 0 bat,0.0
mean,2025,11,2,ES1 0 bat,0.0
mean,2025,11,3,ES1 0 bat,0.0
mean,2025,11,4,ES1 0 bat,0.0
mean,2025,11,5,ES1 0 bat,0.0
mean,2025,11,6,ES1 0 bat,0.0
mean,2025,11,7,ES1 0 bat,0.0
mean,2025,11,8,ES1 0 bat,0.0
mean,2025,11,9,ES1 0 bat,0.0
mean,2025,11,10,ES1 0 bat,0.0
mean,2025,11,11,ES1 0 bat,0.0
mean,2025,11,12,ES1 0 bat,0.0
mean,2025,11,13,ES1 0 bat,0.0
mean,2025,11,14,ES1 0 bat,0.0
mean,2025,11,15,ES1 0 bat,0.0
mean,2025,11,16,ES1 0 bat,0.0
mean,2025,11,17,ES1 0 bat,0.0
mean,2025,11,18,ES1 0 bat,0.0
mean,2025,11,19,ES1 0 bat,0.0
mean,2025,11,20,ES1 0 bat,0.0
mean,2025,11,21,ES1 0 bat,0.0
mean,2025,11,22,ES1 0 bat,0.0
mean,2025,11,23,ES1 0 bat,0.0
mean,2025,11,24,ES1 0 bat,0.0
mean,2025,11,25,ES1 0 bat,0.0
mean,2025,11,26,ES1 0 bat,0.0
mean,2025,11,27,ES1 0 bat,0.0
mean,2025,11,28,ES1 0 bat,0.0
mean,2025,11,29,ES1 0 bat,0.0
mean,2025,11,30,ES1 0 bat,0.0
mean,2025,11,31,ES1 0 bat,0.0
mean,2025,11,32,ES1 0 bat,0.0
mean,2025,11,33,ES1 0 bat,0.0
mean,2025,11,34,ES1 0 bat,0.0
mean,2025,11,35,ES1 0 bat,0.0
mean,2025,11,36,ES1 0 bat,0.0
mean,2025,11,37,ES1 0 bat,0.0
mean,2025,11,38,ES1 0 bat,0.0
mean,2025,11,39,ES1 0 bat,0.0
mean,2025,11,40,ES1 0 bat,0.0
mean,2025,11,41,ES1 0 bat,0.0
mean,2025,11,42,ES1 0 bat,0.0
mean,2025,11,43,ES1 0 bat,0.0
mean,2025,11,44,ES1 0 bat,0.0
mean,2025,11,45,ES1 0 bat,0.0
mean,2025,11,46,ES1 0 bat,0.0
mean,2025,11,47,ES1 0 bat,0.0
mean,2025,11,48,ES1 0 bat,0.0
mean,2025,11,49,ES1 0 bat,0.0
mean,2025,11,50,ES1 0 bat,0.0
mean,2025,11,51,ES1 0 bat,0.0
mean,2025,11,52,ES1 0 bat,0.0
mean,2025,11,53,ES1 0 bat,0.0
mean,2025,11,54,ES1 0 bat,0.0
mean,2025,11,55,ES1 0 bat,0.0
mean,2025,11,56,ES1 0 bat,0.0
mean,2025,11,57,ES1 0 bat,0.0
mean,2025,11,58,ES1 0 bat,0.0
mean,2025,11,59,ES1 0 bat,0.0
mean,2025,11,60,ES1 0 bat,0.0
mean,2025,11,61,ES1 0 bat,0.0
mean,2025,11,62,ES1 0 bat,0.0
mean,2025,11,63,ES1 0 bat,0.0
mean,2025,11,64,ES1 0 bat,0.0
mean,2025,11,65,ES1 0 bat,0.0
mean,2025,11,66,ES1 0 bat,0.0
mean,2025,11,67,ES1 0 bat,0.0
mean,2025,11,68,ES1 0 bat,0.0
mean,2025,11,69,ES1 0 bat,0.0
mean,2025,11,70,ES1 0 bat,0.0
mean,2025,11,71,ES1 0 bat,0.0
mean,2025,11,72,ES1 0 bat,0.0
mean,2025,11,73,ES1 0 bat,0.0
mean,2025,11,74,ES1 0 bat,0.0
mean,2025,11,75,ES1 0 bat,0.0
mean,2025,11,76,ES1 0 bat,0.0
mean,2025,11,77,ES1 0 bat,0.0
mean,2025,11,78,ES1 0 bat,0.0
mean,2025,11,79,ES1 0 bat,0.0
mean,2025,11,80,ES1 0 bat,0.0
mean,2025,11,81,ES1 0 bat,0.0
mean,2025,11,82,ES1 0 bat,0.0
mean,2025,11,83,ES1 0 bat,0.0
mean,2025,11,84,ES1 0 bat,0.0
mean,2025,11,85,ES1 0 bat,0.0
mean,2025,11,86,ES1 0 bat,0.0
mean,2025,11,87,ES1 0 bat,0.0
mean,2025,11,88,ES1 0 bat,0.0
mean,2025,11,89,ES1 0 bat,0.0
mean,2025,11,90,ES1 0 bat,0.0
mean,2025,11,91,ES1 0 bat,0.0
mean,2025,11,92,ES1 0 bat,0.0
mean,2025,11,93,ES1 0 bat,0.0
mean,2025,11,94,ES1 0 bat,0.0
mean,2025,11,95,ES1 0 bat,0.0
mean,2025,11,96,ES1 0 bat,0.0
mean,2025,11,97,ES1 0 bat,0.0
mean,2025,11,98,ES1 0 bat,0.0
mean,2025,11,99,ES1 0 bat,0.0
mean,2025,11,100,ES1 0 bat,0.0
mean,2025,11,101,ES1 0 bat,0.0
mean,2025,11,102,ES1 0 bat,0.0
mean,2025,11,103,ES1 0 bat,0.0
mean,2025,11,104,ES1 0 bat,0.0
mean,2025,11,105,ES1 0 bat,0.0
mean,2025,11,106,ES1 0 bat,0.0
mean,2025,11,107,ES1 0 bat,0.0
mean,2025,11,108,ES1 0 bat,0.0
mean,2025,11,109,ES1 0 bat,0.0
mean,2025,11,110,ES1 0 bat,0.0
mean,2025,11,111,ES1 0 bat,0.0
mean,2025,11,112,ES1 0 bat,0.0
mean,2025,11,113,ES1 0 bat,0.0
mean,2025,11,114,ES1 0 bat,0.0
mean,2025,11,115,ES1 0 bat,0.0
mean,2025,11,116,ES1 0 bat,0.0
mean,2025,11,117,ES1 0 bat,0.0
mean,2025,11,118,ES1 0 bat,0.0
mean,2025,11,119,ES1 0 bat,0.0
mean,2025,11,120,ES1 0 bat,0.0
mean,2025,11,121,ES1 0 bat,0.0
mean,2025,11,122,ES1 0 bat,0.0
mean,2025,11,123,ES1 0 bat,0.0
mean,2025,11,124,ES1 0 bat,0.0
mean,2025,11,125,ES1 0 bat,0.0
mean,2025,11,126,ES1 0 bat,0.0
mean,2025,11,127,ES1 0 bat,0.0
mean,2025,11,128,ES1 0 bat,0.0
mean,2025,11,129,ES1 0 bat,0.0
mean,2025,11,130,ES1 0 bat,0.0
mean,2025,11,131,ES1 0 bat,0.0
mean,2025,11,132,ES1 0 bat,0.0
mean,2025,11,133,ES1 0 bat,0.0
mean,2025,11,134,ES1 0 bat,0.0
mean,2025,11,135,ES1 0 bat,0.0
mean,2025,11,136,ES1 0 bat,0.0
mean,2025,11,137,ES1 0 bat,0.0
mean,2025,11,138,ES1 0 bat,0.0
mean,2025,11,139,ES1 0 bat,0.0
mean,2025,11,140,ES1 0 bat,0.0
mean,2025,11,141,ES1 0 bat,0.0
mean,2025,11,142,ES1 0 bat,0.0
mean,2025,11,143,ES1 0 bat,0.0
mean,2025,11,144,ES1 0 bat,0.0
mean,2025,11,145,ES1 0 bat,0.0
mean,2025,11,146,ES1 0 bat,0.0
mean,2025,11,147,ES1 0 bat,0.0
mean,2025,11,148,ES1 0 bat,0.0
mean,2025,11,149,ES1 0 bat,0.0
mean,2025,11,150,ES1 0 bat,0.0
mean,2025,11,151,ES1 0 bat,0.0
mean,2025,11,152,ES1 0 bat,0.0
mean,2025,11,153,ES1 0 bat,0.0
mean,2025,11,154,ES1 0 bat,0.0
mean,2025,11,155,ES1 0 bat,0.0
mean,2025,11,156,ES1 0 bat,0.0
mean,2025,11,157,ES1 0 bat,0.0
mean,2025,11,158,ES1 0 bat,0.0
mean,2025,11,159,ES1 0 bat,0.0
mean,2025,11,160,ES1 0 bat,0.0
mean,2025,11,161,ES1 0 bat,0.0
mean,2025,11,162,ES1 0 bat,0.0
mean,2025,11,163,ES1 0 bat,0.0
mean,2025,11,164,ES1 0 bat,0.0
mean,2025,11,165,ES1 0 bat,0.0
mean,2025,11,166,ES1 0 bat,0.0
mean,2025,11,167,ES1 0 bat,0.0
mean,2025,21,0,ES1 0 bat,0.0
mean,2025,21,1,ES1 0 bat,0.0
mean,2025,21,2,ES1 0 bat,0.0
mean,2025,21,3,ES1 0 bat,0.0
mean,2025,21,4,ES1 0 bat,0.0
mean,2025,21,5,ES1 0 bat,0.0
mean,2025,21,6,ES1 0 bat,0.0
mean,2025,21,7,ES1 0 bat,0.0
mean,2025,21,8,ES1 0 bat,0.0
mean,2025,21,9,ES1 0 bat,0.0
mean,2025,21,10,ES1 0 bat,0.0
mean,2025,21,11,ES1 0 bat,0.0
mean,2025,21,12,ES1 0 bat,0.0
mean,2025,21,13,ES1 0 bat,0.0
mean,2025,21,14,ES1 0 bat,0.0
mean,2025,21,15,ES1 0 bat,0.0
mean,2025,21,16,ES1 0 bat,0.0
mean,2025,21,17,ES1 0 bat,0.0
mean,2025,21,18,ES1 0 bat,0.0
mean,2025,21,19,ES1 0 bat,0.0
mean,2025,21,20,ES1 0 bat,0.0
mean,2025,21,21,ES1 0 bat,0.0
mean,2025,21,22,ES1 0 bat,0.0
mean,2025,21,23,ES1 0 bat,0.0
mean,2025,21,24,ES1 0 bat,0.0
mean,2025,21,25,ES1 0 bat,0.0
mean,2025,21,26,ES1 0 bat,0.0
mean,2025,21,27,ES1 0 bat,0.0
mean,2025,21,28,ES1 0 bat,0.0
mean,2025,21,29,ES1 0 bat,0.0
mean,2025,21,30,ES1 0 bat,0.0
mean,2025,21,31,ES1 0 bat,0.0
mean,2025,21,32,ES1 0 bat,0.0
mean,2025,21,33,ES1 0 bat,0.0
mean,2025,21,34,ES1 0 bat,0.0
mean,2025,21,35,ES1 0 bat,0.0
mean,2025,21,36,ES1 0 bat,0.0
mean,2025,21,37,ES1 0 bat,0.0
mean,2025,21,38,ES1 0 bat,0.0
mean,2025,21,39,ES1 0 bat,0.0
mean,2025,21,40,ES1 0 bat,0.0
mean,2025,21,41,ES1 0 bat,0.0
mean,2025,21,42,ES1 0 bat,0.0
mean,2025,21,43,ES1 0 bat,0.0
mean,2025,21,44,ES1 0 bat,0.0
mean,2025,21,45,ES1 0 bat,0.0
mean,2025,21,46,ES1 0 bat,0.0
mean,2025,21,47,ES1 0 bat,0.0
mean,2025,21,48,ES1 0 bat,0.0
mean,2025,21,49,ES1 0 bat,0.0
mean,2025,21,50,ES1 0 bat,0.0
mean,2025,21,51,ES1 0 bat,0.0
mean,2025,21,52,ES1 0 bat,0.0
mean,2025,21,53,ES1 0 bat,0.0
mean,2025,21,54,ES1 0 bat,0.0
mean,2025,21,55,ES1 0 bat,0.0
mean,2025,21,56,ES1 0 bat,0.0
mean,2025,21,57,ES1 0 bat,0.0
mean,2025,21,58,ES1 0 bat,0.0
mean,2025,21,59,ES1 0 bat,0.0
mean,2025,21,60,ES1 0 bat,0.0
mean,2025,21,61,ES1 0 bat,0.0
mean,2025,21,62,ES1 0 bat,0.0
mean,2025,21,63,ES1 0 bat,0.0
mean,2025,21,64,ES1 0 bat,0.0
mean,2025,21,65,ES1 0 bat,0.0
mean,2025,21,66,ES1 0 bat,0.0
mean,2025,21,67,ES1 0 bat,0.0
mean,2025,21,68,ES1 0 bat,0.0
mean,2025,21,69,ES1 0 bat,0.0
mean,2025,21,70,ES1 0 bat,0.0
mean,2025,21,71,ES1 0 bat,0.0
mean,2025,21,72,ES1 0 bat,0.0
mean,2025,21,73,ES1 0 bat,0.0
mean,2025,21,74,ES1 0 bat,0.0
mean,2025,21,75,ES1 0 bat,0.0
mean,2025,21,76,ES1 0 bat,0.0
mean,2025,21,77,ES1 0 bat,0.0
mean,2025,21,78,ES1 0 bat,0.0
mean,2025,21,79,ES1 0 bat,0.0
mean,2025,21,80,ES1 0 bat,0.0
mean,2025,21,81,ES1 0 bat,0.0
mean,2025,21,82,ES1 0 bat,0.0
mean,2025,21,83,ES1 0 bat,0.0
mean,2025,21,84,ES1 0 bat,0.0
mean,2025,21,85,ES1 0 bat,0.0
mean,2025,21,86,ES1 0 bat,0.0
mean,2025,21,87,ES1 0 bat,0.0
mean,2025,21,88,ES1 0 bat,0.0
mean,2025,21,89,ES1 0 bat,0.0
mean,2025,21,90,ES1 0 bat,0.0
mean,2025,21,91,ES1 0 bat,0.0
mean,2025,21,92,ES1 0 bat,0.0
mean,2025,21,93,ES1 0 bat,0.0
mean,2025,21,94,ES1 0 bat,0.0
mean,2025,21,95,ES1 0 bat,0.0
mean,2025,21,96,ES1 0 bat,0.0
mean,2025,21,97,ES1 0 bat,0.0
mean,2025,21,98,ES1 0 bat,0.0
mean,2025,21,99,ES1 0 bat,0.0
mean,2025,21,100,ES1 0 bat,0.0
mean,2025,21,101,ES1 0 bat,0.0
mean,2025,21,102,ES1 0 bat,0.0
mean,2025,21,103,ES1 0 bat,0.0
mean,2025,21,104,ES1 0 bat,0.0
mean,2025,21,105,ES1 0 bat,0.0
mean,2025,21,106,ES1 0 bat,0.0
mean,2025,21,107,ES1 0 bat,0.0
mean,2025,21,108,ES1 0 bat,0.0
mean,2025,21,109,ES1 0 bat,0.0
mean,2025,21,110,ES1 0 bat,0.0
mean,2025,21,111,ES1 0 bat,0.0
mean,2025,21,112,ES1 0 bat,0.0
mean,2025,21,113,ES1 0 bat,0.0
mean,2025,21,114,ES1 0 bat,0.0
mean,2025,21,115,ES1 0 bat,0.0
mean,2025,21,116,ES1 0 bat,0.0
mean,2025,21,117,ES1 0 bat,0.0
mean,2025,21,118,ES1 0 bat,0.0
mean,2025,21,119,ES1 0 bat,0.0
mean,2025,21,120,ES1 0 bat,0.0
mean,2025,21,121,ES1 0 bat,0.0
mean,2025,21,122,ES1 0 bat,0.0
mean,2025,21,123,ES1 0 bat,0.0
mean,2025,21,124,ES1 0 bat,0.0
mean,2025,21,125,ES1 0 bat,0.0
mean,2025,21,126,ES1 0 bat,0.0
mean,2025,21,127,ES1 0 bat,0.0
mean,2025,21,128,ES1 0 bat,0.0
mean,2025,21,129,ES1 0 bat,0.0
mean,2025,21,130,ES1 0 bat,0.0
mean,2025,21,131,ES1 0 bat,0.0
mean,2025,21,132,ES1 0 bat,0.0
mean,2025,21,133,ES1 0 bat,0.0
mean,2025,21,134,ES1 0 bat,0.0
mean,2025,21,135,ES1 0 bat,0.0
mean,2025,21,136,ES1 0 bat,0.0
mean,2025,21,137,ES1 0 bat,0.0
mean,2025,21,138,ES1 0 bat,0.0
mean,2025,21,139,ES1 0 bat,0.0
mean,2025,21,140,ES1 0 bat,0.0
mean,2025,21,141,ES1 0 bat,0.0
mean,2025,21,142,ES1 0 bat,0.0
mean,2025,21,143,ES1 0 bat,0.0
mean,2025,21,144,ES1 0 bat,0.0
mean,2025,21,145,ES1 0 bat,0.0
mean,2025,21,146,ES1 0 bat,0.0
mean,2025,21,147,ES1 0 bat,0.0
mean,2025,21,148,ES1 0 bat,0.0
mean,2025,21,149,ES1 0 bat,0.0
mean,2025,21,150,ES1 0 bat,0.0
mean,2025,21,151,ES1 0 bat,0.0
mean,2025,21,152,ES1 0 bat,0.0
mean,2025,21,153,ES1 0 bat,0.0
mean,2025,21,154,ES1 0 bat,0.0
mean,2025,21,155,ES1 0 bat,0.0
mean,2025,21,156,ES1 0 bat,0.0
mean,2025,21,157,ES1 0 bat,0.0
mean,2025,21,158,ES1 0 bat,0.0
mean,2025,21,159,ES1 0 bat,0.0
mean,2025,21,160,ES1 0 bat,0.0
mean,2025,21,161,ES1 0 bat,0.0
mean,2025,21,162,ES1 0 bat,0.0
mean,2025,21,163,ES1 0 bat,0.0
mean,2025,21,164,ES1 0 bat,0.0
mean,2025,21,165,ES1 0 bat,0.0
mean,2025,21,166,ES1 0 bat,0.0
mean,2025,21,167,ES1 0 bat,0.0
mean,2025,42,0,ES1 0 bat,0.0
mean,2025,42,1,ES1 0 bat,0.0
mean,2025,42,2,ES1 0 bat,0.0
mean,2025,42,3,ES1 0 bat,0.0
mean,2025,42,4,ES1 0 bat,0.0
mean,2025,42,5,ES1 0 bat,0.0
mean,2025,42,6,ES1 0 bat,0.0
mean,2025,42,7,ES1 0 bat,0.0
mean,2025,42,8,ES1 0 bat,0.0
mean,2025,42,9,ES1 0 bat,0.0
mean,2025,42,10,ES1 0 bat,0.0
mean,2025,42,11,ES1 0 bat,0.0
mean,2025,42,12,ES1 0 bat,0.0
mean,2025,42,13,ES1 0 bat,0.0
mean,2025,42,14,ES1 0 bat,0.0
mean,2025,42,15,ES1 0 bat,0.0
mean,2025,42,16,ES1 0 bat,0.0
mean,2025,42,17,ES1 0 bat,0.0
mean,2025,42,18,ES1 0 bat,0.0
mean,2025,42,19,ES1 0 bat,0.0
mean,2025,42,20,ES1 0 bat,0.0
mean,2025,42,21,ES1 0 bat,0.0
mean,2025,42,22,ES1 0 bat,0.0
mean,2025,42,23,ES1 0 bat,0.0
mean,2025,42,24,ES1 0 bat,0.0
mean,2025,42,25,ES1 0 bat,0.0
mean,2025,42,26,ES1 0 bat,0.0
mean,2025,42,27,ES1 0 bat,0.0
mean,2025,42,28,ES1 0 bat,0.0
mean,2025,42,29,ES1 0 bat,0.0
mean,2025,42,30,ES1 0 bat,0.0
mean,2025,42,31,ES1 0 bat,0.0
mean,2025,42,32,ES1 0 bat,0.0
mean,2025,42,33,ES1 0 bat,0.0
mean,2025,42,34,ES1 0 bat,0.0
mean,2025,42,35,ES1 0 bat,0.0
mean,2025,42,36,ES1 0 bat,0.0
mean,2025,42,37,ES1 0 bat,0.0
mean,2025,42,38,ES1 0 bat,0.0
mean,2025,42,39,ES1 0 bat,0.0
mean,2025,42,40,ES1 0 bat,0.0
mean,2025,42,41,ES1 0 bat,0.0
mean,2025,42,42,ES1 0 bat,0.0
mean,2025,42,43,ES1 0 bat,0.0
mean,2025,42,44,ES1 0 bat,0.0
mean,2025,42,45,ES1 0 bat,0.0
mean,2025,42,46,ES1 0 bat,0.0
mean,2025,42,47,ES1 0 bat,0.0
mean,2025,42,48,ES1 0 bat,0.0
mean,2025,42,49,ES1 0 bat,0.0
mean,2025,42,50,ES1 0 bat,0.0
mean,2025,42,51,ES1 0 bat,0.0
mean,2025,42,52,ES1 0 bat,0.0
mean,2025,42,53,ES1 0 bat,0.0
mean,2025,42,54,ES1 0 bat,0.0
mean,2025,42,55,ES1 0 bat,0.0
mean,2025,42,56,ES1 0 bat,0.0
mean,2025,42,57,ES1 0 bat,0.0
mean,2025,42,58,ES1 0 bat,0.0
mean,2025,42,59,ES1 0 bat,0.0
mean,2025,42,60,ES1 0 bat,0.0
mean,2025,42,61,ES1 0 bat,0.0
mean,2025,42,62,ES1 0 bat,0.0
mean,2025,42,63,ES1 0 bat,0.0
mean,2025,42,64,ES1 0 bat,0.0
mean,2025,42,65,ES1 0 bat,0.0
mean,2025,42,66,ES1 0 bat,0.0
mean,2025,42,67,ES1 0 bat,0.0
mean,2025,42,68,ES1 0 bat,0.0
mean,2025,42,69,ES1 0 bat,0.0
mean,2025,42,70,ES1 0 bat,0.0
mean,2025,42,71,ES1 0 bat,0.0
mean,2025,42,72,ES1 0 bat,0.0
mean,2025,42,73,ES1 0 bat,0.0
mean,2025,42,74,ES1 0 bat,0.0
mean,2025,42,75,ES1 0 bat,0.0
mean,2025,42,76,ES1 0 bat,0.0
mean,2025,42,77,ES1 0 bat,0.0
mean,2025,42,78,ES1 0 bat,0.0
mean,2025,42,79,ES1 0 bat,0.0
mean,2025,42,80,ES1 0 bat,0.0
mean,2025,42,81,ES1 0 bat,0.0
mean,2025,42,82,ES1 0 bat,0.0
mean,2025,42,83,ES1 0 bat,0.0
mean,2025,42,84,ES1 0 bat,0.0
mean,2025,42,85,ES1 0 bat,0.0
mean,2025,42,86,ES1 0 bat,0.0
mean,2025,42,87,ES1 0 bat,0.0
mean,2025,42,88,ES1 0 bat,0.0
mean,2025,42,89,ES1 0 bat,0.0
mean,2025,42,90,ES1 0 bat,0.0
mean,2025,42,91,ES1 0 bat,0.0
mean,2025,42,92,ES1 0 bat,0.0
mean,2025,42,93,ES1 0 bat,0.0
mean,2025,42,94,ES1 0 bat,0.0
mean,2025,42,95,ES1 0 bat,0.0
mean,2025,42,96,ES1 0 bat,0.0
mean,2025,42,97,ES1 0 bat,0.0
mean,2025,42,98,ES1 0 bat,0.0
mean,2025,42,99,ES1 0 bat,0.0
mean,2025,42,100,ES1 0 bat,0.0
mean,2025,42,101,ES1 0 bat,0.0
mean,2025,42,102,ES1 0 bat,0.0
mean,2025,42,103,ES1 0 bat,0.0
mean,2025,42,104,ES1 0 bat,0.0
mean,2025,42,105,ES1 0 bat,0.0
mean,2025,42,106,ES1 0 bat,0.0
mean,2025,42,107,ES1 0 bat,0.0
mean,2025,42,108,ES1 0 bat,0.0
mean,2025,42,109,ES1 0 bat,0.0
mean,2025,42,110,ES1 0 bat,0.0
mean,2025,42,111,ES1 0 bat,0.0
mean,2025,42,112,ES1 0 bat,0.0
mean,2025,42,113,ES1 0 bat,0.0
mean,2025,42,114,ES1 0 bat,0.0
mean,2025,42,115,ES1 0 bat,0.0
mean,2025,42,116,ES1 0 bat,0.0
mean,2025,42,117,ES1 0 bat,0.0
mean,2025,42,118,ES1 0 bat,0.0
mean,2025,42,119,ES1 0 bat,0.0
mean,2025,42,120,ES1 0 bat,0.0
mean,2025,42,121,ES1 0 bat,0.0
mean,2025,42,122,ES1 0 bat,0.0
mean,2025,42,123,ES1 0 bat,0.0
mean,2025,42,124,ES1 0 bat,0.0
mean,2025,42,125,ES1 0 bat,0.0
mean,2025,42,126,ES1 0 bat,0.0
mean,2025,42,127,ES1 0 bat,0.0
mean,2025,42,128,ES1 0 bat,0.0
mean,2025,42,129,ES1 0 bat,0.0
mean,2025,42,130,ES1 0 bat,0.0
mean,2025,42,131,ES1 0 bat,0.0
mean,2025,42,132,ES1 0 bat,0.0
mean,2025,42,133,ES1 0 bat,0.0
mean,2025,42,134,ES1 0 bat,0.0
mean,2025,42,135,ES1 0 bat,0.0
mean,2025,42,136,ES1 0 bat,0.0
mean,2025,42,137,ES1 0 bat,0.0
mean,2025,42,138,ES1 0 bat,0.0
mean,2025,42,139,ES1 0 bat,0.0
mean,2025,42,140,ES1 0 bat,0.0
mean,2025,42,141,ES1 0 bat,0.0
mean,2025,42,142,ES1 0 bat,0.0
mean,2025,42,143,ES1 0 bat,0.0
mean,2025,42,144,ES1 0 bat,0.0
mean,2025,42,145,ES1 0 bat,0.0
mean,2025,42,146,ES1 0 bat,0.0
mean,2025,42,147,ES1 0 bat,0.0
mean,2025,42,148,ES1 0 bat,0.0
mean,2025,42,149,ES1 0 bat,0.0
mean,2025,42,150,ES1 0 bat,0.0
mean,2025,42,151,ES1 0 bat,0.0
mean,2025,42,152,ES1 0 bat,0.0
mean,2025,42,153,ES1 0 bat,0.0
mean,2025,42,154,ES1 0 bat,0.0
mean,2025,42,155,ES1 0 bat,0.0
mean,2025,42,156,ES1 0 bat,0.0
mean,2025,42,157,ES1 0 bat,0.0
mean,2025,42,158,ES1 0 bat,0.0
mean,2025,42,159,ES1 0 bat,0.0
mean,2025,42,160,ES1 0 bat,0.0
mean,2025,42,161,ES1 0 bat,0.0
mean,2025,42,162,ES1 0 bat,0.0
mean,2025,42,163,ES1 0 bat,0.0
mean,2025,42,164,ES1 0 bat,0.0
mean,2025,42,165,ES1 0 bat,0.0
mean,2025,42,166,ES1 0 bat,0.0
mean,2025,42,167,ES1 0 bat,0.0
mean,2025,52,0,ES1 0 bat,0.0
mean,2025,52,1,ES1 0 bat,0.0
mean,2025,52,2,ES1 0 bat,0.0
mean,2025,52,3,ES1 0 bat,0.0
mean,2025,52,4,ES1 0 bat,0.0
mean,2025,52,5,ES1 0 bat,0.0
mean,2025,52,6,ES1 0 bat,0.0
mean,2025,52,7,ES1 0 bat,0.0
mean,2025,52,8,ES1 0 bat,0.0
mean,2025,52,9,ES1 0 bat,0.0
mean,2025,52,10,ES1 0 bat,0.0
mean,2025,52,11,ES1 0 bat,0.0
mean,2025,52,12,ES1 0 bat,0.0
mean,2025,52,13,ES1 0 bat,0.0
mean,2025,52,14,ES1 0 bat,0.0
mean,2025,52,15,ES1 0 bat,0.0
mean,2025,52,16,ES1 0 bat,0.0
mean,2025,52,17,ES1 0 bat,0.0
mean,2025,52,18,ES1 0 bat,0.0
mean,2025,52,19,ES1 0 bat,0.0
mean,2025,52,20,ES1 0 bat,0.0
mean,2025,52,21,ES1 0 bat,0.0
mean,2025,52,22,ES1 0 bat,0.0
mean,2025,52,23,ES1 0 bat,0.0
mean,2025,52,24,ES1 0 bat,0.0
mean,2025,52,25,ES1 0 bat,0.0
mean,2025,52,26,ES1 0 bat,0.0
mean,2025,52,27,ES1 0 bat,0.0
mean,2025,52,28,ES1 0 bat,0.0
mean,2025,52,29,ES1 0 bat,0.0
mean,2025,52,30,ES1 0 bat,0.0
mean,2025,52,31,ES1 0 bat,0.0
mean,2025,52,32,ES1 0 bat,0.0
mean,2025,52,33,ES1 0 bat,0.0
mean,2025,52,34,ES1 0 bat,0.0
mean,2025,52,35,ES1 0 bat,0.0
mean,2025,52,36,ES1 0 bat,0.0
mean,2025,52,37,ES1 0 bat,0.0
mean,2025,52,38,ES1 0 bat,0.0
mean,2025,52,39,ES1 0 bat,0.0
mean,2025,52,40,ES1 0 bat,0.0
mean,2025,52,41,ES1 0 bat,0.0
mean,2025,52,42,ES1 0 bat,0.0
mean,2025,52,43,ES1 0 bat,0.0
mean,2025,52,44,ES1 0 bat,0.0
mean,2025,52,45,ES1 0 bat,0.0
mean,2025,52,46,ES1 0 bat,0.0
mean,2025,52,47,ES1 0 bat,0.0
mean,2025,52,48,ES1 0 bat,0.0
mean,2025,52,49,ES1 0 bat,0.0
mean,2025,52,50,ES1 0 bat,0.0
mean,2025,52,51,ES1 0 bat,0.0
mean,2025,52,52,ES1 0 bat,0.0
mean,2025,52,53,ES1 0 bat,0.0
mean,2025,52,54,ES1 0 bat,0.0
mean,2025,52,55,ES1 0 bat,0.0
mean,2025,52,56,ES1 0 bat,0.0
mean,2025,52,57,ES1 0 bat,0.0
mean,2025,52,58,ES1 0 bat,0.0
mean,2025,52,59,ES1 0 bat,0.0
mean,2025,52,60,ES1 0 bat,0.0
mean,2025,52,61,ES1 0 bat,0.0
mean,2025,52,62,ES1 0 bat,0.0
mean,2025,52,63,ES1 0 bat,0.0
mean,2025,52,64,ES1 0 bat,0.0
mean,2025,52,65,ES1 0 bat,0.0
mean,2025,52,66,ES1 0 bat,0.0
mean,2025,52,67,ES1 0 bat,0.0
mean,2025,52,68,ES1 0 bat,0.0
mean,2025,52,69,ES1 0 bat,0.0
mean,2025,52,70,ES1 0 bat,0.0
mean,2025,52,71,ES1 0 bat,0.0
mean,2025,52,72,ES1 0 bat,0.0
mean,2025,52,73,ES1 0 bat,0.0
mean,2025,52,74,ES1 0 bat,0.0
mean,2025,52,75,ES1 0 bat,0.0
mean,2025,52,76,ES1 0 bat,0.0
mean,2025,52,77,ES1 0 bat,0.0
mean,2025,52,78,ES1 0 bat,0.0
mean,2025,52,79,ES1 0 bat,0.0
mean,2025,52,80,ES1 0 bat,0.0
mean,2025,52,81,ES1 0 bat,0.0
mean,2025,52,82,ES1 0 bat,0.0
mean,2025,52,83,ES1 0 bat,0.0
mean,2025,52,84,ES1 0 bat,0.0
mean,2025,52,85,ES1 0 bat,0.0
mean,2025,52,86,ES1 0 bat,0.0
mean,2025,52,87,ES1 0 bat,0.0
mean,2025,52,88,ES1 0 bat,0.0
mean,2025,52,89,ES1 0 bat,0.0
mean,2025,52,90,ES1 0 bat,0.0
mean,2025,52,91,ES1 0 bat,0.0
mean,2025,52,92,ES1 0 bat,0.0
mean,2025,52,93,ES1 0 bat,0.0
mean,2025,52,94,ES1 0 bat,0.0
mean,2025,52,95,ES1 0 bat,0.0
mean,2025,52,96,ES1 0 bat,0.0
mean,2025,52,97,ES1 0 bat,0.0
mean,2025,52,98,ES1 0 bat,0.0
mean,2025,52,99,ES1 0 bat,0.0
mean,2025,52,100,ES1 0 bat,0.0
mean,2025,52,101,ES1 0 bat,0.0
mean,2025,52,102,ES1 0 bat,0.0
mean,2025,52,103,ES1 0 bat,0.0
mean,2025,52,104,ES1 0 bat,0.0
mean,2025,52,105,ES1 0 bat,0.0
mean,2025,52,106,ES1 0 bat,0.0
mean,2025,52,107,ES1 0 bat,0.0
mean,2025,52,108,ES1 0 bat,0.0
mean,2025,52,109,ES1 0 bat,0.0
mean,2025,52,110,ES1 0 bat,0.0
mean,2025,52,111,ES1 0 bat,0.0
mean,2025,52,112,ES1 0 bat,0.0
mean,2025,52,113,ES1 0 bat,0.0
mean,2025,52,114,ES1 0 bat,0.0
mean,2025,52,115,ES1 0 bat,0.0
mean,2025,52,116,ES1 0 bat,0.0
mean,2025,52,117,ES1 0 bat,0.0
mean,2025,52,118,ES1 0 bat,0.0
mean,2025,52,119,ES1 0 bat,0.0
mean,2025,52,120,ES1 0 bat,0.0
mean,2025,52,121,ES1 0 bat,0.0
mean,2025,52,122,ES1 0 bat,0.0
mean,2025,52,123,ES1 0 bat,0.0
mean,2025,52,124,ES1 0 bat,0.0
mean,2025,52,125,ES1 0 bat,0.0
mean,2025,52,126,ES1 0 bat,0.0
mean,2025,52,127,ES1 0 bat,0.0
mean,2025,52,128,ES1 0 bat,0.0
mean,2025,52,129,ES1 0 bat,0.0
mean,2025,52,130,ES1 0 bat,0.0
mean,2025,52,131,ES1 0 bat,0.0
mean,2025,52,132,ES1 0 bat,0.0
mean,2025,52,133,ES1 0 bat,0.0
mean,2025,52,134,ES1 0 bat,0.0
mean,2025,52,135,ES1 0 bat,0.0
mean,2025,52,136,ES1 0 bat,0.0
mean,2025,52,137,ES1 0 bat,0.0
mean,2025,52,138,ES1 0 bat,0.0
mean,2025,52,139,ES1 0 bat,0.0
mean,2025,52,140,ES1 0 bat,0.0
mean,2025,52,141,ES1 0 bat,0.0
mean,2025,52,142,ES1 0 bat,0.0
mean,2025,52,143,ES1 0 bat,0.0
mean,2025,52,144,ES1 0 bat,0.0
mean,2025,52,145,ES1 0 bat,0.0
mean,2025,52,146,ES1 0 bat,0.0
mean,2025,52,147,ES1 0 bat,0.0
mean,2025,52,148,ES1 0 bat,0.0
mean,2025,52,149,ES1 0 bat,0.0
mean,2025,52,150,ES1 0 bat,0.0
mean,2025,52,151,ES1 0 bat,0.0
mean,2025,52,152,ES1 0 bat,0.0
mean,2025,52,153,ES1 0 bat,0.0
mean,2025,52,154,ES1 0 bat,0.0
mean,2025,52,155,ES1 0 bat,0.0
mean,2025,52,156,ES1 0 bat,0.0
mean,2025,52,157,ES1 0 bat,0.0
mean,2025,52,158,ES1 0 bat,0.0
mean,2025,52,159,ES1 0 bat,0.0
mean,2025,52,160,ES1 0 bat,0.0
mean,2025,52,161,ES1 0 bat,0.0
mean,2025,52,162,ES1 0 bat,0.0
mean,2025,52,163,ES1 0 bat,0.0
mean,2025,52,164,ES1 0 bat,0.0
mean,2025,52,165,ES1 0 bat,0.0
mean,2025,52,166,ES1 0 bat,0.0
mean,2025,52,167,ES1 0 bat,0.0
mean,2030,11,0,ES1 0 bat,0.0
mean,2030,11,1,ES1 0 bat,0.0
mean,2030,11,2,ES1 0 bat,0.0
mean,2030,11,3,ES1 0 bat,0.0
mean,2030,11,4,ES1 0 bat,0.0
mean,2030,11,5,ES1 0 bat,0.0
mean,2030,11,6,ES1 0 bat,0.0
mean,2030,11,7,ES1 0 bat,0.0
mean,2030,11,8,ES1 0 bat,0.0
mean,2030,11,9,ES1 0 bat,0.0
mean,2030,11,10,ES1 0 bat,0.0
mean,2030,11,11,ES1 0 bat,0.0
mean,2030,11,12,ES1 0 bat,0.0
mean,2030,11,13,ES1 0 bat,0.0
mean,2030,11,14,ES1 0 bat,0.0
mean,2030,11,15,ES1 0 bat,0.0
mean,2030,11,16,ES1 0 bat,0.0
mean,2030,11,17,ES1 0 bat,0.0
mean,2030,11,18,ES1 0 bat,0.0
mean,2030,11,19,ES1 0 bat,0.0
mean,2030,11,20,ES1 0 bat,0.0
mean,2030,11,21,ES1 0 bat,0.0
mean,2030,11,22,ES1 0 bat,0.0
mean,2030,11,23,ES1 0 bat,0.0
mean,2030,11,24,ES1 0 bat,0.0
mean,2030,11,25,ES1 0 bat,0.0
mean,2030,11,26,ES1 0 bat,0.0
mean,2030,11,27,ES1 0 bat,0.0
mean,2030,11,28,ES1 0 bat,0.0
mean,2030,11,29,ES1 0 bat,0.0
mean,2030,11,30,ES1 0 bat,0.0
mean,2030,11,31,ES1 0 bat,0.0
mean,2030,11,32,ES1 0 bat,0.0
mean,2030,11,33,ES1 0 bat,0.0
mean,2030,11,34,ES1 0 bat,0.0
mean,2030,11,35,ES1 0 bat,0.0
mean,2030,11,36,ES1 0 bat,0.0
mean,2030,11,37,ES1 0 bat,0.0
mean,2030,11,38,ES1 0 bat,0.0
mean,2030,11,39,ES1 0 bat,0.0
mean,2030,11,40,ES1 0 bat,0.0
mean,2030,11,41,ES1 0 bat,0.0
mean,2030,11,42,ES1 0 bat,0.0
mean,2030,11,43,ES1 0 bat,0.0
mean,2030,11,44,ES1 0 bat,0.0
mean,2030,11,45,ES1 0 bat,0.0
mean,2030,11,46,ES1 0 bat,0.0
mean,2030,11,47,ES1 0 bat,0.0
mean,2030,11,48,ES1 0 bat,0.0
mean,2030,11,49,ES1 0 bat,0.0
mean,2030,11,50,ES1 0 bat,0.0
mean,2030,11,51,ES1 0 bat,0.0
mean,2030,11,52,ES1 0 bat,0.0
mean,2030,11,53,ES1 0 bat,0.0
mean,2030,11,54,ES1 0 bat,0.0
mean,2030,11,55,ES1 0 bat,0.0
mean,2030,11,56,ES1 0 bat,0.0
mean,2030,11,57,ES1 0 bat,0.0
mean,2030,11,58,ES1 0 bat,0.0
mean,2030,11,59,ES1 0 bat,0.0
mean,2030,11,60,ES1 0 bat,0.0
mean,2030,11,61,ES1 0 bat,0.0
mean,2030,11,62,ES1 0 bat,0.0
mean,2030,11,63,ES1 0 bat,0.0
mean,2030,11,64,ES1 0 bat,0.0
mean,2030,11,65,ES1 0 bat,0.0
mean,2030,11,66,ES1 0 bat,0.0
mean,2030,11,67,ES1 0 bat,0.0
mean,2030,11,68,ES1 0 bat,0.0
mean,2030,11,69,ES1 0 bat,0.0
mean,2030,11,70,ES1 0 bat,0.0
mean,2030,11,71,ES1 0 bat,0.0
mean,2030,11,72,ES1 0 bat,0.0
mean,2030,11,73,ES1 0 bat,0.0
mean,2030,11,74,ES1 0 bat,0.0
mean,2030,11,75,ES1 0 bat,0.0
mean,2030,11,76,ES1 0 bat,0.0
mean,2030,11,77,ES1 0 bat,0.0
mean,2030,11,78,ES1 0 bat,0.0
mean,2030,11,79,ES1 0 bat,0.0
mean,2030,11,80,ES1 0 bat,0.0
mean,2030,11,81,ES1 0 bat,0.0
mean,2030,11,82,ES1 0 bat,0.0
mean,2030,11,83,ES1 0 bat,0.0
mean,2030,11,84,ES1 0 bat,0.0
mean,2030,11,85,ES1 0 bat,0.0
mean,2030,11,86,ES1 0 bat,0.0
mean,2030,11,87,ES1 0 bat,0.0
mean,2030,11,88,ES1 0 bat,0.0
mean,2030,11,89,ES1 0 bat,0.0
mean,2030,11,90,ES1 0 bat,0.0
mean,2030,11,91,ES1 0 bat,0.0
mean,2030,11,92,ES1 0 bat,0.0
mean,2030,11,93,ES1 0 bat,0.0
mean,2030,11,94,ES1 0 bat,0.0
mean,2030,11,95,ES1 0 bat,0.0
mean,2030,11,96,ES1 0 bat,0.0
mean,2030,11,97,ES1 0 bat,0.0
mean,2030,11,98,ES1 0 bat,0.0
mean,2030,11,99,ES1 0 bat,0.0
mean,2030,11,100,ES1 0 bat,0.0
mean,2030,11,101,ES1 0 bat,0.0
mean,2030,11,102,ES1 0 bat,0.0
mean,2030,11,103,ES1 0 bat,0.0
mean,2030,11,104,ES1 0 bat,0.0
mean,2030,11,105,ES1 0 bat,0.0
mean,2030,11,106,ES1 0 bat,0.0
mean,2030,11,107,ES1 0 bat,0.0
mean,2030,11,108,ES1 0 bat,0.0
mean,2030,11,109,ES1 0 bat,0.0
mean,2030,11,110,ES1 0 bat,0.0
mean,2030,11,111,ES1 0 bat,0.0
mean,2030,11,112,ES1 0 bat,0.0
mean,2030,11,113,ES1 0 bat,0.0
mean,2030,11,114,ES1 0 bat,0.0
mean,2030,11,115,ES1 0 bat,0.0
mean,2030,11,116,ES1 0 bat,0.0
mean,2030,11,117,ES1 0 bat,0.0
mean,2030,11,118,ES1 0 bat,0.0
mean,2030,11,119,ES1 0 bat,0.0
mean,2030,11,120,ES1 0 bat,0.0
mean,2030,11,121,ES1 0 bat,0.0
mean,2030,11,122,ES1 0 bat,0.0
mean,2030,11,123,ES1 0 bat,0.0
mean,2030,11,124,ES1 0 bat,0.0
mean,2030,11,125,ES1 0 bat,0.0
mean,2030,11,126,ES1 0 bat,0.0
mean,2030,11,127,ES1 0 bat,0.0
mean,2030,11,128,ES1 0 bat,0.0
mean,2030,11,129,ES1 0 bat,0.0
mean,2030,11,130,ES1 0 bat,0.0
mean,2030,11,131,ES1 0 bat,0.0
mean,2030,11,132,ES1 0 bat,0.0
mean,2030,11,133,ES1 0 bat,0.0
mean,2030,11,134,ES1 0 bat,0.0
mean,2030,11,135,ES1 0 bat,0.0
mean,2030,11,136,ES1 0 bat,0.0
mean,2030,11,137,ES1 0 bat,0.0
mean,2030,11,138,ES1 0 bat,0.0
mean,2030,11,139,ES1 0 bat,0.0
mean,2030,11,140,ES1 0 bat,0.0
mean,2030,11,141,ES1 0 bat,0.0
mean,2030,11,142,ES1 0 bat,0.0
mean,2030,11,143,ES1 0 bat,0.0
mean,2030,11,144,ES1 0 bat,0.0
mean,2030,11,145,ES1 0 bat,0.0
mean,2030,11,146,ES1 0 bat,0.0
mean,2030,11,147,ES1 0 bat,0.0
mean,2030,11,148,ES1 0 bat,0.0
mean,2030,11,149,ES1 0 bat,0.0
mean,2030,11,150,ES1 0 bat,0.0
mean,2030,11,151,ES1 0 bat,0.0
mean,2030,11,152,ES1 0 bat,0.0
mean,2030,11,153,ES1 0 bat,0.0
mean,2030,11,154,ES1 0 bat,0.0
mean,2030,11,155,ES1 0 bat,0.0
mean,2030,11,156,ES1 0 bat,0.0
mean,2030,11,157,ES1 0 bat,0.0
mean,2030,11,158,ES1 0 bat,0.0
mean,2030,11,159,ES1 0 bat,0.0
mean,2030,11,160,ES1 0 bat,0.0
mean,2030,11,161,ES1 0 bat,0.0
mean,2030,11,162,ES1 0 bat,0.0
mean,2030,11,163,ES1 0 bat,0.0
mean,2030,11,164,ES1 0 bat,0.0
mean,2030,11,165,ES1 0 bat,0.0
mean,2030,11,166,ES1 0 bat,0.0
mean,2030,11,167,ES1 0 bat,0.0
mean,2030,21,0,ES1 0 bat,0.0
mean,2030,21,1,ES1 0 bat,0.0
mean,2030,21,2,ES1 0 bat,0.0
mean,2030,21,3,ES1 0 bat,0.0
mean,2030,21,4,ES1 0 bat,0.0
mean,2030,21,5,ES1 0 bat,0.0
mean,2030,21,6,ES1 0 bat,0.0
mean,2030,21,7,ES1 0 bat,0.0
mean,2030,21,8,ES1 0 bat,0.0
mean,2030,21,9,ES1 0 bat,0.0
mean,2030,21,10,ES1 0 bat,0.0
mean,2030,21,11,ES1 0 bat,0.0
mean,2030,21,12,ES1 0 bat,0.0
mean,2030,21,13,ES1 0 bat,0.0
mean,2030,21,14,ES1 0 bat,0.0
mean,2030,21,15,ES1 0 bat,0.0
mean,2030,21,16,ES1 0 bat,0.0
mean,2030,21,17,ES1 0 bat,0.0
mean,2030,21,18,ES1 0 bat,0.0
mean,2030,21,19,ES1 0 bat,0.0
mean,2030,21,20,ES1 0 bat,0.0
mean,2030,21,21,ES1 0 bat,0.0
mean,2030,21,22,ES1 0 bat,0.0
mean,2030,21,23,ES1 0 bat,0.0
mean,2030,21,24,ES1 0 bat,0.0
mean,2030,21,25,ES1 0 bat,0.0
mean,2030,21,26,ES1 0 bat,0.0
mean,2030,21,27,ES1 0 bat,0.0
mean,2030,21,28,ES1 0 bat,0.0
mean,2030,21,29,ES1 0 bat,0.0
mean,2030,21,30,ES1 0 bat,0.0
mean,2030,21,31,ES1 0 bat,0.0
mean,2030,21,32,ES1 0 bat,0.0
mean,2030,21,33,ES1 0 bat,0.0
mean,2030,21,34,ES1 0 bat,0.0
mean,2030,21,35,ES1 0 bat,0.0
mean,2030,21,36,ES1 0 bat,0.0
mean,2030,21,37,ES1 0 bat,0.0
mean,2030,21,38,ES1 0 bat,0.0
mean,2030,21,39,ES1 0 bat,0.0
mean,2030,21,40,ES1 0 bat,0.0
mean,2030,21,41,ES1 0 bat,0.0
mean,2030,21,42,ES1 0 bat,0.0
mean,2030,21,43,ES1 0 bat,0.0
mean,2030,21,44,ES1 0 bat,0.0
mean,2030,21,45,ES1 0 bat,0.0
mean,2030,21,46,ES1 0 bat,0.0
mean,2030,21,47,ES1 0 bat,0.0
mean,2030,21,48,ES1 0 bat,0.0
mean,2030,21,49,ES1 0 bat,0.0
mean,2030,21,50,ES1 0 bat,0.0
mean,2030,21,51,ES1 0 bat,0.0
mean,2030,21,52,ES1 0 bat,0.0
mean,2030,21,53,ES1 0 bat,0.0
mean,2030,21,54,ES1 0 bat,0.0
mean,2030,21,55,ES1 0 bat,0.0
mean,2030,21,56,ES1 0 bat,0.0
mean,2030,21,57,ES1 0 bat,0.0
mean,2030,21,58,ES1 0 bat,0.0
mean,2030,21,59,ES1 0 bat,0.0
mean,2030,21,60,ES1 0 bat,0.0
mean,2030,21,61,ES1 0 bat,0.0
mean,2030,21,62,ES1 0 bat,0.0
mean,2030,21,63,ES1 0 bat,0.0
mean,2030,21,64,ES1 0 bat,0.0
mean,2030,21,65,ES1 0 bat,0.0
mean,2030,21,66,ES1 0 bat,0.0
mean,2030,21,67,ES1 0 bat,0.0
mean,2030,21,68,ES1 0 bat,0.0
mean,2030,21,69,ES1 0 bat,0.0
mean,2030,21,70,ES1 0 bat,0.0
mean,2030,21,71,ES1 0 bat,0.0
mean,2030,21,72,ES1 0 bat,0.0
mean,2030,21,73,ES1 0 bat,0.0
mean,2030,21,74,ES1 0 bat,0.0
mean,2030,21,75,ES1 0 bat,0.0
mean,2030,21,76,ES1 0 bat,0.0
mean,2030,21,77,ES1 0 bat,0.0
mean,2030,21,78,ES1 0 bat,0.0
mean,2030,21,79,ES1 0 bat,0.0
mean,2030,21,80,ES1 0 bat,0.0
mean,2030,21,81,ES1 0 bat,0.0
mean,2030,21,82,ES1 0 bat,0.0
mean,2030,21,83,ES1 0 bat,0.0
mean,2030,21,84,ES1 0 bat,0.0
mean,2030,21,85,ES1 0 bat,0.0
mean,2030,21,86,ES1 0 bat,0.0
mean,2030,21,87,ES1 0 bat,0.0
mean,2030,21,88,ES1 0 bat,0.0
mean,2030,21,89,ES1 0 bat,0.0
mean,2030,21,90,ES1 0 bat,0.0
mean,2030,21,91,ES1 0 bat,0.0
mean,2030,21,92,ES1 0 bat,0.0
mean,2030,21,93,ES1 0 bat,0.0
mean,2030,21,94,ES1 0 bat,0.0
mean,2030,21,95,ES1 0 bat,0.0
mean,2030,21,96,ES1 0 bat,0.0
mean,2030,21,97,ES1 0 bat,0.0
mean,2030,21,98,ES1 0 bat,0.0
mean,2030,21,99,ES1 0 bat,0.0
mean,2030,21,100,ES1 0 bat,0.0
mean,2030,21,101,ES1 0 bat,0.0
mean,2030,21,102,ES1 0 bat,0.0
mean,2030,21,103,ES1 0 bat,0.0
mean,2030,21,104,ES1 0 bat,0.0
mean,2030,21,105,ES1 0 bat,0.0
mean,2030,21,106,ES1 0 bat,0.0
mean,2030,21,107,ES1 0 bat,0.0
mean,2030,21,108,ES1 0 bat,0.0
mean,2030,21,109,ES1 0 bat,0.0
mean,2030,21,110,ES1 0 bat,0.0
mean,2030,21,111,ES1 0 bat,0.0
mean,2030,21,112,ES1 0 bat,0.0
mean,2030,21,113,ES1 0 bat,0.0
mean,2030,21,114,ES1 0 bat,0.0
mean,2030,21,115,ES1 0 bat,0.0
mean,2030,21,116,ES1 0 bat,0.0
mean,2030,21,117,ES1 0 bat,0.0
mean,2030,21,118,ES1 0 bat,0.0
mean,2030,21,119,ES1 0 bat,0.0
mean,2030,21,120,ES1 0 bat,0.0
mean,2030,21,121,ES1 0 bat,0.0
mean,2030,21,122,ES1 0 bat,0.0
mean,2030,21,123,ES1 0 bat,0.0
mean,2030,21,124,ES1 0 bat,0.0
mean,2030,21,125,ES1 0 bat,0.0
mean,2030,21,126,ES1 0 bat,0.0
mean,2030,21,127,ES1 0 bat,0.0
mean,2030,21,128,ES1 0 bat,0.0
mean,2030,21,129,ES1 0 bat,0.0
mean,2030,21,130,ES1 0 bat,0.0
mean,2030,21,131,ES1 0 bat,0.0
mean,2030,21,132,ES1 0 bat,0.0
mean,2030,21,133,ES1 0 bat,0.0
mean,2030,21,134,ES1 0 bat,0.0
mean,2030,21,135,ES1 0 bat,0.0
mean,2030,21,136,ES1 0 bat,0.0
mean,2030,21,137,ES1 0 bat,0.0
mean,2030,21,138,ES1 0 bat,0.0
mean,2030,21,139,ES1 0 bat,0.0
mean,2030,21,140,ES1 0 bat,0.0
mean,2030,21,141,ES1 0 bat,0.0
mean,2030,21,142,ES1 0 bat,0.0
mean,2030,21,143,ES1 0 bat,0.0
mean,2030,21,144,ES1 0 bat,0.0
mean,2030,21,145,ES1 0 bat,0.0
mean,2030,21,146,ES1 0 bat,0.0
mean,2030,21,147,ES1 0 bat,0.0
mean,2030,21,148,ES1 0 bat,0.0
mean,2030,21,149,ES1 0 bat,0.0
mean,2030,21,150,ES1 0 bat,0.0
mean,2030,21,151,ES1 0 bat,0.0
mean,2030,21,152,ES1 0 bat,0.0
mean,2030,21,153,ES1 0 bat,0.0
mean,2030,21,154,ES1 0 bat,0.0
mean,2030,21,155,ES1 0 bat,0.0
mean,2030,21,156,ES1 0 bat,0.0
mean,2030,21,157,ES1 0 bat,0.0
mean,2030,21,158,ES1 0 bat,0.0
mean,2030,21,159,ES1 0 bat,0.0
mean,2030,21,160,ES1 0 bat,0.0
mean,2030,21,161,ES1 0 bat,0.0
mean,2030,21,162,ES1 0 bat,0.0
mean,2030,21,163,ES1 0 bat,0.0
mean,2030,21,164,ES1 0 bat,0.0
mean,2030,21,165,ES1 0 bat,0.0
mean,2030,21,166,ES1 0 bat,0.0
mean,2030,21,167,ES1 0 bat,0.0
mean,2030,42,0,ES1 0 bat,0.0
mean,2030,42,1,ES1 0 bat,0.0
mean,2030,42,2,ES1 0 bat,0.0
mean,2030,42,3,ES1 0 bat,0.0
mean,2030,42,4,ES1 0 bat,0.0
mean,2030,42,5,ES1 0 bat,0.0
mean,2030,42,6,ES1 0 bat,0.0
mean,2030,42,7,ES1 0 bat,0.0
mean,2030,42,8,ES1 0 bat,0.0
mean,2030,42,9,ES1 0 bat,0.0
mean,2030,42,10,ES1 0 bat,0.0
mean,2030,42,11,ES1 0 bat,0.0
mean,2030,42,12,ES1 0 bat,0.0
mean,2030,42,13,ES1 0 bat,0.0
mean,2030,42,14,ES1 0 bat,0.0
mean,2030,42,15,ES1 0 bat,0.0
mean,2030,42,16,ES1 0 bat,0.0
mean,2030,42,17,ES1 0 bat,0.0
mean,2030,42,18,ES1 0 bat,0.0
mean,2030,42,19,ES1 0 bat,0.0
mean,2030,42,20,ES1 0 bat,0.0
mean,2030,42,21,ES1 0 bat,0.0
mean,2030,42,22,ES1 0 bat,0.0
mean,2030,42,23,ES1 0 bat,0.0
mean,2030,42,24,ES1 0 bat,0.0
mean,2030,42,25,ES1 0 bat,0.0
mean,2030,42,26,ES1 0 bat,0.0
mean,2030,42,27,ES1 0 bat,0.0
mean,2030,42,28,ES1 0 bat,0.0
mean,2030,42,29,ES1 0 bat,0.0
mean,2030,42,30,ES1 0 bat,0.0
mean,2030,42,31,ES1 0 bat,0.0
mean,2030,42,32,ES1 0 bat,0.0
mean,2030,42,33,ES1 0 bat,0.0
mean,2030,42,34,ES1 0 bat,0.0
mean,2030,42,35,ES1 0 bat,0.0
mean,2030,42,36,ES1 0 bat,0.0
mean,2030,42,37,ES1 0 bat,0.0
mean,2030,42,38,ES1 0 bat,0.0
mean,2030,42,39,ES1 0 bat,0.0
mean,2030,42,40,ES1 0 bat,0.0
mean,2030,42,41,ES1 0 bat,0.0
mean,2030,42,42,ES1 0 bat,0.0
mean,2030,42,43,ES1 0 bat,0.0
mean,2030,42,44,ES1 0 bat,0.0
mean,2030,42,45,ES1 0 bat,0.0
mean,2030,42,46,ES1 0 bat,0.0
mean,2030,42,47,ES1 0 bat,0.0
mean,2030,42,48,ES1 0 bat,0.0
mean,2030,42,49,ES1 0 bat,0.0
mean,2030,42,50,ES1 0 bat,0.0
mean,2030,42,51,ES1 0 bat,0.0
mean,2030,42,52,ES1 0 bat,0.0
mean,2030,42,53,ES1 0 bat,0.0
mean,2030,42,54,ES1 0 bat,0.0
mean,2030,42,55,ES1 0 bat,0.0
mean,2030,42,56,ES1 0 bat,0.0
mean,2030,42,57,ES1 0 bat,0.0
mean,2030,42,58,ES1 0 bat,0.0
mean,2030,42,59,ES1 0 bat,0.0
mean,2030,42,60,ES1 0 bat,0.0
mean,2030,42,61,ES1 0 bat,0.0
mean,2030,42,62,ES1 0 bat,0.0
mean,2030,42,63,ES1 0 bat,0.0
mean,2030,42,64,ES1 0 bat,0.0
mean,2030,42,65,ES1 0 bat,0.0
mean,2030,42,66,ES1 0 bat,0.0
mean,2030,42,67,ES1 0 bat,0.0
mean,2030,42,68,ES1 0 bat,0.0
mean,2030,42,69,ES1 0 bat,0.0
mean,2030,42,70,ES1 0 bat,0.0
mean,2030,42,71,ES1 0 bat,0.0
mean,2030,42,72,ES1 0 bat,0.0
mean,2030,42,73,ES1 0 bat,0.0
mean,2030,42,74,ES1 0 bat,0.0
mean,2030,42,75,ES1 0 bat,0.0
mean,2030,42,76,ES1 0 bat,0.0
mean,2030,42,77,ES1 0 bat,0.0
mean,2030,42,78,ES1 0 bat,0.0
mean,2030,42,79,ES1 0 bat,0.0
mean,2030,42,80,ES1 0 bat,0.0
mean,2030,42,81,ES1 0 bat,0.0
mean,2030,42,82,ES1 0 bat,0.0
mean,2030,42,83,ES1 0 bat,0.0
mean,2030,42,84,ES1 0 bat,0.0
mean,2030,42,85,ES1 0 bat,0.0
mean,2030,42,86,ES1 0 bat,0.0
mean,2030,42,87,ES1 0 bat,0.0
mean,2030,42,88,ES1 0 bat,0.0
mean,2030,42,89,ES1 0 bat,0.0
mean,2030,42,90,ES1 0 bat,0.0
mean,2030,42,91,ES1 0 bat,0.0
mean,2030,42,92,ES1 0 bat,0.0
mean,2030,42,93,ES1 0 bat,0.0
mean,2030,42,94,ES1 0 bat,0.0
mean,2030,42,95,ES1 0 bat,0.0
mean,2030,42,96,ES1 0 bat,0.0
mean,2030,42,97,ES1 0 bat,0.0
mean,2030,42,98,ES1 0 bat,0.0
mean,2030,42,99,ES1 0 bat,0.0
mean,2030,42,100,ES1 0 bat,0.0
mean,2030,42,101,ES1 0 bat,0.0
mean,2030,42,102,ES1 0 bat,0.0
mean,2030,42,103,ES1 0 bat,0.0
mean,2030,42,104,ES1 0 bat,0.0
mean,2030,42,105,ES1 0 bat,0.0
mean,2030,42,106,ES1 0 bat,0.0
mean,2030,42,107,ES1 0 bat,0.0
mean,2030,42,108,ES1 0 bat,0.0
mean,2030,42,109,ES1 0 bat,0.0
mean,2030,42,110,ES1 0 bat,0.0
mean,2030,42,111,ES1 0 bat,0.0
mean,2030,42,112,ES1 0 bat,0.0
mean,2030,42,113,ES1 0 bat,0.0
mean,2030,42,114,ES1 0 bat,0.0
mean,2030,42,115,ES1 0 bat,0.0
mean,2030,42,116,ES1 0 bat,0.0
mean,2030,42,117,ES1 0 bat,0.0
mean,2030,42,118,ES1 0 bat,0.0
mean,2030,42,119,ES1 0 bat,0.0
mean,2030,42,120,ES1 0 bat,0.0
mean,2030,42,121,ES1 0 bat,0.0
mean,2030,42,122,ES1 0 bat,0.0
mean,2030,42,123,ES1 0 bat,0.0
mean,2030,42,124,ES1 0 bat,0.0
mean,2030,42,125,ES1 0 bat,0.0
mean,2030,42,126,ES1 0 bat,0.0
mean,2030,42,127,ES1 0 bat,0.0
mean,2030,42,128,ES1 0 bat,0.0
mean,2030,42,129,ES1 0 bat,0.0
mean,2030,42,130,ES1 0 bat,0.0
mean,2030,42,131,ES1 0 bat,0.0
mean,2030,42,132,ES1 0 bat,0.0
mean,2030,42,133,ES1 0 bat,0.0
mean,2030,42,134,ES1 0 bat,0.0
mean,2030,42,135,ES1 0 bat,0.0
mean,2030,42,136,ES1 0 bat,0.0
mean,2030,42,137,ES1 0 bat,0.0
mean,2030,42,138,ES1 0 bat,0.0
mean,2030,42,139,ES1 0 bat,0.0
mean,2030,42,140,ES1 0 bat,0.0
mean,2030,42,141,ES1 0 bat,0.0
mean,2030,42,142,ES1 0 bat,0.0
mean,2030,42,143,ES1 0 bat,0.0
mean,2030,42,144,ES1 0 bat,0.0
mean,2030,42,145,ES1 0 bat,0.0
mean,2030,42,146,ES1 0 bat,0.0
mean,2030,42,147,ES1 0 bat,0.0
mean,2030,42,148,ES1 0 bat,0.0
mean,2030,42,149,ES1 0 bat,0.0
mean,2030,42,150,ES1 0 bat,0.0
mean,2030,42,151,ES1 0 bat,0.0
mean,2030,42,152,ES1 0 bat,0.0
mean,2030,42,153,ES1 0 bat,0.0
mean,2030,42,154,ES1 0 bat,0.0
mean,2030,42,155,ES1 0 bat,0.0
mean,2030,42,156,ES1 0 bat,0.0
mean,2030,42,157,ES1 0 bat,0.0
mean,2030,42,158,ES1 0 bat,0.0
mean,2030,42,159,ES1 0 bat,0.0
mean,2030,42,160,ES1 0 bat,0.0
mean,2030,42,161,ES1 0 bat,0.0
mean,2030,42,162,ES1 0 bat,0.0
mean,2030,42,163,ES1 0 bat,0.0
mean,2030,42,164,ES1 0 bat,0.0
mean,2030,42,165,ES1 0 bat,0.0
mean,2030,42,166,ES1 0 bat,0.0
mean,2030,42,167,ES1 0 bat,0.0
mean,2030,52,0,ES1 0 bat,0.0
mean,2030,52,1,ES1 0 bat,0.0
mean,2030,52,2,ES1 0 bat,0.0
mean,2030,52,3,ES1 0 bat,0.0
mean,2030,52,4,ES1 0 bat,0.0
mean,2030,52,5,ES1 0 bat,0.0
mean,2030,52,6,ES1 0 bat,0.0
mean,2030,52,7,ES1 0 bat,0.0
mean,2030,52,8,ES1 0 bat,0.0
mean,2030,52,9,ES1 0 bat,0.0
mean,2030,52,10,ES1 0 bat,0.0
mean,2030,52,11,ES1 0 bat,0.0
mean,2030,52,12,ES1 0 bat,0.0
mean,2030,52,13,ES1 0 bat,0.0
mean,2030,52,14,ES1 0 bat,0.0
mean,2030,52,15,ES1 0 bat,0.0
mean,2030,52,16,ES1 0 bat,0.0
mean,2030,52,17,ES1 0 bat,0.0
mean,2030,52,18,ES1 0 bat,0.0
mean,2030,52,19,ES1 0 bat,0.0
mean,2030,52,20,ES1 0 bat,0.0
mean,2030,52,21,ES1 0 bat,0.0
mean,2030,52,22,ES1 0 bat,0.0
mean,2030,52,23,ES1 0 bat,0.0
mean,2030,52,24,ES1 0 bat,0.0
mean,2030,52,25,ES1 0 bat,0.0
mean,2030,52,26,ES1 0 bat,0.0
mean,2030,52,27,ES1 0 bat,0.0
mean,2030,52,28,ES1 0 bat,0.0
mean,2030,52,29,ES1 0 bat,0.0
mean,2030,52,30,ES1 0 bat,0.0
mean,2030,52,31,ES1 0 bat,0.0
mean,2030,52,32,ES1 0 bat,0.0
mean,2030,52,33,ES1 0 bat,0.0
mean,2030,52,34,ES1 0 bat,0.0
mean,2030,52,35,ES1 0 bat,0.0
mean,2030,52,36,ES1 0 bat,0.0
mean,2030,52,37,ES1 0 bat,0.0
mean,2030,52,38,ES1 0 bat,0.0
mean,2030,52,39,ES1 0 bat,0.0
mean,2030,52,40,ES1 0 bat,0.0
mean,2030,52,41,ES1 0 bat,0.0
mean,2030,52,42,ES1 0 bat,0.0
mean,2030,52,43,ES1 0 bat,0.0
mean,2030,52,44,ES1 0 bat,0.0
mean,2030,52,45,ES1 0 bat,0.0
mean,2030,52,46,ES1 0 bat,0.0
mean,2030,52,47,ES1 0 bat,0.0
mean,2030,52,48,ES1 0 bat,0.0
mean,2030,52,49,ES1 0 bat,0.0
mean,2030,52,50,ES1 0 bat,0.0
mean,2030,52,51,ES1 0 bat,0.0
mean,2030,52,52,ES1 0 bat,0.0
mean,2030,52,53,ES1 0 bat,0.0
mean,2030,52,54,ES1 0 bat,0.0
mean,2030,52,55,ES1 0 bat,0.0
mean,2030,52,56,ES1 0 bat,0.0
mean,2030,52,57,ES1 0 bat,0.0
mean,2030,52,58,ES1 0 bat,0.0
mean,2030,52,59,ES1 0 bat,0.0
mean,2030,52,60,ES1 0 bat,0.0
mean,2030,52,61,ES1 0 bat,0.0
mean,2030,52,62,ES1 0 bat,0.0
mean,2030,52,63,ES1 0 bat,0.0
mean,2030,52,64,ES1 0 bat,0.0
mean,2030,52,65,ES1 0 bat,0.0
mean,2030,52,66,ES1 0 bat,0.0
mean,2030,52,67,ES1 0 bat,0.0
mean,2030,52,68,ES1 0 bat,0.0
mean,2030,52,69,ES1 0 bat,0.0
mean,2030,52,70,ES1 0 bat,0.0
mean,2030,52,71,ES1 0 bat,0.0
mean,2030,52,72,ES1 0 bat,0.0
mean,2030,52,73,ES1 0 bat,0.0
mean,2030,52,74,ES1 0 bat,0.0
mean,2030,52,75,ES1 0 bat,0.0
mean,2030,52,76,ES1 0 bat,0.0
mean,2030,52,77,ES1 0 bat,0.0
mean,2030,52,78,ES1 0 bat,0.0
mean,2030,52,79,ES1 0 bat,0.0
mean,2030,52,80,ES1 0 bat,0.0
mean,2030,52,81,ES1 0 bat,0.0
mean,2030,52,82,ES1 0 bat,0.0
mean,2030,52,83,ES1 0 bat,0.0
mean,2030,52,84,ES1 0 bat,0.0
mean,2030,52,85,ES1 0 bat,0.0
mean,2030,52,86,ES1 0 bat,0.0
mean,2030,52,87,ES1 0 bat,0.0
mean,2030,52,88,ES1 0 bat,0.0
mean,2030,52,89,ES1 0 bat,0.0
mean,2030,52,90,ES1 0 bat,0.0
mean,2030,52,91,ES1 0 bat,0.0
mean,2030,52,92,ES1 0 bat,0.0
mean,2030,52,93,ES1 0 bat,0.0
mean,2030,52,94,ES1 0 bat,0.0
mean,2030,52,95,ES1 0 bat,0.0
mean,2030,52,96,ES1 0 bat,0.0
mean,2030,52,97,ES1 0 bat,0.0
mean,2030,52,98,ES1 0 bat,0.0
mean,2030,52,99,ES1 0 bat,0.0
mean,2030,52,100,ES1 0 bat,0.0
mean,2030,52,101,ES1 0 bat,0.0
mean,2030,52,102,ES1 0 bat,0.0
mean,2030,52,103,ES1 0 bat,0.0
mean,2030,52,104,ES1 0 bat,0.0
mean,2030,52,105,ES1 0 bat,0.0
mean,2030,52,106,ES1 0 bat,0.0
mean,2030,52,107,ES1 0 bat,0.0
mean,2030,52,108,ES1 0 bat,0.0
mean,2030,52,109,ES1 0 bat,0.0
mean,2030,52,110,ES1 0 bat,0.0
mean,2030,52,111,ES1 0 bat,0.0
mean,2030,52,112,ES1 0 bat,0.0
mean,2030,52,113,ES1 0 bat,0.0
mean,2030,52,114,ES1 0 bat,0.0
mean,2030,52,115,ES1 0 bat,0.0
mean,2030,52,116,ES1 0 bat,0.0
mean,2030,52,117,ES1 0 bat,0.0
mean,2030,52,118,ES1 0 bat,0.0
mean,2030,52,119,ES1 0 bat,0.0
mean,2030,52,120,ES1 0 bat,0.0
mean,2030,52,121,ES1 0 bat,0.0
mean,2030,52,122,ES1 0 bat,0.0
mean,2030,52,123,ES1 0 bat,0.0
mean,2030,52,124,ES1 0 bat,0.0
mean,2030,52,125,ES1 0 bat,0.0
mean,2030,52,126,ES1 0 bat,0.0
mean,2030,52,127,ES1 0 bat,0.0
mean,2030,52,128,ES1 0 bat,0.0
mean,2030,52,129,ES1 0 bat,0.0
mean,2030,52,130,ES1 0 bat,0.0
mean,2030,52,131,ES1 0 bat,0.0
mean,2030,52,132,ES1 0 bat,0.0
mean,2030,52,133,ES1 0 bat,0.0
mean,2030,52,134,ES1 0 bat,0.0
mean,2030,52,135,ES1 0 bat,0.0
mean,2030,52,136,ES1 0 bat,0.0
mean,2030,52,137,ES1 0 bat,0.0
mean,2030,52,138,ES1 0 bat,0.0
mean,2030,52,139,ES1 0 bat,0.0
mean,2030,52,140,ES1 0 bat,0.0
mean,2030,52,141,ES1 0 bat,0.0
mean,2030,52,142,ES1 0 bat,0.0
mean,2030,52,143,ES1 0 bat,0.0
mean,2030,52,144,ES1 0 bat,0.0
mean,2030,52,145,ES1 0 bat,0.0
mean,2030,52,146,ES1 0 bat,0.0
mean,2030,52,147,ES1 0 bat,0.0
mean,2030,52,148,ES1 0 bat,0.0
mean,2030,52,149,ES1 0 bat,0.0
mean,2030,52,150,ES1 0 bat,0.0
mean,2030,52,151,ES1 0 bat,0.0
mean,2030,52,152,ES1 0 bat,0.0
mean,2030,52,153,ES1 0 bat,0.0
mean,2030,52,154,ES1 0 bat,0.0
mean,2030,52,155,ES1 0 bat,0.0
mean,2030,52,156,ES1 0 bat,0.0
mean,2030,52,157,ES1 0 bat,0.0
mean,2030,52,158,ES1 0 bat,0.0
mean,2030,52,159,ES1 0 bat,0.0
mean,2030,52,160,ES1 0 bat,0.0
mean,2030,52,161,ES1 0 bat,0.0
mean,2030,52,162,ES1 0 bat,0.0
mean,2030,52,163,ES1 0 bat,0.0
mean,2030,52,164,ES1 0 bat,0.0
mean,2030,52,165,ES1 0 bat,0.0
mean,2030,52,166,ES1 0 bat,0.0
mean,2030,52,167,ES1 0 bat,0.0
mean,2040,11,0,ES1 0 bat,0.0
mean,2040,11,1,ES1 0 bat,0.07270742507574011
mean,2040,11,2,ES1 0 bat,0.07270742507574011
mean,2040,11,3,ES1 0 bat,0.07270742507574011
mean,2040,11,4,ES1 0 bat,0.07270742507574011
mean,2040,11,5,ES1 0 bat,0.07270742507574011
mean,2040,11,6,ES1 0 bat,0.07270742507574011
mean,2040,11,7,ES1 0 bat,0.07270742507574011
mean,2040,11,8,ES1 0 bat,0.07270742507574011
mean,2040,11,9,ES1 0 bat,0.07270742507574011
mean,2040,11,10,ES1 0 bat,0.07270742507574011
mean,2040,11,11,ES1 0 bat,2241.046034638006
mean,2040,11,12,ES1 0 bat,2040.8849584878499
mean,2040,11,13,ES1 0 bat,2239.327533165231
mean,2040,11,14,ES1 0 bat,1645.650332214862
mean,2040,11,15,ES1 0 bat,0.0
mean,2040,11,16,ES1 0 bat,0.0
mean,2040,11,17,ES1 0 bat,0.0
mean,2040,11,18,ES1 0 bat,0.0
mean,2040,11,19,ES1 0 bat,0.0
mean,2040,11,20,ES1 0 bat,0.0
mean,2040,11,21,ES1 0 bat,0.0
mean,2040,11,22,ES1 0 bat,0.0
mean,2040,11,23,ES1 0 bat,0.0
mean,2040,11,24,ES1 0 bat,0.0
mean,2040,11,25,ES1 0 bat,0.0
mean,2040,11,26,ES1 0 bat,0.0
mean,2040,11,27,ES1 0 bat,0.0
mean,2040,11,28,ES1 0 bat,0.0
mean,2040,11,29,ES1 0 bat,0.0
mean,2040,11,30,ES1 0 bat,0.0
mean,2040,11,31,ES1 0 bat,0.0
mean,2040,11,32,ES1 0 bat,0.0
mean,2040,11,33,ES1 0 bat,0.0
mean,2040,11,34,ES1 0 bat,0.0
mean,2040,11,35,ES1 0 bat,0.0
mean,2040,11,36,ES1 0 bat,0.0
mean,2040,11,37,ES1 0 bat,0.0
mean,2040,11,38,ES1 0 bat,0.0
mean,2040,11,39,ES1 0 bat,0.0
mean,2040,11,40,ES1 0 bat,0.0
mean,2040,11,41,ES1 0 bat,0.0
mean,2040,11,42,ES1 0 bat,0.0
mean,2040,11,43,ES1 0 bat,0.0
mean,2040,11,44,ES1 0 bat,0.0
mean,2040,11,45,ES1 0 bat,0.0
mean,2040,11,46,ES1 0 bat,0.0
mean,2040,11,47,ES1 0 bat,0.0
mean,2040,11,48,ES1 0 bat,0.0
mean,2040,11,49,ES1 0 bat,0.0
mean,2040,11,50,ES1 0 bat,0.0
mean,2040,11,51,ES1 0 bat,0.0
mean,2040,11,52,ES1 0 bat,0.0
mean,2040,11,53,ES1 0 bat,0.0
mean,2040,11,54,ES1 0 bat,0.0
mean,2040,11,55,ES1 0 bat,0.0
mean,2040,11,56,ES1 0 bat,0.0
mean,2040,11,57,ES1 0 bat,0.0
mean,2040,11,58,ES1 0 bat,1952.2218795677763
mean,2040,11,59,ES1 0 bat,2219.454375663063
mean,2040,11,60,ES1 0 bat,1999.736697137987
mean,2040,11,61,ES1 0 bat,1926.5561901323872
mean,2040,11,62,ES1 0 bat,1530.795487768888
mean,2040,11,63,ES1 0 bat,0.0
mean,2040,11,64,ES1 0 bat,0.0
mean,2040,11,65,ES1 0 bat,0.0
mean,2040,11,66,ES1 0 bat,0.0
mean,2040,11,67,ES1 0 bat,0.0
mean,2040,11,68,ES1 0 bat,0.0
mean,2040,11,69,ES1 0 bat,0.0
mean,2040,11,70,ES1 0 bat,0.0
mean,2040,11,71,ES1 0 bat,0.0
mean,2040,11,72,ES1 0 bat,0.0
mean,2040,11,73,ES1 0 bat,0.0
mean,2040,11,74,ES1 0 bat,0.0
mean,2040,11,75,ES1 0 bat,0.0
mean,2040,11,76,ES1 0 bat,0.0
mean,2040,11,77,ES1 0 bat,0.0
mean,2040,11,78,ES1 0 bat,0.0
mean,2040,11,79,ES1 0 bat,0.0
mean,2040,11,80,ES1 0 bat,0.0
mean,2040,11,81,ES1 0 bat,793.863973787681
mean,2040,11,82,ES1 0 bat,2697.0786118525575
mean,2040,11,83,ES1 0 bat,3258.246490869451
mean,2040,11,84,ES1 0 bat,0.0
mean,2040,11,85,ES1 0 bat,3257.3398603716287
mean,2040,11,86,ES1 0 bat,2534.5327733487884
mean,2040,11,87,ES1 0 bat,1414.2636951796921
mean,2040,11,88,ES1 0 bat,0.0
mean,2040,11,89,ES1 0 bat,0.0
mean,2040,11,90,ES1 0 bat,0.0
mean,2040,11,91,ES1 0 bat,0.0
mean,2040,11,92,ES1 0 bat,0.0
mean,2040,11,93,ES1 0 bat,0.0
mean,2040,11,94,ES1 0 bat,0.0
mean,2040,11,95,ES1 0 bat,0.0
mean,2040,11,96,ES1 0 bat,0.0
mean,2040,11,97,ES1 0 bat,0.0
mean,2040,11,98,ES1 0 bat,0.0
mean,2040,11,99,ES1 0 bat,0.0
mean,2040,11,100,ES1 0 bat,0.0
mean,2040,11,101,ES1 0 bat,0.0
mean,2040,11,102,ES1 0 bat,0.0
mean,2040,11,103,ES1 0 bat,0.0
mean,2040,11,104,ES1 0 bat,0.0
mean,2040,11,105,ES1 0 bat,0.07270742507574011
mean,2040,11,106,ES1 0 bat,0.07270742507574011
mean,2040,11,107,ES1 0 bat,2907.921570366092
mean,2040,11,108,ES1 0 bat,3344.84269904967
mean,2040,11,109,ES1 0 bat,3336.9926817957694
mean,2040,11,110,ES1 0 bat,2721.469311350944
mean,2040,11,111,ES1 0 bat,1643.5674170264392
mean,2040,11,112,ES1 0 bat,0.654366825681197
mean,2040,11,113,ES1 0 bat,0.0
mean,2040,11,114,ES1 0 bat,0.0
mean,2040,11,115,ES1 0 bat,0.0
mean,2040,11,116,ES1 0 bat,0.0
mean,2040,11,117,ES1 0 bat,0.0
mean,2040,11,118,ES1 0 bat,0.0
mean,2040,11,119,ES1 0 bat,0.0
mean,2040,11,120,ES1 0 bat,0.07270742507574011
mean,2040,11,121,ES1 0 bat,0.07270742507574011
mean,2040,11,122,ES1 0 bat,0.07270742507574011
mean,2040,11,123,ES1 0 bat,0.07270742507574011
mean,2040,11,124,ES1 0 bat,0.07270742507574011
mean,2040,11,125,ES1 0 bat,0.14541788120637575
mean,2040,11,126,ES1 0 bat,0.0
mean,2040,11,127,ES1 0 bat,0.07270742507574011
mean,2040,11,128,ES1 0 bat,0.07270742507574011
mean,2040,11,129,ES1 0 bat,0.07270742507574011
mean,2040,11,130,ES1 0 bat,0.07270742507574011
mean,2040,11,131,ES1 0 bat,0.07270742507574011
mean,2040,11,132,ES1 0 bat,0.07270742507574011
mean,2040,11,133,ES1 0 bat,2.5465641826571654
mean,2040,11,134,ES1 0 bat,0.0
mean,2040,11,135,ES1 0 bat,0.0
mean,2040,11,136,ES1 0 bat,0.0
mean,2040,11,137,ES1 0 bat,0.0
mean,2040,11,138,ES1 0 bat,0.0
mean,2040,11,139,ES1 0 bat,0.0
mean,2040,11,140,ES1 0 bat,0.0
mean,2040,11,141,ES1 0 bat,0.0
mean,2040,11,142,ES1 0 bat,0.0
mean,2040,11,143,ES1 0 bat,0.0
mean,2040,11,144,ES1 0 bat,0.0
mean,2040,11,145,ES1 0 bat,0.0
mean,2040,11,146,ES1 0 bat,0.0
mean,2040,11,147,ES1 0 bat,0.0
mean,2040,11,148,ES1 0 bat,0.0
mean,2040,11,149,ES1 0 bat,0.0
mean,2040,11,150,ES1 0 bat,0.0
mean,2040,11,151,ES1 0 bat,0.0
mean,2040,11,152,ES1 0 bat,0.0
mean,2040,11,153,ES1 0 bat,0.0
mean,2040,11,154,ES1 0 bat,0.0
mean,2040,11,155,ES1 0 bat,0.0
mean,2040,11,156,ES1 0 bat,0.0
mean,2040,11,157,ES1 0 bat,0.0
mean,2040,11,158,ES1 0 bat,0.0
mean,2040,11,159,ES1 0 bat,0.0
mean,2040,11,160,ES1 0 bat,0.0
mean,2040,11,161,ES1 0 bat,0.0
mean,2040,11,162,ES1 0 bat,0.0
mean,2040,11,163,ES1 0 bat,0.0
mean,2040,11,164,ES1 0 bat,0.0
mean,2040,11,165,ES1 0 bat,0.0
mean,2040,11,166,ES1 0 bat,0.0
mean,2040,11,167,ES1 0 bat,0.0
mean,2040,21,0,ES1 0 bat,8546.29541385339
mean,2040,21,1,ES1 0 bat,0.07270742507353134
mean,2040,21,2,ES1 0 bat,0.4362900188061758
mean,2040,21,3,ES1 0 bat,0.0
mean,2040,21,4,ES1 0 bat,0.0
mean,2040,21,5,ES1 0 bat,0.0
mean,2040,21,6,ES1 0 bat,0.0
mean,2040,21,7,ES1 0 bat,0.0
mean,2040,21,8,ES1 0 bat,422.4293095927569
mean,2040,21,9,ES1 0 bat,1091.891522835198
mean,2040,21,10,ES1 0 bat,1328.415316580833
mean,2040,21,11,ES1 0 bat,1135.3961690475298
mean,2040,21,12,ES1 0 bat,1202.7577551876475
mean,2040,21,13,ES1 0 bat,1262.6496327448292
mean,2040,21,14,ES1 0 bat,2157.755674484306
mean,2040,21,15,ES1 0 bat,5353.629694725748
mean,2040,21,16,ES1 0 bat,0.654366825681197
mean,2040,21,17,ES1 0 bat,0.0
mean,2040,21,18,ES1 0 bat,0.0
mean,2040,21,19,ES1 0 bat,0.0
mean,2040,21,20,ES1 0 bat,0.0
mean,2040,21,21,ES1 0 bat,0.0
mean,2040,21,22,ES1 0 bat,0.0
mean,2040,21,23,ES1 0 bat,0.0
mean,2040,21,24,ES1 0 bat,0.0
mean,2040,21,25,ES1 0 bat,0.0
mean,2040,21,26,ES1 0 bat,0.0
mean,2040,21,27,ES1 0 bat,0.0
mean,2040,21,28,ES1 0 bat,0.0
mean,2040,21,29,ES1 0 bat,0.0
mean,2040,21,30,ES1 0 bat,0.0
mean,2040,21,31,ES1 0 bat,0.0
mean,2040,21,32,ES1 0 bat,0.07270742507574011
mean,2040,21,33,ES1 0 bat,0.07270742507574011
mean,2040,21,34,ES1 0 bat,0.07270742507574011
mean,2040,21,35,ES1 0 bat,98.8113245755012
mean,2040,21,36,ES1 0 bat,654.4755141037094
mean,2040,21,37,ES1 0 bat,171.44764804876286
mean,2040,21,38,ES1 0 bat,0.0
mean,2040,21,39,ES1 0 bat,0.0
mean,2040,21,40,ES1 0 bat,0.0
mean,2040,21,41,ES1 0 bat,0.0
mean,2040,21,42,ES1 0 bat,0.0
mean,2040,21,43,ES1 0 bat,0.0
mean,2040,21,44,ES1 0 bat,0.0
mean,2040,21,45,ES1 0 bat,0.0
mean,2040,21,46,ES1 0 bat,0.0
mean,2040,21,47,ES1 0 bat,0.0
mean,2040,21,48,ES1 0 bat,0.0
mean,2040,21,49,ES1 0 bat,0.0
mean,2040,21,50,ES1 0 bat,0.0
mean,2040,21,51,ES1 0 bat,0.0
mean,2040,21,52,ES1 0 bat,0.0
mean,2040,21,53,ES1 0 bat,0.0
mean,2040,21,54,ES1 0 bat,0.0
mean,2040,21,55,ES1 0 bat,0.0
mean,2040,21,56,ES1 0 bat,0.0
mean,2040,21,57,ES1 0 bat,2232.4097221087723
mean,2040,21,58,ES1 0 bat,2891.849913525344
mean,2040,21,59,ES1 0 bat,498.1702165979817
mean,2040,21,60,ES1 0 bat,3311.0888453920543
mean,2040,21,61,ES1 0 bat,2388.4102739843784
mean,2040,21,62,ES1 0 bat,1639.5139075488642
mean,2040,21,63,ES1 0 bat,994.1269995083167
mean,2040,21,64,ES1 0 bat,0.0
mean,2040,21,65,ES1 0 bat,0.0
mean,2040,21,66,ES1 0 bat,0.0
mean,2040,21,67,ES1 0 bat,0.0
mean,2040,21,68,ES1 0 bat,0.0
mean,2040,21,69,ES1 0 bat,0.0
mean,2040,21,70,ES1 0 bat,0.0
mean,2040,21,71,ES1 0 bat,0.0
mean,2040,21,72,ES1 0 bat,0.0
mean,2040,21,73,ES1 0 bat,0.0
mean,2040,21,74,ES1 0 bat,0.0
mean,2040,21,75,ES1 0 bat,0.0
mean,2040,21,76,ES1 0 bat,0.0
mean,2040,21,77,ES1 0 bat,0.0
mean,2040,21,78,ES1 0 bat,0.0
mean,2040,21,79,ES1 0 bat,0.0
mean,2040,21,80,ES1 0 bat,0.0
mean,2040,21,81,ES1 0 bat,0.07270742507574011
mean,2040,21,82,ES1 0 bat,2874.9272225844543
mean,2040,21,83,ES1 0 bat,3253.7963387172567
mean,2040,21,84,ES1 0 bat,3425.5194055640513
mean,2040,21,85,ES1 0 bat,3269.998155037383
mean,2040,21,86,ES1 0 bat,0.0
mean,2040,21,87,ES1 0 bat,1131.173154821065
mean,2040,21,88,ES1 0 bat,0.0
mean,2040,21,89,ES1 0 bat,0.0
mean,2040,21,90,ES1 0 bat,0.0
mean,2040,21,91,ES1 0 bat,0.0
mean,2040,21,92,ES1 0 bat,0.0
mean,2040,21,93,ES1 0 bat,0.0
mean,2040,21,94,ES1 0 bat,0.0
mean,2040,21,95,ES1 0 bat,0.0
mean,2040,21,96,ES1 0 bat,0.0
mean,2040,21,97,ES1 0 bat,0.0
mean,2040,21,98,ES1 0 bat,0.0
mean,2040,21,99,ES1 0 bat,0.0
mean,2040,21,100,ES1 0 bat,0.0
mean,2040,21,101,ES1 0 bat,0.0
mean,2040,21,102,ES1 0 bat,0.0
mean,2040,21,103,ES1 0 bat,0.0
mean,2040,21,104,ES1 0 bat,0.0
mean,2040,21,105,ES1 0 bat,2076.794373017645
mean,2040,21,106,ES1 0 bat,1604.959712854694
mean,2040,21,107,ES1 0 bat,2954.574891916709
mean,2040,21,108,ES1 0 bat,2926.547198093722
mean,2040,21,109,ES1 0 bat,2434.061142126293
mean,2040,21,110,ES1 0 bat,1958.0496344719268
mean,2040,21,111,ES1 0 bat,0.654366825681197
mean,2040,21,112,ES1 0 bat,0.0
mean,2040,21,113,ES1 0 bat,0.0
mean,2040,21,114,ES1 0 bat,0.0
mean,2040,21,115,ES1 0 bat,0.0
mean,2040,21,116,ES1 0 bat,0.0
mean,2040,21,117,ES1 0 bat,0.0
mean,2040,21,118,ES1 0 bat,0.0
mean,2040,21,119,ES1 0 bat,0.0
mean,2040,21,120,ES1 0 bat,0.0
mean,2040,21,121,ES1 0 bat,0.0
mean,2040,21,122,ES1 0 bat,0.0
mean,2040,21,123,ES1 0 bat,0.0
mean,2040,21,124,ES1 0 bat,0.0
mean,2040,21,125,ES1 0 bat,0.0
mean,2040,21,126,ES1 0 bat,0.0
mean,2040,21,127,ES1 0 bat,0.0
mean,2040,21,128,ES1 0 bat,0.07270742507574011
mean,2040,21,129,ES1 0 bat,0.07270742507574011
mean,2040,21,130,ES1 0 bat,0.07270742507574011
mean,2040,21,131,ES1 0 bat,1995.6152074334384
mean,2040,21,132,ES1 0 bat,3615.0159772871284
mean,2040,21,133,ES1 0 bat,3313.7252118651286
mean,2040,21,134,ES1 0 bat,2590.485772147602
mean,2040,21,135,ES1 0 bat,1702.0581591227237
mean,2040,21,136,ES1 0 bat,738.3912353824671
mean,2040,21,137,ES1 0 bat,0.0
mean,2040,21,138,ES1 0 bat,0.0
mean,2040,21,139,ES1 0 bat,0.0
mean,2040,21,140,ES1 0 bat,0.0
mean,2040,21,141,ES1 0 bat,0.0
mean,2040,21,142,ES1 0 bat,0.0
mean,2040,21,143,ES1 0 bat,0.0
mean,2040,21,144,ES1 0 bat,0.0
mean,2040,21,145,ES1 0 bat,0.0
mean,2040,21,146,ES1 0 bat,0.0
mean,2040,21,147,ES1 0 bat,0.0
mean,2040,21,148,ES1 0 bat,0.0
mean,2040,21,149,ES1 0 bat,0.0
mean,2040,21,150,ES1 0 bat,0.0
mean,2040,21,151,ES1 0 bat,0.0
mean,2040,21,152,ES1 0 bat,435.32714006701644
mean,2040,21,153,ES1 0 bat,1036.4127376759461
mean,2040,21,154,ES1 0 bat,1456.0045525312325
mean,2040,21,155,ES1 0 bat,1836.3750186662492
mean,2040,21,156,ES1 0 bat,2255.495858844528
mean,2040,21,157,ES1 0 bat,2638.7553989190765
mean,2040,21,158,ES1 0 bat,2693.002719792039
mean,2040,21,159,ES1 0 bat,1603.953697736378
mean,2040,21,160,ES1 0 bat,0.0
mean,2040,21,161,ES1 0 bat,0.0
mean,2040,21,162,ES1 0 bat,0.0
mean,2040,21,163,ES1 0 bat,0.0
mean,2040,21,164,ES1 0 bat,0.0
mean,2040,21,165,ES1 0 bat,0.0
mean,2040,21,166,ES1 0 bat,0.0
mean,2040,21,167,ES1 0 bat,0.0
mean,2040,42,0,ES1 0 bat,8546.29541385339
mean,2040,42,1,ES1 0 bat,0.07270742507444083
mean,2040,42,2,ES1 0 bat,0.07270742507535033
mean,2040,42,3,ES1 0 bat,0.3635674371926143
mean,2040,42,4,ES1 0 bat,0.0
mean,2040,42,5,ES1 0 bat,0.0
mean,2040,42,6,ES1 0 bat,0.0
mean,2040,42,7,ES1 0 bat,0.0
mean,2040,42,8,ES1 0 bat,0.07270742507574011
mean,2040,42,9,ES1 0 bat,1881.1432951112602
mean,2040,42,10,ES1 0 bat,2545.149166125275
mean,2040,42,11,ES1 0 bat,0.0
mean,2040,42,12,ES1 0 bat,2716.7340430433633
mean,2040,42,13,ES1 0 bat,5493.971055815978
mean,2040,42,14,ES1 0 bat,717.8099869631296
mean,2040,42,15,ES1 0 bat,0.0
mean,2040,42,16,ES1 0 bat,0.0
mean,2040,42,17,ES1 0 bat,0.0
mean,2040,42,18,ES1 0 bat,0.0
mean,2040,42,19,ES1 0 bat,0.0
mean,2040,42,20,ES1 0 bat,0.0
mean,2040,42,21,ES1 0 bat,0.0
mean,2040,42,22,ES1 0 bat,0.0
mean,2040,42,23,ES1 0 bat,0.07270742507574011
mean,2040,42,24,ES1 0 bat,0.07270742507574011
mean,2040,42,25,ES1 0 bat,0.07270742507574011
mean,2040,42,26,ES1 0 bat,0.07270742507574011
mean,2040,42,27,ES1 0 bat,0.07270742507574011
mean,2040,42,28,ES1 0 bat,0.07270742507574011
mean,2040,42,29,ES1 0 bat,0.07270742507574011
mean,2040,42,30,ES1 0 bat,0.07270742507574011
mean,2040,42,31,ES1 0 bat,0.07270742507574011
mean,2040,42,32,ES1 0 bat,0.07270742507574011
mean,2040,42,33,ES1 0 bat,0.07270742507574011
mean,2040,42,34,ES1 0 bat,2409.74810677429
mean,2040,42,35,ES1 0 bat,928.2847540985748
mean,2040,42,36,ES1 0 bat,0.0
mean,2040,42,37,ES1 0 bat,0.0
mean,2040,42,38,ES1 0 bat,988.7381102063846
mean,2040,42,39,ES1 0 bat,0.0
mean,2040,42,40,ES1 0 bat,0.0
mean,2040,42,41,ES1 0 bat,0.0
mean,2040,42,42,ES1 0 bat,0.0
mean,2040,42,43,ES1 0 bat,0.0
mean,2040,42,44,ES1 0 bat,0.0
mean,2040,42,45,ES1 0 bat,0.0
mean,2040,42,46,ES1 0 bat,0.0
mean,2040,42,47,ES1 0 bat,0.0
mean,2040,42,48,ES1 0 bat,0.0
mean,2040,42,49,ES1 0 bat,0.0
mean,2040,42,50,ES1 0 bat,0.0
mean,2040,42,51,ES1 0 bat,0.0
mean,2040,42,52,ES1 0 bat,0.0
mean,2040,42,53,ES1 0 bat,0.0
mean,2040,42,54,ES1 0 bat,0.0
mean,2040,42,55,ES1 0 bat,0.0
mean,2040,42,56,ES1 0 bat,0.0
mean,2040,42,57,ES1 0 bat,2012.3325829991281
mean,2040,42,58,ES1 0 bat,0.0
mean,2040,42,59,ES1 0 bat,0.0
mean,2040,42,60,ES1 0 bat,3050.925355427802
mean,2040,42,61,ES1 0 bat,2712.4454814688415
mean,2040,42,62,ES1 0 bat,1858.399230563713
mean,2040,42,63,ES1 0 bat,0.654366825681197
mean,2040,42,64,ES1 0 bat,0.0
mean,2040,42,65,ES1 0 bat,0.0
mean,2040,42,66,ES1 0 bat,0.0
mean,2040,42,67,ES1 0 bat,0.0
mean,2040,42,68,ES1 0 bat,0.0
mean,2040,42,69,ES1 0 bat,0.0
mean,2040,42,70,ES1 0 bat,0.0
mean,2040,42,71,ES1 0 bat,0.0
mean,2040,42,72,ES1 0 bat,0.0
mean,2040,42,73,ES1 0 bat,0.0
mean,2040,42,74,ES1 0 bat,0.0
mean,2040,42,75,ES1 0 bat,0.0
mean,2040,42,76,ES1 0 bat,0.0
mean,2040,42,77,ES1 0 bat,0.0
mean,2040,42,78,ES1 0 bat,0.0
mean,2040,42,79,ES1 0 bat,0.0
mean,2040,42,80,ES1 0 bat,0.0
mean,2040,42,81,ES1 0 bat,0.0
mean,2040,42,82,ES1 0 bat,2904.8488963110667
mean,2040,42,83,ES1 0 bat,3258.32345147271
mean,2040,42,84,ES1 0 bat,3411.767085328018
mean,2040,42,85,ES1 0 bat,2770.0565634177365
mean,2040,42,86,ES1 0 bat,1609.7946105907267
mean,2040,42,87,ES1 0 bat,0.0
mean,2040,42,88,ES1 0 bat,0.0
mean,2040,42,89,ES1 0 bat,0.0
mean,2040,42,90,ES1 0 bat,0.0
mean,2040,42,91,ES1 0 bat,0.0
mean,2040,42,92,ES1 0 bat,0.0
mean,2040,42,93,ES1 0 bat,0.0
mean,2040,42,94,ES1 0 bat,0.0
mean,2040,42,95,ES1 0 bat,0.0
mean,2040,42,96,ES1 0 bat,0.0
mean,2040,42,97,ES1 0 bat,0.0
mean,2040,42,98,ES1 0 bat,0.0
mean,2040,42,99,ES1 0 bat,0.0
mean,2040,42,100,ES1 0 bat,0.0
mean,2040,42,101,ES1 0 bat,0.0
mean,2040,42,102,ES1 0 bat,0.0
mean,2040,42,103,ES1 0 bat,0.07270742507574011
mean,2040,42,104,ES1 0 bat,0.07270742507574011
mean,2040,42,105,ES1 0 bat,0.07270742507574011
mean,2040,42,106,ES1 0 bat,2734.6185629215197
mean,2040,42,107,ES1 0 bat,3013.5129955101584
mean,2040,42,108,ES1 0 bat,3161.3811264517044
mean,2040,42,109,ES1 0 bat,2771.713806926942
mean,2040,42,110,ES1 0 bat,0.0
mean,2040,42,111,ES1 0 bat,0.0
mean,2040,42,112,ES1 0 bat,0.0
mean,2040,42,113,ES1 0 bat,0.0
mean,2040,42,114,ES1 0 bat,0.0
mean,2040,42,115,ES1 0 bat,0.0
mean,2040,42,116,ES1 0 bat,0.0
mean,2040,42,117,ES1 0 bat,0.0
mean,2040,42,118,ES1 0 bat,0.0
mean,2040,42,119,ES1 0 bat,0.0
mean,2040,42,120,ES1 0 bat,0.0
mean,2040,42,121,ES1 0 bat,0.0
mean,2040,42,122,ES1 0 bat,0.0
mean,2040,42,123,ES1 0 bat,0.0
mean,2040,42,124,ES1 0 bat,0.0
mean,2040,42,125,ES1 0 bat,0.0
mean,2040,42,126,ES1 0 bat,0.0
mean,2040,42,127,ES1 0 bat,0.0
mean,2040,42,128,ES1 0 bat,0.0
mean,2040,42,129,ES1 0 bat,0.0
mean,2040,42,130,ES1 0 bat,282.56181933263724
mean,2040,42,131,ES1 0 bat,2585.408978164054
mean,2040,42,132,ES1 0 bat,2778.49355136777
mean,2040,42,133,ES1 0 bat,2339.8639765961234
mean,2040,42,134,ES1 0 bat,0.0
mean,2040,42,135,ES1 0 bat,0.0
mean,2040,42,136,ES1 0 bat,0.0
mean,2040,42,137,ES1 0 bat,0.0
mean,2040,42,138,ES1 0 bat,0.0
mean,2040,42,139,ES1 0 bat,0.0
mean,2040,42,140,ES1 0 bat,0.0
mean,2040,42,141,ES1 0 bat,0.0
mean,2040,42,142,ES1 0 bat,0.0
mean,2040,42,143,ES1 0 bat,0.0
mean,2040,42,144,ES1 0 bat,0.0
mean,2040,42,145,ES1 0 bat,0.0
mean,2040,42,146,ES1 0 bat,0.0
mean,2040,42,147,ES1 0 bat,0.0
mean,2040,42,148,ES1 0 bat,0.0
mean,2040,42,149,ES1 0 bat,0.0
mean,2040,42,150,ES1 0 bat,0.0
mean,2040,42,151,ES1 0 bat,0.0
mean,2040,42,152,ES1 0 bat,0.0
mean,2040,42,153,ES1 0 bat,1243.5334688513722
mean,2040,42,154,ES1 0 bat,1966.1480793958508
mean,2040,42,155,ES1 0 bat,3191.8040591900303
mean,2040,42,156,ES1 0 bat,2575.6340619410294
mean,2040,42,157,ES1 0 bat,2331.6230283271834
mean,2040,42,158,ES1 0 bat,1775.308231366711
mean,2040,42,159,ES1 0 bat,0.0
mean,2040,42,160,ES1 0 bat,0.0
mean,2040,42,161,ES1 0 bat,0.0
mean,2040,42,162,ES1 0 bat,0.0
mean,2040,42,163,ES1 0 bat,0.0
mean,2040,42,164,ES1 0 bat,0.0
mean,2040,42,165,ES1 0 bat,0.0
mean,2040,42,166,ES1 0 bat,0.0
mean,2040,42,167,ES1 0 bat,0.0
mean,2040,52,0,ES1 0 bat,0.0
mean,2040,52,1,ES1 0 bat,0.07270742507574011
mean,2040,52,2,ES1 0 bat,0.07270742507574011
mean,2040,52,3,ES1 0 bat,0.07270742507574011
mean,2040,52,4,ES1 0 bat,0.07270742507574011
mean,2040,52,5,ES1 0 bat,0.07270742507574011
mean,2040,52,6,ES1 0 bat,0.14541788120637575
mean,2040,52,7,ES1 0 bat,0.0
mean,2040,52,8,ES1 0 bat,0.07270742507574011
mean,2040,52,9,ES1 0 bat,0.07270742507574011
mean,2040,52,10,ES1 0 bat,0.07270742507574011
mean,2040,52,11,ES1 0 bat,2986.8199998652453
mean,2040,52,12,ES1 0 bat,2952.035154315068
mean,2040,52,13,ES1 0 bat,1072.1969169225401
mean,2040,52,14,ES1 0 bat,0.0
mean,2040,52,15,ES1 0 bat,0.0
mean,2040,52,16,ES1 0 bat,0.0
mean,2040,52,17,ES1 0 bat,0.0
mean,2040,52,18,ES1 0 bat,0.0
mean,2040,52,19,ES1 0 bat,0.0
mean,2040,52,20,ES1 0 bat,0.0
mean,2040,52,21,ES1 0 bat,0.0
mean,2040,52,22,ES1 0 bat,0.0
mean,2040,52,23,ES1 0 bat,0.0
mean,2040,52,24,ES1 0 bat,0.0
mean,2040,52,25,ES1 0 bat,0.0
mean,2040,52,26,ES1 0 bat,0.0
mean,2040,52,27,ES1 0 bat,0.0
mean,2040,52,28,ES1 0 bat,0.0
mean,2040,52,29,ES1 0 bat,0.0
mean,2040,52,30,ES1 0 bat,0.0
mean,2040,52,31,ES1 0 bat,0.0
mean,2040,52,32,ES1 0 bat,0.0
mean,2040,52,33,ES1 0 bat,0.0
mean,2040,52,34,ES1 0 bat,0.0
mean,2040,52,35,ES1 0 bat,0.0
mean,2040,52,36,ES1 0 bat,0.0
mean,2040,52,37,ES1 0 bat,0.0
mean,2040,52,38,ES1 0 bat,0.0
mean,2040,52,39,ES1 0 bat,0.0
mean,2040,52,40,ES1 0 bat,0.0
mean,2040,52,41,ES1 0 bat,0.0
mean,2040,52,42,ES1 0 bat,0.0
mean,2040,52,43,ES1 0 bat,0.0
mean,2040,52,44,ES1 0 bat,0.0
mean,2040,52,45,ES1 0 bat,0.0
mean,2040,52,46,ES1 0 bat,0.0
mean,2040,52,47,ES1 0 bat,0.0
mean,2040,52,48,ES1 0 bat,0.0
mean,2040,52,49,ES1 0 bat,0.0
mean,2040,52,50,ES1 0 bat,0.0
mean,2040,52,51,ES1 0 bat,0.0
mean,2040,52,52,ES1 0 bat,0.0
mean,2040,52,53,ES1 0 bat,0.0
mean,2040,52,54,ES1 0 bat,0.0
mean,2040,52,55,ES1 0 bat,0.0
mean,2040,52,56,ES1 0 bat,0.0
mean,2040,52,57,ES1 0 bat,0.0
mean,2040,52,58,ES1 0 bat,0.0
mean,2040,52,59,ES1 0 bat,0.0
mean,2040,52,60,ES1 0 bat,0.0
mean,2040,52,61,ES1 0 bat,0.0
mean,2040,52,62,ES1 0 bat,0.0
mean,2040,52,63,ES1 0 bat,0.0
mean,2040,52,64,ES1 0 bat,0.0
mean,2040,52,65,ES1 0 bat,0.0
mean,2040,52,66,ES1 0 bat,0.0
mean,2040,52,67,ES1 0 bat,0.0
mean,2040,52,68,ES1 0 bat,0.0
mean,2040,52,69,ES1 0 bat,0.0
mean,2040,52,70,ES1 0 bat,0.0
mean,2040,52,71,ES1 0 bat,0.0
mean,2040,52,72,ES1 0 bat,0.0
mean,2040,52,73,ES1 0 bat,0.0
mean,2040,52,74,ES1 0 bat,0.0
mean,2040,52,75,ES1 0 bat,0.0
mean,2040,52,76,ES1 0 bat,0.0
mean,2040,52,77,ES1 0 bat,0.0
mean,2040,52,78,ES1 0 bat,0.0
mean,2040,52,79,ES1 0 bat,0.0
mean,2040,52,80,ES1 0 bat,0.0
mean,2040,52,81,ES1 0 bat,999.4164286560699
mean,2040,52,82,ES1 0 bat,2138.037228741099
mean,2040,52,83,ES1 0 bat,3225.629488578572
mean,2040,52,84,ES1 0 bat,2881.462889895498
mean,2040,52,85,ES1 0 bat,3064.5284621774817
mean,2040,52,86,ES1 0 bat,1645.8332150647943
mean,2040,52,87,ES1 0 bat,0.0
mean,2040,52,88,ES1 0 bat,0.0
mean,2040,52,89,ES1 0 bat,0.0
mean,2040,52,90,ES1 0 bat,0.0
mean,2040,52,91,ES1 0 bat,0.0
mean,2040,52,92,ES1 0 bat,0.0
mean,2040,52,93,ES1 0 bat,0.0
mean,2040,52,94,ES1 0 bat,0.0
mean,2040,52,95,ES1 0 bat,0.0
mean,2040,52,96,ES1 0 bat,0.0
mean,2040,52,97,ES1 0 bat,0.0
mean,2040,52,98,ES1 0 bat,0.0
mean,2040,52,99,ES1 0 bat,0.0
mean,2040,52,100,ES1 0 bat,0.0
mean,2040,52,101,ES1 0 bat,0.0
mean,2040,52,102,ES1 0 bat,0.0
mean,2040,52,103,ES1 0 bat,0.0
mean,2040,52,104,ES1 0 bat,0.0
mean,2040,52,105,ES1 0 bat,0.0
mean,2040,52,106,ES1 0 bat,0.0
mean,2040,52,107,ES1 0 bat,0.0
mean,2040,52,108,ES1 0 bat,0.0
mean,2040,52,109,ES1 0 bat,0.0
mean,2040,52,110,ES1 0 bat,0.0
mean,2040,52,111,ES1 0 bat,0.0
mean,2040,52,112,ES1 0 bat,0.0
mean,2040,52,113,ES1 0 bat,0.0
mean,2040,52,114,ES1 0 bat,0.0
mean,2040,52,115,ES1 0 bat,0.0
mean,2040,52,116,ES1 0 bat,0.0
mean,2040,52,117,ES1 0 bat,0.0
mean,2040,52,118,ES1 0 bat,0.0
mean,2040,52,119,ES1 0 bat,0.0
mean,2040,52,120,ES1 0 bat,0.0
mean,2040,52,121,ES1 0 bat,0.0
mean,2040,52,122,ES1 0 bat,0.0
mean,2040,52,123,ES1 0 bat,0.0
mean,2040,52,124,ES1 0 bat,0.0
mean,2040,52,125,ES1 0 bat,0.0
mean,2040,52,126,ES1 0 bat,0.0
mean,2040,52,127,ES1 0 bat,0.0
mean,2040,52,128,ES1 0 bat,0.0
mean,2040,52,129,ES1 0 bat,136.58707252035856
mean,2040,52,130,ES1 0 bat,377.72127620272477
mean,2040,52,131,ES1 0 bat,8546.29541385339
mean,2040,52,132,ES1 0 bat,1847.0659000511132
mean,2040,52,133,ES1 0 bat,1703.3629431257013
mean,2040,52,134,ES1 0 bat,1157.3954924945756
mean,2040,52,135,ES1 0 bat,187.17526300412402
mean,2040,52,136,ES1 0 bat,0.0
mean,2040,52,137,ES1 0 bat,0.0
mean,2040,52,138,ES1 0 bat,0.0
mean,2040,52,139,ES1 0 bat,0.0
mean,2040,52,140,ES1 0 bat,0.0
mean,2040,52,141,ES1 0 bat,0.0
mean,2040,52,142,ES1 0 bat,0.0
mean,2040,52,143,ES1 0 bat,0.0
mean,2040,52,144,ES1 0 bat,0.0
mean,2040,52,145,ES1 0 bat,0.0
mean,2040,52,146,ES1 0 bat,0.0
mean,2040,52,147,ES1 0 bat,0.0
mean,2040,52,148,ES1 0 bat,0.0
mean,2040,52,149,ES1 0 bat,0.0
mean,2040,52,150,ES1 0 bat,0.0
mean,2040,52,151,ES1 0 bat,0.0
mean,2040,52,152,ES1 0 bat,0.0
mean,2040,52,153,ES1 0 bat,0.07270742507574011
mean,2040,52,154,ES1 0 bat,557.105745680859
mean,2040,52,155,ES1 0 bat,3620.9767925413526
mean,2040,52,156,ES1 0 bat,3597.9755556897853
mean,2040,52,157,ES1 0 bat,3124.479361370226
mean,2040,52,158,ES1 0 bat,2229.2862314568756
mean,2040,52,159,ES1 0 bat,825.2711073051378
mean,2040,52,160,ES1 0 bat,0.0
mean,2040,52,161,ES1 0 bat,0.0
mean,2040,52,162,ES1 0 bat,0.0
mean,2040,52,163,ES1 0 bat,0.0
mean,2040,52,164,ES1 0 bat,0.0
mean,2040,52,165,ES1 0 bat,0.0
mean,2040,52,166,ES1 0 bat,0.0
mean,2040,52,167,ES1 0 bat,0.0
mean,2050,11,0,ES1 0 bat,9617.492191523246
mean,2050,11,1,ES1 0 bat,0.009113183628963559
mean,2050,11,2,ES1 0 bat,0.009113183628963559
mean,2050,11,3,ES1 0 bat,0.009113183628963559
mean,2050,11,4,ES1 0 bat,0.009113183628963559
mean,2050,11,5,ES1 0 bat,0.009113183628963559
mean,2050,11,6,ES1 0 bat,0.009113183628963559
mean,2050,11,7,ES1 0 bat,0.009113183628963559
mean,2050,11,8,ES1 0 bat,0.009113183628963559
mean,2050,11,9,ES1 0 bat,0.009113183628963559
mean,2050,11,10,ES1 0 bat,0.0364550140625281
mean,2050,11,11,ES1 0 bat,0.0
mean,2050,11,12,ES1 0 bat,0.0
mean,2050,11,13,ES1 0 bat,0.0
mean,2050,11,14,ES1 0 bat,1748.9018114201308
mean,2050,11,15,ES1 0 bat,0.0
mean,2050,11,16,ES1 0 bat,0.0
mean,2050,11,17,ES1 0 bat,0.0
mean,2050,11,18,ES1 0 bat,0.0
mean,2050,11,19,ES1 0 bat,0.0
mean,2050,11,20,ES1 0 bat,0.0
mean,2050,11,21,ES1 0 bat,0.0
mean,2050,11,22,ES1 0 bat,0.0
mean,2050,11,23,ES1 0 bat,0.0
mean,2050,11,24,ES1 0 bat,0.0
mean,2050,11,25,ES1 0 bat,0.0
mean,2050,11,26,ES1 0 bat,0.0
mean,2050,11,27,ES1 0 bat,0.0
mean,2050,11,28,ES1 0 bat,0.0
mean,2050,11,29,ES1 0 bat,0.0
mean,2050,11,30,ES1 0 bat,0.0
mean,2050,11,31,ES1 0 bat,0.0
mean,2050,11,32,ES1 0 bat,0.0
mean,2050,11,33,ES1 0 bat,0.0
mean,2050,11,34,ES1 0 bat,0.0
mean,2050,11,35,ES1 0 bat,0.0
mean,2050,11,36,ES1 0 bat,0.0
mean,2050,11,37,ES1 0 bat,0.0
mean,2050,11,38,ES1 0 bat,0.0
mean,2050,11,39,ES1 0 bat,0.0
mean,2050,11,40,ES1 0 bat,0.0
mean,2050,11,41,ES1 0 bat,0.0
mean,2050,11,42,ES1 0 bat,0.0
mean,2050,11,43,ES1 0 bat,0.0
mean,2050,11,44,ES1 0 bat,0.0
mean,2050,11,45,ES1 0 bat,0.0
mean,2050,11,46,ES1 0 bat,0.0
mean,2050,11,47,ES1 0 bat,0.0
mean,2050,11,48,ES1 0 bat,0.0
mean,2050,11,49,ES1 0 bat,0.0
mean,2050,11,50,ES1 0 bat,0.0
mean,2050,11,51,ES1 0 bat,0.0
mean,2050,11,52,ES1 0 bat,0.0
mean,2050,11,53,ES1 0 bat,0.0
mean,2050,11,54,ES1 0 bat,0.0
mean,2050,11,55,ES1 0 bat,0.0
mean,2050,11,56,ES1 0 bat,0.0
mean,2050,11,57,ES1 0 bat,0.009113183628963559
mean,2050,11,58,ES1 0 bat,0.009113183628963559
mean,2050,11,59,ES1 0 bat,0.009113183628963559
mean,2050,11,60,ES1 0 bat,1748.9018114201308
mean,2050,11,61,ES1 0 bat,0.0
mean,2050,11,62,ES1 0 bat,0.16403388623882853
mean,2050,11,63,ES1 0 bat,0.08201865266064302
mean,2050,11,64,ES1 0 bat,0.0
mean,2050,11,65,ES1 0 bat,0.0
mean,2050,11,66,ES1 0 bat,0.0
mean,2050,11,67,ES1 0 bat,0.0
mean,2050,11,68,ES1 0 bat,0.0
mean,2050,11,69,ES1 0 bat,0.0
mean,2050,11,70,ES1 0 bat,0.0
mean,2050,11,71,ES1 0 bat,0.0
mean,2050,11,72,ES1 0 bat,0.0
mean,2050,11,73,ES1 0 bat,0.0
mean,2050,11,74,ES1 0 bat,0.0
mean,2050,11,75,ES1 0 bat,0.0
mean,2050,11,76,ES1 0 bat,0.0
mean,2050,11,77,ES1 0 bat,0.0
mean,2050,11,78,ES1 0 bat,0.0
mean,2050,11,79,ES1 0 bat,0.0
mean,2050,11,80,ES1 0 bat,0.0
mean,2050,11,81,ES1 0 bat,0.009113183628963559
mean,2050,11,82,ES1 0 bat,0.009113183628963559
mean,2050,11,83,ES1 0 bat,0.009113183628963559
mean,2050,11,84,ES1 0 bat,0.009113183628963559
mean,2050,11,85,ES1 0 bat,0.009113183628963559
mean,2050,11,86,ES1 0 bat,0.009113183628963559
mean,2050,11,87,ES1 0 bat,1748.9018114201308
mean,2050,11,88,ES1 0 bat,0.0
mean,2050,11,89,ES1 0 bat,0.0
mean,2050,11,90,ES1 0 bat,0.0
mean,2050,11,91,ES1 0 bat,0.0
mean,2050,11,92,ES1 0 bat,0.0
mean,2050,11,93,ES1 0 bat,0.0
mean,2050,11,94,ES1 0 bat,0.0
mean,2050,11,95,ES1 0 bat,0.0
mean,2050,11,96,ES1 0 bat,0.0
mean,2050,11,97,ES1 0 bat,0.0
mean,2050,11,98,ES1 0 bat,0.0
mean,2050,11,99,ES1 0 bat,0.0
mean,2050,11,100,ES1 0 bat,0.0
mean,2050,11,101,ES1 0 bat,0.0
mean,2050,11,102,ES1 0 bat,0.0
mean,2050,11,103,ES1 0 bat,0.0
mean,2050,11,104,ES1 0 bat,0.0
mean,2050,11,105,ES1 0 bat,0.009113183628963559
mean,2050,11,106,ES1 0 bat,0.009113183628963559
mean,2050,11,107,ES1 0 bat,0.009113183628963559
mean,2050,11,108,ES1 0 bat,0.009113183628963559
mean,2050,11,109,ES1 0 bat,0.009113183628963559
mean,2050,11,110,ES1 0 bat,0.009113183628963559
mean,2050,11,111,ES1 0 bat,1748.9018114201308
mean,2050,11,112,ES1 0 bat,0.08201865266064302
mean,2050,11,113,ES1 0 bat,0.0
mean,2050,11,114,ES1 0 bat,0.0
mean,2050,11,115,ES1 0 bat,0.0
mean,2050,11,116,ES1 0 bat,0.0
mean,2050,11,117,ES1 0 bat,0.0
mean,2050,11,118,ES1 0 bat,0.0
mean,2050,11,119,ES1 0 bat,0.0
mean,2050,11,120,ES1 0 bat,0.00911318362899256
mean,2050,11,121,ES1 0 bat,0.009113183628963559
mean,2050,11,122,ES1 0 bat,0.009113183628963559
mean,2050,11,123,ES1 0 bat,0.009113183628963559
mean,2050,11,124,ES1 0 bat,0.027340690644392658
mean,2050,11,125,ES1 0 bat,0.0
mean,2050,11,126,ES1 0 bat,0.0
mean,2050,11,127,ES1 0 bat,0.009113183628963559
mean,2050,11,128,ES1 0 bat,0.009113183628963559
mean,2050,11,129,ES1 0 bat,0.009113183628963559
mean,2050,11,130,ES1 0 bat,0.009113183628963559
mean,2050,11,131,ES1 0 bat,0.009113183628963559
mean,2050,11,132,ES1 0 bat,833.5199925631573
mean,2050,11,133,ES1 0 bat,915.425678312724
mean,2050,11,134,ES1 0 bat,0.0
mean,2050,11,135,ES1 0 bat,0.0
mean,2050,11,136,ES1 0 bat,0.0
mean,2050,11,137,ES1 0 bat,0.0
mean,2050,11,138,ES1 0 bat,0.0
mean,2050,11,139,ES1 0 bat,0.0
mean,2050,11,140,ES1 0 bat,0.0
mean,2050,11,141,ES1 0 bat,0.0
mean,2050,11,142,ES1 0 bat,0.0
mean,2050,11,143,ES1 0 bat,0.0
mean,2050,11,144,ES1 0 bat,0.0
mean,2050,11,145,ES1 0 bat,0.0
mean,2050,11,146,ES1 0 bat,0.0
mean,2050,11,147,ES1 0 bat,0.0
mean,2050,11,148,ES1 0 bat,0.0
mean,2050,11,149,ES1 0 bat,0.0
mean,2050,11,150,ES1 0 bat,0.0
mean,2050,11,151,ES1 0 bat,0.0
mean,2050,11,152,ES1 0 bat,0.0
mean,2050,11,153,ES1 0 bat,0.0
mean,2050,11,154,ES1 0 bat,0.0
mean,2050,11,155,ES1 0 bat,0.0
mean,2050,11,156,ES1 0 bat,0.0
mean,2050,11,157,ES1 0 bat,0.0
mean,2050,11,158,ES1 0 bat,0.0
mean,2050,11,159,ES1 0 bat,0.0
mean,2050,11,160,ES1 0 bat,0.0
mean,2050,11,161,ES1 0 bat,0.0
mean,2050,11,162,ES1 0 bat,0.0
mean,2050,11,163,ES1 0 bat,0.0
mean,2050,11,164,ES1 0 bat,0.0
mean,2050,11,165,ES1 0 bat,0.0
mean,2050,11,166,ES1 0 bat,0.0
mean,2050,11,167,ES1 0 bat,0.0
mean,2050,21,0,ES1 0 bat,9617.492191523246
mean,2050,21,1,ES1 0 bat,0.009113183628934556
mean,2050,21,2,ES1 0 bat,0.009113183628963559
mean,2050,21,3,ES1 0 bat,0.009113183628963559
mean,2050,21,4,ES1 0 bat,0.009113183629096966
mean,2050,21,5,ES1 0 bat,0.009113183628869592
mean,2050,21,6,ES1 0 bat,0.009113183628963559
mean,2050,21,7,ES1 0 bat,0.009113183631598076
mean,2050,21,8,ES1 0 bat,0.027340690644392658
mean,2050,21,9,ES1 0 bat,0.0
mean,2050,21,10,ES1 0 bat,0.0
mean,2050,21,11,ES1 0 bat,0.009113183628963559
mean,2050,21,12,ES1 0 bat,1748.9018114201308
mean,2050,21,13,ES1 0 bat,0.08201865266064302
mean,2050,21,14,ES1 0 bat,0.08201865266064302
mean,2050,21,15,ES1 0 bat,0.08201865266064302
mean,2050,21,16,ES1 0 bat,0.08201865266064302
mean,2050,21,17,ES1 0 bat,0.08201865266064302
mean,2050,21,18,ES1 0 bat,0.0
mean,2050,21,19,ES1 0 bat,0.0
mean,2050,21,20,ES1 0 bat,0.0
mean,2050,21,21,ES1 0 bat,0.0
mean,2050,21,22,ES1 0 bat,0.0
mean,2050,21,23,ES1 0 bat,0.0
mean,2050,21,24,ES1 0 bat,0.0
mean,2050,21,25,ES1 0 bat,0.0
mean,2050,21,26,ES1 0 bat,0.0
mean,2050,21,27,ES1 0 bat,0.0
mean,2050,21,28,ES1 0 bat,0.0
mean,2050,21,29,ES1 0 bat,0.0
mean,2050,21,30,ES1 0 bat,0.0
mean,2050,21,31,ES1 0 bat,0.0
mean,2050,21,32,ES1 0 bat,0.009113183628963559
mean,2050,21,33,ES1 0 bat,0.009113183628963559
mean,2050,21,34,ES1 0 bat,0.018226747171816125
mean,2050,21,35,ES1 0 bat,0.0
mean,2050,21,36,ES1 0 bat,0.009113183628963559
mean,2050,21,37,ES1 0 bat,0.18233587427635123
mean,2050,21,38,ES1 0 bat,0.0
mean,2050,21,39,ES1 0 bat,0.0
mean,2050,21,40,ES1 0 bat,0.0
mean,2050,21,41,ES1 0 bat,0.0
mean,2050,21,42,ES1 0 bat,0.0
mean,2050,21,43,ES1 0 bat,0.0
mean,2050,21,44,ES1 0 bat,0.0
mean,2050,21,45,ES1 0 bat,0.0
mean,2050,21,46,ES1 0 bat,0.0
mean,2050,21,47,ES1 0 bat,0.0
mean,2050,21,48,ES1 0 bat,0.0
mean,2050,21,49,ES1 0 bat,0.0
mean,2050,21,50,ES1 0 bat,0.0
mean,2050,21,51,ES1 0 bat,0.0
mean,2050,21,52,ES1 0 bat,0.0
mean,2050,21,53,ES1 0 bat,0.0
mean,2050,21,54,ES1 0 bat,0.0
mean,2050,21,55,ES1 0 bat,0.0
mean,2050,21,56,ES1 0 bat,0.0
mean,2050,21,57,ES1 0 bat,0.009113183628963559
mean,2050,21,58,ES1 0 bat,0.009113183628963559
mean,2050,21,59,ES1 0 bat,0.009113183628963559
mean,2050,21,60,ES1 0 bat,0.009113183628963559
mean,2050,21,61,ES1 0 bat,0.009113183628963559
mean,2050,21,62,ES1 0 bat,0.009113183628963559
mean,2050,21,63,ES1 0 bat,1748.9018114201308
mean,2050,21,64,ES1 0 bat,0.0
mean,2050,21,65,ES1 0 bat,0.0
mean,2050,21,66,ES1 0 bat,0.0
mean,2050,21,67,ES1 0 bat,0.0
mean,2050,21,68,ES1 0 bat,0.0
mean,2050,21,69,ES1 0 bat,0.0
mean,2050,21,70,ES1 0 bat,0.0
mean,2050,21,71,ES1 0 bat,0.0
mean,2050,21,72,ES1 0 bat,0.0
mean,2050,21,73,ES1 0 bat,0.0
mean,2050,21,74,ES1 0 bat,0.0
mean,2050,21,75,ES1 0 bat,0.0
mean,2050,21,76,ES1 0 bat,0.0
mean,2050,21,77,ES1 0 bat,0.0
mean,2050,21,78,ES1 0 bat,0.0
mean,2050,21,79,ES1 0 bat,0.0
mean,2050,21,80,ES1 0 bat,0.0
mean,2050,21,81,ES1 0 bat,0.009113183628963559
mean,2050,21,82,ES1 0 bat,0.009113183628963559
mean,2050,21,83,ES1 0 bat,0.009113183628963559
mean,2050,21,84,ES1 0 bat,0.009113183628963559
mean,2050,21,85,ES1 0 bat,0.009113183628963559
mean,2050,21,86,ES1 0 bat,0.009113183628963559
mean,2050,21,87,ES1 0 bat,1748.9018114201308
mean,2050,21,88,ES1 0 bat,0.0
mean,2050,21,89,ES1 0 bat,0.0
mean,2050,21,90,ES1 0 bat,0.0
mean,2050,21,91,ES1 0 bat,0.0
mean,2050,21,92,ES1 0 bat,0.0
mean,2050,21,93,ES1 0 bat,0.0
mean,2050,21,94,ES1 0 bat,0.0
mean,2050,21,95,ES1 0 bat,0.0
mean,2050,21,96,ES1 0 bat,0.0
mean,2050,21,97,ES1 0 bat,0.0
mean,2050,21,98,ES1 0 bat,0.0
mean,2050,21,99,ES1 0 bat,0.0
mean,2050,21,100,ES1 0 bat,0.0
mean,2050,21,101,ES1 0 bat,0.0
mean,2050,21,102,ES1 0 bat,0.0
mean,2050,21,103,ES1 0 bat,0.0
mean,2050,21,104,ES1 0 bat,0.009113183628963559
mean,2050,21,105,ES1 0 bat,0.009113183628963559
mean,2050,21,106,ES1 0 bat,0.009113183628963559
mean,2050,21,107,ES1 0 bat,0.009113183628963559
mean,2050,21,108,ES1 0 bat,0.009113183628963559
mean,2050,21,109,ES1 0 bat,0.009113183628963559
mean,2050,21,110,ES1 0 bat,0.009113183628963559
mean,2050,21,111,ES1 0 bat,1748.9018114201308
mean,2050,21,112,ES1 0 bat,0.0
mean,2050,21,113,ES1 0 bat,0.0
mean,2050,21,114,ES1 0 bat,0.0
mean,2050,21,115,ES1 0 bat,0.0
mean,2050,21,116,ES1 0 bat,0.0
mean,2050,21,117,ES1 0 bat,0.0
mean,2050,21,118,ES1 0 bat,0.0
mean,2050,21,119,ES1 0 bat,0.0
mean,2050,21,120,ES1 0 bat,0.0
mean,2050,21,121,ES1 0 bat,0.0
mean,2050,21,122,ES1 0 bat,0.0
mean,2050,21,123,ES1 0 bat,0.0
mean,2050,21,124,ES1 0 bat,0.0
mean,2050,21,125,ES1 0 bat,0.0
mean,2050,21,126,ES1 0 bat,0.0
mean,2050,21,127,ES1 0 bat,0.0
mean,2050,21,128,ES1 0 bat,0.009113183628963559
mean,2050,21,129,ES1 0 bat,0.009113183628963559
mean,2050,21,130,ES1 0 bat,0.009113183628963559
mean,2050,21,131,ES1 0 bat,0.009113183628963559
mean,2050,21,132,ES1 0 bat,0.009113183628963559
mean,2050,21,133,ES1 0 bat,0.009113183628963559
mean,2050,21,134,ES1 0 bat,0.009113183628963559
mean,2050,21,135,ES1 0 bat,414.4679787035115
mean,2050,21,136,ES1 0 bat,1334.4602232998368
mean,2050,21,137,ES1 0 bat,0.0
mean,2050,21,138,ES1 0 bat,0.0
mean,2050,21,139,ES1 0 bat,0.0
mean,2050,21,140,ES1 0 bat,0.0
mean,2050,21,141,ES1 0 bat,0.0
mean,2050,21,142,ES1 0 bat,0.0
mean,2050,21,143,ES1 0 bat,0.0
mean,2050,21,144,ES1 0 bat,0.0
mean,2050,21,145,ES1 0 bat,0.0
mean,2050,21,146,ES1 0 bat,0.0
mean,2050,21,147,ES1 0 bat,0.0
mean,2050,21,148,ES1 0 bat,0.0
mean,2050,21,149,ES1 0 bat,0.0
mean,2050,21,150,ES1 0 bat,0.0
mean,2050,21,151,ES1 0 bat,0.0
mean,2050,21,152,ES1 0 bat,0.009113183628963559
mean,2050,21,153,ES1 0 bat,0.009113183628963559
mean,2050,21,154,ES1 0 bat,0.009113183628963559
mean,2050,21,155,ES1 0 bat,0.009113183628963559
mean,2050,21,156,ES1 0 bat,0.009113183628963559
mean,2050,21,157,ES1 0 bat,0.009113183628963559
mean,2050,21,158,ES1 0 bat,0.009113183628963559
mean,2050,21,159,ES1 0 bat,1748.9018114201308
mean,2050,21,160,ES1 0 bat,0.0
mean,2050,21,161,ES1 0 bat,0.0
mean,2050,21,162,ES1 0 bat,0.0
mean,2050,21,163,ES1 0 bat,0.0
mean,2050,21,164,ES1 0 bat,0.0
mean,2050,21,165,ES1 0 bat,0.0
mean,2050,21,166,ES1 0 bat,0.0
mean,2050,21,167,ES1 0 bat,0.0
mean,2050,42,0,ES1 0 bat,9617.492191523246
mean,2050,42,1,ES1 0 bat,0.009113183628414845
mean,2050,42,2,ES1 0 bat,0.009113183628963559
mean,2050,42,3,ES1 0 bat,0.009113183628963559
mean,2050,42,4,ES1 0 bat,0.009113183628869592
mean,2050,42,5,ES1 0 bat,0.018226747171816125
mean,2050,42,6,ES1 0 bat,0.0
mean,2050,42,7,ES1 0 bat,0.00911318362932434
mean,2050,42,8,ES1 0 bat,0.009113183629551713
mean,2050,42,9,ES1 0 bat,0.009113183628963559
mean,2050,42,10,ES1 0 bat,1748.901811420131
mean,2050,42,11,ES1 0 bat,0.0
mean,2050,42,12,ES1 0 bat,0.16403388624007675
mean,2050,42,13,ES1 0 bat,0.08201865266064302
mean,2050,42,14,ES1 0 bat,0.0
mean,2050,42,15,ES1 0 bat,0.16403388623882853
mean,2050,42,16,ES1 0 bat,0.0
mean,2050,42,17,ES1 0 bat,0.0
mean,2050,42,18,ES1 0 bat,0.0
mean,2050,42,19,ES1 0 bat,0.0
mean,2050,42,20,ES1 0 bat,0.0
mean,2050,42,21,ES1 0 bat,0.0
mean,2050,42,22,ES1 0 bat,0.0
mean,2050,42,23,ES1 0 bat,0.00911318362899256
mean,2050,42,24,ES1 0 bat,0.009113183628963559
mean,2050,42,25,ES1 0 bat,0.009113183628963559
mean,2050,42,26,ES1 0 bat,0.009113183628963559
mean,2050,42,27,ES1 0 bat,0.009113183628963559
mean,2050,42,28,ES1 0 bat,0.009113183628963559
mean,2050,42,29,ES1 0 bat,0.018226747171816125
mean,2050,42,30,ES1 0 bat,0.0
mean,2050,42,31,ES1 0 bat,0.009113183628963559
mean,2050,42,32,ES1 0 bat,0.009113183628963559
mean,2050,42,33,ES1 0 bat,0.009113183628963559
mean,2050,42,34,ES1 0 bat,0.009113183628963559
mean,2050,42,35,ES1 0 bat,0.2005778243404929
mean,2050,42,36,ES1 0 bat,0.0
mean,2050,42,37,ES1 0 bat,0.0
mean,2050,42,38,ES1 0 bat,0.0
mean,2050,42,39,ES1 0 bat,0.0
mean,2050,42,40,ES1 0 bat,0.0
mean,2050,42,41,ES1 0 bat,0.0
mean,2050,42,42,ES1 0 bat,0.0
mean,2050,42,43,ES1 0 bat,0.0
mean,2050,42,44,ES1 0 bat,0.0
mean,2050,42,45,ES1 0 bat,0.0
mean,2050,42,46,ES1 0 bat,0.0
mean,2050,42,47,ES1 0 bat,0.0
mean,2050,42,48,ES1 0 bat,0.0
mean,2050,42,49,ES1 0 bat,0.0
mean,2050,42,50,ES1 0 bat,0.0
mean,2050,42,51,ES1 0 bat,0.0
mean,2050,42,52,ES1 0 bat,0.0
mean,2050,42,53,ES1 0 bat,0.0
mean,2050,42,54,ES1 0 bat,0.0
mean,2050,42,55,ES1 0 bat,0.0
mean,2050,42,56,ES1 0 bat,0.0
mean,2050,42,57,ES1 0 bat,0.027340690644392658
mean,2050,42,58,ES1 0 bat,0.0
mean,2050,42,59,ES1 0 bat,0.0
mean,2050,42,60,ES1 0 bat,46.13305675664196
mean,2050,42,61,ES1 0 bat,0.0
mean,2050,42,62,ES1 0 bat,1702.790826075618
mean,2050,42,63,ES1 0 bat,0.08201865266064302
mean,2050,42,64,ES1 0 bat,0.0
mean,2050,42,65,ES1 0 bat,0.0
mean,2050,42,66,ES1 0 bat,0.0
mean,2050,42,67,ES1 0 bat,0.0
mean,2050,42,68,ES1 0 bat,0.0
mean,2050,42,69,ES1 0 bat,0.0
mean,2050,42,70,ES1 0 bat,0.0
mean,2050,42,71,ES1 0 bat,0.0
mean,2050,42,72,ES1 0 bat,0.0
mean,2050,42,73,ES1 0 bat,0.0
mean,2050,42,74,ES1 0 bat,0.0
mean,2050,42,75,ES1 0 bat,0.0
mean,2050,42,76,ES1 0 bat,0.0
mean,2050,42,77,ES1 0 bat,0.0
mean,2050,42,78,ES1 0 bat,0.0
mean,2050,42,79,ES1 0 bat,0.0
mean,2050,42,80,ES1 0 bat,0.0
mean,2050,42,81,ES1 0 bat,0.009113183628869592
mean,2050,42,82,ES1 0 bat,0.009113183628642219
mean,2050,42,83,ES1 0 bat,254.2163317735267
mean,2050,42,84,ES1 0 bat,412.4387256443297
mean,2050,42,85,ES1 0 bat,0.0
mean,2050,42,86,ES1 0 bat,1082.3402678832026
mean,2050,42,87,ES1 0 bat,0.0
mean,2050,42,88,ES1 0 bat,0.0
mean,2050,42,89,ES1 0 bat,0.0
mean,2050,42,90,ES1 0 bat,0.0
mean,2050,42,91,ES1 0 bat,0.0
mean,2050,42,92,ES1 0 bat,0.0
mean,2050,42,93,ES1 0 bat,0.0
mean,2050,42,94,ES1 0 bat,0.0
mean,2050,42,95,ES1 0 bat,0.0
mean,2050,42,96,ES1 0 bat,0.0
mean,2050,42,97,ES1 0 bat,0.0
mean,2050,42,98,ES1 0 bat,0.0
mean,2050,42,99,ES1 0 bat,0.0
mean,2050,42,100,ES1 0 bat,0.0
mean,2050,42,101,ES1 0 bat,0.0
mean,2050,42,102,ES1 0 bat,0.0
mean,2050,42,103,ES1 0 bat,0.00911318362899256
mean,2050,42,104,ES1 0 bat,0.009113183628963559
mean,2050,42,105,ES1 0 bat,0.009113183628963559
mean,2050,42,106,ES1 0 bat,0.009113183628963559
mean,2050,42,107,ES1 0 bat,0.009113183628963559
mean,2050,42,108,ES1 0 bat,1748.9018114201308
mean,2050,42,109,ES1 0 bat,0.0
mean,2050,42,110,ES1 0 bat,0.16403388623882853
mean,2050,42,111,ES1 0 bat,0.0
mean,2050,42,112,ES1 0 bat,0.0
mean,2050,42,113,ES1 0 bat,0.0
mean,2050,42,114,ES1 0 bat,0.0
mean,2050,42,115,ES1 0 bat,0.0
mean,2050,42,116,ES1 0 bat,0.0
mean,2050,42,117,ES1 0 bat,0.0
mean,2050,42,118,ES1 0 bat,0.0
mean,2050,42,119,ES1 0 bat,0.0
mean,2050,42,120,ES1 0 bat,0.0
mean,2050,42,121,ES1 0 bat,0.0
mean,2050,42,122,ES1 0 bat,0.0
mean,2050,42,123,ES1 0 bat,0.0
mean,2050,42,124,ES1 0 bat,0.0
mean,2050,42,125,ES1 0 bat,0.0
mean,2050,42,126,ES1 0 bat,0.0
mean,2050,42,127,ES1 0 bat,0.0
mean,2050,42,128,ES1 0 bat,0.0
mean,2050,42,129,ES1 0 bat,0.0
mean,2050,42,130,ES1 0 bat,1748.9018114201308
mean,2050,42,131,ES1 0 bat,0.0
mean,2050,42,132,ES1 0 bat,0.16403388623882853
mean,2050,42,133,ES1 0 bat,0.08201865266064302
mean,2050,42,134,ES1 0 bat,0.08201865266064302
mean,2050,42,135,ES1 0 bat,0.0
mean,2050,42,136,ES1 0 bat,0.0
mean,2050,42,137,ES1 0 bat,0.0
mean,2050,42,138,ES1 0 bat,0.0
mean,2050,42,139,ES1 0 bat,0.0
mean,2050,42,140,ES1 0 bat,0.0
mean,2050,42,141,ES1 0 bat,0.0
mean,2050,42,142,ES1 0 bat,0.0
mean,2050,42,143,ES1 0 bat,0.0
mean,2050,42,144,ES1 0 bat,0.0
mean,2050,42,145,ES1 0 bat,0.0
mean,2050,42,146,ES1 0 bat,0.0
mean,2050,42,147,ES1 0 bat,0.0
mean,2050,42,148,ES1 0 bat,0.0
mean,2050,42,149,ES1 0 bat,0.0
mean,2050,42,150,ES1 0 bat,0.0
mean,2050,42,151,ES1 0 bat,0.0
mean,2050,42,152,ES1 0 bat,0.0
mean,2050,42,153,ES1 0 bat,0.009113183628963559
mean,2050,42,154,ES1 0 bat,0.009113183628963559
mean,2050,42,155,ES1 0 bat,0.009113183628963559
mean,2050,42,156,ES1 0 bat,0.009113183628963559
mean,2050,42,157,ES1 0 bat,0.009113183628963559
mean,2050,42,158,ES1 0 bat,573.50267267078
mean,2050,42,159,ES1 0 bat,1175.4321589553965
mean,2050,42,160,ES1 0 bat,0.0
mean,2050,42,161,ES1 0 bat,0.0
mean,2050,42,162,ES1 0 bat,0.0
mean,2050,42,163,ES1 0 bat,0.0
mean,2050,42,164,ES1 0 bat,0.0
mean,2050,42,165,ES1 0 bat,0.0
mean,2050,42,166,ES1 0 bat,0.0
mean,2050,42,167,ES1 0 bat,0.0
mean,2050,52,0,ES1 0 bat,0.0
mean,2050,52,1,ES1 0 bat,0.009113183628963559
mean,2050,52,2,ES1 0 bat,0.009113183628963559
mean,2050,52,3,ES1 0 bat,0.009113183628963559
mean,2050,52,4,ES1 0 bat,0.009113183628963559
mean,2050,52,5,ES1 0 bat,0.027340690644392658
mean,2050,52,6,ES1 0 bat,0.0
mean,2050,52,7,ES1 0 bat,0.0
mean,2050,52,8,ES1 0 bat,0.009113183628963559
mean,2050,52,9,ES1 0 bat,0.009113183628963559
mean,2050,52,10,ES1 0 bat,0.027340690644392658
mean,2050,52,11,ES1 0 bat,0.0
mean,2050,52,12,ES1 0 bat,0.0
mean,2050,52,13,ES1 0 bat,1748.9018114201308
mean,2050,52,14,ES1 0 bat,0.0
mean,2050,52,15,ES1 0 bat,0.0
mean,2050,52,16,ES1 0 bat,0.0
mean,2050,52,17,ES1 0 bat,0.0
mean,2050,52,18,ES1 0 bat,0.0
mean,2050,52,19,ES1 0 bat,0.0
mean,2050,52,20,ES1 0 bat,0.0
mean,2050,52,21,ES1 0 bat,0.0
mean,2050,52,22,ES1 0 bat,0.0
mean,2050,52,23,ES1 0 bat,0.0
mean,2050,52,24,ES1 0 bat,0.0
mean,2050,52,25,ES1 0 bat,0.0
mean,2050,52,26,ES1 0 bat,0.0
mean,2050,52,27,ES1 0 bat,0.0
mean,2050,52,28,ES1 0 bat,0.0
mean,2050,52,29,ES1 0 bat,0.0
mean,2050,52,30,ES1 0 bat,0.0
mean,2050,52,31,ES1 0 bat,0.0
mean,2050,52,32,ES1 0 bat,0.0
mean,2050,52,33,ES1 0 bat,0.0
mean,2050,52,34,ES1 0 bat,0.0
mean,2050,52,35,ES1 0 bat,0.0
mean,2050,52,36,ES1 0 bat,0.0
mean,2050,52,37,ES1 0 bat,0.0
mean,2050,52,38,ES1 0 bat,0.0
mean,2050,52,39,ES1 0 bat,0.0
mean,2050,52,40,ES1 0 bat,0.0
mean,2050,52,41,ES1 0 bat,0.0
mean,2050,52,42,ES1 0 bat,0.0
mean,2050,52,43,ES1 0 bat,0.0
mean,2050,52,44,ES1 0 bat,0.0
mean,2050,52,45,ES1 0 bat,0.0
mean,2050,52,46,ES1 0 bat,0.0
mean,2050,52,47,ES1 0 bat,0.0
mean,2050,52,48,ES1 0 bat,0.0
mean,2050,52,49,ES1 0 bat,0.0
mean,2050,52,50,ES1 0 bat,0.0
mean,2050,52,51,ES1 0 bat,0.0
mean,2050,52,52,ES1 0 bat,0.0
mean,2050,52,53,ES1 0 bat,0.0
mean,2050,52,54,ES1 0 bat,0.0
mean,2050,52,55,ES1 0 bat,0.0
mean,2050,52,56,ES1 0 bat,0.0
mean,2050,52,57,ES1 0 bat,0.0
mean,2050,52,58,ES1 0 bat,0.0
mean,2050,52,59,ES1 0 bat,0.0
mean,2050,52,60,ES1 0 bat,0.0
mean,2050,52,61,ES1 0 bat,0.0
mean,2050,52,62,ES1 0 bat,0.0
mean,2050,52,63,ES1 0 bat,0.0
mean,2050,52,64,ES1 0 bat,0.0
mean,2050,52,65,ES1 0 bat,0.0
mean,2050,52,66,ES1 0 bat,0.0
mean,2050,52,67,ES1 0 bat,0.0
mean,2050,52,68,ES1 0 bat,0.0
mean,2050,52,69,ES1 0 bat,0.0
mean,2050,52,70,ES1 0 bat,0.0
mean,2050,52,71,ES1 0 bat,0.0
mean,2050,52,72,ES1 0 bat,0.0
mean,2050,52,73,ES1 0 bat,0.0
mean,2050,52,74,ES1 0 bat,0.0
mean,2050,52,75,ES1 0 bat,0.0
mean,2050,52,76,ES1 0 bat,0.0
mean,2050,52,77,ES1 0 bat,0.0
mean,2050,52,78,ES1 0 bat,0.0
mean,2050,52,79,ES1 0 bat,0.0
mean,2050,52,80,ES1 0 bat,0.0
mean,2050,52,81,ES1 0 bat,0.018226747171816125
mean,2050,52,82,ES1 0 bat,0.0
mean,2050,52,83,ES1 0 bat,0.018226747171816125
mean,2050,52,84,ES1 0 bat,0.0
mean,2050,52,85,ES1 0 bat,0.009113183628963559
mean,2050,52,86,ES1 0 bat,1748.9018114201308
mean,2050,52,87,ES1 0 bat,0.0
mean,2050,52,88,ES1 0 bat,0.0
mean,2050,52,89,ES1 0 bat,0.0
mean,2050,52,90,ES1 0 bat,0.0
mean,2050,52,91,ES1 0 bat,0.0
mean,2050,52,92,ES1 0 bat,0.0
mean,2050,52,93,ES1 0 bat,0.0
mean,2050,52,94,ES1 0 bat,0.0
mean,2050,52,95,ES1 0 bat,0.0
mean,2050,52,96,ES1 0 bat,0.0
mean,2050,52,97,ES1 0 bat,0.0
mean,2050,52,98,ES1 0 bat,0.0
mean,2050,52,99,ES1 0 bat,0.0
mean,2050,52,100,ES1 0 bat,0.0
mean,2050,52,101,ES1 0 bat,0.0
mean,2050,52,102,ES1 0 bat,0.0
mean,2050,52,103,ES1 0 bat,0.0
mean,2050,52,104,ES1 0 bat,0.0
mean,2050,52,105,ES1 0 bat,0.0
mean,2050,52,106,ES1 0 bat,0.0
mean,2050,52,107,ES1 0 bat,583.4491193243334
mean,2050,52,108,ES1 0 bat,0.0
mean,2050,52,109,ES1 0 bat,0.0
mean,2050,52,110,ES1 0 bat,0.0
mean,2050,52,111,ES1 0 bat,0.0
mean,2050,52,112,ES1 0 bat,0.0
mean,2050,52,113,ES1 0 bat,0.0
mean,2050,52,114,ES1 0 bat,0.0
mean,2050,52,115,ES1 0 bat,0.0
mean,2050,52,116,ES1 0 bat,0.0
mean,2050,52,117,ES1 0 bat,0.0
mean,2050,52,118,ES1 0 bat,0.0
mean,2050,52,119,ES1 0 bat,0.0
mean,2050,52,120,ES1 0 bat,0.0
mean,2050,52,121,ES1 0 bat,0.0
mean,2050,52,122,ES1 0 bat,0.0
mean,2050,52,123,ES1 0 bat,0.0
mean,2050,52,124,ES1 0 bat,0.0
mean,2050,52,125,ES1 0 bat,0.0
mean,2050,52,126,ES1 0 bat,0.0
mean,2050,52,127,ES1 0 bat,0.0
mean,2050,52,128,ES1 0 bat,0.0
mean,2050,52,129,ES1 0 bat,0.009113183628963559
mean,2050,52,130,ES1 0 bat,0.009113183628963559
mean,2050,52,131,ES1 0 bat,0.009113183628963559
mean,2050,52,132,ES1 0 bat,0.009113183628963559
mean,2050,52,133,ES1 0 bat,0.009113183628963559
mean,2050,52,134,ES1 0 bat,1237.5051440571733
mean,2050,52,135,ES1 0 bat,511.45736760429827
mean,2050,52,136,ES1 0 bat,0.0
mean,2050,52,137,ES1 0 bat,0.0
mean,2050,52,138,ES1 0 bat,0.0
mean,2050,52,139,ES1 0 bat,0.0
mean,2050,52,140,ES1 0 bat,0.0
mean,2050,52,141,ES1 0 bat,0.0
mean,2050,52,142,ES1 0 bat,0.0
mean,2050,52,143,ES1 0 bat,0.0
mean,2050,52,144,ES1 0 bat,0.0
mean,2050,52,145,ES1 0 bat,0.0
mean,2050,52,146,ES1 0 bat,0.0
mean,2050,52,147,ES1 0 bat,0.0
mean,2050,52,148,ES1 0 bat,0.0
mean,2050,52,149,ES1 0 bat,0.0
mean,2050,52,150,ES1 0 bat,0.0
mean,2050,52,151,ES1 0 bat,0.0
mean,2050,52,152,ES1 0 bat,0.0
mean,2050,52,153,ES1 0 bat,0.009113183628963559
mean,2050,52,154,ES1 0 bat,0.009113183628963559
mean,2050,52,155,ES1 0 bat,0.009113183628963559
mean,2050,52,156,ES1 0 bat,0.009113183628963559
mean,2050,52,157,ES1 0 bat,0.009113183628963559
mean,2050,52,158,ES1 0 bat,299.0636698330921
mean,2050,52,159,ES1 0 bat,1449.8597213518024
mean,2050,52,160,ES1 0 bat,0.0
mean,2050,52,161,ES1 0 bat,0.0
mean,2050,52,162,ES1 0 bat,0.0
mean,2050,52,163,ES1 0 bat,0.0
mean,2050,52,164,ES1 0 bat,0.0
mean,2050,52,165,ES1 0 bat,0.0
mean,2050,52,166,ES1 0 bat,0.0
mean,2050,52,167,ES1 0 bat,0.0
mean,2025,11,0,ES1 1 bat,0.0
mean,2025,11,1,ES1 1 bat,0.0
mean,2025,11,2,ES1 1 bat,0.0
mean,2025,11,3,ES1 1 bat,0.0
mean,2025,11,4,ES1 1 bat,0.0
mean,2025,11,5,ES1 1 bat,0.0
mean,2025,11,6,ES1 1 bat,0.0
mean,2025,11,7,ES1 1 bat,0.0
mean,2025,11,8,ES1 1 bat,0.0
mean,2025,11,9,ES1 1 bat,0.0
mean,2025,11,10,ES1 1 bat,0.0
mean,2025,11,11,ES1 1 bat,0.0
mean,2025,11,12,ES1 1 bat,0.0
mean,2025,11,13,ES1 1 bat,0.0
mean,2025,11,14,ES1 1 bat,0.0
mean,2025,11,15,ES1 1 bat,0.0
mean,2025,11,16,ES1 1 bat,0.0
mean,2025,11,17,ES1 1 bat,0.0
mean,2025,11,18,ES1 1 bat,0.0
mean,2025,11,19,ES1 1 bat,0.0
mean,2025,11,20,ES1 1 bat,0.0
mean,2025,11,21,ES1 1 bat,0.0
mean,2025,11,22,ES1 1 bat,0.0
mean,2025,11,23,ES1 1 bat,0.0
mean,2025,11,24,ES1 1 bat,0.0
mean,2025,11,25,ES1 1 bat,0.0
mean,2025,11,26,ES1 1 bat,0.0
mean,2025,11,27,ES1 1 bat,0.0
mean,2025,11,28,ES1 1 bat,0.0
mean,2025,11,29,ES1 1 bat,0.0
mean,2025,11,30,ES1 1 bat,0.0
mean,2025,11,31,ES1 1 bat,0.0
mean,2025,11,32,ES1 1 bat,0.0
mean,2025,11,33,ES1 1 bat,0.0
mean,2025,11,34,ES1 1 bat,0.0
mean,2025,11,35,ES1 1 bat,0.0
mean,2025,11,36,ES1 1 bat,0.0
mean,2025,11,37,ES1 1 bat,0.0
mean,2025,11,38,ES1 1 bat,0.0
mean,2025,11,39,ES1 1 bat,0.0
mean,2025,11,40,ES1 1 bat,0.0
mean,2025,11,41,ES1 1 bat,0.0
mean,2025,11,42,ES1 1 bat,0.0
mean,2025,11,43,ES1 1 bat,0.0
mean,2025,11,44,ES1 1 bat,0.0
mean,2025,11,45,ES1 1 bat,0.0
mean,2025,11,46,ES1 1 bat,0.0
mean,2025,11,47,ES1 1 bat,0.0
mean,2025,11,48,ES1 1 bat,0.0
mean,2025,11,49,ES1 1 bat,0.0
mean,2025,11,50,ES1 1 bat,0.0
mean,2025,11,51,ES1 1 bat,0.0
mean,2025,11,52,ES1 1 bat,0.0
mean,2025,11,53,ES1 1 bat,0.0
mean,2025,11,54,ES1 1 bat,0.0
mean,2025,11,55,ES1 1 bat,0.0
mean,2025,11,56,ES1 1 bat,0.0
mean,2025,11,57,ES1 1 bat,0.0
mean,2025,11,58,ES1 1 bat,0.0
mean,2025,11,59,ES1 1 bat,0.0
mean,2025,11,60,ES1 1 bat,0.0
mean,2025,11,61,ES1 1 bat,0.0
mean,2025,11,62,ES1 1 bat,0.0
mean,2025,11,63,ES1 1 bat,0.0
mean,2025,11,64,ES1 1 bat,0.0
mean,2025,11,65,ES1 1 bat,0.0
mean,2025,11,66,ES1 1 bat,0.0
mean,2025,11,67,ES1 1 bat,0.0
mean,2025,11,68,ES1 1 bat,0.0
mean,2025,11,69,ES1 1 bat,0.0
mean,2025,11,70,ES1 1 bat,0.0
mean,2025,11,71,ES1 1 bat,0.0
mean,2025,11,72,ES1 1 bat,0.0
mean,2025,11,73,ES1 1 bat,0.0
mean,2025,11,74,ES1 1 bat,0.0
mean,2025,11,75,ES1 1 bat,0.0
mean,2025,11,76,ES1 1 bat,0.0
mean,2025,11,77,ES1 1 bat,0.0
mean,2025,11,78,ES1 1 bat,0.0
mean,2025,11,79,ES1 1 bat,0.0
mean,2025,11,80,ES1 1 bat,0.0
mean,2025,11,81,ES1 1 bat,0.0
mean,2025,11,82,ES1 1 bat,0.0
mean,2025,11,83,ES1 1 bat,0.0
mean,2025,11,84,ES1 1 bat,0.0
mean,2025,11,85,ES1 1 bat,0.0
mean,2025,11,86,ES1 1 bat,0.0
mean,2025,11,87,ES1 1 bat,0.0
mean,2025,11,88,ES1 1 bat,0.0
mean,2025,11,89,ES1 1 bat,0.0
mean,2025,11,90,ES1 1 bat,0.0
mean,2025,11,91,ES1 1 bat,0.0
mean,2025,11,92,ES1 1 bat,0.0
mean,2025,11,93,ES1 1 bat,0.0
mean,2025,11,94,ES1 1 bat,0.0
mean,2025,11,95,ES1 1 bat,0.0
mean,2025,11,96,ES1 1 bat,0.0
mean,2025,11,97,ES1 1 bat,0.0
mean,2025,11,98,ES1 1 bat,0.0
mean,2025,11,99,ES1 1 bat,0.0
mean,2025,11,100,ES1 1 bat,0.0
mean,2025,11,101,ES1 1 bat,0.0
mean,2025,11,102,ES1 1 bat,0.0
mean,2025,11,103,ES1 1 bat,0.0
mean,2025,11,104,ES1 1 bat,0.0
mean,2025,11,105,ES1 1 bat,0.0
mean,2025,11,106,ES1 1 bat,0.0
mean,2025,11,107,ES1 1 bat,0.0
mean,2025,11,108,ES1 1 bat,0.0
mean,2025,11,109,ES1 1 bat,0.0
mean,2025,11,110,ES1 1 bat,0.0
mean,2025,11,111,ES1 1 bat,0.0
mean,2025,11,112,ES1 1 bat,0.0
mean,2025,11,113,ES1 1 bat,0.0
mean,2025,11,114,ES1 1 bat,0.0
mean,2025,11,115,ES1 1 bat,0.0
mean,2025,11,116,ES1 1 bat,0.0
mean,2025,11,117,ES1 1 bat,0.0
mean,2025,11,118,ES1 1 bat,0.0
mean,2025,11,119,ES1 1 bat,0.0
mean,2025,11,120,ES1 1 bat,0.0
mean,2025,11,121,ES1 1 bat,0.0
mean,2025,11,122,ES1 1 bat,0.0
mean,2025,11,123,ES1 1 bat,0.0
mean,2025,11,124,ES1 1 bat,0.0
mean,2025,11,125,ES1 1 bat,0.0
mean,2025,11,126,ES1 1 bat,0.0
mean,2025,11,127,ES1 1 bat,0.0
mean,2025,11,128,ES1 1 bat,0.0
mean,2025,11,129,ES1 1 bat,0.0
mean,2025,11,130,ES1 1 bat,0.0
mean,2025,11,131,ES1 1 bat,0.0
mean,2025,11,132,ES1 1 bat,0.0
mean,2025,11,133,ES1 1 bat,0.0
mean,2025,11,134,ES1 1 bat,0.0
mean,2025,11,135,ES1 1 bat,0.0
mean,2025,11,136,ES1 1 bat,0.0
mean,2025,11,137,ES1 1 bat,0.0
mean,2025,11,138,ES1 1 bat,0.0
mean,2025,11,139,ES1 1 bat,0.0
mean,2025,11,140,ES1 1 bat,0.0
mean,2025,11,141,ES1 1 bat,0.0
mean,2025,11,142,ES1 1 bat,0.0
mean,2025,11,143,ES1 1 bat,0.0
mean,2025,11,144,ES1 1 bat,0.0
mean,2025,11,145,ES1 1 bat,0.0
mean,2025,11,146,ES1 1 bat,0.0
mean,2025,11,147,ES1 1 bat,0.0
mean,2025,11,148,ES1 1 bat,0.0
mean,2025,11,149,ES1 1 bat,0.0
mean,2025,11,150,ES1 1 bat,0.0
mean,2025,11,151,ES1 1 bat,0.0
mean,2025,11,152,ES1 1 bat,0.0
mean,2025,11,153,ES1 1 bat,0.0
mean,2025,11,154,ES1 1 bat,0.0
mean,2025,11,155,ES1 1 bat,0.0
mean,2025,11,156,ES1 1 bat,0.0
mean,2025,11,157,ES1 1 bat,0.0
mean,2025,11,158,ES1 1 bat,0.0
mean,2025,11,159,ES1 1 bat,0.0
mean,2025,11,160,ES1 1 bat,0.0
mean,2025,11,161,ES1 1 bat,0.0
mean,2025,11,162,ES1 1 bat,0.0
mean,2025,11,163,ES1 1 bat,0.0
mean,2025,11,164,ES1 1 bat,0.0
mean,2025,11,165,ES1 1 bat,0.0
mean,2025,11,166,ES1 1 bat,0.0
mean,2025,11,167,ES1 1 bat,0.0
mean,2025,21,0,ES1 1 bat,0.0
mean,2025,21,1,ES1 1 bat,0.0
mean,2025,21,2,ES1 1 bat,0.0
mean,2025,21,3,ES1 1 bat,0.0
mean,2025,21,4,ES1 1 bat,0.0
mean,2025,21,5,ES1 1 bat,0.0
mean,2025,21,6,ES1 1 bat,0.0
mean,2025,21,7,ES1 1 bat,0.0
mean,2025,21,8,ES1 1 bat,0.0
mean,2025,21,9,ES1 1 bat,0.0
mean,2025,21,10,ES1 1 bat,0.0
mean,2025,21,11,ES1 1 bat,0.0
mean,2025,21,12,ES1 1 bat,0.0
mean,2025,21,13,ES1 1 bat,0.0
mean,2025,21,14,ES1 1 bat,0.0
mean,2025,21,15,ES1 1 bat,0.0
mean,2025,21,16,ES1 1 bat,0.0
mean,2025,21,17,ES1 1 bat,0.0
mean,2025,21,18,ES1 1 bat,0.0
mean,2025,21,19,ES1 1 bat,0.0
mean,2025,21,20,ES1 1 bat,0.0
mean,2025,21,21,ES1 1 bat,0.0
mean,2025,21,22,ES1 1 bat,0.0
mean,2025,21,23,ES1 1 bat,0.0
mean,2025,21,24,ES1 1 bat,0.0
mean,2025,21,25,ES1 1 bat,0.0
mean,2025,21,26,ES1 1 bat,0.0
mean,2025,21,27,ES1 1 bat,0.0
mean,2025,21,28,ES1 1 bat,0.0
mean,2025,21,29,ES1 1 bat,0.0
mean,2025,21,30,ES1 1 bat,0.0
mean,2025,21,31,ES1 1 bat,0.0
mean,2025,21,32,ES1 1 bat,0.0
mean,2025,21,33,ES1 1 bat,0.0
mean,2025,21,34,ES1 1 bat,0.0
mean,2025,21,35,ES1 1 bat,0.0
mean,2025,21,36,ES1 1 bat,0.0
mean,2025,21,37,ES1 1 bat,0.0
mean,2025,21,38,ES1 1 bat,0.0
mean,2025,21,39,ES1 1 bat,0.0
mean,2025,21,40,ES1 1 bat,0.0
mean,2025,21,41,ES1 1 bat,0.0
mean,2025,21,42,ES1 1 bat,0.0
mean,2025,21,43,ES1 1 bat,0.0
mean,2025,21,44,ES1 1 bat,0.0
mean,2025,21,45,ES1 1 bat,0.0
mean,2025,21,46,ES1 1 bat,0.0
mean,2025,21,47,ES1 1 bat,0.0
mean,2025,21,48,ES1 1 bat,0.0
mean,2025,21,49,ES1 1 bat,0.0
mean,2025,21,50,ES1 1 bat,0.0
mean,2025,21,51,ES1 1 bat,0.0
mean,2025,21,52,ES1 1 bat,0.0
mean,2025,21,53,ES1 1 bat,0.0
mean,2025,21,54,ES1 1 bat,0.0
mean,2025,21,55,ES1 1 bat,0.0
mean,2025,21,56,ES1 1 bat,0.0
mean,2025,21,57,ES1 1 bat,0.0
mean,2025,21,58,ES1 1 bat,0.0
mean,2025,21,59,ES1 1 bat,0.0
mean,2025,21,60,ES1 1 bat,0.0
mean,2025,21,61,ES1 1 bat,0.0
mean,2025,21,62,ES1 1 bat,0.0
mean,2025,21,63,ES1 1 bat,0.0
mean,2025,21,64,ES1 1 bat,0.0
mean,2025,21,65,ES1 1 bat,0.0
mean,2025,21,66,ES1 1 bat,0.0
mean,2025,21,67,ES1 1 bat,0.0
mean,2025,21,68,ES1 1 bat,0.0
mean,2025,21,69,ES1 1 bat,0.0
mean,2025,21,70,ES1 1 bat,0.0
mean,2025,21,71,ES1 1 bat,0.0
mean,2025,21,72,ES1 1 bat,0.0
mean,2025,21,73,ES1 1 bat,0.0
mean,2025,21,74,ES1 1 bat,0.0
mean,2025,21,75,ES1 1 bat,0.0
mean,2025,21,76,ES1 1 bat,0.0
mean,2025,21,77,ES1 1 bat,0.0
mean,2025,21,78,ES1 1 bat,0.0
mean,2025,21,79,ES1 1 bat,0.0
mean,2025,21,80,ES1 1 bat,0.0
mean,2025,21,81,ES1 1 bat,0.0
mean,2025,21,82,ES1 1 bat,0.0
mean,2025,21,83,ES1 1 bat,0.0
mean,2025,21,84,ES1 1 bat,0.0
mean,2025,21,85,ES1 1 bat,0.0
mean,2025,21,86,ES1 1 bat,0.0
mean,2025,21,87,ES1 1 bat,0.0
mean,2025,21,88,ES1 1 bat,0.0
mean,2025,21,89,ES1 1 bat,0.0
mean,2025,21,90,ES1 1 bat,0.0
mean,2025,21,91,ES1 1 bat,0.0
mean,2025,21,92,ES1 1 bat,0.0
mean,2025,21,93,ES1 1 bat,0.0
mean,2025,21,94,ES1 1 bat,0.0
mean,2025,21,95,ES1 1 bat,0.0
mean,2025,21,96,ES1 1 bat,0.0
mean,2025,21,97,ES1 1 bat,0.0
mean,2025,21,98,ES1 1 bat,0.0
mean,2025,21,99,ES1 1 bat,0.0
mean,2025,21,100,ES1 1 bat,0.0
mean,2025,21,101,ES1 1 bat,0.0
mean,2025,21,102,ES1 1 bat,0.0
mean,2025,21,103,ES1 1 bat,0.0
mean,2025,21,104,ES1 1 bat,0.0
mean,2025,21,105,ES1 1 bat,0.0
mean,2025,21,106,ES1 1 bat,0.0
mean,2025,21,107,ES1 1 bat,0.0
mean,2025,21,108,ES1 1 bat,0.0
mean,2025,21,109,ES1 1 bat,0.0
mean,2025,21,110,ES1 1 bat,0.0
mean,2025,21,111,ES1 1 bat,0.0
mean,2025,21,112,ES1 1 bat,0.0
mean,2025,21,113,ES1 1 bat,0.0
mean,2025,21,114,ES1 1 bat,0.0
mean,2025,21,115,ES1 1 bat,0.0
mean,2025,21,116,ES1 1 bat,0.0
mean,2025,21,117,ES1 1 bat,0.0
mean,2025,21,118,ES1 1 bat,0.0
mean,2025,21,119,ES1 1 bat,0.0
mean,2025,21,120,ES1 1 bat,0.0
mean,2025,21,121,ES1 1 bat,0.0
mean,2025,21,122,ES1 1 bat,0.0
mean,2025,21,123,ES1 1 bat,0.0
mean,2025,21,124,ES1 1 bat,0.0
mean,2025,21,125,ES1 1 bat,0.0
mean,2025,21,126,ES1 1 bat,0.0
mean,2025,21,127,ES1 1 bat,0.0
mean,2025,21,128,ES1 1 bat,0.0
mean,2025,21,129,ES1 1 bat,0.0
mean,2025,21,130,ES1 1 bat,0.0
mean,2025,21,131,ES1 1 bat,0.0
mean,2025,21,132,ES1 1 bat,0.0
mean,2025,21,133,ES1 1 bat,0.0
mean,2025,21,134,ES1 1 bat,0.0
mean,2025,21,135,ES1 1 bat,0.0
mean,2025,21,136,ES1 1 bat,0.0
mean,2025,21,137,ES1 1 bat,0.0
mean,2025,21,138,ES1 1 bat,0.0
mean,2025,21,139,ES1 1 bat,0.0
mean,2025,21,140,ES1 1 bat,0.0
mean,2025,21,141,ES1 1 bat,0.0
mean,2025,21,142,ES1 1 bat,0.0
mean,2025,21,143,ES1 1 bat,0.0
mean,2025,21,144,ES1 1 bat,0.0
mean,2025,21,145,ES1 1 bat,0.0
mean,2025,21,146,ES1 1 bat,0.0
mean,2025,21,147,ES1 1 bat,0.0
mean,2025,21,148,ES1 1 bat,0.0
mean,2025,21,149,ES1 1 bat,0.0
mean,2025,21,150,ES1 1 bat,0.0
mean,2025,21,151,ES1 1 bat,0.0
mean,2025,21,152,ES1 1 bat,0.0
mean,2025,21,153,ES1 1 bat,0.0
mean,2025,21,154,ES1 1 bat,0.0
mean,2025,21,155,ES1 1 bat,0.0
mean,2025,21,156,ES1 1 bat,0.0
mean,2025,21,157,ES1 1 bat,0.0
mean,2025,21,158,ES1 1 bat,0.0
mean,2025,21,159,ES1 1 bat,0.0
mean,2025,21,160,ES1 1 bat,0.0
mean,2025,21,161,ES1 1 bat,0.0
mean,2025,21,162,ES1 1 bat,0.0
mean,2025,21,163,ES1 1 bat,0.0
mean,2025,21,164,ES1 1 bat,0.0
mean,2025,21,165,ES1 1 bat,0.0
mean,2025,21,166,ES1 1 bat,0.0
mean,2025,21,167,ES1 1 bat,0.0
mean,2025,42,0,ES1 1 bat,0.0
mean,2025,42,1,ES1 1 bat,0.0
mean,2025,42,2,ES1 1 bat,0.0
mean,2025,42,3,ES1 1 bat,0.0
mean,2025,42,4,ES1 1 bat,0.0
mean,2025,42,5,ES1 1 bat,0.0
mean,2025,42,6,ES1 1 bat,0.0
mean,2025,42,7,ES1 1 bat,0.0
mean,2025,42,8,ES1 1 bat,0.0
mean,2025,42,9,ES1 1 bat,0.0
mean,2025,42,10,ES1 1 bat,0.0
mean,2025,42,11,ES1 1 bat,0.0
mean,2025,42,12,ES1 1 bat,0.0
mean,2025,42,13,ES1 1 bat,0.0
mean,2025,42,14,ES1 1 bat,0.0
mean,2025,42,15,ES1 1 bat,0.0
mean,2025,42,16,ES1 1 bat,0.0
mean,2025,42,17,ES1 1 bat,0.0
mean,2025,42,18,ES1 1 bat,0.0
mean,2025,42,19,ES1 1 bat,0.0
mean,2025,42,20,ES1 1 bat,0.0
mean,2025,42,21,ES1 1 bat,0.0
mean,2025,42,22,ES1 1 bat,0.0
mean,2025,42,23,ES1 1 bat,0.0
mean,2025,42,24,ES1 1 bat,0.0
mean,2025,42,25,ES1 1 bat,0.0
mean,2025,42,26,ES1 1 bat,0.0
mean,2025,42,27,ES1 1 bat,0.0
mean,2025,42,28,ES1 1 bat,0.0
mean,2025,42,29,ES1 1 bat,0.0
mean,2025,42,30,ES1 1 bat,0.0
mean,2025,42,31,ES1 1 bat,0.0
mean,2025,42,32,ES1 1 bat,0.0
mean,2025,42,33,ES1 1 bat,0.0
mean,2025,42,34,ES1 1 bat,0.0
mean,2025,42,35,ES1 1 bat,0.0
mean,2025,42,36,ES1 1 bat,0.0
mean,2025,42,37,ES1 1 bat,0.0
mean,2025,42,38,ES1 1 bat,0.0
mean,2025,42,39,ES1 1 bat,0.0
mean,2025,42,40,ES1 1 bat,0.0
mean,2025,42,41,ES1 1 bat,0.0
mean,2025,42,42,ES1 1 bat,0.0
mean,2025,42,43,ES1 1 bat,0.0
mean,2025,42,44,ES1 1 bat,0.0
mean,2025,42,45,ES1 1 bat,0.0
mean,2025,42,46,ES1 1 bat,0.0
mean,2025,42,47,ES1 1 bat,0.0
mean,2025,42,48,ES1 1 bat,0.0
mean,2025,42,49,ES1 1 bat,0.0
mean,2025,42,50,ES1 1 bat,0.0
mean,2025,42,51,ES1 1 bat,0.0
mean,2025,42,52,ES1 1 bat,0.0
mean,2025,42,53,ES1 1 bat,0.0
mean,2025,42,54,ES1 1 bat,0.0
mean,2025,42,55,ES1 1 bat,0.0
mean,2025,42,56,ES1 1 bat,0.0
mean,2025,42,57,ES1 1 bat,0.0
mean,2025,42,58,ES1 1 bat,0.0
mean,2025,42,59,ES1 1 bat,0.0
mean,2025,42,60,ES1 1 bat,0.0
mean,2025,42,61,ES1 1 bat,0.0
mean,2025,42,62,ES1 1 bat,0.0
mean,2025,42,63,ES1 1 bat,0.0
mean,2025,42,64,ES1 1 bat,0.0
mean,2025,42,65,ES1 1 bat,0.0
mean,2025,42,66,ES1 1 bat,0.0
mean,2025,42,67,ES1 1 bat,0.0
mean,2025,42,68,ES1 1 bat,0.0
mean,2025,42,69,ES1 1 bat,0.0
mean,2025,42,70,ES1 1 bat,0.0
mean,2025,42,71,ES1 1 bat,0.0
mean,2025,42,72,ES1 1 bat,0.0
mean,2025,42,73,ES1 1 bat,0.0
mean,2025,42,74,ES1 1 bat,0.0
mean,2025,42,75,ES1 1 bat,0.0
mean,2025,42,76,ES1 1 bat,0.0
mean,2025,42,77,ES1 1 bat,0.0
mean,2025,42,78,ES1 1 bat,0.0
mean,2025,42,79,ES1 1 bat,0.0
mean,2025,42,80,ES1 1 bat,0.0
mean,2025,42,81,ES1 1 bat,0.0
mean,2025,42,82,ES1 1 bat,0.0
mean,2025,42,83,ES1 1 bat,0.0
mean,2025,42,84,ES1 1 bat,0.0
mean,2025,42,85,ES1 1 bat,0.0
mean,2025,42,86,ES1 1 bat,0.0
mean,2025,42,87,ES1 1 bat,0.0
mean,2025,42,88,ES1 1 bat,0.0
mean,2025,42,89,ES1 1 bat,0.0
mean,2025,42,90,ES1 1 bat,0.0
mean,2025,42,91,ES1 1 bat,0.0
mean,2025,42,92,ES1 1 bat,0.0
mean,2025,42,93,ES1 1 bat,0.0
mean,2025,42,94,ES1 1 bat,0.0
mean,2025,42,95,ES1 1 bat,0.0
mean,2025,42,96,ES1 1 bat,0.0
mean,2025,42,97,ES1 1 bat,0.0
mean,2025,42,98,ES1 1 bat,0.0
mean,2025,42,99,ES1 1 bat,0.0
mean,2025,42,100,ES1 1 bat,0.0
mean,2025,42,101,ES1 1 bat,0.0
mean,2025,42,102,ES1 1 bat,0.0
mean,2025,42,103,ES1 1 bat,0.0
mean,2025,42,104,ES1 1 bat,0.0
mean,2025,42,105,ES1 1 bat,0.0
mean,2025,42,106,ES1 1 bat,0.0
mean,2025,42,107,ES1 1 bat,0.0
mean,2025,42,108,ES1 1 bat,0.0
mean,2025,42,109,ES1 1 bat,0.0
mean,2025,42,110,ES1 1 bat,0.0
mean,2025,42,111,ES1 1 bat,0.0
mean,2025,42,112,ES1 1 bat,0.0
mean,2025,42,113,ES1 1 bat,0.0
mean,2025,42,114,ES1 1 bat,0.0
mean,2025,42,115,ES1 1 bat,0.0
mean,2025,42,116,ES1 1 bat,0.0
mean,2025,42,117,ES1 1 bat,0.0
mean,2025,42,118,ES1 1 bat,0.0
mean,2025,42,119,ES1 1 bat,0.0
mean,2025,42,120,ES1 1 bat,0.0
mean,2025,42,121,ES1 1 bat,0.0
mean,2025,42,122,ES1 1 bat,0.0
mean,2025,42,123,ES1 1 bat,0.0
mean,2025,42,124,ES1 1 bat,0.0
mean,2025,42,125,ES1 1 bat,0.0
mean,2025,42,126,ES1 1 bat,0.0
mean,2025,42,127,ES1 1 bat,0.0
mean,2025,42,128,ES1 1 bat,0.0
mean,2025,42,129,ES1 1 bat,0.0
mean,2025,42,130,ES1 1 bat,0.0
mean,2025,42,131,ES1 1 bat,0.0
mean,2025,42,132,ES1 1 bat,0.0
mean,2025,42,133,ES1 1 bat,0.0
mean,2025,42,134,ES1 1 bat,0.0
mean,2025,42,135,ES1 1 bat,0.0
mean,2025,42,136,ES1 1 bat,0.0
mean,2025,42,137,ES1 1 bat,0.0
mean,2025,42,138,ES1 1 bat,0.0
mean,2025,42,139,ES1 1 bat,0.0
mean,2025,42,140,ES1 1 bat,0.0
mean,2025,42,141,ES1 1 bat,0.0
mean,2025,42,142,ES1 1 bat,0.0
mean,2025,42,143,ES1 1 bat,0.0
mean,2025,42,144,ES1 1 bat,0.0
mean,2025,42,145,ES1 1 bat,0.0
mean,2025,42,146,ES1 1 bat,0.0
mean,2025,42,147,ES1 1 bat,0.0
mean,2025,42,148,ES1 1 bat,0.0
mean,2025,42,149,ES1 1 bat,0.0
mean,2025,42,150,ES1 1 bat,0.0
mean,2025,42,151,ES1 1 bat,0.0
mean,2025,42,152,ES1 1 bat,0.0
mean,2025,42,153,ES1 1 bat,0.0
mean,2025,42,154,ES1 1 bat,0.0
mean,2025,42,155,ES1 1 bat,0.0
mean,2025,42,156,ES1 1 bat,0.0
mean,2025,42,157,ES1 1 bat,0.0
mean,2025,42,158,ES1 1 bat,0.0
mean,2025,42,159,ES1 1 bat,0.0
mean,2025,42,160,ES1 1 bat,0.0
mean,2025,42,161,ES1 1 bat,0.0
mean,2025,42,162,ES1 1 bat,0.0
mean,2025,42,163,ES1 1 bat,0.0
mean,2025,42,164,ES1 1 bat,0.0
mean,2025,42,165,ES1 1 bat,0.0
mean,2025,42,166,ES1 1 bat,0.0
mean,2025,42,167,ES1 1 bat,0.0
mean,2025,52,0,ES1 1 bat,0.0
mean,2025,52,1,ES1 1 bat,0.0
mean,2025,52,2,ES1 1 bat,0.0
mean,2025,52,3,ES1 1 bat,0.0
mean,2025,52,4,ES1 1 bat,0.0
mean,2025,52,5,ES1 1 bat,0.0
mean,2025,52,6,ES1 1 bat,0.0
mean,2025,52,7,ES1 1 bat,0.0
mean,2025,52,8,ES1 1 bat,0.0
mean,2025,52,9,ES1 1 bat,0.0
mean,2025,52,10,ES1 1 bat,0.0
mean,2025,52,11,ES1 1 bat,0.0
mean,2025,52,12,ES1 1 bat,0.0
mean,2025,52,13,ES1 1 bat,0.0
mean,2025,52,14,ES1 1 bat,0.0
mean,2025,52,15,ES1 1 bat,0.0
mean,2025,52,16,ES1 1 bat,0.0
mean,2025,52,17,ES1 1 bat,0.0
mean,2025,52,18,ES1 1 bat,0.0
mean,2025,52,19,ES1 1 bat,0.0
mean,2025,52,20,ES1 1 bat,0.0
mean,2025,52,21,ES1 1 bat,0.0
mean,2025,52,22,ES1 1 bat,0.0
mean,2025,52,23,ES1 1 bat,0.0
mean,2025,52,24,ES1 1 bat,0.0
mean,2025,52,25,ES1 1 bat,0.0
mean,2025,52,26,ES1 1 bat,0.0
mean,2025,52,27,ES1 1 bat,0.0
mean,2025,52,28,ES1 1 bat,0.0
mean,2025,52,29,ES1 1 bat,0.0
mean,2025,52,30,ES1 1 bat,0.0
mean,2025,52,31,ES1 1 bat,0.0
mean,2025,52,32,ES1 1 bat,0.0
mean,2025,52,33,ES1 1 bat,0.0
mean,2025,52,34,ES1 1 bat,0.0
mean,2025,52,35,ES1 1 bat,0.0
mean,2025,52,36,ES1 1 bat,0.0
mean,2025,52,37,ES1 1 bat,0.0
mean,2025,52,38,ES1 1 bat,0.0
mean,2025,52,39,ES1 1 bat,0.0
mean,2025,52,40,ES1 1 bat,0.0
mean,2025,52,41,ES1 1 bat,0.0
mean,2025,52,42,ES1 1 bat,0.0
mean,2025,52,43,ES1 1 bat,0.0
mean,2025,52,44,ES1 1 bat,0.0
mean,2025,52,45,ES1 1 bat,0.0
mean,2025,52,46,ES1 1 bat,0.0
mean,2025,52,47,ES1 1 bat,0.0
mean,2025,52,48,ES1 1 bat,0.0
mean,2025,52,49,ES1 1 bat,0.0
mean,2025,52,50,ES1 1 bat,0.0
mean,2025,52,51,ES1 1 bat,0.0
mean,2025,52,52,ES1 1 bat,0.0
mean,2025,52,53,ES1 1 bat,0.0
mean,2025,52,54,ES1 1 bat,0.0
mean,2025,52,55,ES1 1 bat,0.0
mean,2025,52,56,ES1 1 bat,0.0
mean,2025,52,57,ES1 1 bat,0.0
mean,2025,52,58,ES1 1 bat,0.0
mean,2025,52,59,ES1 1 bat,0.0
mean,2025,52,60,ES1 1 bat,0.0
mean,2025,52,61,ES1 1 bat,0.0
mean,2025,52,62,ES1 1 bat,0.0
mean,2025,52,63,ES1 1 bat,0.0
mean,2025,52,64,ES1 1 bat,0.0
mean,2025,52,65,ES1 1 bat,0.0
mean,2025,52,66,ES1 1 bat,0.0
mean,2025,52,67,ES1 1 bat,0.0
mean,2025,52,68,ES1 1 bat,0.0
mean,2025,52,69,ES1 1 bat,0.0
mean,2025,52,70,ES1 1 bat,0.0
mean,2025,52,71,ES1 1 bat,0.0
mean,2025,52,72,ES1 1 bat,0.0
mean,2025,52,73,ES1 1 bat,0.0
mean,2025,52,74,ES1 1 bat,0.0
mean,2025,52,75,ES1 1 bat,0.0
mean,2025,52,76,ES1 1 bat,0.0
mean,2025,52,77,ES1 1 bat,0.0
mean,2025,52,78,ES1 1 bat,0.0
mean,2025,52,79,ES1 1 bat,0.0
mean,2025,52,80,ES1 1 bat,0.0
mean,2025,52,81,ES1 1 bat,0.0
mean,2025,52,82,ES1 1 bat,0.0
mean,2025,52,83,ES1 1 bat,0.0
mean,2025,52,84,ES1 1 bat,0.0
mean,2025,52,85,ES1 1 bat,0.0
mean,2025,52,86,ES1 1 bat,0.0
mean,2025,52,87,ES1 1 bat,0.0
mean,2025,52,88,ES1 1 bat,0.0
mean,2025,52,89,ES1 1 bat,0.0
mean,2025,52,90,ES1 1 bat,0.0
mean,2025,52,91,ES1 1 bat,0.0
mean,2025,52,92,ES1 1 bat,0.0
mean,2025,52,93,ES1 1 bat,0.0
mean,2025,52,94,ES1 1 bat,0.0
mean,2025,52,95,ES1 1 bat,0.0
mean,2025,52,96,ES1 1 bat,0.0
mean,2025,52,97,ES1 1 bat,0.0
mean,2025,52,98,ES1 1 bat,0.0
mean,2025,52,99,ES1 1 bat,0.0
mean,2025,52,100,ES1 1 bat,0.0
mean,2025,52,101,ES1 1 bat,0.0
mean,2025,52,102,ES1 1 bat,0.0
mean,2025,52,103,ES1 1 bat,0.0
mean,2025,52,104,ES1 1 bat,0.0
mean,2025,52,105,ES1 1 bat,0.0
mean,2025,52,106,ES1 1 bat,0.0
mean,2025,52,107,ES1 1 bat,0.0
mean,2025,52,108,ES1 1 bat,0.0
mean,2025,52,109,ES1 1 bat,0.0
mean,2025,52,110,ES1 1 bat,0.0
mean,2025,52,111,ES1 1 bat,0.0
mean,2025,52,112,ES1 1 bat,0.0
mean,2025,52,113,ES1 1 bat,0.0
mean,2025,52,114,ES1 1 bat,0.0
mean,2025,52,115,ES1 1 bat,0.0
mean,2025,52,116,ES1 1 bat,0.0
mean,2025,52,117,ES1 1 bat,0.0
mean,2025,52,118,ES1 1 bat,0.0
mean,2025,52,119,ES1 1 bat,0.0
mean,2025,52,120,ES1 1 bat,0.0
mean,2025,52,121,ES1 1 bat,0.0
mean,2025,52,122,ES1 1 bat,0.0
mean,2025,52,123,ES1 1 bat,0.0
mean,2025,52,124,ES1 1 bat,0.0
mean,2025,52,125,ES1 1 bat,0.0
mean,2025,52,126,ES1 1 bat,0.0
mean,2025,52,127,ES1 1 bat,0.0
mean,2025,52,128,ES1 1 bat,0.0
mean,2025,52,129,ES1 1 bat,0.0
mean,2025,52,130,ES1 1 bat,0.0
mean,2025,52,131,ES1 1 bat,0.0
mean,2025,52,132,ES1 1 bat,0.0
mean,2025,52,133,ES1 1 bat,0.0
mean,2025,52,134,ES1 1 bat,0.0
mean,2025,52,135,ES1 1 bat,0.0
mean,2025,52,136,ES1 1 bat,0.0
mean,2025,52,137,ES1 1 bat,0.0
mean,2025,52,138,ES1 1 bat,0.0
mean,2025,52,139,ES1 1 bat,0.0
mean,2025,52,140,ES1 1 bat,0.0
mean,2025,52,141,ES1 1 bat,0.0
mean,2025,52,142,ES1 1 bat,0.0
mean,2025,52,143,ES1 1 bat,0.0
mean,2025,52,144,ES1 1 bat,0.0
mean,2025,52,145,ES1 1 bat,0.0
mean,2025,52,146,ES1 1 bat,0.0
mean,2025,52,147,ES1 1 bat,0.0
mean,2025,52,148,ES1 1 bat,0.0
mean,2025,52,149,ES1 1 bat,0.0
mean,2025,52,150,ES1 1 bat,0.0
mean,2025,52,151,ES1 1 bat,0.0
mean,2025,52,152,ES1 1 bat,0.0
mean,2025,52,153,ES1 1 bat,0.0
mean,2025,52,154,ES1 1 bat,0.0
mean,2025,52,155,ES1 1 bat,0.0
mean,2025,52,156,ES1 1 bat,0.0
mean,2025,52,157,ES1 1 bat,0.0
mean,2025,52,158,ES1 1 bat,0.0
mean,2025,52,159,ES1 1 bat,0.0
mean,2025,52,160,ES1 1 bat,0.0
mean,2025,52,161,ES1 1 bat,0.0
mean,2025,52,162,ES1 1 bat,0.0
mean,2025,52,163,ES1 1 bat,0.0
mean,2025,52,164,ES1 1 bat,0.0
mean,2025,52,165,ES1 1 bat,0.0
mean,2025,52,166,ES1 1 bat,0.0
mean,2025,52,167,ES1 1 bat,0.0
mean,2030,11,0,ES1 1 bat,0.0
mean,2030,11,1,ES1 1 bat,0.0
mean,2030,11,2,ES1 1 bat,0.0
mean,2030,11,3,ES1 1 bat,0.0
mean,2030,11,4,ES1 1 bat,0.0
mean,2030,11,5,ES1 1 bat,0.0
mean,2030,11,6,ES1 1 bat,0.0
mean,2030,11,7,ES1 1 bat,0.0
mean,2030,11,8,ES1 1 bat,0.0
mean,2030,11,9,ES1 1 bat,0.0
mean,2030,11,10,ES1 1 bat,0.0
mean,2030,11,11,ES1 1 bat,0.0
mean,2030,11,12,ES1 1 bat,0.0
mean,2030,11,13,ES1 1 bat,0.0
mean,2030,11,14,ES1 1 bat,0.0
mean,2030,11,15,ES1 1 bat,0.0
mean,2030,11,16,ES1 1 bat,0.0
mean,2030,11,17,ES1 1 bat,0.0
mean,2030,11,18,ES1 1 bat,0.0
mean,2030,11,19,ES1 1 bat,0.0
mean,2030,11,20,ES1 1 bat,0.0
mean,2030,11,21,ES1 1 bat,0.0
mean,2030,11,22,ES1 1 bat,0.0
mean,2030,11,23,ES1 1 bat,0.0
mean,2030,11,24,ES1 1 bat,0.0
mean,2030,11,25,ES1 1 bat,0.0
mean,2030,11,26,ES1 1 bat,0.0
mean,2030,11,27,ES1 1 bat,0.0
mean,2030,11,28,ES1 1 bat,0.0
mean,2030,11,29,ES1 1 bat,0.0
mean,2030,11,30,ES1 1 bat,0.0
mean,2030,11,31,ES1 1 bat,0.0
mean,2030,11,32,ES1 1 bat,0.0
mean,2030,11,33,ES1 1 bat,0.0
mean,2030,11,34,ES1 1 bat,0.0
mean,2030,11,35,ES1 1 bat,0.0
mean,2030,11,36,ES1 1 bat,0.0
mean,2030,11,37,ES1 1 bat,0.0
mean,2030,11,38,ES1 1 bat,0.0
mean,2030,11,39,ES1 1 bat,0.0
mean,2030,11,40,ES1 1 bat,0.0
mean,2030,11,41,ES1 1 bat,0.0
mean,2030,11,42,ES1 1 bat,0.0
mean,2030,11,43,ES1 1 bat,0.0
mean,2030,11,44,ES1 1 bat,0.0
mean,2030,11,45,ES1 1 bat,0.0
mean,2030,11,46,ES1 1 bat,0.0
mean,2030,11,47,ES1 1 bat,0.0
mean,2030,11,48,ES1 1 bat,0.0
mean,2030,11,49,ES1 1 bat,0.0
mean,2030,11,50,ES1 1 bat,0.0
mean,2030,11,51,ES1 1 bat,0.0
mean,2030,11,52,ES1 1 bat,0.0
mean,2030,11,53,ES1 1 bat,0.0
mean,2030,11,54,ES1 1 bat,0.0
mean,2030,11,55,ES1 1 bat,0.0
mean,2030,11,56,ES1 1 bat,0.0
mean,2030,11,57,ES1 1 bat,0.0
mean,2030,11,58,ES1 1 bat,0.0
mean,2030,11,59,ES1 1 bat,0.0
mean,2030,11,60,ES1 1 bat,0.0
mean,2030,11,61,ES1 1 bat,0.0
mean,2030,11,62,ES1 1 bat,0.0
mean,2030,11,63,ES1 1 bat,0.0
mean,2030,11,64,ES1 1 bat,0.0
mean,2030,11,65,ES1 1 bat,0.0
mean,2030,11,66,ES1 1 bat,0.0
mean,2030,11,67,ES1 1 bat,0.0
mean,2030,11,68,ES1 1 bat,0.0
mean,2030,11,69,ES1 1 bat,0.0
mean,2030,11,70,ES1 1 bat,0.0
mean,2030,11,71,ES1 1 bat,0.0
mean,2030,11,72,ES1 1 bat,0.0
mean,2030,11,73,ES1 1 bat,0.0
mean,2030,11,74,ES1 1 bat,0.0
mean,2030,11,75,ES1 1 bat,0.0
mean,2030,11,76,ES1 1 bat,0.0
mean,2030,11,77,ES1 1 bat,0.0
mean,2030,11,78,ES1 1 bat,0.0
mean,2030,11,79,ES1 1 bat,0.0
mean,2030,11,80,ES1 1 bat,0.0
mean,2030,11,81,ES1 1 bat,0.0
mean,2030,11,82,ES1 1 bat,0.0
mean,2030,11,83,ES1 1 bat,0.0
mean,2030,11,84,ES1 1 bat,0.0
mean,2030,11,85,ES1 1 bat,0.0
mean,2030,11,86,ES1 1 bat,0.0
mean,2030,11,87,ES1 1 bat,0.0
mean,2030,11,88,ES1 1 bat,0.0
mean,2030,11,89,ES1 1 bat,0.0
mean,2030,11,90,ES1 1 bat,0.0
mean,2030,11,91,ES1 1 bat,0.0
mean,2030,11,92,ES1 1 bat,0.0
mean,2030,11,93,ES1 1 bat,0.0
mean,2030,11,94,ES1 1 bat,0.0
mean,2030,11,95,ES1 1 bat,0.0
mean,2030,11,96,ES1 1 bat,0.0
mean,2030,11,97,ES1 1 bat,0.0
mean,2030,11,98,ES1 1 bat,0.0
mean,2030,11,99,ES1 1 bat,0.0
mean,2030,11,100,ES1 1 bat,0.0
mean,2030,11,101,ES1 1 bat,0.0
mean,2030,11,102,ES1 1 bat,0.0
mean,2030,11,103,ES1 1 bat,0.0
mean,2030,11,104,ES1 1 bat,0.0
mean,2030,11,105,ES1 1 bat,0.0
mean,2030,11,106,ES1 1 bat,0.0
mean,2030,11,107,ES1 1 bat,0.0
mean,2030,11,108,ES1 1 bat,0.0
mean,2030,11,109,ES1 1 bat,0.0
mean,2030,11,110,ES1 1 bat,0.0
mean,2030,11,111,ES1 1 bat,0.0
mean,2030,11,112,ES1 1 bat,0.0
mean,2030,11,113,ES1 1 bat,0.0
mean,2030,11,114,ES1 1 bat,0.0
mean,2030,11,115,ES1 1 bat,0.0
mean,2030,11,116,ES1 1 bat,0.0
mean,2030,11,117,ES1 1 bat,0.0
mean,2030,11,118,ES1 1 bat,0.0
mean,2030,11,119,ES1 1 bat,0.0
mean,2030,11,120,ES1 1 bat,0.0
mean,2030,11,121,ES1 1 bat,0.0
mean,2030,11,122,ES1 1 bat,0.0
mean,2030,11,123,ES1 1 bat,0.0
mean,2030,11,124,ES1 1 bat,0.0
mean,2030,11,125,ES1 1 bat,0.0
mean,2030,11,126,ES1 1 bat,0.0
mean,2030,11,127,ES1 1 bat,0.0
mean,2030,11,128,ES1 1 bat,0.0
mean,2030,11,129,ES1 1 bat,0.0
mean,2030,11,130,ES1 1 bat,0.0
mean,2030,11,131,ES1 1 bat,0.0
mean,2030,11,132,ES1 1 bat,0.0
mean,2030,11,133,ES1 1 bat,0.0
mean,2030,11,134,ES1 1 bat,0.0
mean,2030,11,135,ES1 1 bat,0.0
mean,2030,11,136,ES1 1 bat,0.0
mean,2030,11,137,ES1 1 bat,0.0
mean,2030,11,138,ES1 1 bat,0.0
mean,2030,11,139,ES1 1 bat,0.0
mean,2030,11,140,ES1 1 bat,0.0
mean,2030,11,141,ES1 1 bat,0.0
mean,2030,11,142,ES1 1 bat,0.0
mean,2030,11,143,ES1 1 bat,0.0
mean,2030,11,144,ES1 1 bat,0.0
mean,2030,11,145,ES1 1 bat,0.0
mean,2030,11,146,ES1 1 bat,0.0
mean,2030,11,147,ES1 1 bat,0.0
mean,2030,11,148,ES1 1 bat,0.0
mean,2030,11,149,ES1 1 bat,0.0
mean,2030,11,150,ES1 1 bat,0.0
mean,2030,11,151,ES1 1 bat,0.0
mean,2030,11,152,ES1 1 bat,0.0
mean,2030,11,153,ES1 1 bat,0.0
mean,2030,11,154,ES1 1 bat,0.0
mean,2030,11,155,ES1 1 bat,0.0
mean,2030,11,156,ES1 1 bat,0.0
mean,2030,11,157,ES1 1 bat,0.0
mean,2030,11,158,ES1 1 bat,0.0
mean,2030,11,159,ES1 1 bat,0.0
mean,2030,11,160,ES1 1 bat,0.0
mean,2030,11,161,ES1 1 bat,0.0
mean,2030,11,162,ES1 1 bat,0.0
mean,2030,11,163,ES1 1 bat,0.0
mean,2030,11,164,ES1 1 bat,0.0
mean,2030,11,165,ES1 1 bat,0.0
mean,2030,11,166,ES1 1 bat,0.0
mean,2030,11,167,ES1 1 bat,0.0
mean,2030,21,0,ES1 1 bat,0.0
mean,2030,21,1,ES1 1 bat,0.0
mean,2030,21,2,ES1 1 bat,0.0
mean,2030,21,3,ES1 1 bat,0.0
mean,2030,21,4,ES1 1 bat,0.0
mean,2030,21,5,ES1 1 bat,0.0
mean,2030,21,6,ES1 1 bat,0.0
mean,2030,21,7,ES1 1 bat,0.0
mean,2030,21,8,ES1 1 bat,0.0
mean,2030,21,9,ES1 1 bat,0.0
mean,2030,21,10,ES1 1 bat,0.0
mean,2030,21,11,ES1 1 bat,0.0
mean,2030,21,12,ES1 1 bat,0.0
mean,2030,21,13,ES1 1 bat,0.0
mean,2030,21,14,ES1 1 bat,0.0
mean,2030,21,15,ES1 1 bat,0.0
mean,2030,21,16,ES1 1 bat,0.0
mean,2030,21,17,ES1 1 bat,0.0
mean,2030,21,18,ES1 1 bat,0.0
mean,2030,21,19,ES1 1 bat,0.0
mean,2030,21,20,ES1 1 bat,0.0
mean,2030,21,21,ES1 1 bat,0.0
mean,2030,21,22,ES1 1 bat,0.0
mean,2030,21,23,ES1 1 bat,0.0
mean,2030,21,24,ES1 1 bat,0.0
mean,2030,21,25,ES1 1 bat,0.0
mean,2030,21,26,ES1 1 bat,0.0
mean,2030,21,27,ES1 1 bat,0.0
mean,2030,21,28,ES1 1 bat,0.0
mean,2030,21,29,ES1 1 bat,0.0
mean,2030,21,30,ES1 1 bat,0.0
mean,2030,21,31,ES1 1 bat,0.0
mean,2030,21,32,ES1 1 bat,0.0
mean,2030,21,33,ES1 1 bat,0.0
mean,2030,21,34,ES1 1 bat,0.0
mean,2030,21,35,ES1 1 bat,0.0
mean,2030,21,36,ES1 1 bat,0.0
mean,2030,21,37,ES1 1 bat,0.0
mean,2030,21,38,ES1 1 bat,0.0
mean,2030,21,39,ES1 1 bat,0.0
mean,2030,21,40,ES1 1 bat,0.0
mean,2030,21,41,ES1 1 bat,0.0
mean,2030,21,42,ES1 1 bat,0.0
mean,2030,21,43,ES1 1 bat,0.0
mean,2030,21,44,ES1 1 bat,0.0
mean,2030,21,45,ES1 1 bat,0.0
mean,2030,21,46,ES1 1 bat,0.0
mean,2030,21,47,ES1 1 bat,0.0
mean,2030,21,48,ES1 1 bat,0.0
mean,2030,21,49,ES1 1 bat,0.0
mean,2030,21,50,ES1 1 bat,0.0
mean,2030,21,51,ES1 1 bat,0.0
mean,2030,21,52,ES1 1 bat,0.0
mean,2030,21,53,ES1 1 bat,0.0
mean,2030,21,54,ES1 1 bat,0.0
mean,2030,21,55,ES1 1 bat,0.0
mean,2030,21,56,ES1 1 bat,0.0
mean,2030,21,57,ES1 1 bat,0.0
mean,2030,21,58,ES1 1 bat,0.0
mean,2030,21,59,ES1 1 bat,0.0
mean,2030,21,60,ES1 1 bat,0.0
mean,2030,21,61,ES1 1 bat,0.0
mean,2030,21,62,ES1 1 bat,0.0
mean,2030,21,63,ES1 1 bat,0.0
mean,2030,21,64,ES1 1 bat,0.0
mean,2030,21,65,ES1 1 bat,0.0
mean,2030,21,66,ES1 1 bat,0.0
mean,2030,21,67,ES1 1 bat,0.0
mean,2030,21,68,ES1 1 bat,0.0
mean,2030,21,69,ES1 1 bat,0.0
mean,2030,21,70,ES1 1 bat,0.0
mean,2030,21,71,ES1 1 bat,0.0
mean,2030,21,72,ES1 1 bat,0.0
mean,2030,21,73,ES1 1 bat,0.0
mean,2030,21,74,ES1 1 bat,0.0
mean,2030,21,75,ES1 1 bat,0.0
mean,2030,21,76,ES1 1 bat,0.0
mean,2030,21,77,ES1 1 bat,0.0
mean,2030,21,78,ES1 1 bat,0.0
mean,2030,21,79,ES1 1 bat,0.0
mean,2030,21,80,ES1 1 bat,0.0
mean,2030,21,81,ES1 1 bat,0.0
mean,2030,21,82,ES1 1 bat,0.0
mean,2030,21,83,ES1 1 bat,0.0
mean,2030,21,84,ES1 1 bat,0.0
mean,2030,21,85,ES1 1 bat,0.0
mean,2030,21,86,ES1 1 bat,0.0
mean,2030,21,87,ES1 1 bat,0.0
mean,2030,21,88,ES1 1 bat,0.0
mean,2030,21,89,ES1 1 bat,0.0
mean,2030,21,90,ES1 1 bat,0.0
mean,2030,21,91,ES1 1 bat,0.0
mean,2030,21,92,ES1 1 bat,0.0
mean,2030,21,93,ES1 1 bat,0.0
mean,2030,21,94,ES1 1 bat,0.0
mean,2030,21,95,ES1 1 bat,0.0
mean,2030,21,96,ES1 1 bat,0.0
mean,2030,21,97,ES1 1 bat,0.0
mean,2030,21,98,ES1 1 bat,0.0
mean,2030,21,99,ES1 1 bat,0.0
mean,2030,21,100,ES1 1 bat,0.0
mean,2030,21,101,ES1 1 bat,0.0
mean,2030,21,102,ES1 1 bat,0.0
mean,2030,21,103,ES1 1 bat,0.0
mean,2030,21,104,ES1 1 bat,0.0
mean,2030,21,105,ES1 1 bat,0.0
mean,2030,21,106,ES1 1 bat,0.0
mean,2030,21,107,ES1 1 bat,0.0
mean,2030,21,108,ES1 1 bat,0.0
mean,2030,21,109,ES1 1 bat,0.0
mean,2030,21,110,ES1 1 bat,0.0
mean,2030,21,111,ES1 1 bat,0.0
mean,2030,21,112,ES1 1 bat,0.0
mean,2030,21,113,ES1 1 bat,0.0
mean,2030,21,114,ES1 1 bat,0.0
mean,2030,21,115,ES1 1 bat,0.0
mean,2030,21,116,ES1 1 bat,0.0
mean,2030,21,117,ES1 1 bat,0.0
mean,2030,21,118,ES1 1 bat,0.0
mean,2030,21,119,ES1 1 bat,0.0
mean,2030,21,120,ES1 1 bat,0.0
mean,2030,21,121,ES1 1 bat,0.0
mean,2030,21,122,ES1 1 bat,0.0
mean,2030,21,123,ES1 1 bat,0.0
mean,2030,21,124,ES1 1 bat,0.0
mean,2030,21,125,ES1 1 bat,0.0
mean,2030,21,126,ES1 1 bat,0.0
mean,2030,21,127,ES1 1 bat,0.0
mean,2030,21,128,ES1 1 bat,0.0
mean,2030,21,129,ES1 1 bat,0.0
mean,2030,21,130,ES1 1 bat,0.0
mean,2030,21,131,ES1 1 bat,0.0
mean,2030,21,132,ES1 1 bat,0.0
mean,2030,21,133,ES1 1 bat,0.0
mean,2030,21,134,ES1 1 bat,0.0
mean,2030,21,135,ES1 1 bat,0.0
mean,2030,21,136,ES1 1 bat,0.0
mean,2030,21,137,ES1 1 bat,0.0
mean,2030,21,138,ES1 1 bat,0.0
mean,2030,21,139,ES1 1 bat,0.0
mean,2030,21,140,ES1 1 bat,0.0
mean,2030,21,141,ES1 1 bat,0.0
mean,2030,21,142,ES1 1 bat,0.0
mean,2030,21,143,ES1 1 bat,0.0
mean,2030,21,144,ES1 1 bat,0.0
mean,2030,21,145,ES1 1 bat,0.0
mean,2030,21,146,ES1 1 bat,0.0
mean,2030,21,147,ES1 1 bat,0.0
mean,2030,21,148,ES1 1 bat,0.0
mean,2030,21,149,ES1 1 bat,0.0
mean,2030,21,150,ES1 1 bat,0.0
mean,2030,21,151,ES1 1 bat,0.0
mean,2030,21,152,ES1 1 bat,0.0
mean,2030,21,153,ES1 1 bat,0.0
mean,2030,21,154,ES1 1 bat,0.0
mean,2030,21,155,ES1 1 bat,0.0
mean,2030,21,156,ES1 1 bat,0.0
mean,2030,21,157,ES1 1 bat,0.0
mean,2030,21,158,ES1 1 bat,0.0
mean,2030,21,159,ES1 1 bat,0.0
mean,2030,21,160,ES1 1 bat,0.0
mean,2030,21,161,ES1 1 bat,0.0
mean,2030,21,162,ES1 1 bat,0.0
mean,2030,21,163,ES1 1 bat,0.0
mean,2030,21,164,ES1 1 bat,0.0
mean,2030,21,165,ES1 1 bat,0.0
mean,2030,21,166,ES1 1 bat,0.0
mean,2030,21,167,ES1 1 bat,0.0
mean,2030,42,0,ES1 1 bat,0.0
mean,2030,42,1,ES1 1 bat,0.0
mean,2030,42,2,ES1 1 bat,0.0
mean,2030,42,3,ES1 1 bat,0.0
mean,2030,42,4,ES1 1 bat,0.0
mean,2030,42,5,ES1 1 bat,0.0
mean,2030,42,6,ES1 1 bat,0.0
mean,2030,42,7,ES1 1 bat,0.0
mean,2030,42,8,ES1 1 bat,0.0
mean,2030,42,9,ES1 1 bat,0.0
mean,2030,42,10,ES1 1 bat,0.0
mean,2030,42,11,ES1 1 bat,0.0
mean,2030,42,12,ES1 1 bat,0.0
mean,2030,42,13,ES1 1 bat,0.0
mean,2030,42,14,ES1 1 bat,0.0
mean,2030,42,15,ES1 1 bat,0.0
mean,2030,42,16,ES1 1 bat,0.0
mean,2030,42,17,ES1 1 bat,0.0
mean,2030,42,18,ES1 1 bat,0.0
mean,2030,42,19,ES1 1 bat,0.0
mean,2030,42,20,ES1 1 bat,0.0
mean,2030,42,21,ES1 1 bat,0.0
mean,2030,42,22,ES1 1 bat,0.0
mean,2030,42,23,ES1 1 bat,0.0
mean,2030,42,24,ES1 1 bat,0.0
mean,2030,42,25,ES1 1 bat,0.0
mean,2030,42,26,ES1 1 bat,0.0
mean,2030,42,27,ES1 1 bat,0.0
mean,2030,42,28,ES1 1 bat,0.0
mean,2030,42,29,ES1 1 bat,0.0
mean,2030,42,30,ES1 1 bat,0.0
mean,2030,42,31,ES1 1 bat,0.0
mean,2030,42,32,ES1 1 bat,0.0
mean,2030,42,33,ES1 1 bat,0.0
mean,2030,42,34,ES1 1 bat,0.0
mean,2030,42,35,ES1 1 bat,0.0
mean,2030,42,36,ES1 1 bat,0.0
mean,2030,42,37,ES1 1 bat,0.0
mean,2030,42,38,ES1 1 bat,0.0
mean,2030,42,39,ES1 1 bat,0.0
mean,2030,42,40,ES1 1 bat,0.0
mean,2030,42,41,ES1 1 bat,0.0
mean,2030,42,42,ES1 1 bat,0.0
mean,2030,42,43,ES1 1 bat,0.0
mean,2030,42,44,ES1 1 bat,0.0
mean,2030,42,45,ES1 1 bat,0.0
mean,2030,42,46,ES1 1 bat,0.0
mean,2030,42,47,ES1 1 bat,0.0
mean,2030,42,48,ES1 1 bat,0.0
mean,2030,42,49,ES1 1 bat,0.0
mean,2030,42,50,ES1 1 bat,0.0
mean,2030,42,51,ES1 1 bat,0.0
mean,2030,42,52,ES1 1 bat,0.0
mean,2030,42,53,ES1 1 bat,0.0
mean,2030,42,54,ES1 1 bat,0.0
mean,2030,42,55,ES1 1 bat,0.0
mean,2030,42,56,ES1 1 bat,0.0
mean,2030,42,57,ES1 1 bat,0.0
mean,2030,42,58,ES1 1 bat,0.0
mean,2030,42,59,ES1 1 bat,0.0
mean,2030,42,60,ES1 1 bat,0.0
mean,2030,42,61,ES1 1 bat,0.0
mean,2030,42,62,ES1 1 bat,0.0
mean,2030,42,63,ES1 1 bat,0.0
mean,2030,42,64,ES1 1 bat,0.0
mean,2030,42,65,ES1 1 bat,0.0
mean,2030,42,66,ES1 1 bat,0.0
mean,2030,42,67,ES1 1 bat,0.0
mean,2030,42,68,ES1 1 bat,0.0
mean,2030,42,69,ES1 1 bat,0.0
mean,2030,42,70,ES1 1 bat,0.0
mean,2030,42,71,ES1 1 bat,0.0
mean,2030,42,72,ES1 1 bat,0.0
mean,2030,42,73,ES1 1 bat,0.0
mean,2030,42,74,ES1 1 bat,0.0
mean,2030,42,75,ES1 1 bat,0.0
mean,2030,42,76,ES1 1 bat,0.0
mean,2030,42,77,ES1 1 bat,0.0
mean,2030,42,78,ES1 1 bat,0.0
mean,2030,42,79,ES1 1 bat,0.0
mean,2030,42,80,ES1 1 bat,0.0
mean,2030,42,81,ES1 1 bat,0.0
mean,2030,42,82,ES1 1 bat,0.0
mean,2030,42,83,ES1 1 bat,0.0
mean,2030,42,84,ES1 1 bat,3.979039320256561e-12
mean,2030,42,85,ES1 1 bat,0.0
mean,2030,42,86,ES1 1 bat,0.0
mean,2030,42,87,ES1 1 bat,0.0
mean,2030,42,88,ES1 1 bat,0.0
mean,2030,42,89,ES1 1 bat,0.0
mean,2030,42,90,ES1 1 bat,0.0
mean,2030,42,91,ES1 1 bat,0.0
mean,2030,42,92,ES1 1 bat,0.0
mean,2030,42,93,ES1 1 bat,0.0
mean,2030,42,94,ES1 1 bat,0.0
mean,2030,42,95,ES1 1 bat,0.0
mean,2030,42,96,ES1 1 bat,0.0
mean,2030,42,97,ES1 1 bat,0.0
mean,2030,42,98,ES1 1 bat,0.0
mean,2030,42,99,ES1 1 bat,0.0
mean,2030,42,100,ES1 1 bat,0.0
mean,2030,42,101,ES1 1 bat,0.0
mean,2030,42,102,ES1 1 bat,0.0
mean,2030,42,103,ES1 1 bat,0.0
mean,2030,42,104,ES1 1 bat,0.0
mean,2030,42,105,ES1 1 bat,0.0
mean,2030,42,106,ES1 1 bat,0.0
mean,2030,42,107,ES1 1 bat,0.0
mean,2030,42,108,ES1 1 bat,0.0
mean,2030,42,109,ES1 1 bat,0.0
mean,2030,42,110,ES1 1 bat,0.0
mean,2030,42,111,ES1 1 bat,0.0
mean,2030,42,112,ES1 1 bat,0.0
mean,2030,42,113,ES1 1 bat,0.0
mean,2030,42,114,ES1 1 bat,0.0
mean,2030,42,115,ES1 1 bat,0.0
mean,2030,42,116,ES1 1 bat,0.0
mean,2030,42,117,ES1 1 bat,0.0
mean,2030,42,118,ES1 1 bat,0.0
mean,2030,42,119,ES1 1 bat,0.0
mean,2030,42,120,ES1 1 bat,0.0
mean,2030,42,121,ES1 1 bat,0.0
mean,2030,42,122,ES1 1 bat,0.0
mean,2030,42,123,ES1 1 bat,0.0
mean,2030,42,124,ES1 1 bat,0.0
mean,2030,42,125,ES1 1 bat,0.0
mean,2030,42,126,ES1 1 bat,0.0
mean,2030,42,127,ES1 1 bat,0.0
mean,2030,42,128,ES1 1 bat,0.0
mean,2030,42,129,ES1 1 bat,0.0
mean,2030,42,130,ES1 1 bat,0.0
mean,2030,42,131,ES1 1 bat,0.0
mean,2030,42,132,ES1 1 bat,0.0
mean,2030,42,133,ES1 1 bat,0.0
mean,2030,42,134,ES1 1 bat,0.0
mean,2030,42,135,ES1 1 bat,0.0
mean,2030,42,136,ES1 1 bat,0.0
mean,2030,42,137,ES1 1 bat,0.0
mean,2030,42,138,ES1 1 bat,0.0
mean,2030,42,139,ES1 1 bat,0.0
mean,2030,42,140,ES1 1 bat,0.0
mean,2030,42,141,ES1 1 bat,0.0
mean,2030,42,142,ES1 1 bat,0.0
mean,2030,42,143,ES1 1 bat,0.0
mean,2030,42,144,ES1 1 bat,0.0
mean,2030,42,145,ES1 1 bat,0.0
mean,2030,42,146,ES1 1 bat,0.0
mean,2030,42,147,ES1 1 bat,0.0
mean,2030,42,148,ES1 1 bat,0.0
mean,2030,42,149,ES1 1 bat,0.0
mean,2030,42,150,ES1 1 bat,0.0
mean,2030,42,151,ES1 1 bat,0.0
mean,2030,42,152,ES1 1 bat,0.0
mean,2030,42,153,ES1 1 bat,0.0
mean,2030,42,154,ES1 1 bat,0.0
mean,2030,42,155,ES1 1 bat,0.0
mean,2030,42,156,ES1 1 bat,0.0
mean,2030,42,157,ES1 1 bat,0.0
mean,2030,42,158,ES1 1 bat,0.0
mean,2030,42,159,ES1 1 bat,0.0
mean,2030,42,160,ES1 1 bat,0.0
mean,2030,42,161,ES1 1 bat,0.0
mean,2030,42,162,ES1 1 bat,0.0
mean,2030,42,163,ES1 1 bat,0.0
mean,2030,42,164,ES1 1 bat,0.0
mean,2030,42,165,ES1 1 bat,0.0
mean,2030,42,166,ES1 1 bat,0.0
mean,2030,42,167,ES1 1 bat,0.0
mean,2030,52,0,ES1 1 bat,0.0
mean,2030,52,1,ES1 1 bat,0.0
mean,2030,52,2,ES1 1 bat,0.0
mean,2030,52,3,ES1 1 bat,0.0
mean,2030,52,4,ES1 1 bat,0.0
mean,2030,52,5,ES1 1 bat,0.0
mean,2030,52,6,ES1 1 bat,0.0
mean,2030,52,7,ES1 1 bat,0.0
mean,2030,52,8,ES1 1 bat,0.0
mean,2030,52,9,ES1 1 bat,0.0
mean,2030,52,10,ES1 1 bat,0.0
mean,2030,52,11,ES1 1 bat,0.0
mean,2030,52,12,ES1 1 bat,0.0
mean,2030,52,13,ES1 1 bat,0.0
mean,2030,52,14,ES1 1 bat,0.0
mean,2030,52,15,ES1 1 bat,0.0
mean,2030,52,16,ES1 1 bat,0.0
mean,2030,52,17,ES1 1 bat,0.0
mean,2030,52,18,ES1 1 bat,0.0
mean,2030,52,19,ES1 1 bat,0.0
mean,2030,52,20,ES1 1 bat,0.0
mean,2030,52,21,ES1 1 bat,0.0
mean,2030,52,22,ES1 1 bat,0.0
mean,2030,52,23,ES1 1 bat,0.0
mean,2030,52,24,ES1 1 bat,0.0
mean,2030,52,25,ES1 1 bat,0.0
mean,2030,52,26,ES1 1 bat,0.0
mean,2030,52,27,ES1 1 bat,0.0
mean,2030,52,28,ES1 1 bat,0.0
mean,2030,52,29,ES1 1 bat,0.0
mean,2030,52,30,ES1 1 bat,0.0
mean,2030,52,31,ES1 1 bat,0.0
mean,2030,52,32,ES1 1 bat,0.0
mean,2030,52,33,ES1 1 bat,0.0
mean,2030,52,34,ES1 1 bat,0.0
mean,2030,52,35,ES1 1 bat,0.0
mean,2030,52,36,ES1 1 bat,0.0
mean,2030,52,37,ES1 1 bat,0.0
mean,2030,52,38,ES1 1 bat,0.0
mean,2030,52,39,ES1 1 bat,0.0
mean,2030,52,40,ES1 1 bat,0.0
mean,2030,52,41,ES1 1 bat,0.0
mean,2030,52,42,ES1 1 bat,0.0
mean,2030,52,43,ES1 1 bat,0.0
mean,2030,52,44,ES1 1 bat,0.0
mean,2030,52,45,ES1 1 bat,0.0
mean,2030,52,46,ES1 1 bat,0.0
mean,2030,52,47,ES1 1 bat,0.0
mean,2030,52,48,ES1 1 bat,0.0
mean,2030,52,49,ES1 1 bat,0.0
mean,2030,52,50,ES1 1 bat,0.0
mean,2030,52,51,ES1 1 bat,0.0
mean,2030,52,52,ES1 1 bat,0.0
mean,2030,52,53,ES1 1 bat,0.0
mean,2030,52,54,ES1 1 bat,0.0
mean,2030,52,55,ES1 1 bat,0.0
mean,2030,52,56,ES1 1 bat,0.0
mean,2030,52,57,ES1 1 bat,0.0
mean,2030,52,58,ES1 1 bat,0.0
mean,2030,52,59,ES1 1 bat,0.0
mean,2030,52,60,ES1 1 bat,0.0
mean,2030,52,61,ES1 1 bat,0.0
mean,2030,52,62,ES1 1 bat,0.0
mean,2030,52,63,ES1 1 bat,0.0
mean,2030,52,64,ES1 1 bat,0.0
mean,2030,52,65,ES1 1 bat,0.0
mean,2030,52,66,ES1 1 bat,0.0
mean,2030,52,67,ES1 1 bat,0.0
mean,2030,52,68,ES1 1 bat,0.0
mean,2030,52,69,ES1 1 bat,0.0
mean,2030,52,70,ES1 1 bat,0.0
mean,2030,52,71,ES1 1 bat,0.0
mean,2030,52,72,ES1 1 bat,0.0
mean,2030,52,73,ES1 1 bat,0.0
mean,2030,52,74,ES1 1 bat,0.0
mean,2030,52,75,ES1 1 bat,0.0
mean,2030,52,76,ES1 1 bat,0.0
mean,2030,52,77,ES1 1 bat,0.0
mean,2030,52,78,ES1 1 bat,0.0
mean,2030,52,79,ES1 1 bat,0.0
mean,2030,52,80,ES1 1 bat,0.0
mean,2030,52,81,ES1 1 bat,0.0
mean,2030,52,82,ES1 1 bat,0.0
mean,2030,52,83,ES1 1 bat,0.0
mean,2030,52,84,ES1 1 bat,0.0
mean,2030,52,85,ES1 1 bat,0.0
mean,2030,52,86,ES1 1 bat,0.0
mean,2030,52,87,ES1 1 bat,0.0
mean,2030,52,88,ES1 1 bat,0.0
mean,2030,52,89,ES1 1 bat,0.0
mean,2030,52,90,ES1 1 bat,0.0
mean,2030,52,91,ES1 1 bat,0.0
mean,2030,52,92,ES1 1 bat,0.0
mean,2030,52,93,ES1 1 bat,0.0
mean,2030,52,94,ES1 1 bat,0.0
mean,2030,52,95,ES1 1 bat,0.0
mean,2030,52,96,ES1 1 bat,0.0
mean,2030,52,97,ES1 1 bat,0.0
mean,2030,52,98,ES1 1 bat,0.0
mean,2030,52,99,ES1 1 bat,0.0
mean,2030,52,100,ES1 1 bat,0.0
mean,2030,52,101,ES1 1 bat,0.0
mean,2030,52,102,ES1 1 bat,0.0
mean,2030,52,103,ES1 1 bat,0.0
mean,2030,52,104,ES1 1 bat,0.0
mean,2030,52,105,ES1 1 bat,0.0
mean,2030,52,106,ES1 1 bat,0.0
mean,2030,52,107,ES1 1 bat,0.0
mean,2030,52,108,ES1 1 bat,0.0
mean,2030,52,109,ES1 1 bat,0.0
mean,2030,52,110,ES1 1 bat,0.0
mean,2030,52,111,ES1 1 bat,0.0
mean,2030,52,112,ES1 1 bat,0.0
mean,2030,52,113,ES1 1 bat,0.0
mean,2030,52,114,ES1 1 bat,0.0
mean,2030,52,115,ES1 1 bat,0.0
mean,2030,52,116,ES1 1 bat,0.0
mean,2030,52,117,ES1 1 bat,0.0
mean,2030,52,118,ES1 1 bat,0.0
mean,2030,52,119,ES1 1 bat,0.0
mean,2030,52,120,ES1 1 bat,0.0
mean,2030,52,121,ES1 1 bat,0.0
mean,2030,52,122,ES1 1 bat,0.0
mean,2030,52,123,ES1 1 bat,0.0
mean,2030,52,124,ES1 1 bat,0.0
mean,2030,52,125,ES1 1 bat,0.0
mean,2030,52,126,ES1 1 bat,0.0
mean,2030,52,127,ES1 1 bat,0.0
mean,2030,52,128,ES1 1 bat,0.0
mean,2030,52,129,ES1 1 bat,0.0
mean,2030,52,130,ES1 1 bat,0.0
mean,2030,52,131,ES1 1 bat,0.0
mean,2030,52,132,ES1 1 bat,0.0
mean,2030,52,133,ES1 1 bat,0.0
mean,2030,52,134,ES1 1 bat,0.0
mean,2030,52,135,ES1 1 bat,0.0
mean,2030,52,136,ES1 1 bat,0.0
mean,2030,52,137,ES1 1 bat,0.0
mean,2030,52,138,ES1 1 bat,0.0
mean,2030,52,139,ES1 1 bat,0.0
mean,2030,52,140,ES1 1 bat,0.0
mean,2030,52,141,ES1 1 bat,0.0
mean,2030,52,142,ES1 1 bat,0.0
mean,2030,52,143,ES1 1 bat,0.0
mean,2030,52,144,ES1 1 bat,0.0
mean,2030,52,145,ES1 1 bat,0.0
mean,2030,52,146,ES1 1 bat,0.0
mean,2030,52,147,ES1 1 bat,0.0
mean,2030,52,148,ES1 1 bat,0.0
mean,2030,52,149,ES1 1 bat,0.0
mean,2030,52,150,ES1 1 bat,0.0
mean,2030,52,151,ES1 1 bat,0.0
mean,2030,52,152,ES1 1 bat,0.0
mean,2030,52,153,ES1 1 bat,0.0
mean,2030,52,154,ES1 1 bat,0.0
mean,2030,52,155,ES1 1 bat,0.0
mean,2030,52,156,ES1 1 bat,0.0
mean,2030,52,157,ES1 1 bat,0.0
mean,2030,52,158,ES1 1 bat,0.0
mean,2030,52,159,ES1 1 bat,0.0
mean,2030,52,160,ES1 1 bat,0.0
mean,2030,52,161,ES1 1 bat,0.0
mean,2030,52,162,ES1 1 bat,0.0
mean,2030,52,163,ES1 1 bat,0.0
mean,2030,52,164,ES1 1 bat,0.0
mean,2030,52,165,ES1 1 bat,0.0
mean,2030,52,166,ES1 1 bat,0.0
mean,2030,52,167,ES1 1 bat,0.0
mean,2040,11,0,ES1 1 bat,0.0
mean,2040,11,1,ES1 1 bat,0.0
mean,2040,11,2,ES1 1 bat,0.0
mean,2040,11,3,ES1 1 bat,0.0
mean,2040,11,4,ES1 1 bat,0.0
mean,2040,11,5,ES1 1 bat,0.0
mean,2040,11,6,ES1 1 bat,0.0
mean,2040,11,7,ES1 1 bat,0.0
mean,2040,11,8,ES1 1 bat,0.0
mean,2040,11,9,ES1 1 bat,0.0
mean,2040,11,10,ES1 1 bat,0.0
mean,2040,11,11,ES1 1 bat,0.0
mean,2040,11,12,ES1 1 bat,0.0
mean,2040,11,13,ES1 1 bat,0.0
mean,2040,11,14,ES1 1 bat,0.0
mean,2040,11,15,ES1 1 bat,0.0
mean,2040,11,16,ES1 1 bat,0.0
mean,2040,11,17,ES1 1 bat,0.0
mean,2040,11,18,ES1 1 bat,0.0
mean,2040,11,19,ES1 1 bat,0.0
mean,2040,11,20,ES1 1 bat,0.0
mean,2040,11,21,ES1 1 bat,0.0
mean,2040,11,22,ES1 1 bat,0.0
mean,2040,11,23,ES1 1 bat,0.0
mean,2040,11,24,ES1 1 bat,0.0
mean,2040,11,25,ES1 1 bat,0.0
mean,2040,11,26,ES1 1 bat,0.0
mean,2040,11,27,ES1 1 bat,0.0
mean,2040,11,28,ES1 1 bat,0.0
mean,2040,11,29,ES1 1 bat,0.0
mean,2040,11,30,ES1 1 bat,0.0
mean,2040,11,31,ES1 1 bat,0.0
mean,2040,11,32,ES1 1 bat,0.0
mean,2040,11,33,ES1 1 bat,0.0
mean,2040,11,34,ES1 1 bat,0.0
mean,2040,11,35,ES1 1 bat,0.0
mean,2040,11,36,ES1 1 bat,0.0
mean,2040,11,37,ES1 1 bat,0.0
mean,2040,11,38,ES1 1 bat,0.0
mean,2040,11,39,ES1 1 bat,0.0
mean,2040,11,40,ES1 1 bat,0.0
mean,2040,11,41,ES1 1 bat,0.0
mean,2040,11,42,ES1 1 bat,0.0
mean,2040,11,43,ES1 1 bat,0.0
mean,2040,11,44,ES1 1 bat,0.0
mean,2040,11,45,ES1 1 bat,0.0
mean,2040,11,46,ES1 1 bat,0.0
mean,2040,11,47,ES1 1 bat,0.0
mean,2040,11,48,ES1 1 bat,0.0
mean,2040,11,49,ES1 1 bat,0.0
mean,2040,11,50,ES1 1 bat,0.0
mean,2040,11,51,ES1 1 bat,0.0
mean,2040,11,52,ES1 1 bat,0.0
mean,2040,11,53,ES1 1 bat,0.0
mean,2040,11,54,ES1 1 bat,0.0
mean,2040,11,55,ES1 1 bat,0.0
mean,2040,11,56,ES1 1 bat,0.0
mean,2040,11,57,ES1 1 bat,0.0
mean,2040,11,58,ES1 1 bat,0.0
mean,2040,11,59,ES1 1 bat,0.0
mean,2040,11,60,ES1 1 bat,0.0
mean,2040,11,61,ES1 1 bat,0.0
mean,2040,11,62,ES1 1 bat,0.0
mean,2040,11,63,ES1 1 bat,0.0
mean,2040,11,64,ES1 1 bat,0.0
mean,2040,11,65,ES1 1 bat,0.0
mean,2040,11,66,ES1 1 bat,0.0
mean,2040,11,67,ES1 1 bat,0.0
mean,2040,11,68,ES1 1 bat,0.0
mean,2040,11,69,ES1 1 bat,0.0
mean,2040,11,70,ES1 1 bat,0.0
mean,2040,11,71,ES1 1 bat,0.0
mean,2040,11,72,ES1 1 bat,0.0
mean,2040,11,73,ES1 1 bat,0.0
mean,2040,11,74,ES1 1 bat,0.0
mean,2040,11,75,ES1 1 bat,0.0
mean,2040,11,76,ES1 1 bat,0.0
mean,2040,11,77,ES1 1 bat,0.0
mean,2040,11,78,ES1 1 bat,0.0
mean,2040,11,79,ES1 1 bat,0.0
mean,2040,11,80,ES1 1 bat,0.0
mean,2040,11,81,ES1 1 bat,0.0
mean,2040,11,82,ES1 1 bat,0.0
mean,2040,11,83,ES1 1 bat,0.0
mean,2040,11,84,ES1 1 bat,0.0
mean,2040,11,85,ES1 1 bat,0.0
mean,2040,11,86,ES1 1 bat,0.0
mean,2040,11,87,ES1 1 bat,0.0
mean,2040,11,88,ES1 1 bat,0.0
mean,2040,11,89,ES1 1 bat,0.0
mean,2040,11,90,ES1 1 bat,0.0
mean,2040,11,91,ES1 1 bat,0.0
mean,2040,11,92,ES1 1 bat,0.0
mean,2040,11,93,ES1 1 bat,0.0
mean,2040,11,94,ES1 1 bat,0.0
mean,2040,11,95,ES1 1 bat,0.0
mean,2040,11,96,ES1 1 bat,0.0
mean,2040,11,97,ES1 1 bat,0.0
mean,2040,11,98,ES1 1 bat,0.0
mean,2040,11,99,ES1 1 bat,0.0
mean,2040,11,100,ES1 1 bat,0.0
mean,2040,11,101,ES1 1 bat,0.0
mean,2040,11,102,ES1 1 bat,0.0
mean,2040,11,103,ES1 1 bat,0.0
mean,2040,11,104,ES1 1 bat,0.0
mean,2040,11,105,ES1 1 bat,0.0
mean,2040,11,106,ES1 1 bat,0.0
mean,2040,11,107,ES1 1 bat,0.0
mean,2040,11,108,ES1 1 bat,0.0
mean,2040,11,109,ES1 1 bat,0.0
mean,2040,11,110,ES1 1 bat,0.0
mean,2040,11,111,ES1 1 bat,0.0
mean,2040,11,112,ES1 1 bat,0.0
mean,2040,11,113,ES1 1 bat,0.0
mean,2040,11,114,ES1 1 bat,0.0
mean,2040,11,115,ES1 1 bat,0.0
mean,2040,11,116,ES1 1 bat,0.0
mean,2040,11,117,ES1 1 bat,0.0
mean,2040,11,118,ES1 1 bat,0.0
mean,2040,11,119,ES1 1 bat,0.0
mean,2040,11,120,ES1 1 bat,0.0
mean,2040,11,121,ES1 1 bat,0.0
mean,2040,11,122,ES1 1 bat,0.0
mean,2040,11,123,ES1 1 bat,0.0
mean,2040,11,124,ES1 1 bat,0.0
mean,2040,11,125,ES1 1 bat,0.0
mean,2040,11,126,ES1 1 bat,0.0
mean,2040,11,127,ES1 1 bat,0.0
mean,2040,11,128,ES1 1 bat,0.0
mean,2040,11,129,ES1 1 bat,0.0
mean,2040,11,130,ES1 1 bat,0.0
mean,2040,11,131,ES1 1 bat,0.0
mean,2040,11,132,ES1 1 bat,0.0
mean,2040,11,133,ES1 1 bat,0.0
mean,2040,11,134,ES1 1 bat,0.0
mean,2040,11,135,ES1 1 bat,0.0
mean,2040,11,136,ES1 1 bat,0.0
mean,2040,11,137,ES1 1 bat,0.0
mean,2040,11,138,ES1 1 bat,0.0
mean,2040,11,139,ES1 1 bat,0.0
mean,2040,11,140,ES1 1 bat,0.0
mean,2040,11,141,ES1 1 bat,0.0
mean,2040,11,142,ES1 1 bat,0.0
mean,2040,11,143,ES1 1 bat,0.0
mean,2040,11,144,ES1 1 bat,0.0
mean,2040,11,145,ES1 1 bat,0.0
mean,2040,11,146,ES1 1 bat,0.0
mean,2040,11,147,ES1 1 bat,0.0
mean,2040,11,148,ES1 1 bat,0.0
mean,2040,11,149,ES1 1 bat,0.0
mean,2040,11,150,ES1 1 bat,0.0
mean,2040,11,151,ES1 1 bat,0.0
mean,2040,11,152,ES1 1 bat,0.0
mean,2040,11,153,ES1 1 bat,0.0
mean,2040,11,154,ES1 1 bat,0.0
mean,2040,11,155,ES1 1 bat,0.0
mean,2040,11,156,ES1 1 bat,0.0
mean,2040,11,157,ES1 1 bat,0.0
mean,2040,11,158,ES1 1 bat,0.0
mean,2040,11,159,ES1 1 bat,0.0
mean,2040,11,160,ES1 1 bat,0.0
mean,2040,11,161,ES1 1 bat,0.0
mean,2040,11,162,ES1 1 bat,0.0
mean,2040,11,163,ES1 1 bat,0.0
mean,2040,11,164,ES1 1 bat,0.0
mean,2040,11,165,ES1 1 bat,0.0
mean,2040,11,166,ES1 1 bat,0.0
mean,2040,11,167,ES1 1 bat,0.0
mean,2040,21,0,ES1 1 bat,0.0
mean,2040,21,1,ES1 1 bat,0.0
mean,2040,21,2,ES1 1 bat,0.0
mean,2040,21,3,ES1 1 bat,0.0
mean,2040,21,4,ES1 1 bat,0.0
mean,2040,21,5,ES1 1 bat,0.0
mean,2040,21,6,ES1 1 bat,0.0
mean,2040,21,7,ES1 1 bat,0.0
mean,2040,21,8,ES1 1 bat,0.0
mean,2040,21,9,ES1 1 bat,0.0
mean,2040,21,10,ES1 1 bat,0.0
mean,2040,21,11,ES1 1 bat,0.0
mean,2040,21,12,ES1 1 bat,0.0
mean,2040,21,13,ES1 1 bat,0.0
mean,2040,21,14,ES1 1 bat,0.0
mean,2040,21,15,ES1 1 bat,0.0
mean,2040,21,16,ES1 1 bat,0.0
mean,2040,21,17,ES1 1 bat,0.0
mean,2040,21,18,ES1 1 bat,0.0
mean,2040,21,19,ES1 1 bat,0.0
mean,2040,21,20,ES1 1 bat,0.0
mean,2040,21,21,ES1 1 bat,0.0
mean,2040,21,22,ES1 1 bat,0.0
mean,2040,21,23,ES1 1 bat,0.0
mean,2040,21,24,ES1 1 bat,0.0
mean,2040,21,25,ES1 1 bat,0.0
mean,2040,21,26,ES1 1 bat,0.0
mean,2040,21,27,ES1 1 bat,0.0
mean,2040,21,28,ES1 1 bat,0.0
mean,2040,21,29,ES1 1 bat,0.0
mean,2040,21,30,ES1 1 bat,0.0
mean,2040,21,31,ES1 1 bat,0.0
mean,2040,21,32,ES1 1 bat,0.0
mean,2040,21,33,ES1 1 bat,0.0
mean,2040,21,34,ES1 1 bat,0.0
mean,2040,21,35,ES1 1 bat,0.0
mean,2040,21,36,ES1 1 bat,0.0
mean,2040,21,37,ES1 1 bat,0.0
mean,2040,21,38,ES1 1 bat,0.0
mean,2040,21,39,ES1 1 bat,0.0
mean,2040,21,40,ES1 1 bat,0.0
mean,2040,21,41,ES1 1 bat,0.0
mean,2040,21,42,ES1 1 bat,0.0
mean,2040,21,43,ES1 1 bat,0.0
mean,2040,21,44,ES1 1 bat,0.0
mean,2040,21,45,ES1 1 bat,0.0
mean,2040,21,46,ES1 1 bat,0.0
mean,2040,21,47,ES1 1 bat,0.0
mean,2040,21,48,ES1 1 bat,0.0
mean,2040,21,49,ES1 1 bat,0.0
mean,2040,21,50,ES1 1 bat,0.0
mean,2040,21,51,ES1 1 bat,0.0
mean,2040,21,52,ES1 1 bat,0.0
mean,2040,21,53,ES1 1 bat,0.0
mean,2040,21,54,ES1 1 bat,0.0
mean,2040,21,55,ES1 1 bat,0.0
mean,2040,21,56,ES1 1 bat,0.0
mean,2040,21,57,ES1 1 bat,0.0
mean,2040,21,58,ES1 1 bat,0.0
mean,2040,21,59,ES1 1 bat,0.0
mean,2040,21,60,ES1 1 bat,0.0
mean,2040,21,61,ES1 1 bat,0.0
mean,2040,21,62,ES1 1 bat,0.0
mean,2040,21,63,ES1 1 bat,0.0
mean,2040,21,64,ES1 1 bat,0.0
mean,2040,21,65,ES1 1 bat,0.0
mean,2040,21,66,ES1 1 bat,0.0
mean,2040,21,67,ES1 1 bat,0.0
mean,2040,21,68,ES1 1 bat,0.0
mean,2040,21,69,ES1 1 bat,0.0
mean,2040,21,70,ES1 1 bat,0.0
mean,2040,21,71,ES1 1 bat,0.0
mean,2040,21,72,ES1 1 bat,0.0
mean,2040,21,73,ES1 1 bat,0.0
mean,2040,21,74,ES1 1 bat,0.0
mean,2040,21,75,ES1 1 bat,0.0
mean,2040,21,76,ES1 1 bat,0.0
mean,2040,21,77,ES1 1 bat,0.0
mean,2040,21,78,ES1 1 bat,0.0
mean,2040,21,79,ES1 1 bat,0.0
mean,2040,21,80,ES1 1 bat,0.0
mean,2040,21,81,ES1 1 bat,0.0
mean,2040,21,82,ES1 1 bat,0.0
mean,2040,21,83,ES1 1 bat,0.0
mean,2040,21,84,ES1 1 bat,0.0
mean,2040,21,85,ES1 1 bat,0.0
mean,2040,21,86,ES1 1 bat,0.0
mean,2040,21,87,ES1 1 bat,0.0
mean,2040,21,88,ES1 1 bat,0.0
mean,2040,21,89,ES1 1 bat,0.0
mean,2040,21,90,ES1 1 bat,0.0
mean,2040,21,91,ES1 1 bat,0.0
mean,2040,21,92,ES1 1 bat,0.0
mean,2040,21,93,ES1 1 bat,0.0
mean,2040,21,94,ES1 1 bat,0.0
mean,2040,21,95,ES1 1 bat,0.0
mean,2040,21,96,ES1 1 bat,0.0
mean,2040,21,97,ES1 1 bat,0.0
mean,2040,21,98,ES1 1 bat,0.0
mean,2040,21,99,ES1 1 bat,0.0
mean,2040,21,100,ES1 1 bat,0.0
mean,2040,21,101,ES1 1 bat,0.0
mean,2040,21,102,ES1 1 bat,0.0
mean,2040,21,103,ES1 1 bat,0.0
mean,2040,21,104,ES1 1 bat,0.0
mean,2040,21,105,ES1 1 bat,0.0
mean,2040,21,106,ES1 1 bat,0.0
mean,2040,21,107,ES1 1 bat,0.0
mean,2040,21,108,ES1 1 bat,0.0
mean,2040,21,109,ES1 1 bat,0.0
mean,2040,21,110,ES1 1 bat,0.0
mean,2040,21,111,ES1 1 bat,0.0
mean,2040,21,112,ES1 1 bat,0.0
mean,2040,21,113,ES1 1 bat,0.0
mean,2040,21,114,ES1 1 bat,0.0
mean,2040,21,115,ES1 1 bat,0.0
mean,2040,21,116,ES1 1 bat,0.0
mean,2040,21,117,ES1 1 bat,0.0
mean,2040,21,118,ES1 1 bat,0.0
mean,2040,21,119,ES1 1 bat,0.0
mean,2040,21,120,ES1 1 bat,0.0
mean,2040,21,121,ES1 1 bat,0.0
mean,2040,21,122,ES1 1 bat,0.0
mean,2040,21,123,ES1 1 bat,0.0
mean,2040,21,124,ES1 1 bat,0.0
mean,2040,21,125,ES1 1 bat,0.0
mean,2040,21,126,ES1 1 bat,0.0
mean,2040,21,127,ES1 1 bat,0.0
mean,2040,21,128,ES1 1 bat,0.0
mean,2040,21,129,ES1 1 bat,0.0
mean,2040,21,130,ES1 1 bat,0.0
mean,2040,21,131,ES1 1 bat,0.0
mean,2040,21,132,ES1 1 bat,0.0
mean,2040,21,133,ES1 1 bat,0.0
mean,2040,21,134,ES1 1 bat,0.0
mean,2040,21,135,ES1 1 bat,0.0
mean,2040,21,136,ES1 1 bat,0.0
mean,2040,21,137,ES1 1 bat,0.0
mean,2040,21,138,ES1 1 bat,0.0
mean,2040,21,139,ES1 1 bat,0.0
mean,2040,21,140,ES1 1 bat,0.0
mean,2040,21,141,ES1 1 bat,0.0
mean,2040,21,142,ES1 1 bat,0.0
mean,2040,21,143,ES1 1 bat,0.0
mean,2040,21,144,ES1 1 bat,0.0
mean,2040,21,145,ES1 1 bat,0.0
mean,2040,21,146,ES1 1 bat,0.0
mean,2040,21,147,ES1 1 bat,0.0
mean,2040,21,148,ES1 1 bat,0.0
mean,2040,21,149,ES1 1 bat,0.0
mean,2040,21,150,ES1 1 bat,0.0
mean,2040,21,151,ES1 1 bat,0.0
mean,2040,21,152,ES1 1 bat,0.0
mean,2040,21,153,ES1 1 bat,0.0
mean,2040,21,154,ES1 1 bat,0.0
mean,2040,21,155,ES1 1 bat,0.0
mean,2040,21,156,ES1 1 bat,0.0
mean,2040,21,157,ES1 1 bat,0.0
mean,2040,21,158,ES1 1 bat,0.0
mean,2040,21,159,ES1 1 bat,0.0
mean,2040,21,160,ES1 1 bat,0.0
mean,2040,21,161,ES1 1 bat,0.0
mean,2040,21,162,ES1 1 bat,0.0
mean,2040,21,163,ES1 1 bat,0.0
mean,2040,21,164,ES1 1 bat,0.0
mean,2040,21,165,ES1 1 bat,0.0
mean,2040,21,166,ES1 1 bat,0.0
mean,2040,21,167,ES1 1 bat,0.0
mean,2040,42,0,ES1 1 bat,0.0
mean,2040,42,1,ES1 1 bat,0.0
mean,2040,42,2,ES1 1 bat,0.0
mean,2040,42,3,ES1 1 bat,0.0
mean,2040,42,4,ES1 1 bat,0.0
mean,2040,42,5,ES1 1 bat,0.0
mean,2040,42,6,ES1 1 bat,0.0
mean,2040,42,7,ES1 1 bat,0.0
mean,2040,42,8,ES1 1 bat,0.0
mean,2040,42,9,ES1 1 bat,0.0
mean,2040,42,10,ES1 1 bat,0.0
mean,2040,42,11,ES1 1 bat,0.0
mean,2040,42,12,ES1 1 bat,0.0
mean,2040,42,13,ES1 1 bat,0.0
mean,2040,42,14,ES1 1 bat,0.0
mean,2040,42,15,ES1 1 bat,0.0
mean,2040,42,16,ES1 1 bat,0.0
mean,2040,42,17,ES1 1 bat,0.0
mean,2040,42,18,ES1 1 bat,0.0
mean,2040,42,19,ES1 1 bat,0.0
mean,2040,42,20,ES1 1 bat,0.0
mean,2040,42,21,ES1 1 bat,0.0
mean,2040,42,22,ES1 1 bat,0.0
mean,2040,42,23,ES1 1 bat,0.0
mean,2040,42,24,ES1 1 bat,0.0
mean,2040,42,25,ES1 1 bat,0.0
mean,2040,42,26,ES1 1 bat,0.0
mean,2040,42,27,ES1 1 bat,0.0
mean,2040,42,28,ES1 1 bat,0.0
mean,2040,42,29,ES1 1 bat,0.0
mean,2040,42,30,ES1 1 bat,0.0
mean,2040,42,31,ES1 1 bat,0.0
mean,2040,42,32,ES1 1 bat,0.0
mean,2040,42,33,ES1 1 bat,0.0
mean,2040,42,34,ES1 1 bat,0.0
mean,2040,42,35,ES1 1 bat,0.0
mean,2040,42,36,ES1 1 bat,0.0
mean,2040,42,37,ES1 1 bat,0.0
mean,2040,42,38,ES1 1 bat,0.0
mean,2040,42,39,ES1 1 bat,0.0
mean,2040,42,40,ES1 1 bat,0.0
mean,2040,42,41,ES1 1 bat,0.0
mean,2040,42,42,ES1 1 bat,0.0
mean,2040,42,43,ES1 1 bat,0.0
mean,2040,42,44,ES1 1 bat,0.0
mean,2040,42,45,ES1 1 bat,0.0
mean,2040,42,46,ES1 1 bat,0.0
mean,2040,42,47,ES1 1 bat,0.0
mean,2040,42,48,ES1 1 bat,0.0
mean,2040,42,49,ES1 1 bat,0.0
mean,2040,42,50,ES1 1 bat,0.0
mean,2040,42,51,ES1 1 bat,0.0
mean,2040,42,52,ES1 1 bat,0.0
mean,2040,42,53,ES1 1 bat,0.0
mean,2040,42,54,ES1 1 bat,0.0
mean,2040,42,55,ES1 1 bat,0.0
mean,2040,42,56,ES1 1 bat,0.0
mean,2040,42,57,ES1 1 bat,0.0
mean,2040,42,58,ES1 1 bat,0.0
mean,2040,42,59,ES1 1 bat,0.0
mean,2040,42,60,ES1 1 bat,0.0
mean,2040,42,61,ES1 1 bat,0.0
mean,2040,42,62,ES1 1 bat,0.0
mean,2040,42,63,ES1 1 bat,0.0
mean,2040,42,64,ES1 1 bat,0.0
mean,2040,42,65,ES1 1 bat,0.0
mean,2040,42,66,ES1 1 bat,0.0
mean,2040,42,67,ES1 1 bat,0.0
mean,2040,42,68,ES1 1 bat,0.0
mean,2040,42,69,ES1 1 bat,0.0
mean,2040,42,70,ES1 1 bat,0.0
mean,2040,42,71,ES1 1 bat,0.0
mean,2040,42,72,ES1 1 bat,0.0
mean,2040,42,73,ES1 1 bat,0.0
mean,2040,42,74,ES1 1 bat,0.0
mean,2040,42,75,ES1 1 bat,0.0
mean,2040,42,76,ES1 1 bat,0.0
mean,2040,42,77,ES1 1 bat,0.0
mean,2040,42,78,ES1 1 bat,0.0
mean,2040,42,79,ES1 1 bat,0.0
mean,2040,42,80,ES1 1 bat,0.0
mean,2040,42,81,ES1 1 bat,0.0
mean,2040,42,82,ES1 1 bat,0.0
mean,2040,42,83,ES1 1 bat,0.0
mean,2040,42,84,ES1 1 bat,0.0
mean,2040,42,85,ES1 1 bat,0.0
mean,2040,42,86,ES1 1 bat,0.0
mean,2040,42,87,ES1 1 bat,0.0
mean,2040,42,88,ES1 1 bat,0.0
mean,2040,42,89,ES1 1 bat,0.0
mean,2040,42,90,ES1 1 bat,0.0
mean,2040,42,91,ES1 1 bat,0.0
mean,2040,42,92,ES1 1 bat,0.0
mean,2040,42,93,ES1 1 bat,0.0
mean,2040,42,94,ES1 1 bat,0.0
mean,2040,42,95,ES1 1 bat,0.0
mean,2040,42,96,ES1 1 bat,0.0
mean,2040,42,97,ES1 1 bat,0.0
mean,2040,42,98,ES1 1 bat,0.0
mean,2040,42,99,ES1 1 bat,0.0
mean,2040,42,100,ES1 1 bat,0.0
mean,2040,42,101,ES1 1 bat,0.0
mean,2040,42,102,ES1 1 bat,0.0
mean,2040,42,103,ES1 1 bat,0.0
mean,2040,42,104,ES1 1 bat,0.0
mean,2040,42,105,ES1 1 bat,0.0
mean,2040,42,106,ES1 1 bat,0.0
mean,2040,42,107,ES1 1 bat,0.0
mean,2040,42,108,ES1 1 bat,0.0
mean,2040,42,109,ES1 1 bat,0.0
mean,2040,42,110,ES1 1 bat,0.0
mean,2040,42,111,ES1 1 bat,0.0
mean,2040,42,112,ES1 1 bat,0.0
mean,2040,42,113,ES1 1 bat,0.0
mean,2040,42,114,ES1 1 bat,0.0
mean,2040,42,115,ES1 1 bat,0.0
mean,2040,42,116,ES1 1 bat,0.0
mean,2040,42,117,ES1 1 bat,0.0
mean,2040,42,118,ES1 1 bat,0.0
mean,2040,42,119,ES1 1 bat,0.0
mean,2040,42,120,ES1 1 bat,0.0
mean,2040,42,121,ES1 1 bat,0.0
mean,2040,42,122,ES1 1 bat,0.0
mean,2040,42,123,ES1 1 bat,0.0
mean,2040,42,124,ES1 1 bat,0.0
mean,2040,42,125,ES1 1 bat,0.0
mean,2040,42,126,ES1 1 bat,0.0
mean,2040,42,127,ES1 1 bat,0.0
mean,2040,42,128,ES1 1 bat,0.0
mean,2040,42,129,ES1 1 bat,0.0
mean,2040,42,130,ES1 1 bat,0.0
mean,2040,42,131,ES1 1 bat,0.0
mean,2040,42,132,ES1 1 bat,0.0
mean,2040,42,133,ES1 1 bat,0.0
mean,2040,42,134,ES1 1 bat,0.0
mean,2040,42,135,ES1 1 bat,0.0
mean,2040,42,136,ES1 1 bat,0.0
mean,2040,42,137,ES1 1 bat,0.0
mean,2040,42,138,ES1 1 bat,0.0
mean,2040,42,139,ES1 1 bat,0.0
mean,2040,42,140,ES1 1 bat,0.0
mean,2040,42,141,ES1 1 bat,0.0
mean,2040,42,142,ES1 1 bat,0.0
mean,2040,42,143,ES1 1 bat,0.0
mean,2040,42,144,ES1 1 bat,0.0
mean,2040,42,145,ES1 1 bat,0.0
mean,2040,42,146,ES1 1 bat,0.0
mean,2040,42,147,ES1 1 bat,0.0
mean,2040,42,148,ES1 1 bat,0.0
mean,2040,42,149,ES1 1 bat,0.0
mean,2040,42,150,ES1 1 bat,0.0
mean,2040,42,151,ES1 1 bat,0.0
mean,2040,42,152,ES1 1 bat,0.0
mean,2040,42,153,ES1 1 bat,0.0
mean,2040,42,154,ES1 1 bat,0.0
mean,2040,42,155,ES1 1 bat,0.0
mean,2040,42,156,ES1 1 bat,0.0
mean,2040,42,157,ES1 1 bat,0.0
mean,2040,42,158,ES1 1 bat,0.0
mean,2040,42,159,ES1 1 bat,0.0
mean,2040,42,160,ES1 1 bat,0.0
mean,2040,42,161,ES1 1 bat,0.0
mean,2040,42,162,ES1 1 bat,0.0
mean,2040,42,163,ES1 1 bat,0.0
mean,2040,42,164,ES1 1 bat,0.0
mean,2040,42,165,ES1 1 bat,0.0
mean,2040,42,166,ES1 1 bat,0.0
mean,2040,42,167,ES1 1 bat,0.0
mean,2040,52,0,ES1 1 bat,0.0
mean,2040,52,1,ES1 1 bat,0.0
mean,2040,52,2,ES1 1 bat,0.0
mean,2040,52,3,ES1 1 bat,0.0
mean,2040,52,4,ES1 1 bat,0.0
mean,2040,52,5,ES1 1 bat,0.0
mean,2040,52,6,ES1 1 bat,0.0
mean,2040,52,7,ES1 1 bat,0.0
mean,2040,52,8,ES1 1 bat,0.0
mean,2040,52,9,ES1 1 bat,0.0
mean,2040,52,10,ES1 1 bat,0.0
mean,2040,52,11,ES1 1 bat,0.0
mean,2040,52,12,ES1 1 bat,0.0
mean,2040,52,13,ES1 1 bat,0.0
mean,2040,52,14,ES1 1 bat,0.0
mean,2040,52,15,ES1 1 bat,0.0
mean,2040,52,16,ES1 1 bat,0.0
mean,2040,52,17,ES1 1 bat,0.0
mean,2040,52,18,ES1 1 bat,0.0
mean,2040,52,19,ES1 1 bat,0.0
mean,2040,52,20,ES1 1 bat,0.0
mean,2040,52,21,ES1 1 bat,0.0
mean,2040,52,22,ES1 1 bat,0.0
mean,2040,52,23,ES1 1 bat,0.0
mean,2040,52,24,ES1 1 bat,0.0
mean,2040,52,25,ES1 1 bat,0.0
mean,2040,52,26,ES1 1 bat,0.0
mean,2040,52,27,ES1 1 bat,0.0
mean,2040,52,28,ES1 1 bat,0.0
mean,2040,52,29,ES1 1 bat,0.0
mean,2040,52,30,ES1 1 bat,0.0
mean,2040,52,31,ES1 1 bat,0.0
mean,2040,52,32,ES1 1 bat,0.0
mean,2040,52,33,ES1 1 bat,0.0
mean,2040,52,34,ES1 1 bat,0.0
mean,2040,52,35,ES1 1 bat,0.0
mean,2040,52,36,ES1 1 bat,0.0
mean,2040,52,37,ES1 1 bat,0.0
mean,2040,52,38,ES1 1 bat,0.0
mean,2040,52,39,ES1 1 bat,0.0
mean,2040,52,40,ES1 1 bat,0.0
mean,2040,52,41,ES1 1 bat,0.0
mean,2040,52,42,ES1 1 bat,0.0
mean,2040,52,43,ES1 1 bat,0.0
mean,2040,52,44,ES1 1 bat,0.0
mean,2040,52,45,ES1 1 bat,0.0
mean,2040,52,46,ES1 1 bat,0.0
mean,2040,52,47,ES1 1 bat,0.0
mean,2040,52,48,ES1 1 bat,0.0
mean,2040,52,49,ES1 1 bat,0.0
mean,2040,52,50,ES1 1 bat,0.0
mean,2040,52,51,ES1 1 bat,0.0
mean,2040,52,52,ES1 1 bat,0.0
mean,2040,52,53,ES1 1 bat,0.0
mean,2040,52,54,ES1 1 bat,0.0
mean,2040,52,55,ES1 1 bat,0.0
mean,2040,52,56,ES1 1 bat,0.0
mean,2040,52,57,ES1 1 bat,0.0
mean,2040,52,58,ES1 1 bat,0.0
mean,2040,52,59,ES1 1 bat,0.0
mean,2040,52,60,ES1 1 bat,0.0
mean,2040,52,61,ES1 1 bat,0.0
mean,2040,52,62,ES1 1 bat,0.0
mean,2040,52,63,ES1 1 bat,0.0
mean,2040,52,64,ES1 1 bat,0.0
mean,2040,52,65,ES1 1 bat,0.0
mean,2040,52,66,ES1 1 bat,0.0
mean,2040,52,67,ES1 1 bat,0.0
mean,2040,52,68,ES1 1 bat,0.0
mean,2040,52,69,ES1 1 bat,0.0
mean,2040,52,70,ES1 1 bat,0.0
mean,2040,52,71,ES1 1 bat,0.0
mean,2040,52,72,ES1 1 bat,0.0
mean,2040,52,73,ES1 1 bat,0.0
mean,2040,52,74,ES1 1 bat,0.0
mean,2040,52,75,ES1 1 bat,0.0
mean,2040,52,76,ES1 1 bat,0.0
mean,2040,52,77,ES1 1 bat,0.0
mean,2040,52,78,ES1 1 bat,0.0
mean,2040,52,79,ES1 1 bat,0.0
mean,2040,52,80,ES1 1 bat,0.0
mean,2040,52,81,ES1 1 bat,0.0
mean,2040,52,82,ES1 1 bat,0.0
mean,2040,52,83,ES1 1 bat,0.0
mean,2040,52,84,ES1 1 bat,0.0
mean,2040,52,85,ES1 1 bat,0.0
mean,2040,52,86,ES1 1 bat,0.0
mean,2040,52,87,ES1 1 bat,0.0
mean,2040,52,88,ES1 1 bat,0.0
mean,2040,52,89,ES1 1 bat,0.0
mean,2040,52,90,ES1 1 bat,0.0
mean,2040,52,91,ES1 1 bat,0.0
mean,2040,52,92,ES1 1 bat,0.0
mean,2040,52,93,ES1 1 bat,0.0
mean,2040,52,94,ES1 1 bat,0.0
mean,2040,52,95,ES1 1 bat,0.0
mean,2040,52,96,ES1 1 bat,0.0
mean,2040,52,97,ES1 1 bat,0.0
mean,2040,52,98,ES1 1 bat,0.0
mean,2040,52,99,ES1 1 bat,0.0
mean,2040,52,100,ES1 1 bat,0.0
mean,2040,52,101,ES1 1 bat,0.0
mean,2040,52,102,ES1 1 bat,0.0
mean,2040,52,103,ES1 1 bat,0.0
mean,2040,52,104,ES1 1 bat,0.0
mean,2040,52,105,ES1 1 bat,0.0
mean,2040,52,106,ES1 1 bat,0.0
mean,2040,52,107,ES1 1 bat,0.0
mean,2040,52,108,ES1 1 bat,0.0
mean,2040,52,109,ES1 1 bat,0.0
mean,2040,52,110,ES1 1 bat,0.0
mean,2040,52,111,ES1 1 bat,0.0
mean,2040,52,112,ES1 1 bat,0.0
mean,2040,52,113,ES1 1 bat,0.0
mean,2040,52,114,ES1 1 bat,0.0
mean,2040,52,115,ES1 1 bat,0.0
mean,2040,52,116,ES1 1 bat,0.0
mean,2040,52,117,ES1 1 bat,0.0
mean,2040,52,118,ES1 1 bat,0.0
mean,2040,52,119,ES1 1 bat,0.0
mean,2040,52,120,ES1 1 bat,0.0
mean,2040,52,121,ES1 1 bat,0.0
mean,2040,52,122,ES1 1 bat,0.0
mean,2040,52,123,ES1 1 bat,0.0
mean,2040,52,124,ES1 1 bat,0.0
mean,2040,52,125,ES1 1 bat,0.0
mean,2040,52,126,ES1 1 bat,0.0
mean,2040,52,127,ES1 1 bat,0.0
mean,2040,52,128,ES1 1 bat,0.0
mean,2040,52,129,ES1 1 bat,0.0
mean,2040,52,130,ES1 1 bat,0.0
mean,2040,52,131,ES1 1 bat,0.0
mean,2040,52,132,ES1 1 bat,0.0
mean,2040,52,133,ES1 1 bat,0.0
mean,2040,52,134,ES1 1 bat,0.0
mean,2040,52,135,ES1 1 bat,0.0
mean,2040,52,136,ES1 1 bat,0.0
mean,2040,52,137,ES1 1 bat,0.0
mean,2040,52,138,ES1 1 bat,0.0
mean,2040,52,139,ES1 1 bat,0.0
mean,2040,52,140,ES1 1 bat,0.0
mean,2040,52,141,ES1 1 bat,0.0
mean,2040,52,142,ES1 1 bat,0.0
mean,2040,52,143,ES1 1 bat,0.0
mean,2040,52,144,ES1 1 bat,0.0
mean,2040,52,145,ES1 1 bat,0.0
mean,2040,52,146,ES1 1 bat,0.0
mean,2040,52,147,ES1 1 bat,0.0
mean,2040,52,148,ES1 1 bat,0.0
mean,2040,52,149,ES1 1 bat,0.0
mean,2040,52,150,ES1 1 bat,0.0
mean,2040,52,151,ES1 1 bat,0.0
mean,2040,52,152,ES1 1 bat,0.0
mean,2040,52,153,ES1 1 bat,0.0
mean,2040,52,154,ES1 1 bat,0.0
mean,2040,52,155,ES1 1 bat,0.0
mean,2040,52,156,ES1 1 bat,0.0
mean,2040,52,157,ES1 1 bat,0.0
mean,2040,52,158,ES1 1 bat,0.0
mean,2040,52,159,ES1 1 bat,0.0
mean,2040,52,160,ES1 1 bat,0.0
mean,2040,52,161,ES1 1 bat,0.0
mean,2040,52,162,ES1 1 bat,0.0
mean,2040,52,163,ES1 1 bat,0.0
mean,2040,52,164,ES1 1 bat,0.0
mean,2040,52,165,ES1 1 bat,0.0
mean,2040,52,166,ES1 1 bat,0.0
mean,2040,52,167,ES1 1 bat,0.0
mean,2050,11,0,ES1 1 bat,0.0
mean,2050,11,1,ES1 1 bat,0.0
mean,2050,11,2,ES1 1 bat,0.0
mean,2050,11,3,ES1 1 bat,0.0
mean,2050,11,4,ES1 1 bat,0.0
mean,2050,11,5,ES1 1 bat,0.0
mean,2050,11,6,ES1 1 bat,0.0
mean,2050,11,7,ES1 1 bat,0.0
mean,2050,11,8,ES1 1 bat,0.0
mean,2050,11,9,ES1 1 bat,0.0
mean,2050,11,10,ES1 1 bat,0.0
mean,2050,11,11,ES1 1 bat,0.0
mean,2050,11,12,ES1 1 bat,0.0
mean,2050,11,13,ES1 1 bat,0.0
mean,2050,11,14,ES1 1 bat,0.0
mean,2050,11,15,ES1 1 bat,0.0
mean,2050,11,16,ES1 1 bat,0.0
mean,2050,11,17,ES1 1 bat,0.0
mean,2050,11,18,ES1 1 bat,0.0
mean,2050,11,19,ES1 1 bat,0.0
mean,2050,11,20,ES1 1 bat,0.0
mean,2050,11,21,ES1 1 bat,0.0
mean,2050,11,22,ES1 1 bat,0.0
mean,2050,11,23,ES1 1 bat,0.0
mean,2050,11,24,ES1 1 bat,0.0
mean,2050,11,25,ES1 1 bat,0.0
mean,2050,11,26,ES1 1 bat,0.0
mean,2050,11,27,ES1 1 bat,0.0
mean,2050,11,28,ES1 1 bat,0.0
mean,2050,11,29,ES1 1 bat,0.0
mean,2050,11,30,ES1 1 bat,0.0
mean,2050,11,31,ES1 1 bat,0.0
mean,2050,11,32,ES1 1 bat,0.0
mean,2050,11,33,ES1 1 bat,0.0
mean,2050,11,34,ES1 1 bat,0.0
mean,2050,11,35,ES1 1 bat,0.0
mean,2050,11,36,ES1 1 bat,0.0
mean,2050,11,37,ES1 1 bat,0.0
mean,2050,11,38,ES1 1 bat,0.0
mean,2050,11,39,ES1 1 bat,0.0
mean,2050,11,40,ES1 1 bat,0.0
mean,2050,11,41,ES1 1 bat,0.0
mean,2050,11,42,ES1 1 bat,0.0
mean,2050,11,43,ES1 1 bat,0.0
mean,2050,11,44,ES1 1 bat,0.0
mean,2050,11,45,ES1 1 bat,0.0
mean,2050,11,46,ES1 1 bat,0.0
mean,2050,11,47,ES1 1 bat,0.0
mean,2050,11,48,ES1 1 bat,0.0
mean,2050,11,49,ES1 1 bat,0.0
mean,2050,11,50,ES1 1 bat,0.0
mean,2050,11,51,ES1 1 bat,0.0
mean,2050,11,52,ES1 1 bat,0.0
mean,2050,11,53,ES1 1 bat,0.0
mean,2050,11,54,ES1 1 bat,0.0
mean,2050,11,55,ES1 1 bat,0.0
mean,2050,11,56,ES1 1 bat,0.0
mean,2050,11,57,ES1 1 bat,0.0
mean,2050,11,58,ES1 1 bat,0.0
mean,2050,11,59,ES1 1 bat,0.0
mean,2050,11,60,ES1 1 bat,0.0
mean,2050,11,61,ES1 1 bat,0.0
mean,2050,11,62,ES1 1 bat,0.0
mean,2050,11,63,ES1 1 bat,0.0
mean,2050,11,64,ES1 1 bat,0.0
mean,2050,11,65,ES1 1 bat,0.0
mean,2050,11,66,ES1 1 bat,0.0
mean,2050,11,67,ES1 1 bat,0.0
mean,2050,11,68,ES1 1 bat,0.0
mean,2050,11,69,ES1 1 bat,0.0
mean,2050,11,70,ES1 1 bat,0.0
mean,2050,11,71,ES1 1 bat,0.0
mean,2050,11,72,ES1 1 bat,0.0
mean,2050,11,73,ES1 1 bat,0.0
mean,2050,11,74,ES1 1 bat,0.0
mean,2050,11,75,ES1 1 bat,0.0
mean,2050,11,76,ES1 1 bat,0.0
mean,2050,11,77,ES1 1 bat,0.0
mean,2050,11,78,ES1 1 bat,0.0
mean,2050,11,79,ES1 1 bat,0.0
mean,2050,11,80,ES1 1 bat,0.0
mean,2050,11,81,ES1 1 bat,0.0
mean,2050,11,82,ES1 1 bat,0.0
mean,2050,11,83,ES1 1 bat,0.0
mean,2050,11,84,ES1 1 bat,0.0
mean,2050,11,85,ES1 1 bat,0.0
mean,2050,11,86,ES1 1 bat,0.0
mean,2050,11,87,ES1 1 bat,0.0
mean,2050,11,88,ES1 1 bat,0.0
mean,2050,11,89,ES1 1 bat,0.0
mean,2050,11,90,ES1 1 bat,0.0
mean,2050,11,91,ES1 1 bat,0.0
mean,2050,11,92,ES1 1 bat,0.0
mean,2050,11,93,ES1 1 bat,0.0
mean,2050,11,94,ES1 1 bat,0.0
mean,2050,11,95,ES1 1 bat,0.0
mean,2050,11,96,ES1 1 bat,0.0
mean,2050,11,97,ES1 1 bat,0.0
mean,2050,11,98,ES1 1 bat,0.0
mean,2050,11,99,ES1 1 bat,0.0
mean,2050,11,100,ES1 1 bat,0.0
mean,2050,11,101,ES1 1 bat,0.0
mean,2050,11,102,ES1 1 bat,0.0
mean,2050,11,103,ES1 1 bat,0.0
mean,2050,11,104,ES1 1 bat,0.0
mean,2050,11,105,ES1 1 bat,0.0
mean,2050,11,106,ES1 1 bat,0.0
mean,2050,11,107,ES1 1 bat,0.0
mean,2050,11,108,ES1 1 bat,0.0
mean,2050,11,109,ES1 1 bat,0.0
mean,2050,11,110,ES1 1 bat,0.0
mean,2050,11,111,ES1 1 bat,0.0
mean,2050,11,112,ES1 1 bat,0.0
mean,2050,11,113,ES1 1 bat,0.0
mean,2050,11,114,ES1 1 bat,0.0
mean,2050,11,115,ES1 1 bat,0.0
mean,2050,11,116,ES1 1 bat,0.0
mean,2050,11,117,ES1 1 bat,0.0
mean,2050,11,118,ES1 1 bat,0.0
mean,2050,11,119,ES1 1 bat,0.0
mean,2050,11,120,ES1 1 bat,0.0
mean,2050,11,121,ES1 1 bat,0.0
mean,2050,11,122,ES1 1 bat,0.0
mean,2050,11,123,ES1 1 bat,0.0
mean,2050,11,124,ES1 1 bat,0.0
mean,2050,11,125,ES1 1 bat,0.0
mean,2050,11,126,ES1 1 bat,0.0
mean,2050,11,127,ES1 1 bat,0.0
mean,2050,11,128,ES1 1 bat,0.0
mean,2050,11,129,ES1 1 bat,0.0
mean,2050,11,130,ES1 1 bat,0.0
mean,2050,11,131,ES1 1 bat,0.0
mean,2050,11,132,ES1 1 bat,0.0
mean,2050,11,133,ES1 1 bat,0.0
mean,2050,11,134,ES1 1 bat,0.0
mean,2050,11,135,ES1 1 bat,0.0
mean,2050,11,136,ES1 1 bat,0.0
mean,2050,11,137,ES1 1 bat,0.0
mean,2050,11,138,ES1 1 bat,0.0
mean,2050,11,139,ES1 1 bat,0.0
mean,2050,11,140,ES1 1 bat,0.0
mean,2050,11,141,ES1 1 bat,0.0
mean,2050,11,142,ES1 1 bat,0.0
mean,2050,11,143,ES1 1 bat,0.0
mean,2050,11,144,ES1 1 bat,0.0
mean,2050,11,145,ES1 1 bat,0.0
mean,2050,11,146,ES1 1 bat,0.0
mean,2050,11,147,ES1 1 bat,0.0
mean,2050,11,148,ES1 1 bat,0.0
mean,2050,11,149,ES1 1 bat,0.0
mean,2050,11,150,ES1 1 bat,0.0
mean,2050,11,151,ES1 1 bat,0.0
mean,2050,11,152,ES1 1 bat,0.0
mean,2050,11,153,ES1 1 bat,0.0
mean,2050,11,154,ES1 1 bat,0.0
mean,2050,11,155,ES1 1 bat,0.0
mean,2050,11,156,ES1 1 bat,0.0
mean,2050,11,157,ES1 1 bat,0.0
mean,2050,11,158,ES1 1 bat,0.0
mean,2050,11,159,ES1 1 bat,0.0
mean,2050,11,160,ES1 1 bat,0.0
mean,2050,11,161,ES1 1 bat,0.0
mean,2050,11,162,ES1 1 bat,0.0
mean,2050,11,163,ES1 1 bat,0.0
mean,2050,11,164,ES1 1 bat,0.0
mean,2050,11,165,ES1 1 bat,0.0
mean,2050,11,166,ES1 1 bat,0.0
mean,2050,11,167,ES1 1 bat,0.0
mean,2050,21,0,ES1 1 bat,0.0
mean,2050,21,1,ES1 1 bat,0.0
mean,2050,21,2,ES1 1 bat,0.0
mean,2050,21,3,ES1 1 bat,0.0
mean,2050,21,4,ES1 1 bat,0.0
mean,2050,21,5,ES1 1 bat,0.0
mean,2050,21,6,ES1 1 bat,0.0
mean,2050,21,7,ES1 1 bat,0.0
mean,2050,21,8,ES1 1 bat,0.0
mean,2050,21,9,ES1 1 bat,0.0
mean,2050,21,10,ES1 1 bat,0.0
mean,2050,21,11,ES1 1 bat,0.0
mean,2050,21,12,ES1 1 bat,0.0
mean,2050,21,13,ES1 1 bat,0.0
mean,2050,21,14,ES1 1 bat,0.0
mean,2050,21,15,ES1 1 bat,0.0
mean,2050,21,16,ES1 1 bat,0.0
mean,2050,21,17,ES1 1 bat,0.0
mean,2050,21,18,ES1 1 bat,0.0
mean,2050,21,19,ES1 1 bat,0.0
mean,2050,21,20,ES1 1 bat,0.0
mean,2050,21,21,ES1 1 bat,0.0
mean,2050,21,22,ES1 1 bat,0.0
mean,2050,21,23,ES1 1 bat,0.0
mean,2050,21,24,ES1 1 bat,0.0
mean,2050,21,25,ES1 1 bat,0.0
mean,2050,21,26,ES1 1 bat,0.0
mean,2050,21,27,ES1 1 bat,0.0
mean,2050,21,28,ES1 1 bat,0.0
mean,2050,21,29,ES1 1 bat,0.0
mean,2050,21,30,ES1 1 bat,0.0
mean,2050,21,31,ES1 1 bat,0.0
mean,2050,21,32,ES1 1 bat,0.0
mean,2050,21,33,ES1 1 bat,0.0
mean,2050,21,34,ES1 1 bat,0.0
mean,2050,21,35,ES1 1 bat,0.0
mean,2050,21,36,ES1 1 bat,0.0
mean,2050,21,37,ES1 1 bat,0.0
mean,2050,21,38,ES1 1 bat,0.0
mean,2050,21,39,ES1 1 bat,0.0
mean,2050,21,40,ES1 1 bat,0.0
mean,2050,21,41,ES1 1 bat,0.0
mean,2050,21,42,ES1 1 bat,0.0
mean,2050,21,43,ES1 1 bat,0.0
mean,2050,21,44,ES1 1 bat,0.0
mean,2050,21,45,ES1 1 bat,0.0
mean,2050,21,46,ES1 1 bat,0.0
mean,2050,21,47,ES1 1 bat,0.0
mean,2050,21,48,ES1 1 bat,0.0
mean,2050,21,49,ES1 1 bat,0.0
mean,2050,21,50,ES1 1 bat,0.0
mean,2050,21,51,ES1 1 bat,0.0
mean,2050,21,52,ES1 1 bat,0.0
mean,2050,21,53,ES1 1 bat,0.0
mean,2050,21,54,ES1 1 bat,0.0
mean,2050,21,55,ES1 1 bat,0.0
mean,2050,21,56,ES1 1 bat,0.0
mean,2050,21,57,ES1 1 bat,0.0
mean,2050,21,58,ES1 1 bat,0.0
mean,2050,21,59,ES1 1 bat,0.0
mean,2050,21,60,ES1 1 bat,0.0
mean,2050,21,61,ES1 1 bat,0.0
mean,2050,21,62,ES1 1 bat,0.0
mean,2050,21,63,ES1 1 bat,0.0
mean,2050,21,64,ES1 1 bat,0.0
mean,2050,21,65,ES1 1 bat,0.0
mean,2050,21,66,ES1 1 bat,0.0
mean,2050,21,67,ES1 1 bat,0.0
mean,2050,21,68,ES1 1 bat,0.0
mean,2050,21,69,ES1 1 bat,0.0
mean,2050,21,70,ES1 1 bat,0.0
mean,2050,21,71,ES1 1 bat,0.0
mean,2050,21,72,ES1 1 bat,0.0
mean,2050,21,73,ES1 1 bat,0.0
mean,2050,21,74,ES1 1 bat,0.0
mean,2050,21,75,ES1 1 bat,0.0
mean,2050,21,76,ES1 1 bat,0.0
mean,2050,21,77,ES1 1 bat,0.0
mean,2050,21,78,ES1 1 bat,0.0
mean,2050,21,79,ES1 1 bat,0.0
mean,2050,21,80,ES1 1 bat,0.0
mean,2050,21,81,ES1 1 bat,0.0
mean,2050,21,82,ES1 1 bat,0.0
mean,2050,21,83,ES1 1 bat,0.0
mean,2050,21,84,ES1 1 bat,0.0
mean,2050,21,85,ES1 1 bat,0.0
mean,2050,21,86,ES1 1 bat,0.0
mean,2050,21,87,ES1 1 bat,0.0
mean,2050,21,88,ES1 1 bat,0.0
mean,2050,21,89,ES1 1 bat,0.0
mean,2050,21,90,ES1 1 bat,0.0
mean,2050,21,91,ES1 1 bat,0.0
mean,2050,21,92,ES1 1 bat,0.0
mean,2050,21,93,ES1 1 bat,0.0
mean,2050,21,94,ES1 1 bat,0.0
mean,2050,21,95,ES1 1 bat,0.0
mean,2050,21,96,ES1 1 bat,0.0
mean,2050,21,97,ES1 1 bat,0.0
mean,2050,21,98,ES1 1 bat,0.0
mean,2050,21,99,ES1 1 bat,0.0
mean,2050,21,100,ES1 1 bat,0.0
mean,2050,21,101,ES1 1 bat,0.0
mean,2050,21,102,ES1 1 bat,0.0
mean,2050,21,103,ES1 1 bat,0.0
mean,2050,21,104,ES1 1 bat,0.0
mean,2050,21,105,ES1 1 bat,0.0
mean,2050,21,106,ES1 1 bat,0.0
mean,2050,21,107,ES1 1 bat,0.0
mean,2050,21,108,ES1 1 bat,0.0
mean,2050,21,109,ES1 1 bat,0.0
mean,2050,21,110,ES1 1 bat,0.0
mean,2050,21,111,ES1 1 bat,0.0
mean,2050,21,112,ES1 1 bat,0.0
mean,2050,21,113,ES1 1 bat,0.0
mean,2050,21,114,ES1 1 bat,0.0
mean,2050,21,115,ES1 1 bat,0.0
mean,2050,21,116,ES1 1 bat,0.0
mean,2050,21,117,ES1 1 bat,0.0
mean,2050,21,118,ES1 1 bat,0.0
mean,2050,21,119,ES1 1 bat,0.0
mean,2050,21,120,ES1 1 bat,0.0
mean,2050,21,121,ES1 1 bat,0.0
mean,2050,21,122,ES1 1 bat,0.0
mean,2050,21,123,ES1 1 bat,0.0
mean,2050,21,124,ES1 1 bat,0.0
mean,2050,21,125,ES1 1 bat,0.0
mean,2050,21,126,ES1 1 bat,0.0
mean,2050,21,127,ES1 1 bat,0.0
mean,2050,21,128,ES1 1 bat,0.0
mean,2050,21,129,ES1 1 bat,0.0
mean,2050,21,130,ES1 1 bat,0.0
mean,2050,21,131,ES1 1 bat,0.0
mean,2050,21,132,ES1 1 bat,0.0
mean,2050,21,133,ES1 1 bat,0.0
mean,2050,21,134,ES1 1 bat,0.0
mean,2050,21,135,ES1 1 bat,0.0
mean,2050,21,136,ES1 1 bat,0.0
mean,2050,21,137,ES1 1 bat,0.0
mean,2050,21,138,ES1 1 bat,0.0
mean,2050,21,139,ES1 1 bat,0.0
mean,2050,21,140,ES1 1 bat,0.0
mean,2050,21,141,ES1 1 bat,0.0
mean,2050,21,142,ES1 1 bat,0.0
mean,2050,21,143,ES1 1 bat,0.0
mean,2050,21,144,ES1 1 bat,0.0
mean,2050,21,145,ES1 1 bat,0.0
mean,2050,21,146,ES1 1 bat,0.0
mean,2050,21,147,ES1 1 bat,0.0
mean,2050,21,148,ES1 1 bat,0.0
mean,2050,21,149,ES1 1 bat,0.0
mean,2050,21,150,ES1 1 bat,0.0
mean,2050,21,151,ES1 1 bat,0.0
mean,2050,21,152,ES1 1 bat,0.0
mean,2050,21,153,ES1 1 bat,0.0
mean,2050,21,154,ES1 1 bat,0.0
mean,2050,21,155,ES1 1 bat,0.0
mean,2050,21,156,ES1 1 bat,0.0
mean,2050,21,157,ES1 1 bat,0.0
mean,2050,21,158,ES1 1 bat,0.0
mean,2050,21,159,ES1 1 bat,0.0
mean,2050,21,160,ES1 1 bat,0.0
mean,2050,21,161,ES1 1 bat,0.0
mean,2050,21,162,ES1 1 bat,0.0
mean,2050,21,163,ES1 1 bat,0.0
mean,2050,21,164,ES1 1 bat,0.0
mean,2050,21,165,ES1 1 bat,0.0
mean,2050,21,166,ES1 1 bat,0.0
mean,2050,21,167,ES1 1 bat,0.0
mean,2050,42,0,ES1 1 bat,0.0
mean,2050,42,1,ES1 1 bat,0.0
mean,2050,42,2,ES1 1 bat,0.0
mean,2050,42,3,ES1 1 bat,0.0
mean,2050,42,4,ES1 1 bat,0.0
mean,2050,42,5,ES1 1 bat,0.0
mean,2050,42,6,ES1 1 bat,0.0
mean,2050,42,7,ES1 1 bat,0.0
mean,2050,42,8,ES1 1 bat,0.0
mean,2050,42,9,ES1 1 bat,0.0
mean,2050,42,10,ES1 1 bat,0.0
mean,2050,42,11,ES1 1 bat,0.0
mean,2050,42,12,ES1 1 bat,0.0
mean,2050,42,13,ES1 1 bat,0.0
mean,2050,42,14,ES1 1 bat,0.0
mean,2050,42,15,ES1 1 bat,0.0
mean,2050,42,16,ES1 1 bat,0.0
mean,2050,42,17,ES1 1 bat,0.0
mean,2050,42,18,ES1 1 bat,0.0
mean,2050,42,19,ES1 1 bat,0.0
mean,2050,42,20,ES1 1 bat,0.0
mean,2050,42,21,ES1 1 bat,0.0
mean,2050,42,22,ES1 1 bat,0.0
mean,2050,42,23,ES1 1 bat,0.0
mean,2050,42,24,ES1 1 bat,0.0
mean,2050,42,25,ES1 1 bat,0.0
mean,2050,42,26,ES1 1 bat,0.0
mean,2050,42,27,ES1 1 bat,0.0
mean,2050,42,28,ES1 1 bat,0.0
mean,2050,42,29,ES1 1 bat,0.0
mean,2050,42,30,ES1 1 bat,0.0
mean,2050,42,31,ES1 1 bat,0.0
mean,2050,42,32,ES1 1 bat,0.0
mean,2050,42,33,ES1 1 bat,0.0
mean,2050,42,34,ES1 1 bat,0.0
mean,2050,42,35,ES1 1 bat,0.0
mean,2050,42,36,ES1 1 bat,0.0
mean,2050,42,37,ES1 1 bat,0.0
mean,2050,42,38,ES1 1 bat,0.0
mean,2050,42,39,ES1 1 bat,0.0
mean,2050,42,40,ES1 1 bat,0.0
mean,2050,42,41,ES1 1 bat,0.0
mean,2050,42,42,ES1 1 bat,0.0
mean,2050,42,43,ES1 1 bat,0.0
mean,2050,42,44,ES1 1 bat,0.0
mean,2050,42,45,ES1 1 bat,0.0
mean,2050,42,46,ES1 1 bat,0.0
mean,2050,42,47,ES1 1 bat,0.0
mean,2050,42,48,ES1 1 bat,0.0
mean,2050,42,49,ES1 1 bat,0.0
mean,2050,42,50,ES1 1 bat,0.0
mean,2050,42,51,ES1 1 bat,0.0
mean,2050,42,52,ES1 1 bat,0.0
mean,2050,42,53,ES1 1 bat,0.0
mean,2050,42,54,ES1 1 bat,0.0
mean,2050,42,55,ES1 1 bat,0.0
mean,2050,42,56,ES1 1 bat,0.0
mean,2050,42,57,ES1 1 bat,0.0
mean,2050,42,58,ES1 1 bat,0.0
mean,2050,42,59,ES1 1 bat,0.0
mean,2050,42,60,ES1 1 bat,0.0
mean,2050,42,61,ES1 1 bat,0.0
mean,2050,42,62,ES1 1 bat,0.0
mean,2050,42,63,ES1 1 bat,0.0
mean,2050,42,64,ES1 1 bat,0.0
mean,2050,42,65,ES1 1 bat,0.0
mean,2050,42,66,ES1 1 bat,0.0
mean,2050,42,67,ES1 1 bat,0.0
mean,2050,42,68,ES1 1 bat,0.0
mean,2050,42,69,ES1 1 bat,0.0
mean,2050,42,70,ES1 1 bat,0.0
mean,2050,42,71,ES1 1 bat,0.0
mean,2050,42,72,ES1 1 bat,0.0
mean,2050,42,73,ES1 1 bat,0.0
mean,2050,42,74,ES1 1 bat,0.0
mean,2050,42,75,ES1 1 bat,0.0
mean,2050,42,76,ES1 1 bat,0.0
mean,2050,42,77,ES1 1 bat,0.0
mean,2050,42,78,ES1 1 bat,0.0
mean,2050,42,79,ES1 1 bat,0.0
mean,2050,42,80,ES1 1 bat,0.0
mean,2050,42,81,ES1 1 bat,0.0
mean,2050,42,82,ES1 1 bat,0.0
mean,2050,42,83,ES1 1 bat,0.0
mean,2050,42,84,ES1 1 bat,0.0
mean,2050,42,85,ES1 1 bat,0.0
mean,2050,42,86,ES1 1 bat,0.0
mean,2050,42,87,ES1 1 bat,0.0
mean,2050,42,88,ES1 1 bat,0.0
mean,2050,42,89,ES1 1 bat,0.0
mean,2050,42,90,ES1 1 bat,0.0
mean,2050,42,91,ES1 1 bat,0.0
mean,2050,42,92,ES1 1 bat,0.0
mean,2050,42,93,ES1 1 bat,0.0
mean,2050,42,94,ES1 1 bat,0.0
mean,2050,42,95,ES1 1 bat,0.0
mean,2050,42,96,ES1 1 bat,0.0
mean,2050,42,97,ES1 1 bat,0.0
mean,2050,42,98,ES1 1 bat,0.0
mean,2050,42,99,ES1 1 bat,0.0
mean,2050,42,100,ES1 1 bat,0.0
mean,2050,42,101,ES1 1 bat,0.0
mean,2050,42,102,ES1 1 bat,0.0
mean,2050,42,103,ES1 1 bat,0.0
mean,2050,42,104,ES1 1 bat,0.0
mean,2050,42,105,ES1 1 bat,0.0
mean,2050,42,106,ES1 1 bat,0.0
mean,2050,42,107,ES1 1 bat,0.0
mean,2050,42,108,ES1 1 bat,0.0
mean,2050,42,109,ES1 1 bat,0.0
mean,2050,42,110,ES1 1 bat,0.0
mean,2050,42,111,ES1 1 bat,0.0
mean,2050,42,112,ES1 1 bat,0.0
mean,2050,42,113,ES1 1 bat,0.0
mean,2050,42,114,ES1 1 bat,0.0
mean,2050,42,115,ES1 1 bat,0.0
mean,2050,42,116,ES1 1 bat,0.0
mean,2050,42,117,ES1 1 bat,0.0
mean,2050,42,118,ES1 1 bat,0.0
mean,2050,42,119,ES1 1 bat,0.0
mean,2050,42,120,ES1 1 bat,0.0
mean,2050,42,121,ES1 1 bat,0.0
mean,2050,42,122,ES1 1 bat,0.0
mean,2050,42,123,ES1 1 bat,0.0
mean,2050,42,124,ES1 1 bat,0.0
mean,2050,42,125,ES1 1 bat,0.0
mean,2050,42,126,ES1 1 bat,0.0
mean,2050,42,127,ES1 1 bat,0.0
mean,2050,42,128,ES1 1 bat,0.0
mean,2050,42,129,ES1 1 bat,0.0
mean,2050,42,130,ES1 1 bat,0.0
mean,2050,42,131,ES1 1 bat,0.0
mean,2050,42,132,ES1 1 bat,0.0
mean,2050,42,133,ES1 1 bat,0.0
mean,2050,42,134,ES1 1 bat,0.0
mean,2050,42,135,ES1 1 bat,0.0
mean,2050,42,136,ES1 1 bat,0.0
mean,2050,42,137,ES1 1 bat,0.0
mean,2050,42,138,ES1 1 bat,0.0
mean,2050,42,139,ES1 1 bat,0.0
mean,2050,42,140,ES1 1 bat,0.0
mean,2050,42,141,ES1 1 bat,0.0
mean,2050,42,142,ES1 1 bat,0.0
mean,2050,42,143,ES1 1 bat,0.0
mean,2050,42,144,ES1 1 bat,0.0
mean,2050,42,145,ES1 1 bat,0.0
mean,2050,42,146,ES1 1 bat,0.0
mean,2050,42,147,ES1 1 bat,0.0
mean,2050,42,148,ES1 1 bat,0.0
mean,2050,42,149,ES1 1 bat,0.0
mean,2050,42,150,ES1 1 bat,0.0
mean,2050,42,151,ES1 1 bat,0.0
mean,2050,42,152,ES1 1 bat,0.0
mean,2050,42,153,ES1 1 bat,0.0
mean,2050,42,154,ES1 1 bat,0.0
mean,2050,42,155,ES1 1 bat,0.0
mean,2050,42,156,ES1 1 bat,0.0
mean,2050,42,157,ES1 1 bat,0.0
mean,2050,42,158,ES1 1 bat,0.0
mean,2050,42,159,ES1 1 bat,0.0
mean,2050,42,160,ES1 1 bat,0.0
mean,2050,42,161,ES1 1 bat,0.0
mean,2050,42,162,ES1 1 bat,0.0
mean,2050,42,163,ES1 1 bat,0.0
mean,2050,42,164,ES1 1 bat,0.0
mean,2050,42,165,ES1 1 bat,0.0
mean,2050,42,166,ES1 1 bat,0.0
mean,2050,42,167,ES1 1 bat,0.0
mean,2050,52,0,ES1 1 bat,0.0
mean,2050,52,1,ES1 1 bat,0.0
mean,2050,52,2,ES1 1 bat,0.0
mean,2050,52,3,ES1 1 bat,0.0
mean,2050,52,4,ES1 1 bat,0.0
mean,2050,52,5,ES1 1 bat,0.0
mean,2050,52,6,ES1 1 bat,0.0
mean,2050,52,7,ES1 1 bat,0.0
mean,2050,52,8,ES1 1 bat,0.0
mean,2050,52,9,ES1 1 bat,0.0
mean,2050,52,10,ES1 1 bat,0.0
mean,2050,52,11,ES1 1 bat,0.0
mean,2050,52,12,ES1 1 bat,0.0
mean,2050,52,13,ES1 1 bat,0.0
mean,2050,52,14,ES1 1 bat,0.0
mean,2050,52,15,ES1 1 bat,0.0
mean,2050,52,16,ES1 1 bat,0.0
mean,2050,52,17,ES1 1 bat,0.0
mean,2050,52,18,ES1 1 bat,0.0
mean,2050,52,19,ES1 1 bat,0.0
mean,2050,52,20,ES1 1 bat,0.0
mean,2050,52,21,ES1 1 bat,0.0
mean,2050,52,22,ES1 1 bat,0.0
mean,2050,52,23,ES1 1 bat,0.0
mean,2050,52,24,ES1 1 bat,0.0
mean,2050,52,25,ES1 1 bat,0.0
mean,2050,52,26,ES1 1 bat,0.0
mean,2050,52,27,ES1 1 bat,0.0
mean,2050,52,28,ES1 1 bat,0.0
mean,2050,52,29,ES1 1 bat,0.0
mean,2050,52,30,ES1 1 bat,0.0
mean,2050,52,31,ES1 1 bat,0.0
mean,2050,52,32,ES1 1 bat,0.0
mean,2050,52,33,ES1 1 bat,0.0
mean,2050,52,34,ES1 1 bat,0.0
mean,2050,52,35,ES1 1 bat,0.0
mean,2050,52,36,ES1 1 bat,0.0
mean,2050,52,37,ES1 1 bat,0.0
mean,2050,52,38,ES1 1 bat,0.0
mean,2050,52,39,ES1 1 bat,0.0
mean,2050,52,40,ES1 1 bat,0.0
mean,2050,52,41,ES1 1 bat,0.0
mean,2050,52,42,ES1 1 bat,0.0
mean,2050,52,43,ES1 1 bat,0.0
mean,2050,52,44,ES1 1 bat,0.0
mean,2050,52,45,ES1 1 bat,0.0
mean,2050,52,46,ES1 1 bat,0.0
mean,2050,52,47,ES1 1 bat,0.0
mean,2050,52,48,ES1 1 bat,0.0
mean,2050,52,49,ES1 1 bat,0.0
mean,2050,52,50,ES1 1 bat,0.0
mean,2050,52,51,ES1 1 bat,0.0
mean,2050,52,52,ES1 1 bat,0.0
mean,2050,52,53,ES1 1 bat,0.0
mean,2050,52,54,ES1 1 bat,0.0
mean,2050,52,55,ES1 1 bat,0.0
mean,2050,52,56,ES1 1 bat,0.0
mean,2050,52,57,ES1 1 bat,0.0
mean,2050,52,58,ES1 1 bat,0.0
mean,2050,52,59,ES1 1 bat,0.0
mean,2050,52,60,ES1 1 bat,0.0
mean,2050,52,61,ES1 1 bat,0.0
mean,2050,52,62,ES1 1 bat,0.0
mean,2050,52,63,ES1 1 bat,0.0
mean,2050,52,64,ES1 1 bat,0.0
mean,2050,52,65,ES1 1 bat,0.0
mean,2050,52,66,ES1 1 bat,0.0
mean,2050,52,67,ES1 1 bat,0.0
mean,2050,52,68,ES1 1 bat,0.0
mean,2050,52,69,ES1 1 bat,0.0
mean,2050,52,70,ES1 1 bat,0.0
mean,2050,52,71,ES1 1 bat,0.0
mean,2050,52,72,ES1 1 bat,0.0
mean,2050,52,73,ES1 1 bat,0.0
mean,2050,52,74,ES1 1 bat,0.0
mean,2050,52,75,ES1 1 bat,0.0
mean,2050,52,76,ES1 1 bat,0.0
mean,2050,52,77,ES1 1 bat,0.0
mean,2050,52,78,ES1 1 bat,0.0
mean,2050,52,79,ES1 1 bat,0.0
mean,2050,52,80,ES1 1 bat,0.0
mean,2050,52,81,ES1 1 bat,0.0
mean,2050,52,82,ES1 1 bat,0.0
mean,2050,52,83,ES1 1 bat,0.0
mean,2050,52,84,ES1 1 bat,0.0
mean,2050,52,85,ES1 1 bat,0.0
mean,2050,52,86,ES1 1 bat,0.0
mean,2050,52,87,ES1 1 bat,0.0
mean,2050,52,88,ES1 1 bat,0.0
mean,2050,52,89,ES1 1 bat,0.0
mean,2050,52,90,ES1 1 bat,0.0
mean,2050,52,91,ES1 1 bat,0.0
mean,2050,52,92,ES1 1 bat,0.0
mean,2050,52,93,ES1 1 bat,0.0
mean,2050,52,94,ES1 1 bat,0.0
mean,2050,52,95,ES1 1 bat,0.0
mean,2050,52,96,ES1 1 bat,0.0
mean,2050,52,97,ES1 1 bat,0.0
mean,2050,52,98,ES1 1 bat,0.0
mean,2050,52,99,ES1 1 bat,0.0
mean,2050,52,100,ES1 1 bat,0.0
mean,2050,52,101,ES1 1 bat,0.0
mean,2050,52,102,ES1 1 bat,0.0
mean,2050,52,103,ES1 1 bat,0.0
mean,2050,52,104,ES1 1 bat,0.0
mean,2050,52,105,ES1 1 bat,0.0
mean,2050,52,106,ES1 1 bat,0.0
mean,2050,52,107,ES1 1 bat,0.0
mean,2050,52,108,ES1 1 bat,0.0
mean,2050,52,109,ES1 1 bat,0.0
mean,2050,52,110,ES1 1 bat,0.0
mean,2050,52,111,ES1 1 bat,0.0
mean,2050,52,112,ES1 1 bat,0.0
mean,2050,52,113,ES1 1 bat,0.0
mean,2050,52,114,ES1 1 bat,0.0
mean,2050,52,115,ES1 1 bat,0.0
mean,2050,52,116,ES1 1 bat,0.0
mean,2050,52,117,ES1 1 bat,0.0
mean,2050,52,118,ES1 1 bat,0.0
mean,2050,52,119,ES1 1 bat,0.0
mean,2050,52,120,ES1 1 bat,0.0
mean,2050,52,121,ES1 1 bat,0.0
mean,2050,52,122,ES1 1 bat,0.0
mean,2050,52,123,ES1 1 bat,0.0
mean,2050,52,124,ES1 1 bat,0.0
mean,2050,52,125,ES1 1 bat,0.0
mean,2050,52,126,ES1 1 bat,0.0
mean,2050,52,127,ES1 1 bat,0.0
mean,2050,52,128,ES1 1 bat,0.0
mean,2050,52,129,ES1 1 bat,0.0
mean,2050,52,130,ES1 1 bat,0.0
mean,2050,52,131,ES1 1 bat,0.0
mean,2050,52,132,ES1 1 bat,0.0
mean,2050,52,133,ES1 1 bat,0.0
mean,2050,52,134,ES1 1 bat,0.0
mean,2050,52,135,ES1 1 bat,0.0
mean,2050,52,136,ES1 1 bat,0.0
mean,2050,52,137,ES1 1 bat,0.0
mean,2050,52,138,ES1 1 bat,0.0
mean,2050,52,139,ES1 1 bat,0.0
mean,2050,52,140,ES1 1 bat,0.0
mean,2050,52,141,ES1 1 bat,0.0
mean,2050,52,142,ES1 1 bat,0.0
mean,2050,52,143,ES1 1 bat,0.0
mean,2050,52,144,ES1 1 bat,0.0
mean,2050,52,145,ES1 1 bat,0.0
mean,2050,52,146,ES1 1 bat,0.0
mean,2050,52,147,ES1 1 bat,0.0
mean,2050,52,148,ES1 1 bat,0.0
mean,2050,52,149,ES1 1 bat,0.0
mean,2050,52,150,ES1 1 bat,0.0
mean,2050,52,151,ES1 1 bat,0.0
mean,2050,52,152,ES1 1 bat,0.0
mean,2050,52,153,ES1 1 bat,0.0
mean,2050,52,154,ES1 1 bat,0.0
mean,2050,52,155,ES1 1 bat,0.0
mean,2050,52,156,ES1 1 bat,0.0
mean,2050,52,157,ES1 1 bat,0.0
mean,2050,52,158,ES1 1 bat,0.0
mean,2050,52,159,ES1 1 bat,0.0
mean,2050,52,160,ES1 1 bat,0.0
mean,2050,52,161,ES1 1 bat,0.0
mean,2050,52,162,ES1 1 bat,0.0
mean,2050,52,163,ES1 1 bat,0.0
mean,2050,52,164,ES1 1 bat,0.0
mean,2050,52,165,ES1 1 bat,0.0
mean,2050,52,166,ES1 1 bat,0.0
mean,2050,52,167,ES1 1 bat,0.0
mean,2025,11,0,ES1 2 bat,0.0
mean,2025,11,1,ES1 2 bat,0.0
mean,2025,11,2,ES1 2 bat,0.0
mean,2025,11,3,ES1 2 bat,0.0
mean,2025,11,4,ES1 2 bat,0.0
mean,2025,11,5,ES1 2 bat,0.0
mean,2025,11,6,ES1 2 bat,0.0
mean,2025,11,7,ES1 2 bat,0.0
mean,2025,11,8,ES1 2 bat,0.0
mean,2025,11,9,ES1 2 bat,0.0
mean,2025,11,10,ES1 2 bat,0.0
mean,2025,11,11,ES1 2 bat,0.0
mean,2025,11,12,ES1 2 bat,0.0
mean,2025,11,13,ES1 2 bat,0.0
mean,2025,11,14,ES1 2 bat,0.0
mean,2025,11,15,ES1 2 bat,0.0
mean,2025,11,16,ES1 2 bat,0.0
mean,2025,11,17,ES1 2 bat,0.0
mean,2025,11,18,ES1 2 bat,0.0
mean,2025,11,19,ES1 2 bat,0.0
mean,2025,11,20,ES1 2 bat,0.0
mean,2025,11,21,ES1 2 bat,0.0
mean,2025,11,22,ES1 2 bat,0.0
mean,2025,11,23,ES1 2 bat,0.0
mean,2025,11,24,ES1 2 bat,0.0
mean,2025,11,25,ES1 2 bat,0.0
mean,2025,11,26,ES1 2 bat,0.0
mean,2025,11,27,ES1 2 bat,0.0
mean,2025,11,28,ES1 2 bat,0.0
mean,2025,11,29,ES1 2 bat,0.0
mean,2025,11,30,ES1 2 bat,0.0
mean,2025,11,31,ES1 2 bat,0.0
mean,2025,11,32,ES1 2 bat,0.0
mean,2025,11,33,ES1 2 bat,0.0
mean,2025,11,34,ES1 2 bat,0.0
mean,2025,11,35,ES1 2 bat,0.0
mean,2025,11,36,ES1 2 bat,0.0
mean,2025,11,37,ES1 2 bat,0.0
mean,2025,11,38,ES1 2 bat,0.0
mean,2025,11,39,ES1 2 bat,0.0
mean,2025,11,40,ES1 2 bat,0.0
mean,2025,11,41,ES1 2 bat,0.0
mean,2025,11,42,ES1 2 bat,0.0
mean,2025,11,43,ES1 2 bat,0.0
mean,2025,11,44,ES1 2 bat,0.0
mean,2025,11,45,ES1 2 bat,0.0
mean,2025,11,46,ES1 2 bat,0.0
mean,2025,11,47,ES1 2 bat,0.0
mean,2025,11,48,ES1 2 bat,0.0
mean,2025,11,49,ES1 2 bat,0.0
mean,2025,11,50,ES1 2 bat,0.0
mean,2025,11,51,ES1 2 bat,0.0
mean,2025,11,52,ES1 2 bat,0.0
mean,2025,11,53,ES1 2 bat,0.0
mean,2025,11,54,ES1 2 bat,0.0
mean,2025,11,55,ES1 2 bat,0.0
mean,2025,11,56,ES1 2 bat,0.0
mean,2025,11,57,ES1 2 bat,0.0
mean,2025,11,58,ES1 2 bat,0.0
mean,2025,11,59,ES1 2 bat,0.0
mean,2025,11,60,ES1 2 bat,0.0
mean,2025,11,61,ES1 2 bat,0.0
mean,2025,11,62,ES1 2 bat,0.0
mean,2025,11,63,ES1 2 bat,0.0
mean,2025,11,64,ES1 2 bat,0.0
mean,2025,11,65,ES1 2 bat,0.0
mean,2025,11,66,ES1 2 bat,0.0
mean,2025,11,67,ES1 2 bat,0.0
mean,2025,11,68,ES1 2 bat,0.0
mean,2025,11,69,ES1 2 bat,0.0
mean,2025,11,70,ES1 2 bat,0.0
mean,2025,11,71,ES1 2 bat,0.0
mean,2025,11,72,ES1 2 bat,0.0
mean,2025,11,73,ES1 2 bat,0.0
mean,2025,11,74,ES1 2 bat,0.0
mean,2025,11,75,ES1 2 bat,0.0
mean,2025,11,76,ES1 2 bat,0.0
mean,2025,11,77,ES1 2 bat,0.0
mean,2025,11,78,ES1 2 bat,0.0
mean,2025,11,79,ES1 2 bat,0.0
mean,2025,11,80,ES1 2 bat,0.0
mean,2025,11,81,ES1 2 bat,0.0
mean,2025,11,82,ES1 2 bat,0.0
mean,2025,11,83,ES1 2 bat,0.0
mean,2025,11,84,ES1 2 bat,0.0
mean,2025,11,85,ES1 2 bat,0.0
mean,2025,11,86,ES1 2 bat,0.0
mean,2025,11,87,ES1 2 bat,0.0
mean,2025,11,88,ES1 2 bat,0.0
mean,2025,11,89,ES1 2 bat,0.0
mean,2025,11,90,ES1 2 bat,0.0
mean,2025,11,91,ES1 2 bat,0.0
mean,2025,11,92,ES1 2 bat,0.0
mean,2025,11,93,ES1 2 bat,0.0
mean,2025,11,94,ES1 2 bat,0.0
mean,2025,11,95,ES1 2 bat,0.0
mean,2025,11,96,ES1 2 bat,0.0
mean,2025,11,97,ES1 2 bat,0.0
mean,2025,11,98,ES1 2 bat,0.0
mean,2025,11,99,ES1 2 bat,0.0
mean,2025,11,100,ES1 2 bat,0.0
mean,2025,11,101,ES1 2 bat,0.0
mean,2025,11,102,ES1 2 bat,0.0
mean,2025,11,103,ES1 2 bat,0.0
mean,2025,11,104,ES1 2 bat,0.0
mean,2025,11,105,ES1 2 bat,0.0
mean,2025,11,106,ES1 2 bat,0.0
mean,2025,11,107,ES1 2 bat,0.0
mean,2025,11,108,ES1 2 bat,0.0
mean,2025,11,109,ES1 2 bat,0.0
mean,2025,11,110,ES1 2 bat,0.0
mean,2025,11,111,ES1 2 bat,0.0
mean,2025,11,112,ES1 2 bat,0.0
mean,2025,11,113,ES1 2 bat,0.0
mean,2025,11,114,ES1 2 bat,0.0
mean,2025,11,115,ES1 2 bat,0.0
mean,2025,11,116,ES1 2 bat,0.0
mean,2025,11,117,ES1 2 bat,0.0
mean,2025,11,118,ES1 2 bat,0.0
mean,2025,11,119,ES1 2 bat,0.0
mean,2025,11,120,ES1 2 bat,0.0
mean,2025,11,121,ES1 2 bat,0.0
mean,2025,11,122,ES1 2 bat,0.0
mean,2025,11,123,ES1 2 bat,0.0
mean,2025,11,124,ES1 2 bat,0.0
mean,2025,11,125,ES1 2 bat,0.0
mean,2025,11,126,ES1 2 bat,0.0
mean,2025,11,127,ES1 2 bat,0.0
mean,2025,11,128,ES1 2 bat,0.0
mean,2025,11,129,ES1 2 bat,0.0
mean,2025,11,130,ES1 2 bat,0.0
mean,2025,11,131,ES1 2 bat,0.0
mean,2025,11,132,ES1 2 bat,0.0
mean,2025,11,133,ES1 2 bat,0.0
mean,2025,11,134,ES1 2 bat,0.0
mean,2025,11,135,ES1 2 bat,0.0
mean,2025,11,136,ES1 2 bat,0.0
mean,2025,11,137,ES1 2 bat,0.0
mean,2025,11,138,ES1 2 bat,0.0
mean,2025,11,139,ES1 2 bat,0.0
mean,2025,11,140,ES1 2 bat,0.0
mean,2025,11,141,ES1 2 bat,0.0
mean,2025,11,142,ES1 2 bat,0.0
mean,2025,11,143,ES1 2 bat,0.0
mean,2025,11,144,ES1 2 bat,0.0
mean,2025,11,145,ES1 2 bat,0.0
mean,2025,11,146,ES1 2 bat,0.0
mean,2025,11,147,ES1 2 bat,0.0
mean,2025,11,148,ES1 2 bat,0.0
mean,2025,11,149,ES1 2 bat,0.0
mean,2025,11,150,ES1 2 bat,0.0
mean,2025,11,151,ES1 2 bat,0.0
mean,2025,11,152,ES1 2 bat,0.0
mean,2025,11,153,ES1 2 bat,0.0
mean,2025,11,154,ES1 2 bat,0.0
mean,2025,11,155,ES1 2 bat,0.0
mean,2025,11,156,ES1 2 bat,0.0
mean,2025,11,157,ES1 2 bat,0.0
mean,2025,11,158,ES1 2 bat,0.0
mean,2025,11,159,ES1 2 bat,0.0
mean,2025,11,160,ES1 2 bat,0.0
mean,2025,11,161,ES1 2 bat,0.0
mean,2025,11,162,ES1 2 bat,0.0
mean,2025,11,163,ES1 2 bat,0.0
mean,2025,11,164,ES1 2 bat,0.0
mean,2025,11,165,ES1 2 bat,0.0
mean,2025,11,166,ES1 2 bat,0.0
mean,2025,11,167,ES1 2 bat,0.0
mean,2025,21,0,ES1 2 bat,0.0
mean,2025,21,1,ES1 2 bat,0.0
mean,2025,21,2,ES1 2 bat,0.0
mean,2025,21,3,ES1 2 bat,0.0
mean,2025,21,4,ES1 2 bat,0.0
mean,2025,21,5,ES1 2 bat,0.0
mean,2025,21,6,ES1 2 bat,0.0
mean,2025,21,7,ES1 2 bat,0.0
mean,2025,21,8,ES1 2 bat,0.0
mean,2025,21,9,ES1 2 bat,0.0
mean,2025,21,10,ES1 2 bat,0.0
mean,2025,21,11,ES1 2 bat,0.0
mean,2025,21,12,ES1 2 bat,0.0
mean,2025,21,13,ES1 2 bat,0.0
mean,2025,21,14,ES1 2 bat,0.0
mean,2025,21,15,ES1 2 bat,0.0
mean,2025,21,16,ES1 2 bat,0.0
mean,2025,21,17,ES1 2 bat,0.0
mean,2025,21,18,ES1 2 bat,0.0
mean,2025,21,19,ES1 2 bat,0.0
mean,2025,21,20,ES1 2 bat,0.0
mean,2025,21,21,ES1 2 bat,0.0
mean,2025,21,22,ES1 2 bat,0.0
mean,2025,21,23,ES1 2 bat,0.0
mean,2025,21,24,ES1 2 bat,0.0
mean,2025,21,25,ES1 2 bat,0.0
mean,2025,21,26,ES1 2 bat,0.0
mean,2025,21,27,ES1 2 bat,0.0
mean,2025,21,28,ES1 2 bat,0.0
mean,2025,21,29,ES1 2 bat,0.0
mean,2025,21,30,ES1 2 bat,0.0
mean,2025,21,31,ES1 2 bat,0.0
mean,2025,21,32,ES1 2 bat,0.0
mean,2025,21,33,ES1 2 bat,0.0
mean,2025,21,34,ES1 2 bat,0.0
mean,2025,21,35,ES1 2 bat,0.0
mean,2025,21,36,ES1 2 bat,0.0
mean,2025,21,37,ES1 2 bat,0.0
mean,2025,21,38,ES1 2 bat,0.0
mean,2025,21,39,ES1 2 bat,0.0
mean,2025,21,40,ES1 2 bat,0.0
mean,2025,21,41,ES1 2 bat,0.0
mean,2025,21,42,ES1 2 bat,0.0
mean,2025,21,43,ES1 2 bat,0.0
mean,2025,21,44,ES1 2 bat,0.0
mean,2025,21,45,ES1 2 bat,0.0
mean,2025,21,46,ES1 2 bat,0.0
mean,2025,21,47,ES1 2 bat,0.0
mean,2025,21,48,ES1 2 bat,0.0
mean,2025,21,49,ES1 2 bat,0.0
mean,2025,21,50,ES1 2 bat,0.0
mean,2025,21,51,ES1 2 bat,0.0
mean,2025,21,52,ES1 2 bat,0.0
mean,2025,21,53,ES1 2 bat,0.0
mean,2025,21,54,ES1 2 bat,0.0
mean,2025,21,55,ES1 2 bat,0.0
mean,2025,21,56,ES1 2 bat,0.0
mean,2025,21,57,ES1 2 bat,0.0
mean,2025,21,58,ES1 2 bat,0.0
mean,2025,21,59,ES1 2 bat,0.0
mean,2025,21,60,ES1 2 bat,0.0
mean,2025,21,61,ES1 2 bat,0.0
mean,2025,21,62,ES1 2 bat,0.0
mean,2025,21,63,ES1 2 bat,0.0
mean,2025,21,64,ES1 2 bat,0.0
mean,2025,21,65,ES1 2 bat,0.0
mean,2025,21,66,ES1 2 bat,0.0
mean,2025,21,67,ES1 2 bat,0.0
mean,2025,21,68,ES1 2 bat,0.0
mean,2025,21,69,ES1 2 bat,0.0
mean,2025,21,70,ES1 2 bat,0.0
mean,2025,21,71,ES1 2 bat,0.0
mean,2025,21,72,ES1 2 bat,0.0
mean,2025,21,73,ES1 2 bat,0.0
mean,2025,21,74,ES1 2 bat,0.0
mean,2025,21,75,ES1 2 bat,0.0
mean,2025,21,76,ES1 2 bat,0.0
mean,2025,21,77,ES1 2 bat,0.0
mean,2025,21,78,ES1 2 bat,0.0
mean,2025,21,79,ES1 2 bat,0.0
mean,2025,21,80,ES1 2 bat,0.0
mean,2025,21,81,ES1 2 bat,0.0
mean,2025,21,82,ES1 2 bat,0.0
mean,2025,21,83,ES1 2 bat,0.0
mean,2025,21,84,ES1 2 bat,0.0
mean,2025,21,85,ES1 2 bat,0.0
mean,2025,21,86,ES1 2 bat,0.0
mean,2025,21,87,ES1 2 bat,0.0
mean,2025,21,88,ES1 2 bat,0.0
mean,2025,21,89,ES1 2 bat,0.0
mean,2025,21,90,ES1 2 bat,0.0
mean,2025,21,91,ES1 2 bat,0.0
mean,2025,21,92,ES1 2 bat,0.0
mean,2025,21,93,ES1 2 bat,0.0
mean,2025,21,94,ES1 2 bat,0.0
mean,2025,21,95,ES1 2 bat,0.0
mean,2025,21,96,ES1 2 bat,0.0
mean,2025,21,97,ES1 2 bat,0.0
mean,2025,21,98,ES1 2 bat,0.0
mean,2025,21,99,ES1 2 bat,0.0
mean,2025,21,100,ES1 2 bat,0.0
mean,2025,21,101,ES1 2 bat,0.0
mean,2025,21,102,ES1 2 bat,0.0
mean,2025,21,103,ES1 2 bat,0.0
mean,2025,21,104,ES1 2 bat,0.0
mean,2025,21,105,ES1 2 bat,0.0
mean,2025,21,106,ES1 2 bat,0.0
mean,2025,21,107,ES1 2 bat,0.0
mean,2025,21,108,ES1 2 bat,0.0
mean,2025,21,109,ES1 2 bat,0.0
mean,2025,21,110,ES1 2 bat,0.0
mean,2025,21,111,ES1 2 bat,0.0
mean,2025,21,112,ES1 2 bat,0.0
mean,2025,21,113,ES1 2 bat,0.0
mean,2025,21,114,ES1 2 bat,0.0
mean,2025,21,115,ES1 2 bat,0.0
mean,2025,21,116,ES1 2 bat,0.0
mean,2025,21,117,ES1 2 bat,0.0
mean,2025,21,118,ES1 2 bat,0.0
mean,2025,21,119,ES1 2 bat,0.0
mean,2025,21,120,ES1 2 bat,0.0
mean,2025,21,121,ES1 2 bat,0.0
mean,2025,21,122,ES1 2 bat,0.0
mean,2025,21,123,ES1 2 bat,0.0
mean,2025,21,124,ES1 2 bat,0.0
mean,2025,21,125,ES1 2 bat,0.0
mean,2025,21,126,ES1 2 bat,0.0
mean,2025,21,127,ES1 2 bat,0.0
mean,2025,21,128,ES1 2 bat,0.0
mean,2025,21,129,ES1 2 bat,0.0
mean,2025,21,130,ES1 2 bat,0.0
mean,2025,21,131,ES1 2 bat,0.0
mean,2025,21,132,ES1 2 bat,0.0
mean,2025,21,133,ES1 2 bat,0.0
mean,2025,21,134,ES1 2 bat,0.0
mean,2025,21,135,ES1 2 bat,0.0
mean,2025,21,136,ES1 2 bat,0.0
mean,2025,21,137,ES1 2 bat,0.0
mean,2025,21,138,ES1 2 bat,0.0
mean,2025,21,139,ES1 2 bat,0.0
mean,2025,21,140,ES1 2 bat,0.0
mean,2025,21,141,ES1 2 bat,0.0
mean,2025,21,142,ES1 2 bat,0.0
mean,2025,21,143,ES1 2 bat,0.0
mean,2025,21,144,ES1 2 bat,0.0
mean,2025,21,145,ES1 2 bat,0.0
mean,2025,21,146,ES1 2 bat,0.0
mean,2025,21,147,ES1 2 bat,0.0
mean,2025,21,148,ES1 2 bat,0.0
mean,2025,21,149,ES1 2 bat,0.0
mean,2025,21,150,ES1 2 bat,0.0
mean,2025,21,151,ES1 2 bat,0.0
mean,2025,21,152,ES1 2 bat,0.0
mean,2025,21,153,ES1 2 bat,0.0
mean,2025,21,154,ES1 2 bat,0.0
mean,2025,21,155,ES1 2 bat,0.0
mean,2025,21,156,ES1 2 bat,0.0
mean,2025,21,157,ES1 2 bat,0.0
mean,2025,21,158,ES1 2 bat,0.0
mean,2025,21,159,ES1 2 bat,0.0
mean,2025,21,160,ES1 2 bat,0.0
mean,2025,21,161,ES1 2 bat,0.0
mean,2025,21,162,ES1 2 bat,0.0
mean,2025,21,163,ES1 2 bat,0.0
mean,2025,21,164,ES1 2 bat,0.0
mean,2025,21,165,ES1 2 bat,0.0
mean,2025,21,166,ES1 2 bat,0.0
mean,2025,21,167,ES1 2 bat,0.0
mean,2025,42,0,ES1 2 bat,0.0
mean,2025,42,1,ES1 2 bat,0.0
mean,2025,42,2,ES1 2 bat,0.0
mean,2025,42,3,ES1 2 bat,0.0
mean,2025,42,4,ES1 2 bat,0.0
mean,2025,42,5,ES1 2 bat,0.0
mean,2025,42,6,ES1 2 bat,0.0
mean,2025,42,7,ES1 2 bat,0.0
mean,2025,42,8,ES1 2 bat,0.0
mean,2025,42,9,ES1 2 bat,0.0
mean,2025,42,10,ES1 2 bat,0.0
mean,2025,42,11,ES1 2 bat,0.0
mean,2025,42,12,ES1 2 bat,0.0
mean,2025,42,13,ES1 2 bat,0.0
mean,2025,42,14,ES1 2 bat,0.0
mean,2025,42,15,ES1 2 bat,0.0
mean,2025,42,16,ES1 2 bat,0.0
mean,2025,42,17,ES1 2 bat,0.0
mean,2025,42,18,ES1 2 bat,0.0
mean,2025,42,19,ES1 2 bat,0.0
mean,2025,42,20,ES1 2 bat,0.0
mean,2025,42,21,ES1 2 bat,0.0
mean,2025,42,22,ES1 2 bat,0.0
mean,2025,42,23,ES1 2 bat,0.0
mean,2025,42,24,ES1 2 bat,0.0
mean,2025,42,25,ES1 2 bat,0.0
mean,2025,42,26,ES1 2 bat,0.0
mean,2025,42,27,ES1 2 bat,0.0
mean,2025,42,28,ES1 2 bat,0.0
mean,2025,42,29,ES1 2 bat,0.0
mean,2025,42,30,ES1 2 bat,0.0
mean,2025,42,31,ES1 2 bat,0.0
mean,2025,42,32,ES1 2 bat,0.0
mean,2025,42,33,ES1 2 bat,0.0
mean,2025,42,34,ES1 2 bat,0.0
mean,2025,42,35,ES1 2 bat,0.0
mean,2025,42,36,ES1 2 bat,0.0
mean,2025,42,37,ES1 2 bat,0.0
mean,2025,42,38,ES1 2 bat,0.0
mean,2025,42,39,ES1 2 bat,0.0
mean,2025,42,40,ES1 2 bat,0.0
mean,2025,42,41,ES1 2 bat,0.0
mean,2025,42,42,ES1 2 bat,0.0
mean,2025,42,43,ES1 2 bat,0.0
mean,2025,42,44,ES1 2 bat,0.0
mean,2025,42,45,ES1 2 bat,0.0
mean,2025,42,46,ES1 2 bat,0.0
mean,2025,42,47,ES1 2 bat,0.0
mean,2025,42,48,ES1 2 bat,0.0
mean,2025,42,49,ES1 2 bat,0.0
mean,2025,42,50,ES1 2 bat,0.0
mean,2025,42,51,ES1 2 bat,0.0
mean,2025,42,52,ES1 2 bat,0.0
mean,2025,42,53,ES1 2 bat,0.0
mean,2025,42,54,ES1 2 bat,0.0
mean,2025,42,55,ES1 2 bat,0.0
mean,2025,42,56,ES1 2 bat,0.0
mean,2025,42,57,ES1 2 bat,0.0
mean,2025,42,58,ES1 2 bat,0.0
mean,2025,42,59,ES1 2 bat,0.0
mean,2025,42,60,ES1 2 bat,0.0
mean,2025,42,61,ES1 2 bat,0.0
mean,2025,42,62,ES1 2 bat,0.0
mean,2025,42,63,ES1 2 bat,0.0
mean,2025,42,64,ES1 2 bat,0.0
mean,2025,42,65,ES1 2 bat,0.0
mean,2025,42,66,ES1 2 bat,0.0
mean,2025,42,67,ES1 2 bat,0.0
mean,2025,42,68,ES1 2 bat,0.0
mean,2025,42,69,ES1 2 bat,0.0
mean,2025,42,70,ES1 2 bat,0.0
mean,2025,42,71,ES1 2 bat,0.0
mean,2025,42,72,ES1 2 bat,0.0
mean,2025,42,73,ES1 2 bat,0.0
mean,2025,42,74,ES1 2 bat,0.0
mean,2025,42,75,ES1 2 bat,0.0
mean,2025,42,76,ES1 2 bat,0.0
mean,2025,42,77,ES1 2 bat,0.0
mean,2025,42,78,ES1 2 bat,0.0
mean,2025,42,79,ES1 2 bat,0.0
mean,2025,42,80,ES1 2 bat,0.0
mean,2025,42,81,ES1 2 bat,0.0
mean,2025,42,82,ES1 2 bat,0.0
mean,2025,42,83,ES1 2 bat,0.0
mean,2025,42,84,ES1 2 bat,0.0
mean,2025,42,85,ES1 2 bat,0.0
mean,2025,42,86,ES1 2 bat,0.0
mean,2025,42,87,ES1 2 bat,0.0
mean,2025,42,88,ES1 2 bat,0.0
mean,2025,42,89,ES1 2 bat,0.0
mean,2025,42,90,ES1 2 bat,0.0
mean,2025,42,91,ES1 2 bat,0.0
mean,2025,42,92,ES1 2 bat,0.0
mean,2025,42,93,ES1 2 bat,0.0
mean,2025,42,94,ES1 2 bat,0.0
mean,2025,42,95,ES1 2 bat,0.0
mean,2025,42,96,ES1 2 bat,0.0
mean,2025,42,97,ES1 2 bat,0.0
mean,2025,42,98,ES1 2 bat,0.0
mean,2025,42,99,ES1 2 bat,0.0
mean,2025,42,100,ES1 2 bat,0.0
mean,2025,42,101,ES1 2 bat,0.0
mean,2025,42,102,ES1 2 bat,0.0
mean,2025,42,103,ES1 2 bat,0.0
mean,2025,42,104,ES1 2 bat,0.0
mean,2025,42,105,ES1 2 bat,0.0
mean,2025,42,106,ES1 2 bat,0.0
mean,2025,42,107,ES1 2 bat,0.0
mean,2025,42,108,ES1 2 bat,0.0
mean,2025,42,109,ES1 2 bat,0.0
mean,2025,42,110,ES1 2 bat,0.0
mean,2025,42,111,ES1 2 bat,0.0
mean,2025,42,112,ES1 2 bat,0.0
mean,2025,42,113,ES1 2 bat,0.0
mean,2025,42,114,ES1 2 bat,0.0
mean,2025,42,115,ES1 2 bat,0.0
mean,2025,42,116,ES1 2 bat,0.0
mean,2025,42,117,ES1 2 bat,0.0
mean,2025,42,118,ES1 2 bat,0.0
mean,2025,42,119,ES1 2 bat,0.0
mean,2025,42,120,ES1 2 bat,0.0
mean,2025,42,121,ES1 2 bat,0.0
mean,2025,42,122,ES1 2 bat,0.0
mean,2025,42,123,ES1 2 bat,0.0
mean,2025,42,124,ES1 2 bat,0.0
mean,2025,42,125,ES1 2 bat,0.0
mean,2025,42,126,ES1 2 bat,0.0
mean,2025,42,127,ES1 2 bat,0.0
mean,2025,42,128,ES1 2 bat,0.0
mean,2025,42,129,ES1 2 bat,0.0
mean,2025,42,130,ES1 2 bat,0.0
mean,2025,42,131,ES1 2 bat,0.0
mean,2025,42,132,ES1 2 bat,0.0
mean,2025,42,133,ES1 2 bat,0.0
mean,2025,42,134,ES1 2 bat,0.0
mean,2025,42,135,ES1 2 bat,0.0
mean,2025,42,136,ES1 2 bat,0.0
mean,2025,42,137,ES1 2 bat,0.0
mean,2025,42,138,ES1 2 bat,0.0
mean,2025,42,139,ES1 2 bat,0.0
mean,2025,42,140,ES1 2 bat,0.0
mean,2025,42,141,ES1 2 bat,0.0
mean,2025,42,142,ES1 2 bat,0.0
mean,2025,42,143,ES1 2 bat,0.0
mean,2025,42,144,ES1 2 bat,0.0
mean,2025,42,145,ES1 2 bat,0.0
mean,2025,42,146,ES1 2 bat,0.0
mean,2025,42,147,ES1 2 bat,0.0
mean,2025,42,148,ES1 2 bat,0.0
mean,2025,42,149,ES1 2 bat,0.0
mean,2025,42,150,ES1 2 bat,0.0
mean,2025,42,151,ES1 2 bat,0.0
mean,2025,42,152,ES1 2 bat,0.0
mean,2025,42,153,ES1 2 bat,0.0
mean,2025,42,154,ES1 2 bat,0.0
mean,2025,42,155,ES1 2 bat,0.0
mean,2025,42,156,ES1 2 bat,0.0
mean,2025,42,157,ES1 2 bat,0.0
mean,2025,42,158,ES1 2 bat,0.0
mean,2025,42,159,ES1 2 bat,0.0
mean,2025,42,160,ES1 2 bat,0.0
mean,2025,42,161,ES1 2 bat,0.0
mean,2025,42,162,ES1 2 bat,0.0
mean,2025,42,163,ES1 2 bat,0.0
mean,2025,42,164,ES1 2 bat,0.0
mean,2025,42,165,ES1 2 bat,0.0
mean,2025,42,166,ES1 2 bat,0.0
mean,2025,42,167,ES1 2 bat,0.0
mean,2025,52,0,ES1 2 bat,0.0
mean,2025,52,1,ES1 2 bat,0.0
mean,2025,52,2,ES1 2 bat,0.0
mean,2025,52,3,ES1 2 bat,0.0
mean,2025,52,4,ES1 2 bat,0.0
mean,2025,52,5,ES1 2 bat,0.0
mean,2025,52,6,ES1 2 bat,0.0
mean,2025,52,7,ES1 2 bat,0.0
mean,2025,52,8,ES1 2 bat,0.0
mean,2025,52,9,ES1 2 bat,0.0
mean,2025,52,10,ES1 2 bat,0.0
mean,2025,52,11,ES1 2 bat,0.0
mean,2025,52,12,ES1 2 bat,0.0
mean,2025,52,13,ES1 2 bat,0.0
mean,2025,52,14,ES1 2 bat,0.0
mean,2025,52,15,ES1 2 bat,0.0
mean,2025,52,16,ES1 2 bat,0.0
mean,2025,52,17,ES1 2 bat,0.0
mean,2025,52,18,ES1 2 bat,0.0
mean,2025,52,19,ES1 2 bat,0.0
mean,2025,52,20,ES1 2 bat,0.0
mean,2025,52,21,ES1 2 bat,0.0
mean,2025,52,22,ES1 2 bat,0.0
mean,2025,52,23,ES1 2 bat,0.0
mean,2025,52,24,ES1 2 bat,0.0
mean,2025,52,25,ES1 2 bat,0.0
mean,2025,52,26,ES1 2 bat,0.0
mean,2025,52,27,ES1 2 bat,0.0
mean,2025,52,28,ES1 2 bat,0.0
mean,2025,52,29,ES1 2 bat,0.0
mean,2025,52,30,ES1 2 bat,0.0
mean,2025,52,31,ES1 2 bat,0.0
mean,2025,52,32,ES1 2 bat,0.0
mean,2025,52,33,ES1 2 bat,0.0
mean,2025,52,34,ES1 2 bat,0.0
mean,2025,52,35,ES1 2 bat,0.0
mean,2025,52,36,ES1 2 bat,0.0
mean,2025,52,37,ES1 2 bat,0.0
mean,2025,52,38,ES1 2 bat,0.0
mean,2025,52,39,ES1 2 bat,0.0
mean,2025,52,40,ES1 2 bat,0.0
mean,2025,52,41,ES1 2 bat,0.0
mean,2025,52,42,ES1 2 bat,0.0
mean,2025,52,43,ES1 2 bat,0.0
mean,2025,52,44,ES1 2 bat,0.0
mean,2025,52,45,ES1 2 bat,0.0
mean,2025,52,46,ES1 2 bat,0.0
mean,2025,52,47,ES1 2 bat,0.0
mean,2025,52,48,ES1 2 bat,0.0
mean,2025,52,49,ES1 2 bat,0.0
mean,2025,52,50,ES1 2 bat,0.0
mean,2025,52,51,ES1 2 bat,0.0
mean,2025,52,52,ES1 2 bat,0.0
mean,2025,52,53,ES1 2 bat,0.0
mean,2025,52,54,ES1 2 bat,0.0
mean,2025,52,55,ES1 2 bat,0.0
mean,2025,52,56,ES1 2 bat,0.0
mean,2025,52,57,ES1 2 bat,0.0
mean,2025,52,58,ES1 2 bat,0.0
mean,2025,52,59,ES1 2 bat,0.0
mean,2025,52,60,ES1 2 bat,0.0
mean,2025,52,61,ES1 2 bat,0.0
mean,2025,52,62,ES1 2 bat,0.0
mean,2025,52,63,ES1 2 bat,0.0
mean,2025,52,64,ES1 2 bat,0.0
mean,2025,52,65,ES1 2 bat,0.0
mean,2025,52,66,ES1 2 bat,0.0
mean,2025,52,67,ES1 2 bat,0.0
mean,2025,52,68,ES1 2 bat,0.0
mean,2025,52,69,ES1 2 bat,0.0
mean,2025,52,70,ES1 2 bat,0.0
mean,2025,52,71,ES1 2 bat,0.0
mean,2025,52,72,ES1 2 bat,0.0
mean,2025,52,73,ES1 2 bat,0.0
mean,2025,52,74,ES1 2 bat,0.0
mean,2025,52,75,ES1 2 bat,0.0
mean,2025,52,76,ES1 2 bat,0.0
mean,2025,52,77,ES1 2 bat,0.0
mean,2025,52,78,ES1 2 bat,0.0
mean,2025,52,79,ES1 2 bat,0.0
mean,2025,52,80,ES1 2 bat,0.0
mean,2025,52,81,ES1 2 bat,0.0
mean,2025,52,82,ES1 2 bat,0.0
mean,2025,52,83,ES1 2 bat,0.0
mean,2025,52,84,ES1 2 bat,0.0
mean,2025,52,85,ES1 2 bat,0.0
mean,2025,52,86,ES1 2 bat,0.0
mean,2025,52,87,ES1 2 bat,0.0
mean,2025,52,88,ES1 2 bat,0.0
mean,2025,52,89,ES1 2 bat,0.0
mean,2025,52,90,ES1 2 bat,0.0
mean,2025,52,91,ES1 2 bat,0.0
mean,2025,52,92,ES1 2 bat,0.0
mean,2025,52,93,ES1 2 bat,0.0
mean,2025,52,94,ES1 2 bat,0.0
mean,2025,52,95,ES1 2 bat,0.0
mean,2025,52,96,ES1 2 bat,0.0
mean,2025,52,97,ES1 2 bat,0.0
mean,2025,52,98,ES1 2 bat,0.0
mean,2025,52,99,ES1 2 bat,0.0
mean,2025,52,100,ES1 2 bat,0.0
mean,2025,52,101,ES1 2 bat,0.0
mean,2025,52,102,ES1 2 bat,0.0
mean,2025,52,103,ES1 2 bat,0.0
mean,2025,52,104,ES1 2 bat,0.0
mean,2025,52,105,ES1 2 bat,0.0
mean,2025,52,106,ES1 2 bat,0.0
mean,2025,52,107,ES1 2 bat,0.0
mean,2025,52,108,ES1 2 bat,0.0
mean,2025,52,109,ES1 2 bat,0.0
mean,2025,52,110,ES1 2 bat,0.0
mean,2025,52,111,ES1 2 bat,0.0
mean,2025,52,112,ES1 2 bat,0.0
mean,2025,52,113,ES1 2 bat,0.0
mean,2025,52,114,ES1 2 bat,0.0
mean,2025,52,115,ES1 2 bat,0.0
mean,2025,52,116,ES1 2 bat,0.0
mean,2025,52,117,ES1 2 bat,0.0
mean,2025,52,118,ES1 2 bat,0.0
mean,2025,52,119,ES1 2 bat,0.0
mean,2025,52,120,ES1 2 bat,0.0
mean,2025,52,121,ES1 2 bat,0.0
mean,2025,52,122,ES1 2 bat,0.0
mean,2025,52,123,ES1 2 bat,0.0
mean,2025,52,124,ES1 2 bat,0.0
mean,2025,52,125,ES1 2 bat,0.0
mean,2025,52,126,ES1 2 bat,0.0
mean,2025,52,127,ES1 2 bat,0.0
mean,2025,52,128,ES1 2 bat,0.0
mean,2025,52,129,ES1 2 bat,0.0
mean,2025,52,130,ES1 2 bat,0.0
mean,2025,52,131,ES1 2 bat,0.0
mean,2025,52,132,ES1 2 bat,0.0
mean,2025,52,133,ES1 2 bat,0.0
mean,2025,52,134,ES1 2 bat,0.0
mean,2025,52,135,ES1 2 bat,0.0
mean,2025,52,136,ES1 2 bat,0.0
mean,2025,52,137,ES1 2 bat,0.0
mean,2025,52,138,ES1 2 bat,0.0
mean,2025,52,139,ES1 2 bat,0.0
mean,2025,52,140,ES1 2 bat,0.0
mean,2025,52,141,ES1 2 bat,0.0
mean,2025,52,142,ES1 2 bat,0.0
mean,2025,52,143,ES1 2 bat,0.0
mean,2025,52,144,ES1 2 bat,0.0
mean,2025,52,145,ES1 2 bat,0.0
mean,2025,52,146,ES1 2 bat,0.0
mean,2025,52,147,ES1 2 bat,0.0
mean,2025,52,148,ES1 2 bat,0.0
mean,2025,52,149,ES1 2 bat,0.0
mean,2025,52,150,ES1 2 bat,0.0
mean,2025,52,151,ES1 2 bat,0.0
mean,2025,52,152,ES1 2 bat,0.0
mean,2025,52,153,ES1 2 bat,0.0
mean,2025,52,154,ES1 2 bat,0.0
mean,2025,52,155,ES1 2 bat,0.0
mean,2025,52,156,ES1 2 bat,0.0
mean,2025,52,157,ES1 2 bat,0.0
mean,2025,52,158,ES1 2 bat,0.0
mean,2025,52,159,ES1 2 bat,0.0
mean,2025,52,160,ES1 2 bat,0.0
mean,2025,52,161,ES1 2 bat,0.0
mean,2025,52,162,ES1 2 bat,0.0
mean,2025,52,163,ES1 2 bat,0.0
mean,2025,52,164,ES1 2 bat,0.0
mean,2025,52,165,ES1 2 bat,0.0
mean,2025,52,166,ES1 2 bat,0.0
mean,2025,52,167,ES1 2 bat,0.0
mean,2030,11,0,ES1 2 bat,0.0
mean,2030,11,1,ES1 2 bat,0.0
mean,2030,11,2,ES1 2 bat,0.0
mean,2030,11,3,ES1 2 bat,0.0
mean,2030,11,4,ES1 2 bat,0.0
mean,2030,11,5,ES1 2 bat,0.0
mean,2030,11,6,ES1 2 bat,0.0
mean,2030,11,7,ES1 2 bat,0.0
mean,2030,11,8,ES1 2 bat,0.0
mean,2030,11,9,ES1 2 bat,0.0
mean,2030,11,10,ES1 2 bat,0.0
mean,2030,11,11,ES1 2 bat,0.0
mean,2030,11,12,ES1 2 bat,0.0
mean,2030,11,13,ES1 2 bat,0.0
mean,2030,11,14,ES1 2 bat,0.0
mean,2030,11,15,ES1 2 bat,0.0
mean,2030,11,16,ES1 2 bat,0.0
mean,2030,11,17,ES1 2 bat,0.0
mean,2030,11,18,ES1 2 bat,0.0
mean,2030,11,19,ES1 2 bat,0.0
mean,2030,11,20,ES1 2 bat,0.0
mean,2030,11,21,ES1 2 bat,0.0
mean,2030,11,22,ES1 2 bat,0.0
mean,2030,11,23,ES1 2 bat,0.0
mean,2030,11,24,ES1 2 bat,0.0
mean,2030,11,25,ES1 2 bat,0.0
mean,2030,11,26,ES1 2 bat,0.0
mean,2030,11,27,ES1 2 bat,0.0
mean,2030,11,28,ES1 2 bat,0.0
mean,2030,11,29,ES1 2 bat,0.0
mean,2030,11,30,ES1 2 bat,0.0
mean,2030,11,31,ES1 2 bat,0.0
mean,2030,11,32,ES1 2 bat,0.0
mean,2030,11,33,ES1 2 bat,0.0
mean,2030,11,34,ES1 2 bat,0.0
mean,2030,11,35,ES1 2 bat,0.0
mean,2030,11,36,ES1 2 bat,0.0
mean,2030,11,37,ES1 2 bat,0.0
mean,2030,11,38,ES1 2 bat,0.0
mean,2030,11,39,ES1 2 bat,0.0
mean,2030,11,40,ES1 2 bat,0.0
mean,2030,11,41,ES1 2 bat,0.0
mean,2030,11,42,ES1 2 bat,0.0
mean,2030,11,43,ES1 2 bat,0.0
mean,2030,11,44,ES1 2 bat,0.0
mean,2030,11,45,ES1 2 bat,0.0
mean,2030,11,46,ES1 2 bat,0.0
mean,2030,11,47,ES1 2 bat,0.0
mean,2030,11,48,ES1 2 bat,0.0
mean,2030,11,49,ES1 2 bat,0.0
mean,2030,11,50,ES1 2 bat,0.0
mean,2030,11,51,ES1 2 bat,0.0
mean,2030,11,52,ES1 2 bat,0.0
mean,2030,11,53,ES1 2 bat,0.0
mean,2030,11,54,ES1 2 bat,0.0
mean,2030,11,55,ES1 2 bat,0.0
mean,2030,11,56,ES1 2 bat,0.0
mean,2030,11,57,ES1 2 bat,0.0
mean,2030,11,58,ES1 2 bat,0.0
mean,2030,11,59,ES1 2 bat,0.0
mean,2030,11,60,ES1 2 bat,0.0
mean,2030,11,61,ES1 2 bat,0.0
mean,2030,11,62,ES1 2 bat,0.0
mean,2030,11,63,ES1 2 bat,0.0
mean,2030,11,64,ES1 2 bat,0.0
mean,2030,11,65,ES1 2 bat,0.0
mean,2030,11,66,ES1 2 bat,0.0
mean,2030,11,67,ES1 2 bat,0.0
mean,2030,11,68,ES1 2 bat,0.0
mean,2030,11,69,ES1 2 bat,0.0
mean,2030,11,70,ES1 2 bat,0.0
mean,2030,11,71,ES1 2 bat,0.0
mean,2030,11,72,ES1 2 bat,0.0
mean,2030,11,73,ES1 2 bat,0.0
mean,2030,11,74,ES1 2 bat,0.0
mean,2030,11,75,ES1 2 bat,0.0
mean,2030,11,76,ES1 2 bat,0.0
mean,2030,11,77,ES1 2 bat,0.0
mean,2030,11,78,ES1 2 bat,0.0
mean,2030,11,79,ES1 2 bat,0.0
mean,2030,11,80,ES1 2 bat,0.0
mean,2030,11,81,ES1 2 bat,0.0
mean,2030,11,82,ES1 2 bat,0.0
mean,2030,11,83,ES1 2 bat,0.0
mean,2030,11,84,ES1 2 bat,0.0
mean,2030,11,85,ES1 2 bat,0.0
mean,2030,11,86,ES1 2 bat,0.0
mean,2030,11,87,ES1 2 bat,0.0
mean,2030,11,88,ES1 2 bat,0.0
mean,2030,11,89,ES1 2 bat,0.0
mean,2030,11,90,ES1 2 bat,0.0
mean,2030,11,91,ES1 2 bat,0.0
mean,2030,11,92,ES1 2 bat,0.0
mean,2030,11,93,ES1 2 bat,0.0
mean,2030,11,94,ES1 2 bat,0.0
mean,2030,11,95,ES1 2 bat,0.0
mean,2030,11,96,ES1 2 bat,0.0
mean,2030,11,97,ES1 2 bat,0.0
mean,2030,11,98,ES1 2 bat,0.0
mean,2030,11,99,ES1 2 bat,0.0
mean,2030,11,100,ES1 2 bat,0.0
mean,2030,11,101,ES1 2 bat,0.0
mean,2030,11,102,ES1 2 bat,0.0
mean,2030,11,103,ES1 2 bat,0.0
mean,2030,11,104,ES1 2 bat,0.0
mean,2030,11,105,ES1 2 bat,0.0
mean,2030,11,106,ES1 2 bat,0.0
mean,2030,11,107,ES1 2 bat,0.0
mean,2030,11,108,ES1 2 bat,0.0
mean,2030,11,109,ES1 2 bat,0.0
mean,2030,11,110,ES1 2 bat,0.0
mean,2030,11,111,ES1 2 bat,0.0
mean,2030,11,112,ES1 2 bat,0.0
mean,2030,11,113,ES1 2 bat,0.0
mean,2030,11,114,ES1 2 bat,0.0
mean,2030,11,115,ES1 2 bat,0.0
mean,2030,11,116,ES1 2 bat,0.0
mean,2030,11,117,ES1 2 bat,0.0
mean,2030,11,118,ES1 2 bat,0.0
mean,2030,11,119,ES1 2 bat,0.0
mean,2030,11,120,ES1 2 bat,0.0
mean,2030,11,121,ES1 2 bat,0.0
mean,2030,11,122,ES1 2 bat,0.0
mean,2030,11,123,ES1 2 bat,0.0
mean,2030,11,124,ES1 2 bat,0.0
mean,2030,11,125,ES1 2 bat,0.0
mean,2030,11,126,ES1 2 bat,0.0
mean,2030,11,127,ES1 2 bat,0.0
mean,2030,11,128,ES1 2 bat,0.0
mean,2030,11,129,ES1 2 bat,0.0
mean,2030,11,130,ES1 2 bat,0.0
mean,2030,11,131,ES1 2 bat,0.0
mean,2030,11,132,ES1 2 bat,0.0
mean,2030,11,133,ES1 2 bat,0.0
mean,2030,11,134,ES1 2 bat,0.0
mean,2030,11,135,ES1 2 bat,0.0
mean,2030,11,136,ES1 2 bat,0.0
mean,2030,11,137,ES1 2 bat,0.0
mean,2030,11,138,ES1 2 bat,0.0
mean,2030,11,139,ES1 2 bat,0.0
mean,2030,11,140,ES1 2 bat,0.0
mean,2030,11,141,ES1 2 bat,0.0
mean,2030,11,142,ES1 2 bat,0.0
mean,2030,11,143,ES1 2 bat,0.0
mean,2030,11,144,ES1 2 bat,0.0
mean,2030,11,145,ES1 2 bat,0.0
mean,2030,11,146,ES1 2 bat,0.0
mean,2030,11,147,ES1 2 bat,0.0
mean,2030,11,148,ES1 2 bat,0.0
mean,2030,11,149,ES1 2 bat,0.0
mean,2030,11,150,ES1 2 bat,0.0
mean,2030,11,151,ES1 2 bat,0.0
mean,2030,11,152,ES1 2 bat,0.0
mean,2030,11,153,ES1 2 bat,0.0
mean,2030,11,154,ES1 2 bat,0.0
mean,2030,11,155,ES1 2 bat,0.0
mean,2030,11,156,ES1 2 bat,0.0
mean,2030,11,157,ES1 2 bat,0.0
mean,2030,11,158,ES1 2 bat,0.0
mean,2030,11,159,ES1 2 bat,0.0
mean,2030,11,160,ES1 2 bat,0.0
mean,2030,11,161,ES1 2 bat,0.0
mean,2030,11,162,ES1 2 bat,0.0
mean,2030,11,163,ES1 2 bat,0.0
mean,2030,11,164,ES1 2 bat,0.0
mean,2030,11,165,ES1 2 bat,0.0
mean,2030,11,166,ES1 2 bat,0.0
mean,2030,11,167,ES1 2 bat,0.0
mean,2030,21,0,ES1 2 bat,0.0
mean,2030,21,1,ES1 2 bat,0.0
mean,2030,21,2,ES1 2 bat,0.0
mean,2030,21,3,ES1 2 bat,0.0
mean,2030,21,4,ES1 2 bat,0.0
mean,2030,21,5,ES1 2 bat,0.0
mean,2030,21,6,ES1 2 bat,0.0
mean,2030,21,7,ES1 2 bat,0.0
mean,2030,21,8,ES1 2 bat,0.0
mean,2030,21,9,ES1 2 bat,0.0
mean,2030,21,10,ES1 2 bat,0.0
mean,2030,21,11,ES1 2 bat,0.0
mean,2030,21,12,ES1 2 bat,0.0
mean,2030,21,13,ES1 2 bat,0.0
mean,2030,21,14,ES1 2 bat,0.0
mean,2030,21,15,ES1 2 bat,0.0
mean,2030,21,16,ES1 2 bat,0.0
mean,2030,21,17,ES1 2 bat,0.0
mean,2030,21,18,ES1 2 bat,0.0
mean,2030,21,19,ES1 2 bat,0.0
mean,2030,21,20,ES1 2 bat,0.0
mean,2030,21,21,ES1 2 bat,0.0
mean,2030,21,22,ES1 2 bat,0.0
mean,2030,21,23,ES1 2 bat,0.0
mean,2030,21,24,ES1 2 bat,0.0
mean,2030,21,25,ES1 2 bat,0.0
mean,2030,21,26,ES1 2 bat,0.0
mean,2030,21,27,ES1 2 bat,0.0
mean,2030,21,28,ES1 2 bat,0.0
mean,2030,21,29,ES1 2 bat,0.0
mean,2030,21,30,ES1 2 bat,0.0
mean,2030,21,31,ES1 2 bat,0.0
mean,2030,21,32,ES1 2 bat,0.0
mean,2030,21,33,ES1 2 bat,0.0
mean,2030,21,34,ES1 2 bat,0.0
mean,2030,21,35,ES1 2 bat,0.0
mean,2030,21,36,ES1 2 bat,0.0
mean,2030,21,37,ES1 2 bat,0.0
mean,2030,21,38,ES1 2 bat,0.0
mean,2030,21,39,ES1 2 bat,0.0
mean,2030,21,40,ES1 2 bat,0.0
mean,2030,21,41,ES1 2 bat,0.0
mean,2030,21,42,ES1 2 bat,0.0
mean,2030,21,43,ES1 2 bat,0.0
mean,2030,21,44,ES1 2 bat,0.0
mean,2030,21,45,ES1 2 bat,0.0
mean,2030,21,46,ES1 2 bat,0.0
mean,2030,21,47,ES1 2 bat,0.0
mean,2030,21,48,ES1 2 bat,0.0
mean,2030,21,49,ES1 2 bat,0.0
mean,2030,21,50,ES1 2 bat,0.0
mean,2030,21,51,ES1 2 bat,0.0
mean,2030,21,52,ES1 2 bat,0.0
mean,2030,21,53,ES1 2 bat,0.0
mean,2030,21,54,ES1 2 bat,0.0
mean,2030,21,55,ES1 2 bat,0.0
mean,2030,21,56,ES1 2 bat,0.0
mean,2030,21,57,ES1 2 bat,0.0
mean,2030,21,58,ES1 2 bat,0.0
mean,2030,21,59,ES1 2 bat,0.0
mean,2030,21,60,ES1 2 bat,0.0
mean,2030,21,61,ES1 2 bat,0.0
mean,2030,21,62,ES1 2 bat,0.0
mean,2030,21,63,ES1 2 bat,0.0
mean,2030,21,64,ES1 2 bat,0.0
mean,2030,21,65,ES1 2 bat,0.0
mean,2030,21,66,ES1 2 bat,0.0
mean,2030,21,67,ES1 2 bat,0.0
mean,2030,21,68,ES1 2 bat,0.0
mean,2030,21,69,ES1 2 bat,0.0
mean,2030,21,70,ES1 2 bat,0.0
mean,2030,21,71,ES1 2 bat,0.0
mean,2030,21,72,ES1 2 bat,0.0
mean,2030,21,73,ES1 2 bat,0.0
mean,2030,21,74,ES1 2 bat,0.0
mean,2030,21,75,ES1 2 bat,0.0
mean,2030,21,76,ES1 2 bat,0.0
mean,2030,21,77,ES1 2 bat,0.0
mean,2030,21,78,ES1 2 bat,0.0
mean,2030,21,79,ES1 2 bat,0.0
mean,2030,21,80,ES1 2 bat,0.0
mean,2030,21,81,ES1 2 bat,0.0
mean,2030,21,82,ES1 2 bat,0.0
mean,2030,21,83,ES1 2 bat,0.0
mean,2030,21,84,ES1 2 bat,0.0
mean,2030,21,85,ES1 2 bat,0.0
mean,2030,21,86,ES1 2 bat,0.0
mean,2030,21,87,ES1 2 bat,0.0
mean,2030,21,88,ES1 2 bat,0.0
mean,2030,21,89,ES1 2 bat,0.0
mean,2030,21,90,ES1 2 bat,0.0
mean,2030,21,91,ES1 2 bat,0.0
mean,2030,21,92,ES1 2 bat,0.0
mean,2030,21,93,ES1 2 bat,0.0
mean,2030,21,94,ES1 2 bat,0.0
mean,2030,21,95,ES1 2 bat,0.0
mean,2030,21,96,ES1 2 bat,0.0
mean,2030,21,97,ES1 2 bat,0.0
mean,2030,21,98,ES1 2 bat,0.0
mean,2030,21,99,ES1 2 bat,0.0
mean,2030,21,100,ES1 2 bat,0.0
mean,2030,21,101,ES1 2 bat,0.0
mean,2030,21,102,ES1 2 bat,0.0
mean,2030,21,103,ES1 2 bat,0.0
mean,2030,21,104,ES1 2 bat,0.0
mean,2030,21,105,ES1 2 bat,0.0
mean,2030,21,106,ES1 2 bat,0.0
mean,2030,21,107,ES1 2 bat,0.0
mean,2030,21,108,ES1 2 bat,0.0
mean,2030,21,109,ES1 2 bat,0.0
mean,2030,21,110,ES1 2 bat,0.0
mean,2030,21,111,ES1 2 bat,0.0
mean,2030,21,112,ES1 2 bat,0.0
mean,2030,21,113,ES1 2 bat,0.0
mean,2030,21,114,ES1 2 bat,0.0
mean,2030,21,115,ES1 2 bat,0.0
mean,2030,21,116,ES1 2 bat,0.0
mean,2030,21,117,ES1 2 bat,0.0
mean,2030,21,118,ES1 2 bat,0.0
mean,2030,21,119,ES1 2 bat,0.0
mean,2030,21,120,ES1 2 bat,0.0
mean,2030,21,121,ES1 2 bat,0.0
mean,2030,21,122,ES1 2 bat,0.0
mean,2030,21,123,ES1 2 bat,0.0
mean,2030,21,124,ES1 2 bat,0.0
mean,2030,21,125,ES1 2 bat,0.0
mean,2030,21,126,ES1 2 bat,0.0
mean,2030,21,127,ES1 2 bat,0.0
mean,2030,21,128,ES1 2 bat,0.0
mean,2030,21,129,ES1 2 bat,0.0
mean,2030,21,130,ES1 2 bat,0.0
mean,2030,21,131,ES1 2 bat,0.0
mean,2030,21,132,ES1 2 bat,0.0
mean,2030,21,133,ES1 2 bat,0.0
mean,2030,21,134,ES1 2 bat,0.0
mean,2030,21,135,ES1 2 bat,0.0
mean,2030,21,136,ES1 2 bat,0.0
mean,2030,21,137,ES1 2 bat,0.0
mean,2030,21,138,ES1 2 bat,0.0
mean,2030,21,139,ES1 2 bat,0.0
mean,2030,21,140,ES1 2 bat,0.0
mean,2030,21,141,ES1 2 bat,0.0
mean,2030,21,142,ES1 2 bat,0.0
mean,2030,21,143,ES1 2 bat,0.0
mean,2030,21,144,ES1 2 bat,0.0
mean,2030,21,145,ES1 2 bat,0.0
mean,2030,21,146,ES1 2 bat,0.0
mean,2030,21,147,ES1 2 bat,0.0
mean,2030,21,148,ES1 2 bat,0.0
mean,2030,21,149,ES1 2 bat,0.0
mean,2030,21,150,ES1 2 bat,0.0
mean,2030,21,151,ES1 2 bat,0.0
mean,2030,21,152,ES1 2 bat,0.0
mean,2030,21,153,ES1 2 bat,0.0
mean,2030,21,154,ES1 2 bat,0.0
mean,2030,21,155,ES1 2 bat,0.0
mean,2030,21,156,ES1 2 bat,0.0
mean,2030,21,157,ES1 2 bat,0.0
mean,2030,21,158,ES1 2 bat,0.0
mean,2030,21,159,ES1 2 bat,0.0
mean,2030,21,160,ES1 2 bat,0.0
mean,2030,21,161,ES1 2 bat,0.0
mean,2030,21,162,ES1 2 bat,0.0
mean,2030,21,163,ES1 2 bat,0.0
mean,2030,21,164,ES1 2 bat,0.0
mean,2030,21,165,ES1 2 bat,0.0
mean,2030,21,166,ES1 2 bat,0.0
mean,2030,21,167,ES1 2 bat,0.0
mean,2030,42,0,ES1 2 bat,0.0
mean,2030,42,1,ES1 2 bat,0.0
mean,2030,42,2,ES1 2 bat,0.0
mean,2030,42,3,ES1 2 bat,0.0
mean,2030,42,4,ES1 2 bat,0.0
mean,2030,42,5,ES1 2 bat,0.0
mean,2030,42,6,ES1 2 bat,0.0
mean,2030,42,7,ES1 2 bat,0.0
mean,2030,42,8,ES1 2 bat,0.0
mean,2030,42,9,ES1 2 bat,0.0
mean,2030,42,10,ES1 2 bat,0.0
mean,2030,42,11,ES1 2 bat,0.0
mean,2030,42,12,ES1 2 bat,0.0
mean,2030,42,13,ES1 2 bat,0.0
mean,2030,42,14,ES1 2 bat,0.0
mean,2030,42,15,ES1 2 bat,0.0
mean,2030,42,16,ES1 2 bat,0.0
mean,2030,42,17,ES1 2 bat,0.0
mean,2030,42,18,ES1 2 bat,0.0
mean,2030,42,19,ES1 2 bat,0.0
mean,2030,42,20,ES1 2 bat,0.0
mean,2030,42,21,ES1 2 bat,0.0
mean,2030,42,22,ES1 2 bat,0.0
mean,2030,42,23,ES1 2 bat,0.0
mean,2030,42,24,ES1 2 bat,0.0
mean,2030,42,25,ES1 2 bat,0.0
mean,2030,42,26,ES1 2 bat,0.0
mean,2030,42,27,ES1 2 bat,0.0
mean,2030,42,28,ES1 2 bat,0.0
mean,2030,42,29,ES1 2 bat,0.0
mean,2030,42,30,ES1 2 bat,0.0
mean,2030,42,31,ES1 2 bat,0.0
mean,2030,42,32,ES1 2 bat,0.0
mean,2030,42,33,ES1 2 bat,0.0
mean,2030,42,34,ES1 2 bat,0.0
mean,2030,42,35,ES1 2 bat,0.0
mean,2030,42,36,ES1 2 bat,0.0
mean,2030,42,37,ES1 2 bat,0.0
mean,2030,42,38,ES1 2 bat,0.0
mean,2030,42,39,ES1 2 bat,0.0
mean,2030,42,40,ES1 2 bat,0.0
mean,2030,42,41,ES1 2 bat,0.0
mean,2030,42,42,ES1 2 bat,0.0
mean,2030,42,43,ES1 2 bat,0.0
mean,2030,42,44,ES1 2 bat,0.0
mean,2030,42,45,ES1 2 bat,0.0
mean,2030,42,46,ES1 2 bat,0.0
mean,2030,42,47,ES1 2 bat,0.0
mean,2030,42,48,ES1 2 bat,0.0
mean,2030,42,49,ES1 2 bat,0.0
mean,2030,42,50,ES1 2 bat,0.0
mean,2030,42,51,ES1 2 bat,0.0
mean,2030,42,52,ES1 2 bat,0.0
mean,2030,42,53,ES1 2 bat,0.0
mean,2030,42,54,ES1 2 bat,0.0
mean,2030,42,55,ES1 2 bat,0.0
mean,2030,42,56,ES1 2 bat,0.0
mean,2030,42,57,ES1 2 bat,0.0
mean,2030,42,58,ES1 2 bat,0.0
mean,2030,42,59,ES1 2 bat,0.0
mean,2030,42,60,ES1 2 bat,0.0
mean,2030,42,61,ES1 2 bat,0.0
mean,2030,42,62,ES1 2 bat,0.0
mean,2030,42,63,ES1 2 bat,0.0
mean,2030,42,64,ES1 2 bat,0.0
mean,2030,42,65,ES1 2 bat,0.0
mean,2030,42,66,ES1 2 bat,0.0
mean,2030,42,67,ES1 2 bat,0.0
mean,2030,42,68,ES1 2 bat,0.0
mean,2030,42,69,ES1 2 bat,0.0
mean,2030,42,70,ES1 2 bat,0.0
mean,2030,42,71,ES1 2 bat,0.0
mean,2030,42,72,ES1 2 bat,0.0
mean,2030,42,73,ES1 2 bat,0.0
mean,2030,42,74,ES1 2 bat,0.0
mean,2030,42,75,ES1 2 bat,0.0
mean,2030,42,76,ES1 2 bat,0.0
mean,2030,42,77,ES1 2 bat,0.0
mean,2030,42,78,ES1 2 bat,0.0
mean,2030,42,79,ES1 2 bat,0.0
mean,2030,42,80,ES1 2 bat,0.0
mean,2030,42,81,ES1 2 bat,0.0
mean,2030,42,82,ES1 2 bat,0.0
mean,2030,42,83,ES1 2 bat,0.0
mean,2030,42,84,ES1 2 bat,0.0
mean,2030,42,85,ES1 2 bat,0.0
mean,2030,42,86,ES1 2 bat,0.0
mean,2030,42,87,ES1 2 bat,0.0
mean,2030,42,88,ES1 2 bat,0.0
mean,2030,42,89,ES1 2 bat,0.0
mean,2030,42,90,ES1 2 bat,0.0
mean,2030,42,91,ES1 2 bat,0.0
mean,2030,42,92,ES1 2 bat,0.0
mean,2030,42,93,ES1 2 bat,0.0
mean,2030,42,94,ES1 2 bat,0.0
mean,2030,42,95,ES1 2 bat,0.0
mean,2030,42,96,ES1 2 bat,0.0
mean,2030,42,97,ES1 2 bat,0.0
mean,2030,42,98,ES1 2 bat,0.0
mean,2030,42,99,ES1 2 bat,0.0
mean,2030,42,100,ES1 2 bat,0.0
mean,2030,42,101,ES1 2 bat,0.0
mean,2030,42,102,ES1 2 bat,0.0
mean,2030,42,103,ES1 2 bat,0.0
mean,2030,42,104,ES1 2 bat,0.0
mean,2030,42,105,ES1 2 bat,0.0
mean,2030,42,106,ES1 2 bat,0.0
mean,2030,42,107,ES1 2 bat,0.0
mean,2030,42,108,ES1 2 bat,0.0
mean,2030,42,109,ES1 2 bat,0.0
mean,2030,42,110,ES1 2 bat,0.0
mean,2030,42,111,ES1 2 bat,0.0
mean,2030,42,112,ES1 2 bat,0.0
mean,2030,42,113,ES1 2 bat,0.0
mean,2030,42,114,ES1 2 bat,0.0
mean,2030,42,115,ES1 2 bat,0.0
mean,2030,42,116,ES1 2 bat,0.0
mean,2030,42,117,ES1 2 bat,0.0
mean,2030,42,118,ES1 2 bat,0.0
mean,2030,42,119,ES1 2 bat,0.0
mean,2030,42,120,ES1 2 bat,0.0
mean,2030,42,121,ES1 2 bat,0.0
mean,2030,42,122,ES1 2 bat,0.0
mean,2030,42,123,ES1 2 bat,0.0
mean,2030,42,124,ES1 2 bat,0.0
mean,2030,42,125,ES1 2 bat,0.0
mean,2030,42,126,ES1 2 bat,0.0
mean,2030,42,127,ES1 2 bat,0.0
mean,2030,42,128,ES1 2 bat,0.0
mean,2030,42,129,ES1 2 bat,0.0
mean,2030,42,130,ES1 2 bat,0.0
mean,2030,42,131,ES1 2 bat,0.0
mean,2030,42,132,ES1 2 bat,0.0
mean,2030,42,133,ES1 2 bat,0.0
mean,2030,42,134,ES1 2 bat,0.0
mean,2030,42,135,ES1 2 bat,0.0
mean,2030,42,136,ES1 2 bat,0.0
mean,2030,42,137,ES1 2 bat,0.0
mean,2030,42,138,ES1 2 bat,0.0
mean,2030,42,139,ES1 2 bat,0.0
mean,2030,42,140,ES1 2 bat,0.0
mean,2030,42,141,ES1 2 bat,0.0
mean,2030,42,142,ES1 2 bat,0.0
mean,2030,42,143,ES1 2 bat,0.0
mean,2030,42,144,ES1 2 bat,0.0
mean,2030,42,145,ES1 2 bat,0.0
mean,2030,42,146,ES1 2 bat,0.0
mean,2030,42,147,ES1 2 bat,0.0
mean,2030,42,148,ES1 2 bat,0.0
mean,2030,42,149,ES1 2 bat,0.0
mean,2030,42,150,ES1 2 bat,0.0
mean,2030,42,151,ES1 2 bat,0.0
mean,2030,42,152,ES1 2 bat,0.0
mean,2030,42,153,ES1 2 bat,0.0
mean,2030,42,154,ES1 2 bat,0.0
mean,2030,42,155,ES1 2 bat,0.0
mean,2030,42,156,ES1 2 bat,0.0
mean,2030,42,157,ES1 2 bat,0.0
mean,2030,42,158,ES1 2 bat,0.0
mean,2030,42,159,ES1 2 bat,0.0
mean,2030,42,160,ES1 2 bat,0.0
mean,2030,42,161,ES1 2 bat,0.0
mean,2030,42,162,ES1 2 bat,0.0
mean,2030,42,163,ES1 2 bat,0.0
mean,2030,42,164,ES1 2 bat,0.0
mean,2030,42,165,ES1 2 bat,0.0
mean,2030,42,166,ES1 2 bat,0.0
mean,2030,42,167,ES1 2 bat,0.0
mean,2030,52,0,ES1 2 bat,0.0
mean,2030,52,1,ES1 2 bat,0.0
mean,2030,52,2,ES1 2 bat,0.0
mean,2030,52,3,ES1 2 bat,0.0
mean,2030,52,4,ES1 2 bat,0.0
mean,2030,52,5,ES1 2 bat,0.0
mean,2030,52,6,ES1 2 bat,0.0
mean,2030,52,7,ES1 2 bat,0.0
mean,2030,52,8,ES1 2 bat,0.0
mean,2030,52,9,ES1 2 bat,0.0
mean,2030,52,10,ES1 2 bat,0.0
mean,2030,52,11,ES1 2 bat,0.0
mean,2030,52,12,ES1 2 bat,0.0
mean,2030,52,13,ES1 2 bat,0.0
mean,2030,52,14,ES1 2 bat,0.0
mean,2030,52,15,ES1 2 bat,0.0
mean,2030,52,16,ES1 2 bat,0.0
mean,2030,52,17,ES1 2 bat,0.0
mean,2030,52,18,ES1 2 bat,0.0
mean,2030,52,19,ES1 2 bat,0.0
mean,2030,52,20,ES1 2 bat,0.0
mean,2030,52,21,ES1 2 bat,0.0
mean,2030,52,22,ES1 2 bat,0.0
mean,2030,52,23,ES1 2 bat,0.0
mean,2030,52,24,ES1 2 bat,0.0
mean,2030,52,25,ES1 2 bat,0.0
mean,2030,52,26,ES1 2 bat,0.0
mean,2030,52,27,ES1 2 bat,0.0
mean,2030,52,28,ES1 2 bat,0.0
mean,2030,52,29,ES1 2 bat,0.0
mean,2030,52,30,ES1 2 bat,0.0
mean,2030,52,31,ES1 2 bat,0.0
mean,2030,52,32,ES1 2 bat,0.0
mean,2030,52,33,ES1 2 bat,0.0
mean,2030,52,34,ES1 2 bat,0.0
mean,2030,52,35,ES1 2 bat,0.0
mean,2030,52,36,ES1 2 bat,0.0
mean,2030,52,37,ES1 2 bat,0.0
mean,2030,52,38,ES1 2 bat,0.0
mean,2030,52,39,ES1 2 bat,0.0
mean,2030,52,40,ES1 2 bat,0.0
mean,2030,52,41,ES1 2 bat,0.0
mean,2030,52,42,ES1 2 bat,0.0
mean,2030,52,43,ES1 2 bat,0.0
mean,2030,52,44,ES1 2 bat,0.0
mean,2030,52,45,ES1 2 bat,0.0
mean,2030,52,46,ES1 2 bat,0.0
mean,2030,52,47,ES1 2 bat,0.0
mean,2030,52,48,ES1 2 bat,0.0
mean,2030,52,49,ES1 2 bat,0.0
mean,2030,52,50,ES1 2 bat,0.0
mean,2030,52,51,ES1 2 bat,0.0
mean,2030,52,52,ES1 2 bat,0.0
mean,2030,52,53,ES1 2 bat,0.0
mean,2030,52,54,ES1 2 bat,0.0
mean,2030,52,55,ES1 2 bat,0.0
mean,2030,52,56,ES1 2 bat,0.0
mean,2030,52,57,ES1 2 bat,0.0
mean,2030,52,58,ES1 2 bat,0.0
mean,2030,52,59,ES1 2 bat,0.0
mean,2030,52,60,ES1 2 bat,0.0
mean,2030,52,61,ES1 2 bat,0.0
mean,2030,52,62,ES1 2 bat,0.0
mean,2030,52,63,ES1 2 bat,0.0
mean,2030,52,64,ES1 2 bat,0.0
mean,2030,52,65,ES1 2 bat,0.0
mean,2030,52,66,ES1 2 bat,0.0
mean,2030,52,67,ES1 2 bat,0.0
mean,2030,52,68,ES1 2 bat,0.0
mean,2030,52,69,ES1 2 bat,0.0
mean,2030,52,70,ES1 2 bat,0.0
mean,2030,52,71,ES1 2 bat,0.0
mean,2030,52,72,ES1 2 bat,0.0
mean,2030,52,73,ES1 2 bat,0.0
mean,2030,52,74,ES1 2 bat,0.0
mean,2030,52,75,ES1 2 bat,0.0
mean,2030,52,76,ES1 2 bat,0.0
mean,2030,52,77,ES1 2 bat,0.0
mean,2030,52,78,ES1 2 bat,0.0
mean,2030,52,79,ES1 2 bat,0.0
mean,2030,52,80,ES1 2 bat,0.0
mean,2030,52,81,ES1 2 bat,0.0
mean,2030,52,82,ES1 2 bat,0.0
mean,2030,52,83,ES1 2 bat,0.0
mean,2030,52,84,ES1 2 bat,0.0
mean,2030,52,85,ES1 2 bat,0.0
mean,2030,52,86,ES1 2 bat,0.0
mean,2030,52,87,ES1 2 bat,0.0
mean,2030,52,88,ES1 2 bat,0.0
mean,2030,52,89,ES1 2 bat,0.0
mean,2030,52,90,ES1 2 bat,0.0
mean,2030,52,91,ES1 2 bat,0.0
mean,2030,52,92,ES1 2 bat,0.0
mean,2030,52,93,ES1 2 bat,0.0
mean,2030,52,94,ES1 2 bat,0.0
mean,2030,52,95,ES1 2 bat,0.0
mean,2030,52,96,ES1 2 bat,0.0
mean,2030,52,97,ES1 2 bat,0.0
mean,2030,52,98,ES1 2 bat,0.0
mean,2030,52,99,ES1 2 bat,0.0
mean,2030,52,100,ES1 2 bat,0.0
mean,2030,52,101,ES1 2 bat,0.0
mean,2030,52,102,ES1 2 bat,0.0
mean,2030,52,103,ES1 2 bat,0.0
mean,2030,52,104,ES1 2 bat,0.0
mean,2030,52,105,ES1 2 bat,0.0
mean,2030,52,106,ES1 2 bat,0.0
mean,2030,52,107,ES1 2 bat,0.0
mean,2030,52,108,ES1 2 bat,0.0
mean,2030,52,109,ES1 2 bat,0.0
mean,2030,52,110,ES1 2 bat,0.0
mean,2030,52,111,ES1 2 bat,0.0
mean,2030,52,112,ES1 2 bat,0.0
mean,2030,52,113,ES1 2 bat,0.0
mean,2030,52,114,ES1 2 bat,0.0
mean,2030,52,115,ES1 2 bat,0.0
mean,2030,52,116,ES1 2 bat,0.0
mean,2030,52,117,ES1 2 bat,0.0
mean,2030,52,118,ES1 2 bat,0.0
mean,2030,52,119,ES1 2 bat,0.0
mean,2030,52,120,ES1 2 bat,0.0
mean,2030,52,121,ES1 2 bat,0.0
mean,2030,52,122,ES1 2 bat,0.0
mean,2030,52,123,ES1 2 bat,0.0
mean,2030,52,124,ES1 2 bat,0.0
mean,2030,52,125,ES1 2 bat,0.0
mean,2030,52,126,ES1 2 bat,0.0
mean,2030,52,127,ES1 2 bat,0.0
mean,2030,52,128,ES1 2 bat,0.0
mean,2030,52,129,ES1 2 bat,0.0
mean,2030,52,130,ES1 2 bat,0.0
mean,2030,52,131,ES1 2 bat,0.0
mean,2030,52,132,ES1 2 bat,0.0
mean,2030,52,133,ES1 2 bat,0.0
mean,2030,52,134,ES1 2 bat,0.0
mean,2030,52,135,ES1 2 bat,0.0
mean,2030,52,136,ES1 2 bat,0.0
mean,2030,52,137,ES1 2 bat,0.0
mean,2030,52,138,ES1 2 bat,0.0
mean,2030,52,139,ES1 2 bat,0.0
mean,2030,52,140,ES1 2 bat,0.0
mean,2030,52,141,ES1 2 bat,0.0
mean,2030,52,142,ES1 2 bat,0.0
mean,2030,52,143,ES1 2 bat,0.0
mean,2030,52,144,ES1 2 bat,0.0
mean,2030,52,145,ES1 2 bat,0.0
mean,2030,52,146,ES1 2 bat,0.0
mean,2030,52,147,ES1 2 bat,0.0
mean,2030,52,148,ES1 2 bat,0.0
mean,2030,52,149,ES1 2 bat,0.0
mean,2030,52,150,ES1 2 bat,0.0
mean,2030,52,151,ES1 2 bat,0.0
mean,2030,52,152,ES1 2 bat,0.0
mean,2030,52,153,ES1 2 bat,0.0
mean,2030,52,154,ES1 2 bat,0.0
mean,2030,52,155,ES1 2 bat,0.0
mean,2030,52,156,ES1 2 bat,0.0
mean,2030,52,157,ES1 2 bat,0.0
mean,2030,52,158,ES1 2 bat,0.0
mean,2030,52,159,ES1 2 bat,0.0
mean,2030,52,160,ES1 2 bat,0.0
mean,2030,52,161,ES1 2 bat,0.0
mean,2030,52,162,ES1 2 bat,0.0
mean,2030,52,163,ES1 2 bat,0.0
mean,2030,52,164,ES1 2 bat,0.0
mean,2030,52,165,ES1 2 bat,0.0
mean,2030,52,166,ES1 2 bat,0.0
mean,2030,52,167,ES1 2 bat,0.0
mean,2040,11,0,ES1 2 bat,0.0
mean,2040,11,1,ES1 2 bat,0.0
mean,2040,11,2,ES1 2 bat,0.0
mean,2040,11,3,ES1 2 bat,0.0
mean,2040,11,4,ES1 2 bat,0.0
mean,2040,11,5,ES1 2 bat,0.0
mean,2040,11,6,ES1 2 bat,0.0
mean,2040,11,7,ES1 2 bat,0.0
mean,2040,11,8,ES1 2 bat,0.0
mean,2040,11,9,ES1 2 bat,0.0
mean,2040,11,10,ES1 2 bat,0.0
mean,2040,11,11,ES1 2 bat,0.0
mean,2040,11,12,ES1 2 bat,0.0
mean,2040,11,13,ES1 2 bat,0.0
mean,2040,11,14,ES1 2 bat,0.0
mean,2040,11,15,ES1 2 bat,0.0
mean,2040,11,16,ES1 2 bat,0.0
mean,2040,11,17,ES1 2 bat,0.0
mean,2040,11,18,ES1 2 bat,0.0
mean,2040,11,19,ES1 2 bat,0.0
mean,2040,11,20,ES1 2 bat,0.0
mean,2040,11,21,ES1 2 bat,0.0
mean,2040,11,22,ES1 2 bat,0.0
mean,2040,11,23,ES1 2 bat,0.0
mean,2040,11,24,ES1 2 bat,0.0
mean,2040,11,25,ES1 2 bat,0.0
mean,2040,11,26,ES1 2 bat,0.0
mean,2040,11,27,ES1 2 bat,0.0
mean,2040,11,28,ES1 2 bat,0.0
mean,2040,11,29,ES1 2 bat,0.0
mean,2040,11,30,ES1 2 bat,0.0
mean,2040,11,31,ES1 2 bat,0.0
mean,2040,11,32,ES1 2 bat,0.0
mean,2040,11,33,ES1 2 bat,0.0
mean,2040,11,34,ES1 2 bat,0.0
mean,2040,11,35,ES1 2 bat,0.0
mean,2040,11,36,ES1 2 bat,0.0
mean,2040,11,37,ES1 2 bat,0.0
mean,2040,11,38,ES1 2 bat,0.0
mean,2040,11,39,ES1 2 bat,0.0
mean,2040,11,40,ES1 2 bat,0.0
mean,2040,11,41,ES1 2 bat,0.0
mean,2040,11,42,ES1 2 bat,0.0
mean,2040,11,43,ES1 2 bat,0.0
mean,2040,11,44,ES1 2 bat,0.0
mean,2040,11,45,ES1 2 bat,0.0
mean,2040,11,46,ES1 2 bat,0.0
mean,2040,11,47,ES1 2 bat,0.0
mean,2040,11,48,ES1 2 bat,0.0
mean,2040,11,49,ES1 2 bat,0.0
mean,2040,11,50,ES1 2 bat,0.0
mean,2040,11,51,ES1 2 bat,0.0
mean,2040,11,52,ES1 2 bat,0.0
mean,2040,11,53,ES1 2 bat,0.0
mean,2040,11,54,ES1 2 bat,0.0
mean,2040,11,55,ES1 2 bat,0.0
mean,2040,11,56,ES1 2 bat,0.0
mean,2040,11,57,ES1 2 bat,0.0
mean,2040,11,58,ES1 2 bat,0.0
mean,2040,11,59,ES1 2 bat,0.0
mean,2040,11,60,ES1 2 bat,0.0
mean,2040,11,61,ES1 2 bat,0.0
mean,2040,11,62,ES1 2 bat,0.0
mean,2040,11,63,ES1 2 bat,0.0
mean,2040,11,64,ES1 2 bat,0.0
mean,2040,11,65,ES1 2 bat,0.0
mean,2040,11,66,ES1 2 bat,0.0
mean,2040,11,67,ES1 2 bat,0.0
mean,2040,11,68,ES1 2 bat,0.0
mean,2040,11,69,ES1 2 bat,0.0
mean,2040,11,70,ES1 2 bat,0.0
mean,2040,11,71,ES1 2 bat,0.0
mean,2040,11,72,ES1 2 bat,0.0
mean,2040,11,73,ES1 2 bat,0.0
mean,2040,11,74,ES1 2 bat,0.0
mean,2040,11,75,ES1 2 bat,0.0
mean,2040,11,76,ES1 2 bat,0.0
mean,2040,11,77,ES1 2 bat,0.0
mean,2040,11,78,ES1 2 bat,0.0
mean,2040,11,79,ES1 2 bat,0.0
mean,2040,11,80,ES1 2 bat,0.0
mean,2040,11,81,ES1 2 bat,0.0
mean,2040,11,82,ES1 2 bat,0.0
mean,2040,11,83,ES1 2 bat,0.0
mean,2040,11,84,ES1 2 bat,0.0
mean,2040,11,85,ES1 2 bat,0.0
mean,2040,11,86,ES1 2 bat,0.0
mean,2040,11,87,ES1 2 bat,0.0
mean,2040,11,88,ES1 2 bat,0.0
mean,2040,11,89,ES1 2 bat,0.0
mean,2040,11,90,ES1 2 bat,0.0
mean,2040,11,91,ES1 2 bat,0.0
mean,2040,11,92,ES1 2 bat,0.0
mean,2040,11,93,ES1 2 bat,0.0
mean,2040,11,94,ES1 2 bat,0.0
mean,2040,11,95,ES1 2 bat,0.0
mean,2040,11,96,ES1 2 bat,0.0
mean,2040,11,97,ES1 2 bat,0.0
mean,2040,11,98,ES1 2 bat,0.0
mean,2040,11,99,ES1 2 bat,0.0
mean,2040,11,100,ES1 2 bat,0.0
mean,2040,11,101,ES1 2 bat,0.0
mean,2040,11,102,ES1 2 bat,0.0
mean,2040,11,103,ES1 2 bat,0.0
mean,2040,11,104,ES1 2 bat,0.0
mean,2040,11,105,ES1 2 bat,0.0
mean,2040,11,106,ES1 2 bat,0.0
mean,2040,11,107,ES1 2 bat,0.0
mean,2040,11,108,ES1 2 bat,0.0
mean,2040,11,109,ES1 2 bat,0.0
mean,2040,11,110,ES1 2 bat,0.0
mean,2040,11,111,ES1 2 bat,0.0
mean,2040,11,112,ES1 2 bat,0.0
mean,2040,11,113,ES1 2 bat,0.0
mean,2040,11,114,ES1 2 bat,0.0
mean,2040,11,115,ES1 2 bat,0.0
mean,2040,11,116,ES1 2 bat,0.0
mean,2040,11,117,ES1 2 bat,0.0
mean,2040,11,118,ES1 2 bat,0.0
mean,2040,11,119,ES1 2 bat,0.0
mean,2040,11,120,ES1 2 bat,0.0
mean,2040,11,121,ES1 2 bat,0.0
mean,2040,11,122,ES1 2 bat,0.0
mean,2040,11,123,ES1 2 bat,0.0
mean,2040,11,124,ES1 2 bat,0.0
mean,2040,11,125,ES1 2 bat,0.0
mean,2040,11,126,ES1 2 bat,0.0
mean,2040,11,127,ES1 2 bat,0.0
mean,2040,11,128,ES1 2 bat,0.0
mean,2040,11,129,ES1 2 bat,0.0
mean,2040,11,130,ES1 2 bat,0.0
mean,2040,11,131,ES1 2 bat,0.0
mean,2040,11,132,ES1 2 bat,0.0
mean,2040,11,133,ES1 2 bat,0.0
mean,2040,11,134,ES1 2 bat,0.0
mean,2040,11,135,ES1 2 bat,0.0
mean,2040,11,136,ES1 2 bat,0.0
mean,2040,11,137,ES1 2 bat,0.0
mean,2040,11,138,ES1 2 bat,0.0
mean,2040,11,139,ES1 2 bat,0.0
mean,2040,11,140,ES1 2 bat,0.0
mean,2040,11,141,ES1 2 bat,0.0
mean,2040,11,142,ES1 2 bat,0.0
mean,2040,11,143,ES1 2 bat,0.0
mean,2040,11,144,ES1 2 bat,0.0
mean,2040,11,145,ES1 2 bat,0.0
mean,2040,11,146,ES1 2 bat,0.0
mean,2040,11,147,ES1 2 bat,0.0
mean,2040,11,148,ES1 2 bat,0.0
mean,2040,11,149,ES1 2 bat,0.0
mean,2040,11,150,ES1 2 bat,0.0
mean,2040,11,151,ES1 2 bat,0.0
mean,2040,11,152,ES1 2 bat,0.0
mean,2040,11,153,ES1 2 bat,0.0
mean,2040,11,154,ES1 2 bat,0.0
mean,2040,11,155,ES1 2 bat,0.0
mean,2040,11,156,ES1 2 bat,0.0
mean,2040,11,157,ES1 2 bat,0.0
mean,2040,11,158,ES1 2 bat,0.0
mean,2040,11,159,ES1 2 bat,0.0
mean,2040,11,160,ES1 2 bat,0.0
mean,2040,11,161,ES1 2 bat,0.0
mean,2040,11,162,ES1 2 bat,0.0
mean,2040,11,163,ES1 2 bat,0.0
mean,2040,11,164,ES1 2 bat,0.0
mean,2040,11,165,ES1 2 bat,0.0
mean,2040,11,166,ES1 2 bat,0.0
mean,2040,11,167,ES1 2 bat,0.0
mean,2040,21,0,ES1 2 bat,0.0
mean,2040,21,1,ES1 2 bat,0.0
mean,2040,21,2,ES1 2 bat,0.0
mean,2040,21,3,ES1 2 bat,0.0
mean,2040,21,4,ES1 2 bat,0.0
mean,2040,21,5,ES1 2 bat,0.0
mean,2040,21,6,ES1 2 bat,0.0
mean,2040,21,7,ES1 2 bat,0.0
mean,2040,21,8,ES1 2 bat,0.0
mean,2040,21,9,ES1 2 bat,0.0
mean,2040,21,10,ES1 2 bat,0.0
mean,2040,21,11,ES1 2 bat,0.0
mean,2040,21,12,ES1 2 bat,0.0
mean,2040,21,13,ES1 2 bat,0.0
mean,2040,21,14,ES1 2 bat,0.0
mean,2040,21,15,ES1 2 bat,0.0
mean,2040,21,16,ES1 2 bat,0.0
mean,2040,21,17,ES1 2 bat,0.0
mean,2040,21,18,ES1 2 bat,0.0
mean,2040,21,19,ES1 2 bat,0.0
mean,2040,21,20,ES1 2 bat,0.0
mean,2040,21,21,ES1 2 bat,0.0
mean,2040,21,22,ES1 2 bat,0.0
mean,2040,21,23,ES1 2 bat,0.0
mean,2040,21,24,ES1 2 bat,0.0
mean,2040,21,25,ES1 2 bat,0.0
mean,2040,21,26,ES1 2 bat,0.0
mean,2040,21,27,ES1 2 bat,0.0
mean,2040,21,28,ES1 2 bat,0.0
mean,2040,21,29,ES1 2 bat,0.0
mean,2040,21,30,ES1 2 bat,0.0
mean,2040,21,31,ES1 2 bat,0.0
mean,2040,21,32,ES1 2 bat,0.0
mean,2040,21,33,ES1 2 bat,0.0
mean,2040,21,34,ES1 2 bat,0.0
mean,2040,21,35,ES1 2 bat,0.0
mean,2040,21,36,ES1 2 bat,0.0
mean,2040,21,37,ES1 2 bat,0.0
mean,2040,21,38,ES1 2 bat,0.0
mean,2040,21,39,ES1 2 bat,0.0
mean,2040,21,40,ES1 2 bat,0.0
mean,2040,21,41,ES1 2 bat,0.0
mean,2040,21,42,ES1 2 bat,0.0
mean,2040,21,43,ES1 2 bat,0.0
mean,2040,21,44,ES1 2 bat,0.0
mean,2040,21,45,ES1 2 bat,0.0
mean,2040,21,46,ES1 2 bat,0.0
mean,2040,21,47,ES1 2 bat,0.0
mean,2040,21,48,ES1 2 bat,0.0
mean,2040,21,49,ES1 2 bat,0.0
mean,2040,21,50,ES1 2 bat,0.0
mean,2040,21,51,ES1 2 bat,0.0
mean,2040,21,52,ES1 2 bat,0.0
mean,2040,21,53,ES1 2 bat,0.0
mean,2040,21,54,ES1 2 bat,0.0
mean,2040,21,55,ES1 2 bat,0.0
mean,2040,21,56,ES1 2 bat,0.0
mean,2040,21,57,ES1 2 bat,0.0
mean,2040,21,58,ES1 2 bat,0.0
mean,2040,21,59,ES1 2 bat,0.0
mean,2040,21,60,ES1 2 bat,0.0
mean,2040,21,61,ES1 2 bat,0.0
mean,2040,21,62,ES1 2 bat,0.0
mean,2040,21,63,ES1 2 bat,0.0
mean,2040,21,64,ES1 2 bat,0.0
mean,2040,21,65,ES1 2 bat,0.0
mean,2040,21,66,ES1 2 bat,0.0
mean,2040,21,67,ES1 2 bat,0.0
mean,2040,21,68,ES1 2 bat,0.0
mean,2040,21,69,ES1 2 bat,0.0
mean,2040,21,70,ES1 2 bat,0.0
mean,2040,21,71,ES1 2 bat,0.0
mean,2040,21,72,ES1 2 bat,0.0
mean,2040,21,73,ES1 2 bat,0.0
mean,2040,21,74,ES1 2 bat,0.0
mean,2040,21,75,ES1 2 bat,0.0
mean,2040,21,76,ES1 2 bat,0.0
mean,2040,21,77,ES1 2 bat,0.0
mean,2040,21,78,ES1 2 bat,0.0
mean,2040,21,79,ES1 2 bat,0.0
mean,2040,21,80,ES1 2 bat,0.0
mean,2040,21,81,ES1 2 bat,0.0
mean,2040,21,82,ES1 2 bat,0.0
mean,2040,21,83,ES1 2 bat,0.0
mean,2040,21,84,ES1 2 bat,0.0
mean,2040,21,85,ES1 2 bat,0.0
mean,2040,21,86,ES1 2 bat,0.0
mean,2040,21,87,ES1 2 bat,0.0
mean,2040,21,88,ES1 2 bat,0.0
mean,2040,21,89,ES1 2 bat,0.0
mean,2040,21,90,ES1 2 bat,0.0
mean,2040,21,91,ES1 2 bat,0.0
mean,2040,21,92,ES1 2 bat,0.0
mean,2040,21,93,ES1 2 bat,0.0
mean,2040,21,94,ES1 2 bat,0.0
mean,2040,21,95,ES1 2 bat,0.0
mean,2040,21,96,ES1 2 bat,0.0
mean,2040,21,97,ES1 2 bat,0.0
mean,2040,21,98,ES1 2 bat,0.0
mean,2040,21,99,ES1 2 bat,0.0
mean,2040,21,100,ES1 2 bat,0.0
mean,2040,21,101,ES1 2 bat,0.0
mean,2040,21,102,ES1 2 bat,0.0
mean,2040,21,103,ES1 2 bat,0.0
mean,2040,21,104,ES1 2 bat,0.0
mean,2040,21,105,ES1 2 bat,0.0
mean,2040,21,106,ES1 2 bat,0.0
mean,2040,21,107,ES1 2 bat,0.0
mean,2040,21,108,ES1 2 bat,0.0
mean,2040,21,109,ES1 2 bat,0.0
mean,2040,21,110,ES1 2 bat,0.0
mean,2040,21,111,ES1 2 bat,0.0
mean,2040,21,112,ES1 2 bat,0.0
mean,2040,21,113,ES1 2 bat,0.0
mean,2040,21,114,ES1 2 bat,0.0
mean,2040,21,115,ES1 2 bat,0.0
mean,2040,21,116,ES1 2 bat,0.0
mean,2040,21,117,ES1 2 bat,0.0
mean,2040,21,118,ES1 2 bat,0.0
mean,2040,21,119,ES1 2 bat,0.0
mean,2040,21,120,ES1 2 bat,0.0
mean,2040,21,121,ES1 2 bat,0.0
mean,2040,21,122,ES1 2 bat,0.0
mean,2040,21,123,ES1 2 bat,0.0
mean,2040,21,124,ES1 2 bat,0.0
mean,2040,21,125,ES1 2 bat,0.0
mean,2040,21,126,ES1 2 bat,0.0
mean,2040,21,127,ES1 2 bat,0.0
mean,2040,21,128,ES1 2 bat,0.0
mean,2040,21,129,ES1 2 bat,0.0
mean,2040,21,130,ES1 2 bat,0.0
mean,2040,21,131,ES1 2 bat,0.0
mean,2040,21,132,ES1 2 bat,0.0
mean,2040,21,133,ES1 2 bat,0.0
mean,2040,21,134,ES1 2 bat,0.0
mean,2040,21,135,ES1 2 bat,0.0
mean,2040,21,136,ES1 2 bat,0.0
mean,2040,21,137,ES1 2 bat,0.0
mean,2040,21,138,ES1 2 bat,0.0
mean,2040,21,139,ES1 2 bat,0.0
mean,2040,21,140,ES1 2 bat,0.0
mean,2040,21,141,ES1 2 bat,0.0
mean,2040,21,142,ES1 2 bat,0.0
mean,2040,21,143,ES1 2 bat,0.0
mean,2040,21,144,ES1 2 bat,0.0
mean,2040,21,145,ES1 2 bat,0.0
mean,2040,21,146,ES1 2 bat,0.0
mean,2040,21,147,ES1 2 bat,0.0
mean,2040,21,148,ES1 2 bat,0.0
mean,2040,21,149,ES1 2 bat,0.0
mean,2040,21,150,ES1 2 bat,0.0
mean,2040,21,151,ES1 2 bat,0.0
mean,2040,21,152,ES1 2 bat,0.0
mean,2040,21,153,ES1 2 bat,0.0
mean,2040,21,154,ES1 2 bat,0.0
mean,2040,21,155,ES1 2 bat,0.0
mean,2040,21,156,ES1 2 bat,0.0
mean,2040,21,157,ES1 2 bat,0.0
mean,2040,21,158,ES1 2 bat,0.0
mean,2040,21,159,ES1 2 bat,0.0
mean,2040,21,160,ES1 2 bat,0.0
mean,2040,21,161,ES1 2 bat,0.0
mean,2040,21,162,ES1 2 bat,0.0
mean,2040,21,163,ES1 2 bat,0.0
mean,2040,21,164,ES1 2 bat,0.0
mean,2040,21,165,ES1 2 bat,0.0
mean,2040,21,166,ES1 2 bat,0.0
mean,2040,21,167,ES1 2 bat,0.0
mean,2040,42,0,ES1 2 bat,0.0
mean,2040,42,1,ES1 2 bat,0.0
mean,2040,42,2,ES1 2 bat,0.0
mean,2040,42,3,ES1 2 bat,0.0
mean,2040,42,4,ES1 2 bat,0.0
mean,2040,42,5,ES1 2 bat,0.0
mean,2040,42,6,ES1 2 bat,0.0
mean,2040,42,7,ES1 2 bat,0.0
mean,2040,42,8,ES1 2 bat,0.0
mean,2040,42,9,ES1 2 bat,0.0
mean,2040,42,10,ES1 2 bat,0.0
mean,2040,42,11,ES1 2 bat,0.0
mean,2040,42,12,ES1 2 bat,0.0
mean,2040,42,13,ES1 2 bat,0.0
mean,2040,42,14,ES1 2 bat,0.0
mean,2040,42,15,ES1 2 bat,0.0
mean,2040,42,16,ES1 2 bat,0.0
mean,2040,42,17,ES1 2 bat,0.0
mean,2040,42,18,ES1 2 bat,0.0
mean,2040,42,19,ES1 2 bat,0.0
mean,2040,42,20,ES1 2 bat,0.0
mean,2040,42,21,ES1 2 bat,0.0
mean,2040,42,22,ES1 2 bat,0.0
mean,2040,42,23,ES1 2 bat,0.0
mean,2040,42,24,ES1 2 bat,0.0
mean,2040,42,25,ES1 2 bat,0.0
mean,2040,42,26,ES1 2 bat,0.0
mean,2040,42,27,ES1 2 bat,0.0
mean,2040,42,28,ES1 2 bat,0.0
mean,2040,42,29,ES1 2 bat,0.0
mean,2040,42,30,ES1 2 bat,0.0
mean,2040,42,31,ES1 2 bat,0.0
mean,2040,42,32,ES1 2 bat,0.0
mean,2040,42,33,ES1 2 bat,0.0
mean,2040,42,34,ES1 2 bat,0.0
mean,2040,42,35,ES1 2 bat,0.0
mean,2040,42,36,ES1 2 bat,0.0
mean,2040,42,37,ES1 2 bat,0.0
mean,2040,42,38,ES1 2 bat,0.0
mean,2040,42,39,ES1 2 bat,0.0
mean,2040,42,40,ES1 2 bat,0.0
mean,2040,42,41,ES1 2 bat,0.0
mean,2040,42,42,ES1 2 bat,0.0
mean,2040,42,43,ES1 2 bat,0.0
mean,2040,42,44,ES1 2 bat,0.0
mean,2040,42,45,ES1 2 bat,0.0
mean,2040,42,46,ES1 2 bat,0.0
mean,2040,42,47,ES1 2 bat,0.0
mean,2040,42,48,ES1 2 bat,0.0
mean,2040,42,49,ES1 2 bat,0.0
mean,2040,42,50,ES1 2 bat,0.0
mean,2040,42,51,ES1 2 bat,0.0
mean,2040,42,52,ES1 2 bat,0.0
mean,2040,42,53,ES1 2 bat,0.0
mean,2040,42,54,ES1 2 bat,0.0
mean,2040,42,55,ES1 2 bat,0.0
mean,2040,42,56,ES1 2 bat,0.0
mean,2040,42,57,ES1 2 bat,0.0
mean,2040,42,58,ES1 2 bat,0.0
mean,2040,42,59,ES1 2 bat,0.0
mean,2040,42,60,ES1 2 bat,0.0
mean,2040,42,61,ES1 2 bat,0.0
mean,2040,42,62,ES1 2 bat,0.0
mean,2040,42,63,ES1 2 bat,0.0
mean,2040,42,64,ES1 2 bat,0.0
mean,2040,42,65,ES1 2 bat,0.0
mean,2040,42,66,ES1 2 bat,0.0
mean,2040,42,67,ES1 2 bat,0.0
mean,2040,42,68,ES1 2 bat,0.0
mean,2040,42,69,ES1 2 bat,0.0
mean,2040,42,70,ES1 2 bat,0.0
mean,2040,42,71,ES1 2 bat,0.0
mean,2040,42,72,ES1 2 bat,0.0
mean,2040,42,73,ES1 2 bat,0.0
mean,2040,42,74,ES1 2 bat,0.0
mean,2040,42,75,ES1 2 bat,0.0
mean,2040,42,76,ES1 2 bat,0.0
mean,2040,42,77,ES1 2 bat,0.0
mean,2040,42,78,ES1 2 bat,0.0
mean,2040,42,79,ES1 2 bat,0.0
mean,2040,42,80,ES1 2 bat,0.0
mean,2040,42,81,ES1 2 bat,0.0
mean,2040,42,82,ES1 2 bat,0.0
mean,2040,42,83,ES1 2 bat,0.0
mean,2040,42,84,ES1 2 bat,0.0
mean,2040,42,85,ES1 2 bat,0.0
mean,2040,42,86,ES1 2 bat,0.0
mean,2040,42,87,ES1 2 bat,0.0
mean,2040,42,88,ES1 2 bat,0.0
mean,2040,42,89,ES1 2 bat,0.0
mean,2040,42,90,ES1 2 bat,0.0
mean,2040,42,91,ES1 2 bat,0.0
mean,2040,42,92,ES1 2 bat,0.0
mean,2040,42,93,ES1 2 bat,0.0
mean,2040,42,94,ES1 2 bat,0.0
mean,2040,42,95,ES1 2 bat,0.0
mean,2040,42,96,ES1 2 bat,0.0
mean,2040,42,97,ES1 2 bat,0.0
mean,2040,42,98,ES1 2 bat,0.0
mean,2040,42,99,ES1 2 bat,0.0
mean,2040,42,100,ES1 2 bat,0.0
mean,2040,42,101,ES1 2 bat,0.0
mean,2040,42,102,ES1 2 bat,0.0
mean,2040,42,103,ES1 2 bat,0.0
mean,2040,42,104,ES1 2 bat,0.0
mean,2040,42,105,ES1 2 bat,0.0
mean,2040,42,106,ES1 2 bat,0.0
mean,2040,42,107,ES1 2 bat,0.0
mean,2040,42,108,ES1 2 bat,0.0
mean,2040,42,109,ES1 2 bat,0.0
mean,2040,42,110,ES1 2 bat,0.0
mean,2040,42,111,ES1 2 bat,0.0
mean,2040,42,112,ES1 2 bat,0.0
mean,2040,42,113,ES1 2 bat,0.0
mean,2040,42,114,ES1 2 bat,0.0
mean,2040,42,115,ES1 2 bat,0.0
mean,2040,42,116,ES1 2 bat,0.0
mean,2040,42,117,ES1 2 bat,0.0
mean,2040,42,118,ES1 2 bat,0.0
mean,2040,42,119,ES1 2 bat,0.0
mean,2040,42,120,ES1 2 bat,0.0
mean,2040,42,121,ES1 2 bat,0.0
mean,2040,42,122,ES1 2 bat,0.0
mean,2040,42,123,ES1 2 bat,0.0
mean,2040,42,124,ES1 2 bat,0.0
mean,2040,42,125,ES1 2 bat,0.0
mean,2040,42,126,ES1 2 bat,0.0
mean,2040,42,127,ES1 2 bat,0.0
mean,2040,42,128,ES1 2 bat,0.0
mean,2040,42,129,ES1 2 bat,0.0
mean,2040,42,130,ES1 2 bat,0.0
mean,2040,42,131,ES1 2 bat,0.0
mean,2040,42,132,ES1 2 bat,0.0
mean,2040,42,133,ES1 2 bat,0.0
mean,2040,42,134,ES1 2 bat,0.0
mean,2040,42,135,ES1 2 bat,0.0
mean,2040,42,136,ES1 2 bat,0.0
mean,2040,42,137,ES1 2 bat,0.0
mean,2040,42,138,ES1 2 bat,0.0
mean,2040,42,139,ES1 2 bat,0.0
mean,2040,42,140,ES1 2 bat,0.0
mean,2040,42,141,ES1 2 bat,0.0
mean,2040,42,142,ES1 2 bat,0.0
mean,2040,42,143,ES1 2 bat,0.0
mean,2040,42,144,ES1 2 bat,0.0
mean,2040,42,145,ES1 2 bat,0.0
mean,2040,42,146,ES1 2 bat,0.0
mean,2040,42,147,ES1 2 bat,0.0
mean,2040,42,148,ES1 2 bat,0.0
mean,2040,42,149,ES1 2 bat,0.0
mean,2040,42,150,ES1 2 bat,0.0
mean,2040,42,151,ES1 2 bat,0.0
mean,2040,42,152,ES1 2 bat,0.0
mean,2040,42,153,ES1 2 bat,0.0
mean,2040,42,154,ES1 2 bat,0.0
mean,2040,42,155,ES1 2 bat,0.0
mean,2040,42,156,ES1 2 bat,0.0
mean,2040,42,157,ES1 2 bat,0.0
mean,2040,42,158,ES1 2 bat,0.0
mean,2040,42,159,ES1 2 bat,0.0
mean,2040,42,160,ES1 2 bat,0.0
mean,2040,42,161,ES1 2 bat,0.0
mean,2040,42,162,ES1 2 bat,0.0
mean,2040,42,163,ES1 2 bat,0.0
mean,2040,42,164,ES1 2 bat,0.0
mean,2040,42,165,ES1 2 bat,0.0
mean,2040,42,166,ES1 2 bat,0.0
mean,2040,42,167,ES1 2 bat,0.0
mean,2040,52,0,ES1 2 bat,0.0
mean,2040,52,1,ES1 2 bat,0.0
mean,2040,52,2,ES1 2 bat,0.0
mean,2040,52,3,ES1 2 bat,0.0
mean,2040,52,4,ES1 2 bat,0.0
mean,2040,52,5,ES1 2 bat,0.0
mean,2040,52,6,ES1 2 bat,0.0
mean,2040,52,7,ES1 2 bat,0.0
mean,2040,52,8,ES1 2 bat,0.0
mean,2040,52,9,ES1 2 bat,0.0
mean,2040,52,10,ES1 2 bat,0.0
mean,2040,52,11,ES1 2 bat,0.0
mean,2040,52,12,ES1 2 bat,0.0
mean,2040,52,13,ES1 2 bat,0.0
mean,2040,52,14,ES1 2 bat,0.0
mean,2040,52,15,ES1 2 bat,0.0
mean,2040,52,16,ES1 2 bat,0.0
mean,2040,52,17,ES1 2 bat,0.0
mean,2040,52,18,ES1 2 bat,0.0
mean,2040,52,19,ES1 2 bat,0.0
mean,2040,52,20,ES1 2 bat,0.0
mean,2040,52,21,ES1 2 bat,0.0
mean,2040,52,22,ES1 2 bat,0.0
mean,2040,52,23,ES1 2 bat,0.0
mean,2040,52,24,ES1 2 bat,0.0
mean,2040,52,25,ES1 2 bat,0.0
mean,2040,52,26,ES1 2 bat,0.0
mean,2040,52,27,ES1 2 bat,0.0
mean,2040,52,28,ES1 2 bat,0.0
mean,2040,52,29,ES1 2 bat,0.0
mean,2040,52,30,ES1 2 bat,0.0
mean,2040,52,31,ES1 2 bat,0.0
mean,2040,52,32,ES1 2 bat,0.0
mean,2040,52,33,ES1 2 bat,0.0
mean,2040,52,34,ES1 2 bat,0.0
mean,2040,52,35,ES1 2 bat,0.0
mean,2040,52,36,ES1 2 bat,0.0
mean,2040,52,37,ES1 2 bat,0.0
mean,2040,52,38,ES1 2 bat,0.0
mean,2040,52,39,ES1 2 bat,0.0
mean,2040,52,40,ES1 2 bat,0.0
mean,2040,52,41,ES1 2 bat,0.0
mean,2040,52,42,ES1 2 bat,0.0
mean,2040,52,43,ES1 2 bat,0.0
mean,2040,52,44,ES1 2 bat,0.0
mean,2040,52,45,ES1 2 bat,0.0
mean,2040,52,46,ES1 2 bat,0.0
mean,2040,52,47,ES1 2 bat,0.0
mean,2040,52,48,ES1 2 bat,0.0
mean,2040,52,49,ES1 2 bat,0.0
mean,2040,52,50,ES1 2 bat,0.0
mean,2040,52,51,ES1 2 bat,0.0
mean,2040,52,52,ES1 2 bat,0.0
mean,2040,52,53,ES1 2 bat,0.0
mean,2040,52,54,ES1 2 bat,0.0
mean,2040,52,55,ES1 2 bat,0.0
mean,2040,52,56,ES1 2 bat,0.0
mean,2040,52,57,ES1 2 bat,0.0
mean,2040,52,58,ES1 2 bat,0.0
mean,2040,52,59,ES1 2 bat,0.0
mean,2040,52,60,ES1 2 bat,0.0
mean,2040,52,61,ES1 2 bat,0.0
mean,2040,52,62,ES1 2 bat,0.0
mean,2040,52,63,ES1 2 bat,0.0
mean,2040,52,64,ES1 2 bat,0.0
mean,2040,52,65,ES1 2 bat,0.0
mean,2040,52,66,ES1 2 bat,0.0
mean,2040,52,67,ES1 2 bat,0.0
mean,2040,52,68,ES1 2 bat,0.0
mean,2040,52,69,ES1 2 bat,0.0
mean,2040,52,70,ES1 2 bat,0.0
mean,2040,52,71,ES1 2 bat,0.0
mean,2040,52,72,ES1 2 bat,0.0
mean,2040,52,73,ES1 2 bat,0.0
mean,2040,52,74,ES1 2 bat,0.0
mean,2040,52,75,ES1 2 bat,0.0
mean,2040,52,76,ES1 2 bat,0.0
mean,2040,52,77,ES1 2 bat,0.0
mean,2040,52,78,ES1 2 bat,0.0
mean,2040,52,79,ES1 2 bat,0.0
mean,2040,52,80,ES1 2 bat,0.0
mean,2040,52,81,ES1 2 bat,0.0
mean,2040,52,82,ES1 2 bat,0.0
mean,2040,52,83,ES1 2 bat,0.0
mean,2040,52,84,ES1 2 bat,0.0
mean,2040,52,85,ES1 2 bat,0.0
mean,2040,52,86,ES1 2 bat,0.0
mean,2040,52,87,ES1 2 bat,0.0
mean,2040,52,88,ES1 2 bat,0.0
mean,2040,52,89,ES1 2 bat,0.0
mean,2040,52,90,ES1 2 bat,0.0
mean,2040,52,91,ES1 2 bat,0.0
mean,2040,52,92,ES1 2 bat,0.0
mean,2040,52,93,ES1 2 bat,0.0
mean,2040,52,94,ES1 2 bat,0.0
mean,2040,52,95,ES1 2 bat,0.0
mean,2040,52,96,ES1 2 bat,0.0
mean,2040,52,97,ES1 2 bat,0.0
mean,2040,52,98,ES1 2 bat,0.0
mean,2040,52,99,ES1 2 bat,0.0
mean,2040,52,100,ES1 2 bat,0.0
mean,2040,52,101,ES1 2 bat,0.0
mean,2040,52,102,ES1 2 bat,0.0
mean,2040,52,103,ES1 2 bat,0.0
mean,2040,52,104,ES1 2 bat,0.0
mean,2040,52,105,ES1 2 bat,0.0
mean,2040,52,106,ES1 2 bat,0.0
mean,2040,52,107,ES1 2 bat,0.0
mean,2040,52,108,ES1 2 bat,0.0
mean,2040,52,109,ES1 2 bat,0.0
mean,2040,52,110,ES1 2 bat,0.0
mean,2040,52,111,ES1 2 bat,0.0
mean,2040,52,112,ES1 2 bat,0.0
mean,2040,52,113,ES1 2 bat,0.0
mean,2040,52,114,ES1 2 bat,0.0
mean,2040,52,115,ES1 2 bat,0.0
mean,2040,52,116,ES1 2 bat,0.0
mean,2040,52,117,ES1 2 bat,0.0
mean,2040,52,118,ES1 2 bat,0.0
mean,2040,52,119,ES1 2 bat,0.0
mean,2040,52,120,ES1 2 bat,0.0
mean,2040,52,121,ES1 2 bat,0.0
mean,2040,52,122,ES1 2 bat,0.0
mean,2040,52,123,ES1 2 bat,0.0
mean,2040,52,124,ES1 2 bat,0.0
mean,2040,52,125,ES1 2 bat,0.0
mean,2040,52,126,ES1 2 bat,0.0
mean,2040,52,127,ES1 2 bat,0.0
mean,2040,52,128,ES1 2 bat,0.0
mean,2040,52,129,ES1 2 bat,0.0
mean,2040,52,130,ES1 2 bat,0.0
mean,2040,52,131,ES1 2 bat,0.0
mean,2040,52,132,ES1 2 bat,0.0
mean,2040,52,133,ES1 2 bat,0.0
mean,2040,52,134,ES1 2 bat,0.0
mean,2040,52,135,ES1 2 bat,0.0
mean,2040,52,136,ES1 2 bat,0.0
mean,2040,52,137,ES1 2 bat,0.0
mean,2040,52,138,ES1 2 bat,0.0
mean,2040,52,139,ES1 2 bat,0.0
mean,2040,52,140,ES1 2 bat,0.0
mean,2040,52,141,ES1 2 bat,0.0
mean,2040,52,142,ES1 2 bat,0.0
mean,2040,52,143,ES1 2 bat,0.0
mean,2040,52,144,ES1 2 bat,0.0
mean,2040,52,145,ES1 2 bat,0.0
mean,2040,52,146,ES1 2 bat,0.0
mean,2040,52,147,ES1 2 bat,0.0
mean,2040,52,148,ES1 2 bat,0.0
mean,2040,52,149,ES1 2 bat,0.0
mean,2040,52,150,ES1 2 bat,0.0
mean,2040,52,151,ES1 2 bat,0.0
mean,2040,52,152,ES1 2 bat,0.0
mean,2040,52,153,ES1 2 bat,0.0
mean,2040,52,154,ES1 2 bat,0.0
mean,2040,52,155,ES1 2 bat,0.0
mean,2040,52,156,ES1 2 bat,0.0
mean,2040,52,157,ES1 2 bat,0.0
mean,2040,52,158,ES1 2 bat,0.0
mean,2040,52,159,ES1 2 bat,0.0
mean,2040,52,160,ES1 2 bat,0.0
mean,2040,52,161,ES1 2 bat,0.0
mean,2040,52,162,ES1 2 bat,0.0
mean,2040,52,163,ES1 2 bat,0.0
mean,2040,52,164,ES1 2 bat,0.0
mean,2040,52,165,ES1 2 bat,0.0
mean,2040,52,166,ES1 2 bat,0.0
mean,2040,52,167,ES1 2 bat,0.0
mean,2050,11,0,ES1 2 bat,0.0
mean,2050,11,1,ES1 2 bat,0.0
mean,2050,11,2,ES1 2 bat,0.0
mean,2050,11,3,ES1 2 bat,0.0
mean,2050,11,4,ES1 2 bat,0.0
mean,2050,11,5,ES1 2 bat,0.0
mean,2050,11,6,ES1 2 bat,0.0
mean,2050,11,7,ES1 2 bat,0.0
mean,2050,11,8,ES1 2 bat,0.0
mean,2050,11,9,ES1 2 bat,0.0
mean,2050,11,10,ES1 2 bat,0.0
mean,2050,11,11,ES1 2 bat,0.0
mean,2050,11,12,ES1 2 bat,0.0
mean,2050,11,13,ES1 2 bat,0.0
mean,2050,11,14,ES1 2 bat,0.0
mean,2050,11,15,ES1 2 bat,0.0
mean,2050,11,16,ES1 2 bat,0.0
mean,2050,11,17,ES1 2 bat,0.0
mean,2050,11,18,ES1 2 bat,0.0
mean,2050,11,19,ES1 2 bat,0.0
mean,2050,11,20,ES1 2 bat,0.0
mean,2050,11,21,ES1 2 bat,0.0
mean,2050,11,22,ES1 2 bat,0.0
mean,2050,11,23,ES1 2 bat,0.0
mean,2050,11,24,ES1 2 bat,0.0
mean,2050,11,25,ES1 2 bat,0.0
mean,2050,11,26,ES1 2 bat,0.0
mean,2050,11,27,ES1 2 bat,0.0
mean,2050,11,28,ES1 2 bat,0.0
mean,2050,11,29,ES1 2 bat,0.0
mean,2050,11,30,ES1 2 bat,0.0
mean,2050,11,31,ES1 2 bat,0.0
mean,2050,11,32,ES1 2 bat,0.0
mean,2050,11,33,ES1 2 bat,0.0
mean,2050,11,34,ES1 2 bat,0.0
mean,2050,11,35,ES1 2 bat,0.0
mean,2050,11,36,ES1 2 bat,0.0
mean,2050,11,37,ES1 2 bat,0.0
mean,2050,11,38,ES1 2 bat,0.0
mean,2050,11,39,ES1 2 bat,0.0
mean,2050,11,40,ES1 2 bat,0.0
mean,2050,11,41,ES1 2 bat,0.0
mean,2050,11,42,ES1 2 bat,0.0
mean,2050,11,43,ES1 2 bat,0.0
mean,2050,11,44,ES1 2 bat,0.0
mean,2050,11,45,ES1 2 bat,0.0
mean,2050,11,46,ES1 2 bat,0.0
mean,2050,11,47,ES1 2 bat,0.0
mean,2050,11,48,ES1 2 bat,0.0
mean,2050,11,49,ES1 2 bat,0.0
mean,2050,11,50,ES1 2 bat,0.0
mean,2050,11,51,ES1 2 bat,0.0
mean,2050,11,52,ES1 2 bat,0.0
mean,2050,11,53,ES1 2 bat,0.0
mean,2050,11,54,ES1 2 bat,0.0
mean,2050,11,55,ES1 2 bat,0.0
mean,2050,11,56,ES1 2 bat,0.0
mean,2050,11,57,ES1 2 bat,0.0
mean,2050,11,58,ES1 2 bat,0.0
mean,2050,11,59,ES1 2 bat,0.0
mean,2050,11,60,ES1 2 bat,0.0
mean,2050,11,61,ES1 2 bat,0.0
mean,2050,11,62,ES1 2 bat,0.0
mean,2050,11,63,ES1 2 bat,0.0
mean,2050,11,64,ES1 2 bat,0.0
mean,2050,11,65,ES1 2 bat,0.0
mean,2050,11,66,ES1 2 bat,0.0
mean,2050,11,67,ES1 2 bat,0.0
mean,2050,11,68,ES1 2 bat,0.0
mean,2050,11,69,ES1 2 bat,0.0
mean,2050,11,70,ES1 2 bat,0.0
mean,2050,11,71,ES1 2 bat,0.0
mean,2050,11,72,ES1 2 bat,0.0
mean,2050,11,73,ES1 2 bat,0.0
mean,2050,11,74,ES1 2 bat,0.0
mean,2050,11,75,ES1 2 bat,0.0
mean,2050,11,76,ES1 2 bat,0.0
mean,2050,11,77,ES1 2 bat,0.0
mean,2050,11,78,ES1 2 bat,0.0
mean,2050,11,79,ES1 2 bat,0.0
mean,2050,11,80,ES1 2 bat,0.0
mean,2050,11,81,ES1 2 bat,0.0
mean,2050,11,82,ES1 2 bat,0.0
mean,2050,11,83,ES1 2 bat,0.0
mean,2050,11,84,ES1 2 bat,0.0
mean,2050,11,85,ES1 2 bat,0.0
mean,2050,11,86,ES1 2 bat,0.0
mean,2050,11,87,ES1 2 bat,0.0
mean,2050,11,88,ES1 2 bat,0.0
mean,2050,11,89,ES1 2 bat,0.0
mean,2050,11,90,ES1 2 bat,0.0
mean,2050,11,91,ES1 2 bat,0.0
mean,2050,11,92,ES1 2 bat,0.0
mean,2050,11,93,ES1 2 bat,0.0
mean,2050,11,94,ES1 2 bat,0.0
mean,2050,11,95,ES1 2 bat,0.0
mean,2050,11,96,ES1 2 bat,0.0
mean,2050,11,97,ES1 2 bat,0.0
mean,2050,11,98,ES1 2 bat,0.0
mean,2050,11,99,ES1 2 bat,0.0
mean,2050,11,100,ES1 2 bat,0.0
mean,2050,11,101,ES1 2 bat,0.0
mean,2050,11,102,ES1 2 bat,0.0
mean,2050,11,103,ES1 2 bat,0.0
mean,2050,11,104,ES1 2 bat,0.0
mean,2050,11,105,ES1 2 bat,0.0
mean,2050,11,106,ES1 2 bat,0.0
mean,2050,11,107,ES1 2 bat,0.0
mean,2050,11,108,ES1 2 bat,0.0
mean,2050,11,109,ES1 2 bat,0.0
mean,2050,11,110,ES1 2 bat,0.0
mean,2050,11,111,ES1 2 bat,0.0
mean,2050,11,112,ES1 2 bat,0.0
mean,2050,11,113,ES1 2 bat,0.0
mean,2050,11,114,ES1 2 bat,0.0
mean,2050,11,115,ES1 2 bat,0.0
mean,2050,11,116,ES1 2 bat,0.0
mean,2050,11,117,ES1 2 bat,0.0
mean,2050,11,118,ES1 2 bat,0.0
mean,2050,11,119,ES1 2 bat,0.0
mean,2050,11,120,ES1 2 bat,0.0
mean,2050,11,121,ES1 2 bat,0.0
mean,2050,11,122,ES1 2 bat,0.0
mean,2050,11,123,ES1 2 bat,0.0
mean,2050,11,124,ES1 2 bat,0.0
mean,2050,11,125,ES1 2 bat,0.0
mean,2050,11,126,ES1 2 bat,0.0
mean,2050,11,127,ES1 2 bat,0.0
mean,2050,11,128,ES1 2 bat,0.0
mean,2050,11,129,ES1 2 bat,0.0
mean,2050,11,130,ES1 2 bat,0.0
mean,2050,11,131,ES1 2 bat,0.0
mean,2050,11,132,ES1 2 bat,0.0
mean,2050,11,133,ES1 2 bat,0.0
mean,2050,11,134,ES1 2 bat,0.0
mean,2050,11,135,ES1 2 bat,0.0
mean,2050,11,136,ES1 2 bat,0.0
mean,2050,11,137,ES1 2 bat,0.0
mean,2050,11,138,ES1 2 bat,0.0
mean,2050,11,139,ES1 2 bat,0.0
mean,2050,11,140,ES1 2 bat,0.0
mean,2050,11,141,ES1 2 bat,0.0
mean,2050,11,142,ES1 2 bat,0.0
mean,2050,11,143,ES1 2 bat,0.0
mean,2050,11,144,ES1 2 bat,0.0
mean,2050,11,145,ES1 2 bat,0.0
mean,2050,11,146,ES1 2 bat,0.0
mean,2050,11,147,ES1 2 bat,0.0
mean,2050,11,148,ES1 2 bat,0.0
mean,2050,11,149,ES1 2 bat,0.0
mean,2050,11,150,ES1 2 bat,0.0
mean,2050,11,151,ES1 2 bat,0.0
mean,2050,11,152,ES1 2 bat,0.0
mean,2050,11,153,ES1 2 bat,0.0
mean,2050,11,154,ES1 2 bat,0.0
mean,2050,11,155,ES1 2 bat,0.0
mean,2050,11,156,ES1 2 bat,0.0
mean,2050,11,157,ES1 2 bat,0.0
mean,2050,11,158,ES1 2 bat,0.0
mean,2050,11,159,ES1 2 bat,0.0
mean,2050,11,160,ES1 2 bat,0.0
mean,2050,11,161,ES1 2 bat,0.0
mean,2050,11,162,ES1 2 bat,0.0
mean,2050,11,163,ES1 2 bat,0.0
mean,2050,11,164,ES1 2 bat,0.0
mean,2050,11,165,ES1 2 bat,0.0
mean,2050,11,166,ES1 2 bat,0.0
mean,2050,11,167,ES1 2 bat,0.0
mean,2050,21,0,ES1 2 bat,0.0
mean,2050,21,1,ES1 2 bat,0.0
mean,2050,21,2,ES1 2 bat,0.0
mean,2050,21,3,ES1 2 bat,0.0
mean,2050,21,4,ES1 2 bat,0.0
mean,2050,21,5,ES1 2 bat,0.0
mean,2050,21,6,ES1 2 bat,0.0
mean,2050,21,7,ES1 2 bat,0.0
mean,2050,21,8,ES1 2 bat,0.0
mean,2050,21,9,ES1 2 bat,0.0
mean,2050,21,10,ES1 2 bat,0.0
mean,2050,21,11,ES1 2 bat,0.0
mean,2050,21,12,ES1 2 bat,0.0
mean,2050,21,13,ES1 2 bat,0.0
mean,2050,21,14,ES1 2 bat,0.0
mean,2050,21,15,ES1 2 bat,0.0
mean,2050,21,16,ES1 2 bat,0.0
mean,2050,21,17,ES1 2 bat,0.0
mean,2050,21,18,ES1 2 bat,0.0
mean,2050,21,19,ES1 2 bat,0.0
mean,2050,21,20,ES1 2 bat,0.0
mean,2050,21,21,ES1 2 bat,0.0
mean,2050,21,22,ES1 2 bat,0.0
mean,2050,21,23,ES1 2 bat,0.0
mean,2050,21,24,ES1 2 bat,0.0
mean,2050,21,25,ES1 2 bat,0.0
mean,2050,21,26,ES1 2 bat,0.0
mean,2050,21,27,ES1 2 bat,0.0
mean,2050,21,28,ES1 2 bat,0.0
mean,2050,21,29,ES1 2 bat,0.0
mean,2050,21,30,ES1 2 bat,0.0
mean,2050,21,31,ES1 2 bat,0.0
mean,2050,21,32,ES1 2 bat,0.0
mean,2050,21,33,ES1 2 bat,0.0
mean,2050,21,34,ES1 2 bat,0.0
mean,2050,21,35,ES1 2 bat,0.0
mean,2050,21,36,ES1 2 bat,0.0
mean,2050,21,37,ES1 2 bat,0.0
mean,2050,21,38,ES1 2 bat,0.0
mean,2050,21,39,ES1 2 bat,0.0
mean,2050,21,40,ES1 2 bat,0.0
mean,2050,21,41,ES1 2 bat,0.0
mean,2050,21,42,ES1 2 bat,0.0
mean,2050,21,43,ES1 2 bat,0.0
mean,2050,21,44,ES1 2 bat,0.0
mean,2050,21,45,ES1 2 bat,0.0
mean,2050,21,46,ES1 2 bat,0.0
mean,2050,21,47,ES1 2 bat,0.0
mean,2050,21,48,ES1 2 bat,0.0
mean,2050,21,49,ES1 2 bat,0.0
mean,2050,21,50,ES1 2 bat,0.0
mean,2050,21,51,ES1 2 bat,0.0
mean,2050,21,52,ES1 2 bat,0.0
mean,2050,21,53,ES1 2 bat,0.0
mean,2050,21,54,ES1 2 bat,0.0
mean,2050,21,55,ES1 2 bat,0.0
mean,2050,21,56,ES1 2 bat,0.0
mean,2050,21,57,ES1 2 bat,0.0
mean,2050,21,58,ES1 2 bat,0.0
mean,2050,21,59,ES1 2 bat,0.0
mean,2050,21,60,ES1 2 bat,0.0
mean,2050,21,61,ES1 2 bat,0.0
mean,2050,21,62,ES1 2 bat,0.0
mean,2050,21,63,ES1 2 bat,0.0
mean,2050,21,64,ES1 2 bat,0.0
mean,2050,21,65,ES1 2 bat,0.0
mean,2050,21,66,ES1 2 bat,0.0
mean,2050,21,67,ES1 2 bat,0.0
mean,2050,21,68,ES1 2 bat,0.0
mean,2050,21,69,ES1 2 bat,0.0
mean,2050,21,70,ES1 2 bat,0.0
mean,2050,21,71,ES1 2 bat,0.0
mean,2050,21,72,ES1 2 bat,0.0
mean,2050,21,73,ES1 2 bat,0.0
mean,2050,21,74,ES1 2 bat,0.0
mean,2050,21,75,ES1 2 bat,0.0
mean,2050,21,76,ES1 2 bat,0.0
mean,2050,21,77,ES1 2 bat,0.0
mean,2050,21,78,ES1 2 bat,0.0
mean,2050,21,79,ES1 2 bat,0.0
mean,2050,21,80,ES1 2 bat,0.0
mean,2050,21,81,ES1 2 bat,0.0
mean,2050,21,82,ES1 2 bat,0.0
mean,2050,21,83,ES1 2 bat,0.0
mean,2050,21,84,ES1 2 bat,0.0
mean,2050,21,85,ES1 2 bat,0.0
mean,2050,21,86,ES1 2 bat,0.0
mean,2050,21,87,ES1 2 bat,0.0
mean,2050,21,88,ES1 2 bat,0.0
mean,2050,21,89,ES1 2 bat,0.0
mean,2050,21,90,ES1 2 bat,0.0
mean,2050,21,91,ES1 2 bat,0.0
mean,2050,21,92,ES1 2 bat,0.0
mean,2050,21,93,ES1 2 bat,0.0
mean,2050,21,94,ES1 2 bat,0.0
mean,2050,21,95,ES1 2 bat,0.0
mean,2050,21,96,ES1 2 bat,0.0
mean,2050,21,97,ES1 2 bat,0.0
mean,2050,21,98,ES1 2 bat,0.0
mean,2050,21,99,ES1 2 bat,0.0
mean,2050,21,100,ES1 2 bat,0.0
mean,2050,21,101,ES1 2 bat,0.0
mean,2050,21,102,ES1 2 bat,0.0
mean,2050,21,103,ES1 2 bat,0.0
mean,2050,21,104,ES1 2 bat,0.0
mean,2050,21,105,ES1 2 bat,0.0
mean,2050,21,106,ES1 2 bat,0.0
mean,2050,21,107,ES1 2 bat,0.0
mean,2050,21,108,ES1 2 bat,0.0
mean,2050,21,109,ES1 2 bat,0.0
mean,2050,21,110,ES1 2 bat,0.0
mean,2050,21,111,ES1 2 bat,0.0
mean,2050,21,112,ES1 2 bat,0.0
mean,2050,21,113,ES1 2 bat,0.0
mean,2050,21,114,ES1 2 bat,0.0
mean,2050,21,115,ES1 2 bat,0.0
mean,2050,21,116,ES1 2 bat,0.0
mean,2050,21,117,ES1 2 bat,0.0
mean,2050,21,118,ES1 2 bat,0.0
mean,2050,21,119,ES1 2 bat,0.0
mean,2050,21,120,ES1 2 bat,0.0
mean,2050,21,121,ES1 2 bat,0.0
mean,2050,21,122,ES1 2 bat,0.0
mean,2050,21,123,ES1 2 bat,0.0
mean,2050,21,124,ES1 2 bat,0.0
mean,2050,21,125,ES1 2 bat,0.0
mean,2050,21,126,ES1 2 bat,0.0
mean,2050,21,127,ES1 2 bat,0.0
mean,2050,21,128,ES1 2 bat,0.0
mean,2050,21,129,ES1 2 bat,0.0
mean,2050,21,130,ES1 2 bat,0.0
mean,2050,21,131,ES1 2 bat,0.0
mean,2050,21,132,ES1 2 bat,0.0
mean,2050,21,133,ES1 2 bat,0.0
mean,2050,21,134,ES1 2 bat,0.0
mean,2050,21,135,ES1 2 bat,0.0
mean,2050,21,136,ES1 2 bat,0.0
mean,2050,21,137,ES1 2 bat,0.0
mean,2050,21,138,ES1 2 bat,0.0
mean,2050,21,139,ES1 2 bat,0.0
mean,2050,21,140,ES1 2 bat,0.0
mean,2050,21,141,ES1 2 bat,0.0
mean,2050,21,142,ES1 2 bat,0.0
mean,2050,21,143,ES1 2 bat,0.0
mean,2050,21,144,ES1 2 bat,0.0
mean,2050,21,145,ES1 2 bat,0.0
mean,2050,21,146,ES1 2 bat,0.0
mean,2050,21,147,ES1 2 bat,0.0
mean,2050,21,148,ES1 2 bat,0.0
mean,2050,21,149,ES1 2 bat,0.0
mean,2050,21,150,ES1 2 bat,0.0
mean,2050,21,151,ES1 2 bat,0.0
mean,2050,21,152,ES1 2 bat,0.0
mean,2050,21,153,ES1 2 bat,0.0
mean,2050,21,154,ES1 2 bat,0.0
mean,2050,21,155,ES1 2 bat,0.0
mean,2050,21,156,ES1 2 bat,0.0
mean,2050,21,157,ES1 2 bat,0.0
mean,2050,21,158,ES1 2 bat,0.0
mean,2050,21,159,ES1 2 bat,0.0
mean,2050,21,160,ES1 2 bat,0.0
mean,2050,21,161,ES1 2 bat,0.0
mean,2050,21,162,ES1 2 bat,0.0
mean,2050,21,163,ES1 2 bat,0.0
mean,2050,21,164,ES1 2 bat,0.0
mean,2050,21,165,ES1 2 bat,0.0
mean,2050,21,166,ES1 2 bat,0.0
mean,2050,21,167,ES1 2 bat,0.0
mean,2050,42,0,ES1 2 bat,0.0
mean,2050,42,1,ES1 2 bat,0.0
mean,2050,42,2,ES1 2 bat,0.0
mean,2050,42,3,ES1 2 bat,0.0
mean,2050,42,4,ES1 2 bat,0.0
mean,2050,42,5,ES1 2 bat,0.0
mean,2050,42,6,ES1 2 bat,0.0
mean,2050,42,7,ES1 2 bat,0.0
mean,2050,42,8,ES1 2 bat,0.0
mean,2050,42,9,ES1 2 bat,0.0
mean,2050,42,10,ES1 2 bat,0.0
mean,2050,42,11,ES1 2 bat,0.0
mean,2050,42,12,ES1 2 bat,0.0
mean,2050,42,13,ES1 2 bat,0.0
mean,2050,42,14,ES1 2 bat,0.0
mean,2050,42,15,ES1 2 bat,0.0
mean,2050,42,16,ES1 2 bat,0.0
mean,2050,42,17,ES1 2 bat,0.0
mean,2050,42,18,ES1 2 bat,0.0
mean,2050,42,19,ES1 2 bat,0.0
mean,2050,42,20,ES1 2 bat,0.0
mean,2050,42,21,ES1 2 bat,0.0
mean,2050,42,22,ES1 2 bat,0.0
mean,2050,42,23,ES1 2 bat,0.0
mean,2050,42,24,ES1 2 bat,0.0
mean,2050,42,25,ES1 2 bat,0.0
mean,2050,42,26,ES1 2 bat,0.0
mean,2050,42,27,ES1 2 bat,0.0
mean,2050,42,28,ES1 2 bat,0.0
mean,2050,42,29,ES1 2 bat,0.0
mean,2050,42,30,ES1 2 bat,0.0
mean,2050,42,31,ES1 2 bat,0.0
mean,2050,42,32,ES1 2 bat,0.0
mean,2050,42,33,ES1 2 bat,0.0
mean,2050,42,34,ES1 2 bat,0.0
mean,2050,42,35,ES1 2 bat,0.0
mean,2050,42,36,ES1 2 bat,0.0
mean,2050,42,37,ES1 2 bat,0.0
mean,2050,42,38,ES1 2 bat,0.0
mean,2050,42,39,ES1 2 bat,0.0
mean,2050,42,40,ES1 2 bat,0.0
mean,2050,42,41,ES1 2 bat,0.0
mean,2050,42,42,ES1 2 bat,0.0
mean,2050,42,43,ES1 2 bat,0.0
mean,2050,42,44,ES1 2 bat,0.0
mean,2050,42,45,ES1 2 bat,0.0
mean,2050,42,46,ES1 2 bat,0.0
mean,2050,42,47,ES1 2 bat,0.0
mean,2050,42,48,ES1 2 bat,0.0
mean,2050,42,49,ES1 2 bat,0.0
mean,2050,42,50,ES1 2 bat,0.0
mean,2050,42,51,ES1 2 bat,0.0
mean,2050,42,52,ES1 2 bat,0.0
mean,2050,42,53,ES1 2 bat,0.0
mean,2050,42,54,ES1 2 bat,0.0
mean,2050,42,55,ES1 2 bat,0.0
mean,2050,42,56,ES1 2 bat,0.0
mean,2050,42,57,ES1 2 bat,0.0
mean,2050,42,58,ES1 2 bat,0.0
mean,2050,42,59,ES1 2 bat,0.0
mean,2050,42,60,ES1 2 bat,0.0
mean,2050,42,61,ES1 2 bat,0.0
mean,2050,42,62,ES1 2 bat,0.0
mean,2050,42,63,ES1 2 bat,0.0
mean,2050,42,64,ES1 2 bat,0.0
mean,2050,42,65,ES1 2 bat,0.0
mean,2050,42,66,ES1 2 bat,0.0
mean,2050,42,67,ES1 2 bat,0.0
mean,2050,42,68,ES1 2 bat,0.0
mean,2050,42,69,ES1 2 bat,0.0
mean,2050,42,70,ES1 2 bat,0.0
mean,2050,42,71,ES1 2 bat,0.0
mean,2050,42,72,ES1 2 bat,0.0
mean,2050,42,73,ES1 2 bat,0.0
mean,2050,42,74,ES1 2 bat,0.0
mean,2050,42,75,ES1 2 bat,0.0
mean,2050,42,76,ES1 2 bat,0.0
mean,2050,42,77,ES1 2 bat,0.0
mean,2050,42,78,ES1 2 bat,0.0
mean,2050,42,79,ES1 2 bat,0.0
mean,2050,42,80,ES1 2 bat,0.0
mean,2050,42,81,ES1 2 bat,0.0
mean,2050,42,82,ES1 2 bat,0.0
mean,2050,42,83,ES1 2 bat,0.0
mean,2050,42,84,ES1 2 bat,0.0
mean,2050,42,85,ES1 2 bat,0.0
mean,2050,42,86,ES1 2 bat,0.0
mean,2050,42,87,ES1 2 bat,0.0
mean,2050,42,88,ES1 2 bat,0.0
mean,2050,42,89,ES1 2 bat,0.0
mean,2050,42,90,ES1 2 bat,0.0
mean,2050,42,91,ES1 2 bat,0.0
mean,2050,42,92,ES1 2 bat,0.0
mean,2050,42,93,ES1 2 bat,0.0
mean,2050,42,94,ES1 2 bat,0.0
mean,2050,42,95,ES1 2 bat,0.0
mean,2050,42,96,ES1 2 bat,0.0
mean,2050,42,97,ES1 2 bat,0.0
mean,2050,42,98,ES1 2 bat,0.0
mean,2050,42,99,ES1 2 bat,0.0
mean,2050,42,100,ES1 2 bat,0.0
mean,2050,42,101,ES1 2 bat,0.0
mean,2050,42,102,ES1 2 bat,0.0
mean,2050,42,103,ES1 2 bat,0.0
mean,2050,42,104,ES1 2 bat,0.0
mean,2050,42,105,ES1 2 bat,0.0
mean,2050,42,106,ES1 2 bat,0.0
mean,2050,42,107,ES1 2 bat,0.0
mean,2050,42,108,ES1 2 bat,0.0
mean,2050,42,109,ES1 2 bat,0.0
mean,2050,42,110,ES1 2 bat,0.0
mean,2050,42,111,ES1 2 bat,0.0
mean,2050,42,112,ES1 2 bat,0.0
mean,2050,42,113,ES1 2 bat,0.0
mean,2050,42,114,ES1 2 bat,0.0
mean,2050,42,115,ES1 2 bat,0.0
mean,2050,42,116,ES1 2 bat,0.0
mean,2050,42,117,ES1 2 bat,0.0
mean,2050,42,118,ES1 2 bat,0.0
mean,2050,42,119,ES1 2 bat,0.0
mean,2050,42,120,ES1 2 bat,0.0
mean,2050,42,121,ES1 2 bat,0.0
mean,2050,42,122,ES1 2 bat,0.0
mean,2050,42,123,ES1 2 bat,0.0
mean,2050,42,124,ES1 2 bat,0.0
mean,2050,42,125,ES1 2 bat,0.0
mean,2050,42,126,ES1 2 bat,0.0
mean,2050,42,127,ES1 2 bat,0.0
mean,2050,42,128,ES1 2 bat,0.0
mean,2050,42,129,ES1 2 bat,0.0
mean,2050,42,130,ES1 2 bat,0.0
mean,2050,42,131,ES1 2 bat,0.0
mean,2050,42,132,ES1 2 bat,0.0
mean,2050,42,133,ES1 2 bat,0.0
mean,2050,42,134,ES1 2 bat,0.0
mean,2050,42,135,ES1 2 bat,0.0
mean,2050,42,136,ES1 2 bat,0.0
mean,2050,42,137,ES1 2 bat,0.0
mean,2050,42,138,ES1 2 bat,0.0
mean,2050,42,139,ES1 2 bat,0.0
mean,2050,42,140,ES1 2 bat,0.0
mean,2050,42,141,ES1 2 bat,0.0
mean,2050,42,142,ES1 2 bat,0.0
mean,2050,42,143,ES1 2 bat,0.0
mean,2050,42,144,ES1 2 bat,0.0
mean,2050,42,145,ES1 2 bat,0.0
mean,2050,42,146,ES1 2 bat,0.0
mean,2050,42,147,ES1 2 bat,0.0
mean,2050,42,148,ES1 2 bat,0.0
mean,2050,42,149,ES1 2 bat,0.0
mean,2050,42,150,ES1 2 bat,0.0
mean,2050,42,151,ES1 2 bat,0.0
mean,2050,42,152,ES1 2 bat,0.0
mean,2050,42,153,ES1 2 bat,0.0
mean,2050,42,154,ES1 2 bat,0.0
mean,2050,42,155,ES1 2 bat,0.0
mean,2050,42,156,ES1 2 bat,0.0
mean,2050,42,157,ES1 2 bat,0.0
mean,2050,42,158,ES1 2 bat,0.0
mean,2050,42,159,ES1 2 bat,0.0
mean,2050,42,160,ES1 2 bat,0.0
mean,2050,42,161,ES1 2 bat,0.0
mean,2050,42,162,ES1 2 bat,0.0
mean,2050,42,163,ES1 2 bat,0.0
mean,2050,42,164,ES1 2 bat,0.0
mean,2050,42,165,ES1 2 bat,0.0
mean,2050,42,166,ES1 2 bat,0.0
mean,2050,42,167,ES1 2 bat,0.0
mean,2050,52,0,ES1 2 bat,0.0
mean,2050,52,1,ES1 2 bat,0.0
mean,2050,52,2,ES1 2 bat,0.0
mean,2050,52,3,ES1 2 bat,0.0
mean,2050,52,4,ES1 2 bat,0.0
mean,2050,52,5,ES1 2 bat,0.0
mean,2050,52,6,ES1 2 bat,0.0
mean,2050,52,7,ES1 2 bat,0.0
mean,2050,52,8,ES1 2 bat,0.0
mean,2050,52,9,ES1 2 bat,0.0
mean,2050,52,10,ES1 2 bat,0.0
mean,2050,52,11,ES1 2 bat,0.0
mean,2050,52,12,ES1 2 bat,0.0
mean,2050,52,13,ES1 2 bat,0.0
mean,2050,52,14,ES1 2 bat,0.0
mean,2050,52,15,ES1 2 bat,0.0
mean,2050,52,16,ES1 2 bat,0.0
mean,2050,52,17,ES1 2 bat,0.0
mean,2050,52,18,ES1 2 bat,0.0
mean,2050,52,19,ES1 2 bat,0.0
mean,2050,52,20,ES1 2 bat,0.0
mean,2050,52,21,ES1 2 bat,0.0
mean,2050,52,22,ES1 2 bat,0.0
mean,2050,52,23,ES1 2 bat,0.0
mean,2050,52,24,ES1 2 bat,0.0
mean,2050,52,25,ES1 2 bat,0.0
mean,2050,52,26,ES1 2 bat,0.0
mean,2050,52,27,ES1 2 bat,0.0
mean,2050,52,28,ES1 2 bat,0.0
mean,2050,52,29,ES1 2 bat,0.0
mean,2050,52,30,ES1 2 bat,0.0
mean,2050,52,31,ES1 2 bat,0.0
mean,2050,52,32,ES1 2 bat,0.0
mean,2050,52,33,ES1 2 bat,0.0
mean,2050,52,34,ES1 2 bat,0.0
mean,2050,52,35,ES1 2 bat,0.0
mean,2050,52,36,ES1 2 bat,0.0
mean,2050,52,37,ES1 2 bat,0.0
mean,2050,52,38,ES1 2 bat,0.0
mean,2050,52,39,ES1 2 bat,0.0
mean,2050,52,40,ES1 2 bat,0.0
mean,2050,52,41,ES1 2 bat,0.0
mean,2050,52,42,ES1 2 bat,0.0
mean,2050,52,43,ES1 2 bat,0.0
mean,2050,52,44,ES1 2 bat,0.0
mean,2050,52,45,ES1 2 bat,0.0
mean,2050,52,46,ES1 2 bat,0.0
mean,2050,52,47,ES1 2 bat,0.0
mean,2050,52,48,ES1 2 bat,0.0
mean,2050,52,49,ES1 2 bat,0.0
mean,2050,52,50,ES1 2 bat,0.0
mean,2050,52,51,ES1 2 bat,0.0
mean,2050,52,52,ES1 2 bat,0.0
mean,2050,52,53,ES1 2 bat,0.0
mean,2050,52,54,ES1 2 bat,0.0
mean,2050,52,55,ES1 2 bat,0.0
mean,2050,52,56,ES1 2 bat,0.0
mean,2050,52,57,ES1 2 bat,0.0
mean,2050,52,58,ES1 2 bat,0.0
mean,2050,52,59,ES1 2 bat,0.0
mean,2050,52,60,ES1 2 bat,0.0
mean,2050,52,61,ES1 2 bat,0.0
mean,2050,52,62,ES1 2 bat,0.0
mean,2050,52,63,ES1 2 bat,0.0
mean,2050,52,64,ES1 2 bat,0.0
mean,2050,52,65,ES1 2 bat,0.0
mean,2050,52,66,ES1 2 bat,0.0
mean,2050,52,67,ES1 2 bat,0.0
mean,2050,52,68,ES1 2 bat,0.0
mean,2050,52,69,ES1 2 bat,0.0
mean,2050,52,70,ES1 2 bat,0.0
mean,2050,52,71,ES1 2 bat,0.0
mean,2050,52,72,ES1 2 bat,0.0
mean,2050,52,73,ES1 2 bat,0.0
mean,2050,52,74,ES1 2 bat,0.0
mean,2050,52,75,ES1 2 bat,0.0
mean,2050,52,76,ES1 2 bat,0.0
mean,2050,52,77,ES1 2 bat,0.0
mean,2050,52,78,ES1 2 bat,0.0
mean,2050,52,79,ES1 2 bat,0.0
mean,2050,52,80,ES1 2 bat,0.0
mean,2050,52,81,ES1 2 bat,0.0
mean,2050,52,82,ES1 2 bat,0.0
mean,2050,52,83,ES1 2 bat,0.0
mean,2050,52,84,ES1 2 bat,0.0
mean,2050,52,85,ES1 2 bat,0.0
mean,2050,52,86,ES1 2 bat,0.0
mean,2050,52,87,ES1 2 bat,0.0
mean,2050,52,88,ES1 2 bat,0.0
mean,2050,52,89,ES1 2 bat,0.0
mean,2050,52,90,ES1 2 bat,0.0
mean,2050,52,91,ES1 2 bat,0.0
mean,2050,52,92,ES1 2 bat,0.0
mean,2050,52,93,ES1 2 bat,0.0
mean,2050,52,94,ES1 2 bat,0.0
mean,2050,52,95,ES1 2 bat,0.0
mean,2050,52,96,ES1 2 bat,0.0
mean,2050,52,97,ES1 2 bat,0.0
mean,2050,52,98,ES1 2 bat,0.0
mean,2050,52,99,ES1 2 bat,0.0
mean,2050,52,100,ES1 2 bat,0.0
mean,2050,52,101,ES1 2 bat,0.0
mean,2050,52,102,ES1 2 bat,0.0
mean,2050,52,103,ES1 2 bat,0.0
mean,2050,52,104,ES1 2 bat,0.0
mean,2050,52,105,ES1 2 bat,0.0
mean,2050,52,106,ES1 2 bat,0.0
mean,2050,52,107,ES1 2 bat,0.0
mean,2050,52,108,ES1 2 bat,0.0
mean,2050,52,109,ES1 2 bat,0.0
mean,2050,52,110,ES1 2 bat,0.0
mean,2050,52,111,ES1 2 bat,0.0
mean,2050,52,112,ES1 2 bat,0.0
mean,2050,52,113,ES1 2 bat,0.0
mean,2050,52,114,ES1 2 bat,0.0
mean,2050,52,115,ES1 2 bat,0.0
mean,2050,52,116,ES1 2 bat,0.0
mean,2050,52,117,ES1 2 bat,0.0
mean,2050,52,118,ES1 2 bat,0.0
mean,2050,52,119,ES1 2 bat,0.0
mean,2050,52,120,ES1 2 bat,0.0
mean,2050,52,121,ES1 2 bat,0.0
mean,2050,52,122,ES1 2 bat,0.0
mean,2050,52,123,ES1 2 bat,0.0
mean,2050,52,124,ES1 2 bat,0.0
mean,2050,52,125,ES1 2 bat,0.0
mean,2050,52,126,ES1 2 bat,0.0
mean,2050,52,127,ES1 2 bat,0.0
mean,2050,52,128,ES1 2 bat,0.0
mean,2050,52,129,ES1 2 bat,0.0
mean,2050,52,130,ES1 2 bat,0.0
mean,2050,52,131,ES1 2 bat,0.0
mean,2050,52,132,ES1 2 bat,0.0
mean,2050,52,133,ES1 2 bat,0.0
mean,2050,52,134,ES1 2 bat,0.0
mean,2050,52,135,ES1 2 bat,0.0
mean,2050,52,136,ES1 2 bat,0.0
mean,2050,52,137,ES1 2 bat,0.0
mean,2050,52,138,ES1 2 bat,0.0
mean,2050,52,139,ES1 2 bat,0.0
mean,2050,52,140,ES1 2 bat,0.0
mean,2050,52,141,ES1 2 bat,0.0
mean,2050,52,142,ES1 2 bat,0.0
mean,2050,52,143,ES1 2 bat,0.0
mean,2050,52,144,ES1 2 bat,0.0
mean,2050,52,145,ES1 2 bat,0.0
mean,2050,52,146,ES1 2 bat,0.0
mean,2050,52,147,ES1 2 bat,0.0
mean,2050,52,148,ES1 2 bat,0.0
mean,2050,52,149,ES1 2 bat,0.0
mean,2050,52,150,ES1 2 bat,0.0
mean,2050,52,151,ES1 2 bat,0.0
mean,2050,52,152,ES1 2 bat,0.0
mean,2050,52,153,ES1 2 bat,0.0
mean,2050,52,154,ES1 2 bat,0.0
mean,2050,52,155,ES1 2 bat,0.0
mean,2050,52,156,ES1 2 bat,0.0
mean,2050,52,157,ES1 2 bat,0.0
mean,2050,52,158,ES1 2 bat,0.0
mean,2050,52,159,ES1 2 bat,0.0
mean,2050,52,160,ES1 2 bat,0.0
mean,2050,52,161,ES1 2 bat,0.0
mean,2050,52,162,ES1 2 bat,0.0
mean,2050,52,163,ES1 2 bat,0.0
mean,2050,52,164,ES1 2 bat,0.0
mean,2050,52,165,ES1 2 bat,0.0
mean,2050,52,166,ES1 2 bat,0.0
mean,2050,52,167,ES1 2 bat,0.0
mean,2025,11,0,ES1 3 bat,0.0
mean,2025,11,1,ES1 3 bat,0.0
mean,2025,11,2,ES1 3 bat,0.0
mean,2025,11,3,ES1 3 bat,0.0
mean,2025,11,4,ES1 3 bat,0.0
mean,2025,11,5,ES1 3 bat,0.0
mean,2025,11,6,ES1 3 bat,0.0
mean,2025,11,7,ES1 3 bat,0.0
mean,2025,11,8,ES1 3 bat,0.0
mean,2025,11,9,ES1 3 bat,0.0
mean,2025,11,10,ES1 3 bat,0.0
mean,2025,11,11,ES1 3 bat,0.0
mean,2025,11,12,ES1 3 bat,0.0
mean,2025,11,13,ES1 3 bat,0.0
mean,2025,11,14,ES1 3 bat,0.0
mean,2025,11,15,ES1 3 bat,0.0
mean,2025,11,16,ES1 3 bat,0.0
mean,2025,11,17,ES1 3 bat,0.0
mean,2025,11,18,ES1 3 bat,0.0
mean,2025,11,19,ES1 3 bat,0.0
mean,2025,11,20,ES1 3 bat,0.0
mean,2025,11,21,ES1 3 bat,0.0
mean,2025,11,22,ES1 3 bat,0.0
mean,2025,11,23,ES1 3 bat,0.0
mean,2025,11,24,ES1 3 bat,0.0
mean,2025,11,25,ES1 3 bat,0.0
mean,2025,11,26,ES1 3 bat,0.0
mean,2025,11,27,ES1 3 bat,0.0
mean,2025,11,28,ES1 3 bat,0.0
mean,2025,11,29,ES1 3 bat,0.0
mean,2025,11,30,ES1 3 bat,0.0
mean,2025,11,31,ES1 3 bat,0.0
mean,2025,11,32,ES1 3 bat,0.0
mean,2025,11,33,ES1 3 bat,0.0
mean,2025,11,34,ES1 3 bat,0.0
mean,2025,11,35,ES1 3 bat,0.0
mean,2025,11,36,ES1 3 bat,0.0
mean,2025,11,37,ES1 3 bat,0.0
mean,2025,11,38,ES1 3 bat,0.0
mean,2025,11,39,ES1 3 bat,0.0
mean,2025,11,40,ES1 3 bat,0.0
mean,2025,11,41,ES1 3 bat,0.0
mean,2025,11,42,ES1 3 bat,0.0
mean,2025,11,43,ES1 3 bat,0.0
mean,2025,11,44,ES1 3 bat,0.0
mean,2025,11,45,ES1 3 bat,0.0
mean,2025,11,46,ES1 3 bat,0.0
mean,2025,11,47,ES1 3 bat,0.0
mean,2025,11,48,ES1 3 bat,0.0
mean,2025,11,49,ES1 3 bat,0.0
mean,2025,11,50,ES1 3 bat,0.0
mean,2025,11,51,ES1 3 bat,0.0
mean,2025,11,52,ES1 3 bat,0.0
mean,2025,11,53,ES1 3 bat,0.0
mean,2025,11,54,ES1 3 bat,0.0
mean,2025,11,55,ES1 3 bat,0.0
mean,2025,11,56,ES1 3 bat,0.0
mean,2025,11,57,ES1 3 bat,0.0
mean,2025,11,58,ES1 3 bat,0.0
mean,2025,11,59,ES1 3 bat,0.0
mean,2025,11,60,ES1 3 bat,0.0
mean,2025,11,61,ES1 3 bat,0.0
mean,2025,11,62,ES1 3 bat,0.0
mean,2025,11,63,ES1 3 bat,0.0
mean,2025,11,64,ES1 3 bat,0.0
mean,2025,11,65,ES1 3 bat,0.0
mean,2025,11,66,ES1 3 bat,0.0
mean,2025,11,67,ES1 3 bat,0.0
mean,2025,11,68,ES1 3 bat,0.0
mean,2025,11,69,ES1 3 bat,0.0
mean,2025,11,70,ES1 3 bat,0.0
mean,2025,11,71,ES1 3 bat,0.0
mean,2025,11,72,ES1 3 bat,0.0
mean,2025,11,73,ES1 3 bat,0.0
mean,2025,11,74,ES1 3 bat,0.0
mean,2025,11,75,ES1 3 bat,0.0
mean,2025,11,76,ES1 3 bat,0.0
mean,2025,11,77,ES1 3 bat,0.0
mean,2025,11,78,ES1 3 bat,0.0
mean,2025,11,79,ES1 3 bat,0.0
mean,2025,11,80,ES1 3 bat,0.0
mean,2025,11,81,ES1 3 bat,0.0
mean,2025,11,82,ES1 3 bat,0.0
mean,2025,11,83,ES1 3 bat,0.0
mean,2025,11,84,ES1 3 bat,0.0
mean,2025,11,85,ES1 3 bat,0.0
mean,2025,11,86,ES1 3 bat,0.0
mean,2025,11,87,ES1 3 bat,0.0
mean,2025,11,88,ES1 3 bat,0.0
mean,2025,11,89,ES1 3 bat,0.0
mean,2025,11,90,ES1 3 bat,0.0
mean,2025,11,91,ES1 3 bat,0.0
mean,2025,11,92,ES1 3 bat,0.0
mean,2025,11,93,ES1 3 bat,0.0
mean,2025,11,94,ES1 3 bat,0.0
mean,2025,11,95,ES1 3 bat,0.0
mean,2025,11,96,ES1 3 bat,0.0
mean,2025,11,97,ES1 3 bat,0.0
mean,2025,11,98,ES1 3 bat,0.0
mean,2025,11,99,ES1 3 bat,0.0
mean,2025,11,100,ES1 3 bat,0.0
mean,2025,11,101,ES1 3 bat,0.0
mean,2025,11,102,ES1 3 bat,0.0
mean,2025,11,103,ES1 3 bat,0.0
mean,2025,11,104,ES1 3 bat,0.0
mean,2025,11,105,ES1 3 bat,0.0
mean,2025,11,106,ES1 3 bat,0.0
mean,2025,11,107,ES1 3 bat,0.0
mean,2025,11,108,ES1 3 bat,0.0
mean,2025,11,109,ES1 3 bat,0.0
mean,2025,11,110,ES1 3 bat,0.0
mean,2025,11,111,ES1 3 bat,0.0
mean,2025,11,112,ES1 3 bat,0.0
mean,2025,11,113,ES1 3 bat,0.0
mean,2025,11,114,ES1 3 bat,0.0
mean,2025,11,115,ES1 3 bat,0.0
mean,2025,11,116,ES1 3 bat,0.0
mean,2025,11,117,ES1 3 bat,0.0
mean,2025,11,118,ES1 3 bat,0.0
mean,2025,11,119,ES1 3 bat,0.0
mean,2025,11,120,ES1 3 bat,0.0
mean,2025,11,121,ES1 3 bat,0.0
mean,2025,11,122,ES1 3 bat,0.0
mean,2025,11,123,ES1 3 bat,0.0
mean,2025,11,124,ES1 3 bat,0.0
mean,2025,11,125,ES1 3 bat,0.0
mean,2025,11,126,ES1 3 bat,0.0
mean,2025,11,127,ES1 3 bat,0.0
mean,2025,11,128,ES1 3 bat,0.0
mean,2025,11,129,ES1 3 bat,0.0
mean,2025,11,130,ES1 3 bat,0.0
mean,2025,11,131,ES1 3 bat,0.0
mean,2025,11,132,ES1 3 bat,0.0
mean,2025,11,133,ES1 3 bat,0.0
mean,2025,11,134,ES1 3 bat,0.0
mean,2025,11,135,ES1 3 bat,0.0
mean,2025,11,136,ES1 3 bat,0.0
mean,2025,11,137,ES1 3 bat,0.0
mean,2025,11,138,ES1 3 bat,0.0
mean,2025,11,139,ES1 3 bat,0.0
mean,2025,11,140,ES1 3 bat,0.0
mean,2025,11,141,ES1 3 bat,0.0
mean,2025,11,142,ES1 3 bat,0.0
mean,2025,11,143,ES1 3 bat,0.0
mean,2025,11,144,ES1 3 bat,0.0
mean,2025,11,145,ES1 3 bat,0.0
mean,2025,11,146,ES1 3 bat,0.0
mean,2025,11,147,ES1 3 bat,0.0
mean,2025,11,148,ES1 3 bat,0.0
mean,2025,11,149,ES1 3 bat,0.0
mean,2025,11,150,ES1 3 bat,0.0
mean,2025,11,151,ES1 3 bat,0.0
mean,2025,11,152,ES1 3 bat,0.0
mean,2025,11,153,ES1 3 bat,0.0
mean,2025,11,154,ES1 3 bat,0.0
mean,2025,11,155,ES1 3 bat,0.0
mean,2025,11,156,ES1 3 bat,0.0
mean,2025,11,157,ES1 3 bat,0.0
mean,2025,11,158,ES1 3 bat,0.0
mean,2025,11,159,ES1 3 bat,0.0
mean,2025,11,160,ES1 3 bat,0.0
mean,2025,11,161,ES1 3 bat,0.0
mean,2025,11,162,ES1 3 bat,0.0
mean,2025,11,163,ES1 3 bat,0.0
mean,2025,11,164,ES1 3 bat,0.0
mean,2025,11,165,ES1 3 bat,0.0
mean,2025,11,166,ES1 3 bat,0.0
mean,2025,11,167,ES1 3 bat,0.0
mean,2025,21,0,ES1 3 bat,0.0
mean,2025,21,1,ES1 3 bat,0.0
mean,2025,21,2,ES1 3 bat,0.0
mean,2025,21,3,ES1 3 bat,0.0
mean,2025,21,4,ES1 3 bat,0.0
mean,2025,21,5,ES1 3 bat,0.0
mean,2025,21,6,ES1 3 bat,0.0
mean,2025,21,7,ES1 3 bat,0.0
mean,2025,21,8,ES1 3 bat,0.0
mean,2025,21,9,ES1 3 bat,0.0
mean,2025,21,10,ES1 3 bat,0.0
mean,2025,21,11,ES1 3 bat,0.0
mean,2025,21,12,ES1 3 bat,0.0
mean,2025,21,13,ES1 3 bat,0.0
mean,2025,21,14,ES1 3 bat,0.0
mean,2025,21,15,ES1 3 bat,0.0
mean,2025,21,16,ES1 3 bat,0.0
mean,2025,21,17,ES1 3 bat,0.0
mean,2025,21,18,ES1 3 bat,0.0
mean,2025,21,19,ES1 3 bat,0.0
mean,2025,21,20,ES1 3 bat,0.0
mean,2025,21,21,ES1 3 bat,0.0
mean,2025,21,22,ES1 3 bat,0.0
mean,2025,21,23,ES1 3 bat,0.0
mean,2025,21,24,ES1 3 bat,0.0
mean,2025,21,25,ES1 3 bat,0.0
mean,2025,21,26,ES1 3 bat,0.0
mean,2025,21,27,ES1 3 bat,0.0
mean,2025,21,28,ES1 3 bat,0.0
mean,2025,21,29,ES1 3 bat,0.0
mean,2025,21,30,ES1 3 bat,0.0
mean,2025,21,31,ES1 3 bat,0.0
mean,2025,21,32,ES1 3 bat,0.0
mean,2025,21,33,ES1 3 bat,0.0
mean,2025,21,34,ES1 3 bat,0.0
mean,2025,21,35,ES1 3 bat,0.0
mean,2025,21,36,ES1 3 bat,0.0
mean,2025,21,37,ES1 3 bat,0.0
mean,2025,21,38,ES1 3 bat,0.0
mean,2025,21,39,ES1 3 bat,0.0
mean,2025,21,40,ES1 3 bat,0.0
mean,2025,21,41,ES1 3 bat,0.0
mean,2025,21,42,ES1 3 bat,0.0
mean,2025,21,43,ES1 3 bat,0.0
mean,2025,21,44,ES1 3 bat,0.0
mean,2025,21,45,ES1 3 bat,0.0
mean,2025,21,46,ES1 3 bat,0.0
mean,2025,21,47,ES1 3 bat,0.0
mean,2025,21,48,ES1 3 bat,0.0
mean,2025,21,49,ES1 3 bat,0.0
mean,2025,21,50,ES1 3 bat,0.0
mean,2025,21,51,ES1 3 bat,0.0
mean,2025,21,52,ES1 3 bat,0.0
mean,2025,21,53,ES1 3 bat,0.0
mean,2025,21,54,ES1 3 bat,0.0
mean,2025,21,55,ES1 3 bat,0.0
mean,2025,21,56,ES1 3 bat,0.0
mean,2025,21,57,ES1 3 bat,0.0
mean,2025,21,58,ES1 3 bat,0.0
mean,2025,21,59,ES1 3 bat,0.0
mean,2025,21,60,ES1 3 bat,0.0
mean,2025,21,61,ES1 3 bat,0.0
mean,2025,21,62,ES1 3 bat,0.0
mean,2025,21,63,ES1 3 bat,0.0
mean,2025,21,64,ES1 3 bat,0.0
mean,2025,21,65,ES1 3 bat,0.0
mean,2025,21,66,ES1 3 bat,0.0
mean,2025,21,67,ES1 3 bat,0.0
mean,2025,21,68,ES1 3 bat,0.0
mean,2025,21,69,ES1 3 bat,0.0
mean,2025,21,70,ES1 3 bat,0.0
mean,2025,21,71,ES1 3 bat,0.0
mean,2025,21,72,ES1 3 bat,0.0
mean,2025,21,73,ES1 3 bat,0.0
mean,2025,21,74,ES1 3 bat,0.0
mean,2025,21,75,ES1 3 bat,0.0
mean,2025,21,76,ES1 3 bat,0.0
mean,2025,21,77,ES1 3 bat,0.0
mean,2025,21,78,ES1 3 bat,0.0
mean,2025,21,79,ES1 3 bat,0.0
mean,2025,21,80,ES1 3 bat,0.0
mean,2025,21,81,ES1 3 bat,0.0
mean,2025,21,82,ES1 3 bat,0.0
mean,2025,21,83,ES1 3 bat,0.0
mean,2025,21,84,ES1 3 bat,0.0
mean,2025,21,85,ES1 3 bat,0.0
mean,2025,21,86,ES1 3 bat,0.0
mean,2025,21,87,ES1 3 bat,0.0
mean,2025,21,88,ES1 3 bat,0.0
mean,2025,21,89,ES1 3 bat,0.0
mean,2025,21,90,ES1 3 bat,0.0
mean,2025,21,91,ES1 3 bat,0.0
mean,2025,21,92,ES1 3 bat,0.0
mean,2025,21,93,ES1 3 bat,0.0
mean,2025,21,94,ES1 3 bat,0.0
mean,2025,21,95,ES1 3 bat,0.0
mean,2025,21,96,ES1 3 bat,0.0
mean,2025,21,97,ES1 3 bat,0.0
mean,2025,21,98,ES1 3 bat,0.0
mean,2025,21,99,ES1 3 bat,0.0
mean,2025,21,100,ES1 3 bat,0.0
mean,2025,21,101,ES1 3 bat,0.0
mean,2025,21,102,ES1 3 bat,0.0
mean,2025,21,103,ES1 3 bat,0.0
mean,2025,21,104,ES1 3 bat,0.0
mean,2025,21,105,ES1 3 bat,0.0
mean,2025,21,106,ES1 3 bat,0.0
mean,2025,21,107,ES1 3 bat,0.0
mean,2025,21,108,ES1 3 bat,0.0
mean,2025,21,109,ES1 3 bat,0.0
mean,2025,21,110,ES1 3 bat,0.0
mean,2025,21,111,ES1 3 bat,0.0
mean,2025,21,112,ES1 3 bat,0.0
mean,2025,21,113,ES1 3 bat,0.0
mean,2025,21,114,ES1 3 bat,0.0
mean,2025,21,115,ES1 3 bat,0.0
mean,2025,21,116,ES1 3 bat,0.0
mean,2025,21,117,ES1 3 bat,0.0
mean,2025,21,118,ES1 3 bat,0.0
mean,2025,21,119,ES1 3 bat,0.0
mean,2025,21,120,ES1 3 bat,0.0
mean,2025,21,121,ES1 3 bat,0.0
mean,2025,21,122,ES1 3 bat,0.0
mean,2025,21,123,ES1 3 bat,0.0
mean,2025,21,124,ES1 3 bat,0.0
mean,2025,21,125,ES1 3 bat,0.0
mean,2025,21,126,ES1 3 bat,0.0
mean,2025,21,127,ES1 3 bat,0.0
mean,2025,21,128,ES1 3 bat,0.0
mean,2025,21,129,ES1 3 bat,0.0
mean,2025,21,130,ES1 3 bat,0.0
mean,2025,21,131,ES1 3 bat,0.0
mean,2025,21,132,ES1 3 bat,0.0
mean,2025,21,133,ES1 3 bat,0.0
mean,2025,21,134,ES1 3 bat,0.0
mean,2025,21,135,ES1 3 bat,0.0
mean,2025,21,136,ES1 3 bat,0.0
mean,2025,21,137,ES1 3 bat,0.0
mean,2025,21,138,ES1 3 bat,0.0
mean,2025,21,139,ES1 3 bat,0.0
mean,2025,21,140,ES1 3 bat,0.0
mean,2025,21,141,ES1 3 bat,0.0
mean,2025,21,142,ES1 3 bat,0.0
mean,2025,21,143,ES1 3 bat,0.0
mean,2025,21,144,ES1 3 bat,0.0
mean,2025,21,145,ES1 3 bat,0.0
mean,2025,21,146,ES1 3 bat,0.0
mean,2025,21,147,ES1 3 bat,0.0
mean,2025,21,148,ES1 3 bat,0.0
mean,2025,21,149,ES1 3 bat,0.0
mean,2025,21,150,ES1 3 bat,0.0
mean,2025,21,151,ES1 3 bat,0.0
mean,2025,21,152,ES1 3 bat,0.0
mean,2025,21,153,ES1 3 bat,0.0
mean,2025,21,154,ES1 3 bat,0.0
mean,2025,21,155,ES1 3 bat,0.0
mean,2025,21,156,ES1 3 bat,0.0
mean,2025,21,157,ES1 3 bat,0.0
mean,2025,21,158,ES1 3 bat,0.0
mean,2025,21,159,ES1 3 bat,0.0
mean,2025,21,160,ES1 3 bat,0.0
mean,2025,21,161,ES1 3 bat,0.0
mean,2025,21,162,ES1 3 bat,0.0
mean,2025,21,163,ES1 3 bat,0.0
mean,2025,21,164,ES1 3 bat,0.0
mean,2025,21,165,ES1 3 bat,0.0
mean,2025,21,166,ES1 3 bat,0.0
mean,2025,21,167,ES1 3 bat,0.0
mean,2025,42,0,ES1 3 bat,0.0
mean,2025,42,1,ES1 3 bat,0.0
mean,2025,42,2,ES1 3 bat,0.0
mean,2025,42,3,ES1 3 bat,0.0
mean,2025,42,4,ES1 3 bat,0.0
mean,2025,42,5,ES1 3 bat,0.0
mean,2025,42,6,ES1 3 bat,0.0
mean,2025,42,7,ES1 3 bat,0.0
mean,2025,42,8,ES1 3 bat,0.0
mean,2025,42,9,ES1 3 bat,0.0
mean,2025,42,10,ES1 3 bat,0.0
mean,2025,42,11,ES1 3 bat,0.0
mean,2025,42,12,ES1 3 bat,0.0
mean,2025,42,13,ES1 3 bat,0.0
mean,2025,42,14,ES1 3 bat,0.0
mean,2025,42,15,ES1 3 bat,0.0
mean,2025,42,16,ES1 3 bat,0.0
mean,2025,42,17,ES1 3 bat,0.0
mean,2025,42,18,ES1 3 bat,0.0
mean,2025,42,19,ES1 3 bat,0.0
mean,2025,42,20,ES1 3 bat,0.0
mean,2025,42,21,ES1 3 bat,0.0
mean,2025,42,22,ES1 3 bat,0.0
mean,2025,42,23,ES1 3 bat,0.0
mean,2025,42,24,ES1 3 bat,0.0
mean,2025,42,25,ES1 3 bat,0.0
mean,2025,42,26,ES1 3 bat,0.0
mean,2025,42,27,ES1 3 bat,0.0
mean,2025,42,28,ES1 3 bat,0.0
mean,2025,42,29,ES1 3 bat,0.0
mean,2025,42,30,ES1 3 bat,0.0
mean,2025,42,31,ES1 3 bat,0.0
mean,2025,42,32,ES1 3 bat,0.0
mean,2025,42,33,ES1 3 bat,0.0
mean,2025,42,34,ES1 3 bat,0.0
mean,2025,42,35,ES1 3 bat,0.0
mean,2025,42,36,ES1 3 bat,0.0
mean,2025,42,37,ES1 3 bat,0.0
mean,2025,42,38,ES1 3 bat,0.0
mean,2025,42,39,ES1 3 bat,0.0
mean,2025,42,40,ES1 3 bat,0.0
mean,2025,42,41,ES1 3 bat,0.0
mean,2025,42,42,ES1 3 bat,0.0
mean,2025,42,43,ES1 3 bat,0.0
mean,2025,42,44,ES1 3 bat,0.0
mean,2025,42,45,ES1 3 bat,0.0
mean,2025,42,46,ES1 3 bat,0.0
mean,2025,42,47,ES1 3 bat,0.0
mean,2025,42,48,ES1 3 bat,0.0
mean,2025,42,49,ES1 3 bat,0.0
mean,2025,42,50,ES1 3 bat,0.0
mean,2025,42,51,ES1 3 bat,0.0
mean,2025,42,52,ES1 3 bat,0.0
mean,2025,42,53,ES1 3 bat,0.0
mean,2025,42,54,ES1 3 bat,0.0
mean,2025,42,55,ES1 3 bat,0.0
mean,2025,42,56,ES1 3 bat,0.0
mean,2025,42,57,ES1 3 bat,0.0
mean,2025,42,58,ES1 3 bat,0.0
mean,2025,42,59,ES1 3 bat,0.0
mean,2025,42,60,ES1 3 bat,0.0
mean,2025,42,61,ES1 3 bat,0.0
mean,2025,42,62,ES1 3 bat,0.0
mean,2025,42,63,ES1 3 bat,0.0
mean,2025,42,64,ES1 3 bat,0.0
mean,2025,42,65,ES1 3 bat,0.0
mean,2025,42,66,ES1 3 bat,0.0
mean,2025,42,67,ES1 3 bat,0.0
mean,2025,42,68,ES1 3 bat,0.0
mean,2025,42,69,ES1 3 bat,0.0
mean,2025,42,70,ES1 3 bat,0.0
mean,2025,42,71,ES1 3 bat,0.0
mean,2025,42,72,ES1 3 bat,0.0
mean,2025,42,73,ES1 3 bat,0.0
mean,2025,42,74,ES1 3 bat,0.0
mean,2025,42,75,ES1 3 bat,0.0
mean,2025,42,76,ES1 3 bat,0.0
mean,2025,42,77,ES1 3 bat,0.0
mean,2025,42,78,ES1 3 bat,0.0
mean,2025,42,79,ES1 3 bat,0.0
mean,2025,42,80,ES1 3 bat,0.0
mean,2025,42,81,ES1 3 bat,0.0
mean,2025,42,82,ES1 3 bat,0.0
mean,2025,42,83,ES1 3 bat,0.0
mean,2025,42,84,ES1 3 bat,0.0
mean,2025,42,85,ES1 3 bat,0.0
mean,2025,42,86,ES1 3 bat,0.0
mean,2025,42,87,ES1 3 bat,0.0
mean,2025,42,88,ES1 3 bat,0.0
mean,2025,42,89,ES1 3 bat,0.0
mean,2025,42,90,ES1 3 bat,0.0
mean,2025,42,91,ES1 3 bat,0.0
mean,2025,42,92,ES1 3 bat,0.0
mean,2025,42,93,ES1 3 bat,0.0
mean,2025,42,94,ES1 3 bat,0.0
mean,2025,42,95,ES1 3 bat,0.0
mean,2025,42,96,ES1 3 bat,0.0
mean,2025,42,97,ES1 3 bat,0.0
mean,2025,42,98,ES1 3 bat,0.0
mean,2025,42,99,ES1 3 bat,0.0
mean,2025,42,100,ES1 3 bat,0.0
mean,2025,42,101,ES1 3 bat,0.0
mean,2025,42,102,ES1 3 bat,0.0
mean,2025,42,103,ES1 3 bat,0.0
mean,2025,42,104,ES1 3 bat,0.0
mean,2025,42,105,ES1 3 bat,0.0
mean,2025,42,106,ES1 3 bat,0.0
mean,2025,42,107,ES1 3 bat,0.0
mean,2025,42,108,ES1 3 bat,0.0
mean,2025,42,109,ES1 3 bat,0.0
mean,2025,42,110,ES1 3 bat,0.0
mean,2025,42,111,ES1 3 bat,0.0
mean,2025,42,112,ES1 3 bat,0.0
mean,2025,42,113,ES1 3 bat,0.0
mean,2025,42,114,ES1 3 bat,0.0
mean,2025,42,115,ES1 3 bat,0.0
mean,2025,42,116,ES1 3 bat,0.0
mean,2025,42,117,ES1 3 bat,0.0
mean,2025,42,118,ES1 3 bat,0.0
mean,2025,42,119,ES1 3 bat,0.0
mean,2025,42,120,ES1 3 bat,0.0
mean,2025,42,121,ES1 3 bat,0.0
mean,2025,42,122,ES1 3 bat,0.0
mean,2025,42,123,ES1 3 bat,0.0
mean,2025,42,124,ES1 3 bat,0.0
mean,2025,42,125,ES1 3 bat,0.0
mean,2025,42,126,ES1 3 bat,0.0
mean,2025,42,127,ES1 3 bat,0.0
mean,2025,42,128,ES1 3 bat,0.0
mean,2025,42,129,ES1 3 bat,0.0
mean,2025,42,130,ES1 3 bat,0.0
mean,2025,42,131,ES1 3 bat,0.0
mean,2025,42,132,ES1 3 bat,0.0
mean,2025,42,133,ES1 3 bat,0.0
mean,2025,42,134,ES1 3 bat,0.0
mean,2025,42,135,ES1 3 bat,0.0
mean,2025,42,136,ES1 3 bat,0.0
mean,2025,42,137,ES1 3 bat,0.0
mean,2025,42,138,ES1 3 bat,0.0
mean,2025,42,139,ES1 3 bat,0.0
mean,2025,42,140,ES1 3 bat,0.0
mean,2025,42,141,ES1 3 bat,0.0
mean,2025,42,142,ES1 3 bat,0.0
mean,2025,42,143,ES1 3 bat,0.0
mean,2025,42,144,ES1 3 bat,0.0
mean,2025,42,145,ES1 3 bat,0.0
mean,2025,42,146,ES1 3 bat,0.0
mean,2025,42,147,ES1 3 bat,0.0
mean,2025,42,148,ES1 3 bat,0.0
mean,2025,42,149,ES1 3 bat,0.0
mean,2025,42,150,ES1 3 bat,0.0
mean,2025,42,151,ES1 3 bat,0.0
mean,2025,42,152,ES1 3 bat,0.0
mean,2025,42,153,ES1 3 bat,0.0
mean,2025,42,154,ES1 3 bat,0.0
mean,2025,42,155,ES1 3 bat,0.0
mean,2025,42,156,ES1 3 bat,0.0
mean,2025,42,157,ES1 3 bat,0.0
mean,2025,42,158,ES1 3 bat,0.0
mean,2025,42,159,ES1 3 bat,0.0
mean,2025,42,160,ES1 3 bat,0.0
mean,2025,42,161,ES1 3 bat,0.0
mean,2025,42,162,ES1 3 bat,0.0
mean,2025,42,163,ES1 3 bat,0.0
mean,2025,42,164,ES1 3 bat,0.0
mean,2025,42,165,ES1 3 bat,0.0
mean,2025,42,166,ES1 3 bat,0.0
mean,2025,42,167,ES1 3 bat,0.0
mean,2025,52,0,ES1 3 bat,0.0
mean,2025,52,1,ES1 3 bat,0.0
mean,2025,52,2,ES1 3 bat,0.0
mean,2025,52,3,ES1 3 bat,0.0
mean,2025,52,4,ES1 3 bat,0.0
mean,2025,52,5,ES1 3 bat,0.0
mean,2025,52,6,ES1 3 bat,0.0
mean,2025,52,7,ES1 3 bat,0.0
mean,2025,52,8,ES1 3 bat,0.0
mean,2025,52,9,ES1 3 bat,0.0
mean,2025,52,10,ES1 3 bat,0.0
mean,2025,52,11,ES1 3 bat,0.0
mean,2025,52,12,ES1 3 bat,0.0
mean,2025,52,13,ES1 3 bat,0.0
mean,2025,52,14,ES1 3 bat,0.0
mean,2025,52,15,ES1 3 bat,0.0
mean,2025,52,16,ES1 3 bat,0.0
mean,2025,52,17,ES1 3 bat,0.0
mean,2025,52,18,ES1 3 bat,0.0
mean,2025,52,19,ES1 3 bat,0.0
mean,2025,52,20,ES1 3 bat,0.0
mean,2025,52,21,ES1 3 bat,0.0
mean,2025,52,22,ES1 3 bat,0.0
mean,2025,52,23,ES1 3 bat,0.0
mean,2025,52,24,ES1 3 bat,0.0
mean,2025,52,25,ES1 3 bat,0.0
mean,2025,52,26,ES1 3 bat,0.0
mean,2025,52,27,ES1 3 bat,0.0
mean,2025,52,28,ES1 3 bat,0.0
mean,2025,52,29,ES1 3 bat,0.0
mean,2025,52,30,ES1 3 bat,0.0
mean,2025,52,31,ES1 3 bat,0.0
mean,2025,52,32,ES1 3 bat,0.0
mean,2025,52,33,ES1 3 bat,0.0
mean,2025,52,34,ES1 3 bat,0.0
mean,2025,52,35,ES1 3 bat,0.0
mean,2025,52,36,ES1 3 bat,0.0
mean,2025,52,37,ES1 3 bat,0.0
mean,2025,52,38,ES1 3 bat,0.0
mean,2025,52,39,ES1 3 bat,0.0
mean,2025,52,40,ES1 3 bat,0.0
mean,2025,52,41,ES1 3 bat,0.0
mean,2025,52,42,ES1 3 bat,0.0
mean,2025,52,43,ES1 3 bat,0.0
mean,2025,52,44,ES1 3 bat,0.0
mean,2025,52,45,ES1 3 bat,0.0
mean,2025,52,46,ES1 3 bat,0.0
mean,2025,52,47,ES1 3 bat,0.0
mean,2025,52,48,ES1 3 bat,0.0
mean,2025,52,49,ES1 3 bat,0.0
mean,2025,52,50,ES1 3 bat,0.0
mean,2025,52,51,ES1 3 bat,0.0
mean,2025,52,52,ES1 3 bat,0.0
mean,2025,52,53,ES1 3 bat,0.0
mean,2025,52,54,ES1 3 bat,0.0
mean,2025,52,55,ES1 3 bat,0.0
mean,2025,52,56,ES1 3 bat,0.0
mean,2025,52,57,ES1 3 bat,0.0
mean,2025,52,58,ES1 3 bat,0.0
mean,2025,52,59,ES1 3 bat,0.0
mean,2025,52,60,ES1 3 bat,0.0
mean,2025,52,61,ES1 3 bat,0.0
mean,2025,52,62,ES1 3 bat,0.0
mean,2025,52,63,ES1 3 bat,0.0
mean,2025,52,64,ES1 3 bat,0.0
mean,2025,52,65,ES1 3 bat,0.0
mean,2025,52,66,ES1 3 bat,0.0
mean,2025,52,67,ES1 3 bat,0.0
mean,2025,52,68,ES1 3 bat,0.0
mean,2025,52,69,ES1 3 bat,0.0
mean,2025,52,70,ES1 3 bat,0.0
mean,2025,52,71,ES1 3 bat,0.0
mean,2025,52,72,ES1 3 bat,0.0
mean,2025,52,73,ES1 3 bat,0.0
mean,2025,52,74,ES1 3 bat,0.0
mean,2025,52,75,ES1 3 bat,0.0
mean,2025,52,76,ES1 3 bat,0.0
mean,2025,52,77,ES1 3 bat,0.0
mean,2025,52,78,ES1 3 bat,0.0
mean,2025,52,79,ES1 3 bat,0.0
mean,2025,52,80,ES1 3 bat,0.0
mean,2025,52,81,ES1 3 bat,0.0
mean,2025,52,82,ES1 3 bat,0.0
mean,2025,52,83,ES1 3 bat,0.0
mean,2025,52,84,ES1 3 bat,0.0
mean,2025,52,85,ES1 3 bat,0.0
mean,2025,52,86,ES1 3 bat,0.0
mean,2025,52,87,ES1 3 bat,0.0
mean,2025,52,88,ES1 3 bat,0.0
mean,2025,52,89,ES1 3 bat,0.0
mean,2025,52,90,ES1 3 bat,0.0
mean,2025,52,91,ES1 3 bat,0.0
mean,2025,52,92,ES1 3 bat,0.0
mean,2025,52,93,ES1 3 bat,0.0
mean,2025,52,94,ES1 3 bat,0.0
mean,2025,52,95,ES1 3 bat,0.0
mean,2025,52,96,ES1 3 bat,0.0
mean,2025,52,97,ES1 3 bat,0.0
mean,2025,52,98,ES1 3 bat,0.0
mean,2025,52,99,ES1 3 bat,0.0
mean,2025,52,100,ES1 3 bat,0.0
mean,2025,52,101,ES1 3 bat,0.0
mean,2025,52,102,ES1 3 bat,0.0
mean,2025,52,103,ES1 3 bat,0.0
mean,2025,52,104,ES1 3 bat,0.0
mean,2025,52,105,ES1 3 bat,0.0
mean,2025,52,106,ES1 3 bat,0.0
mean,2025,52,107,ES1 3 bat,0.0
mean,2025,52,108,ES1 3 bat,0.0
mean,2025,52,109,ES1 3 bat,0.0
mean,2025,52,110,ES1 3 bat,0.0
mean,2025,52,111,ES1 3 bat,0.0
mean,2025,52,112,ES1 3 bat,0.0
mean,2025,52,113,ES1 3 bat,0.0
mean,2025,52,114,ES1 3 bat,0.0
mean,2025,52,115,ES1 3 bat,0.0
mean,2025,52,116,ES1 3 bat,0.0
mean,2025,52,117,ES1 3 bat,0.0
mean,2025,52,118,ES1 3 bat,0.0
mean,2025,52,119,ES1 3 bat,0.0
mean,2025,52,120,ES1 3 bat,0.0
mean,2025,52,121,ES1 3 bat,0.0
mean,2025,52,122,ES1 3 bat,0.0
mean,2025,52,123,ES1 3 bat,0.0
mean,2025,52,124,ES1 3 bat,0.0
mean,2025,52,125,ES1 3 bat,0.0
mean,2025,52,126,ES1 3 bat,0.0
mean,2025,52,127,ES1 3 bat,0.0
mean,2025,52,128,ES1 3 bat,0.0
mean,2025,52,129,ES1 3 bat,0.0
mean,2025,52,130,ES1 3 bat,0.0
mean,2025,52,131,ES1 3 bat,0.0
mean,2025,52,132,ES1 3 bat,0.0
mean,2025,52,133,ES1 3 bat,0.0
mean,2025,52,134,ES1 3 bat,0.0
mean,2025,52,135,ES1 3 bat,0.0
mean,2025,52,136,ES1 3 bat,0.0
mean,2025,52,137,ES1 3 bat,0.0
mean,2025,52,138,ES1 3 bat,0.0
mean,2025,52,139,ES1 3 bat,0.0
mean,2025,52,140,ES1 3 bat,0.0
mean,2025,52,141,ES1 3 bat,0.0
mean,2025,52,142,ES1 3 bat,0.0
mean,2025,52,143,ES1 3 bat,0.0
mean,2025,52,144,ES1 3 bat,0.0
mean,2025,52,145,ES1 3 bat,0.0
mean,2025,52,146,ES1 3 bat,0.0
mean,2025,52,147,ES1 3 bat,0.0
mean,2025,52,148,ES1 3 bat,0.0
mean,2025,52,149,ES1 3 bat,0.0
mean,2025,52,150,ES1 3 bat,0.0
mean,2025,52,151,ES1 3 bat,0.0
mean,2025,52,152,ES1 3 bat,0.0
mean,2025,52,153,ES1 3 bat,0.0
mean,2025,52,154,ES1 3 bat,0.0
mean,2025,52,155,ES1 3 bat,0.0
mean,2025,52,156,ES1 3 bat,0.0
mean,2025,52,157,ES1 3 bat,0.0
mean,2025,52,158,ES1 3 bat,0.0
mean,2025,52,159,ES1 3 bat,0.0
mean,2025,52,160,ES1 3 bat,0.0
mean,2025,52,161,ES1 3 bat,0.0
mean,2025,52,162,ES1 3 bat,0.0
mean,2025,52,163,ES1 3 bat,0.0
mean,2025,52,164,ES1 3 bat,0.0
mean,2025,52,165,ES1 3 bat,0.0
mean,2025,52,166,ES1 3 bat,0.0
mean,2025,52,167,ES1 3 bat,0.0
mean,2030,11,0,ES1 3 bat,0.0
mean,2030,11,1,ES1 3 bat,0.0
mean,2030,11,2,ES1 3 bat,0.0
mean,2030,11,3,ES1 3 bat,0.0
mean,2030,11,4,ES1 3 bat,0.0
mean,2030,11,5,ES1 3 bat,0.0
mean,2030,11,6,ES1 3 bat,0.0
mean,2030,11,7,ES1 3 bat,0.0
mean,2030,11,8,ES1 3 bat,0.0
mean,2030,11,9,ES1 3 bat,0.0
mean,2030,11,10,ES1 3 bat,0.0
mean,2030,11,11,ES1 3 bat,0.0
mean,2030,11,12,ES1 3 bat,0.0
mean,2030,11,13,ES1 3 bat,0.0
mean,2030,11,14,ES1 3 bat,0.0
mean,2030,11,15,ES1 3 bat,0.0
mean,2030,11,16,ES1 3 bat,0.0
mean,2030,11,17,ES1 3 bat,0.0
mean,2030,11,18,ES1 3 bat,0.0
mean,2030,11,19,ES1 3 bat,0.0
mean,2030,11,20,ES1 3 bat,0.0
mean,2030,11,21,ES1 3 bat,0.0
mean,2030,11,22,ES1 3 bat,0.0
mean,2030,11,23,ES1 3 bat,0.0
mean,2030,11,24,ES1 3 bat,0.0
mean,2030,11,25,ES1 3 bat,0.0
mean,2030,11,26,ES1 3 bat,0.0
mean,2030,11,27,ES1 3 bat,0.0
mean,2030,11,28,ES1 3 bat,0.0
mean,2030,11,29,ES1 3 bat,0.0
mean,2030,11,30,ES1 3 bat,0.0
mean,2030,11,31,ES1 3 bat,0.0
mean,2030,11,32,ES1 3 bat,0.0
mean,2030,11,33,ES1 3 bat,0.0
mean,2030,11,34,ES1 3 bat,0.0
mean,2030,11,35,ES1 3 bat,0.0
mean,2030,11,36,ES1 3 bat,0.0
mean,2030,11,37,ES1 3 bat,0.0
mean,2030,11,38,ES1 3 bat,0.0
mean,2030,11,39,ES1 3 bat,0.0
mean,2030,11,40,ES1 3 bat,0.0
mean,2030,11,41,ES1 3 bat,0.0
mean,2030,11,42,ES1 3 bat,0.0
mean,2030,11,43,ES1 3 bat,0.0
mean,2030,11,44,ES1 3 bat,0.0
mean,2030,11,45,ES1 3 bat,0.0
mean,2030,11,46,ES1 3 bat,0.0
mean,2030,11,47,ES1 3 bat,0.0
mean,2030,11,48,ES1 3 bat,0.0
mean,2030,11,49,ES1 3 bat,0.0
mean,2030,11,50,ES1 3 bat,0.0
mean,2030,11,51,ES1 3 bat,0.0
mean,2030,11,52,ES1 3 bat,0.0
mean,2030,11,53,ES1 3 bat,0.0
mean,2030,11,54,ES1 3 bat,0.0
mean,2030,11,55,ES1 3 bat,0.0
mean,2030,11,56,ES1 3 bat,0.0
mean,2030,11,57,ES1 3 bat,0.0
mean,2030,11,58,ES1 3 bat,0.0
mean,2030,11,59,ES1 3 bat,0.0
mean,2030,11,60,ES1 3 bat,0.0
mean,2030,11,61,ES1 3 bat,0.0
mean,2030,11,62,ES1 3 bat,0.0
mean,2030,11,63,ES1 3 bat,0.0
mean,2030,11,64,ES1 3 bat,0.0
mean,2030,11,65,ES1 3 bat,0.0
mean,2030,11,66,ES1 3 bat,0.0
mean,2030,11,67,ES1 3 bat,0.0
mean,2030,11,68,ES1 3 bat,0.0
mean,2030,11,69,ES1 3 bat,0.0
mean,2030,11,70,ES1 3 bat,0.0
mean,2030,11,71,ES1 3 bat,0.0
mean,2030,11,72,ES1 3 bat,0.0
mean,2030,11,73,ES1 3 bat,0.0
mean,2030,11,74,ES1 3 bat,0.0
mean,2030,11,75,ES1 3 bat,0.0
mean,2030,11,76,ES1 3 bat,0.0
mean,2030,11,77,ES1 3 bat,0.0
mean,2030,11,78,ES1 3 bat,0.0
mean,2030,11,79,ES1 3 bat,0.0
mean,2030,11,80,ES1 3 bat,0.0
mean,2030,11,81,ES1 3 bat,0.0
mean,2030,11,82,ES1 3 bat,0.0
mean,2030,11,83,ES1 3 bat,0.0
mean,2030,11,84,ES1 3 bat,0.0
mean,2030,11,85,ES1 3 bat,0.0
mean,2030,11,86,ES1 3 bat,0.0
mean,2030,11,87,ES1 3 bat,0.0
mean,2030,11,88,ES1 3 bat,0.0
mean,2030,11,89,ES1 3 bat,0.0
mean,2030,11,90,ES1 3 bat,0.0
mean,2030,11,91,ES1 3 bat,0.0
mean,2030,11,92,ES1 3 bat,0.0
mean,2030,11,93,ES1 3 bat,0.0
mean,2030,11,94,ES1 3 bat,0.0
mean,2030,11,95,ES1 3 bat,0.0
mean,2030,11,96,ES1 3 bat,0.0
mean,2030,11,97,ES1 3 bat,0.0
mean,2030,11,98,ES1 3 bat,0.0
mean,2030,11,99,ES1 3 bat,0.0
mean,2030,11,100,ES1 3 bat,0.0
mean,2030,11,101,ES1 3 bat,0.0
mean,2030,11,102,ES1 3 bat,0.0
mean,2030,11,103,ES1 3 bat,0.0
mean,2030,11,104,ES1 3 bat,0.0
mean,2030,11,105,ES1 3 bat,0.0
mean,2030,11,106,ES1 3 bat,0.0
mean,2030,11,107,ES1 3 bat,0.0
mean,2030,11,108,ES1 3 bat,0.0
mean,2030,11,109,ES1 3 bat,0.0
mean,2030,11,110,ES1 3 bat,0.0
mean,2030,11,111,ES1 3 bat,0.0
mean,2030,11,112,ES1 3 bat,0.0
mean,2030,11,113,ES1 3 bat,0.0
mean,2030,11,114,ES1 3 bat,0.0
mean,2030,11,115,ES1 3 bat,0.0
mean,2030,11,116,ES1 3 bat,0.0
mean,2030,11,117,ES1 3 bat,0.0
mean,2030,11,118,ES1 3 bat,0.0
mean,2030,11,119,ES1 3 bat,0.0
mean,2030,11,120,ES1 3 bat,0.0
mean,2030,11,121,ES1 3 bat,0.0
mean,2030,11,122,ES1 3 bat,0.0
mean,2030,11,123,ES1 3 bat,0.0
mean,2030,11,124,ES1 3 bat,0.0
mean,2030,11,125,ES1 3 bat,0.0
mean,2030,11,126,ES1 3 bat,0.0
mean,2030,11,127,ES1 3 bat,0.0
mean,2030,11,128,ES1 3 bat,0.0
mean,2030,11,129,ES1 3 bat,0.0
mean,2030,11,130,ES1 3 bat,0.0
mean,2030,11,131,ES1 3 bat,0.0
mean,2030,11,132,ES1 3 bat,0.0
mean,2030,11,133,ES1 3 bat,0.0
mean,2030,11,134,ES1 3 bat,0.0
mean,2030,11,135,ES1 3 bat,0.0
mean,2030,11,136,ES1 3 bat,0.0
mean,2030,11,137,ES1 3 bat,0.0
mean,2030,11,138,ES1 3 bat,0.0
mean,2030,11,139,ES1 3 bat,0.0
mean,2030,11,140,ES1 3 bat,0.0
mean,2030,11,141,ES1 3 bat,0.0
mean,2030,11,142,ES1 3 bat,0.0
mean,2030,11,143,ES1 3 bat,0.0
mean,2030,11,144,ES1 3 bat,0.0
mean,2030,11,145,ES1 3 bat,0.0
mean,2030,11,146,ES1 3 bat,0.0
mean,2030,11,147,ES1 3 bat,0.0
mean,2030,11,148,ES1 3 bat,0.0
mean,2030,11,149,ES1 3 bat,0.0
mean,2030,11,150,ES1 3 bat,0.0
mean,2030,11,151,ES1 3 bat,0.0
mean,2030,11,152,ES1 3 bat,0.0
mean,2030,11,153,ES1 3 bat,0.0
mean,2030,11,154,ES1 3 bat,0.0
mean,2030,11,155,ES1 3 bat,0.0
mean,2030,11,156,ES1 3 bat,0.0
mean,2030,11,157,ES1 3 bat,0.0
mean,2030,11,158,ES1 3 bat,0.0
mean,2030,11,159,ES1 3 bat,0.0
mean,2030,11,160,ES1 3 bat,0.0
mean,2030,11,161,ES1 3 bat,0.0
mean,2030,11,162,ES1 3 bat,0.0
mean,2030,11,163,ES1 3 bat,0.0
mean,2030,11,164,ES1 3 bat,0.0
mean,2030,11,165,ES1 3 bat,0.0
mean,2030,11,166,ES1 3 bat,0.0
mean,2030,11,167,ES1 3 bat,0.0
mean,2030,21,0,ES1 3 bat,0.0
mean,2030,21,1,ES1 3 bat,0.0
mean,2030,21,2,ES1 3 bat,0.0
mean,2030,21,3,ES1 3 bat,0.0
mean,2030,21,4,ES1 3 bat,0.0
mean,2030,21,5,ES1 3 bat,0.0
mean,2030,21,6,ES1 3 bat,0.0
mean,2030,21,7,ES1 3 bat,0.0
mean,2030,21,8,ES1 3 bat,0.0
mean,2030,21,9,ES1 3 bat,0.0
mean,2030,21,10,ES1 3 bat,0.0
mean,2030,21,11,ES1 3 bat,0.0
mean,2030,21,12,ES1 3 bat,0.0
mean,2030,21,13,ES1 3 bat,0.0
mean,2030,21,14,ES1 3 bat,0.0
mean,2030,21,15,ES1 3 bat,0.0
mean,2030,21,16,ES1 3 bat,0.0
mean,2030,21,17,ES1 3 bat,0.0
mean,2030,21,18,ES1 3 bat,0.0
mean,2030,21,19,ES1 3 bat,0.0
mean,2030,21,20,ES1 3 bat,0.0
mean,2030,21,21,ES1 3 bat,0.0
mean,2030,21,22,ES1 3 bat,0.0
mean,2030,21,23,ES1 3 bat,0.0
mean,2030,21,24,ES1 3 bat,0.0
mean,2030,21,25,ES1 3 bat,0.0
mean,2030,21,26,ES1 3 bat,0.0
mean,2030,21,27,ES1 3 bat,0.0
mean,2030,21,28,ES1 3 bat,0.0
mean,2030,21,29,ES1 3 bat,0.0
mean,2030,21,30,ES1 3 bat,0.0
mean,2030,21,31,ES1 3 bat,0.0
mean,2030,21,32,ES1 3 bat,0.0
mean,2030,21,33,ES1 3 bat,0.0
mean,2030,21,34,ES1 3 bat,0.0
mean,2030,21,35,ES1 3 bat,0.0
mean,2030,21,36,ES1 3 bat,0.0
mean,2030,21,37,ES1 3 bat,0.0
mean,2030,21,38,ES1 3 bat,0.0
mean,2030,21,39,ES1 3 bat,0.0
mean,2030,21,40,ES1 3 bat,0.0
mean,2030,21,41,ES1 3 bat,0.0
mean,2030,21,42,ES1 3 bat,0.0
mean,2030,21,43,ES1 3 bat,0.0
mean,2030,21,44,ES1 3 bat,0.0
mean,2030,21,45,ES1 3 bat,0.0
mean,2030,21,46,ES1 3 bat,0.0
mean,2030,21,47,ES1 3 bat,0.0
mean,2030,21,48,ES1 3 bat,0.0
mean,2030,21,49,ES1 3 bat,0.0
mean,2030,21,50,ES1 3 bat,0.0
mean,2030,21,51,ES1 3 bat,0.0
mean,2030,21,52,ES1 3 bat,0.0
mean,2030,21,53,ES1 3 bat,0.0
mean,2030,21,54,ES1 3 bat,0.0
mean,2030,21,55,ES1 3 bat,0.0
mean,2030,21,56,ES1 3 bat,0.0
mean,2030,21,57,ES1 3 bat,0.0
mean,2030,21,58,ES1 3 bat,0.0
mean,2030,21,59,ES1 3 bat,0.0
mean,2030,21,60,ES1 3 bat,0.0
mean,2030,21,61,ES1 3 bat,0.0
mean,2030,21,62,ES1 3 bat,0.0
mean,2030,21,63,ES1 3 bat,0.0
mean,2030,21,64,ES1 3 bat,0.0
mean,2030,21,65,ES1 3 bat,0.0
mean,2030,21,66,ES1 3 bat,0.0
mean,2030,21,67,ES1 3 bat,0.0
mean,2030,21,68,ES1 3 bat,0.0
mean,2030,21,69,ES1 3 bat,0.0
mean,2030,21,70,ES1 3 bat,0.0
mean,2030,21,71,ES1 3 bat,0.0
mean,2030,21,72,ES1 3 bat,0.0
mean,2030,21,73,ES1 3 bat,0.0
mean,2030,21,74,ES1 3 bat,0.0
mean,2030,21,75,ES1 3 bat,0.0
mean,2030,21,76,ES1 3 bat,0.0
mean,2030,21,77,ES1 3 bat,0.0
mean,2030,21,78,ES1 3 bat,0.0
mean,2030,21,79,ES1 3 bat,0.0
mean,2030,21,80,ES1 3 bat,0.0
mean,2030,21,81,ES1 3 bat,0.0
mean,2030,21,82,ES1 3 bat,0.0
mean,2030,21,83,ES1 3 bat,0.0
mean,2030,21,84,ES1 3 bat,0.0
mean,2030,21,85,ES1 3 bat,0.0
mean,2030,21,86,ES1 3 bat,0.0
mean,2030,21,87,ES1 3 bat,0.0
mean,2030,21,88,ES1 3 bat,0.0
mean,2030,21,89,ES1 3 bat,0.0
mean,2030,21,90,ES1 3 bat,0.0
mean,2030,21,91,ES1 3 bat,0.0
mean,2030,21,92,ES1 3 bat,0.0
mean,2030,21,93,ES1 3 bat,0.0
mean,2030,21,94,ES1 3 bat,0.0
mean,2030,21,95,ES1 3 bat,0.0
mean,2030,21,96,ES1 3 bat,0.0
mean,2030,21,97,ES1 3 bat,0.0
mean,2030,21,98,ES1 3 bat,0.0
mean,2030,21,99,ES1 3 bat,0.0
mean,2030,21,100,ES1 3 bat,0.0
mean,2030,21,101,ES1 3 bat,0.0
mean,2030,21,102,ES1 3 bat,0.0
mean,2030,21,103,ES1 3 bat,0.0
mean,2030,21,104,ES1 3 bat,0.0
mean,2030,21,105,ES1 3 bat,0.0
mean,2030,21,106,ES1 3 bat,0.0
mean,2030,21,107,ES1 3 bat,0.0
mean,2030,21,108,ES1 3 bat,0.0
mean,2030,21,109,ES1 3 bat,0.0
mean,2030,21,110,ES1 3 bat,0.0
mean,2030,21,111,ES1 3 bat,0.0
mean,2030,21,112,ES1 3 bat,0.0
mean,2030,21,113,ES1 3 bat,0.0
mean,2030,21,114,ES1 3 bat,0.0
mean,2030,21,115,ES1 3 bat,0.0
mean,2030,21,116,ES1 3 bat,0.0
mean,2030,21,117,ES1 3 bat,0.0
mean,2030,21,118,ES1 3 bat,0.0
mean,2030,21,119,ES1 3 bat,0.0
mean,2030,21,120,ES1 3 bat,0.0
mean,2030,21,121,ES1 3 bat,0.0
mean,2030,21,122,ES1 3 bat,0.0
mean,2030,21,123,ES1 3 bat,0.0
mean,2030,21,124,ES1 3 bat,0.0
mean,2030,21,125,ES1 3 bat,0.0
mean,2030,21,126,ES1 3 bat,0.0
mean,2030,21,127,ES1 3 bat,0.0
mean,2030,21,128,ES1 3 bat,0.0
mean,2030,21,129,ES1 3 bat,0.0
mean,2030,21,130,ES1 3 bat,0.0
mean,2030,21,131,ES1 3 bat,0.0
mean,2030,21,132,ES1 3 bat,0.0
mean,2030,21,133,ES1 3 bat,0.0
mean,2030,21,134,ES1 3 bat,0.0
mean,2030,21,135,ES1 3 bat,0.0
mean,2030,21,136,ES1 3 bat,0.0
mean,2030,21,137,ES1 3 bat,0.0
mean,2030,21,138,ES1 3 bat,0.0
mean,2030,21,139,ES1 3 bat,0.0
mean,2030,21,140,ES1 3 bat,0.0
mean,2030,21,141,ES1 3 bat,0.0
mean,2030,21,142,ES1 3 bat,0.0
mean,2030,21,143,ES1 3 bat,0.0
mean,2030,21,144,ES1 3 bat,0.0
mean,2030,21,145,ES1 3 bat,0.0
mean,2030,21,146,ES1 3 bat,0.0
mean,2030,21,147,ES1 3 bat,0.0
mean,2030,21,148,ES1 3 bat,0.0
mean,2030,21,149,ES1 3 bat,0.0
mean,2030,21,150,ES1 3 bat,0.0
mean,2030,21,151,ES1 3 bat,0.0
mean,2030,21,152,ES1 3 bat,0.0
mean,2030,21,153,ES1 3 bat,0.0
mean,2030,21,154,ES1 3 bat,0.0
mean,2030,21,155,ES1 3 bat,0.0
mean,2030,21,156,ES1 3 bat,0.0
mean,2030,21,157,ES1 3 bat,0.0
mean,2030,21,158,ES1 3 bat,0.0
mean,2030,21,159,ES1 3 bat,0.0
mean,2030,21,160,ES1 3 bat,0.0
mean,2030,21,161,ES1 3 bat,0.0
mean,2030,21,162,ES1 3 bat,0.0
mean,2030,21,163,ES1 3 bat,0.0
mean,2030,21,164,ES1 3 bat,0.0
mean,2030,21,165,ES1 3 bat,0.0
mean,2030,21,166,ES1 3 bat,0.0
mean,2030,21,167,ES1 3 bat,0.0
mean,2030,42,0,ES1 3 bat,0.0
mean,2030,42,1,ES1 3 bat,0.0
mean,2030,42,2,ES1 3 bat,0.0
mean,2030,42,3,ES1 3 bat,0.0
mean,2030,42,4,ES1 3 bat,0.0
mean,2030,42,5,ES1 3 bat,0.0
mean,2030,42,6,ES1 3 bat,0.0
mean,2030,42,7,ES1 3 bat,0.0
mean,2030,42,8,ES1 3 bat,0.0
mean,2030,42,9,ES1 3 bat,0.0
mean,2030,42,10,ES1 3 bat,0.0
mean,2030,42,11,ES1 3 bat,0.0
mean,2030,42,12,ES1 3 bat,0.0
mean,2030,42,13,ES1 3 bat,0.0
mean,2030,42,14,ES1 3 bat,0.0
mean,2030,42,15,ES1 3 bat,0.0
mean,2030,42,16,ES1 3 bat,0.0
mean,2030,42,17,ES1 3 bat,0.0
mean,2030,42,18,ES1 3 bat,0.0
mean,2030,42,19,ES1 3 bat,0.0
mean,2030,42,20,ES1 3 bat,0.0
mean,2030,42,21,ES1 3 bat,0.0
mean,2030,42,22,ES1 3 bat,0.0
mean,2030,42,23,ES1 3 bat,0.0
mean,2030,42,24,ES1 3 bat,0.0
mean,2030,42,25,ES1 3 bat,0.0
mean,2030,42,26,ES1 3 bat,0.0
mean,2030,42,27,ES1 3 bat,0.0
mean,2030,42,28,ES1 3 bat,0.0
mean,2030,42,29,ES1 3 bat,0.0
mean,2030,42,30,ES1 3 bat,0.0
mean,2030,42,31,ES1 3 bat,0.0
mean,2030,42,32,ES1 3 bat,0.0
mean,2030,42,33,ES1 3 bat,0.0
mean,2030,42,34,ES1 3 bat,0.0
mean,2030,42,35,ES1 3 bat,0.0
mean,2030,42,36,ES1 3 bat,0.0
mean,2030,42,37,ES1 3 bat,0.0
mean,2030,42,38,ES1 3 bat,0.0
mean,2030,42,39,ES1 3 bat,0.0
mean,2030,42,40,ES1 3 bat,0.0
mean,2030,42,41,ES1 3 bat,0.0
mean,2030,42,42,ES1 3 bat,0.0
mean,2030,42,43,ES1 3 bat,0.0
mean,2030,42,44,ES1 3 bat,0.0
mean,2030,42,45,ES1 3 bat,0.0
mean,2030,42,46,ES1 3 bat,0.0
mean,2030,42,47,ES1 3 bat,0.0
mean,2030,42,48,ES1 3 bat,0.0
mean,2030,42,49,ES1 3 bat,0.0
mean,2030,42,50,ES1 3 bat,0.0
mean,2030,42,51,ES1 3 bat,0.0
mean,2030,42,52,ES1 3 bat,0.0
mean,2030,42,53,ES1 3 bat,0.0
mean,2030,42,54,ES1 3 bat,0.0
mean,2030,42,55,ES1 3 bat,0.0
mean,2030,42,56,ES1 3 bat,0.0
mean,2030,42,57,ES1 3 bat,0.0
mean,2030,42,58,ES1 3 bat,0.0
mean,2030,42,59,ES1 3 bat,0.0
mean,2030,42,60,ES1 3 bat,0.0
mean,2030,42,61,ES1 3 bat,0.0
mean,2030,42,62,ES1 3 bat,0.0
mean,2030,42,63,ES1 3 bat,0.0
mean,2030,42,64,ES1 3 bat,0.0
mean,2030,42,65,ES1 3 bat,0.0
mean,2030,42,66,ES1 3 bat,0.0
mean,2030,42,67,ES1 3 bat,0.0
mean,2030,42,68,ES1 3 bat,0.0
mean,2030,42,69,ES1 3 bat,0.0
mean,2030,42,70,ES1 3 bat,0.0
mean,2030,42,71,ES1 3 bat,0.0
mean,2030,42,72,ES1 3 bat,0.0
mean,2030,42,73,ES1 3 bat,0.0
mean,2030,42,74,ES1 3 bat,0.0
mean,2030,42,75,ES1 3 bat,0.0
mean,2030,42,76,ES1 3 bat,0.0
mean,2030,42,77,ES1 3 bat,0.0
mean,2030,42,78,ES1 3 bat,0.0
mean,2030,42,79,ES1 3 bat,0.0
mean,2030,42,80,ES1 3 bat,0.0
mean,2030,42,81,ES1 3 bat,0.0
mean,2030,42,82,ES1 3 bat,0.0
mean,2030,42,83,ES1 3 bat,0.0
mean,2030,42,84,ES1 3 bat,0.0
mean,2030,42,85,ES1 3 bat,0.0
mean,2030,42,86,ES1 3 bat,0.0
mean,2030,42,87,ES1 3 bat,0.0
mean,2030,42,88,ES1 3 bat,0.0
mean,2030,42,89,ES1 3 bat,0.0
mean,2030,42,90,ES1 3 bat,0.0
mean,2030,42,91,ES1 3 bat,0.0
mean,2030,42,92,ES1 3 bat,0.0
mean,2030,42,93,ES1 3 bat,0.0
mean,2030,42,94,ES1 3 bat,0.0
mean,2030,42,95,ES1 3 bat,0.0
mean,2030,42,96,ES1 3 bat,0.0
mean,2030,42,97,ES1 3 bat,0.0
mean,2030,42,98,ES1 3 bat,0.0
mean,2030,42,99,ES1 3 bat,0.0
mean,2030,42,100,ES1 3 bat,0.0
mean,2030,42,101,ES1 3 bat,0.0
mean,2030,42,102,ES1 3 bat,0.0
mean,2030,42,103,ES1 3 bat,0.0
mean,2030,42,104,ES1 3 bat,0.0
mean,2030,42,105,ES1 3 bat,0.0
mean,2030,42,106,ES1 3 bat,0.0
mean,2030,42,107,ES1 3 bat,0.0
mean,2030,42,108,ES1 3 bat,0.0
mean,2030,42,109,ES1 3 bat,0.0
mean,2030,42,110,ES1 3 bat,0.0
mean,2030,42,111,ES1 3 bat,0.0
mean,2030,42,112,ES1 3 bat,0.0
mean,2030,42,113,ES1 3 bat,0.0
mean,2030,42,114,ES1 3 bat,0.0
mean,2030,42,115,ES1 3 bat,0.0
mean,2030,42,116,ES1 3 bat,0.0
mean,2030,42,117,ES1 3 bat,0.0
mean,2030,42,118,ES1 3 bat,0.0
mean,2030,42,119,ES1 3 bat,0.0
mean,2030,42,120,ES1 3 bat,0.0
mean,2030,42,121,ES1 3 bat,0.0
mean,2030,42,122,ES1 3 bat,0.0
mean,2030,42,123,ES1 3 bat,0.0
mean,2030,42,124,ES1 3 bat,0.0
mean,2030,42,125,ES1 3 bat,0.0
mean,2030,42,126,ES1 3 bat,0.0
mean,2030,42,127,ES1 3 bat,0.0
mean,2030,42,128,ES1 3 bat,0.0
mean,2030,42,129,ES1 3 bat,0.0
mean,2030,42,130,ES1 3 bat,0.0
mean,2030,42,131,ES1 3 bat,0.0
mean,2030,42,132,ES1 3 bat,0.0
mean,2030,42,133,ES1 3 bat,0.0
mean,2030,42,134,ES1 3 bat,0.0
mean,2030,42,135,ES1 3 bat,0.0
mean,2030,42,136,ES1 3 bat,0.0
mean,2030,42,137,ES1 3 bat,0.0
mean,2030,42,138,ES1 3 bat,0.0
mean,2030,42,139,ES1 3 bat,0.0
mean,2030,42,140,ES1 3 bat,0.0
mean,2030,42,141,ES1 3 bat,0.0
mean,2030,42,142,ES1 3 bat,0.0
mean,2030,42,143,ES1 3 bat,0.0
mean,2030,42,144,ES1 3 bat,0.0
mean,2030,42,145,ES1 3 bat,0.0
mean,2030,42,146,ES1 3 bat,0.0
mean,2030,42,147,ES1 3 bat,0.0
mean,2030,42,148,ES1 3 bat,0.0
mean,2030,42,149,ES1 3 bat,0.0
mean,2030,42,150,ES1 3 bat,0.0
mean,2030,42,151,ES1 3 bat,0.0
mean,2030,42,152,ES1 3 bat,0.0
mean,2030,42,153,ES1 3 bat,0.0
mean,2030,42,154,ES1 3 bat,0.0
mean,2030,42,155,ES1 3 bat,0.0
mean,2030,42,156,ES1 3 bat,0.0
mean,2030,42,157,ES1 3 bat,0.0
mean,2030,42,158,ES1 3 bat,0.0
mean,2030,42,159,ES1 3 bat,0.0
mean,2030,42,160,ES1 3 bat,0.0
mean,2030,42,161,ES1 3 bat,0.0
mean,2030,42,162,ES1 3 bat,0.0
mean,2030,42,163,ES1 3 bat,0.0
mean,2030,42,164,ES1 3 bat,0.0
mean,2030,42,165,ES1 3 bat,0.0
mean,2030,42,166,ES1 3 bat,0.0
mean,2030,42,167,ES1 3 bat,0.0
mean,2030,52,0,ES1 3 bat,0.0
mean,2030,52,1,ES1 3 bat,0.0
mean,2030,52,2,ES1 3 bat,0.0
mean,2030,52,3,ES1 3 bat,0.0
mean,2030,52,4,ES1 3 bat,0.0
mean,2030,52,5,ES1 3 bat,0.0
mean,2030,52,6,ES1 3 bat,0.0
mean,2030,52,7,ES1 3 bat,0.0
mean,2030,52,8,ES1 3 bat,0.0
mean,2030,52,9,ES1 3 bat,0.0
mean,2030,52,10,ES1 3 bat,0.0
mean,2030,52,11,ES1 3 bat,0.0
mean,2030,52,12,ES1 3 bat,0.0
mean,2030,52,13,ES1 3 bat,0.0
mean,2030,52,14,ES1 3 bat,0.0
mean,2030,52,15,ES1 3 bat,0.0
mean,2030,52,16,ES1 3 bat,0.0
mean,2030,52,17,ES1 3 bat,0.0
mean,2030,52,18,ES1 3 bat,0.0
mean,2030,52,19,ES1 3 bat,0.0
mean,2030,52,20,ES1 3 bat,0.0
mean,2030,52,21,ES1 3 bat,0.0
mean,2030,52,22,ES1 3 bat,0.0
mean,2030,52,23,ES1 3 bat,0.0
mean,2030,52,24,ES1 3 bat,0.0
mean,2030,52,25,ES1 3 bat,0.0
mean,2030,52,26,ES1 3 bat,0.0
mean,2030,52,27,ES1 3 bat,0.0
mean,2030,52,28,ES1 3 bat,0.0
mean,2030,52,29,ES1 3 bat,0.0
mean,2030,52,30,ES1 3 bat,0.0
mean,2030,52,31,ES1 3 bat,0.0
mean,2030,52,32,ES1 3 bat,0.0
mean,2030,52,33,ES1 3 bat,0.0
mean,2030,52,34,ES1 3 bat,0.0
mean,2030,52,35,ES1 3 bat,0.0
mean,2030,52,36,ES1 3 bat,0.0
mean,2030,52,37,ES1 3 bat,0.0
mean,2030,52,38,ES1 3 bat,0.0
mean,2030,52,39,ES1 3 bat,0.0
mean,2030,52,40,ES1 3 bat,0.0
mean,2030,52,41,ES1 3 bat,0.0
mean,2030,52,42,ES1 3 bat,0.0
mean,2030,52,43,ES1 3 bat,0.0
mean,2030,52,44,ES1 3 bat,0.0
mean,2030,52,45,ES1 3 bat,0.0
mean,2030,52,46,ES1 3 bat,0.0
mean,2030,52,47,ES1 3 bat,0.0
mean,2030,52,48,ES1 3 bat,0.0
mean,2030,52,49,ES1 3 bat,0.0
mean,2030,52,50,ES1 3 bat,0.0
mean,2030,52,51,ES1 3 bat,0.0
mean,2030,52,52,ES1 3 bat,0.0
mean,2030,52,53,ES1 3 bat,0.0
mean,2030,52,54,ES1 3 bat,0.0
mean,2030,52,55,ES1 3 bat,0.0
mean,2030,52,56,ES1 3 bat,0.0
mean,2030,52,57,ES1 3 bat,0.0
mean,2030,52,58,ES1 3 bat,0.0
mean,2030,52,59,ES1 3 bat,0.0
mean,2030,52,60,ES1 3 bat,0.0
mean,2030,52,61,ES1 3 bat,0.0
mean,2030,52,62,ES1 3 bat,0.0
mean,2030,52,63,ES1 3 bat,0.0
mean,2030,52,64,ES1 3 bat,0.0
mean,2030,52,65,ES1 3 bat,0.0
mean,2030,52,66,ES1 3 bat,0.0
mean,2030,52,67,ES1 3 bat,0.0
mean,2030,52,68,ES1 3 bat,0.0
mean,2030,52,69,ES1 3 bat,0.0
mean,2030,52,70,ES1 3 bat,0.0
mean,2030,52,71,ES1 3 bat,0.0
mean,2030,52,72,ES1 3 bat,0.0
mean,2030,52,73,ES1 3 bat,0.0
mean,2030,52,74,ES1 3 bat,0.0
mean,2030,52,75,ES1 3 bat,0.0
mean,2030,52,76,ES1 3 bat,0.0
mean,2030,52,77,ES1 3 bat,0.0
mean,2030,52,78,ES1 3 bat,0.0
mean,2030,52,79,ES1 3 bat,0.0
mean,2030,52,80,ES1 3 bat,0.0
mean,2030,52,81,ES1 3 bat,0.0
mean,2030,52,82,ES1 3 bat,0.0
mean,2030,52,83,ES1 3 bat,0.0
mean,2030,52,84,ES1 3 bat,0.0
mean,2030,52,85,ES1 3 bat,0.0
mean,2030,52,86,ES1 3 bat,0.0
mean,2030,52,87,ES1 3 bat,0.0
mean,2030,52,88,ES1 3 bat,0.0
mean,2030,52,89,ES1 3 bat,0.0
mean,2030,52,90,ES1 3 bat,0.0
mean,2030,52,91,ES1 3 bat,0.0
mean,2030,52,92,ES1 3 bat,0.0
mean,2030,52,93,ES1 3 bat,0.0
mean,2030,52,94,ES1 3 bat,0.0
mean,2030,52,95,ES1 3 bat,0.0
mean,2030,52,96,ES1 3 bat,0.0
mean,2030,52,97,ES1 3 bat,0.0
mean,2030,52,98,ES1 3 bat,0.0
mean,2030,52,99,ES1 3 bat,0.0
mean,2030,52,100,ES1 3 bat,0.0
mean,2030,52,101,ES1 3 bat,0.0
mean,2030,52,102,ES1 3 bat,0.0
mean,2030,52,103,ES1 3 bat,0.0
mean,2030,52,104,ES1 3 bat,0.0
mean,2030,52,105,ES1 3 bat,0.0
mean,2030,52,106,ES1 3 bat,0.0
mean,2030,52,107,ES1 3 bat,0.0
mean,2030,52,108,ES1 3 bat,0.0
mean,2030,52,109,ES1 3 bat,0.0
mean,2030,52,110,ES1 3 bat,0.0
mean,2030,52,111,ES1 3 bat,0.0
mean,2030,52,112,ES1 3 bat,0.0
mean,2030,52,113,ES1 3 bat,0.0
mean,2030,52,114,ES1 3 bat,0.0
mean,2030,52,115,ES1 3 bat,0.0
mean,2030,52,116,ES1 3 bat,0.0
mean,2030,52,117,ES1 3 bat,0.0
mean,2030,52,118,ES1 3 bat,0.0
mean,2030,52,119,ES1 3 bat,0.0
mean,2030,52,120,ES1 3 bat,0.0
mean,2030,52,121,ES1 3 bat,0.0
mean,2030,52,122,ES1 3 bat,0.0
mean,2030,52,123,ES1 3 bat,0.0
mean,2030,52,124,ES1 3 bat,0.0
mean,2030,52,125,ES1 3 bat,0.0
mean,2030,52,126,ES1 3 bat,0.0
mean,2030,52,127,ES1 3 bat,0.0
mean,2030,52,128,ES1 3 bat,0.0
mean,2030,52,129,ES1 3 bat,0.0
mean,2030,52,130,ES1 3 bat,0.0
mean,2030,52,131,ES1 3 bat,0.0
mean,2030,52,132,ES1 3 bat,0.0
mean,2030,52,133,ES1 3 bat,0.0
mean,2030,52,134,ES1 3 bat,0.0
mean,2030,52,135,ES1 3 bat,0.0
mean,2030,52,136,ES1 3 bat,0.0
mean,2030,52,137,ES1 3 bat,0.0
mean,2030,52,138,ES1 3 bat,0.0
mean,2030,52,139,ES1 3 bat,0.0
mean,2030,52,140,ES1 3 bat,0.0
mean,2030,52,141,ES1 3 bat,0.0
mean,2030,52,142,ES1 3 bat,0.0
mean,2030,52,143,ES1 3 bat,0.0
mean,2030,52,144,ES1 3 bat,0.0
mean,2030,52,145,ES1 3 bat,0.0
mean,2030,52,146,ES1 3 bat,0.0
mean,2030,52,147,ES1 3 bat,0.0
mean,2030,52,148,ES1 3 bat,0.0
mean,2030,52,149,ES1 3 bat,0.0
mean,2030,52,150,ES1 3 bat,0.0
mean,2030,52,151,ES1 3 bat,0.0
mean,2030,52,152,ES1 3 bat,0.0
mean,2030,52,153,ES1 3 bat,0.0
mean,2030,52,154,ES1 3 bat,0.0
mean,2030,52,155,ES1 3 bat,0.0
mean,2030,52,156,ES1 3 bat,0.0
mean,2030,52,157,ES1 3 bat,0.0
mean,2030,52,158,ES1 3 bat,0.0
mean,2030,52,159,ES1 3 bat,0.0
mean,2030,52,160,ES1 3 bat,0.0
mean,2030,52,161,ES1 3 bat,0.0
mean,2030,52,162,ES1 3 bat,0.0
mean,2030,52,163,ES1 3 bat,0.0
mean,2030,52,164,ES1 3 bat,0.0
mean,2030,52,165,ES1 3 bat,0.0
mean,2030,52,166,ES1 3 bat,0.0
mean,2030,52,167,ES1 3 bat,0.0
mean,2040,11,0,ES1 3 bat,4203.81667211633
mean,2040,11,1,ES1 3 bat,0.03576388024503196
mean,2040,11,2,ES1 3 bat,0.03576388024503196
mean,2040,11,3,ES1 3 bat,0.03576388024503196
mean,2040,11,4,ES1 3 bat,0.03576388024503196
mean,2040,11,5,ES1 3 bat,0.10729611361229013
mean,2040,11,6,ES1 3 bat,0.0
mean,2040,11,7,ES1 3 bat,0.0
mean,2040,11,8,ES1 3 bat,0.03576388024503196
mean,2040,11,9,ES1 3 bat,0.03576388024503196
mean,2040,11,10,ES1 3 bat,0.03576388024503196
mean,2040,11,11,ES1 3 bat,0.03576388024503196
mean,2040,11,12,ES1 3 bat,2620.7786471282834
mean,2040,11,13,ES1 3 bat,2873.4040940360046
mean,2040,11,14,ES1 3 bat,1369.6369855213031
mean,2040,11,15,ES1 3 bat,0.0
mean,2040,11,16,ES1 3 bat,0.0
mean,2040,11,17,ES1 3 bat,0.0
mean,2040,11,18,ES1 3 bat,0.0
mean,2040,11,19,ES1 3 bat,0.0
mean,2040,11,20,ES1 3 bat,0.0
mean,2040,11,21,ES1 3 bat,0.0
mean,2040,11,22,ES1 3 bat,0.0
mean,2040,11,23,ES1 3 bat,0.0
mean,2040,11,24,ES1 3 bat,0.0
mean,2040,11,25,ES1 3 bat,0.0
mean,2040,11,26,ES1 3 bat,0.0
mean,2040,11,27,ES1 3 bat,0.0
mean,2040,11,28,ES1 3 bat,0.0
mean,2040,11,29,ES1 3 bat,0.0
mean,2040,11,30,ES1 3 bat,0.0
mean,2040,11,31,ES1 3 bat,0.0
mean,2040,11,32,ES1 3 bat,0.0
mean,2040,11,33,ES1 3 bat,0.0
mean,2040,11,34,ES1 3 bat,0.0
mean,2040,11,35,ES1 3 bat,0.0
mean,2040,11,36,ES1 3 bat,0.0
mean,2040,11,37,ES1 3 bat,0.0
mean,2040,11,38,ES1 3 bat,0.0
mean,2040,11,39,ES1 3 bat,0.0
mean,2040,11,40,ES1 3 bat,0.0
mean,2040,11,41,ES1 3 bat,0.0
mean,2040,11,42,ES1 3 bat,0.0
mean,2040,11,43,ES1 3 bat,0.0
mean,2040,11,44,ES1 3 bat,0.0
mean,2040,11,45,ES1 3 bat,0.0
mean,2040,11,46,ES1 3 bat,0.0
mean,2040,11,47,ES1 3 bat,0.0
mean,2040,11,48,ES1 3 bat,0.0
mean,2040,11,49,ES1 3 bat,0.0
mean,2040,11,50,ES1 3 bat,0.0
mean,2040,11,51,ES1 3 bat,0.0
mean,2040,11,52,ES1 3 bat,0.0
mean,2040,11,53,ES1 3 bat,0.0
mean,2040,11,54,ES1 3 bat,0.0
mean,2040,11,55,ES1 3 bat,0.0
mean,2040,11,56,ES1 3 bat,0.0
mean,2040,11,57,ES1 3 bat,0.0
mean,2040,11,58,ES1 3 bat,2659.8865324779945
mean,2040,11,59,ES1 3 bat,0.0
mean,2040,11,60,ES1 3 bat,4203.81667211633
mean,2040,11,61,ES1 3 bat,0.0
mean,2040,11,62,ES1 3 bat,0.6437364265245694
mean,2040,11,63,ES1 3 bat,0.0
mean,2040,11,64,ES1 3 bat,0.0
mean,2040,11,65,ES1 3 bat,0.0
mean,2040,11,66,ES1 3 bat,0.0
mean,2040,11,67,ES1 3 bat,0.0
mean,2040,11,68,ES1 3 bat,0.0
mean,2040,11,69,ES1 3 bat,0.0
mean,2040,11,70,ES1 3 bat,0.0
mean,2040,11,71,ES1 3 bat,0.0
mean,2040,11,72,ES1 3 bat,0.0
mean,2040,11,73,ES1 3 bat,0.0
mean,2040,11,74,ES1 3 bat,0.0
mean,2040,11,75,ES1 3 bat,0.0
mean,2040,11,76,ES1 3 bat,0.0
mean,2040,11,77,ES1 3 bat,0.0
mean,2040,11,78,ES1 3 bat,0.0
mean,2040,11,79,ES1 3 bat,0.0
mean,2040,11,80,ES1 3 bat,0.0
mean,2040,11,81,ES1 3 bat,4067.3464657716286
mean,2040,11,82,ES1 3 bat,0.0
mean,2040,11,83,ES1 3 bat,0.0
mean,2040,11,84,ES1 3 bat,0.0
mean,2040,11,85,ES1 3 bat,0.0
mean,2040,11,86,ES1 3 bat,0.0
mean,2040,11,87,ES1 3 bat,2797.2952267938945
mean,2040,11,88,ES1 3 bat,0.0
mean,2040,11,89,ES1 3 bat,0.0
mean,2040,11,90,ES1 3 bat,0.0
mean,2040,11,91,ES1 3 bat,0.0
mean,2040,11,92,ES1 3 bat,0.0
mean,2040,11,93,ES1 3 bat,0.0
mean,2040,11,94,ES1 3 bat,0.0
mean,2040,11,95,ES1 3 bat,0.0
mean,2040,11,96,ES1 3 bat,0.0
mean,2040,11,97,ES1 3 bat,0.0
mean,2040,11,98,ES1 3 bat,0.0
mean,2040,11,99,ES1 3 bat,0.0
mean,2040,11,100,ES1 3 bat,0.0
mean,2040,11,101,ES1 3 bat,0.0
mean,2040,11,102,ES1 3 bat,0.0
mean,2040,11,103,ES1 3 bat,0.0
mean,2040,11,104,ES1 3 bat,0.0
mean,2040,11,105,ES1 3 bat,0.03576388024503196
mean,2040,11,106,ES1 3 bat,0.03576388024503196
mean,2040,11,107,ES1 3 bat,0.03576388024503196
mean,2040,11,108,ES1 3 bat,0.03576388024503196
mean,2040,11,109,ES1 3 bat,0.03576388024503196
mean,2040,11,110,ES1 3 bat,4203.81667211633
mean,2040,11,111,ES1 3 bat,2659.804255723758
mean,2040,11,112,ES1 3 bat,0.32187492220517167
mean,2040,11,113,ES1 3 bat,0.0
mean,2040,11,114,ES1 3 bat,0.0
mean,2040,11,115,ES1 3 bat,0.0
mean,2040,11,116,ES1 3 bat,0.0
mean,2040,11,117,ES1 3 bat,0.0
mean,2040,11,118,ES1 3 bat,0.0
mean,2040,11,119,ES1 3 bat,0.0
mean,2040,11,120,ES1 3 bat,0.03576388024503196
mean,2040,11,121,ES1 3 bat,0.03576388024503196
mean,2040,11,122,ES1 3 bat,0.03576388024503196
mean,2040,11,123,ES1 3 bat,0.03576388024503196
mean,2040,11,124,ES1 3 bat,0.03576388024503196
mean,2040,11,125,ES1 3 bat,0.03576388024503196
mean,2040,11,126,ES1 3 bat,0.03576388024503196
mean,2040,11,127,ES1 3 bat,0.03576388024503196
mean,2040,11,128,ES1 3 bat,0.03576388024503196
mean,2040,11,129,ES1 3 bat,0.03576388024503196
mean,2040,11,130,ES1 3 bat,0.03576388024503196
mean,2040,11,131,ES1 3 bat,0.03576388024503196
mean,2040,11,132,ES1 3 bat,0.03576388024503196
mean,2040,11,133,ES1 3 bat,1.252623323822328
mean,2040,11,134,ES1 3 bat,0.0
mean,2040,11,135,ES1 3 bat,0.0
mean,2040,11,136,ES1 3 bat,0.0
mean,2040,11,137,ES1 3 bat,0.0
mean,2040,11,138,ES1 3 bat,0.0
mean,2040,11,139,ES1 3 bat,0.0
mean,2040,11,140,ES1 3 bat,0.0
mean,2040,11,141,ES1 3 bat,0.0
mean,2040,11,142,ES1 3 bat,0.0
mean,2040,11,143,ES1 3 bat,0.0
mean,2040,11,144,ES1 3 bat,0.0
mean,2040,11,145,ES1 3 bat,0.0
mean,2040,11,146,ES1 3 bat,0.0
mean,2040,11,147,ES1 3 bat,0.0
mean,2040,11,148,ES1 3 bat,0.0
mean,2040,11,149,ES1 3 bat,0.0
mean,2040,11,150,ES1 3 bat,0.0
mean,2040,11,151,ES1 3 bat,0.0
mean,2040,11,152,ES1 3 bat,0.0
mean,2040,11,153,ES1 3 bat,0.0
mean,2040,11,154,ES1 3 bat,0.0
mean,2040,11,155,ES1 3 bat,0.0
mean,2040,11,156,ES1 3 bat,0.0
mean,2040,11,157,ES1 3 bat,0.0
mean,2040,11,158,ES1 3 bat,0.0
mean,2040,11,159,ES1 3 bat,0.0
mean,2040,11,160,ES1 3 bat,0.0
mean,2040,11,161,ES1 3 bat,0.0
mean,2040,11,162,ES1 3 bat,0.0
mean,2040,11,163,ES1 3 bat,0.0
mean,2040,11,164,ES1 3 bat,0.0
mean,2040,11,165,ES1 3 bat,0.0
mean,2040,11,166,ES1 3 bat,0.0
mean,2040,11,167,ES1 3 bat,0.0
mean,2040,21,0,ES1 3 bat,4203.81667211633
mean,2040,21,1,ES1 3 bat,0.035763880245099244
mean,2040,21,2,ES1 3 bat,0.03576388024521293
mean,2040,21,3,ES1 3 bat,0.03576388024498556
mean,2040,21,4,ES1 3 bat,0.03576388024521293
mean,2040,21,5,ES1 3 bat,0.03576388024521293
mean,2040,21,6,ES1 3 bat,0.03576388024503196
mean,2040,21,7,ES1 3 bat,0.03576388024503196
mean,2040,21,8,ES1 3 bat,0.03576388024503196
mean,2040,21,9,ES1 3 bat,2151.0409269432935
mean,2040,21,10,ES1 3 bat,0.0
mean,2040,21,11,ES1 3 bat,0.0
mean,2040,21,12,ES1 3 bat,0.0
mean,2040,21,13,ES1 3 bat,2978.6433749594107
mean,2040,21,14,ES1 3 bat,0.0
mean,2040,21,15,ES1 3 bat,1734.7264686412109
mean,2040,21,16,ES1 3 bat,0.0
mean,2040,21,17,ES1 3 bat,0.0
mean,2040,21,18,ES1 3 bat,0.0
mean,2040,21,19,ES1 3 bat,0.0
mean,2040,21,20,ES1 3 bat,0.0
mean,2040,21,21,ES1 3 bat,0.0
mean,2040,21,22,ES1 3 bat,0.0
mean,2040,21,23,ES1 3 bat,0.0
mean,2040,21,24,ES1 3 bat,0.0
mean,2040,21,25,ES1 3 bat,0.0
mean,2040,21,26,ES1 3 bat,352.4868203292128
mean,2040,21,27,ES1 3 bat,0.0
mean,2040,21,28,ES1 3 bat,0.0
mean,2040,21,29,ES1 3 bat,0.0
mean,2040,21,30,ES1 3 bat,0.0
mean,2040,21,31,ES1 3 bat,0.0
mean,2040,21,32,ES1 3 bat,0.03576388024503196
mean,2040,21,33,ES1 3 bat,0.03576388024503196
mean,2040,21,34,ES1 3 bat,0.03576388024503196
mean,2040,21,35,ES1 3 bat,3873.4317822877947
mean,2040,21,36,ES1 3 bat,0.0
mean,2040,21,37,ES1 3 bat,2990.372597457668
mean,2040,21,38,ES1 3 bat,0.0
mean,2040,21,39,ES1 3 bat,0.0
mean,2040,21,40,ES1 3 bat,0.0
mean,2040,21,41,ES1 3 bat,0.0
mean,2040,21,42,ES1 3 bat,0.0
mean,2040,21,43,ES1 3 bat,0.0
mean,2040,21,44,ES1 3 bat,0.0
mean,2040,21,45,ES1 3 bat,0.0
mean,2040,21,46,ES1 3 bat,0.0
mean,2040,21,47,ES1 3 bat,0.0
mean,2040,21,48,ES1 3 bat,0.0
mean,2040,21,49,ES1 3 bat,0.0
mean,2040,21,50,ES1 3 bat,0.0
mean,2040,21,51,ES1 3 bat,0.0
mean,2040,21,52,ES1 3 bat,0.0
mean,2040,21,53,ES1 3 bat,0.0
mean,2040,21,54,ES1 3 bat,0.0
mean,2040,21,55,ES1 3 bat,0.0
mean,2040,21,56,ES1 3 bat,0.0
mean,2040,21,57,ES1 3 bat,0.03576388024503196
mean,2040,21,58,ES1 3 bat,0.03576388024503196
mean,2040,21,59,ES1 3 bat,252.85490863083078
mean,2040,21,60,ES1 3 bat,4203.81667211633
mean,2040,21,61,ES1 3 bat,0.0
mean,2040,21,62,ES1 3 bat,0.0
mean,2040,21,63,ES1 3 bat,2407.4492494821043
mean,2040,21,64,ES1 3 bat,0.0
mean,2040,21,65,ES1 3 bat,0.0
mean,2040,21,66,ES1 3 bat,0.0
mean,2040,21,67,ES1 3 bat,0.0
mean,2040,21,68,ES1 3 bat,0.0
mean,2040,21,69,ES1 3 bat,0.0
mean,2040,21,70,ES1 3 bat,0.0
mean,2040,21,71,ES1 3 bat,0.0
mean,2040,21,72,ES1 3 bat,0.0
mean,2040,21,73,ES1 3 bat,0.0
mean,2040,21,74,ES1 3 bat,0.0
mean,2040,21,75,ES1 3 bat,0.0
mean,2040,21,76,ES1 3 bat,0.0
mean,2040,21,77,ES1 3 bat,0.0
mean,2040,21,78,ES1 3 bat,0.0
mean,2040,21,79,ES1 3 bat,0.0
mean,2040,21,80,ES1 3 bat,0.0
mean,2040,21,81,ES1 3 bat,0.10729611361229013
mean,2040,21,82,ES1 3 bat,0.0
mean,2040,21,83,ES1 3 bat,0.0
mean,2040,21,84,ES1 3 bat,1191.0655167704726
mean,2040,21,85,ES1 3 bat,0.0
mean,2040,21,86,ES1 3 bat,3535.12735923409
mean,2040,21,87,ES1 3 bat,2137.620645094623
mean,2040,21,88,ES1 3 bat,0.0
mean,2040,21,89,ES1 3 bat,0.0
mean,2040,21,90,ES1 3 bat,0.0
mean,2040,21,91,ES1 3 bat,0.0
mean,2040,21,92,ES1 3 bat,0.0
mean,2040,21,93,ES1 3 bat,0.0
mean,2040,21,94,ES1 3 bat,0.0
mean,2040,21,95,ES1 3 bat,0.0
mean,2040,21,96,ES1 3 bat,0.0
mean,2040,21,97,ES1 3 bat,0.0
mean,2040,21,98,ES1 3 bat,0.0
mean,2040,21,99,ES1 3 bat,0.0
mean,2040,21,100,ES1 3 bat,0.0
mean,2040,21,101,ES1 3 bat,0.0
mean,2040,21,102,ES1 3 bat,0.0
mean,2040,21,103,ES1 3 bat,0.0
mean,2040,21,104,ES1 3 bat,0.0
mean,2040,21,105,ES1 3 bat,3113.7819204126563
mean,2040,21,106,ES1 3 bat,0.0
mean,2040,21,107,ES1 3 bat,0.0
mean,2040,21,108,ES1 3 bat,0.0
mean,2040,21,109,ES1 3 bat,0.0
mean,2040,21,110,ES1 3 bat,3750.455760563292
mean,2040,21,111,ES1 3 bat,0.32187492220517167
mean,2040,21,112,ES1 3 bat,0.0
mean,2040,21,113,ES1 3 bat,0.0
mean,2040,21,114,ES1 3 bat,0.0
mean,2040,21,115,ES1 3 bat,0.0
mean,2040,21,116,ES1 3 bat,0.0
mean,2040,21,117,ES1 3 bat,0.0
mean,2040,21,118,ES1 3 bat,0.0
mean,2040,21,119,ES1 3 bat,0.0
mean,2040,21,120,ES1 3 bat,0.0
mean,2040,21,121,ES1 3 bat,0.0
mean,2040,21,122,ES1 3 bat,0.0
mean,2040,21,123,ES1 3 bat,0.0
mean,2040,21,124,ES1 3 bat,0.0
mean,2040,21,125,ES1 3 bat,0.0
mean,2040,21,126,ES1 3 bat,0.0
mean,2040,21,127,ES1 3 bat,0.0
mean,2040,21,128,ES1 3 bat,0.03576388024503196
mean,2040,21,129,ES1 3 bat,0.03576388024503196
mean,2040,21,130,ES1 3 bat,0.03576388024503196
mean,2040,21,131,ES1 3 bat,0.03576388024503196
mean,2040,21,132,ES1 3 bat,0.03576388024503196
mean,2040,21,133,ES1 3 bat,0.03576388024503196
mean,2040,21,134,ES1 3 bat,1614.1015738854062
mean,2040,21,135,ES1 3 bat,4203.81667211633
mean,2040,21,136,ES1 3 bat,1045.8730128905263
mean,2040,21,137,ES1 3 bat,0.0
mean,2040,21,138,ES1 3 bat,0.0
mean,2040,21,139,ES1 3 bat,0.0
mean,2040,21,140,ES1 3 bat,0.0
mean,2040,21,141,ES1 3 bat,0.0
mean,2040,21,142,ES1 3 bat,0.0
mean,2040,21,143,ES1 3 bat,0.0
mean,2040,21,144,ES1 3 bat,0.0
mean,2040,21,145,ES1 3 bat,0.0
mean,2040,21,146,ES1 3 bat,0.0
mean,2040,21,147,ES1 3 bat,0.0
mean,2040,21,148,ES1 3 bat,0.0
mean,2040,21,149,ES1 3 bat,0.0
mean,2040,21,150,ES1 3 bat,0.0
mean,2040,21,151,ES1 3 bat,0.0
mean,2040,21,152,ES1 3 bat,1186.1156134880785
mean,2040,21,153,ES1 3 bat,2892.08287892749
mean,2040,21,154,ES1 3 bat,0.0
mean,2040,21,155,ES1 3 bat,0.0
mean,2040,21,156,ES1 3 bat,0.0
mean,2040,21,157,ES1 3 bat,0.0
mean,2040,21,158,ES1 3 bat,2786.325378069212
mean,2040,21,159,ES1 3 bat,0.32187492220517167
mean,2040,21,160,ES1 3 bat,0.0
mean,2040,21,161,ES1 3 bat,0.0
mean,2040,21,162,ES1 3 bat,0.0
mean,2040,21,163,ES1 3 bat,0.0
mean,2040,21,164,ES1 3 bat,0.0
mean,2040,21,165,ES1 3 bat,0.0
mean,2040,21,166,ES1 3 bat,0.0
mean,2040,21,167,ES1 3 bat,0.0
mean,2040,42,0,ES1 3 bat,0.0
mean,2040,42,1,ES1 3 bat,0.03576388024521293
mean,2040,42,2,ES1 3 bat,0.03576388024498556
mean,2040,42,3,ES1 3 bat,0.03576388024498556
mean,2040,42,4,ES1 3 bat,0.14306446685864382
mean,2040,42,5,ES1 3 bat,0.0
mean,2040,42,6,ES1 3 bat,0.0
mean,2040,42,7,ES1 3 bat,0.0
mean,2040,42,8,ES1 3 bat,0.035763880242939194
mean,2040,42,9,ES1 3 bat,0.03576388024521293
mean,2040,42,10,ES1 3 bat,0.07152925142963795
mean,2040,42,11,ES1 3 bat,0.0
mean,2040,42,12,ES1 3 bat,2188.847945371336
mean,2040,42,13,ES1 3 bat,0.0
mean,2040,42,14,ES1 3 bat,4203.81667211633
mean,2040,42,15,ES1 3 bat,471.3015564294401
mean,2040,42,16,ES1 3 bat,0.0
mean,2040,42,17,ES1 3 bat,0.0
mean,2040,42,18,ES1 3 bat,0.0
mean,2040,42,19,ES1 3 bat,0.0
mean,2040,42,20,ES1 3 bat,0.0
mean,2040,42,21,ES1 3 bat,0.0
mean,2040,42,22,ES1 3 bat,0.0
mean,2040,42,23,ES1 3 bat,0.03576388024514797
mean,2040,42,24,ES1 3 bat,0.03576388024503196
mean,2040,42,25,ES1 3 bat,0.03576388024503196
mean,2040,42,26,ES1 3 bat,0.03576388024503196
mean,2040,42,27,ES1 3 bat,0.03576388024503196
mean,2040,42,28,ES1 3 bat,0.03576388024503196
mean,2040,42,29,ES1 3 bat,0.03576388024503196
mean,2040,42,30,ES1 3 bat,0.03576388024503196
mean,2040,42,31,ES1 3 bat,0.03576388024503196
mean,2040,42,32,ES1 3 bat,0.03576388024503196
mean,2040,42,33,ES1 3 bat,0.03576388024503196
mean,2040,42,34,ES1 3 bat,0.8229465631326808
mean,2040,42,35,ES1 3 bat,0.0
mean,2040,42,36,ES1 3 bat,0.0
mean,2040,42,37,ES1 3 bat,0.0
mean,2040,42,38,ES1 3 bat,0.0
mean,2040,42,39,ES1 3 bat,0.0
mean,2040,42,40,ES1 3 bat,0.0
mean,2040,42,41,ES1 3 bat,0.0
mean,2040,42,42,ES1 3 bat,0.0
mean,2040,42,43,ES1 3 bat,0.0
mean,2040,42,44,ES1 3 bat,0.0
mean,2040,42,45,ES1 3 bat,0.0
mean,2040,42,46,ES1 3 bat,0.0
mean,2040,42,47,ES1 3 bat,0.0
mean,2040,42,48,ES1 3 bat,0.0
mean,2040,42,49,ES1 3 bat,0.0
mean,2040,42,50,ES1 3 bat,0.0
mean,2040,42,51,ES1 3 bat,0.0
mean,2040,42,52,ES1 3 bat,0.0
mean,2040,42,53,ES1 3 bat,0.0
mean,2040,42,54,ES1 3 bat,0.0
mean,2040,42,55,ES1 3 bat,0.0
mean,2040,42,56,ES1 3 bat,0.0
mean,2040,42,57,ES1 3 bat,0.03576388024503196
mean,2040,42,58,ES1 3 bat,0.07152925142844076
mean,2040,42,59,ES1 3 bat,0.0
mean,2040,42,60,ES1 3 bat,4203.81667211633
mean,2040,42,61,ES1 3 bat,2659.804255723758
mean,2040,42,62,ES1 3 bat,0.32187492220517167
mean,2040,42,63,ES1 3 bat,0.32187492220517167
mean,2040,42,64,ES1 3 bat,0.0
mean,2040,42,65,ES1 3 bat,0.0
mean,2040,42,66,ES1 3 bat,0.0
mean,2040,42,67,ES1 3 bat,0.0
mean,2040,42,68,ES1 3 bat,0.0
mean,2040,42,69,ES1 3 bat,0.0
mean,2040,42,70,ES1 3 bat,0.0
mean,2040,42,71,ES1 3 bat,0.0
mean,2040,42,72,ES1 3 bat,0.0
mean,2040,42,73,ES1 3 bat,0.0
mean,2040,42,74,ES1 3 bat,0.0
mean,2040,42,75,ES1 3 bat,0.0
mean,2040,42,76,ES1 3 bat,0.0
mean,2040,42,77,ES1 3 bat,0.0
mean,2040,42,78,ES1 3 bat,0.0
mean,2040,42,79,ES1 3 bat,0.0
mean,2040,42,80,ES1 3 bat,0.0
mean,2040,42,81,ES1 3 bat,0.0
mean,2040,42,82,ES1 3 bat,0.03576388024521293
mean,2040,42,83,ES1 3 bat,1622.0075250312875
mean,2040,42,84,ES1 3 bat,3180.4028664048546
mean,2040,42,85,ES1 3 bat,0.0
mean,2040,42,86,ES1 3 bat,2061.574808520334
mean,2040,42,87,ES1 3 bat,0.0
mean,2040,42,88,ES1 3 bat,0.0
mean,2040,42,89,ES1 3 bat,0.0
mean,2040,42,90,ES1 3 bat,0.0
mean,2040,42,91,ES1 3 bat,0.0
mean,2040,42,92,ES1 3 bat,0.0
mean,2040,42,93,ES1 3 bat,0.0
mean,2040,42,94,ES1 3 bat,0.0
mean,2040,42,95,ES1 3 bat,0.0
mean,2040,42,96,ES1 3 bat,0.0
mean,2040,42,97,ES1 3 bat,0.0
mean,2040,42,98,ES1 3 bat,0.0
mean,2040,42,99,ES1 3 bat,0.0
mean,2040,42,100,ES1 3 bat,0.0
mean,2040,42,101,ES1 3 bat,0.0
mean,2040,42,102,ES1 3 bat,0.0
mean,2040,42,103,ES1 3 bat,0.03576388024514797
mean,2040,42,104,ES1 3 bat,0.03576388024503196
mean,2040,42,105,ES1 3 bat,0.03576388024503196
mean,2040,42,106,ES1 3 bat,1097.0160246744908
mean,2040,42,107,ES1 3 bat,0.0
mean,2040,42,108,ES1 3 bat,4203.81667211633
mean,2040,42,109,ES1 3 bat,1562.9969383892962
mean,2040,42,110,ES1 3 bat,0.0
mean,2040,42,111,ES1 3 bat,0.0
mean,2040,42,112,ES1 3 bat,0.0
mean,2040,42,113,ES1 3 bat,0.0
mean,2040,42,114,ES1 3 bat,0.0
mean,2040,42,115,ES1 3 bat,0.0
mean,2040,42,116,ES1 3 bat,0.0
mean,2040,42,117,ES1 3 bat,0.0
mean,2040,42,118,ES1 3 bat,0.0
mean,2040,42,119,ES1 3 bat,0.0
mean,2040,42,120,ES1 3 bat,0.0
mean,2040,42,121,ES1 3 bat,0.0
mean,2040,42,122,ES1 3 bat,0.0
mean,2040,42,123,ES1 3 bat,0.0
mean,2040,42,124,ES1 3 bat,0.0
mean,2040,42,125,ES1 3 bat,0.0
mean,2040,42,126,ES1 3 bat,0.0
mean,2040,42,127,ES1 3 bat,0.0
mean,2040,42,128,ES1 3 bat,0.0
mean,2040,42,129,ES1 3 bat,0.0
mean,2040,42,130,ES1 3 bat,0.0
mean,2040,42,131,ES1 3 bat,1164.5053219128258
mean,2040,42,132,ES1 3 bat,1920.5982639411686
mean,2040,42,133,ES1 3 bat,389.11195205294825
mean,2040,42,134,ES1 3 bat,0.0
mean,2040,42,135,ES1 3 bat,0.0
mean,2040,42,136,ES1 3 bat,0.0
mean,2040,42,137,ES1 3 bat,0.0
mean,2040,42,138,ES1 3 bat,0.0
mean,2040,42,139,ES1 3 bat,0.0
mean,2040,42,140,ES1 3 bat,0.0
mean,2040,42,141,ES1 3 bat,0.0
mean,2040,42,142,ES1 3 bat,0.0
mean,2040,42,143,ES1 3 bat,0.0
mean,2040,42,144,ES1 3 bat,0.0
mean,2040,42,145,ES1 3 bat,0.0
mean,2040,42,146,ES1 3 bat,0.0
mean,2040,42,147,ES1 3 bat,0.0
mean,2040,42,148,ES1 3 bat,0.0
mean,2040,42,149,ES1 3 bat,0.0
mean,2040,42,150,ES1 3 bat,0.0
mean,2040,42,151,ES1 3 bat,0.0
mean,2040,42,152,ES1 3 bat,0.0
mean,2040,42,153,ES1 3 bat,0.03576388024503196
mean,2040,42,154,ES1 3 bat,0.07152925142844076
mean,2040,42,155,ES1 3 bat,0.0
mean,2040,42,156,ES1 3 bat,0.03576388024503196
mean,2040,42,157,ES1 3 bat,2919.2554949918062
mean,2040,42,158,ES1 3 bat,3944.3118838025275
mean,2040,42,159,ES1 3 bat,0.0
mean,2040,42,160,ES1 3 bat,0.0
mean,2040,42,161,ES1 3 bat,0.0
mean,2040,42,162,ES1 3 bat,0.0
mean,2040,42,163,ES1 3 bat,0.0
mean,2040,42,164,ES1 3 bat,0.0
mean,2040,42,165,ES1 3 bat,0.0
mean,2040,42,166,ES1 3 bat,0.0
mean,2040,42,167,ES1 3 bat,0.0
mean,2040,52,0,ES1 3 bat,4203.81667211633
mean,2040,52,1,ES1 3 bat,0.03576388024503196
mean,2040,52,2,ES1 3 bat,0.03576388024503196
mean,2040,52,3,ES1 3 bat,0.03576388024503196
mean,2040,52,4,ES1 3 bat,0.03576388024503196
mean,2040,52,5,ES1 3 bat,0.03576388024503196
mean,2040,52,6,ES1 3 bat,0.07152925142844076
mean,2040,52,7,ES1 3 bat,0.0
mean,2040,52,8,ES1 3 bat,0.03576388024503196
mean,2040,52,9,ES1 3 bat,0.03576388024503196
mean,2040,52,10,ES1 3 bat,0.03576388024503196
mean,2040,52,11,ES1 3 bat,0.03576388024503196
mean,2040,52,12,ES1 3 bat,2.4712087370135447
mean,2040,52,13,ES1 3 bat,0.0
mean,2040,52,14,ES1 3 bat,0.0
mean,2040,52,15,ES1 3 bat,0.0
mean,2040,52,16,ES1 3 bat,0.0
mean,2040,52,17,ES1 3 bat,0.0
mean,2040,52,18,ES1 3 bat,0.0
mean,2040,52,19,ES1 3 bat,0.0
mean,2040,52,20,ES1 3 bat,0.0
mean,2040,52,21,ES1 3 bat,0.0
mean,2040,52,22,ES1 3 bat,0.0
mean,2040,52,23,ES1 3 bat,0.0
mean,2040,52,24,ES1 3 bat,0.0
mean,2040,52,25,ES1 3 bat,0.0
mean,2040,52,26,ES1 3 bat,0.0
mean,2040,52,27,ES1 3 bat,0.0
mean,2040,52,28,ES1 3 bat,0.0
mean,2040,52,29,ES1 3 bat,0.0
mean,2040,52,30,ES1 3 bat,0.0
mean,2040,52,31,ES1 3 bat,0.0
mean,2040,52,32,ES1 3 bat,0.0
mean,2040,52,33,ES1 3 bat,0.0
mean,2040,52,34,ES1 3 bat,0.0
mean,2040,52,35,ES1 3 bat,0.0
mean,2040,52,36,ES1 3 bat,0.0
mean,2040,52,37,ES1 3 bat,0.0
mean,2040,52,38,ES1 3 bat,0.0
mean,2040,52,39,ES1 3 bat,0.0
mean,2040,52,40,ES1 3 bat,0.0
mean,2040,52,41,ES1 3 bat,0.0
mean,2040,52,42,ES1 3 bat,0.0
mean,2040,52,43,ES1 3 bat,0.0
mean,2040,52,44,ES1 3 bat,0.0
mean,2040,52,45,ES1 3 bat,0.0
mean,2040,52,46,ES1 3 bat,0.0
mean,2040,52,47,ES1 3 bat,0.0
mean,2040,52,48,ES1 3 bat,0.0
mean,2040,52,49,ES1 3 bat,0.0
mean,2040,52,50,ES1 3 bat,0.0
mean,2040,52,51,ES1 3 bat,0.0
mean,2040,52,52,ES1 3 bat,0.0
mean,2040,52,53,ES1 3 bat,0.0
mean,2040,52,54,ES1 3 bat,0.0
mean,2040,52,55,ES1 3 bat,0.0
mean,2040,52,56,ES1 3 bat,0.0
mean,2040,52,57,ES1 3 bat,0.0
mean,2040,52,58,ES1 3 bat,0.0
mean,2040,52,59,ES1 3 bat,0.0
mean,2040,52,60,ES1 3 bat,0.0
mean,2040,52,61,ES1 3 bat,0.0
mean,2040,52,62,ES1 3 bat,0.0
mean,2040,52,63,ES1 3 bat,0.0
mean,2040,52,64,ES1 3 bat,0.0
mean,2040,52,65,ES1 3 bat,0.0
mean,2040,52,66,ES1 3 bat,0.0
mean,2040,52,67,ES1 3 bat,0.0
mean,2040,52,68,ES1 3 bat,0.0
mean,2040,52,69,ES1 3 bat,0.0
mean,2040,52,70,ES1 3 bat,0.0
mean,2040,52,71,ES1 3 bat,0.0
mean,2040,52,72,ES1 3 bat,0.0
mean,2040,52,73,ES1 3 bat,0.0
mean,2040,52,74,ES1 3 bat,0.0
mean,2040,52,75,ES1 3 bat,0.0
mean,2040,52,76,ES1 3 bat,0.0
mean,2040,52,77,ES1 3 bat,0.0
mean,2040,52,78,ES1 3 bat,0.0
mean,2040,52,79,ES1 3 bat,0.0
mean,2040,52,80,ES1 3 bat,0.0
mean,2040,52,81,ES1 3 bat,0.03576388024503196
mean,2040,52,82,ES1 3 bat,558.1679328088576
mean,2040,52,83,ES1 3 bat,4118.643030554793
mean,2040,52,84,ES1 3 bat,0.0
mean,2040,52,85,ES1 3 bat,2187.119420967502
mean,2040,52,86,ES1 3 bat,0.0
mean,2040,52,87,ES1 3 bat,0.0
mean,2040,52,88,ES1 3 bat,0.0
mean,2040,52,89,ES1 3 bat,0.0
mean,2040,52,90,ES1 3 bat,0.0
mean,2040,52,91,ES1 3 bat,0.0
mean,2040,52,92,ES1 3 bat,0.0
mean,2040,52,93,ES1 3 bat,0.0
mean,2040,52,94,ES1 3 bat,0.0
mean,2040,52,95,ES1 3 bat,0.0
mean,2040,52,96,ES1 3 bat,0.0
mean,2040,52,97,ES1 3 bat,0.0
mean,2040,52,98,ES1 3 bat,0.0
mean,2040,52,99,ES1 3 bat,0.0
mean,2040,52,100,ES1 3 bat,0.0
mean,2040,52,101,ES1 3 bat,0.0
mean,2040,52,102,ES1 3 bat,0.0
mean,2040,52,103,ES1 3 bat,0.0
mean,2040,52,104,ES1 3 bat,0.0
mean,2040,52,105,ES1 3 bat,0.0
mean,2040,52,106,ES1 3 bat,0.0
mean,2040,52,107,ES1 3 bat,0.0
mean,2040,52,108,ES1 3 bat,0.0
mean,2040,52,109,ES1 3 bat,0.0
mean,2040,52,110,ES1 3 bat,0.0
mean,2040,52,111,ES1 3 bat,0.0
mean,2040,52,112,ES1 3 bat,0.0
mean,2040,52,113,ES1 3 bat,0.0
mean,2040,52,114,ES1 3 bat,0.0
mean,2040,52,115,ES1 3 bat,0.0
mean,2040,52,116,ES1 3 bat,0.0
mean,2040,52,117,ES1 3 bat,0.0
mean,2040,52,118,ES1 3 bat,0.0
mean,2040,52,119,ES1 3 bat,0.0
mean,2040,52,120,ES1 3 bat,0.0
mean,2040,52,121,ES1 3 bat,0.0
mean,2040,52,122,ES1 3 bat,0.0
mean,2040,52,123,ES1 3 bat,0.0
mean,2040,52,124,ES1 3 bat,0.0
mean,2040,52,125,ES1 3 bat,0.0
mean,2040,52,126,ES1 3 bat,0.0
mean,2040,52,127,ES1 3 bat,0.0
mean,2040,52,128,ES1 3 bat,0.0
mean,2040,52,129,ES1 3 bat,0.03576388024503196
mean,2040,52,130,ES1 3 bat,2660.033182726305
mean,2040,52,131,ES1 3 bat,0.0
mean,2040,52,132,ES1 3 bat,0.0
mean,2040,52,133,ES1 3 bat,4203.81667211633
mean,2040,52,134,ES1 3 bat,0.0
mean,2040,52,135,ES1 3 bat,0.6437364265245694
mean,2040,52,136,ES1 3 bat,0.0
mean,2040,52,137,ES1 3 bat,0.0
mean,2040,52,138,ES1 3 bat,0.0
mean,2040,52,139,ES1 3 bat,0.0
mean,2040,52,140,ES1 3 bat,0.0
mean,2040,52,141,ES1 3 bat,0.0
mean,2040,52,142,ES1 3 bat,0.0
mean,2040,52,143,ES1 3 bat,0.0
mean,2040,52,144,ES1 3 bat,0.0
mean,2040,52,145,ES1 3 bat,0.0
mean,2040,52,146,ES1 3 bat,0.0
mean,2040,52,147,ES1 3 bat,0.0
mean,2040,52,148,ES1 3 bat,0.0
mean,2040,52,149,ES1 3 bat,0.0
mean,2040,52,150,ES1 3 bat,0.0
mean,2040,52,151,ES1 3 bat,0.0
mean,2040,52,152,ES1 3 bat,0.0
mean,2040,52,153,ES1 3 bat,0.03576388024503196
mean,2040,52,154,ES1 3 bat,0.03576388024503196
mean,2040,52,155,ES1 3 bat,0.03576388024503196
mean,2040,52,156,ES1 3 bat,0.03576388024503196
mean,2040,52,157,ES1 3 bat,59.06026370661869
mean,2040,52,158,ES1 3 bat,4203.81667211633
mean,2040,52,159,ES1 3 bat,2600.7846768615536
mean,2040,52,160,ES1 3 bat,0.0
mean,2040,52,161,ES1 3 bat,0.0
mean,2040,52,162,ES1 3 bat,0.0
mean,2040,52,163,ES1 3 bat,0.0
mean,2040,52,164,ES1 3 bat,0.0
mean,2040,52,165,ES1 3 bat,0.0
mean,2040,52,166,ES1 3 bat,0.0
mean,2040,52,167,ES1 3 bat,0.0
mean,2050,11,0,ES1 3 bat,0.0
mean,2050,11,1,ES1 3 bat,0.0
mean,2050,11,2,ES1 3 bat,0.0
mean,2050,11,3,ES1 3 bat,0.0
mean,2050,11,4,ES1 3 bat,0.0
mean,2050,11,5,ES1 3 bat,0.0
mean,2050,11,6,ES1 3 bat,0.0
mean,2050,11,7,ES1 3 bat,0.0
mean,2050,11,8,ES1 3 bat,0.0
mean,2050,11,9,ES1 3 bat,0.0
mean,2050,11,10,ES1 3 bat,0.0
mean,2050,11,11,ES1 3 bat,0.0
mean,2050,11,12,ES1 3 bat,0.0
mean,2050,11,13,ES1 3 bat,0.0
mean,2050,11,14,ES1 3 bat,0.0
mean,2050,11,15,ES1 3 bat,0.0
mean,2050,11,16,ES1 3 bat,0.0
mean,2050,11,17,ES1 3 bat,0.0
mean,2050,11,18,ES1 3 bat,0.0
mean,2050,11,19,ES1 3 bat,0.0
mean,2050,11,20,ES1 3 bat,0.0
mean,2050,11,21,ES1 3 bat,0.0
mean,2050,11,22,ES1 3 bat,0.0
mean,2050,11,23,ES1 3 bat,0.0
mean,2050,11,24,ES1 3 bat,0.0
mean,2050,11,25,ES1 3 bat,0.0
mean,2050,11,26,ES1 3 bat,0.0
mean,2050,11,27,ES1 3 bat,0.0
mean,2050,11,28,ES1 3 bat,0.0
mean,2050,11,29,ES1 3 bat,0.0
mean,2050,11,30,ES1 3 bat,0.0
mean,2050,11,31,ES1 3 bat,0.0
mean,2050,11,32,ES1 3 bat,0.0
mean,2050,11,33,ES1 3 bat,0.0
mean,2050,11,34,ES1 3 bat,0.0
mean,2050,11,35,ES1 3 bat,0.0
mean,2050,11,36,ES1 3 bat,0.0
mean,2050,11,37,ES1 3 bat,0.0
mean,2050,11,38,ES1 3 bat,0.0
mean,2050,11,39,ES1 3 bat,0.0
mean,2050,11,40,ES1 3 bat,0.0
mean,2050,11,41,ES1 3 bat,0.0
mean,2050,11,42,ES1 3 bat,0.0
mean,2050,11,43,ES1 3 bat,0.0
mean,2050,11,44,ES1 3 bat,0.0
mean,2050,11,45,ES1 3 bat,0.0
mean,2050,11,46,ES1 3 bat,0.0
mean,2050,11,47,ES1 3 bat,0.0
mean,2050,11,48,ES1 3 bat,0.0
mean,2050,11,49,ES1 3 bat,0.0
mean,2050,11,50,ES1 3 bat,0.0
mean,2050,11,51,ES1 3 bat,0.0
mean,2050,11,52,ES1 3 bat,0.0
mean,2050,11,53,ES1 3 bat,0.0
mean,2050,11,54,ES1 3 bat,0.0
mean,2050,11,55,ES1 3 bat,0.0
mean,2050,11,56,ES1 3 bat,0.0
mean,2050,11,57,ES1 3 bat,0.0
mean,2050,11,58,ES1 3 bat,0.0
mean,2050,11,59,ES1 3 bat,0.0
mean,2050,11,60,ES1 3 bat,0.0
mean,2050,11,61,ES1 3 bat,0.0
mean,2050,11,62,ES1 3 bat,0.0
mean,2050,11,63,ES1 3 bat,0.0
mean,2050,11,64,ES1 3 bat,0.0
mean,2050,11,65,ES1 3 bat,0.0
mean,2050,11,66,ES1 3 bat,0.0
mean,2050,11,67,ES1 3 bat,0.0
mean,2050,11,68,ES1 3 bat,0.0
mean,2050,11,69,ES1 3 bat,0.0
mean,2050,11,70,ES1 3 bat,0.0
mean,2050,11,71,ES1 3 bat,0.0
mean,2050,11,72,ES1 3 bat,0.0
mean,2050,11,73,ES1 3 bat,0.0
mean,2050,11,74,ES1 3 bat,0.0
mean,2050,11,75,ES1 3 bat,0.0
mean,2050,11,76,ES1 3 bat,0.0
mean,2050,11,77,ES1 3 bat,0.0
mean,2050,11,78,ES1 3 bat,0.0
mean,2050,11,79,ES1 3 bat,0.0
mean,2050,11,80,ES1 3 bat,0.0
mean,2050,11,81,ES1 3 bat,0.0
mean,2050,11,82,ES1 3 bat,0.0
mean,2050,11,83,ES1 3 bat,0.0
mean,2050,11,84,ES1 3 bat,0.0
mean,2050,11,85,ES1 3 bat,0.0
mean,2050,11,86,ES1 3 bat,0.0
mean,2050,11,87,ES1 3 bat,0.0
mean,2050,11,88,ES1 3 bat,0.0
mean,2050,11,89,ES1 3 bat,0.0
mean,2050,11,90,ES1 3 bat,0.0
mean,2050,11,91,ES1 3 bat,0.0
mean,2050,11,92,ES1 3 bat,0.0
mean,2050,11,93,ES1 3 bat,0.0
mean,2050,11,94,ES1 3 bat,0.0
mean,2050,11,95,ES1 3 bat,0.0
mean,2050,11,96,ES1 3 bat,0.0
mean,2050,11,97,ES1 3 bat,0.0
mean,2050,11,98,ES1 3 bat,0.0
mean,2050,11,99,ES1 3 bat,0.0
mean,2050,11,100,ES1 3 bat,0.0
mean,2050,11,101,ES1 3 bat,0.0
mean,2050,11,102,ES1 3 bat,0.0
mean,2050,11,103,ES1 3 bat,0.0
mean,2050,11,104,ES1 3 bat,0.0
mean,2050,11,105,ES1 3 bat,0.0
mean,2050,11,106,ES1 3 bat,0.0
mean,2050,11,107,ES1 3 bat,0.0
mean,2050,11,108,ES1 3 bat,0.0
mean,2050,11,109,ES1 3 bat,0.0
mean,2050,11,110,ES1 3 bat,0.0
mean,2050,11,111,ES1 3 bat,0.0
mean,2050,11,112,ES1 3 bat,0.0
mean,2050,11,113,ES1 3 bat,0.0
mean,2050,11,114,ES1 3 bat,0.0
mean,2050,11,115,ES1 3 bat,0.0
mean,2050,11,116,ES1 3 bat,0.0
mean,2050,11,117,ES1 3 bat,0.0
mean,2050,11,118,ES1 3 bat,0.0
mean,2050,11,119,ES1 3 bat,0.0
mean,2050,11,120,ES1 3 bat,0.0
mean,2050,11,121,ES1 3 bat,0.0
mean,2050,11,122,ES1 3 bat,0.0
mean,2050,11,123,ES1 3 bat,0.0
mean,2050,11,124,ES1 3 bat,0.0
mean,2050,11,125,ES1 3 bat,0.0
mean,2050,11,126,ES1 3 bat,0.0
mean,2050,11,127,ES1 3 bat,0.0
mean,2050,11,128,ES1 3 bat,0.0
mean,2050,11,129,ES1 3 bat,0.0
mean,2050,11,130,ES1 3 bat,0.0
mean,2050,11,131,ES1 3 bat,0.0
mean,2050,11,132,ES1 3 bat,0.0
mean,2050,11,133,ES1 3 bat,0.0
mean,2050,11,134,ES1 3 bat,0.0
mean,2050,11,135,ES1 3 bat,0.0
mean,2050,11,136,ES1 3 bat,0.0
mean,2050,11,137,ES1 3 bat,0.0
mean,2050,11,138,ES1 3 bat,0.0
mean,2050,11,139,ES1 3 bat,0.0
mean,2050,11,140,ES1 3 bat,0.0
mean,2050,11,141,ES1 3 bat,0.0
mean,2050,11,142,ES1 3 bat,0.0
mean,2050,11,143,ES1 3 bat,0.0
mean,2050,11,144,ES1 3 bat,0.0
mean,2050,11,145,ES1 3 bat,0.0
mean,2050,11,146,ES1 3 bat,0.0
mean,2050,11,147,ES1 3 bat,0.0
mean,2050,11,148,ES1 3 bat,0.0
mean,2050,11,149,ES1 3 bat,0.0
mean,2050,11,150,ES1 3 bat,0.0
mean,2050,11,151,ES1 3 bat,0.0
mean,2050,11,152,ES1 3 bat,0.0
mean,2050,11,153,ES1 3 bat,0.0
mean,2050,11,154,ES1 3 bat,0.0
mean,2050,11,155,ES1 3 bat,0.0
mean,2050,11,156,ES1 3 bat,0.0
mean,2050,11,157,ES1 3 bat,0.0
mean,2050,11,158,ES1 3 bat,0.0
mean,2050,11,159,ES1 3 bat,0.0
mean,2050,11,160,ES1 3 bat,0.0
mean,2050,11,161,ES1 3 bat,0.0
mean,2050,11,162,ES1 3 bat,0.0
mean,2050,11,163,ES1 3 bat,0.0
mean,2050,11,164,ES1 3 bat,0.0
mean,2050,11,165,ES1 3 bat,0.0
mean,2050,11,166,ES1 3 bat,0.0
mean,2050,11,167,ES1 3 bat,0.0
mean,2050,21,0,ES1 3 bat,4203.81667211633
mean,2050,21,1,ES1 3 bat,0.0
mean,2050,21,2,ES1 3 bat,0.0
mean,2050,21,3,ES1 3 bat,0.0
mean,2050,21,4,ES1 3 bat,0.0
mean,2050,21,5,ES1 3 bat,0.0
mean,2050,21,6,ES1 3 bat,0.0
mean,2050,21,7,ES1 3 bat,0.0
mean,2050,21,8,ES1 3 bat,0.0
mean,2050,21,9,ES1 3 bat,0.0
mean,2050,21,10,ES1 3 bat,0.0
mean,2050,21,11,ES1 3 bat,0.0
mean,2050,21,12,ES1 3 bat,0.0
mean,2050,21,13,ES1 3 bat,0.0
mean,2050,21,14,ES1 3 bat,0.0
mean,2050,21,15,ES1 3 bat,0.0
mean,2050,21,16,ES1 3 bat,0.0
mean,2050,21,17,ES1 3 bat,0.0
mean,2050,21,18,ES1 3 bat,0.0
mean,2050,21,19,ES1 3 bat,0.0
mean,2050,21,20,ES1 3 bat,0.0
mean,2050,21,21,ES1 3 bat,0.0
mean,2050,21,22,ES1 3 bat,0.0
mean,2050,21,23,ES1 3 bat,0.0
mean,2050,21,24,ES1 3 bat,0.0
mean,2050,21,25,ES1 3 bat,0.0
mean,2050,21,26,ES1 3 bat,0.0
mean,2050,21,27,ES1 3 bat,0.0
mean,2050,21,28,ES1 3 bat,0.0
mean,2050,21,29,ES1 3 bat,0.0
mean,2050,21,30,ES1 3 bat,0.0
mean,2050,21,31,ES1 3 bat,0.0
mean,2050,21,32,ES1 3 bat,0.0
mean,2050,21,33,ES1 3 bat,0.0
mean,2050,21,34,ES1 3 bat,0.0
mean,2050,21,35,ES1 3 bat,0.0
mean,2050,21,36,ES1 3 bat,0.0
mean,2050,21,37,ES1 3 bat,0.0
mean,2050,21,38,ES1 3 bat,0.0
mean,2050,21,39,ES1 3 bat,0.0
mean,2050,21,40,ES1 3 bat,0.0
mean,2050,21,41,ES1 3 bat,0.0
mean,2050,21,42,ES1 3 bat,0.0
mean,2050,21,43,ES1 3 bat,0.0
mean,2050,21,44,ES1 3 bat,0.0
mean,2050,21,45,ES1 3 bat,0.0
mean,2050,21,46,ES1 3 bat,0.0
mean,2050,21,47,ES1 3 bat,0.0
mean,2050,21,48,ES1 3 bat,0.0
mean,2050,21,49,ES1 3 bat,0.0
mean,2050,21,50,ES1 3 bat,0.0
mean,2050,21,51,ES1 3 bat,0.0
mean,2050,21,52,ES1 3 bat,0.0
mean,2050,21,53,ES1 3 bat,0.0
mean,2050,21,54,ES1 3 bat,0.0
mean,2050,21,55,ES1 3 bat,0.0
mean,2050,21,56,ES1 3 bat,0.0
mean,2050,21,57,ES1 3 bat,0.0
mean,2050,21,58,ES1 3 bat,0.0
mean,2050,21,59,ES1 3 bat,0.0
mean,2050,21,60,ES1 3 bat,0.0
mean,2050,21,61,ES1 3 bat,0.0
mean,2050,21,62,ES1 3 bat,0.0
mean,2050,21,63,ES1 3 bat,0.0
mean,2050,21,64,ES1 3 bat,0.0
mean,2050,21,65,ES1 3 bat,0.0
mean,2050,21,66,ES1 3 bat,0.0
mean,2050,21,67,ES1 3 bat,0.0
mean,2050,21,68,ES1 3 bat,0.0
mean,2050,21,69,ES1 3 bat,0.0
mean,2050,21,70,ES1 3 bat,0.0
mean,2050,21,71,ES1 3 bat,0.0
mean,2050,21,72,ES1 3 bat,0.0
mean,2050,21,73,ES1 3 bat,0.0
mean,2050,21,74,ES1 3 bat,0.0
mean,2050,21,75,ES1 3 bat,0.0
mean,2050,21,76,ES1 3 bat,0.0
mean,2050,21,77,ES1 3 bat,0.0
mean,2050,21,78,ES1 3 bat,0.0
mean,2050,21,79,ES1 3 bat,0.0
mean,2050,21,80,ES1 3 bat,0.0
mean,2050,21,81,ES1 3 bat,0.0
mean,2050,21,82,ES1 3 bat,0.0
mean,2050,21,83,ES1 3 bat,0.0
mean,2050,21,84,ES1 3 bat,0.0
mean,2050,21,85,ES1 3 bat,0.0
mean,2050,21,86,ES1 3 bat,0.0
mean,2050,21,87,ES1 3 bat,0.0
mean,2050,21,88,ES1 3 bat,0.0
mean,2050,21,89,ES1 3 bat,0.0
mean,2050,21,90,ES1 3 bat,0.0
mean,2050,21,91,ES1 3 bat,0.0
mean,2050,21,92,ES1 3 bat,0.0
mean,2050,21,93,ES1 3 bat,0.0
mean,2050,21,94,ES1 3 bat,0.0
mean,2050,21,95,ES1 3 bat,0.0
mean,2050,21,96,ES1 3 bat,0.0
mean,2050,21,97,ES1 3 bat,0.0
mean,2050,21,98,ES1 3 bat,0.0
mean,2050,21,99,ES1 3 bat,0.0
mean,2050,21,100,ES1 3 bat,0.0
mean,2050,21,101,ES1 3 bat,0.0
mean,2050,21,102,ES1 3 bat,0.0
mean,2050,21,103,ES1 3 bat,0.0
mean,2050,21,104,ES1 3 bat,0.0
mean,2050,21,105,ES1 3 bat,0.0
mean,2050,21,106,ES1 3 bat,0.0
mean,2050,21,107,ES1 3 bat,0.0
mean,2050,21,108,ES1 3 bat,0.0
mean,2050,21,109,ES1 3 bat,0.0
mean,2050,21,110,ES1 3 bat,0.0
mean,2050,21,111,ES1 3 bat,0.0
mean,2050,21,112,ES1 3 bat,0.0
mean,2050,21,113,ES1 3 bat,0.0
mean,2050,21,114,ES1 3 bat,0.0
mean,2050,21,115,ES1 3 bat,0.0
mean,2050,21,116,ES1 3 bat,0.0
mean,2050,21,117,ES1 3 bat,0.0
mean,2050,21,118,ES1 3 bat,0.0
mean,2050,21,119,ES1 3 bat,0.0
mean,2050,21,120,ES1 3 bat,0.0
mean,2050,21,121,ES1 3 bat,0.0
mean,2050,21,122,ES1 3 bat,0.0
mean,2050,21,123,ES1 3 bat,0.0
mean,2050,21,124,ES1 3 bat,0.0
mean,2050,21,125,ES1 3 bat,0.0
mean,2050,21,126,ES1 3 bat,0.0
mean,2050,21,127,ES1 3 bat,0.0
mean,2050,21,128,ES1 3 bat,0.0
mean,2050,21,129,ES1 3 bat,0.0
mean,2050,21,130,ES1 3 bat,0.0
mean,2050,21,131,ES1 3 bat,0.0
mean,2050,21,132,ES1 3 bat,0.0
mean,2050,21,133,ES1 3 bat,0.0
mean,2050,21,134,ES1 3 bat,0.0
mean,2050,21,135,ES1 3 bat,0.0
mean,2050,21,136,ES1 3 bat,0.0
mean,2050,21,137,ES1 3 bat,0.0
mean,2050,21,138,ES1 3 bat,0.0
mean,2050,21,139,ES1 3 bat,0.0
mean,2050,21,140,ES1 3 bat,0.0
mean,2050,21,141,ES1 3 bat,0.0
mean,2050,21,142,ES1 3 bat,0.0
mean,2050,21,143,ES1 3 bat,0.0
mean,2050,21,144,ES1 3 bat,0.0
mean,2050,21,145,ES1 3 bat,0.0
mean,2050,21,146,ES1 3 bat,0.0
mean,2050,21,147,ES1 3 bat,0.0
mean,2050,21,148,ES1 3 bat,0.0
mean,2050,21,149,ES1 3 bat,0.0
mean,2050,21,150,ES1 3 bat,0.0
mean,2050,21,151,ES1 3 bat,0.0
mean,2050,21,152,ES1 3 bat,0.0
mean,2050,21,153,ES1 3 bat,0.0
mean,2050,21,154,ES1 3 bat,0.0
mean,2050,21,155,ES1 3 bat,0.0
mean,2050,21,156,ES1 3 bat,0.0
mean,2050,21,157,ES1 3 bat,0.0
mean,2050,21,158,ES1 3 bat,0.0
mean,2050,21,159,ES1 3 bat,0.0
mean,2050,21,160,ES1 3 bat,0.0
mean,2050,21,161,ES1 3 bat,0.0
mean,2050,21,162,ES1 3 bat,0.0
mean,2050,21,163,ES1 3 bat,0.0
mean,2050,21,164,ES1 3 bat,0.0
mean,2050,21,165,ES1 3 bat,0.0
mean,2050,21,166,ES1 3 bat,0.0
mean,2050,21,167,ES1 3 bat,0.0
mean,2050,42,0,ES1 3 bat,4203.81667211633
mean,2050,42,1,ES1 3 bat,0.0
mean,2050,42,2,ES1 3 bat,0.0
mean,2050,42,3,ES1 3 bat,0.0
mean,2050,42,4,ES1 3 bat,0.0
mean,2050,42,5,ES1 3 bat,0.0
mean,2050,42,6,ES1 3 bat,0.0
mean,2050,42,7,ES1 3 bat,0.0
mean,2050,42,8,ES1 3 bat,0.0
mean,2050,42,9,ES1 3 bat,0.0
mean,2050,42,10,ES1 3 bat,0.0
mean,2050,42,11,ES1 3 bat,0.0
mean,2050,42,12,ES1 3 bat,0.0
mean,2050,42,13,ES1 3 bat,0.0
mean,2050,42,14,ES1 3 bat,0.0
mean,2050,42,15,ES1 3 bat,0.0
mean,2050,42,16,ES1 3 bat,0.0
mean,2050,42,17,ES1 3 bat,0.0
mean,2050,42,18,ES1 3 bat,0.0
mean,2050,42,19,ES1 3 bat,0.0
mean,2050,42,20,ES1 3 bat,0.0
mean,2050,42,21,ES1 3 bat,0.0
mean,2050,42,22,ES1 3 bat,0.0
mean,2050,42,23,ES1 3 bat,0.0
mean,2050,42,24,ES1 3 bat,0.0
mean,2050,42,25,ES1 3 bat,0.0
mean,2050,42,26,ES1 3 bat,0.0
mean,2050,42,27,ES1 3 bat,0.0
mean,2050,42,28,ES1 3 bat,0.0
mean,2050,42,29,ES1 3 bat,0.0
mean,2050,42,30,ES1 3 bat,0.0
mean,2050,42,31,ES1 3 bat,0.0
mean,2050,42,32,ES1 3 bat,0.0
mean,2050,42,33,ES1 3 bat,0.0
mean,2050,42,34,ES1 3 bat,0.0
mean,2050,42,35,ES1 3 bat,0.0
mean,2050,42,36,ES1 3 bat,0.0
mean,2050,42,37,ES1 3 bat,0.0
mean,2050,42,38,ES1 3 bat,0.0
mean,2050,42,39,ES1 3 bat,0.0
mean,2050,42,40,ES1 3 bat,0.0
mean,2050,42,41,ES1 3 bat,0.0
mean,2050,42,42,ES1 3 bat,0.0
mean,2050,42,43,ES1 3 bat,0.0
mean,2050,42,44,ES1 3 bat,0.0
mean,2050,42,45,ES1 3 bat,0.0
mean,2050,42,46,ES1 3 bat,0.0
mean,2050,42,47,ES1 3 bat,0.0
mean,2050,42,48,ES1 3 bat,0.0
mean,2050,42,49,ES1 3 bat,0.0
mean,2050,42,50,ES1 3 bat,0.0
mean,2050,42,51,ES1 3 bat,0.0
mean,2050,42,52,ES1 3 bat,0.0
mean,2050,42,53,ES1 3 bat,0.0
mean,2050,42,54,ES1 3 bat,0.0
mean,2050,42,55,ES1 3 bat,0.0
mean,2050,42,56,ES1 3 bat,0.0
mean,2050,42,57,ES1 3 bat,0.0
mean,2050,42,58,ES1 3 bat,0.0
mean,2050,42,59,ES1 3 bat,0.0
mean,2050,42,60,ES1 3 bat,0.0
mean,2050,42,61,ES1 3 bat,0.0
mean,2050,42,62,ES1 3 bat,0.0
mean,2050,42,63,ES1 3 bat,0.0
mean,2050,42,64,ES1 3 bat,0.0
mean,2050,42,65,ES1 3 bat,0.0
mean,2050,42,66,ES1 3 bat,0.0
mean,2050,42,67,ES1 3 bat,0.0
mean,2050,42,68,ES1 3 bat,0.0
mean,2050,42,69,ES1 3 bat,0.0
mean,2050,42,70,ES1 3 bat,0.0
mean,2050,42,71,ES1 3 bat,0.0
mean,2050,42,72,ES1 3 bat,0.0
mean,2050,42,73,ES1 3 bat,0.0
mean,2050,42,74,ES1 3 bat,0.0
mean,2050,42,75,ES1 3 bat,0.0
mean,2050,42,76,ES1 3 bat,0.0
mean,2050,42,77,ES1 3 bat,0.0
mean,2050,42,78,ES1 3 bat,0.0
mean,2050,42,79,ES1 3 bat,0.0
mean,2050,42,80,ES1 3 bat,0.0
mean,2050,42,81,ES1 3 bat,0.0
mean,2050,42,82,ES1 3 bat,0.0
mean,2050,42,83,ES1 3 bat,0.0
mean,2050,42,84,ES1 3 bat,0.0
mean,2050,42,85,ES1 3 bat,0.0
mean,2050,42,86,ES1 3 bat,0.0
mean,2050,42,87,ES1 3 bat,0.0
mean,2050,42,88,ES1 3 bat,0.0
mean,2050,42,89,ES1 3 bat,0.0
mean,2050,42,90,ES1 3 bat,0.0
mean,2050,42,91,ES1 3 bat,0.0
mean,2050,42,92,ES1 3 bat,0.0
mean,2050,42,93,ES1 3 bat,0.0
mean,2050,42,94,ES1 3 bat,0.0
mean,2050,42,95,ES1 3 bat,0.0
mean,2050,42,96,ES1 3 bat,0.0
mean,2050,42,97,ES1 3 bat,0.0
mean,2050,42,98,ES1 3 bat,0.0
mean,2050,42,99,ES1 3 bat,0.0
mean,2050,42,100,ES1 3 bat,0.0
mean,2050,42,101,ES1 3 bat,0.0
mean,2050,42,102,ES1 3 bat,0.0
mean,2050,42,103,ES1 3 bat,0.0
mean,2050,42,104,ES1 3 bat,0.0
mean,2050,42,105,ES1 3 bat,0.0
mean,2050,42,106,ES1 3 bat,0.0
mean,2050,42,107,ES1 3 bat,0.0
mean,2050,42,108,ES1 3 bat,0.0
mean,2050,42,109,ES1 3 bat,0.0
mean,2050,42,110,ES1 3 bat,0.0
mean,2050,42,111,ES1 3 bat,0.0
mean,2050,42,112,ES1 3 bat,0.0
mean,2050,42,113,ES1 3 bat,0.0
mean,2050,42,114,ES1 3 bat,0.0
mean,2050,42,115,ES1 3 bat,0.0
mean,2050,42,116,ES1 3 bat,0.0
mean,2050,42,117,ES1 3 bat,0.0
mean,2050,42,118,ES1 3 bat,0.0
mean,2050,42,119,ES1 3 bat,0.0
mean,2050,42,120,ES1 3 bat,0.0
mean,2050,42,121,ES1 3 bat,0.0
mean,2050,42,122,ES1 3 bat,0.0
mean,2050,42,123,ES1 3 bat,0.0
mean,2050,42,124,ES1 3 bat,0.0
mean,2050,42,125,ES1 3 bat,0.0
mean,2050,42,126,ES1 3 bat,0.0
mean,2050,42,127,ES1 3 bat,0.0
mean,2050,42,128,ES1 3 bat,0.0
mean,2050,42,129,ES1 3 bat,0.0
mean,2050,42,130,ES1 3 bat,0.0
mean,2050,42,131,ES1 3 bat,0.0
mean,2050,42,132,ES1 3 bat,0.0
mean,2050,42,133,ES1 3 bat,0.0
mean,2050,42,134,ES1 3 bat,0.0
mean,2050,42,135,ES1 3 bat,0.0
mean,2050,42,136,ES1 3 bat,0.0
mean,2050,42,137,ES1 3 bat,0.0
mean,2050,42,138,ES1 3 bat,0.0
mean,2050,42,139,ES1 3 bat,0.0
mean,2050,42,140,ES1 3 bat,0.0
mean,2050,42,141,ES1 3 bat,0.0
mean,2050,42,142,ES1 3 bat,0.0
mean,2050,42,143,ES1 3 bat,0.0
mean,2050,42,144,ES1 3 bat,0.0
mean,2050,42,145,ES1 3 bat,0.0
mean,2050,42,146,ES1 3 bat,0.0
mean,2050,42,147,ES1 3 bat,0.0
mean,2050,42,148,ES1 3 bat,0.0
mean,2050,42,149,ES1 3 bat,0.0
mean,2050,42,150,ES1 3 bat,0.0
mean,2050,42,151,ES1 3 bat,0.0
mean,2050,42,152,ES1 3 bat,0.0
mean,2050,42,153,ES1 3 bat,0.0
mean,2050,42,154,ES1 3 bat,0.0
mean,2050,42,155,ES1 3 bat,0.0
mean,2050,42,156,ES1 3 bat,0.0
mean,2050,42,157,ES1 3 bat,0.0
mean,2050,42,158,ES1 3 bat,0.0
mean,2050,42,159,ES1 3 bat,0.0
mean,2050,42,160,ES1 3 bat,0.0
mean,2050,42,161,ES1 3 bat,0.0
mean,2050,42,162,ES1 3 bat,0.0
mean,2050,42,163,ES1 3 bat,0.0
mean,2050,42,164,ES1 3 bat,0.0
mean,2050,42,165,ES1 3 bat,0.0
mean,2050,42,166,ES1 3 bat,0.0
mean,2050,42,167,ES1 3 bat,0.0
mean,2050,52,0,ES1 3 bat,0.0
mean,2050,52,1,ES1 3 bat,0.0
mean,2050,52,2,ES1 3 bat,0.0
mean,2050,52,3,ES1 3 bat,0.0
mean,2050,52,4,ES1 3 bat,0.0
mean,2050,52,5,ES1 3 bat,0.0
mean,2050,52,6,ES1 3 bat,0.0
mean,2050,52,7,ES1 3 bat,0.0
mean,2050,52,8,ES1 3 bat,0.0
mean,2050,52,9,ES1 3 bat,0.0
mean,2050,52,10,ES1 3 bat,0.0
mean,2050,52,11,ES1 3 bat,0.0
mean,2050,52,12,ES1 3 bat,0.0
mean,2050,52,13,ES1 3 bat,0.0
mean,2050,52,14,ES1 3 bat,0.0
mean,2050,52,15,ES1 3 bat,0.0
mean,2050,52,16,ES1 3 bat,0.0
mean,2050,52,17,ES1 3 bat,0.0
mean,2050,52,18,ES1 3 bat,0.0
mean,2050,52,19,ES1 3 bat,0.0
mean,2050,52,20,ES1 3 bat,0.0
mean,2050,52,21,ES1 3 bat,0.0
mean,2050,52,22,ES1 3 bat,0.0
mean,2050,52,23,ES1 3 bat,0.0
mean,2050,52,24,ES1 3 bat,0.0
mean,2050,52,25,ES1 3 bat,0.0
mean,2050,52,26,ES1 3 bat,0.0
mean,2050,52,27,ES1 3 bat,0.0
mean,2050,52,28,ES1 3 bat,0.0
mean,2050,52,29,ES1 3 bat,0.0
mean,2050,52,30,ES1 3 bat,0.0
mean,2050,52,31,ES1 3 bat,0.0
mean,2050,52,32,ES1 3 bat,0.0
mean,2050,52,33,ES1 3 bat,0.0
mean,2050,52,34,ES1 3 bat,0.0
mean,2050,52,35,ES1 3 bat,0.0
mean,2050,52,36,ES1 3 bat,0.0
mean,2050,52,37,ES1 3 bat,0.0
mean,2050,52,38,ES1 3 bat,0.0
mean,2050,52,39,ES1 3 bat,0.0
mean,2050,52,40,ES1 3 bat,0.0
mean,2050,52,41,ES1 3 bat,0.0
mean,2050,52,42,ES1 3 bat,0.0
mean,2050,52,43,ES1 3 bat,0.0
mean,2050,52,44,ES1 3 bat,0.0
mean,2050,52,45,ES1 3 bat,0.0
mean,2050,52,46,ES1 3 bat,0.0
mean,2050,52,47,ES1 3 bat,0.0
mean,2050,52,48,ES1 3 bat,0.0
mean,2050,52,49,ES1 3 bat,0.0
mean,2050,52,50,ES1 3 bat,0.0
mean,2050,52,51,ES1 3 bat,0.0
mean,2050,52,52,ES1 3 bat,0.0
mean,2050,52,53,ES1 3 bat,0.0
mean,2050,52,54,ES1 3 bat,0.0
mean,2050,52,55,ES1 3 bat,0.0
mean,2050,52,56,ES1 3 bat,0.0
mean,2050,52,57,ES1 3 bat,0.0
mean,2050,52,58,ES1 3 bat,0.0
mean,2050,52,59,ES1 3 bat,0.0
mean,2050,52,60,ES1 3 bat,0.0
mean,2050,52,61,ES1 3 bat,0.0
mean,2050,52,62,ES1 3 bat,0.0
mean,2050,52,63,ES1 3 bat,0.0
mean,2050,52,64,ES1 3 bat,0.0
mean,2050,52,65,ES1 3 bat,0.0
mean,2050,52,66,ES1 3 bat,0.0
mean,2050,52,67,ES1 3 bat,0.0
mean,2050,52,68,ES1 3 bat,0.0
mean,2050,52,69,ES1 3 bat,0.0
mean,2050,52,70,ES1 3 bat,0.0
mean,2050,52,71,ES1 3 bat,0.0
mean,2050,52,72,ES1 3 bat,0.0
mean,2050,52,73,ES1 3 bat,0.0
mean,2050,52,74,ES1 3 bat,0.0
mean,2050,52,75,ES1 3 bat,0.0
mean,2050,52,76,ES1 3 bat,0.0
mean,2050,52,77,ES1 3 bat,0.0
mean,2050,52,78,ES1 3 bat,0.0
mean,2050,52,79,ES1 3 bat,0.0
mean,2050,52,80,ES1 3 bat,0.0
mean,2050,52,81,ES1 3 bat,0.0
mean,2050,52,82,ES1 3 bat,0.0
mean,2050,52,83,ES1 3 bat,0.0
mean,2050,52,84,ES1 3 bat,0.0
mean,2050,52,85,ES1 3 bat,0.0
mean,2050,52,86,ES1 3 bat,0.0
mean,2050,52,87,ES1 3 bat,0.0
mean,2050,52,88,ES1 3 bat,0.0
mean,2050,52,89,ES1 3 bat,0.0
mean,2050,52,90,ES1 3 bat,0.0
mean,2050,52,91,ES1 3 bat,0.0
mean,2050,52,92,ES1 3 bat,0.0
mean,2050,52,93,ES1 3 bat,0.0
mean,2050,52,94,ES1 3 bat,0.0
mean,2050,52,95,ES1 3 bat,0.0
mean,2050,52,96,ES1 3 bat,0.0
mean,2050,52,97,ES1 3 bat,0.0
mean,2050,52,98,ES1 3 bat,0.0
mean,2050,52,99,ES1 3 bat,0.0
mean,2050,52,100,ES1 3 bat,0.0
mean,2050,52,101,ES1 3 bat,0.0
mean,2050,52,102,ES1 3 bat,0.0
mean,2050,52,103,ES1 3 bat,0.0
mean,2050,52,104,ES1 3 bat,0.0
mean,2050,52,105,ES1 3 bat,0.0
mean,2050,52,106,ES1 3 bat,0.0
mean,2050,52,107,ES1 3 bat,0.0
mean,2050,52,108,ES1 3 bat,0.0
mean,2050,52,109,ES1 3 bat,0.0
mean,2050,52,110,ES1 3 bat,0.0
mean,2050,52,111,ES1 3 bat,0.0
mean,2050,52,112,ES1 3 bat,0.0
mean,2050,52,113,ES1 3 bat,0.0
mean,2050,52,114,ES1 3 bat,0.0
mean,2050,52,115,ES1 3 bat,0.0
mean,2050,52,116,ES1 3 bat,0.0
mean,2050,52,117,ES1 3 bat,0.0
mean,2050,52,118,ES1 3 bat,0.0
mean,2050,52,119,ES1 3 bat,0.0
mean,2050,52,120,ES1 3 bat,0.0
mean,2050,52,121,ES1 3 bat,0.0
mean,2050,52,122,ES1 3 bat,0.0
mean,2050,52,123,ES1 3 bat,0.0
mean,2050,52,124,ES1 3 bat,0.0
mean,2050,52,125,ES1 3 bat,0.0
mean,2050,52,126,ES1 3 bat,0.0
mean,2050,52,127,ES1 3 bat,0.0
mean,2050,52,128,ES1 3 bat,0.0
mean,2050,52,129,ES1 3 bat,0.0
mean,2050,52,130,ES1 3 bat,0.0
mean,2050,52,131,ES1 3 bat,0.0
mean,2050,52,132,ES1 3 bat,0.0
mean,2050,52,133,ES1 3 bat,0.0
mean,2050,52,134,ES1 3 bat,0.0
mean,2050,52,135,ES1 3 bat,0.0
mean,2050,52,136,ES1 3 bat,0.0
mean,2050,52,137,ES1 3 bat,0.0
mean,2050,52,138,ES1 3 bat,0.0
mean,2050,52,139,ES1 3 bat,0.0
mean,2050,52,140,ES1 3 bat,0.0
mean,2050,52,141,ES1 3 bat,0.0
mean,2050,52,142,ES1 3 bat,0.0
mean,2050,52,143,ES1 3 bat,0.0
mean,2050,52,144,ES1 3 bat,0.0
mean,2050,52,145,ES1 3 bat,0.0
mean,2050,52,146,ES1 3 bat,0.0
mean,2050,52,147,ES1 3 bat,0.0
mean,2050,52,148,ES1 3 bat,0.0
mean,2050,52,149,ES1 3 bat,0.0
mean,2050,52,150,ES1 3 bat,0.0
mean,2050,52,151,ES1 3 bat,0.0
mean,2050,52,152,ES1 3 bat,0.0
mean,2050,52,153,ES1 3 bat,0.0
mean,2050,52,154,ES1 3 bat,0.0
mean,2050,52,155,ES1 3 bat,0.0
mean,2050,52,156,ES1 3 bat,0.0
mean,2050,52,157,ES1 3 bat,0.0
mean,2050,52,158,ES1 3 bat,0.0
mean,2050,52,159,ES1 3 bat,0.0
mean,2050,52,160,ES1 3 bat,0.0
mean,2050,52,161,ES1 3 bat,0.0
mean,2050,52,162,ES1 3 bat,0.0
mean,2050,52,163,ES1 3 bat,0.0
mean,2050,52,164,ES1 3 bat,0.0
mean,2050,52,165,ES1 3 bat,0.0
mean,2050,52,166,ES1 3 bat,0.0
mean,2050,52,167,ES1 3 bat,0.0
mean,2025,11,0,ES1 4 bat,0.0
mean,2025,11,1,ES1 4 bat,0.0
mean,2025,11,2,ES1 4 bat,0.0
mean,2025,11,3,ES1 4 bat,0.0
mean,2025,11,4,ES1 4 bat,0.0
mean,2025,11,5,ES1 4 bat,0.0
mean,2025,11,6,ES1 4 bat,0.0
mean,2025,11,7,ES1 4 bat,0.0
mean,2025,11,8,ES1 4 bat,0.0
mean,2025,11,9,ES1 4 bat,0.0
mean,2025,11,10,ES1 4 bat,0.0
mean,2025,11,11,ES1 4 bat,0.0
mean,2025,11,12,ES1 4 bat,0.0
mean,2025,11,13,ES1 4 bat,0.0
mean,2025,11,14,ES1 4 bat,0.0
mean,2025,11,15,ES1 4 bat,0.0
mean,2025,11,16,ES1 4 bat,0.0
mean,2025,11,17,ES1 4 bat,0.0
mean,2025,11,18,ES1 4 bat,0.0
mean,2025,11,19,ES1 4 bat,0.0
mean,2025,11,20,ES1 4 bat,0.0
mean,2025,11,21,ES1 4 bat,0.0
mean,2025,11,22,ES1 4 bat,0.0
mean,2025,11,23,ES1 4 bat,0.0
mean,2025,11,24,ES1 4 bat,0.0
mean,2025,11,25,ES1 4 bat,0.0
mean,2025,11,26,ES1 4 bat,0.0
mean,2025,11,27,ES1 4 bat,0.0
mean,2025,11,28,ES1 4 bat,0.0
mean,2025,11,29,ES1 4 bat,0.0
mean,2025,11,30,ES1 4 bat,0.0
mean,2025,11,31,ES1 4 bat,0.0
mean,2025,11,32,ES1 4 bat,0.0
mean,2025,11,33,ES1 4 bat,0.0
mean,2025,11,34,ES1 4 bat,0.0
mean,2025,11,35,ES1 4 bat,0.0
mean,2025,11,36,ES1 4 bat,0.0
mean,2025,11,37,ES1 4 bat,0.0
mean,2025,11,38,ES1 4 bat,0.0
mean,2025,11,39,ES1 4 bat,0.0
mean,2025,11,40,ES1 4 bat,0.0
mean,2025,11,41,ES1 4 bat,0.0
mean,2025,11,42,ES1 4 bat,0.0
mean,2025,11,43,ES1 4 bat,0.0
mean,2025,11,44,ES1 4 bat,0.0
mean,2025,11,45,ES1 4 bat,0.0
mean,2025,11,46,ES1 4 bat,0.0
mean,2025,11,47,ES1 4 bat,0.0
mean,2025,11,48,ES1 4 bat,0.0
mean,2025,11,49,ES1 4 bat,0.0
mean,2025,11,50,ES1 4 bat,0.0
mean,2025,11,51,ES1 4 bat,0.0
mean,2025,11,52,ES1 4 bat,0.0
mean,2025,11,53,ES1 4 bat,0.0
mean,2025,11,54,ES1 4 bat,0.0
mean,2025,11,55,ES1 4 bat,0.0
mean,2025,11,56,ES1 4 bat,0.0
mean,2025,11,57,ES1 4 bat,0.0
mean,2025,11,58,ES1 4 bat,0.0
mean,2025,11,59,ES1 4 bat,0.0
mean,2025,11,60,ES1 4 bat,0.0
mean,2025,11,61,ES1 4 bat,0.0
mean,2025,11,62,ES1 4 bat,0.0
mean,2025,11,63,ES1 4 bat,0.0
mean,2025,11,64,ES1 4 bat,0.0
mean,2025,11,65,ES1 4 bat,0.0
mean,2025,11,66,ES1 4 bat,0.0
mean,2025,11,67,ES1 4 bat,0.0
mean,2025,11,68,ES1 4 bat,0.0
mean,2025,11,69,ES1 4 bat,0.0
mean,2025,11,70,ES1 4 bat,0.0
mean,2025,11,71,ES1 4 bat,0.0
mean,2025,11,72,ES1 4 bat,0.0
mean,2025,11,73,ES1 4 bat,0.0
mean,2025,11,74,ES1 4 bat,0.0
mean,2025,11,75,ES1 4 bat,0.0
mean,2025,11,76,ES1 4 bat,0.0
mean,2025,11,77,ES1 4 bat,0.0
mean,2025,11,78,ES1 4 bat,0.0
mean,2025,11,79,ES1 4 bat,0.0
mean,2025,11,80,ES1 4 bat,0.0
mean,2025,11,81,ES1 4 bat,0.0
mean,2025,11,82,ES1 4 bat,0.0
mean,2025,11,83,ES1 4 bat,0.0
mean,2025,11,84,ES1 4 bat,0.0
mean,2025,11,85,ES1 4 bat,0.0
mean,2025,11,86,ES1 4 bat,0.0
mean,2025,11,87,ES1 4 bat,0.0
mean,2025,11,88,ES1 4 bat,0.0
mean,2025,11,89,ES1 4 bat,0.0
mean,2025,11,90,ES1 4 bat,0.0
mean,2025,11,91,ES1 4 bat,0.0
mean,2025,11,92,ES1 4 bat,0.0
mean,2025,11,93,ES1 4 bat,0.0
mean,2025,11,94,ES1 4 bat,0.0
mean,2025,11,95,ES1 4 bat,0.0
mean,2025,11,96,ES1 4 bat,0.0
mean,2025,11,97,ES1 4 bat,0.0
mean,2025,11,98,ES1 4 bat,0.0
mean,2025,11,99,ES1 4 bat,0.0
mean,2025,11,100,ES1 4 bat,0.0
mean,2025,11,101,ES1 4 bat,0.0
mean,2025,11,102,ES1 4 bat,0.0
mean,2025,11,103,ES1 4 bat,0.0
mean,2025,11,104,ES1 4 bat,0.0
mean,2025,11,105,ES1 4 bat,0.0
mean,2025,11,106,ES1 4 bat,0.0
mean,2025,11,107,ES1 4 bat,0.0
mean,2025,11,108,ES1 4 bat,0.0
mean,2025,11,109,ES1 4 bat,0.0
mean,2025,11,110,ES1 4 bat,0.0
mean,2025,11,111,ES1 4 bat,0.0
mean,2025,11,112,ES1 4 bat,0.0
mean,2025,11,113,ES1 4 bat,0.0
mean,2025,11,114,ES1 4 bat,0.0
mean,2025,11,115,ES1 4 bat,0.0
mean,2025,11,116,ES1 4 bat,0.0
mean,2025,11,117,ES1 4 bat,0.0
mean,2025,11,118,ES1 4 bat,0.0
mean,2025,11,119,ES1 4 bat,0.0
mean,2025,11,120,ES1 4 bat,0.0
mean,2025,11,121,ES1 4 bat,0.0
mean,2025,11,122,ES1 4 bat,0.0
mean,2025,11,123,ES1 4 bat,0.0
mean,2025,11,124,ES1 4 bat,0.0
mean,2025,11,125,ES1 4 bat,0.0
mean,2025,11,126,ES1 4 bat,0.0
mean,2025,11,127,ES1 4 bat,0.0
mean,2025,11,128,ES1 4 bat,0.0
mean,2025,11,129,ES1 4 bat,0.0
mean,2025,11,130,ES1 4 bat,0.0
mean,2025,11,131,ES1 4 bat,0.0
mean,2025,11,132,ES1 4 bat,0.0
mean,2025,11,133,ES1 4 bat,0.0
mean,2025,11,134,ES1 4 bat,0.0
mean,2025,11,135,ES1 4 bat,0.0
mean,2025,11,136,ES1 4 bat,0.0
mean,2025,11,137,ES1 4 bat,0.0
mean,2025,11,138,ES1 4 bat,0.0
mean,2025,11,139,ES1 4 bat,0.0
mean,2025,11,140,ES1 4 bat,0.0
mean,2025,11,141,ES1 4 bat,0.0
mean,2025,11,142,ES1 4 bat,0.0
mean,2025,11,143,ES1 4 bat,0.0
mean,2025,11,144,ES1 4 bat,0.0
mean,2025,11,145,ES1 4 bat,0.0
mean,2025,11,146,ES1 4 bat,0.0
mean,2025,11,147,ES1 4 bat,0.0
mean,2025,11,148,ES1 4 bat,0.0
mean,2025,11,149,ES1 4 bat,0.0
mean,2025,11,150,ES1 4 bat,0.0
mean,2025,11,151,ES1 4 bat,0.0
mean,2025,11,152,ES1 4 bat,0.0
mean,2025,11,153,ES1 4 bat,0.0
mean,2025,11,154,ES1 4 bat,0.0
mean,2025,11,155,ES1 4 bat,0.0
mean,2025,11,156,ES1 4 bat,0.0
mean,2025,11,157,ES1 4 bat,0.0
mean,2025,11,158,ES1 4 bat,0.0
mean,2025,11,159,ES1 4 bat,0.0
mean,2025,11,160,ES1 4 bat,0.0
mean,2025,11,161,ES1 4 bat,0.0
mean,2025,11,162,ES1 4 bat,0.0
mean,2025,11,163,ES1 4 bat,0.0
mean,2025,11,164,ES1 4 bat,0.0
mean,2025,11,165,ES1 4 bat,0.0
mean,2025,11,166,ES1 4 bat,0.0
mean,2025,11,167,ES1 4 bat,0.0
mean,2025,21,0,ES1 4 bat,0.0
mean,2025,21,1,ES1 4 bat,0.0
mean,2025,21,2,ES1 4 bat,0.0
mean,2025,21,3,ES1 4 bat,0.0
mean,2025,21,4,ES1 4 bat,0.0
mean,2025,21,5,ES1 4 bat,0.0
mean,2025,21,6,ES1 4 bat,0.0
mean,2025,21,7,ES1 4 bat,0.0
mean,2025,21,8,ES1 4 bat,0.0
mean,2025,21,9,ES1 4 bat,0.0
mean,2025,21,10,ES1 4 bat,0.0
mean,2025,21,11,ES1 4 bat,0.0
mean,2025,21,12,ES1 4 bat,0.0
mean,2025,21,13,ES1 4 bat,0.0
mean,2025,21,14,ES1 4 bat,0.0
mean,2025,21,15,ES1 4 bat,0.0
mean,2025,21,16,ES1 4 bat,0.0
mean,2025,21,17,ES1 4 bat,0.0
mean,2025,21,18,ES1 4 bat,0.0
mean,2025,21,19,ES1 4 bat,0.0
mean,2025,21,20,ES1 4 bat,0.0
mean,2025,21,21,ES1 4 bat,0.0
mean,2025,21,22,ES1 4 bat,0.0
mean,2025,21,23,ES1 4 bat,0.0
mean,2025,21,24,ES1 4 bat,0.0
mean,2025,21,25,ES1 4 bat,0.0
mean,2025,21,26,ES1 4 bat,0.0
mean,2025,21,27,ES1 4 bat,0.0
mean,2025,21,28,ES1 4 bat,0.0
mean,2025,21,29,ES1 4 bat,0.0
mean,2025,21,30,ES1 4 bat,0.0
mean,2025,21,31,ES1 4 bat,0.0
mean,2025,21,32,ES1 4 bat,0.0
mean,2025,21,33,ES1 4 bat,0.0
mean,2025,21,34,ES1 4 bat,0.0
mean,2025,21,35,ES1 4 bat,0.0
mean,2025,21,36,ES1 4 bat,0.0
mean,2025,21,37,ES1 4 bat,0.0
mean,2025,21,38,ES1 4 bat,0.0
mean,2025,21,39,ES1 4 bat,0.0
mean,2025,21,40,ES1 4 bat,0.0
mean,2025,21,41,ES1 4 bat,0.0
mean,2025,21,42,ES1 4 bat,0.0
mean,2025,21,43,ES1 4 bat,0.0
mean,2025,21,44,ES1 4 bat,0.0
mean,2025,21,45,ES1 4 bat,0.0
mean,2025,21,46,ES1 4 bat,0.0
mean,2025,21,47,ES1 4 bat,0.0
mean,2025,21,48,ES1 4 bat,0.0
mean,2025,21,49,ES1 4 bat,0.0
mean,2025,21,50,ES1 4 bat,0.0
mean,2025,21,51,ES1 4 bat,0.0
mean,2025,21,52,ES1 4 bat,0.0
mean,2025,21,53,ES1 4 bat,0.0
mean,2025,21,54,ES1 4 bat,0.0
mean,2025,21,55,ES1 4 bat,0.0
mean,2025,21,56,ES1 4 bat,0.0
mean,2025,21,57,ES1 4 bat,0.0
mean,2025,21,58,ES1 4 bat,0.0
mean,2025,21,59,ES1 4 bat,0.0
mean,2025,21,60,ES1 4 bat,0.0
mean,2025,21,61,ES1 4 bat,0.0
mean,2025,21,62,ES1 4 bat,0.0
mean,2025,21,63,ES1 4 bat,0.0
mean,2025,21,64,ES1 4 bat,0.0
mean,2025,21,65,ES1 4 bat,0.0
mean,2025,21,66,ES1 4 bat,0.0
mean,2025,21,67,ES1 4 bat,0.0
mean,2025,21,68,ES1 4 bat,0.0
mean,2025,21,69,ES1 4 bat,0.0
mean,2025,21,70,ES1 4 bat,0.0
mean,2025,21,71,ES1 4 bat,0.0
mean,2025,21,72,ES1 4 bat,0.0
mean,2025,21,73,ES1 4 bat,0.0
mean,2025,21,74,ES1 4 bat,0.0
mean,2025,21,75,ES1 4 bat,0.0
mean,2025,21,76,ES1 4 bat,0.0
mean,2025,21,77,ES1 4 bat,0.0
mean,2025,21,78,ES1 4 bat,0.0
mean,2025,21,79,ES1 4 bat,0.0
mean,2025,21,80,ES1 4 bat,0.0
mean,2025,21,81,ES1 4 bat,0.0
mean,2025,21,82,ES1 4 bat,0.0
mean,2025,21,83,ES1 4 bat,0.0
mean,2025,21,84,ES1 4 bat,0.0
mean,2025,21,85,ES1 4 bat,0.0
mean,2025,21,86,ES1 4 bat,0.0
mean,2025,21,87,ES1 4 bat,0.0
mean,2025,21,88,ES1 4 bat,0.0
mean,2025,21,89,ES1 4 bat,0.0
mean,2025,21,90,ES1 4 bat,0.0
mean,2025,21,91,ES1 4 bat,0.0
mean,2025,21,92,ES1 4 bat,0.0
mean,2025,21,93,ES1 4 bat,0.0
mean,2025,21,94,ES1 4 bat,0.0
mean,2025,21,95,ES1 4 bat,0.0
mean,2025,21,96,ES1 4 bat,0.0
mean,2025,21,97,ES1 4 bat,0.0
mean,2025,21,98,ES1 4 bat,0.0
mean,2025,21,99,ES1 4 bat,0.0
mean,2025,21,100,ES1 4 bat,0.0
mean,2025,21,101,ES1 4 bat,0.0
mean,2025,21,102,ES1 4 bat,0.0
mean,2025,21,103,ES1 4 bat,0.0
mean,2025,21,104,ES1 4 bat,0.0
mean,2025,21,105,ES1 4 bat,0.0
mean,2025,21,106,ES1 4 bat,0.0
mean,2025,21,107,ES1 4 bat,0.0
mean,2025,21,108,ES1 4 bat,0.0
mean,2025,21,109,ES1 4 bat,0.0
mean,2025,21,110,ES1 4 bat,0.0
mean,2025,21,111,ES1 4 bat,0.0
mean,2025,21,112,ES1 4 bat,0.0
mean,2025,21,113,ES1 4 bat,0.0
mean,2025,21,114,ES1 4 bat,0.0
mean,2025,21,115,ES1 4 bat,0.0
mean,2025,21,116,ES1 4 bat,0.0
mean,2025,21,117,ES1 4 bat,0.0
mean,2025,21,118,ES1 4 bat,0.0
mean,2025,21,119,ES1 4 bat,0.0
mean,2025,21,120,ES1 4 bat,0.0
mean,2025,21,121,ES1 4 bat,0.0
mean,2025,21,122,ES1 4 bat,0.0
mean,2025,21,123,ES1 4 bat,0.0
mean,2025,21,124,ES1 4 bat,0.0
mean,2025,21,125,ES1 4 bat,0.0
mean,2025,21,126,ES1 4 bat,0.0
mean,2025,21,127,ES1 4 bat,0.0
mean,2025,21,128,ES1 4 bat,0.0
mean,2025,21,129,ES1 4 bat,0.0
mean,2025,21,130,ES1 4 bat,0.0
mean,2025,21,131,ES1 4 bat,0.0
mean,2025,21,132,ES1 4 bat,0.0
mean,2025,21,133,ES1 4 bat,0.0
mean,2025,21,134,ES1 4 bat,0.0
mean,2025,21,135,ES1 4 bat,0.0
mean,2025,21,136,ES1 4 bat,0.0
mean,2025,21,137,ES1 4 bat,0.0
mean,2025,21,138,ES1 4 bat,0.0
mean,2025,21,139,ES1 4 bat,0.0
mean,2025,21,140,ES1 4 bat,0.0
mean,2025,21,141,ES1 4 bat,0.0
mean,2025,21,142,ES1 4 bat,0.0
mean,2025,21,143,ES1 4 bat,0.0
mean,2025,21,144,ES1 4 bat,0.0
mean,2025,21,145,ES1 4 bat,0.0
mean,2025,21,146,ES1 4 bat,0.0
mean,2025,21,147,ES1 4 bat,0.0
mean,2025,21,148,ES1 4 bat,0.0
mean,2025,21,149,ES1 4 bat,0.0
mean,2025,21,150,ES1 4 bat,0.0
mean,2025,21,151,ES1 4 bat,0.0
mean,2025,21,152,ES1 4 bat,0.0
mean,2025,21,153,ES1 4 bat,0.0
mean,2025,21,154,ES1 4 bat,0.0
mean,2025,21,155,ES1 4 bat,0.0
mean,2025,21,156,ES1 4 bat,0.0
mean,2025,21,157,ES1 4 bat,0.0
mean,2025,21,158,ES1 4 bat,0.0
mean,2025,21,159,ES1 4 bat,0.0
mean,2025,21,160,ES1 4 bat,0.0
mean,2025,21,161,ES1 4 bat,0.0
mean,2025,21,162,ES1 4 bat,0.0
mean,2025,21,163,ES1 4 bat,0.0
mean,2025,21,164,ES1 4 bat,0.0
mean,2025,21,165,ES1 4 bat,0.0
mean,2025,21,166,ES1 4 bat,0.0
mean,2025,21,167,ES1 4 bat,0.0
mean,2025,42,0,ES1 4 bat,0.0
mean,2025,42,1,ES1 4 bat,0.0
mean,2025,42,2,ES1 4 bat,0.0
mean,2025,42,3,ES1 4 bat,0.0
mean,2025,42,4,ES1 4 bat,0.0
mean,2025,42,5,ES1 4 bat,0.0
mean,2025,42,6,ES1 4 bat,0.0
mean,2025,42,7,ES1 4 bat,0.0
mean,2025,42,8,ES1 4 bat,0.0
mean,2025,42,9,ES1 4 bat,0.0
mean,2025,42,10,ES1 4 bat,0.0
mean,2025,42,11,ES1 4 bat,0.0
mean,2025,42,12,ES1 4 bat,0.0
mean,2025,42,13,ES1 4 bat,0.0
mean,2025,42,14,ES1 4 bat,0.0
mean,2025,42,15,ES1 4 bat,0.0
mean,2025,42,16,ES1 4 bat,0.0
mean,2025,42,17,ES1 4 bat,0.0
mean,2025,42,18,ES1 4 bat,0.0
mean,2025,42,19,ES1 4 bat,0.0
mean,2025,42,20,ES1 4 bat,0.0
mean,2025,42,21,ES1 4 bat,0.0
mean,2025,42,22,ES1 4 bat,0.0
mean,2025,42,23,ES1 4 bat,0.0
mean,2025,42,24,ES1 4 bat,0.0
mean,2025,42,25,ES1 4 bat,0.0
mean,2025,42,26,ES1 4 bat,0.0
mean,2025,42,27,ES1 4 bat,0.0
mean,2025,42,28,ES1 4 bat,0.0
mean,2025,42,29,ES1 4 bat,0.0
mean,2025,42,30,ES1 4 bat,0.0
mean,2025,42,31,ES1 4 bat,0.0
mean,2025,42,32,ES1 4 bat,0.0
mean,2025,42,33,ES1 4 bat,0.0
mean,2025,42,34,ES1 4 bat,0.0
mean,2025,42,35,ES1 4 bat,0.0
mean,2025,42,36,ES1 4 bat,0.0
mean,2025,42,37,ES1 4 bat,0.0
mean,2025,42,38,ES1 4 bat,0.0
mean,2025,42,39,ES1 4 bat,0.0
mean,2025,42,40,ES1 4 bat,0.0
mean,2025,42,41,ES1 4 bat,0.0
mean,2025,42,42,ES1 4 bat,0.0
mean,2025,42,43,ES1 4 bat,0.0
mean,2025,42,44,ES1 4 bat,0.0
mean,2025,42,45,ES1 4 bat,0.0
mean,2025,42,46,ES1 4 bat,0.0
mean,2025,42,47,ES1 4 bat,0.0
mean,2025,42,48,ES1 4 bat,0.0
mean,2025,42,49,ES1 4 bat,0.0
mean,2025,42,50,ES1 4 bat,0.0
mean,2025,42,51,ES1 4 bat,0.0
mean,2025,42,52,ES1 4 bat,0.0
mean,2025,42,53,ES1 4 bat,0.0
mean,2025,42,54,ES1 4 bat,0.0
mean,2025,42,55,ES1 4 bat,0.0
mean,2025,42,56,ES1 4 bat,0.0
mean,2025,42,57,ES1 4 bat,0.0
mean,2025,42,58,ES1 4 bat,0.0
mean,2025,42,59,ES1 4 bat,0.0
mean,2025,42,60,ES1 4 bat,0.0
mean,2025,42,61,ES1 4 bat,0.0
mean,2025,42,62,ES1 4 bat,0.0
mean,2025,42,63,ES1 4 bat,0.0
mean,2025,42,64,ES1 4 bat,0.0
mean,2025,42,65,ES1 4 bat,0.0
mean,2025,42,66,ES1 4 bat,0.0
mean,2025,42,67,ES1 4 bat,0.0
mean,2025,42,68,ES1 4 bat,0.0
mean,2025,42,69,ES1 4 bat,0.0
mean,2025,42,70,ES1 4 bat,0.0
mean,2025,42,71,ES1 4 bat,0.0
mean,2025,42,72,ES1 4 bat,0.0
mean,2025,42,73,ES1 4 bat,0.0
mean,2025,42,74,ES1 4 bat,0.0
mean,2025,42,75,ES1 4 bat,0.0
mean,2025,42,76,ES1 4 bat,0.0
mean,2025,42,77,ES1 4 bat,0.0
mean,2025,42,78,ES1 4 bat,0.0
mean,2025,42,79,ES1 4 bat,0.0
mean,2025,42,80,ES1 4 bat,0.0
mean,2025,42,81,ES1 4 bat,0.0
mean,2025,42,82,ES1 4 bat,0.0
mean,2025,42,83,ES1 4 bat,0.0
mean,2025,42,84,ES1 4 bat,0.0
mean,2025,42,85,ES1 4 bat,0.0
mean,2025,42,86,ES1 4 bat,0.0
mean,2025,42,87,ES1 4 bat,0.0
mean,2025,42,88,ES1 4 bat,0.0
mean,2025,42,89,ES1 4 bat,0.0
mean,2025,42,90,ES1 4 bat,0.0
mean,2025,42,91,ES1 4 bat,0.0
mean,2025,42,92,ES1 4 bat,0.0
mean,2025,42,93,ES1 4 bat,0.0
mean,2025,42,94,ES1 4 bat,0.0
mean,2025,42,95,ES1 4 bat,0.0
mean,2025,42,96,ES1 4 bat,0.0
mean,2025,42,97,ES1 4 bat,0.0
mean,2025,42,98,ES1 4 bat,0.0
mean,2025,42,99,ES1 4 bat,0.0
mean,2025,42,100,ES1 4 bat,0.0
mean,2025,42,101,ES1 4 bat,0.0
mean,2025,42,102,ES1 4 bat,0.0
mean,2025,42,103,ES1 4 bat,0.0
mean,2025,42,104,ES1 4 bat,0.0
mean,2025,42,105,ES1 4 bat,0.0
mean,2025,42,106,ES1 4 bat,0.0
mean,2025,42,107,ES1 4 bat,0.0
mean,2025,42,108,ES1 4 bat,0.0
mean,2025,42,109,ES1 4 bat,0.0
mean,2025,42,110,ES1 4 bat,0.0
mean,2025,42,111,ES1 4 bat,0.0
mean,2025,42,112,ES1 4 bat,0.0
mean,2025,42,113,ES1 4 bat,0.0
mean,2025,42,114,ES1 4 bat,0.0
mean,2025,42,115,ES1 4 bat,0.0
mean,2025,42,116,ES1 4 bat,0.0
mean,2025,42,117,ES1 4 bat,0.0
mean,2025,42,118,ES1 4 bat,0.0
mean,2025,42,119,ES1 4 bat,0.0
mean,2025,42,120,ES1 4 bat,0.0
mean,2025,42,121,ES1 4 bat,0.0
mean,2025,42,122,ES1 4 bat,0.0
mean,2025,42,123,ES1 4 bat,0.0
mean,2025,42,124,ES1 4 bat,0.0
mean,2025,42,125,ES1 4 bat,0.0
mean,2025,42,126,ES1 4 bat,0.0
mean,2025,42,127,ES1 4 bat,0.0
mean,2025,42,128,ES1 4 bat,0.0
mean,2025,42,129,ES1 4 bat,0.0
mean,2025,42,130,ES1 4 bat,0.0
mean,2025,42,131,ES1 4 bat,0.0
mean,2025,42,132,ES1 4 bat,0.0
mean,2025,42,133,ES1 4 bat,0.0
mean,2025,42,134,ES1 4 bat,0.0
mean,2025,42,135,ES1 4 bat,0.0
mean,2025,42,136,ES1 4 bat,0.0
mean,2025,42,137,ES1 4 bat,0.0
mean,2025,42,138,ES1 4 bat,0.0
mean,2025,42,139,ES1 4 bat,0.0
mean,2025,42,140,ES1 4 bat,0.0
mean,2025,42,141,ES1 4 bat,0.0
mean,2025,42,142,ES1 4 bat,0.0
mean,2025,42,143,ES1 4 bat,0.0
mean,2025,42,144,ES1 4 bat,0.0
mean,2025,42,145,ES1 4 bat,0.0
mean,2025,42,146,ES1 4 bat,0.0
mean,2025,42,147,ES1 4 bat,0.0
mean,2025,42,148,ES1 4 bat,0.0
mean,2025,42,149,ES1 4 bat,0.0
mean,2025,42,150,ES1 4 bat,0.0
mean,2025,42,151,ES1 4 bat,0.0
mean,2025,42,152,ES1 4 bat,0.0
mean,2025,42,153,ES1 4 bat,0.0
mean,2025,42,154,ES1 4 bat,0.0
mean,2025,42,155,ES1 4 bat,0.0
mean,2025,42,156,ES1 4 bat,0.0
mean,2025,42,157,ES1 4 bat,0.0
mean,2025,42,158,ES1 4 bat,0.0
mean,2025,42,159,ES1 4 bat,0.0
mean,2025,42,160,ES1 4 bat,0.0
mean,2025,42,161,ES1 4 bat,0.0
mean,2025,42,162,ES1 4 bat,0.0
mean,2025,42,163,ES1 4 bat,0.0
mean,2025,42,164,ES1 4 bat,0.0
mean,2025,42,165,ES1 4 bat,0.0
mean,2025,42,166,ES1 4 bat,0.0
mean,2025,42,167,ES1 4 bat,0.0
mean,2025,52,0,ES1 4 bat,0.0
mean,2025,52,1,ES1 4 bat,0.0
mean,2025,52,2,ES1 4 bat,0.0
mean,2025,52,3,ES1 4 bat,0.0
mean,2025,52,4,ES1 4 bat,0.0
mean,2025,52,5,ES1 4 bat,0.0
mean,2025,52,6,ES1 4 bat,0.0
mean,2025,52,7,ES1 4 bat,0.0
mean,2025,52,8,ES1 4 bat,0.0
mean,2025,52,9,ES1 4 bat,0.0
mean,2025,52,10,ES1 4 bat,0.0
mean,2025,52,11,ES1 4 bat,0.0
mean,2025,52,12,ES1 4 bat,0.0
mean,2025,52,13,ES1 4 bat,0.0
mean,2025,52,14,ES1 4 bat,0.0
mean,2025,52,15,ES1 4 bat,0.0
mean,2025,52,16,ES1 4 bat,0.0
mean,2025,52,17,ES1 4 bat,0.0
mean,2025,52,18,ES1 4 bat,0.0
mean,2025,52,19,ES1 4 bat,0.0
mean,2025,52,20,ES1 4 bat,0.0
mean,2025,52,21,ES1 4 bat,0.0
mean,2025,52,22,ES1 4 bat,0.0
mean,2025,52,23,ES1 4 bat,0.0
mean,2025,52,24,ES1 4 bat,0.0
mean,2025,52,25,ES1 4 bat,0.0
mean,2025,52,26,ES1 4 bat,0.0
mean,2025,52,27,ES1 4 bat,0.0
mean,2025,52,28,ES1 4 bat,0.0
mean,2025,52,29,ES1 4 bat,0.0
mean,2025,52,30,ES1 4 bat,0.0
mean,2025,52,31,ES1 4 bat,0.0
mean,2025,52,32,ES1 4 bat,0.0
mean,2025,52,33,ES1 4 bat,0.0
mean,2025,52,34,ES1 4 bat,0.0
mean,2025,52,35,ES1 4 bat,0.0
mean,2025,52,36,ES1 4 bat,0.0
mean,2025,52,37,ES1 4 bat,0.0
mean,2025,52,38,ES1 4 bat,0.0
mean,2025,52,39,ES1 4 bat,0.0
mean,2025,52,40,ES1 4 bat,0.0
mean,2025,52,41,ES1 4 bat,0.0
mean,2025,52,42,ES1 4 bat,0.0
mean,2025,52,43,ES1 4 bat,0.0
mean,2025,52,44,ES1 4 bat,0.0
mean,2025,52,45,ES1 4 bat,0.0
mean,2025,52,46,ES1 4 bat,0.0
mean,2025,52,47,ES1 4 bat,0.0
mean,2025,52,48,ES1 4 bat,0.0
mean,2025,52,49,ES1 4 bat,0.0
mean,2025,52,50,ES1 4 bat,0.0
mean,2025,52,51,ES1 4 bat,0.0
mean,2025,52,52,ES1 4 bat,0.0
mean,2025,52,53,ES1 4 bat,0.0
mean,2025,52,54,ES1 4 bat,0.0
mean,2025,52,55,ES1 4 bat,0.0
mean,2025,52,56,ES1 4 bat,0.0
mean,2025,52,57,ES1 4 bat,0.0
mean,2025,52,58,ES1 4 bat,0.0
mean,2025,52,59,ES1 4 bat,0.0
mean,2025,52,60,ES1 4 bat,0.0
mean,2025,52,61,ES1 4 bat,0.0
mean,2025,52,62,ES1 4 bat,0.0
mean,2025,52,63,ES1 4 bat,0.0
mean,2025,52,64,ES1 4 bat,0.0
mean,2025,52,65,ES1 4 bat,0.0
mean,2025,52,66,ES1 4 bat,0.0
mean,2025,52,67,ES1 4 bat,0.0
mean,2025,52,68,ES1 4 bat,0.0
mean,2025,52,69,ES1 4 bat,0.0
mean,2025,52,70,ES1 4 bat,0.0
mean,2025,52,71,ES1 4 bat,0.0
mean,2025,52,72,ES1 4 bat,0.0
mean,2025,52,73,ES1 4 bat,0.0
mean,2025,52,74,ES1 4 bat,0.0
mean,2025,52,75,ES1 4 bat,0.0
mean,2025,52,76,ES1 4 bat,0.0
mean,2025,52,77,ES1 4 bat,0.0
mean,2025,52,78,ES1 4 bat,0.0
mean,2025,52,79,ES1 4 bat,0.0
mean,2025,52,80,ES1 4 bat,0.0
mean,2025,52,81,ES1 4 bat,0.0
mean,2025,52,82,ES1 4 bat,0.0
mean,2025,52,83,ES1 4 bat,0.0
mean,2025,52,84,ES1 4 bat,0.0
mean,2025,52,85,ES1 4 bat,0.0
mean,2025,52,86,ES1 4 bat,0.0
mean,2025,52,87,ES1 4 bat,0.0
mean,2025,52,88,ES1 4 bat,0.0
mean,2025,52,89,ES1 4 bat,0.0
mean,2025,52,90,ES1 4 bat,0.0
mean,2025,52,91,ES1 4 bat,0.0
mean,2025,52,92,ES1 4 bat,0.0
mean,2025,52,93,ES1 4 bat,0.0
mean,2025,52,94,ES1 4 bat,0.0
mean,2025,52,95,ES1 4 bat,0.0
mean,2025,52,96,ES1 4 bat,0.0
mean,2025,52,97,ES1 4 bat,0.0
mean,2025,52,98,ES1 4 bat,0.0
mean,2025,52,99,ES1 4 bat,0.0
mean,2025,52,100,ES1 4 bat,0.0
mean,2025,52,101,ES1 4 bat,0.0
mean,2025,52,102,ES1 4 bat,0.0
mean,2025,52,103,ES1 4 bat,0.0
mean,2025,52,104,ES1 4 bat,0.0
mean,2025,52,105,ES1 4 bat,0.0
mean,2025,52,106,ES1 4 bat,0.0
mean,2025,52,107,ES1 4 bat,0.0
mean,2025,52,108,ES1 4 bat,0.0
mean,2025,52,109,ES1 4 bat,0.0
mean,2025,52,110,ES1 4 bat,0.0
mean,2025,52,111,ES1 4 bat,0.0
mean,2025,52,112,ES1 4 bat,0.0
mean,2025,52,113,ES1 4 bat,0.0
mean,2025,52,114,ES1 4 bat,0.0
mean,2025,52,115,ES1 4 bat,0.0
mean,2025,52,116,ES1 4 bat,0.0
mean,2025,52,117,ES1 4 bat,0.0
mean,2025,52,118,ES1 4 bat,0.0
mean,2025,52,119,ES1 4 bat,0.0
mean,2025,52,120,ES1 4 bat,0.0
mean,2025,52,121,ES1 4 bat,0.0
mean,2025,52,122,ES1 4 bat,0.0
mean,2025,52,123,ES1 4 bat,0.0
mean,2025,52,124,ES1 4 bat,0.0
mean,2025,52,125,ES1 4 bat,0.0
mean,2025,52,126,ES1 4 bat,0.0
mean,2025,52,127,ES1 4 bat,0.0
mean,2025,52,128,ES1 4 bat,0.0
mean,2025,52,129,ES1 4 bat,0.0
mean,2025,52,130,ES1 4 bat,0.0
mean,2025,52,131,ES1 4 bat,0.0
mean,2025,52,132,ES1 4 bat,0.0
mean,2025,52,133,ES1 4 bat,0.0
mean,2025,52,134,ES1 4 bat,0.0
mean,2025,52,135,ES1 4 bat,0.0
mean,2025,52,136,ES1 4 bat,0.0
mean,2025,52,137,ES1 4 bat,0.0
mean,2025,52,138,ES1 4 bat,0.0
mean,2025,52,139,ES1 4 bat,0.0
mean,2025,52,140,ES1 4 bat,0.0
mean,2025,52,141,ES1 4 bat,0.0
mean,2025,52,142,ES1 4 bat,0.0
mean,2025,52,143,ES1 4 bat,0.0
mean,2025,52,144,ES1 4 bat,0.0
mean,2025,52,145,ES1 4 bat,0.0
mean,2025,52,146,ES1 4 bat,0.0
mean,2025,52,147,ES1 4 bat,0.0
mean,2025,52,148,ES1 4 bat,0.0
mean,2025,52,149,ES1 4 bat,0.0
mean,2025,52,150,ES1 4 bat,0.0
mean,2025,52,151,ES1 4 bat,0.0
mean,2025,52,152,ES1 4 bat,0.0
mean,2025,52,153,ES1 4 bat,0.0
mean,2025,52,154,ES1 4 bat,0.0
mean,2025,52,155,ES1 4 bat,0.0
mean,2025,52,156,ES1 4 bat,0.0
mean,2025,52,157,ES1 4 bat,0.0
mean,2025,52,158,ES1 4 bat,0.0
mean,2025,52,159,ES1 4 bat,0.0
mean,2025,52,160,ES1 4 bat,0.0
mean,2025,52,161,ES1 4 bat,0.0
mean,2025,52,162,ES1 4 bat,0.0
mean,2025,52,163,ES1 4 bat,0.0
mean,2025,52,164,ES1 4 bat,0.0
mean,2025,52,165,ES1 4 bat,0.0
mean,2025,52,166,ES1 4 bat,0.0
mean,2025,52,167,ES1 4 bat,0.0
mean,2030,11,0,ES1 4 bat,0.0
mean,2030,11,1,ES1 4 bat,0.0
mean,2030,11,2,ES1 4 bat,0.0
mean,2030,11,3,ES1 4 bat,0.0
mean,2030,11,4,ES1 4 bat,0.0
mean,2030,11,5,ES1 4 bat,0.0
mean,2030,11,6,ES1 4 bat,0.0
mean,2030,11,7,ES1 4 bat,0.0
mean,2030,11,8,ES1 4 bat,0.0
mean,2030,11,9,ES1 4 bat,0.0
mean,2030,11,10,ES1 4 bat,0.0
mean,2030,11,11,ES1 4 bat,0.0
mean,2030,11,12,ES1 4 bat,0.0
mean,2030,11,13,ES1 4 bat,0.0
mean,2030,11,14,ES1 4 bat,0.0
mean,2030,11,15,ES1 4 bat,0.0
mean,2030,11,16,ES1 4 bat,0.0
mean,2030,11,17,ES1 4 bat,0.0
mean,2030,11,18,ES1 4 bat,0.0
mean,2030,11,19,ES1 4 bat,0.0
mean,2030,11,20,ES1 4 bat,0.0
mean,2030,11,21,ES1 4 bat,0.0
mean,2030,11,22,ES1 4 bat,0.0
mean,2030,11,23,ES1 4 bat,0.0
mean,2030,11,24,ES1 4 bat,0.0
mean,2030,11,25,ES1 4 bat,0.0
mean,2030,11,26,ES1 4 bat,0.0
mean,2030,11,27,ES1 4 bat,0.0
mean,2030,11,28,ES1 4 bat,0.0
mean,2030,11,29,ES1 4 bat,0.0
mean,2030,11,30,ES1 4 bat,0.0
mean,2030,11,31,ES1 4 bat,0.0
mean,2030,11,32,ES1 4 bat,0.0
mean,2030,11,33,ES1 4 bat,0.0
mean,2030,11,34,ES1 4 bat,0.0
mean,2030,11,35,ES1 4 bat,0.0
mean,2030,11,36,ES1 4 bat,0.0
mean,2030,11,37,ES1 4 bat,0.0
mean,2030,11,38,ES1 4 bat,0.0
mean,2030,11,39,ES1 4 bat,0.0
mean,2030,11,40,ES1 4 bat,0.0
mean,2030,11,41,ES1 4 bat,0.0
mean,2030,11,42,ES1 4 bat,0.0
mean,2030,11,43,ES1 4 bat,0.0
mean,2030,11,44,ES1 4 bat,0.0
mean,2030,11,45,ES1 4 bat,0.0
mean,2030,11,46,ES1 4 bat,0.0
mean,2030,11,47,ES1 4 bat,0.0
mean,2030,11,48,ES1 4 bat,0.0
mean,2030,11,49,ES1 4 bat,0.0
mean,2030,11,50,ES1 4 bat,0.0
mean,2030,11,51,ES1 4 bat,0.0
mean,2030,11,52,ES1 4 bat,0.0
mean,2030,11,53,ES1 4 bat,0.0
mean,2030,11,54,ES1 4 bat,0.0
mean,2030,11,55,ES1 4 bat,0.0
mean,2030,11,56,ES1 4 bat,0.0
mean,2030,11,57,ES1 4 bat,0.0
mean,2030,11,58,ES1 4 bat,0.0
mean,2030,11,59,ES1 4 bat,0.0
mean,2030,11,60,ES1 4 bat,0.0
mean,2030,11,61,ES1 4 bat,0.0
mean,2030,11,62,ES1 4 bat,0.0
mean,2030,11,63,ES1 4 bat,0.0
mean,2030,11,64,ES1 4 bat,0.0
mean,2030,11,65,ES1 4 bat,0.0
mean,2030,11,66,ES1 4 bat,0.0
mean,2030,11,67,ES1 4 bat,0.0
mean,2030,11,68,ES1 4 bat,0.0
mean,2030,11,69,ES1 4 bat,0.0
mean,2030,11,70,ES1 4 bat,0.0
mean,2030,11,71,ES1 4 bat,0.0
mean,2030,11,72,ES1 4 bat,0.0
mean,2030,11,73,ES1 4 bat,0.0
mean,2030,11,74,ES1 4 bat,0.0
mean,2030,11,75,ES1 4 bat,0.0
mean,2030,11,76,ES1 4 bat,0.0
mean,2030,11,77,ES1 4 bat,0.0
mean,2030,11,78,ES1 4 bat,0.0
mean,2030,11,79,ES1 4 bat,0.0
mean,2030,11,80,ES1 4 bat,0.0
mean,2030,11,81,ES1 4 bat,0.0
mean,2030,11,82,ES1 4 bat,0.0
mean,2030,11,83,ES1 4 bat,0.0
mean,2030,11,84,ES1 4 bat,0.0
mean,2030,11,85,ES1 4 bat,0.0
mean,2030,11,86,ES1 4 bat,0.0
mean,2030,11,87,ES1 4 bat,0.0
mean,2030,11,88,ES1 4 bat,0.0
mean,2030,11,89,ES1 4 bat,0.0
mean,2030,11,90,ES1 4 bat,0.0
mean,2030,11,91,ES1 4 bat,0.0
mean,2030,11,92,ES1 4 bat,0.0
mean,2030,11,93,ES1 4 bat,0.0
mean,2030,11,94,ES1 4 bat,0.0
mean,2030,11,95,ES1 4 bat,0.0
mean,2030,11,96,ES1 4 bat,0.0
mean,2030,11,97,ES1 4 bat,0.0
mean,2030,11,98,ES1 4 bat,0.0
mean,2030,11,99,ES1 4 bat,0.0
mean,2030,11,100,ES1 4 bat,0.0
mean,2030,11,101,ES1 4 bat,0.0
mean,2030,11,102,ES1 4 bat,0.0
mean,2030,11,103,ES1 4 bat,0.0
mean,2030,11,104,ES1 4 bat,0.0
mean,2030,11,105,ES1 4 bat,0.0
mean,2030,11,106,ES1 4 bat,0.0
mean,2030,11,107,ES1 4 bat,0.0
mean,2030,11,108,ES1 4 bat,0.0
mean,2030,11,109,ES1 4 bat,0.0
mean,2030,11,110,ES1 4 bat,0.0
mean,2030,11,111,ES1 4 bat,0.0
mean,2030,11,112,ES1 4 bat,0.0
mean,2030,11,113,ES1 4 bat,0.0
mean,2030,11,114,ES1 4 bat,0.0
mean,2030,11,115,ES1 4 bat,0.0
mean,2030,11,116,ES1 4 bat,0.0
mean,2030,11,117,ES1 4 bat,0.0
mean,2030,11,118,ES1 4 bat,0.0
mean,2030,11,119,ES1 4 bat,0.0
mean,2030,11,120,ES1 4 bat,0.0
mean,2030,11,121,ES1 4 bat,0.0
mean,2030,11,122,ES1 4 bat,0.0
mean,2030,11,123,ES1 4 bat,0.0
mean,2030,11,124,ES1 4 bat,0.0
mean,2030,11,125,ES1 4 bat,0.0
mean,2030,11,126,ES1 4 bat,0.0
mean,2030,11,127,ES1 4 bat,0.0
mean,2030,11,128,ES1 4 bat,0.0
mean,2030,11,129,ES1 4 bat,0.0
mean,2030,11,130,ES1 4 bat,0.0
mean,2030,11,131,ES1 4 bat,0.0
mean,2030,11,132,ES1 4 bat,0.0
mean,2030,11,133,ES1 4 bat,0.0
mean,2030,11,134,ES1 4 bat,0.0
mean,2030,11,135,ES1 4 bat,0.0
mean,2030,11,136,ES1 4 bat,0.0
mean,2030,11,137,ES1 4 bat,0.0
mean,2030,11,138,ES1 4 bat,0.0
mean,2030,11,139,ES1 4 bat,0.0
mean,2030,11,140,ES1 4 bat,0.0
mean,2030,11,141,ES1 4 bat,0.0
mean,2030,11,142,ES1 4 bat,0.0
mean,2030,11,143,ES1 4 bat,0.0
mean,2030,11,144,ES1 4 bat,0.0
mean,2030,11,145,ES1 4 bat,0.0
mean,2030,11,146,ES1 4 bat,0.0
mean,2030,11,147,ES1 4 bat,0.0
mean,2030,11,148,ES1 4 bat,0.0
mean,2030,11,149,ES1 4 bat,0.0
mean,2030,11,150,ES1 4 bat,0.0
mean,2030,11,151,ES1 4 bat,0.0
mean,2030,11,152,ES1 4 bat,0.0
mean,2030,11,153,ES1 4 bat,0.0
mean,2030,11,154,ES1 4 bat,0.0
mean,2030,11,155,ES1 4 bat,0.0
mean,2030,11,156,ES1 4 bat,0.0
mean,2030,11,157,ES1 4 bat,0.0
mean,2030,11,158,ES1 4 bat,0.0
mean,2030,11,159,ES1 4 bat,0.0
mean,2030,11,160,ES1 4 bat,0.0
mean,2030,11,161,ES1 4 bat,0.0
mean,2030,11,162,ES1 4 bat,0.0
mean,2030,11,163,ES1 4 bat,0.0
mean,2030,11,164,ES1 4 bat,0.0
mean,2030,11,165,ES1 4 bat,0.0
mean,2030,11,166,ES1 4 bat,0.0
mean,2030,11,167,ES1 4 bat,0.0
mean,2030,21,0,ES1 4 bat,0.0
mean,2030,21,1,ES1 4 bat,0.0
mean,2030,21,2,ES1 4 bat,0.0
mean,2030,21,3,ES1 4 bat,0.0
mean,2030,21,4,ES1 4 bat,0.0
mean,2030,21,5,ES1 4 bat,0.0
mean,2030,21,6,ES1 4 bat,0.0
mean,2030,21,7,ES1 4 bat,0.0
mean,2030,21,8,ES1 4 bat,0.0
mean,2030,21,9,ES1 4 bat,0.0
mean,2030,21,10,ES1 4 bat,0.0
mean,2030,21,11,ES1 4 bat,0.0
mean,2030,21,12,ES1 4 bat,0.0
mean,2030,21,13,ES1 4 bat,0.0
mean,2030,21,14,ES1 4 bat,0.0
mean,2030,21,15,ES1 4 bat,0.0
mean,2030,21,16,ES1 4 bat,0.0
mean,2030,21,17,ES1 4 bat,0.0
mean,2030,21,18,ES1 4 bat,0.0
mean,2030,21,19,ES1 4 bat,0.0
mean,2030,21,20,ES1 4 bat,0.0
mean,2030,21,21,ES1 4 bat,0.0
mean,2030,21,22,ES1 4 bat,0.0
mean,2030,21,23,ES1 4 bat,0.0
mean,2030,21,24,ES1 4 bat,0.0
mean,2030,21,25,ES1 4 bat,0.0
mean,2030,21,26,ES1 4 bat,0.0
mean,2030,21,27,ES1 4 bat,0.0
mean,2030,21,28,ES1 4 bat,0.0
mean,2030,21,29,ES1 4 bat,0.0
mean,2030,21,30,ES1 4 bat,0.0
mean,2030,21,31,ES1 4 bat,0.0
mean,2030,21,32,ES1 4 bat,0.0
mean,2030,21,33,ES1 4 bat,0.0
mean,2030,21,34,ES1 4 bat,0.0
mean,2030,21,35,ES1 4 bat,0.0
mean,2030,21,36,ES1 4 bat,0.0
mean,2030,21,37,ES1 4 bat,0.0
mean,2030,21,38,ES1 4 bat,0.0
mean,2030,21,39,ES1 4 bat,0.0
mean,2030,21,40,ES1 4 bat,0.0
mean,2030,21,41,ES1 4 bat,0.0
mean,2030,21,42,ES1 4 bat,0.0
mean,2030,21,43,ES1 4 bat,0.0
mean,2030,21,44,ES1 4 bat,0.0
mean,2030,21,45,ES1 4 bat,0.0
mean,2030,21,46,ES1 4 bat,0.0
mean,2030,21,47,ES1 4 bat,0.0
mean,2030,21,48,ES1 4 bat,0.0
mean,2030,21,49,ES1 4 bat,0.0
mean,2030,21,50,ES1 4 bat,0.0
mean,2030,21,51,ES1 4 bat,0.0
mean,2030,21,52,ES1 4 bat,0.0
mean,2030,21,53,ES1 4 bat,0.0
mean,2030,21,54,ES1 4 bat,0.0
mean,2030,21,55,ES1 4 bat,0.0
mean,2030,21,56,ES1 4 bat,0.0
mean,2030,21,57,ES1 4 bat,0.0
mean,2030,21,58,ES1 4 bat,0.0
mean,2030,21,59,ES1 4 bat,0.0
mean,2030,21,60,ES1 4 bat,0.0
mean,2030,21,61,ES1 4 bat,0.0
mean,2030,21,62,ES1 4 bat,0.0
mean,2030,21,63,ES1 4 bat,0.0
mean,2030,21,64,ES1 4 bat,0.0
mean,2030,21,65,ES1 4 bat,0.0
mean,2030,21,66,ES1 4 bat,0.0
mean,2030,21,67,ES1 4 bat,0.0
mean,2030,21,68,ES1 4 bat,0.0
mean,2030,21,69,ES1 4 bat,0.0
mean,2030,21,70,ES1 4 bat,0.0
mean,2030,21,71,ES1 4 bat,0.0
mean,2030,21,72,ES1 4 bat,0.0
mean,2030,21,73,ES1 4 bat,0.0
mean,2030,21,74,ES1 4 bat,0.0
mean,2030,21,75,ES1 4 bat,0.0
mean,2030,21,76,ES1 4 bat,0.0
mean,2030,21,77,ES1 4 bat,0.0
mean,2030,21,78,ES1 4 bat,0.0
mean,2030,21,79,ES1 4 bat,0.0
mean,2030,21,80,ES1 4 bat,0.0
mean,2030,21,81,ES1 4 bat,0.0
mean,2030,21,82,ES1 4 bat,0.0
mean,2030,21,83,ES1 4 bat,0.0
mean,2030,21,84,ES1 4 bat,0.0
mean,2030,21,85,ES1 4 bat,0.0
mean,2030,21,86,ES1 4 bat,0.0
mean,2030,21,87,ES1 4 bat,0.0
mean,2030,21,88,ES1 4 bat,0.0
mean,2030,21,89,ES1 4 bat,0.0
mean,2030,21,90,ES1 4 bat,0.0
mean,2030,21,91,ES1 4 bat,0.0
mean,2030,21,92,ES1 4 bat,0.0
mean,2030,21,93,ES1 4 bat,0.0
mean,2030,21,94,ES1 4 bat,0.0
mean,2030,21,95,ES1 4 bat,0.0
mean,2030,21,96,ES1 4 bat,0.0
mean,2030,21,97,ES1 4 bat,0.0
mean,2030,21,98,ES1 4 bat,0.0
mean,2030,21,99,ES1 4 bat,0.0
mean,2030,21,100,ES1 4 bat,0.0
mean,2030,21,101,ES1 4 bat,0.0
mean,2030,21,102,ES1 4 bat,0.0
mean,2030,21,103,ES1 4 bat,0.0
mean,2030,21,104,ES1 4 bat,0.0
mean,2030,21,105,ES1 4 bat,0.0
mean,2030,21,106,ES1 4 bat,0.0
mean,2030,21,107,ES1 4 bat,0.0
mean,2030,21,108,ES1 4 bat,0.0
mean,2030,21,109,ES1 4 bat,0.0
mean,2030,21,110,ES1 4 bat,0.0
mean,2030,21,111,ES1 4 bat,0.0
mean,2030,21,112,ES1 4 bat,0.0
mean,2030,21,113,ES1 4 bat,0.0
mean,2030,21,114,ES1 4 bat,0.0
mean,2030,21,115,ES1 4 bat,0.0
mean,2030,21,116,ES1 4 bat,0.0
mean,2030,21,117,ES1 4 bat,0.0
mean,2030,21,118,ES1 4 bat,0.0
mean,2030,21,119,ES1 4 bat,0.0
mean,2030,21,120,ES1 4 bat,0.0
mean,2030,21,121,ES1 4 bat,0.0
mean,2030,21,122,ES1 4 bat,0.0
mean,2030,21,123,ES1 4 bat,0.0
mean,2030,21,124,ES1 4 bat,0.0
mean,2030,21,125,ES1 4 bat,0.0
mean,2030,21,126,ES1 4 bat,0.0
mean,2030,21,127,ES1 4 bat,0.0
mean,2030,21,128,ES1 4 bat,0.0
mean,2030,21,129,ES1 4 bat,0.0
mean,2030,21,130,ES1 4 bat,0.0
mean,2030,21,131,ES1 4 bat,0.0
mean,2030,21,132,ES1 4 bat,0.0
mean,2030,21,133,ES1 4 bat,0.0
mean,2030,21,134,ES1 4 bat,0.0
mean,2030,21,135,ES1 4 bat,0.0
mean,2030,21,136,ES1 4 bat,0.0
mean,2030,21,137,ES1 4 bat,0.0
mean,2030,21,138,ES1 4 bat,0.0
mean,2030,21,139,ES1 4 bat,0.0
mean,2030,21,140,ES1 4 bat,0.0
mean,2030,21,141,ES1 4 bat,0.0
mean,2030,21,142,ES1 4 bat,0.0
mean,2030,21,143,ES1 4 bat,0.0
mean,2030,21,144,ES1 4 bat,0.0
mean,2030,21,145,ES1 4 bat,0.0
mean,2030,21,146,ES1 4 bat,0.0
mean,2030,21,147,ES1 4 bat,0.0
mean,2030,21,148,ES1 4 bat,0.0
mean,2030,21,149,ES1 4 bat,0.0
mean,2030,21,150,ES1 4 bat,0.0
mean,2030,21,151,ES1 4 bat,0.0
mean,2030,21,152,ES1 4 bat,0.0
mean,2030,21,153,ES1 4 bat,0.0
mean,2030,21,154,ES1 4 bat,0.0
mean,2030,21,155,ES1 4 bat,0.0
mean,2030,21,156,ES1 4 bat,0.0
mean,2030,21,157,ES1 4 bat,0.0
mean,2030,21,158,ES1 4 bat,0.0
mean,2030,21,159,ES1 4 bat,0.0
mean,2030,21,160,ES1 4 bat,0.0
mean,2030,21,161,ES1 4 bat,0.0
mean,2030,21,162,ES1 4 bat,0.0
mean,2030,21,163,ES1 4 bat,0.0
mean,2030,21,164,ES1 4 bat,0.0
mean,2030,21,165,ES1 4 bat,0.0
mean,2030,21,166,ES1 4 bat,0.0
mean,2030,21,167,ES1 4 bat,0.0
mean,2030,42,0,ES1 4 bat,0.0
mean,2030,42,1,ES1 4 bat,0.0
mean,2030,42,2,ES1 4 bat,0.0
mean,2030,42,3,ES1 4 bat,0.0
mean,2030,42,4,ES1 4 bat,0.0
mean,2030,42,5,ES1 4 bat,0.0
mean,2030,42,6,ES1 4 bat,0.0
mean,2030,42,7,ES1 4 bat,0.0
mean,2030,42,8,ES1 4 bat,0.0
mean,2030,42,9,ES1 4 bat,0.0
mean,2030,42,10,ES1 4 bat,0.0
mean,2030,42,11,ES1 4 bat,0.0
mean,2030,42,12,ES1 4 bat,0.0
mean,2030,42,13,ES1 4 bat,0.0
mean,2030,42,14,ES1 4 bat,0.0
mean,2030,42,15,ES1 4 bat,0.0
mean,2030,42,16,ES1 4 bat,0.0
mean,2030,42,17,ES1 4 bat,0.0
mean,2030,42,18,ES1 4 bat,0.0
mean,2030,42,19,ES1 4 bat,0.0
mean,2030,42,20,ES1 4 bat,0.0
mean,2030,42,21,ES1 4 bat,0.0
mean,2030,42,22,ES1 4 bat,0.0
mean,2030,42,23,ES1 4 bat,0.0
mean,2030,42,24,ES1 4 bat,0.0
mean,2030,42,25,ES1 4 bat,0.0
mean,2030,42,26,ES1 4 bat,0.0
mean,2030,42,27,ES1 4 bat,0.0
mean,2030,42,28,ES1 4 bat,0.0
mean,2030,42,29,ES1 4 bat,0.0
mean,2030,42,30,ES1 4 bat,0.0
mean,2030,42,31,ES1 4 bat,0.0
mean,2030,42,32,ES1 4 bat,0.0
mean,2030,42,33,ES1 4 bat,0.0
mean,2030,42,34,ES1 4 bat,0.0
mean,2030,42,35,ES1 4 bat,0.0
mean,2030,42,36,ES1 4 bat,0.0
mean,2030,42,37,ES1 4 bat,0.0
mean,2030,42,38,ES1 4 bat,0.0
mean,2030,42,39,ES1 4 bat,0.0
mean,2030,42,40,ES1 4 bat,0.0
mean,2030,42,41,ES1 4 bat,0.0
mean,2030,42,42,ES1 4 bat,0.0
mean,2030,42,43,ES1 4 bat,0.0
mean,2030,42,44,ES1 4 bat,0.0
mean,2030,42,45,ES1 4 bat,0.0
mean,2030,42,46,ES1 4 bat,0.0
mean,2030,42,47,ES1 4 bat,0.0
mean,2030,42,48,ES1 4 bat,0.0
mean,2030,42,49,ES1 4 bat,0.0
mean,2030,42,50,ES1 4 bat,0.0
mean,2030,42,51,ES1 4 bat,0.0
mean,2030,42,52,ES1 4 bat,0.0
mean,2030,42,53,ES1 4 bat,0.0
mean,2030,42,54,ES1 4 bat,0.0
mean,2030,42,55,ES1 4 bat,0.0
mean,2030,42,56,ES1 4 bat,0.0
mean,2030,42,57,ES1 4 bat,0.0
mean,2030,42,58,ES1 4 bat,0.0
mean,2030,42,59,ES1 4 bat,0.0
mean,2030,42,60,ES1 4 bat,0.0
mean,2030,42,61,ES1 4 bat,0.0
mean,2030,42,62,ES1 4 bat,0.0
mean,2030,42,63,ES1 4 bat,0.0
mean,2030,42,64,ES1 4 bat,0.0
mean,2030,42,65,ES1 4 bat,0.0
mean,2030,42,66,ES1 4 bat,0.0
mean,2030,42,67,ES1 4 bat,0.0
mean,2030,42,68,ES1 4 bat,0.0
mean,2030,42,69,ES1 4 bat,0.0
mean,2030,42,70,ES1 4 bat,0.0
mean,2030,42,71,ES1 4 bat,0.0
mean,2030,42,72,ES1 4 bat,0.0
mean,2030,42,73,ES1 4 bat,0.0
mean,2030,42,74,ES1 4 bat,0.0
mean,2030,42,75,ES1 4 bat,0.0
mean,2030,42,76,ES1 4 bat,0.0
mean,2030,42,77,ES1 4 bat,0.0
mean,2030,42,78,ES1 4 bat,0.0
mean,2030,42,79,ES1 4 bat,0.0
mean,2030,42,80,ES1 4 bat,0.0
mean,2030,42,81,ES1 4 bat,0.0
mean,2030,42,82,ES1 4 bat,0.0
mean,2030,42,83,ES1 4 bat,0.0
mean,2030,42,84,ES1 4 bat,0.0
mean,2030,42,85,ES1 4 bat,0.0
mean,2030,42,86,ES1 4 bat,0.0
mean,2030,42,87,ES1 4 bat,0.0
mean,2030,42,88,ES1 4 bat,0.0
mean,2030,42,89,ES1 4 bat,0.0
mean,2030,42,90,ES1 4 bat,0.0
mean,2030,42,91,ES1 4 bat,0.0
mean,2030,42,92,ES1 4 bat,0.0
mean,2030,42,93,ES1 4 bat,0.0
mean,2030,42,94,ES1 4 bat,0.0
mean,2030,42,95,ES1 4 bat,0.0
mean,2030,42,96,ES1 4 bat,0.0
mean,2030,42,97,ES1 4 bat,0.0
mean,2030,42,98,ES1 4 bat,0.0
mean,2030,42,99,ES1 4 bat,0.0
mean,2030,42,100,ES1 4 bat,0.0
mean,2030,42,101,ES1 4 bat,0.0
mean,2030,42,102,ES1 4 bat,0.0
mean,2030,42,103,ES1 4 bat,0.0
mean,2030,42,104,ES1 4 bat,0.0
mean,2030,42,105,ES1 4 bat,0.0
mean,2030,42,106,ES1 4 bat,0.0
mean,2030,42,107,ES1 4 bat,0.0
mean,2030,42,108,ES1 4 bat,0.0
mean,2030,42,109,ES1 4 bat,0.0
mean,2030,42,110,ES1 4 bat,0.0
mean,2030,42,111,ES1 4 bat,0.0
mean,2030,42,112,ES1 4 bat,0.0
mean,2030,42,113,ES1 4 bat,0.0
mean,2030,42,114,ES1 4 bat,0.0
mean,2030,42,115,ES1 4 bat,0.0
mean,2030,42,116,ES1 4 bat,0.0
mean,2030,42,117,ES1 4 bat,0.0
mean,2030,42,118,ES1 4 bat,0.0
mean,2030,42,119,ES1 4 bat,0.0
mean,2030,42,120,ES1 4 bat,0.0
mean,2030,42,121,ES1 4 bat,0.0
mean,2030,42,122,ES1 4 bat,0.0
mean,2030,42,123,ES1 4 bat,0.0
mean,2030,42,124,ES1 4 bat,0.0
mean,2030,42,125,ES1 4 bat,0.0
mean,2030,42,126,ES1 4 bat,0.0
mean,2030,42,127,ES1 4 bat,0.0
mean,2030,42,128,ES1 4 bat,0.0
mean,2030,42,129,ES1 4 bat,0.0
mean,2030,42,130,ES1 4 bat,0.0
mean,2030,42,131,ES1 4 bat,0.0
mean,2030,42,132,ES1 4 bat,0.0
mean,2030,42,133,ES1 4 bat,0.0
mean,2030,42,134,ES1 4 bat,0.0
mean,2030,42,135,ES1 4 bat,0.0
mean,2030,42,136,ES1 4 bat,0.0
mean,2030,42,137,ES1 4 bat,0.0
mean,2030,42,138,ES1 4 bat,0.0
mean,2030,42,139,ES1 4 bat,0.0
mean,2030,42,140,ES1 4 bat,0.0
mean,2030,42,141,ES1 4 bat,0.0
mean,2030,42,142,ES1 4 bat,0.0
mean,2030,42,143,ES1 4 bat,0.0
mean,2030,42,144,ES1 4 bat,0.0
mean,2030,42,145,ES1 4 bat,0.0
mean,2030,42,146,ES1 4 bat,0.0
mean,2030,42,147,ES1 4 bat,0.0
mean,2030,42,148,ES1 4 bat,0.0
mean,2030,42,149,ES1 4 bat,0.0
mean,2030,42,150,ES1 4 bat,0.0
mean,2030,42,151,ES1 4 bat,0.0
mean,2030,42,152,ES1 4 bat,0.0
mean,2030,42,153,ES1 4 bat,0.0
mean,2030,42,154,ES1 4 bat,0.0
mean,2030,42,155,ES1 4 bat,0.0
mean,2030,42,156,ES1 4 bat,0.0
mean,2030,42,157,ES1 4 bat,0.0
mean,2030,42,158,ES1 4 bat,0.0
mean,2030,42,159,ES1 4 bat,0.0
mean,2030,42,160,ES1 4 bat,0.0
mean,2030,42,161,ES1 4 bat,0.0
mean,2030,42,162,ES1 4 bat,0.0
mean,2030,42,163,ES1 4 bat,0.0
mean,2030,42,164,ES1 4 bat,0.0
mean,2030,42,165,ES1 4 bat,0.0
mean,2030,42,166,ES1 4 bat,0.0
mean,2030,42,167,ES1 4 bat,0.0
mean,2030,52,0,ES1 4 bat,0.0
mean,2030,52,1,ES1 4 bat,0.0
mean,2030,52,2,ES1 4 bat,0.0
mean,2030,52,3,ES1 4 bat,0.0
mean,2030,52,4,ES1 4 bat,0.0
mean,2030,52,5,ES1 4 bat,0.0
mean,2030,52,6,ES1 4 bat,0.0
mean,2030,52,7,ES1 4 bat,0.0
mean,2030,52,8,ES1 4 bat,0.0
mean,2030,52,9,ES1 4 bat,0.0
mean,2030,52,10,ES1 4 bat,0.0
mean,2030,52,11,ES1 4 bat,0.0
mean,2030,52,12,ES1 4 bat,0.0
mean,2030,52,13,ES1 4 bat,0.0
mean,2030,52,14,ES1 4 bat,0.0
mean,2030,52,15,ES1 4 bat,0.0
mean,2030,52,16,ES1 4 bat,0.0
mean,2030,52,17,ES1 4 bat,0.0
mean,2030,52,18,ES1 4 bat,0.0
mean,2030,52,19,ES1 4 bat,0.0
mean,2030,52,20,ES1 4 bat,0.0
mean,2030,52,21,ES1 4 bat,0.0
mean,2030,52,22,ES1 4 bat,0.0
mean,2030,52,23,ES1 4 bat,0.0
mean,2030,52,24,ES1 4 bat,0.0
mean,2030,52,25,ES1 4 bat,0.0
mean,2030,52,26,ES1 4 bat,0.0
mean,2030,52,27,ES1 4 bat,0.0
mean,2030,52,28,ES1 4 bat,0.0
mean,2030,52,29,ES1 4 bat,0.0
mean,2030,52,30,ES1 4 bat,0.0
mean,2030,52,31,ES1 4 bat,0.0
mean,2030,52,32,ES1 4 bat,0.0
mean,2030,52,33,ES1 4 bat,0.0
mean,2030,52,34,ES1 4 bat,0.0
mean,2030,52,35,ES1 4 bat,0.0
mean,2030,52,36,ES1 4 bat,0.0
mean,2030,52,37,ES1 4 bat,0.0
mean,2030,52,38,ES1 4 bat,0.0
mean,2030,52,39,ES1 4 bat,0.0
mean,2030,52,40,ES1 4 bat,0.0
mean,2030,52,41,ES1 4 bat,0.0
mean,2030,52,42,ES1 4 bat,0.0
mean,2030,52,43,ES1 4 bat,0.0
mean,2030,52,44,ES1 4 bat,0.0
mean,2030,52,45,ES1 4 bat,0.0
mean,2030,52,46,ES1 4 bat,0.0
mean,2030,52,47,ES1 4 bat,0.0
mean,2030,52,48,ES1 4 bat,0.0
mean,2030,52,49,ES1 4 bat,0.0
mean,2030,52,50,ES1 4 bat,0.0
mean,2030,52,51,ES1 4 bat,0.0
mean,2030,52,52,ES1 4 bat,0.0
mean,2030,52,53,ES1 4 bat,0.0
mean,2030,52,54,ES1 4 bat,0.0
mean,2030,52,55,ES1 4 bat,0.0
mean,2030,52,56,ES1 4 bat,0.0
mean,2030,52,57,ES1 4 bat,0.0
mean,2030,52,58,ES1 4 bat,0.0
mean,2030,52,59,ES1 4 bat,0.0
mean,2030,52,60,ES1 4 bat,0.0
mean,2030,52,61,ES1 4 bat,0.0
mean,2030,52,62,ES1 4 bat,0.0
mean,2030,52,63,ES1 4 bat,0.0
mean,2030,52,64,ES1 4 bat,0.0
mean,2030,52,65,ES1 4 bat,0.0
mean,2030,52,66,ES1 4 bat,0.0
mean,2030,52,67,ES1 4 bat,0.0
mean,2030,52,68,ES1 4 bat,0.0
mean,2030,52,69,ES1 4 bat,0.0
mean,2030,52,70,ES1 4 bat,0.0
mean,2030,52,71,ES1 4 bat,0.0
mean,2030,52,72,ES1 4 bat,0.0
mean,2030,52,73,ES1 4 bat,0.0
mean,2030,52,74,ES1 4 bat,0.0
mean,2030,52,75,ES1 4 bat,0.0
mean,2030,52,76,ES1 4 bat,0.0
mean,2030,52,77,ES1 4 bat,0.0
mean,2030,52,78,ES1 4 bat,0.0
mean,2030,52,79,ES1 4 bat,0.0
mean,2030,52,80,ES1 4 bat,0.0
mean,2030,52,81,ES1 4 bat,0.0
mean,2030,52,82,ES1 4 bat,0.0
mean,2030,52,83,ES1 4 bat,0.0
mean,2030,52,84,ES1 4 bat,0.0
mean,2030,52,85,ES1 4 bat,0.0
mean,2030,52,86,ES1 4 bat,0.0
mean,2030,52,87,ES1 4 bat,0.0
mean,2030,52,88,ES1 4 bat,0.0
mean,2030,52,89,ES1 4 bat,0.0
mean,2030,52,90,ES1 4 bat,0.0
mean,2030,52,91,ES1 4 bat,0.0
mean,2030,52,92,ES1 4 bat,0.0
mean,2030,52,93,ES1 4 bat,0.0
mean,2030,52,94,ES1 4 bat,0.0
mean,2030,52,95,ES1 4 bat,0.0
mean,2030,52,96,ES1 4 bat,0.0
mean,2030,52,97,ES1 4 bat,0.0
mean,2030,52,98,ES1 4 bat,0.0
mean,2030,52,99,ES1 4 bat,0.0
mean,2030,52,100,ES1 4 bat,0.0
mean,2030,52,101,ES1 4 bat,0.0
mean,2030,52,102,ES1 4 bat,0.0
mean,2030,52,103,ES1 4 bat,0.0
mean,2030,52,104,ES1 4 bat,0.0
mean,2030,52,105,ES1 4 bat,0.0
mean,2030,52,106,ES1 4 bat,0.0
mean,2030,52,107,ES1 4 bat,0.0
mean,2030,52,108,ES1 4 bat,0.0
mean,2030,52,109,ES1 4 bat,0.0
mean,2030,52,110,ES1 4 bat,0.0
mean,2030,52,111,ES1 4 bat,0.0
mean,2030,52,112,ES1 4 bat,0.0
mean,2030,52,113,ES1 4 bat,0.0
mean,2030,52,114,ES1 4 bat,0.0
mean,2030,52,115,ES1 4 bat,0.0
mean,2030,52,116,ES1 4 bat,0.0
mean,2030,52,117,ES1 4 bat,0.0
mean,2030,52,118,ES1 4 bat,0.0
mean,2030,52,119,ES1 4 bat,0.0
mean,2030,52,120,ES1 4 bat,0.0
mean,2030,52,121,ES1 4 bat,0.0
mean,2030,52,122,ES1 4 bat,0.0
mean,2030,52,123,ES1 4 bat,0.0
mean,2030,52,124,ES1 4 bat,0.0
mean,2030,52,125,ES1 4 bat,0.0
mean,2030,52,126,ES1 4 bat,0.0
mean,2030,52,127,ES1 4 bat,0.0
mean,2030,52,128,ES1 4 bat,0.0
mean,2030,52,129,ES1 4 bat,0.0
mean,2030,52,130,ES1 4 bat,0.0
mean,2030,52,131,ES1 4 bat,0.0
mean,2030,52,132,ES1 4 bat,0.0
mean,2030,52,133,ES1 4 bat,0.0
mean,2030,52,134,ES1 4 bat,0.0
mean,2030,52,135,ES1 4 bat,0.0
mean,2030,52,136,ES1 4 bat,0.0
mean,2030,52,137,ES1 4 bat,0.0
mean,2030,52,138,ES1 4 bat,0.0
mean,2030,52,139,ES1 4 bat,0.0
mean,2030,52,140,ES1 4 bat,0.0
mean,2030,52,141,ES1 4 bat,0.0
mean,2030,52,142,ES1 4 bat,0.0
mean,2030,52,143,ES1 4 bat,0.0
mean,2030,52,144,ES1 4 bat,0.0
mean,2030,52,145,ES1 4 bat,0.0
mean,2030,52,146,ES1 4 bat,0.0
mean,2030,52,147,ES1 4 bat,0.0
mean,2030,52,148,ES1 4 bat,0.0
mean,2030,52,149,ES1 4 bat,0.0
mean,2030,52,150,ES1 4 bat,0.0
mean,2030,52,151,ES1 4 bat,0.0
mean,2030,52,152,ES1 4 bat,0.0
mean,2030,52,153,ES1 4 bat,0.0
mean,2030,52,154,ES1 4 bat,0.0
mean,2030,52,155,ES1 4 bat,0.0
mean,2030,52,156,ES1 4 bat,0.0
mean,2030,52,157,ES1 4 bat,0.0
mean,2030,52,158,ES1 4 bat,0.0
mean,2030,52,159,ES1 4 bat,0.0
mean,2030,52,160,ES1 4 bat,0.0
mean,2030,52,161,ES1 4 bat,0.0
mean,2030,52,162,ES1 4 bat,0.0
mean,2030,52,163,ES1 4 bat,0.0
mean,2030,52,164,ES1 4 bat,0.0
mean,2030,52,165,ES1 4 bat,0.0
mean,2030,52,166,ES1 4 bat,0.0
mean,2030,52,167,ES1 4 bat,0.0
mean,2040,11,0,ES1 4 bat,0.0
mean,2040,11,1,ES1 4 bat,0.0
mean,2040,11,2,ES1 4 bat,0.0
mean,2040,11,3,ES1 4 bat,0.0
mean,2040,11,4,ES1 4 bat,0.0
mean,2040,11,5,ES1 4 bat,0.0
mean,2040,11,6,ES1 4 bat,0.0
mean,2040,11,7,ES1 4 bat,0.0
mean,2040,11,8,ES1 4 bat,0.0
mean,2040,11,9,ES1 4 bat,0.0
mean,2040,11,10,ES1 4 bat,0.0
mean,2040,11,11,ES1 4 bat,0.0
mean,2040,11,12,ES1 4 bat,0.0
mean,2040,11,13,ES1 4 bat,0.0
mean,2040,11,14,ES1 4 bat,0.0
mean,2040,11,15,ES1 4 bat,0.0
mean,2040,11,16,ES1 4 bat,0.0
mean,2040,11,17,ES1 4 bat,0.0
mean,2040,11,18,ES1 4 bat,0.0
mean,2040,11,19,ES1 4 bat,0.0
mean,2040,11,20,ES1 4 bat,0.0
mean,2040,11,21,ES1 4 bat,0.0
mean,2040,11,22,ES1 4 bat,0.0
mean,2040,11,23,ES1 4 bat,0.0
mean,2040,11,24,ES1 4 bat,0.0
mean,2040,11,25,ES1 4 bat,0.0
mean,2040,11,26,ES1 4 bat,0.0
mean,2040,11,27,ES1 4 bat,0.0
mean,2040,11,28,ES1 4 bat,0.0
mean,2040,11,29,ES1 4 bat,0.0
mean,2040,11,30,ES1 4 bat,0.0
mean,2040,11,31,ES1 4 bat,0.0
mean,2040,11,32,ES1 4 bat,0.0
mean,2040,11,33,ES1 4 bat,0.0
mean,2040,11,34,ES1 4 bat,0.0
mean,2040,11,35,ES1 4 bat,0.0
mean,2040,11,36,ES1 4 bat,0.0
mean,2040,11,37,ES1 4 bat,0.0
mean,2040,11,38,ES1 4 bat,0.0
mean,2040,11,39,ES1 4 bat,0.0
mean,2040,11,40,ES1 4 bat,0.0
mean,2040,11,41,ES1 4 bat,0.0
mean,2040,11,42,ES1 4 bat,0.0
mean,2040,11,43,ES1 4 bat,0.0
mean,2040,11,44,ES1 4 bat,0.0
mean,2040,11,45,ES1 4 bat,0.0
mean,2040,11,46,ES1 4 bat,0.0
mean,2040,11,47,ES1 4 bat,0.0
mean,2040,11,48,ES1 4 bat,0.0
mean,2040,11,49,ES1 4 bat,0.0
mean,2040,11,50,ES1 4 bat,0.0
mean,2040,11,51,ES1 4 bat,0.0
mean,2040,11,52,ES1 4 bat,0.0
mean,2040,11,53,ES1 4 bat,0.0
mean,2040,11,54,ES1 4 bat,0.0
mean,2040,11,55,ES1 4 bat,0.0
mean,2040,11,56,ES1 4 bat,0.0
mean,2040,11,57,ES1 4 bat,0.0
mean,2040,11,58,ES1 4 bat,0.0
mean,2040,11,59,ES1 4 bat,0.0
mean,2040,11,60,ES1 4 bat,0.0
mean,2040,11,61,ES1 4 bat,0.0
mean,2040,11,62,ES1 4 bat,0.0
mean,2040,11,63,ES1 4 bat,0.0
mean,2040,11,64,ES1 4 bat,0.0
mean,2040,11,65,ES1 4 bat,0.0
mean,2040,11,66,ES1 4 bat,0.0
mean,2040,11,67,ES1 4 bat,0.0
mean,2040,11,68,ES1 4 bat,0.0
mean,2040,11,69,ES1 4 bat,0.0
mean,2040,11,70,ES1 4 bat,0.0
mean,2040,11,71,ES1 4 bat,0.0
mean,2040,11,72,ES1 4 bat,0.0
mean,2040,11,73,ES1 4 bat,0.0
mean,2040,11,74,ES1 4 bat,0.0
mean,2040,11,75,ES1 4 bat,0.0
mean,2040,11,76,ES1 4 bat,0.0
mean,2040,11,77,ES1 4 bat,0.0
mean,2040,11,78,ES1 4 bat,0.0
mean,2040,11,79,ES1 4 bat,0.0
mean,2040,11,80,ES1 4 bat,0.0
mean,2040,11,81,ES1 4 bat,0.0
mean,2040,11,82,ES1 4 bat,0.0
mean,2040,11,83,ES1 4 bat,0.0
mean,2040,11,84,ES1 4 bat,0.0
mean,2040,11,85,ES1 4 bat,0.0
mean,2040,11,86,ES1 4 bat,0.0
mean,2040,11,87,ES1 4 bat,0.0
mean,2040,11,88,ES1 4 bat,0.0
mean,2040,11,89,ES1 4 bat,0.0
mean,2040,11,90,ES1 4 bat,0.0
mean,2040,11,91,ES1 4 bat,0.0
mean,2040,11,92,ES1 4 bat,0.0
mean,2040,11,93,ES1 4 bat,0.0
mean,2040,11,94,ES1 4 bat,0.0
mean,2040,11,95,ES1 4 bat,0.0
mean,2040,11,96,ES1 4 bat,0.0
mean,2040,11,97,ES1 4 bat,0.0
mean,2040,11,98,ES1 4 bat,0.0
mean,2040,11,99,ES1 4 bat,0.0
mean,2040,11,100,ES1 4 bat,0.0
mean,2040,11,101,ES1 4 bat,0.0
mean,2040,11,102,ES1 4 bat,0.0
mean,2040,11,103,ES1 4 bat,0.0
mean,2040,11,104,ES1 4 bat,0.0
mean,2040,11,105,ES1 4 bat,0.0
mean,2040,11,106,ES1 4 bat,0.0
mean,2040,11,107,ES1 4 bat,0.0
mean,2040,11,108,ES1 4 bat,0.0
mean,2040,11,109,ES1 4 bat,0.0
mean,2040,11,110,ES1 4 bat,0.0
mean,2040,11,111,ES1 4 bat,0.0
mean,2040,11,112,ES1 4 bat,0.0
mean,2040,11,113,ES1 4 bat,0.0
mean,2040,11,114,ES1 4 bat,0.0
mean,2040,11,115,ES1 4 bat,0.0
mean,2040,11,116,ES1 4 bat,0.0
mean,2040,11,117,ES1 4 bat,0.0
mean,2040,11,118,ES1 4 bat,0.0
mean,2040,11,119,ES1 4 bat,0.0
mean,2040,11,120,ES1 4 bat,0.0
mean,2040,11,121,ES1 4 bat,0.0
mean,2040,11,122,ES1 4 bat,0.0
mean,2040,11,123,ES1 4 bat,0.0
mean,2040,11,124,ES1 4 bat,0.0
mean,2040,11,125,ES1 4 bat,0.0
mean,2040,11,126,ES1 4 bat,0.0
mean,2040,11,127,ES1 4 bat,0.0
mean,2040,11,128,ES1 4 bat,0.0
mean,2040,11,129,ES1 4 bat,0.0
mean,2040,11,130,ES1 4 bat,0.0
mean,2040,11,131,ES1 4 bat,0.0
mean,2040,11,132,ES1 4 bat,0.0
mean,2040,11,133,ES1 4 bat,0.0
mean,2040,11,134,ES1 4 bat,0.0
mean,2040,11,135,ES1 4 bat,0.0
mean,2040,11,136,ES1 4 bat,0.0
mean,2040,11,137,ES1 4 bat,0.0
mean,2040,11,138,ES1 4 bat,0.0
mean,2040,11,139,ES1 4 bat,0.0
mean,2040,11,140,ES1 4 bat,0.0
mean,2040,11,141,ES1 4 bat,0.0
mean,2040,11,142,ES1 4 bat,0.0
mean,2040,11,143,ES1 4 bat,0.0
mean,2040,11,144,ES1 4 bat,0.0
mean,2040,11,145,ES1 4 bat,0.0
mean,2040,11,146,ES1 4 bat,0.0
mean,2040,11,147,ES1 4 bat,0.0
mean,2040,11,148,ES1 4 bat,0.0
mean,2040,11,149,ES1 4 bat,0.0
mean,2040,11,150,ES1 4 bat,0.0
mean,2040,11,151,ES1 4 bat,0.0
mean,2040,11,152,ES1 4 bat,0.0
mean,2040,11,153,ES1 4 bat,0.0
mean,2040,11,154,ES1 4 bat,0.0
mean,2040,11,155,ES1 4 bat,0.0
mean,2040,11,156,ES1 4 bat,0.0
mean,2040,11,157,ES1 4 bat,0.0
mean,2040,11,158,ES1 4 bat,0.0
mean,2040,11,159,ES1 4 bat,0.0
mean,2040,11,160,ES1 4 bat,0.0
mean,2040,11,161,ES1 4 bat,0.0
mean,2040,11,162,ES1 4 bat,0.0
mean,2040,11,163,ES1 4 bat,0.0
mean,2040,11,164,ES1 4 bat,0.0
mean,2040,11,165,ES1 4 bat,0.0
mean,2040,11,166,ES1 4 bat,0.0
mean,2040,11,167,ES1 4 bat,0.0
mean,2040,21,0,ES1 4 bat,0.0
mean,2040,21,1,ES1 4 bat,0.0
mean,2040,21,2,ES1 4 bat,0.0
mean,2040,21,3,ES1 4 bat,0.0
mean,2040,21,4,ES1 4 bat,0.0
mean,2040,21,5,ES1 4 bat,0.0
mean,2040,21,6,ES1 4 bat,0.0
mean,2040,21,7,ES1 4 bat,0.0
mean,2040,21,8,ES1 4 bat,0.0
mean,2040,21,9,ES1 4 bat,0.0
mean,2040,21,10,ES1 4 bat,0.0
mean,2040,21,11,ES1 4 bat,0.0
mean,2040,21,12,ES1 4 bat,0.0
mean,2040,21,13,ES1 4 bat,0.0
mean,2040,21,14,ES1 4 bat,0.0
mean,2040,21,15,ES1 4 bat,0.0
mean,2040,21,16,ES1 4 bat,0.0
mean,2040,21,17,ES1 4 bat,0.0
mean,2040,21,18,ES1 4 bat,0.0
mean,2040,21,19,ES1 4 bat,0.0
mean,2040,21,20,ES1 4 bat,0.0
mean,2040,21,21,ES1 4 bat,0.0
mean,2040,21,22,ES1 4 bat,0.0
mean,2040,21,23,ES1 4 bat,0.0
mean,2040,21,24,ES1 4 bat,0.0
mean,2040,21,25,ES1 4 bat,0.0
mean,2040,21,26,ES1 4 bat,0.0
mean,2040,21,27,ES1 4 bat,0.0
mean,2040,21,28,ES1 4 bat,0.0
mean,2040,21,29,ES1 4 bat,0.0
mean,2040,21,30,ES1 4 bat,0.0
mean,2040,21,31,ES1 4 bat,0.0
mean,2040,21,32,ES1 4 bat,0.0
mean,2040,21,33,ES1 4 bat,0.0
mean,2040,21,34,ES1 4 bat,0.0
mean,2040,21,35,ES1 4 bat,0.0
mean,2040,21,36,ES1 4 bat,0.0
mean,2040,21,37,ES1 4 bat,0.0
mean,2040,21,38,ES1 4 bat,0.0
mean,2040,21,39,ES1 4 bat,0.0
mean,2040,21,40,ES1 4 bat,0.0
mean,2040,21,41,ES1 4 bat,0.0
mean,2040,21,42,ES1 4 bat,0.0
mean,2040,21,43,ES1 4 bat,0.0
mean,2040,21,44,ES1 4 bat,0.0
mean,2040,21,45,ES1 4 bat,0.0
mean,2040,21,46,ES1 4 bat,0.0
mean,2040,21,47,ES1 4 bat,0.0
mean,2040,21,48,ES1 4 bat,0.0
mean,2040,21,49,ES1 4 bat,0.0
mean,2040,21,50,ES1 4 bat,0.0
mean,2040,21,51,ES1 4 bat,0.0
mean,2040,21,52,ES1 4 bat,0.0
mean,2040,21,53,ES1 4 bat,0.0
mean,2040,21,54,ES1 4 bat,0.0
mean,2040,21,55,ES1 4 bat,0.0
mean,2040,21,56,ES1 4 bat,0.0
mean,2040,21,57,ES1 4 bat,0.0
mean,2040,21,58,ES1 4 bat,0.0
mean,2040,21,59,ES1 4 bat,0.0
mean,2040,21,60,ES1 4 bat,0.0
mean,2040,21,61,ES1 4 bat,0.0
mean,2040,21,62,ES1 4 bat,0.0
mean,2040,21,63,ES1 4 bat,0.0
mean,2040,21,64,ES1 4 bat,0.0
mean,2040,21,65,ES1 4 bat,0.0
mean,2040,21,66,ES1 4 bat,0.0
mean,2040,21,67,ES1 4 bat,0.0
mean,2040,21,68,ES1 4 bat,0.0
mean,2040,21,69,ES1 4 bat,0.0
mean,2040,21,70,ES1 4 bat,0.0
mean,2040,21,71,ES1 4 bat,0.0
mean,2040,21,72,ES1 4 bat,0.0
mean,2040,21,73,ES1 4 bat,0.0
mean,2040,21,74,ES1 4 bat,0.0
mean,2040,21,75,ES1 4 bat,0.0
mean,2040,21,76,ES1 4 bat,0.0
mean,2040,21,77,ES1 4 bat,0.0
mean,2040,21,78,ES1 4 bat,0.0
mean,2040,21,79,ES1 4 bat,0.0
mean,2040,21,80,ES1 4 bat,0.0
mean,2040,21,81,ES1 4 bat,0.0
mean,2040,21,82,ES1 4 bat,0.0
mean,2040,21,83,ES1 4 bat,0.0
mean,2040,21,84,ES1 4 bat,0.0
mean,2040,21,85,ES1 4 bat,0.0
mean,2040,21,86,ES1 4 bat,0.0
mean,2040,21,87,ES1 4 bat,0.0
mean,2040,21,88,ES1 4 bat,0.0
mean,2040,21,89,ES1 4 bat,0.0
mean,2040,21,90,ES1 4 bat,0.0
mean,2040,21,91,ES1 4 bat,0.0
mean,2040,21,92,ES1 4 bat,0.0
mean,2040,21,93,ES1 4 bat,0.0
mean,2040,21,94,ES1 4 bat,0.0
mean,2040,21,95,ES1 4 bat,0.0
mean,2040,21,96,ES1 4 bat,0.0
mean,2040,21,97,ES1 4 bat,0.0
mean,2040,21,98,ES1 4 bat,0.0
mean,2040,21,99,ES1 4 bat,0.0
mean,2040,21,100,ES1 4 bat,0.0
mean,2040,21,101,ES1 4 bat,0.0
mean,2040,21,102,ES1 4 bat,0.0
mean,2040,21,103,ES1 4 bat,0.0
mean,2040,21,104,ES1 4 bat,0.0
mean,2040,21,105,ES1 4 bat,0.0
mean,2040,21,106,ES1 4 bat,0.0
mean,2040,21,107,ES1 4 bat,0.0
mean,2040,21,108,ES1 4 bat,0.0
mean,2040,21,109,ES1 4 bat,0.0
mean,2040,21,110,ES1 4 bat,0.0
mean,2040,21,111,ES1 4 bat,0.0
mean,2040,21,112,ES1 4 bat,0.0
mean,2040,21,113,ES1 4 bat,0.0
mean,2040,21,114,ES1 4 bat,0.0
mean,2040,21,115,ES1 4 bat,0.0
mean,2040,21,116,ES1 4 bat,0.0
mean,2040,21,117,ES1 4 bat,0.0
mean,2040,21,118,ES1 4 bat,0.0
mean,2040,21,119,ES1 4 bat,0.0
mean,2040,21,120,ES1 4 bat,0.0
mean,2040,21,121,ES1 4 bat,0.0
mean,2040,21,122,ES1 4 bat,0.0
mean,2040,21,123,ES1 4 bat,0.0
mean,2040,21,124,ES1 4 bat,0.0
mean,2040,21,125,ES1 4 bat,0.0
mean,2040,21,126,ES1 4 bat,0.0
mean,2040,21,127,ES1 4 bat,0.0
mean,2040,21,128,ES1 4 bat,0.0
mean,2040,21,129,ES1 4 bat,0.0
mean,2040,21,130,ES1 4 bat,0.0
mean,2040,21,131,ES1 4 bat,0.0
mean,2040,21,132,ES1 4 bat,0.0
mean,2040,21,133,ES1 4 bat,0.0
mean,2040,21,134,ES1 4 bat,0.0
mean,2040,21,135,ES1 4 bat,0.0
mean,2040,21,136,ES1 4 bat,0.0
mean,2040,21,137,ES1 4 bat,0.0
mean,2040,21,138,ES1 4 bat,0.0
mean,2040,21,139,ES1 4 bat,0.0
mean,2040,21,140,ES1 4 bat,0.0
mean,2040,21,141,ES1 4 bat,0.0
mean,2040,21,142,ES1 4 bat,0.0
mean,2040,21,143,ES1 4 bat,0.0
mean,2040,21,144,ES1 4 bat,0.0
mean,2040,21,145,ES1 4 bat,0.0
mean,2040,21,146,ES1 4 bat,0.0
mean,2040,21,147,ES1 4 bat,0.0
mean,2040,21,148,ES1 4 bat,0.0
mean,2040,21,149,ES1 4 bat,0.0
mean,2040,21,150,ES1 4 bat,0.0
mean,2040,21,151,ES1 4 bat,0.0
mean,2040,21,152,ES1 4 bat,0.0
mean,2040,21,153,ES1 4 bat,0.0
mean,2040,21,154,ES1 4 bat,0.0
mean,2040,21,155,ES1 4 bat,0.0
mean,2040,21,156,ES1 4 bat,0.0
mean,2040,21,157,ES1 4 bat,0.0
mean,2040,21,158,ES1 4 bat,0.0
mean,2040,21,159,ES1 4 bat,0.0
mean,2040,21,160,ES1 4 bat,0.0
mean,2040,21,161,ES1 4 bat,0.0
mean,2040,21,162,ES1 4 bat,0.0
mean,2040,21,163,ES1 4 bat,0.0
mean,2040,21,164,ES1 4 bat,0.0
mean,2040,21,165,ES1 4 bat,0.0
mean,2040,21,166,ES1 4 bat,0.0
mean,2040,21,167,ES1 4 bat,0.0
mean,2040,42,0,ES1 4 bat,0.0
mean,2040,42,1,ES1 4 bat,0.0
mean,2040,42,2,ES1 4 bat,0.0
mean,2040,42,3,ES1 4 bat,0.0
mean,2040,42,4,ES1 4 bat,0.0
mean,2040,42,5,ES1 4 bat,0.0
mean,2040,42,6,ES1 4 bat,0.0
mean,2040,42,7,ES1 4 bat,0.0
mean,2040,42,8,ES1 4 bat,0.0
mean,2040,42,9,ES1 4 bat,0.0
mean,2040,42,10,ES1 4 bat,-4.547473508864641e-13
mean,2040,42,11,ES1 4 bat,0.0
mean,2040,42,12,ES1 4 bat,-4.547473508864641e-13
mean,2040,42,13,ES1 4 bat,0.0
mean,2040,42,14,ES1 4 bat,0.0
mean,2040,42,15,ES1 4 bat,0.0
mean,2040,42,16,ES1 4 bat,0.0
mean,2040,42,17,ES1 4 bat,0.0
mean,2040,42,18,ES1 4 bat,0.0
mean,2040,42,19,ES1 4 bat,0.0
mean,2040,42,20,ES1 4 bat,0.0
mean,2040,42,21,ES1 4 bat,0.0
mean,2040,42,22,ES1 4 bat,0.0
mean,2040,42,23,ES1 4 bat,0.0
mean,2040,42,24,ES1 4 bat,0.0
mean,2040,42,25,ES1 4 bat,0.0
mean,2040,42,26,ES1 4 bat,0.0
mean,2040,42,27,ES1 4 bat,0.0
mean,2040,42,28,ES1 4 bat,0.0
mean,2040,42,29,ES1 4 bat,0.0
mean,2040,42,30,ES1 4 bat,0.0
mean,2040,42,31,ES1 4 bat,0.0
mean,2040,42,32,ES1 4 bat,0.0
mean,2040,42,33,ES1 4 bat,0.0
mean,2040,42,34,ES1 4 bat,0.0
mean,2040,42,35,ES1 4 bat,0.0
mean,2040,42,36,ES1 4 bat,0.0
mean,2040,42,37,ES1 4 bat,0.0
mean,2040,42,38,ES1 4 bat,0.0
mean,2040,42,39,ES1 4 bat,0.0
mean,2040,42,40,ES1 4 bat,0.0
mean,2040,42,41,ES1 4 bat,0.0
mean,2040,42,42,ES1 4 bat,0.0
mean,2040,42,43,ES1 4 bat,0.0
mean,2040,42,44,ES1 4 bat,0.0
mean,2040,42,45,ES1 4 bat,0.0
mean,2040,42,46,ES1 4 bat,0.0
mean,2040,42,47,ES1 4 bat,0.0
mean,2040,42,48,ES1 4 bat,0.0
mean,2040,42,49,ES1 4 bat,0.0
mean,2040,42,50,ES1 4 bat,0.0
mean,2040,42,51,ES1 4 bat,0.0
mean,2040,42,52,ES1 4 bat,0.0
mean,2040,42,53,ES1 4 bat,0.0
mean,2040,42,54,ES1 4 bat,0.0
mean,2040,42,55,ES1 4 bat,0.0
mean,2040,42,56,ES1 4 bat,0.0
mean,2040,42,57,ES1 4 bat,0.0
mean,2040,42,58,ES1 4 bat,0.0
mean,2040,42,59,ES1 4 bat,0.0
mean,2040,42,60,ES1 4 bat,0.0
mean,2040,42,61,ES1 4 bat,0.0
mean,2040,42,62,ES1 4 bat,0.0
mean,2040,42,63,ES1 4 bat,0.0
mean,2040,42,64,ES1 4 bat,0.0
mean,2040,42,65,ES1 4 bat,0.0
mean,2040,42,66,ES1 4 bat,0.0
mean,2040,42,67,ES1 4 bat,0.0
mean,2040,42,68,ES1 4 bat,0.0
mean,2040,42,69,ES1 4 bat,0.0
mean,2040,42,70,ES1 4 bat,0.0
mean,2040,42,71,ES1 4 bat,0.0
mean,2040,42,72,ES1 4 bat,0.0
mean,2040,42,73,ES1 4 bat,0.0
mean,2040,42,74,ES1 4 bat,0.0
mean,2040,42,75,ES1 4 bat,0.0
mean,2040,42,76,ES1 4 bat,0.0
mean,2040,42,77,ES1 4 bat,0.0
mean,2040,42,78,ES1 4 bat,0.0
mean,2040,42,79,ES1 4 bat,0.0
mean,2040,42,80,ES1 4 bat,0.0
mean,2040,42,81,ES1 4 bat,0.0
mean,2040,42,82,ES1 4 bat,1.1368683772161603e-12
mean,2040,42,83,ES1 4 bat,0.0
mean,2040,42,84,ES1 4 bat,0.0
mean,2040,42,85,ES1 4 bat,-9.094947017729282e-13
mean,2040,42,86,ES1 4 bat,0.0
mean,2040,42,87,ES1 4 bat,0.0
mean,2040,42,88,ES1 4 bat,0.0
mean,2040,42,89,ES1 4 bat,0.0
mean,2040,42,90,ES1 4 bat,0.0
mean,2040,42,91,ES1 4 bat,0.0
mean,2040,42,92,ES1 4 bat,0.0
mean,2040,42,93,ES1 4 bat,0.0
mean,2040,42,94,ES1 4 bat,0.0
mean,2040,42,95,ES1 4 bat,0.0
mean,2040,42,96,ES1 4 bat,0.0
mean,2040,42,97,ES1 4 bat,0.0
mean,2040,42,98,ES1 4 bat,0.0
mean,2040,42,99,ES1 4 bat,0.0
mean,2040,42,100,ES1 4 bat,0.0
mean,2040,42,101,ES1 4 bat,0.0
mean,2040,42,102,ES1 4 bat,0.0
mean,2040,42,103,ES1 4 bat,0.0
mean,2040,42,104,ES1 4 bat,0.0
mean,2040,42,105,ES1 4 bat,0.0
mean,2040,42,106,ES1 4 bat,0.0
mean,2040,42,107,ES1 4 bat,0.0
mean,2040,42,108,ES1 4 bat,0.0
mean,2040,42,109,ES1 4 bat,0.0
mean,2040,42,110,ES1 4 bat,0.0
mean,2040,42,111,ES1 4 bat,0.0
mean,2040,42,112,ES1 4 bat,0.0
mean,2040,42,113,ES1 4 bat,0.0
mean,2040,42,114,ES1 4 bat,0.0
mean,2040,42,115,ES1 4 bat,0.0
mean,2040,42,116,ES1 4 bat,0.0
mean,2040,42,117,ES1 4 bat,0.0
mean,2040,42,118,ES1 4 bat,0.0
mean,2040,42,119,ES1 4 bat,0.0
mean,2040,42,120,ES1 4 bat,0.0
mean,2040,42,121,ES1 4 bat,0.0
mean,2040,42,122,ES1 4 bat,0.0
mean,2040,42,123,ES1 4 bat,0.0
mean,2040,42,124,ES1 4 bat,0.0
mean,2040,42,125,ES1 4 bat,0.0
mean,2040,42,126,ES1 4 bat,0.0
mean,2040,42,127,ES1 4 bat,0.0
mean,2040,42,128,ES1 4 bat,0.0
mean,2040,42,129,ES1 4 bat,0.0
mean,2040,42,130,ES1 4 bat,0.0
mean,2040,42,131,ES1 4 bat,0.0
mean,2040,42,132,ES1 4 bat,0.0
mean,2040,42,133,ES1 4 bat,0.0
mean,2040,42,134,ES1 4 bat,0.0
mean,2040,42,135,ES1 4 bat,0.0
mean,2040,42,136,ES1 4 bat,0.0
mean,2040,42,137,ES1 4 bat,0.0
mean,2040,42,138,ES1 4 bat,0.0
mean,2040,42,139,ES1 4 bat,0.0
mean,2040,42,140,ES1 4 bat,0.0
mean,2040,42,141,ES1 4 bat,0.0
mean,2040,42,142,ES1 4 bat,0.0
mean,2040,42,143,ES1 4 bat,0.0
mean,2040,42,144,ES1 4 bat,0.0
mean,2040,42,145,ES1 4 bat,0.0
mean,2040,42,146,ES1 4 bat,0.0
mean,2040,42,147,ES1 4 bat,0.0
mean,2040,42,148,ES1 4 bat,0.0
mean,2040,42,149,ES1 4 bat,0.0
mean,2040,42,150,ES1 4 bat,0.0
mean,2040,42,151,ES1 4 bat,0.0
mean,2040,42,152,ES1 4 bat,0.0
mean,2040,42,153,ES1 4 bat,0.0
mean,2040,42,154,ES1 4 bat,0.0
mean,2040,42,155,ES1 4 bat,0.0
mean,2040,42,156,ES1 4 bat,0.0
mean,2040,42,157,ES1 4 bat,0.0
mean,2040,42,158,ES1 4 bat,0.0
mean,2040,42,159,ES1 4 bat,0.0
mean,2040,42,160,ES1 4 bat,0.0
mean,2040,42,161,ES1 4 bat,0.0
mean,2040,42,162,ES1 4 bat,0.0
mean,2040,42,163,ES1 4 bat,0.0
mean,2040,42,164,ES1 4 bat,0.0
mean,2040,42,165,ES1 4 bat,0.0
mean,2040,42,166,ES1 4 bat,0.0
mean,2040,42,167,ES1 4 bat,0.0
mean,2040,52,0,ES1 4 bat,0.0
mean,2040,52,1,ES1 4 bat,0.0
mean,2040,52,2,ES1 4 bat,0.0
mean,2040,52,3,ES1 4 bat,0.0
mean,2040,52,4,ES1 4 bat,0.0
mean,2040,52,5,ES1 4 bat,0.0
mean,2040,52,6,ES1 4 bat,0.0
mean,2040,52,7,ES1 4 bat,0.0
mean,2040,52,8,ES1 4 bat,0.0
mean,2040,52,9,ES1 4 bat,0.0
mean,2040,52,10,ES1 4 bat,0.0
mean,2040,52,11,ES1 4 bat,0.0
mean,2040,52,12,ES1 4 bat,0.0
mean,2040,52,13,ES1 4 bat,0.0
mean,2040,52,14,ES1 4 bat,0.0
mean,2040,52,15,ES1 4 bat,0.0
mean,2040,52,16,ES1 4 bat,0.0
mean,2040,52,17,ES1 4 bat,0.0
mean,2040,52,18,ES1 4 bat,0.0
mean,2040,52,19,ES1 4 bat,0.0
mean,2040,52,20,ES1 4 bat,0.0
mean,2040,52,21,ES1 4 bat,0.0
mean,2040,52,22,ES1 4 bat,0.0
mean,2040,52,23,ES1 4 bat,0.0
mean,2040,52,24,ES1 4 bat,0.0
mean,2040,52,25,ES1 4 bat,0.0
mean,2040,52,26,ES1 4 bat,0.0
mean,2040,52,27,ES1 4 bat,0.0
mean,2040,52,28,ES1 4 bat,0.0
mean,2040,52,29,ES1 4 bat,0.0
mean,2040,52,30,ES1 4 bat,0.0
mean,2040,52,31,ES1 4 bat,0.0
mean,2040,52,32,ES1 4 bat,0.0
mean,2040,52,33,ES1 4 bat,0.0
mean,2040,52,34,ES1 4 bat,0.0
mean,2040,52,35,ES1 4 bat,0.0
mean,2040,52,36,ES1 4 bat,0.0
mean,2040,52,37,ES1 4 bat,0.0
mean,2040,52,38,ES1 4 bat,0.0
mean,2040,52,39,ES1 4 bat,0.0
mean,2040,52,40,ES1 4 bat,0.0
mean,2040,52,41,ES1 4 bat,0.0
mean,2040,52,42,ES1 4 bat,0.0
mean,2040,52,43,ES1 4 bat,0.0
mean,2040,52,44,ES1 4 bat,0.0
mean,2040,52,45,ES1 4 bat,0.0
mean,2040,52,46,ES1 4 bat,0.0
mean,2040,52,47,ES1 4 bat,0.0
mean,2040,52,48,ES1 4 bat,0.0
mean,2040,52,49,ES1 4 bat,0.0
mean,2040,52,50,ES1 4 bat,0.0
mean,2040,52,51,ES1 4 bat,0.0
mean,2040,52,52,ES1 4 bat,0.0
mean,2040,52,53,ES1 4 bat,0.0
mean,2040,52,54,ES1 4 bat,0.0
mean,2040,52,55,ES1 4 bat,0.0
mean,2040,52,56,ES1 4 bat,0.0
mean,2040,52,57,ES1 4 bat,0.0
mean,2040,52,58,ES1 4 bat,0.0
mean,2040,52,59,ES1 4 bat,0.0
mean,2040,52,60,ES1 4 bat,0.0
mean,2040,52,61,ES1 4 bat,0.0
mean,2040,52,62,ES1 4 bat,0.0
mean,2040,52,63,ES1 4 bat,0.0
mean,2040,52,64,ES1 4 bat,0.0
mean,2040,52,65,ES1 4 bat,0.0
mean,2040,52,66,ES1 4 bat,0.0
mean,2040,52,67,ES1 4 bat,0.0
mean,2040,52,68,ES1 4 bat,0.0
mean,2040,52,69,ES1 4 bat,0.0
mean,2040,52,70,ES1 4 bat,0.0
mean,2040,52,71,ES1 4 bat,0.0
mean,2040,52,72,ES1 4 bat,0.0
mean,2040,52,73,ES1 4 bat,0.0
mean,2040,52,74,ES1 4 bat,0.0
mean,2040,52,75,ES1 4 bat,0.0
mean,2040,52,76,ES1 4 bat,0.0
mean,2040,52,77,ES1 4 bat,0.0
mean,2040,52,78,ES1 4 bat,0.0
mean,2040,52,79,ES1 4 bat,0.0
mean,2040,52,80,ES1 4 bat,0.0
mean,2040,52,81,ES1 4 bat,0.0
mean,2040,52,82,ES1 4 bat,0.0
mean,2040,52,83,ES1 4 bat,0.0
mean,2040,52,84,ES1 4 bat,0.0
mean,2040,52,85,ES1 4 bat,0.0
mean,2040,52,86,ES1 4 bat,0.0
mean,2040,52,87,ES1 4 bat,0.0
mean,2040,52,88,ES1 4 bat,0.0
mean,2040,52,89,ES1 4 bat,0.0
mean,2040,52,90,ES1 4 bat,0.0
mean,2040,52,91,ES1 4 bat,0.0
mean,2040,52,92,ES1 4 bat,0.0
mean,2040,52,93,ES1 4 bat,0.0
mean,2040,52,94,ES1 4 bat,0.0
mean,2040,52,95,ES1 4 bat,0.0
mean,2040,52,96,ES1 4 bat,0.0
mean,2040,52,97,ES1 4 bat,0.0
mean,2040,52,98,ES1 4 bat,0.0
mean,2040,52,99,ES1 4 bat,0.0
mean,2040,52,100,ES1 4 bat,0.0
mean,2040,52,101,ES1 4 bat,0.0
mean,2040,52,102,ES1 4 bat,0.0
mean,2040,52,103,ES1 4 bat,0.0
mean,2040,52,104,ES1 4 bat,0.0
mean,2040,52,105,ES1 4 bat,0.0
mean,2040,52,106,ES1 4 bat,0.0
mean,2040,52,107,ES1 4 bat,0.0
mean,2040,52,108,ES1 4 bat,0.0
mean,2040,52,109,ES1 4 bat,0.0
mean,2040,52,110,ES1 4 bat,0.0
mean,2040,52,111,ES1 4 bat,0.0
mean,2040,52,112,ES1 4 bat,0.0
mean,2040,52,113,ES1 4 bat,0.0
mean,2040,52,114,ES1 4 bat,0.0
mean,2040,52,115,ES1 4 bat,0.0
mean,2040,52,116,ES1 4 bat,0.0
mean,2040,52,117,ES1 4 bat,0.0
mean,2040,52,118,ES1 4 bat,0.0
mean,2040,52,119,ES1 4 bat,0.0
mean,2040,52,120,ES1 4 bat,0.0
mean,2040,52,121,ES1 4 bat,0.0
mean,2040,52,122,ES1 4 bat,0.0
mean,2040,52,123,ES1 4 bat,0.0
mean,2040,52,124,ES1 4 bat,0.0
mean,2040,52,125,ES1 4 bat,0.0
mean,2040,52,126,ES1 4 bat,0.0
mean,2040,52,127,ES1 4 bat,0.0
mean,2040,52,128,ES1 4 bat,0.0
mean,2040,52,129,ES1 4 bat,0.0
mean,2040,52,130,ES1 4 bat,0.0
mean,2040,52,131,ES1 4 bat,0.0
mean,2040,52,132,ES1 4 bat,0.0
mean,2040,52,133,ES1 4 bat,0.0
mean,2040,52,134,ES1 4 bat,0.0
mean,2040,52,135,ES1 4 bat,0.0
mean,2040,52,136,ES1 4 bat,0.0
mean,2040,52,137,ES1 4 bat,0.0
mean,2040,52,138,ES1 4 bat,0.0
mean,2040,52,139,ES1 4 bat,0.0
mean,2040,52,140,ES1 4 bat,0.0
mean,2040,52,141,ES1 4 bat,0.0
mean,2040,52,142,ES1 4 bat,0.0
mean,2040,52,143,ES1 4 bat,0.0
mean,2040,52,144,ES1 4 bat,0.0
mean,2040,52,145,ES1 4 bat,0.0
mean,2040,52,146,ES1 4 bat,0.0
mean,2040,52,147,ES1 4 bat,0.0
mean,2040,52,148,ES1 4 bat,0.0
mean,2040,52,149,ES1 4 bat,0.0
mean,2040,52,150,ES1 4 bat,0.0
mean,2040,52,151,ES1 4 bat,0.0
mean,2040,52,152,ES1 4 bat,0.0
mean,2040,52,153,ES1 4 bat,0.0
mean,2040,52,154,ES1 4 bat,0.0
mean,2040,52,155,ES1 4 bat,0.0
mean,2040,52,156,ES1 4 bat,0.0
mean,2040,52,157,ES1 4 bat,0.0
mean,2040,52,158,ES1 4 bat,0.0
mean,2040,52,159,ES1 4 bat,0.0
mean,2040,52,160,ES1 4 bat,0.0
mean,2040,52,161,ES1 4 bat,0.0
mean,2040,52,162,ES1 4 bat,0.0
mean,2040,52,163,ES1 4 bat,0.0
mean,2040,52,164,ES1 4 bat,0.0
mean,2040,52,165,ES1 4 bat,0.0
mean,2040,52,166,ES1 4 bat,0.0
mean,2040,52,167,ES1 4 bat,0.0
mean,2050,11,0,ES1 4 bat,0.0
mean,2050,11,1,ES1 4 bat,0.0
mean,2050,11,2,ES1 4 bat,0.0
mean,2050,11,3,ES1 4 bat,0.0
mean,2050,11,4,ES1 4 bat,0.0
mean,2050,11,5,ES1 4 bat,0.0
mean,2050,11,6,ES1 4 bat,0.0
mean,2050,11,7,ES1 4 bat,0.0
mean,2050,11,8,ES1 4 bat,0.0
mean,2050,11,9,ES1 4 bat,0.0
mean,2050,11,10,ES1 4 bat,0.0
mean,2050,11,11,ES1 4 bat,0.0
mean,2050,11,12,ES1 4 bat,0.0
mean,2050,11,13,ES1 4 bat,0.0
mean,2050,11,14,ES1 4 bat,0.0
mean,2050,11,15,ES1 4 bat,0.0
mean,2050,11,16,ES1 4 bat,0.0
mean,2050,11,17,ES1 4 bat,0.0
mean,2050,11,18,ES1 4 bat,0.0
mean,2050,11,19,ES1 4 bat,0.0
mean,2050,11,20,ES1 4 bat,0.0
mean,2050,11,21,ES1 4 bat,0.0
mean,2050,11,22,ES1 4 bat,0.0
mean,2050,11,23,ES1 4 bat,0.0
mean,2050,11,24,ES1 4 bat,0.0
mean,2050,11,25,ES1 4 bat,0.0
mean,2050,11,26,ES1 4 bat,0.0
mean,2050,11,27,ES1 4 bat,0.0
mean,2050,11,28,ES1 4 bat,0.0
mean,2050,11,29,ES1 4 bat,0.0
mean,2050,11,30,ES1 4 bat,0.0
mean,2050,11,31,ES1 4 bat,0.0
mean,2050,11,32,ES1 4 bat,0.0
mean,2050,11,33,ES1 4 bat,0.0
mean,2050,11,34,ES1 4 bat,0.0
mean,2050,11,35,ES1 4 bat,0.0
mean,2050,11,36,ES1 4 bat,0.0
mean,2050,11,37,ES1 4 bat,0.0
mean,2050,11,38,ES1 4 bat,0.0
mean,2050,11,39,ES1 4 bat,0.0
mean,2050,11,40,ES1 4 bat,0.0
mean,2050,11,41,ES1 4 bat,0.0
mean,2050,11,42,ES1 4 bat,0.0
mean,2050,11,43,ES1 4 bat,0.0
mean,2050,11,44,ES1 4 bat,0.0
mean,2050,11,45,ES1 4 bat,0.0
mean,2050,11,46,ES1 4 bat,0.0
mean,2050,11,47,ES1 4 bat,0.0
mean,2050,11,48,ES1 4 bat,0.0
mean,2050,11,49,ES1 4 bat,0.0
mean,2050,11,50,ES1 4 bat,0.0
mean,2050,11,51,ES1 4 bat,0.0
mean,2050,11,52,ES1 4 bat,0.0
mean,2050,11,53,ES1 4 bat,0.0
mean,2050,11,54,ES1 4 bat,0.0
mean,2050,11,55,ES1 4 bat,0.0
mean,2050,11,56,ES1 4 bat,0.0
mean,2050,11,57,ES1 4 bat,0.0
mean,2050,11,58,ES1 4 bat,0.0
mean,2050,11,59,ES1 4 bat,0.0
mean,2050,11,60,ES1 4 bat,0.0
mean,2050,11,61,ES1 4 bat,0.0
mean,2050,11,62,ES1 4 bat,0.0
mean,2050,11,63,ES1 4 bat,0.0
mean,2050,11,64,ES1 4 bat,0.0
mean,2050,11,65,ES1 4 bat,0.0
mean,2050,11,66,ES1 4 bat,0.0
mean,2050,11,67,ES1 4 bat,0.0
mean,2050,11,68,ES1 4 bat,0.0
mean,2050,11,69,ES1 4 bat,0.0
mean,2050,11,70,ES1 4 bat,0.0
mean,2050,11,71,ES1 4 bat,0.0
mean,2050,11,72,ES1 4 bat,0.0
mean,2050,11,73,ES1 4 bat,0.0
mean,2050,11,74,ES1 4 bat,0.0
mean,2050,11,75,ES1 4 bat,0.0
mean,2050,11,76,ES1 4 bat,0.0
mean,2050,11,77,ES1 4 bat,0.0
mean,2050,11,78,ES1 4 bat,0.0
mean,2050,11,79,ES1 4 bat,0.0
mean,2050,11,80,ES1 4 bat,0.0
mean,2050,11,81,ES1 4 bat,0.0
mean,2050,11,82,ES1 4 bat,0.0
mean,2050,11,83,ES1 4 bat,0.0
mean,2050,11,84,ES1 4 bat,0.0
mean,2050,11,85,ES1 4 bat,0.0
mean,2050,11,86,ES1 4 bat,0.0
mean,2050,11,87,ES1 4 bat,0.0
mean,2050,11,88,ES1 4 bat,0.0
mean,2050,11,89,ES1 4 bat,0.0
mean,2050,11,90,ES1 4 bat,0.0
mean,2050,11,91,ES1 4 bat,0.0
mean,2050,11,92,ES1 4 bat,0.0
mean,2050,11,93,ES1 4 bat,0.0
mean,2050,11,94,ES1 4 bat,0.0
mean,2050,11,95,ES1 4 bat,0.0
mean,2050,11,96,ES1 4 bat,0.0
mean,2050,11,97,ES1 4 bat,0.0
mean,2050,11,98,ES1 4 bat,0.0
mean,2050,11,99,ES1 4 bat,0.0
mean,2050,11,100,ES1 4 bat,0.0
mean,2050,11,101,ES1 4 bat,0.0
mean,2050,11,102,ES1 4 bat,0.0
mean,2050,11,103,ES1 4 bat,0.0
mean,2050,11,104,ES1 4 bat,0.0
mean,2050,11,105,ES1 4 bat,0.0
mean,2050,11,106,ES1 4 bat,0.0
mean,2050,11,107,ES1 4 bat,0.0
mean,2050,11,108,ES1 4 bat,0.0
mean,2050,11,109,ES1 4 bat,0.0
mean,2050,11,110,ES1 4 bat,0.0
mean,2050,11,111,ES1 4 bat,0.0
mean,2050,11,112,ES1 4 bat,0.0
mean,2050,11,113,ES1 4 bat,0.0
mean,2050,11,114,ES1 4 bat,0.0
mean,2050,11,115,ES1 4 bat,0.0
mean,2050,11,116,ES1 4 bat,0.0
mean,2050,11,117,ES1 4 bat,0.0
mean,2050,11,118,ES1 4 bat,0.0
mean,2050,11,119,ES1 4 bat,0.0
mean,2050,11,120,ES1 4 bat,0.0
mean,2050,11,121,ES1 4 bat,0.0
mean,2050,11,122,ES1 4 bat,0.0
mean,2050,11,123,ES1 4 bat,0.0
mean,2050,11,124,ES1 4 bat,0.0
mean,2050,11,125,ES1 4 bat,0.0
mean,2050,11,126,ES1 4 bat,0.0
mean,2050,11,127,ES1 4 bat,0.0
mean,2050,11,128,ES1 4 bat,0.0
mean,2050,11,129,ES1 4 bat,0.0
mean,2050,11,130,ES1 4 bat,0.0
mean,2050,11,131,ES1 4 bat,0.0
mean,2050,11,132,ES1 4 bat,0.0
mean,2050,11,133,ES1 4 bat,0.0
mean,2050,11,134,ES1 4 bat,0.0
mean,2050,11,135,ES1 4 bat,0.0
mean,2050,11,136,ES1 4 bat,0.0
mean,2050,11,137,ES1 4 bat,0.0
mean,2050,11,138,ES1 4 bat,0.0
mean,2050,11,139,ES1 4 bat,0.0
mean,2050,11,140,ES1 4 bat,0.0
mean,2050,11,141,ES1 4 bat,0.0
mean,2050,11,142,ES1 4 bat,0.0
mean,2050,11,143,ES1 4 bat,0.0
mean,2050,11,144,ES1 4 bat,0.0
mean,2050,11,145,ES1 4 bat,0.0
mean,2050,11,146,ES1 4 bat,0.0
mean,2050,11,147,ES1 4 bat,0.0
mean,2050,11,148,ES1 4 bat,0.0
mean,2050,11,149,ES1 4 bat,0.0
mean,2050,11,150,ES1 4 bat,0.0
mean,2050,11,151,ES1 4 bat,0.0
mean,2050,11,152,ES1 4 bat,0.0
mean,2050,11,153,ES1 4 bat,0.0
mean,2050,11,154,ES1 4 bat,0.0
mean,2050,11,155,ES1 4 bat,0.0
mean,2050,11,156,ES1 4 bat,0.0
mean,2050,11,157,ES1 4 bat,0.0
mean,2050,11,158,ES1 4 bat,0.0
mean,2050,11,159,ES1 4 bat,0.0
mean,2050,11,160,ES1 4 bat,0.0
mean,2050,11,161,ES1 4 bat,0.0
mean,2050,11,162,ES1 4 bat,0.0
mean,2050,11,163,ES1 4 bat,0.0
mean,2050,11,164,ES1 4 bat,0.0
mean,2050,11,165,ES1 4 bat,0.0
mean,2050,11,166,ES1 4 bat,0.0
mean,2050,11,167,ES1 4 bat,0.0
mean,2050,21,0,ES1 4 bat,0.0
mean,2050,21,1,ES1 4 bat,0.0
mean,2050,21,2,ES1 4 bat,0.0
mean,2050,21,3,ES1 4 bat,0.0
mean,2050,21,4,ES1 4 bat,0.0
mean,2050,21,5,ES1 4 bat,0.0
mean,2050,21,6,ES1 4 bat,0.0
mean,2050,21,7,ES1 4 bat,0.0
mean,2050,21,8,ES1 4 bat,0.0
mean,2050,21,9,ES1 4 bat,0.0
mean,2050,21,10,ES1 4 bat,0.0
mean,2050,21,11,ES1 4 bat,0.0
mean,2050,21,12,ES1 4 bat,0.0
mean,2050,21,13,ES1 4 bat,0.0
mean,2050,21,14,ES1 4 bat,0.0
mean,2050,21,15,ES1 4 bat,0.0
mean,2050,21,16,ES1 4 bat,0.0
mean,2050,21,17,ES1 4 bat,0.0
mean,2050,21,18,ES1 4 bat,0.0
mean,2050,21,19,ES1 4 bat,0.0
mean,2050,21,20,ES1 4 bat,0.0
mean,2050,21,21,ES1 4 bat,0.0
mean,2050,21,22,ES1 4 bat,0.0
mean,2050,21,23,ES1 4 bat,0.0
mean,2050,21,24,ES1 4 bat,0.0
mean,2050,21,25,ES1 4 bat,0.0
mean,2050,21,26,ES1 4 bat,0.0
mean,2050,21,27,ES1 4 bat,0.0
mean,2050,21,28,ES1 4 bat,0.0
mean,2050,21,29,ES1 4 bat,0.0
mean,2050,21,30,ES1 4 bat,0.0
mean,2050,21,31,ES1 4 bat,0.0
mean,2050,21,32,ES1 4 bat,0.0
mean,2050,21,33,ES1 4 bat,0.0
mean,2050,21,34,ES1 4 bat,0.0
mean,2050,21,35,ES1 4 bat,0.0
mean,2050,21,36,ES1 4 bat,0.0
mean,2050,21,37,ES1 4 bat,0.0
mean,2050,21,38,ES1 4 bat,0.0
mean,2050,21,39,ES1 4 bat,0.0
mean,2050,21,40,ES1 4 bat,0.0
mean,2050,21,41,ES1 4 bat,0.0
mean,2050,21,42,ES1 4 bat,0.0
mean,2050,21,43,ES1 4 bat,0.0
mean,2050,21,44,ES1 4 bat,0.0
mean,2050,21,45,ES1 4 bat,0.0
mean,2050,21,46,ES1 4 bat,0.0
mean,2050,21,47,ES1 4 bat,0.0
mean,2050,21,48,ES1 4 bat,0.0
mean,2050,21,49,ES1 4 bat,0.0
mean,2050,21,50,ES1 4 bat,0.0
mean,2050,21,51,ES1 4 bat,0.0
mean,2050,21,52,ES1 4 bat,0.0
mean,2050,21,53,ES1 4 bat,0.0
mean,2050,21,54,ES1 4 bat,0.0
mean,2050,21,55,ES1 4 bat,0.0
mean,2050,21,56,ES1 4 bat,0.0
mean,2050,21,57,ES1 4 bat,0.0
mean,2050,21,58,ES1 4 bat,0.0
mean,2050,21,59,ES1 4 bat,0.0
mean,2050,21,60,ES1 4 bat,0.0
mean,2050,21,61,ES1 4 bat,0.0
mean,2050,21,62,ES1 4 bat,0.0
mean,2050,21,63,ES1 4 bat,0.0
mean,2050,21,64,ES1 4 bat,0.0
mean,2050,21,65,ES1 4 bat,0.0
mean,2050,21,66,ES1 4 bat,0.0
mean,2050,21,67,ES1 4 bat,0.0
mean,2050,21,68,ES1 4 bat,0.0
mean,2050,21,69,ES1 4 bat,0.0
mean,2050,21,70,ES1 4 bat,0.0
mean,2050,21,71,ES1 4 bat,0.0
mean,2050,21,72,ES1 4 bat,0.0
mean,2050,21,73,ES1 4 bat,0.0
mean,2050,21,74,ES1 4 bat,0.0
mean,2050,21,75,ES1 4 bat,0.0
mean,2050,21,76,ES1 4 bat,0.0
mean,2050,21,77,ES1 4 bat,0.0
mean,2050,21,78,ES1 4 bat,0.0
mean,2050,21,79,ES1 4 bat,0.0
mean,2050,21,80,ES1 4 bat,0.0
mean,2050,21,81,ES1 4 bat,0.0
mean,2050,21,82,ES1 4 bat,0.0
mean,2050,21,83,ES1 4 bat,0.0
mean,2050,21,84,ES1 4 bat,0.0
mean,2050,21,85,ES1 4 bat,0.0
mean,2050,21,86,ES1 4 bat,0.0
mean,2050,21,87,ES1 4 bat,0.0
mean,2050,21,88,ES1 4 bat,0.0
mean,2050,21,89,ES1 4 bat,0.0
mean,2050,21,90,ES1 4 bat,0.0
mean,2050,21,91,ES1 4 bat,0.0
mean,2050,21,92,ES1 4 bat,0.0
mean,2050,21,93,ES1 4 bat,0.0
mean,2050,21,94,ES1 4 bat,0.0
mean,2050,21,95,ES1 4 bat,0.0
mean,2050,21,96,ES1 4 bat,0.0
mean,2050,21,97,ES1 4 bat,0.0
mean,2050,21,98,ES1 4 bat,0.0
mean,2050,21,99,ES1 4 bat,0.0
mean,2050,21,100,ES1 4 bat,0.0
mean,2050,21,101,ES1 4 bat,0.0
mean,2050,21,102,ES1 4 bat,0.0
mean,2050,21,103,ES1 4 bat,0.0
mean,2050,21,104,ES1 4 bat,0.0
mean,2050,21,105,ES1 4 bat,0.0
mean,2050,21,106,ES1 4 bat,0.0
mean,2050,21,107,ES1 4 bat,0.0
mean,2050,21,108,ES1 4 bat,0.0
mean,2050,21,109,ES1 4 bat,0.0
mean,2050,21,110,ES1 4 bat,0.0
mean,2050,21,111,ES1 4 bat,0.0
mean,2050,21,112,ES1 4 bat,0.0
mean,2050,21,113,ES1 4 bat,0.0
mean,2050,21,114,ES1 4 bat,0.0
mean,2050,21,115,ES1 4 bat,0.0
mean,2050,21,116,ES1 4 bat,0.0
mean,2050,21,117,ES1 4 bat,0.0
mean,2050,21,118,ES1 4 bat,0.0
mean,2050,21,119,ES1 4 bat,0.0
mean,2050,21,120,ES1 4 bat,0.0
mean,2050,21,121,ES1 4 bat,0.0
mean,2050,21,122,ES1 4 bat,0.0
mean,2050,21,123,ES1 4 bat,0.0
mean,2050,21,124,ES1 4 bat,0.0
mean,2050,21,125,ES1 4 bat,0.0
mean,2050,21,126,ES1 4 bat,0.0
mean,2050,21,127,ES1 4 bat,0.0
mean,2050,21,128,ES1 4 bat,0.0
mean,2050,21,129,ES1 4 bat,0.0
mean,2050,21,130,ES1 4 bat,0.0
mean,2050,21,131,ES1 4 bat,0.0
mean,2050,21,132,ES1 4 bat,0.0
mean,2050,21,133,ES1 4 bat,0.0
mean,2050,21,134,ES1 4 bat,0.0
mean,2050,21,135,ES1 4 bat,0.0
mean,2050,21,136,ES1 4 bat,0.0
mean,2050,21,137,ES1 4 bat,0.0
mean,2050,21,138,ES1 4 bat,0.0
mean,2050,21,139,ES1 4 bat,0.0
mean,2050,21,140,ES1 4 bat,0.0
mean,2050,21,141,ES1 4 bat,0.0
mean,2050,21,142,ES1 4 bat,0.0
mean,2050,21,143,ES1 4 bat,0.0
mean,2050,21,144,ES1 4 bat,0.0
mean,2050,21,145,ES1 4 bat,0.0
mean,2050,21,146,ES1 4 bat,0.0
mean,2050,21,147,ES1 4 bat,0.0
mean,2050,21,148,ES1 4 bat,0.0
mean,2050,21,149,ES1 4 bat,0.0
mean,2050,21,150,ES1 4 bat,0.0
mean,2050,21,151,ES1 4 bat,0.0
mean,2050,21,152,ES1 4 bat,0.0
mean,2050,21,153,ES1 4 bat,0.0
mean,2050,21,154,ES1 4 bat,0.0
mean,2050,21,155,ES1 4 bat,0.0
mean,2050,21,156,ES1 4 bat,0.0
mean,2050,21,157,ES1 4 bat,0.0
mean,2050,21,158,ES1 4 bat,0.0
mean,2050,21,159,ES1 4 bat,0.0
mean,2050,21,160,ES1 4 bat,0.0
mean,2050,21,161,ES1 4 bat,0.0
mean,2050,21,162,ES1 4 bat,0.0
mean,2050,21,163,ES1 4 bat,0.0
mean,2050,21,164,ES1 4 bat,0.0
mean,2050,21,165,ES1 4 bat,0.0
mean,2050,21,166,ES1 4 bat,0.0
mean,2050,21,167,ES1 4 bat,0.0
mean,2050,42,0,ES1 4 bat,0.0
mean,2050,42,1,ES1 4 bat,0.0
mean,2050,42,2,ES1 4 bat,0.0
mean,2050,42,3,ES1 4 bat,0.0
mean,2050,42,4,ES1 4 bat,0.0
mean,2050,42,5,ES1 4 bat,0.0
mean,2050,42,6,ES1 4 bat,0.0
mean,2050,42,7,ES1 4 bat,0.0
mean,2050,42,8,ES1 4 bat,0.0
mean,2050,42,9,ES1 4 bat,0.0
mean,2050,42,10,ES1 4 bat,0.0
mean,2050,42,11,ES1 4 bat,0.0
mean,2050,42,12,ES1 4 bat,0.0
mean,2050,42,13,ES1 4 bat,0.0
mean,2050,42,14,ES1 4 bat,0.0
mean,2050,42,15,ES1 4 bat,0.0
mean,2050,42,16,ES1 4 bat,0.0
mean,2050,42,17,ES1 4 bat,0.0
mean,2050,42,18,ES1 4 bat,0.0
mean,2050,42,19,ES1 4 bat,0.0
mean,2050,42,20,ES1 4 bat,0.0
mean,2050,42,21,ES1 4 bat,0.0
mean,2050,42,22,ES1 4 bat,0.0
mean,2050,42,23,ES1 4 bat,0.0
mean,2050,42,24,ES1 4 bat,0.0
mean,2050,42,25,ES1 4 bat,0.0
mean,2050,42,26,ES1 4 bat,0.0
mean,2050,42,27,ES1 4 bat,0.0
mean,2050,42,28,ES1 4 bat,0.0
mean,2050,42,29,ES1 4 bat,0.0
mean,2050,42,30,ES1 4 bat,0.0
mean,2050,42,31,ES1 4 bat,0.0
mean,2050,42,32,ES1 4 bat,0.0
mean,2050,42,33,ES1 4 bat,0.0
mean,2050,42,34,ES1 4 bat,0.0
mean,2050,42,35,ES1 4 bat,0.0
mean,2050,42,36,ES1 4 bat,0.0
mean,2050,42,37,ES1 4 bat,0.0
mean,2050,42,38,ES1 4 bat,0.0
mean,2050,42,39,ES1 4 bat,0.0
mean,2050,42,40,ES1 4 bat,0.0
mean,2050,42,41,ES1 4 bat,0.0
mean,2050,42,42,ES1 4 bat,0.0
mean,2050,42,43,ES1 4 bat,0.0
mean,2050,42,44,ES1 4 bat,0.0
mean,2050,42,45,ES1 4 bat,0.0
mean,2050,42,46,ES1 4 bat,0.0
mean,2050,42,47,ES1 4 bat,0.0
mean,2050,42,48,ES1 4 bat,0.0
mean,2050,42,49,ES1 4 bat,0.0
mean,2050,42,50,ES1 4 bat,0.0
mean,2050,42,51,ES1 4 bat,0.0
mean,2050,42,52,ES1 4 bat,0.0
mean,2050,42,53,ES1 4 bat,0.0
mean,2050,42,54,ES1 4 bat,0.0
mean,2050,42,55,ES1 4 bat,0.0
mean,2050,42,56,ES1 4 bat,0.0
mean,2050,42,57,ES1 4 bat,0.0
mean,2050,42,58,ES1 4 bat,0.0
mean,2050,42,59,ES1 4 bat,0.0
mean,2050,42,60,ES1 4 bat,0.0
mean,2050,42,61,ES1 4 bat,0.0
mean,2050,42,62,ES1 4 bat,0.0
mean,2050,42,63,ES1 4 bat,0.0
mean,2050,42,64,ES1 4 bat,0.0
mean,2050,42,65,ES1 4 bat,0.0
mean,2050,42,66,ES1 4 bat,0.0
mean,2050,42,67,ES1 4 bat,0.0
mean,2050,42,68,ES1 4 bat,0.0
mean,2050,42,69,ES1 4 bat,0.0
mean,2050,42,70,ES1 4 bat,0.0
mean,2050,42,71,ES1 4 bat,0.0
mean,2050,42,72,ES1 4 bat,0.0
mean,2050,42,73,ES1 4 bat,0.0
mean,2050,42,74,ES1 4 bat,0.0
mean,2050,42,75,ES1 4 bat,0.0
mean,2050,42,76,ES1 4 bat,0.0
mean,2050,42,77,ES1 4 bat,0.0
mean,2050,42,78,ES1 4 bat,0.0
mean,2050,42,79,ES1 4 bat,0.0
mean,2050,42,80,ES1 4 bat,0.0
mean,2050,42,81,ES1 4 bat,0.0
mean,2050,42,82,ES1 4 bat,0.0
mean,2050,42,83,ES1 4 bat,0.0
mean,2050,42,84,ES1 4 bat,0.0
mean,2050,42,85,ES1 4 bat,0.0
mean,2050,42,86,ES1 4 bat,0.0
mean,2050,42,87,ES1 4 bat,0.0
mean,2050,42,88,ES1 4 bat,0.0
mean,2050,42,89,ES1 4 bat,0.0
mean,2050,42,90,ES1 4 bat,0.0
mean,2050,42,91,ES1 4 bat,0.0
mean,2050,42,92,ES1 4 bat,0.0
mean,2050,42,93,ES1 4 bat,0.0
mean,2050,42,94,ES1 4 bat,0.0
mean,2050,42,95,ES1 4 bat,0.0
mean,2050,42,96,ES1 4 bat,0.0
mean,2050,42,97,ES1 4 bat,0.0
mean,2050,42,98,ES1 4 bat,0.0
mean,2050,42,99,ES1 4 bat,0.0
mean,2050,42,100,ES1 4 bat,0.0
mean,2050,42,101,ES1 4 bat,0.0
mean,2050,42,102,ES1 4 bat,0.0
mean,2050,42,103,ES1 4 bat,0.0
mean,2050,42,104,ES1 4 bat,0.0
mean,2050,42,105,ES1 4 bat,0.0
mean,2050,42,106,ES1 4 bat,0.0
mean,2050,42,107,ES1 4 bat,0.0
mean,2050,42,108,ES1 4 bat,0.0
mean,2050,42,109,ES1 4 bat,0.0
mean,2050,42,110,ES1 4 bat,0.0
mean,2050,42,111,ES1 4 bat,0.0
mean,2050,42,112,ES1 4 bat,0.0
mean,2050,42,113,ES1 4 bat,0.0
mean,2050,42,114,ES1 4 bat,0.0
mean,2050,42,115,ES1 4 bat,0.0
mean,2050,42,116,ES1 4 bat,0.0
mean,2050,42,117,ES1 4 bat,0.0
mean,2050,42,118,ES1 4 bat,0.0
mean,2050,42,119,ES1 4 bat,0.0
mean,2050,42,120,ES1 4 bat,0.0
mean,2050,42,121,ES1 4 bat,0.0
mean,2050,42,122,ES1 4 bat,0.0
mean,2050,42,123,ES1 4 bat,0.0
mean,2050,42,124,ES1 4 bat,0.0
mean,2050,42,125,ES1 4 bat,0.0
mean,2050,42,126,ES1 4 bat,0.0
mean,2050,42,127,ES1 4 bat,0.0
mean,2050,42,128,ES1 4 bat,0.0
mean,2050,42,129,ES1 4 bat,0.0
mean,2050,42,130,ES1 4 bat,0.0
mean,2050,42,131,ES1 4 bat,0.0
mean,2050,42,132,ES1 4 bat,0.0
mean,2050,42,133,ES1 4 bat,0.0
mean,2050,42,134,ES1 4 bat,0.0
mean,2050,42,135,ES1 4 bat,0.0
mean,2050,42,136,ES1 4 bat,0.0
mean,2050,42,137,ES1 4 bat,0.0
mean,2050,42,138,ES1 4 bat,0.0
mean,2050,42,139,ES1 4 bat,0.0
mean,2050,42,140,ES1 4 bat,0.0
mean,2050,42,141,ES1 4 bat,0.0
mean,2050,42,142,ES1 4 bat,0.0
mean,2050,42,143,ES1 4 bat,0.0
mean,2050,42,144,ES1 4 bat,0.0
mean,2050,42,145,ES1 4 bat,0.0
mean,2050,42,146,ES1 4 bat,0.0
mean,2050,42,147,ES1 4 bat,0.0
mean,2050,42,148,ES1 4 bat,0.0
mean,2050,42,149,ES1 4 bat,0.0
mean,2050,42,150,ES1 4 bat,0.0
mean,2050,42,151,ES1 4 bat,0.0
mean,2050,42,152,ES1 4 bat,0.0
mean,2050,42,153,ES1 4 bat,0.0
mean,2050,42,154,ES1 4 bat,0.0
mean,2050,42,155,ES1 4 bat,0.0
mean,2050,42,156,ES1 4 bat,0.0
mean,2050,42,157,ES1 4 bat,0.0
mean,2050,42,158,ES1 4 bat,0.0
mean,2050,42,159,ES1 4 bat,0.0
mean,2050,42,160,ES1 4 bat,0.0
mean,2050,42,161,ES1 4 bat,0.0
mean,2050,42,162,ES1 4 bat,0.0
mean,2050,42,163,ES1 4 bat,0.0
mean,2050,42,164,ES1 4 bat,0.0
mean,2050,42,165,ES1 4 bat,0.0
mean,2050,42,166,ES1 4 bat,0.0
mean,2050,42,167,ES1 4 bat,0.0
mean,2050,52,0,ES1 4 bat,0.0
mean,2050,52,1,ES1 4 bat,0.0
mean,2050,52,2,ES1 4 bat,0.0
mean,2050,52,3,ES1 4 bat,0.0
mean,2050,52,4,ES1 4 bat,0.0
mean,2050,52,5,ES1 4 bat,0.0
mean,2050,52,6,ES1 4 bat,0.0
mean,2050,52,7,ES1 4 bat,0.0
mean,2050,52,8,ES1 4 bat,0.0
mean,2050,52,9,ES1 4 bat,0.0
mean,2050,52,10,ES1 4 bat,0.0
mean,2050,52,11,ES1 4 bat,0.0
mean,2050,52,12,ES1 4 bat,0.0
mean,2050,52,13,ES1 4 bat,0.0
mean,2050,52,14,ES1 4 bat,0.0
mean,2050,52,15,ES1 4 bat,0.0
mean,2050,52,16,ES1 4 bat,0.0
mean,2050,52,17,ES1 4 bat,0.0
mean,2050,52,18,ES1 4 bat,0.0
mean,2050,52,19,ES1 4 bat,0.0
mean,2050,52,20,ES1 4 bat,0.0
mean,2050,52,21,ES1 4 bat,0.0
mean,2050,52,22,ES1 4 bat,0.0
mean,2050,52,23,ES1 4 bat,0.0
mean,2050,52,24,ES1 4 bat,0.0
mean,2050,52,25,ES1 4 bat,0.0
mean,2050,52,26,ES1 4 bat,0.0
mean,2050,52,27,ES1 4 bat,0.0
mean,2050,52,28,ES1 4 bat,0.0
mean,2050,52,29,ES1 4 bat,0.0
mean,2050,52,30,ES1 4 bat,0.0
mean,2050,52,31,ES1 4 bat,0.0
mean,2050,52,32,ES1 4 bat,0.0
mean,2050,52,33,ES1 4 bat,0.0
mean,2050,52,34,ES1 4 bat,0.0
mean,2050,52,35,ES1 4 bat,0.0
mean,2050,52,36,ES1 4 bat,0.0
mean,2050,52,37,ES1 4 bat,0.0
mean,2050,52,38,ES1 4 bat,0.0
mean,2050,52,39,ES1 4 bat,0.0
mean,2050,52,40,ES1 4 bat,0.0
mean,2050,52,41,ES1 4 bat,0.0
mean,2050,52,42,ES1 4 bat,0.0
mean,2050,52,43,ES1 4 bat,0.0
mean,2050,52,44,ES1 4 bat,0.0
mean,2050,52,45,ES1 4 bat,0.0
mean,2050,52,46,ES1 4 bat,0.0
mean,2050,52,47,ES1 4 bat,0.0
mean,2050,52,48,ES1 4 bat,0.0
mean,2050,52,49,ES1 4 bat,0.0
mean,2050,52,50,ES1 4 bat,0.0
mean,2050,52,51,ES1 4 bat,0.0
mean,2050,52,52,ES1 4 bat,0.0
mean,2050,52,53,ES1 4 bat,0.0
mean,2050,52,54,ES1 4 bat,0.0
mean,2050,52,55,ES1 4 bat,0.0
mean,2050,52,56,ES1 4 bat,0.0
mean,2050,52,57,ES1 4 bat,0.0
mean,2050,52,58,ES1 4 bat,0.0
mean,2050,52,59,ES1 4 bat,0.0
mean,2050,52,60,ES1 4 bat,0.0
mean,2050,52,61,ES1 4 bat,0.0
mean,2050,52,62,ES1 4 bat,0.0
mean,2050,52,63,ES1 4 bat,0.0
mean,2050,52,64,ES1 4 bat,0.0
mean,2050,52,65,ES1 4 bat,0.0
mean,2050,52,66,ES1 4 bat,0.0
mean,2050,52,67,ES1 4 bat,0.0
mean,2050,52,68,ES1 4 bat,0.0
mean,2050,52,69,ES1 4 bat,0.0
mean,2050,52,70,ES1 4 bat,0.0
mean,2050,52,71,ES1 4 bat,0.0
mean,2050,52,72,ES1 4 bat,0.0
mean,2050,52,73,ES1 4 bat,0.0
mean,2050,52,74,ES1 4 bat,0.0
mean,2050,52,75,ES1 4 bat,0.0
mean,2050,52,76,ES1 4 bat,0.0
mean,2050,52,77,ES1 4 bat,0.0
mean,2050,52,78,ES1 4 bat,0.0
mean,2050,52,79,ES1 4 bat,0.0
mean,2050,52,80,ES1 4 bat,0.0
mean,2050,52,81,ES1 4 bat,0.0
mean,2050,52,82,ES1 4 bat,0.0
mean,2050,52,83,ES1 4 bat,0.0
mean,2050,52,84,ES1 4 bat,0.0
mean,2050,52,85,ES1 4 bat,0.0
mean,2050,52,86,ES1 4 bat,0.0
mean,2050,52,87,ES1 4 bat,0.0
mean,2050,52,88,ES1 4 bat,0.0
mean,2050,52,89,ES1 4 bat,0.0
mean,2050,52,90,ES1 4 bat,0.0
mean,2050,52,91,ES1 4 bat,0.0
mean,2050,52,92,ES1 4 bat,0.0
mean,2050,52,93,ES1 4 bat,0.0
mean,2050,52,94,ES1 4 bat,0.0
mean,2050,52,95,ES1 4 bat,0.0
mean,2050,52,96,ES1 4 bat,0.0
mean,2050,52,97,ES1 4 bat,0.0
mean,2050,52,98,ES1 4 bat,0.0
mean,2050,52,99,ES1 4 bat,0.0
mean,2050,52,100,ES1 4 bat,0.0
mean,2050,52,101,ES1 4 bat,0.0
mean,2050,52,102,ES1 4 bat,0.0
mean,2050,52,103,ES1 4 bat,0.0
mean,2050,52,104,ES1 4 bat,0.0
mean,2050,52,105,ES1 4 bat,0.0
mean,2050,52,106,ES1 4 bat,0.0
mean,2050,52,107,ES1 4 bat,0.0
mean,2050,52,108,ES1 4 bat,0.0
mean,2050,52,109,ES1 4 bat,0.0
mean,2050,52,110,ES1 4 bat,0.0
mean,2050,52,111,ES1 4 bat,0.0
mean,2050,52,112,ES1 4 bat,0.0
mean,2050,52,113,ES1 4 bat,0.0
mean,2050,52,114,ES1 4 bat,0.0
mean,2050,52,115,ES1 4 bat,0.0
mean,2050,52,116,ES1 4 bat,0.0
mean,2050,52,117,ES1 4 bat,0.0
mean,2050,52,118,ES1 4 bat,0.0
mean,2050,52,119,ES1 4 bat,0.0
mean,2050,52,120,ES1 4 bat,0.0
mean,2050,52,121,ES1 4 bat,0.0
mean,2050,52,122,ES1 4 bat,0.0
mean,2050,52,123,ES1 4 bat,0.0
mean,2050,52,124,ES1 4 bat,0.0
mean,2050,52,125,ES1 4 bat,0.0
mean,2050,52,126,ES1 4 bat,0.0
mean,2050,52,127,ES1 4 bat,0.0
mean,2050,52,128,ES1 4 bat,0.0
mean,2050,52,129,ES1 4 bat,0.0
mean,2050,52,130,ES1 4 bat,0.0
mean,2050,52,131,ES1 4 bat,0.0
mean,2050,52,132,ES1 4 bat,0.0
mean,2050,52,133,ES1 4 bat,0.0
mean,2050,52,134,ES1 4 bat,0.0
mean,2050,52,135,ES1 4 bat,0.0
mean,2050,52,136,ES1 4 bat,0.0
mean,2050,52,137,ES1 4 bat,0.0
mean,2050,52,138,ES1 4 bat,0.0
mean,2050,52,139,ES1 4 bat,0.0
mean,2050,52,140,ES1 4 bat,0.0
mean,2050,52,141,ES1 4 bat,0.0
mean,2050,52,142,ES1 4 bat,0.0
mean,2050,52,143,ES1 4 bat,0.0
mean,2050,52,144,ES1 4 bat,0.0
mean,2050,52,145,ES1 4 bat,0.0
mean,2050,52,146,ES1 4 bat,0.0
mean,2050,52,147,ES1 4 bat,0.0
mean,2050,52,148,ES1 4 bat,0.0
mean,2050,52,149,ES1 4 bat,0.0
mean,2050,52,150,ES1 4 bat,0.0
mean,2050,52,151,ES1 4 bat,0.0
mean,2050,52,152,ES1 4 bat,0.0
mean,2050,52,153,ES1 4 bat,0.0
mean,2050,52,154,ES1 4 bat,0.0
mean,2050,52,155,ES1 4 bat,0.0
mean,2050,52,156,ES1 4 bat,0.0
mean,2050,52,157,ES1 4 bat,0.0
mean,2050,52,158,ES1 4 bat,0.0
mean,2050,52,159,ES1 4 bat,0.0
mean,2050,52,160,ES1 4 bat,0.0
mean,2050,52,161,ES1 4 bat,0.0
mean,2050,52,162,ES1 4 bat,0.0
mean,2050,52,163,ES1 4 bat,0.0
mean,2050,52,164,ES1 4 bat,0.0
mean,2050,52,165,ES1 4 bat,0.0
mean,2050,52,166,ES1 4 bat,0.0
mean,2050,52,167,ES1 4 bat,0.0
mean,2025,11,0,ES1 5 bat,0.0
mean,2025,11,1,ES1 5 bat,0.0
mean,2025,11,2,ES1 5 bat,0.0
mean,2025,11,3,ES1 5 bat,0.0
mean,2025,11,4,ES1 5 bat,0.0
mean,2025,11,5,ES1 5 bat,0.0
mean,2025,11,6,ES1 5 bat,0.0
mean,2025,11,7,ES1 5 bat,0.0
mean,2025,11,8,ES1 5 bat,0.0
mean,2025,11,9,ES1 5 bat,0.0
mean,2025,11,10,ES1 5 bat,0.0
mean,2025,11,11,ES1 5 bat,0.0
mean,2025,11,12,ES1 5 bat,0.0
mean,2025,11,13,ES1 5 bat,0.0
mean,2025,11,14,ES1 5 bat,0.0
mean,2025,11,15,ES1 5 bat,0.0
mean,2025,11,16,ES1 5 bat,0.0
mean,2025,11,17,ES1 5 bat,0.0
mean,2025,11,18,ES1 5 bat,0.0
mean,2025,11,19,ES1 5 bat,0.0
mean,2025,11,20,ES1 5 bat,0.0
mean,2025,11,21,ES1 5 bat,0.0
mean,2025,11,22,ES1 5 bat,0.0
mean,2025,11,23,ES1 5 bat,0.0
mean,2025,11,24,ES1 5 bat,0.0
mean,2025,11,25,ES1 5 bat,0.0
mean,2025,11,26,ES1 5 bat,0.0
mean,2025,11,27,ES1 5 bat,0.0
mean,2025,11,28,ES1 5 bat,0.0
mean,2025,11,29,ES1 5 bat,0.0
mean,2025,11,30,ES1 5 bat,0.0
mean,2025,11,31,ES1 5 bat,0.0
mean,2025,11,32,ES1 5 bat,0.0
mean,2025,11,33,ES1 5 bat,0.0
mean,2025,11,34,ES1 5 bat,0.0
mean,2025,11,35,ES1 5 bat,0.0
mean,2025,11,36,ES1 5 bat,0.0
mean,2025,11,37,ES1 5 bat,0.0
mean,2025,11,38,ES1 5 bat,0.0
mean,2025,11,39,ES1 5 bat,0.0
mean,2025,11,40,ES1 5 bat,0.0
mean,2025,11,41,ES1 5 bat,0.0
mean,2025,11,42,ES1 5 bat,0.0
mean,2025,11,43,ES1 5 bat,0.0
mean,2025,11,44,ES1 5 bat,0.0
mean,2025,11,45,ES1 5 bat,0.0
mean,2025,11,46,ES1 5 bat,0.0
mean,2025,11,47,ES1 5 bat,0.0
mean,2025,11,48,ES1 5 bat,0.0
mean,2025,11,49,ES1 5 bat,0.0
mean,2025,11,50,ES1 5 bat,0.0
mean,2025,11,51,ES1 5 bat,0.0
mean,2025,11,52,ES1 5 bat,0.0
mean,2025,11,53,ES1 5 bat,0.0
mean,2025,11,54,ES1 5 bat,0.0
mean,2025,11,55,ES1 5 bat,0.0
mean,2025,11,56,ES1 5 bat,0.0
mean,2025,11,57,ES1 5 bat,0.0
mean,2025,11,58,ES1 5 bat,0.0
mean,2025,11,59,ES1 5 bat,0.0
mean,2025,11,60,ES1 5 bat,0.0
mean,2025,11,61,ES1 5 bat,0.0
mean,2025,11,62,ES1 5 bat,0.0
mean,2025,11,63,ES1 5 bat,0.0
mean,2025,11,64,ES1 5 bat,0.0
mean,2025,11,65,ES1 5 bat,0.0
mean,2025,11,66,ES1 5 bat,0.0
mean,2025,11,67,ES1 5 bat,0.0
mean,2025,11,68,ES1 5 bat,0.0
mean,2025,11,69,ES1 5 bat,0.0
mean,2025,11,70,ES1 5 bat,0.0
mean,2025,11,71,ES1 5 bat,0.0
mean,2025,11,72,ES1 5 bat,0.0
mean,2025,11,73,ES1 5 bat,0.0
mean,2025,11,74,ES1 5 bat,0.0
mean,2025,11,75,ES1 5 bat,0.0
mean,2025,11,76,ES1 5 bat,0.0
mean,2025,11,77,ES1 5 bat,0.0
mean,2025,11,78,ES1 5 bat,0.0
mean,2025,11,79,ES1 5 bat,0.0
mean,2025,11,80,ES1 5 bat,0.0
mean,2025,11,81,ES1 5 bat,0.0
mean,2025,11,82,ES1 5 bat,0.0
mean,2025,11,83,ES1 5 bat,0.0
mean,2025,11,84,ES1 5 bat,0.0
mean,2025,11,85,ES1 5 bat,0.0
mean,2025,11,86,ES1 5 bat,0.0
mean,2025,11,87,ES1 5 bat,0.0
mean,2025,11,88,ES1 5 bat,0.0
mean,2025,11,89,ES1 5 bat,0.0
mean,2025,11,90,ES1 5 bat,0.0
mean,2025,11,91,ES1 5 bat,0.0
mean,2025,11,92,ES1 5 bat,0.0
mean,2025,11,93,ES1 5 bat,0.0
mean,2025,11,94,ES1 5 bat,0.0
mean,2025,11,95,ES1 5 bat,0.0
mean,2025,11,96,ES1 5 bat,0.0
mean,2025,11,97,ES1 5 bat,0.0
mean,2025,11,98,ES1 5 bat,0.0
mean,2025,11,99,ES1 5 bat,0.0
mean,2025,11,100,ES1 5 bat,0.0
mean,2025,11,101,ES1 5 bat,0.0
mean,2025,11,102,ES1 5 bat,0.0
mean,2025,11,103,ES1 5 bat,0.0
mean,2025,11,104,ES1 5 bat,0.0
mean,2025,11,105,ES1 5 bat,0.0
mean,2025,11,106,ES1 5 bat,0.0
mean,2025,11,107,ES1 5 bat,0.0
mean,2025,11,108,ES1 5 bat,0.0
mean,2025,11,109,ES1 5 bat,0.0
mean,2025,11,110,ES1 5 bat,0.0
mean,2025,11,111,ES1 5 bat,0.0
mean,2025,11,112,ES1 5 bat,0.0
mean,2025,11,113,ES1 5 bat,0.0
mean,2025,11,114,ES1 5 bat,0.0
mean,2025,11,115,ES1 5 bat,0.0
mean,2025,11,116,ES1 5 bat,0.0
mean,2025,11,117,ES1 5 bat,0.0
mean,2025,11,118,ES1 5 bat,0.0
mean,2025,11,119,ES1 5 bat,0.0
mean,2025,11,120,ES1 5 bat,0.0
mean,2025,11,121,ES1 5 bat,0.0
mean,2025,11,122,ES1 5 bat,0.0
mean,2025,11,123,ES1 5 bat,0.0
mean,2025,11,124,ES1 5 bat,0.0
mean,2025,11,125,ES1 5 bat,0.0
mean,2025,11,126,ES1 5 bat,0.0
mean,2025,11,127,ES1 5 bat,0.0
mean,2025,11,128,ES1 5 bat,0.0
mean,2025,11,129,ES1 5 bat,0.0
mean,2025,11,130,ES1 5 bat,0.0
mean,2025,11,131,ES1 5 bat,0.0
mean,2025,11,132,ES1 5 bat,0.0
mean,2025,11,133,ES1 5 bat,0.0
mean,2025,11,134,ES1 5 bat,0.0
mean,2025,11,135,ES1 5 bat,0.0
mean,2025,11,136,ES1 5 bat,0.0
mean,2025,11,137,ES1 5 bat,0.0
mean,2025,11,138,ES1 5 bat,0.0
mean,2025,11,139,ES1 5 bat,0.0
mean,2025,11,140,ES1 5 bat,0.0
mean,2025,11,141,ES1 5 bat,0.0
mean,2025,11,142,ES1 5 bat,0.0
mean,2025,11,143,ES1 5 bat,0.0
mean,2025,11,144,ES1 5 bat,0.0
mean,2025,11,145,ES1 5 bat,0.0
mean,2025,11,146,ES1 5 bat,0.0
mean,2025,11,147,ES1 5 bat,0.0
mean,2025,11,148,ES1 5 bat,0.0
mean,2025,11,149,ES1 5 bat,0.0
mean,2025,11,150,ES1 5 bat,0.0
mean,2025,11,151,ES1 5 bat,0.0
mean,2025,11,152,ES1 5 bat,0.0
mean,2025,11,153,ES1 5 bat,0.0
mean,2025,11,154,ES1 5 bat,0.0
mean,2025,11,155,ES1 5 bat,0.0
mean,2025,11,156,ES1 5 bat,0.0
mean,2025,11,157,ES1 5 bat,0.0
mean,2025,11,158,ES1 5 bat,0.0
mean,2025,11,159,ES1 5 bat,0.0
mean,2025,11,160,ES1 5 bat,0.0
mean,2025,11,161,ES1 5 bat,0.0
mean,2025,11,162,ES1 5 bat,0.0
mean,2025,11,163,ES1 5 bat,0.0
mean,2025,11,164,ES1 5 bat,0.0
mean,2025,11,165,ES1 5 bat,0.0
mean,2025,11,166,ES1 5 bat,0.0
mean,2025,11,167,ES1 5 bat,0.0
mean,2025,21,0,ES1 5 bat,0.0
mean,2025,21,1,ES1 5 bat,0.0
mean,2025,21,2,ES1 5 bat,0.0
mean,2025,21,3,ES1 5 bat,0.0
mean,2025,21,4,ES1 5 bat,0.0
mean,2025,21,5,ES1 5 bat,0.0
mean,2025,21,6,ES1 5 bat,0.0
mean,2025,21,7,ES1 5 bat,0.0
mean,2025,21,8,ES1 5 bat,0.0
mean,2025,21,9,ES1 5 bat,0.0
mean,2025,21,10,ES1 5 bat,0.0
mean,2025,21,11,ES1 5 bat,0.0
mean,2025,21,12,ES1 5 bat,0.0
mean,2025,21,13,ES1 5 bat,0.0
mean,2025,21,14,ES1 5 bat,0.0
mean,2025,21,15,ES1 5 bat,0.0
mean,2025,21,16,ES1 5 bat,0.0
mean,2025,21,17,ES1 5 bat,0.0
mean,2025,21,18,ES1 5 bat,0.0
mean,2025,21,19,ES1 5 bat,0.0
mean,2025,21,20,ES1 5 bat,0.0
mean,2025,21,21,ES1 5 bat,0.0
mean,2025,21,22,ES1 5 bat,0.0
mean,2025,21,23,ES1 5 bat,0.0
mean,2025,21,24,ES1 5 bat,0.0
mean,2025,21,25,ES1 5 bat,0.0
mean,2025,21,26,ES1 5 bat,0.0
mean,2025,21,27,ES1 5 bat,0.0
mean,2025,21,28,ES1 5 bat,0.0
mean,2025,21,29,ES1 5 bat,0.0
mean,2025,21,30,ES1 5 bat,0.0
mean,2025,21,31,ES1 5 bat,0.0
mean,2025,21,32,ES1 5 bat,0.0
mean,2025,21,33,ES1 5 bat,0.0
mean,2025,21,34,ES1 5 bat,0.0
mean,2025,21,35,ES1 5 bat,0.0
mean,2025,21,36,ES1 5 bat,0.0
mean,2025,21,37,ES1 5 bat,0.0
mean,2025,21,38,ES1 5 bat,0.0
mean,2025,21,39,ES1 5 bat,0.0
mean,2025,21,40,ES1 5 bat,0.0
mean,2025,21,41,ES1 5 bat,0.0
mean,2025,21,42,ES1 5 bat,0.0
mean,2025,21,43,ES1 5 bat,0.0
mean,2025,21,44,ES1 5 bat,0.0
mean,2025,21,45,ES1 5 bat,0.0
mean,2025,21,46,ES1 5 bat,0.0
mean,2025,21,47,ES1 5 bat,0.0
mean,2025,21,48,ES1 5 bat,0.0
mean,2025,21,49,ES1 5 bat,0.0
mean,2025,21,50,ES1 5 bat,0.0
mean,2025,21,51,ES1 5 bat,0.0
mean,2025,21,52,ES1 5 bat,0.0
mean,2025,21,53,ES1 5 bat,0.0
mean,2025,21,54,ES1 5 bat,0.0
mean,2025,21,55,ES1 5 bat,0.0
mean,2025,21,56,ES1 5 bat,0.0
mean,2025,21,57,ES1 5 bat,0.0
mean,2025,21,58,ES1 5 bat,0.0
mean,2025,21,59,ES1 5 bat,0.0
mean,2025,21,60,ES1 5 bat,0.0
mean,2025,21,61,ES1 5 bat,0.0
mean,2025,21,62,ES1 5 bat,0.0
mean,2025,21,63,ES1 5 bat,0.0
mean,2025,21,64,ES1 5 bat,0.0
mean,2025,21,65,ES1 5 bat,0.0
mean,2025,21,66,ES1 5 bat,0.0
mean,2025,21,67,ES1 5 bat,0.0
mean,2025,21,68,ES1 5 bat,0.0
mean,2025,21,69,ES1 5 bat,0.0
mean,2025,21,70,ES1 5 bat,0.0
mean,2025,21,71,ES1 5 bat,0.0
mean,2025,21,72,ES1 5 bat,0.0
mean,2025,21,73,ES1 5 bat,0.0
mean,2025,21,74,ES1 5 bat,0.0
mean,2025,21,75,ES1 5 bat,0.0
mean,2025,21,76,ES1 5 bat,0.0
mean,2025,21,77,ES1 5 bat,0.0
mean,2025,21,78,ES1 5 bat,0.0
mean,2025,21,79,ES1 5 bat,0.0
mean,2025,21,80,ES1 5 bat,0.0
mean,2025,21,81,ES1 5 bat,0.0
mean,2025,21,82,ES1 5 bat,0.0
mean,2025,21,83,ES1 5 bat,0.0
mean,2025,21,84,ES1 5 bat,0.0
mean,2025,21,85,ES1 5 bat,0.0
mean,2025,21,86,ES1 5 bat,0.0
mean,2025,21,87,ES1 5 bat,0.0
mean,2025,21,88,ES1 5 bat,0.0
mean,2025,21,89,ES1 5 bat,0.0
mean,2025,21,90,ES1 5 bat,0.0
mean,2025,21,91,ES1 5 bat,0.0
mean,2025,21,92,ES1 5 bat,0.0
mean,2025,21,93,ES1 5 bat,0.0
mean,2025,21,94,ES1 5 bat,0.0
mean,2025,21,95,ES1 5 bat,0.0
mean,2025,21,96,ES1 5 bat,0.0
mean,2025,21,97,ES1 5 bat,0.0
mean,2025,21,98,ES1 5 bat,0.0
mean,2025,21,99,ES1 5 bat,0.0
mean,2025,21,100,ES1 5 bat,0.0
mean,2025,21,101,ES1 5 bat,0.0
mean,2025,21,102,ES1 5 bat,0.0
mean,2025,21,103,ES1 5 bat,0.0
mean,2025,21,104,ES1 5 bat,0.0
mean,2025,21,105,ES1 5 bat,0.0
mean,2025,21,106,ES1 5 bat,0.0
mean,2025,21,107,ES1 5 bat,0.0
mean,2025,21,108,ES1 5 bat,0.0
mean,2025,21,109,ES1 5 bat,0.0
mean,2025,21,110,ES1 5 bat,0.0
mean,2025,21,111,ES1 5 bat,0.0
mean,2025,21,112,ES1 5 bat,0.0
mean,2025,21,113,ES1 5 bat,0.0
mean,2025,21,114,ES1 5 bat,0.0
mean,2025,21,115,ES1 5 bat,0.0
mean,2025,21,116,ES1 5 bat,0.0
mean,2025,21,117,ES1 5 bat,0.0
mean,2025,21,118,ES1 5 bat,0.0
mean,2025,21,119,ES1 5 bat,0.0
mean,2025,21,120,ES1 5 bat,0.0
mean,2025,21,121,ES1 5 bat,0.0
mean,2025,21,122,ES1 5 bat,0.0
mean,2025,21,123,ES1 5 bat,0.0
mean,2025,21,124,ES1 5 bat,0.0
mean,2025,21,125,ES1 5 bat,0.0
mean,2025,21,126,ES1 5 bat,0.0
mean,2025,21,127,ES1 5 bat,0.0
mean,2025,21,128,ES1 5 bat,0.0
mean,2025,21,129,ES1 5 bat,0.0
mean,2025,21,130,ES1 5 bat,0.0
mean,2025,21,131,ES1 5 bat,0.0
mean,2025,21,132,ES1 5 bat,0.0
mean,2025,21,133,ES1 5 bat,0.0
mean,2025,21,134,ES1 5 bat,0.0
mean,2025,21,135,ES1 5 bat,0.0
mean,2025,21,136,ES1 5 bat,0.0
mean,2025,21,137,ES1 5 bat,0.0
mean,2025,21,138,ES1 5 bat,0.0
mean,2025,21,139,ES1 5 bat,0.0
mean,2025,21,140,ES1 5 bat,0.0
mean,2025,21,141,ES1 5 bat,0.0
mean,2025,21,142,ES1 5 bat,0.0
mean,2025,21,143,ES1 5 bat,0.0
mean,2025,21,144,ES1 5 bat,0.0
mean,2025,21,145,ES1 5 bat,0.0
mean,2025,21,146,ES1 5 bat,0.0
mean,2025,21,147,ES1 5 bat,0.0
mean,2025,21,148,ES1 5 bat,0.0
mean,2025,21,149,ES1 5 bat,0.0
mean,2025,21,150,ES1 5 bat,0.0
mean,2025,21,151,ES1 5 bat,0.0
mean,2025,21,152,ES1 5 bat,0.0
mean,2025,21,153,ES1 5 bat,0.0
mean,2025,21,154,ES1 5 bat,0.0
mean,2025,21,155,ES1 5 bat,0.0
mean,2025,21,156,ES1 5 bat,0.0
mean,2025,21,157,ES1 5 bat,0.0
mean,2025,21,158,ES1 5 bat,0.0
mean,2025,21,159,ES1 5 bat,0.0
mean,2025,21,160,ES1 5 bat,0.0
mean,2025,21,161,ES1 5 bat,0.0
mean,2025,21,162,ES1 5 bat,0.0
mean,2025,21,163,ES1 5 bat,0.0
mean,2025,21,164,ES1 5 bat,0.0
mean,2025,21,165,ES1 5 bat,0.0
mean,2025,21,166,ES1 5 bat,0.0
mean,2025,21,167,ES1 5 bat,0.0
mean,2025,42,0,ES1 5 bat,0.0
mean,2025,42,1,ES1 5 bat,0.0
mean,2025,42,2,ES1 5 bat,0.0
mean,2025,42,3,ES1 5 bat,0.0
mean,2025,42,4,ES1 5 bat,0.0
mean,2025,42,5,ES1 5 bat,0.0
mean,2025,42,6,ES1 5 bat,0.0
mean,2025,42,7,ES1 5 bat,0.0
mean,2025,42,8,ES1 5 bat,0.0
mean,2025,42,9,ES1 5 bat,0.0
mean,2025,42,10,ES1 5 bat,0.0
mean,2025,42,11,ES1 5 bat,0.0
mean,2025,42,12,ES1 5 bat,0.0
mean,2025,42,13,ES1 5 bat,0.0
mean,2025,42,14,ES1 5 bat,0.0
mean,2025,42,15,ES1 5 bat,0.0
mean,2025,42,16,ES1 5 bat,0.0
mean,2025,42,17,ES1 5 bat,0.0
mean,2025,42,18,ES1 5 bat,0.0
mean,2025,42,19,ES1 5 bat,0.0
mean,2025,42,20,ES1 5 bat,0.0
mean,2025,42,21,ES1 5 bat,0.0
mean,2025,42,22,ES1 5 bat,0.0
mean,2025,42,23,ES1 5 bat,0.0
mean,2025,42,24,ES1 5 bat,0.0
mean,2025,42,25,ES1 5 bat,0.0
mean,2025,42,26,ES1 5 bat,0.0
mean,2025,42,27,ES1 5 bat,0.0
mean,2025,42,28,ES1 5 bat,0.0
mean,2025,42,29,ES1 5 bat,0.0
mean,2025,42,30,ES1 5 bat,0.0
mean,2025,42,31,ES1 5 bat,0.0
mean,2025,42,32,ES1 5 bat,0.0
mean,2025,42,33,ES1 5 bat,0.0
mean,2025,42,34,ES1 5 bat,0.0
mean,2025,42,35,ES1 5 bat,0.0
mean,2025,42,36,ES1 5 bat,0.0
mean,2025,42,37,ES1 5 bat,0.0
mean,2025,42,38,ES1 5 bat,0.0
mean,2025,42,39,ES1 5 bat,0.0
mean,2025,42,40,ES1 5 bat,0.0
mean,2025,42,41,ES1 5 bat,0.0
mean,2025,42,42,ES1 5 bat,0.0
mean,2025,42,43,ES1 5 bat,0.0
mean,2025,42,44,ES1 5 bat,0.0
mean,2025,42,45,ES1 5 bat,0.0
mean,2025,42,46,ES1 5 bat,0.0
mean,2025,42,47,ES1 5 bat,0.0
mean,2025,42,48,ES1 5 bat,0.0
mean,2025,42,49,ES1 5 bat,0.0
mean,2025,42,50,ES1 5 bat,0.0
mean,2025,42,51,ES1 5 bat,0.0
mean,2025,42,52,ES1 5 bat,0.0
mean,2025,42,53,ES1 5 bat,0.0
mean,2025,42,54,ES1 5 bat,0.0
mean,2025,42,55,ES1 5 bat,0.0
mean,2025,42,56,ES1 5 bat,0.0
mean,2025,42,57,ES1 5 bat,0.0
mean,2025,42,58,ES1 5 bat,0.0
mean,2025,42,59,ES1 5 bat,0.0
mean,2025,42,60,ES1 5 bat,0.0
mean,2025,42,61,ES1 5 bat,0.0
mean,2025,42,62,ES1 5 bat,0.0
mean,2025,42,63,ES1 5 bat,0.0
mean,2025,42,64,ES1 5 bat,0.0
mean,2025,42,65,ES1 5 bat,0.0
mean,2025,42,66,ES1 5 bat,0.0
mean,2025,42,67,ES1 5 bat,0.0
mean,2025,42,68,ES1 5 bat,0.0
mean,2025,42,69,ES1 5 bat,0.0
mean,2025,42,70,ES1 5 bat,0.0
mean,2025,42,71,ES1 5 bat,0.0
mean,2025,42,72,ES1 5 bat,0.0
mean,2025,42,73,ES1 5 bat,0.0
mean,2025,42,74,ES1 5 bat,0.0
mean,2025,42,75,ES1 5 bat,0.0
mean,2025,42,76,ES1 5 bat,0.0
mean,2025,42,77,ES1 5 bat,0.0
mean,2025,42,78,ES1 5 bat,0.0
mean,2025,42,79,ES1 5 bat,0.0
mean,2025,42,80,ES1 5 bat,0.0
mean,2025,42,81,ES1 5 bat,0.0
mean,2025,42,82,ES1 5 bat,0.0
mean,2025,42,83,ES1 5 bat,0.0
mean,2025,42,84,ES1 5 bat,0.0
mean,2025,42,85,ES1 5 bat,0.0
mean,2025,42,86,ES1 5 bat,0.0
mean,2025,42,87,ES1 5 bat,0.0
mean,2025,42,88,ES1 5 bat,0.0
mean,2025,42,89,ES1 5 bat,0.0
mean,2025,42,90,ES1 5 bat,0.0
mean,2025,42,91,ES1 5 bat,0.0
mean,2025,42,92,ES1 5 bat,0.0
mean,2025,42,93,ES1 5 bat,0.0
mean,2025,42,94,ES1 5 bat,0.0
mean,2025,42,95,ES1 5 bat,0.0
mean,2025,42,96,ES1 5 bat,0.0
mean,2025,42,97,ES1 5 bat,0.0
mean,2025,42,98,ES1 5 bat,0.0
mean,2025,42,99,ES1 5 bat,0.0
mean,2025,42,100,ES1 5 bat,0.0
mean,2025,42,101,ES1 5 bat,0.0
mean,2025,42,102,ES1 5 bat,0.0
mean,2025,42,103,ES1 5 bat,0.0
mean,2025,42,104,ES1 5 bat,0.0
mean,2025,42,105,ES1 5 bat,0.0
mean,2025,42,106,ES1 5 bat,0.0
mean,2025,42,107,ES1 5 bat,0.0
mean,2025,42,108,ES1 5 bat,0.0
mean,2025,42,109,ES1 5 bat,0.0
mean,2025,42,110,ES1 5 bat,0.0
mean,2025,42,111,ES1 5 bat,0.0
mean,2025,42,112,ES1 5 bat,0.0
mean,2025,42,113,ES1 5 bat,0.0
mean,2025,42,114,ES1 5 bat,0.0
mean,2025,42,115,ES1 5 bat,0.0
mean,2025,42,116,ES1 5 bat,0.0
mean,2025,42,117,ES1 5 bat,0.0
mean,2025,42,118,ES1 5 bat,0.0
mean,2025,42,119,ES1 5 bat,0.0
mean,2025,42,120,ES1 5 bat,0.0
mean,2025,42,121,ES1 5 bat,0.0
mean,2025,42,122,ES1 5 bat,0.0
mean,2025,42,123,ES1 5 bat,0.0
mean,2025,42,124,ES1 5 bat,0.0
mean,2025,42,125,ES1 5 bat,0.0
mean,2025,42,126,ES1 5 bat,0.0
mean,2025,42,127,ES1 5 bat,0.0
mean,2025,42,128,ES1 5 bat,0.0
mean,2025,42,129,ES1 5 bat,0.0
mean,2025,42,130,ES1 5 bat,0.0
mean,2025,42,131,ES1 5 bat,0.0
mean,2025,42,132,ES1 5 bat,0.0
mean,2025,42,133,ES1 5 bat,0.0
mean,2025,42,134,ES1 5 bat,0.0
mean,2025,42,135,ES1 5 bat,0.0
mean,2025,42,136,ES1 5 bat,0.0
mean,2025,42,137,ES1 5 bat,0.0
mean,2025,42,138,ES1 5 bat,0.0
mean,2025,42,139,ES1 5 bat,0.0
mean,2025,42,140,ES1 5 bat,0.0
mean,2025,42,141,ES1 5 bat,0.0
mean,2025,42,142,ES1 5 bat,0.0
mean,2025,42,143,ES1 5 bat,0.0
mean,2025,42,144,ES1 5 bat,0.0
mean,2025,42,145,ES1 5 bat,0.0
mean,2025,42,146,ES1 5 bat,0.0
mean,2025,42,147,ES1 5 bat,0.0
mean,2025,42,148,ES1 5 bat,0.0
mean,2025,42,149,ES1 5 bat,0.0
mean,2025,42,150,ES1 5 bat,0.0
mean,2025,42,151,ES1 5 bat,0.0
mean,2025,42,152,ES1 5 bat,0.0
mean,2025,42,153,ES1 5 bat,0.0
mean,2025,42,154,ES1 5 bat,0.0
mean,2025,42,155,ES1 5 bat,0.0
mean,2025,42,156,ES1 5 bat,0.0
mean,2025,42,157,ES1 5 bat,0.0
mean,2025,42,158,ES1 5 bat,0.0
mean,2025,42,159,ES1 5 bat,0.0
mean,2025,42,160,ES1 5 bat,0.0
mean,2025,42,161,ES1 5 bat,0.0
mean,2025,42,162,ES1 5 bat,0.0
mean,2025,42,163,ES1 5 bat,0.0
mean,2025,42,164,ES1 5 bat,0.0
mean,2025,42,165,ES1 5 bat,0.0
mean,2025,42,166,ES1 5 bat,0.0
mean,2025,42,167,ES1 5 bat,0.0
mean,2025,52,0,ES1 5 bat,0.0
mean,2025,52,1,ES1 5 bat,0.0
mean,2025,52,2,ES1 5 bat,0.0
mean,2025,52,3,ES1 5 bat,0.0
mean,2025,52,4,ES1 5 bat,0.0
mean,2025,52,5,ES1 5 bat,0.0
mean,2025,52,6,ES1 5 bat,0.0
mean,2025,52,7,ES1 5 bat,0.0
mean,2025,52,8,ES1 5 bat,0.0
mean,2025,52,9,ES1 5 bat,0.0
mean,2025,52,10,ES1 5 bat,0.0
mean,2025,52,11,ES1 5 bat,0.0
mean,2025,52,12,ES1 5 bat,0.0
mean,2025,52,13,ES1 5 bat,0.0
mean,2025,52,14,ES1 5 bat,0.0
mean,2025,52,15,ES1 5 bat,0.0
mean,2025,52,16,ES1 5 bat,0.0
mean,2025,52,17,ES1 5 bat,0.0
mean,2025,52,18,ES1 5 bat,0.0
mean,2025,52,19,ES1 5 bat,0.0
mean,2025,52,20,ES1 5 bat,0.0
mean,2025,52,21,ES1 5 bat,0.0
mean,2025,52,22,ES1 5 bat,0.0
mean,2025,52,23,ES1 5 bat,0.0
mean,2025,52,24,ES1 5 bat,0.0
mean,2025,52,25,ES1 5 bat,0.0
mean,2025,52,26,ES1 5 bat,0.0
mean,2025,52,27,ES1 5 bat,0.0
mean,2025,52,28,ES1 5 bat,0.0
mean,2025,52,29,ES1 5 bat,0.0
mean,2025,52,30,ES1 5 bat,0.0
mean,2025,52,31,ES1 5 bat,0.0
mean,2025,52,32,ES1 5 bat,0.0
mean,2025,52,33,ES1 5 bat,0.0
mean,2025,52,34,ES1 5 bat,0.0
mean,2025,52,35,ES1 5 bat,0.0
mean,2025,52,36,ES1 5 bat,0.0
mean,2025,52,37,ES1 5 bat,0.0
mean,2025,52,38,ES1 5 bat,0.0
mean,2025,52,39,ES1 5 bat,0.0
mean,2025,52,40,ES1 5 bat,0.0
mean,2025,52,41,ES1 5 bat,0.0
mean,2025,52,42,ES1 5 bat,0.0
mean,2025,52,43,ES1 5 bat,0.0
mean,2025,52,44,ES1 5 bat,0.0
mean,2025,52,45,ES1 5 bat,0.0
mean,2025,52,46,ES1 5 bat,0.0
mean,2025,52,47,ES1 5 bat,0.0
mean,2025,52,48,ES1 5 bat,0.0
mean,2025,52,49,ES1 5 bat,0.0
mean,2025,52,50,ES1 5 bat,0.0
mean,2025,52,51,ES1 5 bat,0.0
mean,2025,52,52,ES1 5 bat,0.0
mean,2025,52,53,ES1 5 bat,0.0
mean,2025,52,54,ES1 5 bat,0.0
mean,2025,52,55,ES1 5 bat,0.0
mean,2025,52,56,ES1 5 bat,0.0
mean,2025,52,57,ES1 5 bat,0.0
mean,2025,52,58,ES1 5 bat,0.0
mean,2025,52,59,ES1 5 bat,0.0
mean,2025,52,60,ES1 5 bat,0.0
mean,2025,52,61,ES1 5 bat,0.0
mean,2025,52,62,ES1 5 bat,0.0
mean,2025,52,63,ES1 5 bat,0.0
mean,2025,52,64,ES1 5 bat,0.0
mean,2025,52,65,ES1 5 bat,0.0
mean,2025,52,66,ES1 5 bat,0.0
mean,2025,52,67,ES1 5 bat,0.0
mean,2025,52,68,ES1 5 bat,0.0
mean,2025,52,69,ES1 5 bat,0.0
mean,2025,52,70,ES1 5 bat,0.0
mean,2025,52,71,ES1 5 bat,0.0
mean,2025,52,72,ES1 5 bat,0.0
mean,2025,52,73,ES1 5 bat,0.0
mean,2025,52,74,ES1 5 bat,0.0
mean,2025,52,75,ES1 5 bat,0.0
mean,2025,52,76,ES1 5 bat,0.0
mean,2025,52,77,ES1 5 bat,0.0
mean,2025,52,78,ES1 5 bat,0.0
mean,2025,52,79,ES1 5 bat,0.0
mean,2025,52,80,ES1 5 bat,0.0
mean,2025,52,81,ES1 5 bat,0.0
mean,2025,52,82,ES1 5 bat,0.0
mean,2025,52,83,ES1 5 bat,0.0
mean,2025,52,84,ES1 5 bat,0.0
mean,2025,52,85,ES1 5 bat,0.0
mean,2025,52,86,ES1 5 bat,0.0
mean,2025,52,87,ES1 5 bat,0.0
mean,2025,52,88,ES1 5 bat,0.0
mean,2025,52,89,ES1 5 bat,0.0
mean,2025,52,90,ES1 5 bat,0.0
mean,2025,52,91,ES1 5 bat,0.0
mean,2025,52,92,ES1 5 bat,0.0
mean,2025,52,93,ES1 5 bat,0.0
mean,2025,52,94,ES1 5 bat,0.0
mean,2025,52,95,ES1 5 bat,0.0
mean,2025,52,96,ES1 5 bat,0.0
mean,2025,52,97,ES1 5 bat,0.0
mean,2025,52,98,ES1 5 bat,0.0
mean,2025,52,99,ES1 5 bat,0.0
mean,2025,52,100,ES1 5 bat,0.0
mean,2025,52,101,ES1 5 bat,0.0
mean,2025,52,102,ES1 5 bat,0.0
mean,2025,52,103,ES1 5 bat,0.0
mean,2025,52,104,ES1 5 bat,0.0
mean,2025,52,105,ES1 5 bat,0.0
mean,2025,52,106,ES1 5 bat,0.0
mean,2025,52,107,ES1 5 bat,0.0
mean,2025,52,108,ES1 5 bat,0.0
mean,2025,52,109,ES1 5 bat,0.0
mean,2025,52,110,ES1 5 bat,0.0
mean,2025,52,111,ES1 5 bat,0.0
mean,2025,52,112,ES1 5 bat,0.0
mean,2025,52,113,ES1 5 bat,0.0
mean,2025,52,114,ES1 5 bat,0.0
mean,2025,52,115,ES1 5 bat,0.0
mean,2025,52,116,ES1 5 bat,0.0
mean,2025,52,117,ES1 5 bat,0.0
mean,2025,52,118,ES1 5 bat,0.0
mean,2025,52,119,ES1 5 bat,0.0
mean,2025,52,120,ES1 5 bat,0.0
mean,2025,52,121,ES1 5 bat,0.0
mean,2025,52,122,ES1 5 bat,0.0
mean,2025,52,123,ES1 5 bat,0.0
mean,2025,52,124,ES1 5 bat,0.0
mean,2025,52,125,ES1 5 bat,0.0
mean,2025,52,126,ES1 5 bat,0.0
mean,2025,52,127,ES1 5 bat,0.0
mean,2025,52,128,ES1 5 bat,0.0
mean,2025,52,129,ES1 5 bat,0.0
mean,2025,52,130,ES1 5 bat,0.0
mean,2025,52,131,ES1 5 bat,0.0
mean,2025,52,132,ES1 5 bat,0.0
mean,2025,52,133,ES1 5 bat,0.0
mean,2025,52,134,ES1 5 bat,0.0
mean,2025,52,135,ES1 5 bat,0.0
mean,2025,52,136,ES1 5 bat,0.0
mean,2025,52,137,ES1 5 bat,0.0
mean,2025,52,138,ES1 5 bat,0.0
mean,2025,52,139,ES1 5 bat,0.0
mean,2025,52,140,ES1 5 bat,0.0
mean,2025,52,141,ES1 5 bat,0.0
mean,2025,52,142,ES1 5 bat,0.0
mean,2025,52,143,ES1 5 bat,0.0
mean,2025,52,144,ES1 5 bat,0.0
mean,2025,52,145,ES1 5 bat,0.0
mean,2025,52,146,ES1 5 bat,0.0
mean,2025,52,147,ES1 5 bat,0.0
mean,2025,52,148,ES1 5 bat,0.0
mean,2025,52,149,ES1 5 bat,0.0
mean,2025,52,150,ES1 5 bat,0.0
mean,2025,52,151,ES1 5 bat,0.0
mean,2025,52,152,ES1 5 bat,0.0
mean,2025,52,153,ES1 5 bat,0.0
mean,2025,52,154,ES1 5 bat,0.0
mean,2025,52,155,ES1 5 bat,0.0
mean,2025,52,156,ES1 5 bat,0.0
mean,2025,52,157,ES1 5 bat,0.0
mean,2025,52,158,ES1 5 bat,0.0
mean,2025,52,159,ES1 5 bat,0.0
mean,2025,52,160,ES1 5 bat,0.0
mean,2025,52,161,ES1 5 bat,0.0
mean,2025,52,162,ES1 5 bat,0.0
mean,2025,52,163,ES1 5 bat,0.0
mean,2025,52,164,ES1 5 bat,0.0
mean,2025,52,165,ES1 5 bat,0.0
mean,2025,52,166,ES1 5 bat,0.0
mean,2025,52,167,ES1 5 bat,0.0
mean,2030,11,0,ES1 5 bat,0.0
mean,2030,11,1,ES1 5 bat,0.0
mean,2030,11,2,ES1 5 bat,0.0
mean,2030,11,3,ES1 5 bat,0.0
mean,2030,11,4,ES1 5 bat,0.0
mean,2030,11,5,ES1 5 bat,0.0
mean,2030,11,6,ES1 5 bat,0.0
mean,2030,11,7,ES1 5 bat,0.0
mean,2030,11,8,ES1 5 bat,0.0
mean,2030,11,9,ES1 5 bat,0.0
mean,2030,11,10,ES1 5 bat,0.0
mean,2030,11,11,ES1 5 bat,0.0
mean,2030,11,12,ES1 5 bat,0.0
mean,2030,11,13,ES1 5 bat,0.0
mean,2030,11,14,ES1 5 bat,0.0
mean,2030,11,15,ES1 5 bat,0.0
mean,2030,11,16,ES1 5 bat,0.0
mean,2030,11,17,ES1 5 bat,0.0
mean,2030,11,18,ES1 5 bat,0.0
mean,2030,11,19,ES1 5 bat,0.0
mean,2030,11,20,ES1 5 bat,0.0
mean,2030,11,21,ES1 5 bat,0.0
mean,2030,11,22,ES1 5 bat,0.0
mean,2030,11,23,ES1 5 bat,0.0
mean,2030,11,24,ES1 5 bat,0.0
mean,2030,11,25,ES1 5 bat,0.0
mean,2030,11,26,ES1 5 bat,0.0
mean,2030,11,27,ES1 5 bat,0.0
mean,2030,11,28,ES1 5 bat,0.0
mean,2030,11,29,ES1 5 bat,0.0
mean,2030,11,30,ES1 5 bat,0.0
mean,2030,11,31,ES1 5 bat,0.0
mean,2030,11,32,ES1 5 bat,0.0
mean,2030,11,33,ES1 5 bat,0.0
mean,2030,11,34,ES1 5 bat,0.0
mean,2030,11,35,ES1 5 bat,0.0
mean,2030,11,36,ES1 5 bat,0.0
mean,2030,11,37,ES1 5 bat,0.0
mean,2030,11,38,ES1 5 bat,0.0
mean,2030,11,39,ES1 5 bat,0.0
mean,2030,11,40,ES1 5 bat,0.0
mean,2030,11,41,ES1 5 bat,0.0
mean,2030,11,42,ES1 5 bat,0.0
mean,2030,11,43,ES1 5 bat,0.0
mean,2030,11,44,ES1 5 bat,0.0
mean,2030,11,45,ES1 5 bat,0.0
mean,2030,11,46,ES1 5 bat,0.0
mean,2030,11,47,ES1 5 bat,0.0
mean,2030,11,48,ES1 5 bat,0.0
mean,2030,11,49,ES1 5 bat,0.0
mean,2030,11,50,ES1 5 bat,0.0
mean,2030,11,51,ES1 5 bat,0.0
mean,2030,11,52,ES1 5 bat,0.0
mean,2030,11,53,ES1 5 bat,0.0
mean,2030,11,54,ES1 5 bat,0.0
mean,2030,11,55,ES1 5 bat,0.0
mean,2030,11,56,ES1 5 bat,0.0
mean,2030,11,57,ES1 5 bat,0.0
mean,2030,11,58,ES1 5 bat,0.0
mean,2030,11,59,ES1 5 bat,0.0
mean,2030,11,60,ES1 5 bat,0.0
mean,2030,11,61,ES1 5 bat,0.0
mean,2030,11,62,ES1 5 bat,0.0
mean,2030,11,63,ES1 5 bat,0.0
mean,2030,11,64,ES1 5 bat,0.0
mean,2030,11,65,ES1 5 bat,0.0
mean,2030,11,66,ES1 5 bat,0.0
mean,2030,11,67,ES1 5 bat,0.0
mean,2030,11,68,ES1 5 bat,0.0
mean,2030,11,69,ES1 5 bat,0.0
mean,2030,11,70,ES1 5 bat,0.0
mean,2030,11,71,ES1 5 bat,0.0
mean,2030,11,72,ES1 5 bat,0.0
mean,2030,11,73,ES1 5 bat,0.0
mean,2030,11,74,ES1 5 bat,0.0
mean,2030,11,75,ES1 5 bat,0.0
mean,2030,11,76,ES1 5 bat,0.0
mean,2030,11,77,ES1 5 bat,0.0
mean,2030,11,78,ES1 5 bat,0.0
mean,2030,11,79,ES1 5 bat,0.0
mean,2030,11,80,ES1 5 bat,0.0
mean,2030,11,81,ES1 5 bat,0.0
mean,2030,11,82,ES1 5 bat,0.0
mean,2030,11,83,ES1 5 bat,0.0
mean,2030,11,84,ES1 5 bat,0.0
mean,2030,11,85,ES1 5 bat,0.0
mean,2030,11,86,ES1 5 bat,0.0
mean,2030,11,87,ES1 5 bat,0.0
mean,2030,11,88,ES1 5 bat,0.0
mean,2030,11,89,ES1 5 bat,0.0
mean,2030,11,90,ES1 5 bat,0.0
mean,2030,11,91,ES1 5 bat,0.0
mean,2030,11,92,ES1 5 bat,0.0
mean,2030,11,93,ES1 5 bat,0.0
mean,2030,11,94,ES1 5 bat,0.0
mean,2030,11,95,ES1 5 bat,0.0
mean,2030,11,96,ES1 5 bat,0.0
mean,2030,11,97,ES1 5 bat,0.0
mean,2030,11,98,ES1 5 bat,0.0
mean,2030,11,99,ES1 5 bat,0.0
mean,2030,11,100,ES1 5 bat,0.0
mean,2030,11,101,ES1 5 bat,0.0
mean,2030,11,102,ES1 5 bat,0.0
mean,2030,11,103,ES1 5 bat,0.0
mean,2030,11,104,ES1 5 bat,0.0
mean,2030,11,105,ES1 5 bat,0.0
mean,2030,11,106,ES1 5 bat,0.0
mean,2030,11,107,ES1 5 bat,0.0
mean,2030,11,108,ES1 5 bat,0.0
mean,2030,11,109,ES1 5 bat,0.0
mean,2030,11,110,ES1 5 bat,0.0
mean,2030,11,111,ES1 5 bat,0.0
mean,2030,11,112,ES1 5 bat,0.0
mean,2030,11,113,ES1 5 bat,0.0
mean,2030,11,114,ES1 5 bat,0.0
mean,2030,11,115,ES1 5 bat,0.0
mean,2030,11,116,ES1 5 bat,0.0
mean,2030,11,117,ES1 5 bat,0.0
mean,2030,11,118,ES1 5 bat,0.0
mean,2030,11,119,ES1 5 bat,0.0
mean,2030,11,120,ES1 5 bat,0.0
mean,2030,11,121,ES1 5 bat,0.0
mean,2030,11,122,ES1 5 bat,0.0
mean,2030,11,123,ES1 5 bat,0.0
mean,2030,11,124,ES1 5 bat,0.0
mean,2030,11,125,ES1 5 bat,0.0
mean,2030,11,126,ES1 5 bat,0.0
mean,2030,11,127,ES1 5 bat,0.0
mean,2030,11,128,ES1 5 bat,0.0
mean,2030,11,129,ES1 5 bat,0.0
mean,2030,11,130,ES1 5 bat,0.0
mean,2030,11,131,ES1 5 bat,0.0
mean,2030,11,132,ES1 5 bat,0.0
mean,2030,11,133,ES1 5 bat,0.0
mean,2030,11,134,ES1 5 bat,0.0
mean,2030,11,135,ES1 5 bat,0.0
mean,2030,11,136,ES1 5 bat,0.0
mean,2030,11,137,ES1 5 bat,0.0
mean,2030,11,138,ES1 5 bat,0.0
mean,2030,11,139,ES1 5 bat,0.0
mean,2030,11,140,ES1 5 bat,0.0
mean,2030,11,141,ES1 5 bat,0.0
mean,2030,11,142,ES1 5 bat,0.0
mean,2030,11,143,ES1 5 bat,0.0
mean,2030,11,144,ES1 5 bat,0.0
mean,2030,11,145,ES1 5 bat,0.0
mean,2030,11,146,ES1 5 bat,0.0
mean,2030,11,147,ES1 5 bat,0.0
mean,2030,11,148,ES1 5 bat,0.0
mean,2030,11,149,ES1 5 bat,0.0
mean,2030,11,150,ES1 5 bat,0.0
mean,2030,11,151,ES1 5 bat,0.0
mean,2030,11,152,ES1 5 bat,0.0
mean,2030,11,153,ES1 5 bat,0.0
mean,2030,11,154,ES1 5 bat,0.0
mean,2030,11,155,ES1 5 bat,0.0
mean,2030,11,156,ES1 5 bat,0.0
mean,2030,11,157,ES1 5 bat,0.0
mean,2030,11,158,ES1 5 bat,0.0
mean,2030,11,159,ES1 5 bat,0.0
mean,2030,11,160,ES1 5 bat,0.0
mean,2030,11,161,ES1 5 bat,0.0
mean,2030,11,162,ES1 5 bat,0.0
mean,2030,11,163,ES1 5 bat,0.0
mean,2030,11,164,ES1 5 bat,0.0
mean,2030,11,165,ES1 5 bat,0.0
mean,2030,11,166,ES1 5 bat,0.0
mean,2030,11,167,ES1 5 bat,0.0
mean,2030,21,0,ES1 5 bat,0.0
mean,2030,21,1,ES1 5 bat,0.0
mean,2030,21,2,ES1 5 bat,0.0
mean,2030,21,3,ES1 5 bat,0.0
mean,2030,21,4,ES1 5 bat,0.0
mean,2030,21,5,ES1 5 bat,0.0
mean,2030,21,6,ES1 5 bat,0.0
mean,2030,21,7,ES1 5 bat,0.0
mean,2030,21,8,ES1 5 bat,0.0
mean,2030,21,9,ES1 5 bat,0.0
mean,2030,21,10,ES1 5 bat,0.0
mean,2030,21,11,ES1 5 bat,0.0
mean,2030,21,12,ES1 5 bat,0.0
mean,2030,21,13,ES1 5 bat,0.0
mean,2030,21,14,ES1 5 bat,0.0
mean,2030,21,15,ES1 5 bat,0.0
mean,2030,21,16,ES1 5 bat,0.0
mean,2030,21,17,ES1 5 bat,0.0
mean,2030,21,18,ES1 5 bat,0.0
mean,2030,21,19,ES1 5 bat,0.0
mean,2030,21,20,ES1 5 bat,0.0
mean,2030,21,21,ES1 5 bat,0.0
mean,2030,21,22,ES1 5 bat,0.0
mean,2030,21,23,ES1 5 bat,0.0
mean,2030,21,24,ES1 5 bat,0.0
mean,2030,21,25,ES1 5 bat,0.0
mean,2030,21,26,ES1 5 bat,0.0
mean,2030,21,27,ES1 5 bat,0.0
mean,2030,21,28,ES1 5 bat,0.0
mean,2030,21,29,ES1 5 bat,0.0
mean,2030,21,30,ES1 5 bat,0.0
mean,2030,21,31,ES1 5 bat,0.0
mean,2030,21,32,ES1 5 bat,0.0
mean,2030,21,33,ES1 5 bat,0.0
mean,2030,21,34,ES1 5 bat,0.0
mean,2030,21,35,ES1 5 bat,0.0
mean,2030,21,36,ES1 5 bat,0.0
mean,2030,21,37,ES1 5 bat,0.0
mean,2030,21,38,ES1 5 bat,0.0
mean,2030,21,39,ES1 5 bat,0.0
mean,2030,21,40,ES1 5 bat,0.0
mean,2030,21,41,ES1 5 bat,0.0
mean,2030,21,42,ES1 5 bat,0.0
mean,2030,21,43,ES1 5 bat,0.0
mean,2030,21,44,ES1 5 bat,0.0
mean,2030,21,45,ES1 5 bat,0.0
mean,2030,21,46,ES1 5 bat,0.0
mean,2030,21,47,ES1 5 bat,0.0
mean,2030,21,48,ES1 5 bat,0.0
mean,2030,21,49,ES1 5 bat,0.0
mean,2030,21,50,ES1 5 bat,0.0
mean,2030,21,51,ES1 5 bat,0.0
mean,2030,21,52,ES1 5 bat,0.0
mean,2030,21,53,ES1 5 bat,0.0
mean,2030,21,54,ES1 5 bat,0.0
mean,2030,21,55,ES1 5 bat,0.0
mean,2030,21,56,ES1 5 bat,0.0
mean,2030,21,57,ES1 5 bat,0.0
mean,2030,21,58,ES1 5 bat,0.0
mean,2030,21,59,ES1 5 bat,0.0
mean,2030,21,60,ES1 5 bat,0.0
mean,2030,21,61,ES1 5 bat,0.0
mean,2030,21,62,ES1 5 bat,0.0
mean,2030,21,63,ES1 5 bat,0.0
mean,2030,21,64,ES1 5 bat,0.0
mean,2030,21,65,ES1 5 bat,0.0
mean,2030,21,66,ES1 5 bat,0.0
mean,2030,21,67,ES1 5 bat,0.0
mean,2030,21,68,ES1 5 bat,0.0
mean,2030,21,69,ES1 5 bat,0.0
mean,2030,21,70,ES1 5 bat,0.0
mean,2030,21,71,ES1 5 bat,0.0
mean,2030,21,72,ES1 5 bat,0.0
mean,2030,21,73,ES1 5 bat,0.0
mean,2030,21,74,ES1 5 bat,0.0
mean,2030,21,75,ES1 5 bat,0.0
mean,2030,21,76,ES1 5 bat,0.0
mean,2030,21,77,ES1 5 bat,0.0
mean,2030,21,78,ES1 5 bat,0.0
mean,2030,21,79,ES1 5 bat,0.0
mean,2030,21,80,ES1 5 bat,0.0
mean,2030,21,81,ES1 5 bat,0.0
mean,2030,21,82,ES1 5 bat,0.0
mean,2030,21,83,ES1 5 bat,0.0
mean,2030,21,84,ES1 5 bat,0.0
mean,2030,21,85,ES1 5 bat,0.0
mean,2030,21,86,ES1 5 bat,0.0
mean,2030,21,87,ES1 5 bat,0.0
mean,2030,21,88,ES1 5 bat,0.0
mean,2030,21,89,ES1 5 bat,0.0
mean,2030,21,90,ES1 5 bat,0.0
mean,2030,21,91,ES1 5 bat,0.0
mean,2030,21,92,ES1 5 bat,0.0
mean,2030,21,93,ES1 5 bat,0.0
mean,2030,21,94,ES1 5 bat,0.0
mean,2030,21,95,ES1 5 bat,0.0
mean,2030,21,96,ES1 5 bat,0.0
mean,2030,21,97,ES1 5 bat,0.0
mean,2030,21,98,ES1 5 bat,0.0
mean,2030,21,99,ES1 5 bat,0.0
mean,2030,21,100,ES1 5 bat,0.0
mean,2030,21,101,ES1 5 bat,0.0
mean,2030,21,102,ES1 5 bat,0.0
mean,2030,21,103,ES1 5 bat,0.0
mean,2030,21,104,ES1 5 bat,0.0
mean,2030,21,105,ES1 5 bat,0.0
mean,2030,21,106,ES1 5 bat,0.0
mean,2030,21,107,ES1 5 bat,0.0
mean,2030,21,108,ES1 5 bat,0.0
mean,2030,21,109,ES1 5 bat,0.0
mean,2030,21,110,ES1 5 bat,0.0
mean,2030,21,111,ES1 5 bat,0.0
mean,2030,21,112,ES1 5 bat,0.0
mean,2030,21,113,ES1 5 bat,0.0
mean,2030,21,114,ES1 5 bat,0.0
mean,2030,21,115,ES1 5 bat,0.0
mean,2030,21,116,ES1 5 bat,0.0
mean,2030,21,117,ES1 5 bat,0.0
mean,2030,21,118,ES1 5 bat,0.0
mean,2030,21,119,ES1 5 bat,0.0
mean,2030,21,120,ES1 5 bat,0.0
mean,2030,21,121,ES1 5 bat,0.0
mean,2030,21,122,ES1 5 bat,0.0
mean,2030,21,123,ES1 5 bat,0.0
mean,2030,21,124,ES1 5 bat,0.0
mean,2030,21,125,ES1 5 bat,0.0
mean,2030,21,126,ES1 5 bat,0.0
mean,2030,21,127,ES1 5 bat,0.0
mean,2030,21,128,ES1 5 bat,0.0
mean,2030,21,129,ES1 5 bat,0.0
mean,2030,21,130,ES1 5 bat,0.0
mean,2030,21,131,ES1 5 bat,0.0
mean,2030,21,132,ES1 5 bat,0.0
mean,2030,21,133,ES1 5 bat,0.0
mean,2030,21,134,ES1 5 bat,0.0
mean,2030,21,135,ES1 5 bat,0.0
mean,2030,21,136,ES1 5 bat,0.0
mean,2030,21,137,ES1 5 bat,0.0
mean,2030,21,138,ES1 5 bat,0.0
mean,2030,21,139,ES1 5 bat,0.0
mean,2030,21,140,ES1 5 bat,0.0
mean,2030,21,141,ES1 5 bat,0.0
mean,2030,21,142,ES1 5 bat,0.0
mean,2030,21,143,ES1 5 bat,0.0
mean,2030,21,144,ES1 5 bat,0.0
mean,2030,21,145,ES1 5 bat,0.0
mean,2030,21,146,ES1 5 bat,0.0
mean,2030,21,147,ES1 5 bat,0.0
mean,2030,21,148,ES1 5 bat,0.0
mean,2030,21,149,ES1 5 bat,0.0
mean,2030,21,150,ES1 5 bat,0.0
mean,2030,21,151,ES1 5 bat,0.0
mean,2030,21,152,ES1 5 bat,0.0
mean,2030,21,153,ES1 5 bat,0.0
mean,2030,21,154,ES1 5 bat,0.0
mean,2030,21,155,ES1 5 bat,0.0
mean,2030,21,156,ES1 5 bat,0.0
mean,2030,21,157,ES1 5 bat,0.0
mean,2030,21,158,ES1 5 bat,0.0
mean,2030,21,159,ES1 5 bat,0.0
mean,2030,21,160,ES1 5 bat,0.0
mean,2030,21,161,ES1 5 bat,0.0
mean,2030,21,162,ES1 5 bat,0.0
mean,2030,21,163,ES1 5 bat,0.0
mean,2030,21,164,ES1 5 bat,0.0
mean,2030,21,165,ES1 5 bat,0.0
mean,2030,21,166,ES1 5 bat,0.0
mean,2030,21,167,ES1 5 bat,0.0
mean,2030,42,0,ES1 5 bat,0.0
mean,2030,42,1,ES1 5 bat,3.637978807091713e-12
mean,2030,42,2,ES1 5 bat,0.0
mean,2030,42,3,ES1 5 bat,0.0
mean,2030,42,4,ES1 5 bat,0.0
mean,2030,42,5,ES1 5 bat,0.0
mean,2030,42,6,ES1 5 bat,0.0
mean,2030,42,7,ES1 5 bat,0.0
mean,2030,42,8,ES1 5 bat,0.0
mean,2030,42,9,ES1 5 bat,0.0
mean,2030,42,10,ES1 5 bat,-9.094947017729282e-13
mean,2030,42,11,ES1 5 bat,0.0
mean,2030,42,12,ES1 5 bat,0.0
mean,2030,42,13,ES1 5 bat,0.0
mean,2030,42,14,ES1 5 bat,0.0
mean,2030,42,15,ES1 5 bat,0.0
mean,2030,42,16,ES1 5 bat,0.0
mean,2030,42,17,ES1 5 bat,0.0
mean,2030,42,18,ES1 5 bat,0.0
mean,2030,42,19,ES1 5 bat,0.0
mean,2030,42,20,ES1 5 bat,0.0
mean,2030,42,21,ES1 5 bat,0.0
mean,2030,42,22,ES1 5 bat,0.0
mean,2030,42,23,ES1 5 bat,0.0
mean,2030,42,24,ES1 5 bat,0.0
mean,2030,42,25,ES1 5 bat,0.0
mean,2030,42,26,ES1 5 bat,0.0
mean,2030,42,27,ES1 5 bat,0.0
mean,2030,42,28,ES1 5 bat,0.0
mean,2030,42,29,ES1 5 bat,0.0
mean,2030,42,30,ES1 5 bat,0.0
mean,2030,42,31,ES1 5 bat,0.0
mean,2030,42,32,ES1 5 bat,0.0
mean,2030,42,33,ES1 5 bat,0.0
mean,2030,42,34,ES1 5 bat,0.0
mean,2030,42,35,ES1 5 bat,0.0
mean,2030,42,36,ES1 5 bat,0.0
mean,2030,42,37,ES1 5 bat,0.0
mean,2030,42,38,ES1 5 bat,0.0
mean,2030,42,39,ES1 5 bat,0.0
mean,2030,42,40,ES1 5 bat,0.0
mean,2030,42,41,ES1 5 bat,0.0
mean,2030,42,42,ES1 5 bat,0.0
mean,2030,42,43,ES1 5 bat,0.0
mean,2030,42,44,ES1 5 bat,0.0
mean,2030,42,45,ES1 5 bat,0.0
mean,2030,42,46,ES1 5 bat,0.0
mean,2030,42,47,ES1 5 bat,0.0
mean,2030,42,48,ES1 5 bat,0.0
mean,2030,42,49,ES1 5 bat,0.0
mean,2030,42,50,ES1 5 bat,0.0
mean,2030,42,51,ES1 5 bat,0.0
mean,2030,42,52,ES1 5 bat,0.0
mean,2030,42,53,ES1 5 bat,0.0
mean,2030,42,54,ES1 5 bat,0.0
mean,2030,42,55,ES1 5 bat,0.0
mean,2030,42,56,ES1 5 bat,0.0
mean,2030,42,57,ES1 5 bat,0.0
mean,2030,42,58,ES1 5 bat,0.0
mean,2030,42,59,ES1 5 bat,0.0
mean,2030,42,60,ES1 5 bat,0.0
mean,2030,42,61,ES1 5 bat,0.0
mean,2030,42,62,ES1 5 bat,0.0
mean,2030,42,63,ES1 5 bat,0.0
mean,2030,42,64,ES1 5 bat,0.0
mean,2030,42,65,ES1 5 bat,0.0
mean,2030,42,66,ES1 5 bat,0.0
mean,2030,42,67,ES1 5 bat,0.0
mean,2030,42,68,ES1 5 bat,0.0
mean,2030,42,69,ES1 5 bat,0.0
mean,2030,42,70,ES1 5 bat,0.0
mean,2030,42,71,ES1 5 bat,0.0
mean,2030,42,72,ES1 5 bat,0.0
mean,2030,42,73,ES1 5 bat,0.0
mean,2030,42,74,ES1 5 bat,0.0
mean,2030,42,75,ES1 5 bat,0.0
mean,2030,42,76,ES1 5 bat,0.0
mean,2030,42,77,ES1 5 bat,0.0
mean,2030,42,78,ES1 5 bat,0.0
mean,2030,42,79,ES1 5 bat,0.0
mean,2030,42,80,ES1 5 bat,0.0
mean,2030,42,81,ES1 5 bat,0.0
mean,2030,42,82,ES1 5 bat,0.0
mean,2030,42,83,ES1 5 bat,0.0
mean,2030,42,84,ES1 5 bat,0.0
mean,2030,42,85,ES1 5 bat,0.0
mean,2030,42,86,ES1 5 bat,0.0
mean,2030,42,87,ES1 5 bat,0.0
mean,2030,42,88,ES1 5 bat,0.0
mean,2030,42,89,ES1 5 bat,0.0
mean,2030,42,90,ES1 5 bat,0.0
mean,2030,42,91,ES1 5 bat,0.0
mean,2030,42,92,ES1 5 bat,0.0
mean,2030,42,93,ES1 5 bat,0.0
mean,2030,42,94,ES1 5 bat,0.0
mean,2030,42,95,ES1 5 bat,0.0
mean,2030,42,96,ES1 5 bat,0.0
mean,2030,42,97,ES1 5 bat,0.0
mean,2030,42,98,ES1 5 bat,0.0
mean,2030,42,99,ES1 5 bat,0.0
mean,2030,42,100,ES1 5 bat,0.0
mean,2030,42,101,ES1 5 bat,0.0
mean,2030,42,102,ES1 5 bat,0.0
mean,2030,42,103,ES1 5 bat,0.0
mean,2030,42,104,ES1 5 bat,0.0
mean,2030,42,105,ES1 5 bat,0.0
mean,2030,42,106,ES1 5 bat,0.0
mean,2030,42,107,ES1 5 bat,0.0
mean,2030,42,108,ES1 5 bat,0.0
mean,2030,42,109,ES1 5 bat,0.0
mean,2030,42,110,ES1 5 bat,0.0
mean,2030,42,111,ES1 5 bat,0.0
mean,2030,42,112,ES1 5 bat,0.0
mean,2030,42,113,ES1 5 bat,0.0
mean,2030,42,114,ES1 5 bat,0.0
mean,2030,42,115,ES1 5 bat,0.0
mean,2030,42,116,ES1 5 bat,0.0
mean,2030,42,117,ES1 5 bat,0.0
mean,2030,42,118,ES1 5 bat,0.0
mean,2030,42,119,ES1 5 bat,0.0
mean,2030,42,120,ES1 5 bat,0.0
mean,2030,42,121,ES1 5 bat,0.0
mean,2030,42,122,ES1 5 bat,0.0
mean,2030,42,123,ES1 5 bat,0.0
mean,2030,42,124,ES1 5 bat,0.0
mean,2030,42,125,ES1 5 bat,0.0
mean,2030,42,126,ES1 5 bat,0.0
mean,2030,42,127,ES1 5 bat,0.0
mean,2030,42,128,ES1 5 bat,0.0
mean,2030,42,129,ES1 5 bat,0.0
mean,2030,42,130,ES1 5 bat,0.0
mean,2030,42,131,ES1 5 bat,0.0
mean,2030,42,132,ES1 5 bat,0.0
mean,2030,42,133,ES1 5 bat,0.0
mean,2030,42,134,ES1 5 bat,0.0
mean,2030,42,135,ES1 5 bat,0.0
mean,2030,42,136,ES1 5 bat,0.0
mean,2030,42,137,ES1 5 bat,0.0
mean,2030,42,138,ES1 5 bat,0.0
mean,2030,42,139,ES1 5 bat,0.0
mean,2030,42,140,ES1 5 bat,0.0
mean,2030,42,141,ES1 5 bat,0.0
mean,2030,42,142,ES1 5 bat,0.0
mean,2030,42,143,ES1 5 bat,0.0
mean,2030,42,144,ES1 5 bat,0.0
mean,2030,42,145,ES1 5 bat,0.0
mean,2030,42,146,ES1 5 bat,0.0
mean,2030,42,147,ES1 5 bat,0.0
mean,2030,42,148,ES1 5 bat,0.0
mean,2030,42,149,ES1 5 bat,0.0
mean,2030,42,150,ES1 5 bat,0.0
mean,2030,42,151,ES1 5 bat,0.0
mean,2030,42,152,ES1 5 bat,0.0
mean,2030,42,153,ES1 5 bat,0.0
mean,2030,42,154,ES1 5 bat,0.0
mean,2030,42,155,ES1 5 bat,0.0
mean,2030,42,156,ES1 5 bat,0.0
mean,2030,42,157,ES1 5 bat,0.0
mean,2030,42,158,ES1 5 bat,0.0
mean,2030,42,159,ES1 5 bat,0.0
mean,2030,42,160,ES1 5 bat,0.0
mean,2030,42,161,ES1 5 bat,0.0
mean,2030,42,162,ES1 5 bat,0.0
mean,2030,42,163,ES1 5 bat,0.0
mean,2030,42,164,ES1 5 bat,0.0
mean,2030,42,165,ES1 5 bat,0.0
mean,2030,42,166,ES1 5 bat,0.0
mean,2030,42,167,ES1 5 bat,0.0
mean,2030,52,0,ES1 5 bat,0.0
mean,2030,52,1,ES1 5 bat,0.0
mean,2030,52,2,ES1 5 bat,0.0
mean,2030,52,3,ES1 5 bat,0.0
mean,2030,52,4,ES1 5 bat,0.0
mean,2030,52,5,ES1 5 bat,0.0
mean,2030,52,6,ES1 5 bat,0.0
mean,2030,52,7,ES1 5 bat,0.0
mean,2030,52,8,ES1 5 bat,0.0
mean,2030,52,9,ES1 5 bat,0.0
mean,2030,52,10,ES1 5 bat,0.0
mean,2030,52,11,ES1 5 bat,0.0
mean,2030,52,12,ES1 5 bat,0.0
mean,2030,52,13,ES1 5 bat,0.0
mean,2030,52,14,ES1 5 bat,0.0
mean,2030,52,15,ES1 5 bat,0.0
mean,2030,52,16,ES1 5 bat,0.0
mean,2030,52,17,ES1 5 bat,0.0
mean,2030,52,18,ES1 5 bat,0.0
mean,2030,52,19,ES1 5 bat,0.0
mean,2030,52,20,ES1 5 bat,0.0
mean,2030,52,21,ES1 5 bat,0.0
mean,2030,52,22,ES1 5 bat,0.0
mean,2030,52,23,ES1 5 bat,0.0
mean,2030,52,24,ES1 5 bat,0.0
mean,2030,52,25,ES1 5 bat,0.0
mean,2030,52,26,ES1 5 bat,0.0
mean,2030,52,27,ES1 5 bat,0.0
mean,2030,52,28,ES1 5 bat,0.0
mean,2030,52,29,ES1 5 bat,0.0
mean,2030,52,30,ES1 5 bat,0.0
mean,2030,52,31,ES1 5 bat,0.0
mean,2030,52,32,ES1 5 bat,0.0
mean,2030,52,33,ES1 5 bat,0.0
mean,2030,52,34,ES1 5 bat,0.0
mean,2030,52,35,ES1 5 bat,0.0
mean,2030,52,36,ES1 5 bat,0.0
mean,2030,52,37,ES1 5 bat,0.0
mean,2030,52,38,ES1 5 bat,0.0
mean,2030,52,39,ES1 5 bat,0.0
mean,2030,52,40,ES1 5 bat,0.0
mean,2030,52,41,ES1 5 bat,0.0
mean,2030,52,42,ES1 5 bat,0.0
mean,2030,52,43,ES1 5 bat,0.0
mean,2030,52,44,ES1 5 bat,0.0
mean,2030,52,45,ES1 5 bat,0.0
mean,2030,52,46,ES1 5 bat,0.0
mean,2030,52,47,ES1 5 bat,0.0
mean,2030,52,48,ES1 5 bat,0.0
mean,2030,52,49,ES1 5 bat,0.0
mean,2030,52,50,ES1 5 bat,0.0
mean,2030,52,51,ES1 5 bat,0.0
mean,2030,52,52,ES1 5 bat,0.0
mean,2030,52,53,ES1 5 bat,0.0
mean,2030,52,54,ES1 5 bat,0.0
mean,2030,52,55,ES1 5 bat,0.0
mean,2030,52,56,ES1 5 bat,0.0
mean,2030,52,57,ES1 5 bat,0.0
mean,2030,52,58,ES1 5 bat,0.0
mean,2030,52,59,ES1 5 bat,0.0
mean,2030,52,60,ES1 5 bat,0.0
mean,2030,52,61,ES1 5 bat,0.0
mean,2030,52,62,ES1 5 bat,0.0
mean,2030,52,63,ES1 5 bat,0.0
mean,2030,52,64,ES1 5 bat,0.0
mean,2030,52,65,ES1 5 bat,0.0
mean,2030,52,66,ES1 5 bat,0.0
mean,2030,52,67,ES1 5 bat,0.0
mean,2030,52,68,ES1 5 bat,0.0
mean,2030,52,69,ES1 5 bat,0.0
mean,2030,52,70,ES1 5 bat,0.0
mean,2030,52,71,ES1 5 bat,0.0
mean,2030,52,72,ES1 5 bat,0.0
mean,2030,52,73,ES1 5 bat,0.0
mean,2030,52,74,ES1 5 bat,0.0
mean,2030,52,75,ES1 5 bat,0.0
mean,2030,52,76,ES1 5 bat,0.0
mean,2030,52,77,ES1 5 bat,0.0
mean,2030,52,78,ES1 5 bat,0.0
mean,2030,52,79,ES1 5 bat,0.0
mean,2030,52,80,ES1 5 bat,0.0
mean,2030,52,81,ES1 5 bat,0.0
mean,2030,52,82,ES1 5 bat,0.0
mean,2030,52,83,ES1 5 bat,0.0
mean,2030,52,84,ES1 5 bat,0.0
mean,2030,52,85,ES1 5 bat,0.0
mean,2030,52,86,ES1 5 bat,0.0
mean,2030,52,87,ES1 5 bat,0.0
mean,2030,52,88,ES1 5 bat,0.0
mean,2030,52,89,ES1 5 bat,0.0
mean,2030,52,90,ES1 5 bat,0.0
mean,2030,52,91,ES1 5 bat,0.0
mean,2030,52,92,ES1 5 bat,0.0
mean,2030,52,93,ES1 5 bat,0.0
mean,2030,52,94,ES1 5 bat,0.0
mean,2030,52,95,ES1 5 bat,0.0
mean,2030,52,96,ES1 5 bat,0.0
mean,2030,52,97,ES1 5 bat,0.0
mean,2030,52,98,ES1 5 bat,0.0
mean,2030,52,99,ES1 5 bat,0.0
mean,2030,52,100,ES1 5 bat,0.0
mean,2030,52,101,ES1 5 bat,0.0
mean,2030,52,102,ES1 5 bat,0.0
mean,2030,52,103,ES1 5 bat,0.0
mean,2030,52,104,ES1 5 bat,0.0
mean,2030,52,105,ES1 5 bat,0.0
mean,2030,52,106,ES1 5 bat,0.0
mean,2030,52,107,ES1 5 bat,0.0
mean,2030,52,108,ES1 5 bat,0.0
mean,2030,52,109,ES1 5 bat,0.0
mean,2030,52,110,ES1 5 bat,0.0
mean,2030,52,111,ES1 5 bat,0.0
mean,2030,52,112,ES1 5 bat,0.0
mean,2030,52,113,ES1 5 bat,0.0
mean,2030,52,114,ES1 5 bat,0.0
mean,2030,52,115,ES1 5 bat,0.0
mean,2030,52,116,ES1 5 bat,0.0
mean,2030,52,117,ES1 5 bat,0.0
mean,2030,52,118,ES1 5 bat,0.0
mean,2030,52,119,ES1 5 bat,0.0
mean,2030,52,120,ES1 5 bat,0.0
mean,2030,52,121,ES1 5 bat,0.0
mean,2030,52,122,ES1 5 bat,0.0
mean,2030,52,123,ES1 5 bat,0.0
mean,2030,52,124,ES1 5 bat,0.0
mean,2030,52,125,ES1 5 bat,0.0
mean,2030,52,126,ES1 5 bat,0.0
mean,2030,52,127,ES1 5 bat,0.0
mean,2030,52,128,ES1 5 bat,0.0
mean,2030,52,129,ES1 5 bat,0.0
mean,2030,52,130,ES1 5 bat,0.0
mean,2030,52,131,ES1 5 bat,0.0
mean,2030,52,132,ES1 5 bat,0.0
mean,2030,52,133,ES1 5 bat,0.0
mean,2030,52,134,ES1 5 bat,0.0
mean,2030,52,135,ES1 5 bat,0.0
mean,2030,52,136,ES1 5 bat,0.0
mean,2030,52,137,ES1 5 bat,0.0
mean,2030,52,138,ES1 5 bat,0.0
mean,2030,52,139,ES1 5 bat,0.0
mean,2030,52,140,ES1 5 bat,0.0
mean,2030,52,141,ES1 5 bat,0.0
mean,2030,52,142,ES1 5 bat,0.0
mean,2030,52,143,ES1 5 bat,0.0
mean,2030,52,144,ES1 5 bat,0.0
mean,2030,52,145,ES1 5 bat,0.0
mean,2030,52,146,ES1 5 bat,0.0
mean,2030,52,147,ES1 5 bat,0.0
mean,2030,52,148,ES1 5 bat,0.0
mean,2030,52,149,ES1 5 bat,0.0
mean,2030,52,150,ES1 5 bat,0.0
mean,2030,52,151,ES1 5 bat,0.0
mean,2030,52,152,ES1 5 bat,0.0
mean,2030,52,153,ES1 5 bat,0.0
mean,2030,52,154,ES1 5 bat,0.0
mean,2030,52,155,ES1 5 bat,0.0
mean,2030,52,156,ES1 5 bat,0.0
mean,2030,52,157,ES1 5 bat,0.0
mean,2030,52,158,ES1 5 bat,0.0
mean,2030,52,159,ES1 5 bat,0.0
mean,2030,52,160,ES1 5 bat,0.0
mean,2030,52,161,ES1 5 bat,0.0
mean,2030,52,162,ES1 5 bat,0.0
mean,2030,52,163,ES1 5 bat,0.0
mean,2030,52,164,ES1 5 bat,0.0
mean,2030,52,165,ES1 5 bat,0.0
mean,2030,52,166,ES1 5 bat,0.0
mean,2030,52,167,ES1 5 bat,0.0
mean,2040,11,0,ES1 5 bat,0.0
mean,2040,11,1,ES1 5 bat,0.0
mean,2040,11,2,ES1 5 bat,0.0
mean,2040,11,3,ES1 5 bat,0.0
mean,2040,11,4,ES1 5 bat,0.0
mean,2040,11,5,ES1 5 bat,0.0
mean,2040,11,6,ES1 5 bat,0.0
mean,2040,11,7,ES1 5 bat,0.0
mean,2040,11,8,ES1 5 bat,0.0
mean,2040,11,9,ES1 5 bat,0.0
mean,2040,11,10,ES1 5 bat,0.0
mean,2040,11,11,ES1 5 bat,0.0
mean,2040,11,12,ES1 5 bat,0.0
mean,2040,11,13,ES1 5 bat,0.0
mean,2040,11,14,ES1 5 bat,0.0
mean,2040,11,15,ES1 5 bat,0.0
mean,2040,11,16,ES1 5 bat,0.0
mean,2040,11,17,ES1 5 bat,0.0
mean,2040,11,18,ES1 5 bat,0.0
mean,2040,11,19,ES1 5 bat,0.0
mean,2040,11,20,ES1 5 bat,0.0
mean,2040,11,21,ES1 5 bat,0.0
mean,2040,11,22,ES1 5 bat,0.0
mean,2040,11,23,ES1 5 bat,0.0
mean,2040,11,24,ES1 5 bat,0.0
mean,2040,11,25,ES1 5 bat,0.0
mean,2040,11,26,ES1 5 bat,0.0
mean,2040,11,27,ES1 5 bat,0.0
mean,2040,11,28,ES1 5 bat,0.0
mean,2040,11,29,ES1 5 bat,0.0
mean,2040,11,30,ES1 5 bat,0.0
mean,2040,11,31,ES1 5 bat,0.0
mean,2040,11,32,ES1 5 bat,0.0
mean,2040,11,33,ES1 5 bat,0.0
mean,2040,11,34,ES1 5 bat,0.0
mean,2040,11,35,ES1 5 bat,0.0
mean,2040,11,36,ES1 5 bat,0.0
mean,2040,11,37,ES1 5 bat,0.0
mean,2040,11,38,ES1 5 bat,0.0
mean,2040,11,39,ES1 5 bat,0.0
mean,2040,11,40,ES1 5 bat,0.0
mean,2040,11,41,ES1 5 bat,0.0
mean,2040,11,42,ES1 5 bat,0.0
mean,2040,11,43,ES1 5 bat,0.0
mean,2040,11,44,ES1 5 bat,0.0
mean,2040,11,45,ES1 5 bat,0.0
mean,2040,11,46,ES1 5 bat,0.0
mean,2040,11,47,ES1 5 bat,0.0
mean,2040,11,48,ES1 5 bat,0.0
mean,2040,11,49,ES1 5 bat,0.0
mean,2040,11,50,ES1 5 bat,0.0
mean,2040,11,51,ES1 5 bat,0.0
mean,2040,11,52,ES1 5 bat,0.0
mean,2040,11,53,ES1 5 bat,0.0
mean,2040,11,54,ES1 5 bat,0.0
mean,2040,11,55,ES1 5 bat,0.0
mean,2040,11,56,ES1 5 bat,0.0
mean,2040,11,57,ES1 5 bat,0.0
mean,2040,11,58,ES1 5 bat,0.0
mean,2040,11,59,ES1 5 bat,0.0
mean,2040,11,60,ES1 5 bat,0.0
mean,2040,11,61,ES1 5 bat,0.0
mean,2040,11,62,ES1 5 bat,0.0
mean,2040,11,63,ES1 5 bat,0.0
mean,2040,11,64,ES1 5 bat,0.0
mean,2040,11,65,ES1 5 bat,0.0
mean,2040,11,66,ES1 5 bat,0.0
mean,2040,11,67,ES1 5 bat,0.0
mean,2040,11,68,ES1 5 bat,0.0
mean,2040,11,69,ES1 5 bat,0.0
mean,2040,11,70,ES1 5 bat,0.0
mean,2040,11,71,ES1 5 bat,0.0
mean,2040,11,72,ES1 5 bat,0.0
mean,2040,11,73,ES1 5 bat,0.0
mean,2040,11,74,ES1 5 bat,0.0
mean,2040,11,75,ES1 5 bat,0.0
mean,2040,11,76,ES1 5 bat,0.0
mean,2040,11,77,ES1 5 bat,0.0
mean,2040,11,78,ES1 5 bat,0.0
mean,2040,11,79,ES1 5 bat,0.0
mean,2040,11,80,ES1 5 bat,0.0
mean,2040,11,81,ES1 5 bat,0.0
mean,2040,11,82,ES1 5 bat,0.0
mean,2040,11,83,ES1 5 bat,0.0
mean,2040,11,84,ES1 5 bat,0.0
mean,2040,11,85,ES1 5 bat,0.0
mean,2040,11,86,ES1 5 bat,0.0
mean,2040,11,87,ES1 5 bat,0.0
mean,2040,11,88,ES1 5 bat,0.0
mean,2040,11,89,ES1 5 bat,0.0
mean,2040,11,90,ES1 5 bat,0.0
mean,2040,11,91,ES1 5 bat,0.0
mean,2040,11,92,ES1 5 bat,0.0
mean,2040,11,93,ES1 5 bat,0.0
mean,2040,11,94,ES1 5 bat,0.0
mean,2040,11,95,ES1 5 bat,0.0
mean,2040,11,96,ES1 5 bat,0.0
mean,2040,11,97,ES1 5 bat,0.0
mean,2040,11,98,ES1 5 bat,0.0
mean,2040,11,99,ES1 5 bat,0.0
mean,2040,11,100,ES1 5 bat,0.0
mean,2040,11,101,ES1 5 bat,0.0
mean,2040,11,102,ES1 5 bat,0.0
mean,2040,11,103,ES1 5 bat,0.0
mean,2040,11,104,ES1 5 bat,0.0
mean,2040,11,105,ES1 5 bat,0.0
mean,2040,11,106,ES1 5 bat,0.0
mean,2040,11,107,ES1 5 bat,0.0
mean,2040,11,108,ES1 5 bat,0.0
mean,2040,11,109,ES1 5 bat,0.0
mean,2040,11,110,ES1 5 bat,0.0
mean,2040,11,111,ES1 5 bat,0.0
mean,2040,11,112,ES1 5 bat,0.0
mean,2040,11,113,ES1 5 bat,0.0
mean,2040,11,114,ES1 5 bat,0.0
mean,2040,11,115,ES1 5 bat,0.0
mean,2040,11,116,ES1 5 bat,0.0
mean,2040,11,117,ES1 5 bat,0.0
mean,2040,11,118,ES1 5 bat,0.0
mean,2040,11,119,ES1 5 bat,0.0
mean,2040,11,120,ES1 5 bat,0.0
mean,2040,11,121,ES1 5 bat,0.0
mean,2040,11,122,ES1 5 bat,0.0
mean,2040,11,123,ES1 5 bat,0.0
mean,2040,11,124,ES1 5 bat,0.0
mean,2040,11,125,ES1 5 bat,0.0
mean,2040,11,126,ES1 5 bat,0.0
mean,2040,11,127,ES1 5 bat,0.0
mean,2040,11,128,ES1 5 bat,0.0
mean,2040,11,129,ES1 5 bat,0.0
mean,2040,11,130,ES1 5 bat,0.0
mean,2040,11,131,ES1 5 bat,0.0
mean,2040,11,132,ES1 5 bat,0.0
mean,2040,11,133,ES1 5 bat,0.0
mean,2040,11,134,ES1 5 bat,0.0
mean,2040,11,135,ES1 5 bat,0.0
mean,2040,11,136,ES1 5 bat,0.0
mean,2040,11,137,ES1 5 bat,0.0
mean,2040,11,138,ES1 5 bat,0.0
mean,2040,11,139,ES1 5 bat,0.0
mean,2040,11,140,ES1 5 bat,0.0
mean,2040,11,141,ES1 5 bat,0.0
mean,2040,11,142,ES1 5 bat,0.0
mean,2040,11,143,ES1 5 bat,0.0
mean,2040,11,144,ES1 5 bat,0.0
mean,2040,11,145,ES1 5 bat,0.0
mean,2040,11,146,ES1 5 bat,0.0
mean,2040,11,147,ES1 5 bat,0.0
mean,2040,11,148,ES1 5 bat,0.0
mean,2040,11,149,ES1 5 bat,0.0
mean,2040,11,150,ES1 5 bat,0.0
mean,2040,11,151,ES1 5 bat,0.0
mean,2040,11,152,ES1 5 bat,0.0
mean,2040,11,153,ES1 5 bat,0.0
mean,2040,11,154,ES1 5 bat,0.0
mean,2040,11,155,ES1 5 bat,0.0
mean,2040,11,156,ES1 5 bat,0.0
mean,2040,11,157,ES1 5 bat,0.0
mean,2040,11,158,ES1 5 bat,0.0
mean,2040,11,159,ES1 5 bat,0.0
mean,2040,11,160,ES1 5 bat,0.0
mean,2040,11,161,ES1 5 bat,0.0
mean,2040,11,162,ES1 5 bat,0.0
mean,2040,11,163,ES1 5 bat,0.0
mean,2040,11,164,ES1 5 bat,0.0
mean,2040,11,165,ES1 5 bat,0.0
mean,2040,11,166,ES1 5 bat,0.0
mean,2040,11,167,ES1 5 bat,0.0
mean,2040,21,0,ES1 5 bat,0.0
mean,2040,21,1,ES1 5 bat,0.0
mean,2040,21,2,ES1 5 bat,0.0
mean,2040,21,3,ES1 5 bat,0.0
mean,2040,21,4,ES1 5 bat,0.0
mean,2040,21,5,ES1 5 bat,0.0
mean,2040,21,6,ES1 5 bat,0.0
mean,2040,21,7,ES1 5 bat,0.0
mean,2040,21,8,ES1 5 bat,0.0
mean,2040,21,9,ES1 5 bat,0.0
mean,2040,21,10,ES1 5 bat,0.0
mean,2040,21,11,ES1 5 bat,0.0
mean,2040,21,12,ES1 5 bat,0.0
mean,2040,21,13,ES1 5 bat,0.0
mean,2040,21,14,ES1 5 bat,0.0
mean,2040,21,15,ES1 5 bat,0.0
mean,2040,21,16,ES1 5 bat,0.0
mean,2040,21,17,ES1 5 bat,0.0
mean,2040,21,18,ES1 5 bat,0.0
mean,2040,21,19,ES1 5 bat,0.0
mean,2040,21,20,ES1 5 bat,0.0
mean,2040,21,21,ES1 5 bat,0.0
mean,2040,21,22,ES1 5 bat,0.0
mean,2040,21,23,ES1 5 bat,0.0
mean,2040,21,24,ES1 5 bat,0.0
mean,2040,21,25,ES1 5 bat,0.0
mean,2040,21,26,ES1 5 bat,0.0
mean,2040,21,27,ES1 5 bat,0.0
mean,2040,21,28,ES1 5 bat,0.0
mean,2040,21,29,ES1 5 bat,0.0
mean,2040,21,30,ES1 5 bat,0.0
mean,2040,21,31,ES1 5 bat,0.0
mean,2040,21,32,ES1 5 bat,0.0
mean,2040,21,33,ES1 5 bat,0.0
mean,2040,21,34,ES1 5 bat,0.0
mean,2040,21,35,ES1 5 bat,0.0
mean,2040,21,36,ES1 5 bat,0.0
mean,2040,21,37,ES1 5 bat,0.0
mean,2040,21,38,ES1 5 bat,0.0
mean,2040,21,39,ES1 5 bat,0.0
mean,2040,21,40,ES1 5 bat,0.0
mean,2040,21,41,ES1 5 bat,0.0
mean,2040,21,42,ES1 5 bat,0.0
mean,2040,21,43,ES1 5 bat,0.0
mean,2040,21,44,ES1 5 bat,0.0
mean,2040,21,45,ES1 5 bat,0.0
mean,2040,21,46,ES1 5 bat,0.0
mean,2040,21,47,ES1 5 bat,0.0
mean,2040,21,48,ES1 5 bat,0.0
mean,2040,21,49,ES1 5 bat,0.0
mean,2040,21,50,ES1 5 bat,0.0
mean,2040,21,51,ES1 5 bat,0.0
mean,2040,21,52,ES1 5 bat,0.0
mean,2040,21,53,ES1 5 bat,0.0
mean,2040,21,54,ES1 5 bat,0.0
mean,2040,21,55,ES1 5 bat,0.0
mean,2040,21,56,ES1 5 bat,0.0
mean,2040,21,57,ES1 5 bat,0.0
mean,2040,21,58,ES1 5 bat,0.0
mean,2040,21,59,ES1 5 bat,0.0
mean,2040,21,60,ES1 5 bat,0.0
mean,2040,21,61,ES1 5 bat,0.0
mean,2040,21,62,ES1 5 bat,0.0
mean,2040,21,63,ES1 5 bat,0.0
mean,2040,21,64,ES1 5 bat,0.0
mean,2040,21,65,ES1 5 bat,0.0
mean,2040,21,66,ES1 5 bat,0.0
mean,2040,21,67,ES1 5 bat,0.0
mean,2040,21,68,ES1 5 bat,0.0
mean,2040,21,69,ES1 5 bat,0.0
mean,2040,21,70,ES1 5 bat,0.0
mean,2040,21,71,ES1 5 bat,0.0
mean,2040,21,72,ES1 5 bat,0.0
mean,2040,21,73,ES1 5 bat,0.0
mean,2040,21,74,ES1 5 bat,0.0
mean,2040,21,75,ES1 5 bat,0.0
mean,2040,21,76,ES1 5 bat,0.0
mean,2040,21,77,ES1 5 bat,0.0
mean,2040,21,78,ES1 5 bat,0.0
mean,2040,21,79,ES1 5 bat,0.0
mean,2040,21,80,ES1 5 bat,0.0
mean,2040,21,81,ES1 5 bat,0.0
mean,2040,21,82,ES1 5 bat,0.0
mean,2040,21,83,ES1 5 bat,0.0
mean,2040,21,84,ES1 5 bat,0.0
mean,2040,21,85,ES1 5 bat,0.0
mean,2040,21,86,ES1 5 bat,0.0
mean,2040,21,87,ES1 5 bat,0.0
mean,2040,21,88,ES1 5 bat,0.0
mean,2040,21,89,ES1 5 bat,0.0
mean,2040,21,90,ES1 5 bat,0.0
mean,2040,21,91,ES1 5 bat,0.0
mean,2040,21,92,ES1 5 bat,0.0
mean,2040,21,93,ES1 5 bat,0.0
mean,2040,21,94,ES1 5 bat,0.0
mean,2040,21,95,ES1 5 bat,0.0
mean,2040,21,96,ES1 5 bat,0.0
mean,2040,21,97,ES1 5 bat,0.0
mean,2040,21,98,ES1 5 bat,0.0
mean,2040,21,99,ES1 5 bat,0.0
mean,2040,21,100,ES1 5 bat,0.0
mean,2040,21,101,ES1 5 bat,0.0
mean,2040,21,102,ES1 5 bat,0.0
mean,2040,21,103,ES1 5 bat,0.0
mean,2040,21,104,ES1 5 bat,0.0
mean,2040,21,105,ES1 5 bat,0.0
mean,2040,21,106,ES1 5 bat,0.0
mean,2040,21,107,ES1 5 bat,0.0
mean,2040,21,108,ES1 5 bat,0.0
mean,2040,21,109,ES1 5 bat,0.0
mean,2040,21,110,ES1 5 bat,0.0
mean,2040,21,111,ES1 5 bat,0.0
mean,2040,21,112,ES1 5 bat,0.0
mean,2040,21,113,ES1 5 bat,0.0
mean,2040,21,114,ES1 5 bat,0.0
mean,2040,21,115,ES1 5 bat,0.0
mean,2040,21,116,ES1 5 bat,0.0
mean,2040,21,117,ES1 5 bat,0.0
mean,2040,21,118,ES1 5 bat,0.0
mean,2040,21,119,ES1 5 bat,0.0
mean,2040,21,120,ES1 5 bat,0.0
mean,2040,21,121,ES1 5 bat,0.0
mean,2040,21,122,ES1 5 bat,0.0
mean,2040,21,123,ES1 5 bat,0.0
mean,2040,21,124,ES1 5 bat,0.0
mean,2040,21,125,ES1 5 bat,0.0
mean,2040,21,126,ES1 5 bat,0.0
mean,2040,21,127,ES1 5 bat,0.0
mean,2040,21,128,ES1 5 bat,0.0
mean,2040,21,129,ES1 5 bat,0.0
mean,2040,21,130,ES1 5 bat,0.0
mean,2040,21,131,ES1 5 bat,0.0
mean,2040,21,132,ES1 5 bat,0.0
mean,2040,21,133,ES1 5 bat,0.0
mean,2040,21,134,ES1 5 bat,0.0
mean,2040,21,135,ES1 5 bat,0.0
mean,2040,21,136,ES1 5 bat,0.0
mean,2040,21,137,ES1 5 bat,0.0
mean,2040,21,138,ES1 5 bat,0.0
mean,2040,21,139,ES1 5 bat,0.0
mean,2040,21,140,ES1 5 bat,0.0
mean,2040,21,141,ES1 5 bat,0.0
mean,2040,21,142,ES1 5 bat,0.0
mean,2040,21,143,ES1 5 bat,0.0
mean,2040,21,144,ES1 5 bat,0.0
mean,2040,21,145,ES1 5 bat,0.0
mean,2040,21,146,ES1 5 bat,0.0
mean,2040,21,147,ES1 5 bat,0.0
mean,2040,21,148,ES1 5 bat,0.0
mean,2040,21,149,ES1 5 bat,0.0
mean,2040,21,150,ES1 5 bat,0.0
mean,2040,21,151,ES1 5 bat,0.0
mean,2040,21,152,ES1 5 bat,0.0
mean,2040,21,153,ES1 5 bat,0.0
mean,2040,21,154,ES1 5 bat,0.0
mean,2040,21,155,ES1 5 bat,0.0
mean,2040,21,156,ES1 5 bat,0.0
mean,2040,21,157,ES1 5 bat,0.0
mean,2040,21,158,ES1 5 bat,0.0
mean,2040,21,159,ES1 5 bat,0.0
mean,2040,21,160,ES1 5 bat,0.0
mean,2040,21,161,ES1 5 bat,0.0
mean,2040,21,162,ES1 5 bat,0.0
mean,2040,21,163,ES1 5 bat,0.0
mean,2040,21,164,ES1 5 bat,0.0
mean,2040,21,165,ES1 5 bat,0.0
mean,2040,21,166,ES1 5 bat,0.0
mean,2040,21,167,ES1 5 bat,0.0
mean,2040,42,0,ES1 5 bat,0.0
mean,2040,42,1,ES1 5 bat,6.480149750132114e-12
mean,2040,42,2,ES1 5 bat,0.0
mean,2040,42,3,ES1 5 bat,0.0
mean,2040,42,4,ES1 5 bat,0.0
mean,2040,42,5,ES1 5 bat,0.0
mean,2040,42,6,ES1 5 bat,0.0
mean,2040,42,7,ES1 5 bat,0.0
mean,2040,42,8,ES1 5 bat,0.0
mean,2040,42,9,ES1 5 bat,0.0
mean,2040,42,10,ES1 5 bat,0.0
mean,2040,42,11,ES1 5 bat,0.0
mean,2040,42,12,ES1 5 bat,0.0
mean,2040,42,13,ES1 5 bat,0.0
mean,2040,42,14,ES1 5 bat,0.0
mean,2040,42,15,ES1 5 bat,-4.433786671143025e-12
mean,2040,42,16,ES1 5 bat,0.0
mean,2040,42,17,ES1 5 bat,0.0
mean,2040,42,18,ES1 5 bat,0.0
mean,2040,42,19,ES1 5 bat,0.0
mean,2040,42,20,ES1 5 bat,0.0
mean,2040,42,21,ES1 5 bat,0.0
mean,2040,42,22,ES1 5 bat,0.0
mean,2040,42,23,ES1 5 bat,0.0
mean,2040,42,24,ES1 5 bat,0.0
mean,2040,42,25,ES1 5 bat,0.0
mean,2040,42,26,ES1 5 bat,0.0
mean,2040,42,27,ES1 5 bat,0.0
mean,2040,42,28,ES1 5 bat,0.0
mean,2040,42,29,ES1 5 bat,0.0
mean,2040,42,30,ES1 5 bat,0.0
mean,2040,42,31,ES1 5 bat,0.0
mean,2040,42,32,ES1 5 bat,0.0
mean,2040,42,33,ES1 5 bat,0.0
mean,2040,42,34,ES1 5 bat,0.0
mean,2040,42,35,ES1 5 bat,0.0
mean,2040,42,36,ES1 5 bat,0.0
mean,2040,42,37,ES1 5 bat,0.0
mean,2040,42,38,ES1 5 bat,0.0
mean,2040,42,39,ES1 5 bat,0.0
mean,2040,42,40,ES1 5 bat,0.0
mean,2040,42,41,ES1 5 bat,0.0
mean,2040,42,42,ES1 5 bat,0.0
mean,2040,42,43,ES1 5 bat,0.0
mean,2040,42,44,ES1 5 bat,0.0
mean,2040,42,45,ES1 5 bat,0.0
mean,2040,42,46,ES1 5 bat,0.0
mean,2040,42,47,ES1 5 bat,0.0
mean,2040,42,48,ES1 5 bat,0.0
mean,2040,42,49,ES1 5 bat,0.0
mean,2040,42,50,ES1 5 bat,0.0
mean,2040,42,51,ES1 5 bat,0.0
mean,2040,42,52,ES1 5 bat,0.0
mean,2040,42,53,ES1 5 bat,0.0
mean,2040,42,54,ES1 5 bat,0.0
mean,2040,42,55,ES1 5 bat,0.0
mean,2040,42,56,ES1 5 bat,0.0
mean,2040,42,57,ES1 5 bat,0.0
mean,2040,42,58,ES1 5 bat,0.0
mean,2040,42,59,ES1 5 bat,0.0
mean,2040,42,60,ES1 5 bat,0.0
mean,2040,42,61,ES1 5 bat,0.0
mean,2040,42,62,ES1 5 bat,0.0
mean,2040,42,63,ES1 5 bat,0.0
mean,2040,42,64,ES1 5 bat,0.0
mean,2040,42,65,ES1 5 bat,0.0
mean,2040,42,66,ES1 5 bat,0.0
mean,2040,42,67,ES1 5 bat,0.0
mean,2040,42,68,ES1 5 bat,0.0
mean,2040,42,69,ES1 5 bat,0.0
mean,2040,42,70,ES1 5 bat,0.0
mean,2040,42,71,ES1 5 bat,0.0
mean,2040,42,72,ES1 5 bat,0.0
mean,2040,42,73,ES1 5 bat,0.0
mean,2040,42,74,ES1 5 bat,0.0
mean,2040,42,75,ES1 5 bat,0.0
mean,2040,42,76,ES1 5 bat,0.0
mean,2040,42,77,ES1 5 bat,0.0
mean,2040,42,78,ES1 5 bat,0.0
mean,2040,42,79,ES1 5 bat,0.0
mean,2040,42,80,ES1 5 bat,0.0
mean,2040,42,81,ES1 5 bat,0.0
mean,2040,42,82,ES1 5 bat,0.0
mean,2040,42,83,ES1 5 bat,2.3305801732931286e-12
mean,2040,42,84,ES1 5 bat,0.0
mean,2040,42,85,ES1 5 bat,0.0
mean,2040,42,86,ES1 5 bat,0.0
mean,2040,42,87,ES1 5 bat,0.0
mean,2040,42,88,ES1 5 bat,0.0
mean,2040,42,89,ES1 5 bat,0.0
mean,2040,42,90,ES1 5 bat,0.0
mean,2040,42,91,ES1 5 bat,0.0
mean,2040,42,92,ES1 5 bat,0.0
mean,2040,42,93,ES1 5 bat,0.0
mean,2040,42,94,ES1 5 bat,0.0
mean,2040,42,95,ES1 5 bat,0.0
mean,2040,42,96,ES1 5 bat,0.0
mean,2040,42,97,ES1 5 bat,0.0
mean,2040,42,98,ES1 5 bat,0.0
mean,2040,42,99,ES1 5 bat,0.0
mean,2040,42,100,ES1 5 bat,0.0
mean,2040,42,101,ES1 5 bat,0.0
mean,2040,42,102,ES1 5 bat,0.0
mean,2040,42,103,ES1 5 bat,0.0
mean,2040,42,104,ES1 5 bat,0.0
mean,2040,42,105,ES1 5 bat,0.0
mean,2040,42,106,ES1 5 bat,0.0
mean,2040,42,107,ES1 5 bat,0.0
mean,2040,42,108,ES1 5 bat,0.0
mean,2040,42,109,ES1 5 bat,0.0
mean,2040,42,110,ES1 5 bat,0.0
mean,2040,42,111,ES1 5 bat,0.0
mean,2040,42,112,ES1 5 bat,0.0
mean,2040,42,113,ES1 5 bat,0.0
mean,2040,42,114,ES1 5 bat,0.0
mean,2040,42,115,ES1 5 bat,0.0
mean,2040,42,116,ES1 5 bat,0.0
mean,2040,42,117,ES1 5 bat,0.0
mean,2040,42,118,ES1 5 bat,0.0
mean,2040,42,119,ES1 5 bat,0.0
mean,2040,42,120,ES1 5 bat,0.0
mean,2040,42,121,ES1 5 bat,0.0
mean,2040,42,122,ES1 5 bat,0.0
mean,2040,42,123,ES1 5 bat,0.0
mean,2040,42,124,ES1 5 bat,0.0
mean,2040,42,125,ES1 5 bat,0.0
mean,2040,42,126,ES1 5 bat,0.0
mean,2040,42,127,ES1 5 bat,0.0
mean,2040,42,128,ES1 5 bat,0.0
mean,2040,42,129,ES1 5 bat,0.0
mean,2040,42,130,ES1 5 bat,0.0
mean,2040,42,131,ES1 5 bat,0.0
mean,2040,42,132,ES1 5 bat,0.0
mean,2040,42,133,ES1 5 bat,0.0
mean,2040,42,134,ES1 5 bat,0.0
mean,2040,42,135,ES1 5 bat,0.0
mean,2040,42,136,ES1 5 bat,0.0
mean,2040,42,137,ES1 5 bat,0.0
mean,2040,42,138,ES1 5 bat,0.0
mean,2040,42,139,ES1 5 bat,0.0
mean,2040,42,140,ES1 5 bat,0.0
mean,2040,42,141,ES1 5 bat,0.0
mean,2040,42,142,ES1 5 bat,0.0
mean,2040,42,143,ES1 5 bat,0.0
mean,2040,42,144,ES1 5 bat,0.0
mean,2040,42,145,ES1 5 bat,0.0
mean,2040,42,146,ES1 5 bat,0.0
mean,2040,42,147,ES1 5 bat,0.0
mean,2040,42,148,ES1 5 bat,0.0
mean,2040,42,149,ES1 5 bat,0.0
mean,2040,42,150,ES1 5 bat,0.0
mean,2040,42,151,ES1 5 bat,0.0
mean,2040,42,152,ES1 5 bat,0.0
mean,2040,42,153,ES1 5 bat,0.0
mean,2040,42,154,ES1 5 bat,0.0
mean,2040,42,155,ES1 5 bat,0.0
mean,2040,42,156,ES1 5 bat,0.0
mean,2040,42,157,ES1 5 bat,0.0
mean,2040,42,158,ES1 5 bat,0.0
mean,2040,42,159,ES1 5 bat,0.0
mean,2040,42,160,ES1 5 bat,0.0
mean,2040,42,161,ES1 5 bat,0.0
mean,2040,42,162,ES1 5 bat,0.0
mean,2040,42,163,ES1 5 bat,0.0
mean,2040,42,164,ES1 5 bat,0.0
mean,2040,42,165,ES1 5 bat,0.0
mean,2040,42,166,ES1 5 bat,0.0
mean,2040,42,167,ES1 5 bat,0.0
mean,2040,52,0,ES1 5 bat,0.0
mean,2040,52,1,ES1 5 bat,0.0
mean,2040,52,2,ES1 5 bat,0.0
mean,2040,52,3,ES1 5 bat,0.0
mean,2040,52,4,ES1 5 bat,0.0
mean,2040,52,5,ES1 5 bat,0.0
mean,2040,52,6,ES1 5 bat,0.0
mean,2040,52,7,ES1 5 bat,0.0
mean,2040,52,8,ES1 5 bat,0.0
mean,2040,52,9,ES1 5 bat,0.0
mean,2040,52,10,ES1 5 bat,0.0
mean,2040,52,11,ES1 5 bat,0.0
mean,2040,52,12,ES1 5 bat,0.0
mean,2040,52,13,ES1 5 bat,0.0
mean,2040,52,14,ES1 5 bat,0.0
mean,2040,52,15,ES1 5 bat,0.0
mean,2040,52,16,ES1 5 bat,0.0
mean,2040,52,17,ES1 5 bat,0.0
mean,2040,52,18,ES1 5 bat,0.0
mean,2040,52,19,ES1 5 bat,0.0
mean,2040,52,20,ES1 5 bat,0.0
mean,2040,52,21,ES1 5 bat,0.0
mean,2040,52,22,ES1 5 bat,0.0
mean,2040,52,23,ES1 5 bat,0.0
mean,2040,52,24,ES1 5 bat,0.0
mean,2040,52,25,ES1 5 bat,0.0
mean,2040,52,26,ES1 5 bat,0.0
mean,2040,52,27,ES1 5 bat,0.0
mean,2040,52,28,ES1 5 bat,0.0
mean,2040,52,29,ES1 5 bat,0.0
mean,2040,52,30,ES1 5 bat,0.0
mean,2040,52,31,ES1 5 bat,0.0
mean,2040,52,32,ES1 5 bat,0.0
mean,2040,52,33,ES1 5 bat,0.0
mean,2040,52,34,ES1 5 bat,0.0
mean,2040,52,35,ES1 5 bat,0.0
mean,2040,52,36,ES1 5 bat,0.0
mean,2040,52,37,ES1 5 bat,0.0
mean,2040,52,38,ES1 5 bat,0.0
mean,2040,52,39,ES1 5 bat,0.0
mean,2040,52,40,ES1 5 bat,0.0
mean,2040,52,41,ES1 5 bat,0.0
mean,2040,52,42,ES1 5 bat,0.0
mean,2040,52,43,ES1 5 bat,0.0
mean,2040,52,44,ES1 5 bat,0.0
mean,2040,52,45,ES1 5 bat,0.0
mean,2040,52,46,ES1 5 bat,0.0
mean,2040,52,47,ES1 5 bat,0.0
mean,2040,52,48,ES1 5 bat,0.0
mean,2040,52,49,ES1 5 bat,0.0
mean,2040,52,50,ES1 5 bat,0.0
mean,2040,52,51,ES1 5 bat,0.0
mean,2040,52,52,ES1 5 bat,0.0
mean,2040,52,53,ES1 5 bat,0.0
mean,2040,52,54,ES1 5 bat,0.0
mean,2040,52,55,ES1 5 bat,0.0
mean,2040,52,56,ES1 5 bat,0.0
mean,2040,52,57,ES1 5 bat,0.0
mean,2040,52,58,ES1 5 bat,0.0
mean,2040,52,59,ES1 5 bat,0.0
mean,2040,52,60,ES1 5 bat,0.0
mean,2040,52,61,ES1 5 bat,0.0
mean,2040,52,62,ES1 5 bat,0.0
mean,2040,52,63,ES1 5 bat,0.0
mean,2040,52,64,ES1 5 bat,0.0
mean,2040,52,65,ES1 5 bat,0.0
mean,2040,52,66,ES1 5 bat,0.0
mean,2040,52,67,ES1 5 bat,0.0
mean,2040,52,68,ES1 5 bat,0.0
mean,2040,52,69,ES1 5 bat,0.0
mean,2040,52,70,ES1 5 bat,0.0
mean,2040,52,71,ES1 5 bat,0.0
mean,2040,52,72,ES1 5 bat,0.0
mean,2040,52,73,ES1 5 bat,0.0
mean,2040,52,74,ES1 5 bat,0.0
mean,2040,52,75,ES1 5 bat,0.0
mean,2040,52,76,ES1 5 bat,0.0
mean,2040,52,77,ES1 5 bat,0.0
mean,2040,52,78,ES1 5 bat,0.0
mean,2040,52,79,ES1 5 bat,0.0
mean,2040,52,80,ES1 5 bat,0.0
mean,2040,52,81,ES1 5 bat,0.0
mean,2040,52,82,ES1 5 bat,0.0
mean,2040,52,83,ES1 5 bat,0.0
mean,2040,52,84,ES1 5 bat,0.0
mean,2040,52,85,ES1 5 bat,0.0
mean,2040,52,86,ES1 5 bat,0.0
mean,2040,52,87,ES1 5 bat,0.0
mean,2040,52,88,ES1 5 bat,0.0
mean,2040,52,89,ES1 5 bat,0.0
mean,2040,52,90,ES1 5 bat,0.0
mean,2040,52,91,ES1 5 bat,0.0
mean,2040,52,92,ES1 5 bat,0.0
mean,2040,52,93,ES1 5 bat,0.0
mean,2040,52,94,ES1 5 bat,0.0
mean,2040,52,95,ES1 5 bat,0.0
mean,2040,52,96,ES1 5 bat,0.0
mean,2040,52,97,ES1 5 bat,0.0
mean,2040,52,98,ES1 5 bat,0.0
mean,2040,52,99,ES1 5 bat,0.0
mean,2040,52,100,ES1 5 bat,0.0
mean,2040,52,101,ES1 5 bat,0.0
mean,2040,52,102,ES1 5 bat,0.0
mean,2040,52,103,ES1 5 bat,0.0
mean,2040,52,104,ES1 5 bat,0.0
mean,2040,52,105,ES1 5 bat,0.0
mean,2040,52,106,ES1 5 bat,0.0
mean,2040,52,107,ES1 5 bat,0.0
mean,2040,52,108,ES1 5 bat,0.0
mean,2040,52,109,ES1 5 bat,0.0
mean,2040,52,110,ES1 5 bat,0.0
mean,2040,52,111,ES1 5 bat,0.0
mean,2040,52,112,ES1 5 bat,0.0
mean,2040,52,113,ES1 5 bat,0.0
mean,2040,52,114,ES1 5 bat,0.0
mean,2040,52,115,ES1 5 bat,0.0
mean,2040,52,116,ES1 5 bat,0.0
mean,2040,52,117,ES1 5 bat,0.0
mean,2040,52,118,ES1 5 bat,0.0
mean,2040,52,119,ES1 5 bat,0.0
mean,2040,52,120,ES1 5 bat,0.0
mean,2040,52,121,ES1 5 bat,0.0
mean,2040,52,122,ES1 5 bat,0.0
mean,2040,52,123,ES1 5 bat,0.0
mean,2040,52,124,ES1 5 bat,0.0
mean,2040,52,125,ES1 5 bat,0.0
mean,2040,52,126,ES1 5 bat,0.0
mean,2040,52,127,ES1 5 bat,0.0
mean,2040,52,128,ES1 5 bat,0.0
mean,2040,52,129,ES1 5 bat,0.0
mean,2040,52,130,ES1 5 bat,0.0
mean,2040,52,131,ES1 5 bat,0.0
mean,2040,52,132,ES1 5 bat,0.0
mean,2040,52,133,ES1 5 bat,0.0
mean,2040,52,134,ES1 5 bat,0.0
mean,2040,52,135,ES1 5 bat,0.0
mean,2040,52,136,ES1 5 bat,0.0
mean,2040,52,137,ES1 5 bat,0.0
mean,2040,52,138,ES1 5 bat,0.0
mean,2040,52,139,ES1 5 bat,0.0
mean,2040,52,140,ES1 5 bat,0.0
mean,2040,52,141,ES1 5 bat,0.0
mean,2040,52,142,ES1 5 bat,0.0
mean,2040,52,143,ES1 5 bat,0.0
mean,2040,52,144,ES1 5 bat,0.0
mean,2040,52,145,ES1 5 bat,0.0
mean,2040,52,146,ES1 5 bat,0.0
mean,2040,52,147,ES1 5 bat,0.0
mean,2040,52,148,ES1 5 bat,0.0
mean,2040,52,149,ES1 5 bat,0.0
mean,2040,52,150,ES1 5 bat,0.0
mean,2040,52,151,ES1 5 bat,0.0
mean,2040,52,152,ES1 5 bat,0.0
mean,2040,52,153,ES1 5 bat,0.0
mean,2040,52,154,ES1 5 bat,0.0
mean,2040,52,155,ES1 5 bat,0.0
mean,2040,52,156,ES1 5 bat,0.0
mean,2040,52,157,ES1 5 bat,0.0
mean,2040,52,158,ES1 5 bat,0.0
mean,2040,52,159,ES1 5 bat,0.0
mean,2040,52,160,ES1 5 bat,0.0
mean,2040,52,161,ES1 5 bat,0.0
mean,2040,52,162,ES1 5 bat,0.0
mean,2040,52,163,ES1 5 bat,0.0
mean,2040,52,164,ES1 5 bat,0.0
mean,2040,52,165,ES1 5 bat,0.0
mean,2040,52,166,ES1 5 bat,0.0
mean,2040,52,167,ES1 5 bat,0.0
mean,2050,11,0,ES1 5 bat,0.0
mean,2050,11,1,ES1 5 bat,0.0
mean,2050,11,2,ES1 5 bat,0.0
mean,2050,11,3,ES1 5 bat,0.0
mean,2050,11,4,ES1 5 bat,0.0
mean,2050,11,5,ES1 5 bat,0.0
mean,2050,11,6,ES1 5 bat,0.0
mean,2050,11,7,ES1 5 bat,0.0
mean,2050,11,8,ES1 5 bat,0.0
mean,2050,11,9,ES1 5 bat,0.0
mean,2050,11,10,ES1 5 bat,0.0
mean,2050,11,11,ES1 5 bat,0.0
mean,2050,11,12,ES1 5 bat,0.0
mean,2050,11,13,ES1 5 bat,0.0
mean,2050,11,14,ES1 5 bat,0.0
mean,2050,11,15,ES1 5 bat,0.0
mean,2050,11,16,ES1 5 bat,0.0
mean,2050,11,17,ES1 5 bat,0.0
mean,2050,11,18,ES1 5 bat,0.0
mean,2050,11,19,ES1 5 bat,0.0
mean,2050,11,20,ES1 5 bat,0.0
mean,2050,11,21,ES1 5 bat,0.0
mean,2050,11,22,ES1 5 bat,0.0
mean,2050,11,23,ES1 5 bat,0.0
mean,2050,11,24,ES1 5 bat,0.0
mean,2050,11,25,ES1 5 bat,0.0
mean,2050,11,26,ES1 5 bat,0.0
mean,2050,11,27,ES1 5 bat,0.0
mean,2050,11,28,ES1 5 bat,0.0
mean,2050,11,29,ES1 5 bat,0.0
mean,2050,11,30,ES1 5 bat,0.0
mean,2050,11,31,ES1 5 bat,0.0
mean,2050,11,32,ES1 5 bat,0.0
mean,2050,11,33,ES1 5 bat,0.0
mean,2050,11,34,ES1 5 bat,0.0
mean,2050,11,35,ES1 5 bat,0.0
mean,2050,11,36,ES1 5 bat,0.0
mean,2050,11,37,ES1 5 bat,0.0
mean,2050,11,38,ES1 5 bat,0.0
mean,2050,11,39,ES1 5 bat,0.0
mean,2050,11,40,ES1 5 bat,0.0
mean,2050,11,41,ES1 5 bat,0.0
mean,2050,11,42,ES1 5 bat,0.0
mean,2050,11,43,ES1 5 bat,0.0
mean,2050,11,44,ES1 5 bat,0.0
mean,2050,11,45,ES1 5 bat,0.0
mean,2050,11,46,ES1 5 bat,0.0
mean,2050,11,47,ES1 5 bat,0.0
mean,2050,11,48,ES1 5 bat,0.0
mean,2050,11,49,ES1 5 bat,0.0
mean,2050,11,50,ES1 5 bat,0.0
mean,2050,11,51,ES1 5 bat,0.0
mean,2050,11,52,ES1 5 bat,0.0
mean,2050,11,53,ES1 5 bat,0.0
mean,2050,11,54,ES1 5 bat,0.0
mean,2050,11,55,ES1 5 bat,0.0
mean,2050,11,56,ES1 5 bat,0.0
mean,2050,11,57,ES1 5 bat,0.0
mean,2050,11,58,ES1 5 bat,0.0
mean,2050,11,59,ES1 5 bat,0.0
mean,2050,11,60,ES1 5 bat,0.0
mean,2050,11,61,ES1 5 bat,0.0
mean,2050,11,62,ES1 5 bat,0.0
mean,2050,11,63,ES1 5 bat,0.0
mean,2050,11,64,ES1 5 bat,0.0
mean,2050,11,65,ES1 5 bat,0.0
mean,2050,11,66,ES1 5 bat,0.0
mean,2050,11,67,ES1 5 bat,0.0
mean,2050,11,68,ES1 5 bat,0.0
mean,2050,11,69,ES1 5 bat,0.0
mean,2050,11,70,ES1 5 bat,0.0
mean,2050,11,71,ES1 5 bat,0.0
mean,2050,11,72,ES1 5 bat,0.0
mean,2050,11,73,ES1 5 bat,0.0
mean,2050,11,74,ES1 5 bat,0.0
mean,2050,11,75,ES1 5 bat,0.0
mean,2050,11,76,ES1 5 bat,0.0
mean,2050,11,77,ES1 5 bat,0.0
mean,2050,11,78,ES1 5 bat,0.0
mean,2050,11,79,ES1 5 bat,0.0
mean,2050,11,80,ES1 5 bat,0.0
mean,2050,11,81,ES1 5 bat,0.0
mean,2050,11,82,ES1 5 bat,0.0
mean,2050,11,83,ES1 5 bat,0.0
mean,2050,11,84,ES1 5 bat,0.0
mean,2050,11,85,ES1 5 bat,0.0
mean,2050,11,86,ES1 5 bat,0.0
mean,2050,11,87,ES1 5 bat,0.0
mean,2050,11,88,ES1 5 bat,0.0
mean,2050,11,89,ES1 5 bat,0.0
mean,2050,11,90,ES1 5 bat,0.0
mean,2050,11,91,ES1 5 bat,0.0
mean,2050,11,92,ES1 5 bat,0.0
mean,2050,11,93,ES1 5 bat,0.0
mean,2050,11,94,ES1 5 bat,0.0
mean,2050,11,95,ES1 5 bat,0.0
mean,2050,11,96,ES1 5 bat,0.0
mean,2050,11,97,ES1 5 bat,0.0
mean,2050,11,98,ES1 5 bat,0.0
mean,2050,11,99,ES1 5 bat,0.0
mean,2050,11,100,ES1 5 bat,0.0
mean,2050,11,101,ES1 5 bat,0.0
mean,2050,11,102,ES1 5 bat,0.0
mean,2050,11,103,ES1 5 bat,0.0
mean,2050,11,104,ES1 5 bat,0.0
mean,2050,11,105,ES1 5 bat,0.0
mean,2050,11,106,ES1 5 bat,0.0
mean,2050,11,107,ES1 5 bat,0.0
mean,2050,11,108,ES1 5 bat,0.0
mean,2050,11,109,ES1 5 bat,0.0
mean,2050,11,110,ES1 5 bat,0.0
mean,2050,11,111,ES1 5 bat,0.0
mean,2050,11,112,ES1 5 bat,0.0
mean,2050,11,113,ES1 5 bat,0.0
mean,2050,11,114,ES1 5 bat,0.0
mean,2050,11,115,ES1 5 bat,0.0
mean,2050,11,116,ES1 5 bat,0.0
mean,2050,11,117,ES1 5 bat,0.0
mean,2050,11,118,ES1 5 bat,0.0
mean,2050,11,119,ES1 5 bat,0.0
mean,2050,11,120,ES1 5 bat,0.0
mean,2050,11,121,ES1 5 bat,0.0
mean,2050,11,122,ES1 5 bat,0.0
mean,2050,11,123,ES1 5 bat,0.0
mean,2050,11,124,ES1 5 bat,0.0
mean,2050,11,125,ES1 5 bat,0.0
mean,2050,11,126,ES1 5 bat,0.0
mean,2050,11,127,ES1 5 bat,0.0
mean,2050,11,128,ES1 5 bat,0.0
mean,2050,11,129,ES1 5 bat,0.0
mean,2050,11,130,ES1 5 bat,0.0
mean,2050,11,131,ES1 5 bat,0.0
mean,2050,11,132,ES1 5 bat,0.0
mean,2050,11,133,ES1 5 bat,0.0
mean,2050,11,134,ES1 5 bat,0.0
mean,2050,11,135,ES1 5 bat,0.0
mean,2050,11,136,ES1 5 bat,0.0
mean,2050,11,137,ES1 5 bat,0.0
mean,2050,11,138,ES1 5 bat,0.0
mean,2050,11,139,ES1 5 bat,0.0
mean,2050,11,140,ES1 5 bat,0.0
mean,2050,11,141,ES1 5 bat,0.0
mean,2050,11,142,ES1 5 bat,0.0
mean,2050,11,143,ES1 5 bat,0.0
mean,2050,11,144,ES1 5 bat,0.0
mean,2050,11,145,ES1 5 bat,0.0
mean,2050,11,146,ES1 5 bat,0.0
mean,2050,11,147,ES1 5 bat,0.0
mean,2050,11,148,ES1 5 bat,0.0
mean,2050,11,149,ES1 5 bat,0.0
mean,2050,11,150,ES1 5 bat,0.0
mean,2050,11,151,ES1 5 bat,0.0
mean,2050,11,152,ES1 5 bat,0.0
mean,2050,11,153,ES1 5 bat,0.0
mean,2050,11,154,ES1 5 bat,0.0
mean,2050,11,155,ES1 5 bat,0.0
mean,2050,11,156,ES1 5 bat,0.0
mean,2050,11,157,ES1 5 bat,0.0
mean,2050,11,158,ES1 5 bat,0.0
mean,2050,11,159,ES1 5 bat,0.0
mean,2050,11,160,ES1 5 bat,0.0
mean,2050,11,161,ES1 5 bat,0.0
mean,2050,11,162,ES1 5 bat,0.0
mean,2050,11,163,ES1 5 bat,0.0
mean,2050,11,164,ES1 5 bat,0.0
mean,2050,11,165,ES1 5 bat,0.0
mean,2050,11,166,ES1 5 bat,0.0
mean,2050,11,167,ES1 5 bat,0.0
mean,2050,21,0,ES1 5 bat,0.0
mean,2050,21,1,ES1 5 bat,0.0
mean,2050,21,2,ES1 5 bat,0.0
mean,2050,21,3,ES1 5 bat,0.0
mean,2050,21,4,ES1 5 bat,0.0
mean,2050,21,5,ES1 5 bat,0.0
mean,2050,21,6,ES1 5 bat,0.0
mean,2050,21,7,ES1 5 bat,0.0
mean,2050,21,8,ES1 5 bat,0.0
mean,2050,21,9,ES1 5 bat,0.0
mean,2050,21,10,ES1 5 bat,0.0
mean,2050,21,11,ES1 5 bat,0.0
mean,2050,21,12,ES1 5 bat,0.0
mean,2050,21,13,ES1 5 bat,0.0
mean,2050,21,14,ES1 5 bat,0.0
mean,2050,21,15,ES1 5 bat,0.0
mean,2050,21,16,ES1 5 bat,0.0
mean,2050,21,17,ES1 5 bat,0.0
mean,2050,21,18,ES1 5 bat,0.0
mean,2050,21,19,ES1 5 bat,0.0
mean,2050,21,20,ES1 5 bat,0.0
mean,2050,21,21,ES1 5 bat,0.0
mean,2050,21,22,ES1 5 bat,0.0
mean,2050,21,23,ES1 5 bat,0.0
mean,2050,21,24,ES1 5 bat,0.0
mean,2050,21,25,ES1 5 bat,0.0
mean,2050,21,26,ES1 5 bat,0.0
mean,2050,21,27,ES1 5 bat,0.0
mean,2050,21,28,ES1 5 bat,0.0
mean,2050,21,29,ES1 5 bat,0.0
mean,2050,21,30,ES1 5 bat,0.0
mean,2050,21,31,ES1 5 bat,0.0
mean,2050,21,32,ES1 5 bat,0.0
mean,2050,21,33,ES1 5 bat,0.0
mean,2050,21,34,ES1 5 bat,0.0
mean,2050,21,35,ES1 5 bat,0.0
mean,2050,21,36,ES1 5 bat,0.0
mean,2050,21,37,ES1 5 bat,0.0
mean,2050,21,38,ES1 5 bat,0.0
mean,2050,21,39,ES1 5 bat,0.0
mean,2050,21,40,ES1 5 bat,0.0
mean,2050,21,41,ES1 5 bat,0.0
mean,2050,21,42,ES1 5 bat,0.0
mean,2050,21,43,ES1 5 bat,0.0
mean,2050,21,44,ES1 5 bat,0.0
mean,2050,21,45,ES1 5 bat,0.0
mean,2050,21,46,ES1 5 bat,0.0
mean,2050,21,47,ES1 5 bat,0.0
mean,2050,21,48,ES1 5 bat,0.0
mean,2050,21,49,ES1 5 bat,0.0
mean,2050,21,50,ES1 5 bat,0.0
mean,2050,21,51,ES1 5 bat,0.0
mean,2050,21,52,ES1 5 bat,0.0
mean,2050,21,53,ES1 5 bat,0.0
mean,2050,21,54,ES1 5 bat,0.0
mean,2050,21,55,ES1 5 bat,0.0
mean,2050,21,56,ES1 5 bat,0.0
mean,2050,21,57,ES1 5 bat,0.0
mean,2050,21,58,ES1 5 bat,0.0
mean,2050,21,59,ES1 5 bat,0.0
mean,2050,21,60,ES1 5 bat,0.0
mean,2050,21,61,ES1 5 bat,0.0
mean,2050,21,62,ES1 5 bat,0.0
mean,2050,21,63,ES1 5 bat,0.0
mean,2050,21,64,ES1 5 bat,0.0
mean,2050,21,65,ES1 5 bat,0.0
mean,2050,21,66,ES1 5 bat,0.0
mean,2050,21,67,ES1 5 bat,0.0
mean,2050,21,68,ES1 5 bat,0.0
mean,2050,21,69,ES1 5 bat,0.0
mean,2050,21,70,ES1 5 bat,0.0
mean,2050,21,71,ES1 5 bat,0.0
mean,2050,21,72,ES1 5 bat,0.0
mean,2050,21,73,ES1 5 bat,0.0
mean,2050,21,74,ES1 5 bat,0.0
mean,2050,21,75,ES1 5 bat,0.0
mean,2050,21,76,ES1 5 bat,0.0
mean,2050,21,77,ES1 5 bat,0.0
mean,2050,21,78,ES1 5 bat,0.0
mean,2050,21,79,ES1 5 bat,0.0
mean,2050,21,80,ES1 5 bat,0.0
mean,2050,21,81,ES1 5 bat,0.0
mean,2050,21,82,ES1 5 bat,0.0
mean,2050,21,83,ES1 5 bat,0.0
mean,2050,21,84,ES1 5 bat,0.0
mean,2050,21,85,ES1 5 bat,0.0
mean,2050,21,86,ES1 5 bat,0.0
mean,2050,21,87,ES1 5 bat,0.0
mean,2050,21,88,ES1 5 bat,0.0
mean,2050,21,89,ES1 5 bat,0.0
mean,2050,21,90,ES1 5 bat,0.0
mean,2050,21,91,ES1 5 bat,0.0
mean,2050,21,92,ES1 5 bat,0.0
mean,2050,21,93,ES1 5 bat,0.0
mean,2050,21,94,ES1 5 bat,0.0
mean,2050,21,95,ES1 5 bat,0.0
mean,2050,21,96,ES1 5 bat,0.0
mean,2050,21,97,ES1 5 bat,0.0
mean,2050,21,98,ES1 5 bat,0.0
mean,2050,21,99,ES1 5 bat,0.0
mean,2050,21,100,ES1 5 bat,0.0
mean,2050,21,101,ES1 5 bat,0.0
mean,2050,21,102,ES1 5 bat,0.0
mean,2050,21,103,ES1 5 bat,0.0
mean,2050,21,104,ES1 5 bat,0.0
mean,2050,21,105,ES1 5 bat,0.0
mean,2050,21,106,ES1 5 bat,0.0
mean,2050,21,107,ES1 5 bat,0.0
mean,2050,21,108,ES1 5 bat,0.0
mean,2050,21,109,ES1 5 bat,0.0
mean,2050,21,110,ES1 5 bat,0.0
mean,2050,21,111,ES1 5 bat,0.0
mean,2050,21,112,ES1 5 bat,0.0
mean,2050,21,113,ES1 5 bat,0.0
mean,2050,21,114,ES1 5 bat,0.0
mean,2050,21,115,ES1 5 bat,0.0
mean,2050,21,116,ES1 5 bat,0.0
mean,2050,21,117,ES1 5 bat,0.0
mean,2050,21,118,ES1 5 bat,0.0
mean,2050,21,119,ES1 5 bat,0.0
mean,2050,21,120,ES1 5 bat,0.0
mean,2050,21,121,ES1 5 bat,0.0
mean,2050,21,122,ES1 5 bat,0.0
mean,2050,21,123,ES1 5 bat,0.0
mean,2050,21,124,ES1 5 bat,0.0
mean,2050,21,125,ES1 5 bat,0.0
mean,2050,21,126,ES1 5 bat,0.0
mean,2050,21,127,ES1 5 bat,0.0
mean,2050,21,128,ES1 5 bat,0.0
mean,2050,21,129,ES1 5 bat,0.0
mean,2050,21,130,ES1 5 bat,0.0
mean,2050,21,131,ES1 5 bat,0.0
mean,2050,21,132,ES1 5 bat,0.0
mean,2050,21,133,ES1 5 bat,0.0
mean,2050,21,134,ES1 5 bat,0.0
mean,2050,21,135,ES1 5 bat,0.0
mean,2050,21,136,ES1 5 bat,0.0
mean,2050,21,137,ES1 5 bat,0.0
mean,2050,21,138,ES1 5 bat,0.0
mean,2050,21,139,ES1 5 bat,0.0
mean,2050,21,140,ES1 5 bat,0.0
mean,2050,21,141,ES1 5 bat,0.0
mean,2050,21,142,ES1 5 bat,0.0
mean,2050,21,143,ES1 5 bat,0.0
mean,2050,21,144,ES1 5 bat,0.0
mean,2050,21,145,ES1 5 bat,0.0
mean,2050,21,146,ES1 5 bat,0.0
mean,2050,21,147,ES1 5 bat,0.0
mean,2050,21,148,ES1 5 bat,0.0
mean,2050,21,149,ES1 5 bat,0.0
mean,2050,21,150,ES1 5 bat,0.0
mean,2050,21,151,ES1 5 bat,0.0
mean,2050,21,152,ES1 5 bat,0.0
mean,2050,21,153,ES1 5 bat,0.0
mean,2050,21,154,ES1 5 bat,0.0
mean,2050,21,155,ES1 5 bat,0.0
mean,2050,21,156,ES1 5 bat,0.0
mean,2050,21,157,ES1 5 bat,0.0
mean,2050,21,158,ES1 5 bat,0.0
mean,2050,21,159,ES1 5 bat,0.0
mean,2050,21,160,ES1 5 bat,0.0
mean,2050,21,161,ES1 5 bat,0.0
mean,2050,21,162,ES1 5 bat,0.0
mean,2050,21,163,ES1 5 bat,0.0
mean,2050,21,164,ES1 5 bat,0.0
mean,2050,21,165,ES1 5 bat,0.0
mean,2050,21,166,ES1 5 bat,0.0
mean,2050,21,167,ES1 5 bat,0.0
mean,2050,42,0,ES1 5 bat,0.0
mean,2050,42,1,ES1 5 bat,0.0
mean,2050,42,2,ES1 5 bat,0.0
mean,2050,42,3,ES1 5 bat,0.0
mean,2050,42,4,ES1 5 bat,0.0
mean,2050,42,5,ES1 5 bat,0.0
mean,2050,42,6,ES1 5 bat,0.0
mean,2050,42,7,ES1 5 bat,0.0
mean,2050,42,8,ES1 5 bat,0.0
mean,2050,42,9,ES1 5 bat,0.0
mean,2050,42,10,ES1 5 bat,0.0
mean,2050,42,11,ES1 5 bat,0.0
mean,2050,42,12,ES1 5 bat,0.0
mean,2050,42,13,ES1 5 bat,0.0
mean,2050,42,14,ES1 5 bat,0.0
mean,2050,42,15,ES1 5 bat,0.0
mean,2050,42,16,ES1 5 bat,0.0
mean,2050,42,17,ES1 5 bat,0.0
mean,2050,42,18,ES1 5 bat,0.0
mean,2050,42,19,ES1 5 bat,0.0
mean,2050,42,20,ES1 5 bat,0.0
mean,2050,42,21,ES1 5 bat,0.0
mean,2050,42,22,ES1 5 bat,0.0
mean,2050,42,23,ES1 5 bat,0.0
mean,2050,42,24,ES1 5 bat,0.0
mean,2050,42,25,ES1 5 bat,0.0
mean,2050,42,26,ES1 5 bat,0.0
mean,2050,42,27,ES1 5 bat,0.0
mean,2050,42,28,ES1 5 bat,0.0
mean,2050,42,29,ES1 5 bat,0.0
mean,2050,42,30,ES1 5 bat,0.0
mean,2050,42,31,ES1 5 bat,0.0
mean,2050,42,32,ES1 5 bat,0.0
mean,2050,42,33,ES1 5 bat,0.0
mean,2050,42,34,ES1 5 bat,0.0
mean,2050,42,35,ES1 5 bat,0.0
mean,2050,42,36,ES1 5 bat,0.0
mean,2050,42,37,ES1 5 bat,0.0
mean,2050,42,38,ES1 5 bat,0.0
mean,2050,42,39,ES1 5 bat,0.0
mean,2050,42,40,ES1 5 bat,0.0
mean,2050,42,41,ES1 5 bat,0.0
mean,2050,42,42,ES1 5 bat,0.0
mean,2050,42,43,ES1 5 bat,0.0
mean,2050,42,44,ES1 5 bat,0.0
mean,2050,42,45,ES1 5 bat,0.0
mean,2050,42,46,ES1 5 bat,0.0
mean,2050,42,47,ES1 5 bat,0.0
mean,2050,42,48,ES1 5 bat,0.0
mean,2050,42,49,ES1 5 bat,0.0
mean,2050,42,50,ES1 5 bat,0.0
mean,2050,42,51,ES1 5 bat,0.0
mean,2050,42,52,ES1 5 bat,0.0
mean,2050,42,53,ES1 5 bat,0.0
mean,2050,42,54,ES1 5 bat,0.0
mean,2050,42,55,ES1 5 bat,0.0
mean,2050,42,56,ES1 5 bat,0.0
mean,2050,42,57,ES1 5 bat,0.0
mean,2050,42,58,ES1 5 bat,0.0
mean,2050,42,59,ES1 5 bat,0.0
mean,2050,42,60,ES1 5 bat,0.0
mean,2050,42,61,ES1 5 bat,0.0
mean,2050,42,62,ES1 5 bat,0.0
mean,2050,42,63,ES1 5 bat,0.0
mean,2050,42,64,ES1 5 bat,0.0
mean,2050,42,65,ES1 5 bat,0.0
mean,2050,42,66,ES1 5 bat,0.0
mean,2050,42,67,ES1 5 bat,0.0
mean,2050,42,68,ES1 5 bat,0.0
mean,2050,42,69,ES1 5 bat,0.0
mean,2050,42,70,ES1 5 bat,0.0
mean,2050,42,71,ES1 5 bat,0.0
mean,2050,42,72,ES1 5 bat,0.0
mean,2050,42,73,ES1 5 bat,0.0
mean,2050,42,74,ES1 5 bat,0.0
mean,2050,42,75,ES1 5 bat,0.0
mean,2050,42,76,ES1 5 bat,0.0
mean,2050,42,77,ES1 5 bat,0.0
mean,2050,42,78,ES1 5 bat,0.0
mean,2050,42,79,ES1 5 bat,0.0
mean,2050,42,80,ES1 5 bat,0.0
mean,2050,42,81,ES1 5 bat,0.0
mean,2050,42,82,ES1 5 bat,0.0
mean,2050,42,83,ES1 5 bat,0.0
mean,2050,42,84,ES1 5 bat,0.0
mean,2050,42,85,ES1 5 bat,0.0
mean,2050,42,86,ES1 5 bat,0.0
mean,2050,42,87,ES1 5 bat,0.0
mean,2050,42,88,ES1 5 bat,0.0
mean,2050,42,89,ES1 5 bat,0.0
mean,2050,42,90,ES1 5 bat,0.0
mean,2050,42,91,ES1 5 bat,0.0
mean,2050,42,92,ES1 5 bat,0.0
mean,2050,42,93,ES1 5 bat,0.0
mean,2050,42,94,ES1 5 bat,0.0
mean,2050,42,95,ES1 5 bat,0.0
mean,2050,42,96,ES1 5 bat,0.0
mean,2050,42,97,ES1 5 bat,0.0
mean,2050,42,98,ES1 5 bat,0.0
mean,2050,42,99,ES1 5 bat,0.0
mean,2050,42,100,ES1 5 bat,0.0
mean,2050,42,101,ES1 5 bat,0.0
mean,2050,42,102,ES1 5 bat,0.0
mean,2050,42,103,ES1 5 bat,0.0
mean,2050,42,104,ES1 5 bat,0.0
mean,2050,42,105,ES1 5 bat,0.0
mean,2050,42,106,ES1 5 bat,0.0
mean,2050,42,107,ES1 5 bat,0.0
mean,2050,42,108,ES1 5 bat,0.0
mean,2050,42,109,ES1 5 bat,0.0
mean,2050,42,110,ES1 5 bat,0.0
mean,2050,42,111,ES1 5 bat,0.0
mean,2050,42,112,ES1 5 bat,0.0
mean,2050,42,113,ES1 5 bat,0.0
mean,2050,42,114,ES1 5 bat,0.0
mean,2050,42,115,ES1 5 bat,0.0
mean,2050,42,116,ES1 5 bat,0.0
mean,2050,42,117,ES1 5 bat,0.0
mean,2050,42,118,ES1 5 bat,0.0
mean,2050,42,119,ES1 5 bat,0.0
mean,2050,42,120,ES1 5 bat,0.0
mean,2050,42,121,ES1 5 bat,0.0
mean,2050,42,122,ES1 5 bat,0.0
mean,2050,42,123,ES1 5 bat,0.0
mean,2050,42,124,ES1 5 bat,0.0
mean,2050,42,125,ES1 5 bat,0.0
mean,2050,42,126,ES1 5 bat,0.0
mean,2050,42,127,ES1 5 bat,0.0
mean,2050,42,128,ES1 5 bat,0.0
mean,2050,42,129,ES1 5 bat,0.0
mean,2050,42,130,ES1 5 bat,0.0
mean,2050,42,131,ES1 5 bat,0.0
mean,2050,42,132,ES1 5 bat,0.0
mean,2050,42,133,ES1 5 bat,0.0
mean,2050,42,134,ES1 5 bat,0.0
mean,2050,42,135,ES1 5 bat,0.0
mean,2050,42,136,ES1 5 bat,0.0
mean,2050,42,137,ES1 5 bat,0.0
mean,2050,42,138,ES1 5 bat,0.0
mean,2050,42,139,ES1 5 bat,0.0
mean,2050,42,140,ES1 5 bat,0.0
mean,2050,42,141,ES1 5 bat,0.0
mean,2050,42,142,ES1 5 bat,0.0
mean,2050,42,143,ES1 5 bat,0.0
mean,2050,42,144,ES1 5 bat,0.0
mean,2050,42,145,ES1 5 bat,0.0
mean,2050,42,146,ES1 5 bat,0.0
mean,2050,42,147,ES1 5 bat,0.0
mean,2050,42,148,ES1 5 bat,0.0
mean,2050,42,149,ES1 5 bat,0.0
mean,2050,42,150,ES1 5 bat,0.0
mean,2050,42,151,ES1 5 bat,0.0
mean,2050,42,152,ES1 5 bat,0.0
mean,2050,42,153,ES1 5 bat,0.0
mean,2050,42,154,ES1 5 bat,0.0
mean,2050,42,155,ES1 5 bat,0.0
mean,2050,42,156,ES1 5 bat,0.0
mean,2050,42,157,ES1 5 bat,0.0
mean,2050,42,158,ES1 5 bat,0.0
mean,2050,42,159,ES1 5 bat,0.0
mean,2050,42,160,ES1 5 bat,0.0
mean,2050,42,161,ES1 5 bat,0.0
mean,2050,42,162,ES1 5 bat,0.0
mean,2050,42,163,ES1 5 bat,0.0
mean,2050,42,164,ES1 5 bat,0.0
mean,2050,42,165,ES1 5 bat,0.0
mean,2050,42,166,ES1 5 bat,0.0
mean,2050,42,167,ES1 5 bat,0.0
mean,2050,52,0,ES1 5 bat,0.0
mean,2050,52,1,ES1 5 bat,0.0
mean,2050,52,2,ES1 5 bat,0.0
mean,2050,52,3,ES1 5 bat,0.0
mean,2050,52,4,ES1 5 bat,0.0
mean,2050,52,5,ES1 5 bat,0.0
mean,2050,52,6,ES1 5 bat,0.0
mean,2050,52,7,ES1 5 bat,0.0
mean,2050,52,8,ES1 5 bat,0.0
mean,2050,52,9,ES1 5 bat,0.0
mean,2050,52,10,ES1 5 bat,0.0
mean,2050,52,11,ES1 5 bat,0.0
mean,2050,52,12,ES1 5 bat,0.0
mean,2050,52,13,ES1 5 bat,0.0
mean,2050,52,14,ES1 5 bat,0.0
mean,2050,52,15,ES1 5 bat,0.0
mean,2050,52,16,ES1 5 bat,0.0
mean,2050,52,17,ES1 5 bat,0.0
mean,2050,52,18,ES1 5 bat,0.0
mean,2050,52,19,ES1 5 bat,0.0
mean,2050,52,20,ES1 5 bat,0.0
mean,2050,52,21,ES1 5 bat,0.0
mean,2050,52,22,ES1 5 bat,0.0
mean,2050,52,23,ES1 5 bat,0.0
mean,2050,52,24,ES1 5 bat,0.0
mean,2050,52,25,ES1 5 bat,0.0
mean,2050,52,26,ES1 5 bat,0.0
mean,2050,52,27,ES1 5 bat,0.0
mean,2050,52,28,ES1 5 bat,0.0
mean,2050,52,29,ES1 5 bat,0.0
mean,2050,52,30,ES1 5 bat,0.0
mean,2050,52,31,ES1 5 bat,0.0
mean,2050,52,32,ES1 5 bat,0.0
mean,2050,52,33,ES1 5 bat,0.0
mean,2050,52,34,ES1 5 bat,0.0
mean,2050,52,35,ES1 5 bat,0.0
mean,2050,52,36,ES1 5 bat,0.0
mean,2050,52,37,ES1 5 bat,0.0
mean,2050,52,38,ES1 5 bat,0.0
mean,2050,52,39,ES1 5 bat,0.0
mean,2050,52,40,ES1 5 bat,0.0
mean,2050,52,41,ES1 5 bat,0.0
mean,2050,52,42,ES1 5 bat,0.0
mean,2050,52,43,ES1 5 bat,0.0
mean,2050,52,44,ES1 5 bat,0.0
mean,2050,52,45,ES1 5 bat,0.0
mean,2050,52,46,ES1 5 bat,0.0
mean,2050,52,47,ES1 5 bat,0.0
mean,2050,52,48,ES1 5 bat,0.0
mean,2050,52,49,ES1 5 bat,0.0
mean,2050,52,50,ES1 5 bat,0.0
mean,2050,52,51,ES1 5 bat,0.0
mean,2050,52,52,ES1 5 bat,0.0
mean,2050,52,53,ES1 5 bat,0.0
mean,2050,52,54,ES1 5 bat,0.0
mean,2050,52,55,ES1 5 bat,0.0
mean,2050,52,56,ES1 5 bat,0.0
mean,2050,52,57,ES1 5 bat,0.0
mean,2050,52,58,ES1 5 bat,0.0
mean,2050,52,59,ES1 5 bat,0.0
mean,2050,52,60,ES1 5 bat,0.0
mean,2050,52,61,ES1 5 bat,0.0
mean,2050,52,62,ES1 5 bat,0.0
mean,2050,52,63,ES1 5 bat,0.0
mean,2050,52,64,ES1 5 bat,0.0
mean,2050,52,65,ES1 5 bat,0.0
mean,2050,52,66,ES1 5 bat,0.0
mean,2050,52,67,ES1 5 bat,0.0
mean,2050,52,68,ES1 5 bat,0.0
mean,2050,52,69,ES1 5 bat,0.0
mean,2050,52,70,ES1 5 bat,0.0
mean,2050,52,71,ES1 5 bat,0.0
mean,2050,52,72,ES1 5 bat,0.0
mean,2050,52,73,ES1 5 bat,0.0
mean,2050,52,74,ES1 5 bat,0.0
mean,2050,52,75,ES1 5 bat,0.0
mean,2050,52,76,ES1 5 bat,0.0
mean,2050,52,77,ES1 5 bat,0.0
mean,2050,52,78,ES1 5 bat,0.0
mean,2050,52,79,ES1 5 bat,0.0
mean,2050,52,80,ES1 5 bat,0.0
mean,2050,52,81,ES1 5 bat,0.0
mean,2050,52,82,ES1 5 bat,0.0
mean,2050,52,83,ES1 5 bat,0.0
mean,2050,52,84,ES1 5 bat,0.0
mean,2050,52,85,ES1 5 bat,0.0
mean,2050,52,86,ES1 5 bat,0.0
mean,2050,52,87,ES1 5 bat,0.0
mean,2050,52,88,ES1 5 bat,0.0
mean,2050,52,89,ES1 5 bat,0.0
mean,2050,52,90,ES1 5 bat,0.0
mean,2050,52,91,ES1 5 bat,0.0
mean,2050,52,92,ES1 5 bat,0.0
mean,2050,52,93,ES1 5 bat,0.0
mean,2050,52,94,ES1 5 bat,0.0
mean,2050,52,95,ES1 5 bat,0.0
mean,2050,52,96,ES1 5 bat,0.0
mean,2050,52,97,ES1 5 bat,0.0
mean,2050,52,98,ES1 5 bat,0.0
mean,2050,52,99,ES1 5 bat,0.0
mean,2050,52,100,ES1 5 bat,0.0
mean,2050,52,101,ES1 5 bat,0.0
mean,2050,52,102,ES1 5 bat,0.0
mean,2050,52,103,ES1 5 bat,0.0
mean,2050,52,104,ES1 5 bat,0.0
mean,2050,52,105,ES1 5 bat,0.0
mean,2050,52,106,ES1 5 bat,0.0
mean,2050,52,107,ES1 5 bat,0.0
mean,2050,52,108,ES1 5 bat,0.0
mean,2050,52,109,ES1 5 bat,0.0
mean,2050,52,110,ES1 5 bat,0.0
mean,2050,52,111,ES1 5 bat,0.0
mean,2050,52,112,ES1 5 bat,0.0
mean,2050,52,113,ES1 5 bat,0.0
mean,2050,52,114,ES1 5 bat,0.0
mean,2050,52,115,ES1 5 bat,0.0
mean,2050,52,116,ES1 5 bat,0.0
mean,2050,52,117,ES1 5 bat,0.0
mean,2050,52,118,ES1 5 bat,0.0
mean,2050,52,119,ES1 5 bat,0.0
mean,2050,52,120,ES1 5 bat,0.0
mean,2050,52,121,ES1 5 bat,0.0
mean,2050,52,122,ES1 5 bat,0.0
mean,2050,52,123,ES1 5 bat,0.0
mean,2050,52,124,ES1 5 bat,0.0
mean,2050,52,125,ES1 5 bat,0.0
mean,2050,52,126,ES1 5 bat,0.0
mean,2050,52,127,ES1 5 bat,0.0
mean,2050,52,128,ES1 5 bat,0.0
mean,2050,52,129,ES1 5 bat,0.0
mean,2050,52,130,ES1 5 bat,0.0
mean,2050,52,131,ES1 5 bat,0.0
mean,2050,52,132,ES1 5 bat,0.0
mean,2050,52,133,ES1 5 bat,0.0
mean,2050,52,134,ES1 5 bat,0.0
mean,2050,52,135,ES1 5 bat,0.0
mean,2050,52,136,ES1 5 bat,0.0
mean,2050,52,137,ES1 5 bat,0.0
mean,2050,52,138,ES1 5 bat,0.0
mean,2050,52,139,ES1 5 bat,0.0
mean,2050,52,140,ES1 5 bat,0.0
mean,2050,52,141,ES1 5 bat,0.0
mean,2050,52,142,ES1 5 bat,0.0
mean,2050,52,143,ES1 5 bat,0.0
mean,2050,52,144,ES1 5 bat,0.0
mean,2050,52,145,ES1 5 bat,0.0
mean,2050,52,146,ES1 5 bat,0.0
mean,2050,52,147,ES1 5 bat,0.0
mean,2050,52,148,ES1 5 bat,0.0
mean,2050,52,149,ES1 5 bat,0.0
mean,2050,52,150,ES1 5 bat,0.0
mean,2050,52,151,ES1 5 bat,0.0
mean,2050,52,152,ES1 5 bat,0.0
mean,2050,52,153,ES1 5 bat,0.0
mean,2050,52,154,ES1 5 bat,0.0
mean,2050,52,155,ES1 5 bat,0.0
mean,2050,52,156,ES1 5 bat,0.0
mean,2050,52,157,ES1 5 bat,0.0
mean,2050,52,158,ES1 5 bat,0.0
mean,2050,52,159,ES1 5 bat,0.0
mean,2050,52,160,ES1 5 bat,0.0
mean,2050,52,161,ES1 5 bat,0.0
mean,2050,52,162,ES1 5 bat,0.0
mean,2050,52,163,ES1 5 bat,0.0
mean,2050,52,164,ES1 5 bat,0.0
mean,2050,52,165,ES1 5 bat,0.0
mean,2050,52,166,ES1 5 bat,0.0
mean,2050,52,167,ES1 5 bat,0.0
mean,2025,11,0,ES1 6 bat,34333.23490878105
mean,2025,11,1,ES1 6 bat,0.3634033256702776
mean,2025,11,2,ES1 6 bat,0.3634033256702776
mean,2025,11,3,ES1 6 bat,0.3634033256702776
mean,2025,11,4,ES1 6 bat,0.3634033256702776
mean,2025,11,5,ES1 6 bat,1.0902554267329612
mean,2025,11,6,ES1 6 bat,0.0
mean,2025,11,7,ES1 6 bat,0.0
mean,2025,11,8,ES1 6 bat,0.3634033256702776
mean,2025,11,9,ES1 6 bat,0.3634033256702776
mean,2025,11,10,ES1 6 bat,0.3634033256702776
mean,2025,11,11,ES1 6 bat,0.3634033256702776
mean,2025,11,12,ES1 6 bat,0.3634033256702776
mean,2025,11,13,ES1 6 bat,0.3634033256702776
mean,2025,11,14,ES1 6 bat,0.3634033256702776
mean,2025,11,15,ES1 6 bat,0.3634033256702776
mean,2025,11,16,ES1 6 bat,0.3634033256702776
mean,2025,11,17,ES1 6 bat,2.1806472121077567
mean,2025,11,18,ES1 6 bat,0.0
mean,2025,11,19,ES1 6 bat,0.0
mean,2025,11,20,ES1 6 bat,0.0
mean,2025,11,21,ES1 6 bat,0.0
mean,2025,11,22,ES1 6 bat,0.0
mean,2025,11,23,ES1 6 bat,0.3634033256702776
mean,2025,11,24,ES1 6 bat,9.089629503783467
mean,2025,11,25,ES1 6 bat,0.0
mean,2025,11,26,ES1 6 bat,0.0
mean,2025,11,27,ES1 6 bat,0.0
mean,2025,11,28,ES1 6 bat,0.0
mean,2025,11,29,ES1 6 bat,0.0
mean,2025,11,30,ES1 6 bat,0.0
mean,2025,11,31,ES1 6 bat,0.0
mean,2025,11,32,ES1 6 bat,0.0
mean,2025,11,33,ES1 6 bat,0.0
mean,2025,11,34,ES1 6 bat,0.0
mean,2025,11,35,ES1 6 bat,0.0
mean,2025,11,36,ES1 6 bat,0.0
mean,2025,11,37,ES1 6 bat,0.0
mean,2025,11,38,ES1 6 bat,0.0
mean,2025,11,39,ES1 6 bat,0.0
mean,2025,11,40,ES1 6 bat,0.0
mean,2025,11,41,ES1 6 bat,0.0
mean,2025,11,42,ES1 6 bat,0.0
mean,2025,11,43,ES1 6 bat,0.0
mean,2025,11,44,ES1 6 bat,0.0
mean,2025,11,45,ES1 6 bat,0.0
mean,2025,11,46,ES1 6 bat,0.0
mean,2025,11,47,ES1 6 bat,0.0
mean,2025,11,48,ES1 6 bat,0.0
mean,2025,11,49,ES1 6 bat,0.3634033256702776
mean,2025,11,50,ES1 6 bat,0.3634033256702776
mean,2025,11,51,ES1 6 bat,0.3634033256702776
mean,2025,11,52,ES1 6 bat,1.453704203389379
mean,2025,11,53,ES1 6 bat,0.0
mean,2025,11,54,ES1 6 bat,0.0
mean,2025,11,55,ES1 6 bat,0.0
mean,2025,11,56,ES1 6 bat,0.3634033256702776
mean,2025,11,57,ES1 6 bat,0.3634033256702776
mean,2025,11,58,ES1 6 bat,0.3634033256702776
mean,2025,11,59,ES1 6 bat,0.3634033256702776
mean,2025,11,60,ES1 6 bat,0.3634033256702776
mean,2025,11,61,ES1 6 bat,4266.121212559595
mean,2025,11,62,ES1 6 bat,7653.733881330356
mean,2025,11,63,ES1 6 bat,6828.340254334471
mean,2025,11,64,ES1 6 bat,4993.317568272249
mean,2025,11,65,ES1 6 bat,937.2112984384751
mean,2025,11,66,ES1 6 bat,0.0
mean,2025,11,67,ES1 6 bat,0.0
mean,2025,11,68,ES1 6 bat,0.0
mean,2025,11,69,ES1 6 bat,0.0
mean,2025,11,70,ES1 6 bat,0.0
mean,2025,11,71,ES1 6 bat,0.0
mean,2025,11,72,ES1 6 bat,989.9338630717805
mean,2025,11,73,ES1 6 bat,1664.9426009405047
mean,2025,11,74,ES1 6 bat,1408.360534073349
mean,2025,11,75,ES1 6 bat,818.1666255569535
mean,2025,11,76,ES1 6 bat,0.0
mean,2025,11,77,ES1 6 bat,0.0
mean,2025,11,78,ES1 6 bat,0.0
mean,2025,11,79,ES1 6 bat,0.0
mean,2025,11,80,ES1 6 bat,0.0
mean,2025,11,81,ES1 6 bat,680.4292135998176
mean,2025,11,82,ES1 6 bat,4849.780119559287
mean,2025,11,83,ES1 6 bat,7643.052243271435
mean,2025,11,84,ES1 6 bat,8358.666505223802
mean,2025,11,85,ES1 6 bat,9261.171567484878
mean,2025,11,86,ES1 6 bat,7086.489173204893
mean,2025,11,87,ES1 6 bat,2342.486892170009
mean,2025,11,88,ES1 6 bat,3.270629931039923
mean,2025,11,89,ES1 6 bat,0.0
mean,2025,11,90,ES1 6 bat,0.0
mean,2025,11,91,ES1 6 bat,0.0
mean,2025,11,92,ES1 6 bat,0.0
mean,2025,11,93,ES1 6 bat,0.0
mean,2025,11,94,ES1 6 bat,0.0
mean,2025,11,95,ES1 6 bat,0.0
mean,2025,11,96,ES1 6 bat,0.0
mean,2025,11,97,ES1 6 bat,0.0
mean,2025,11,98,ES1 6 bat,0.0
mean,2025,11,99,ES1 6 bat,0.0
mean,2025,11,100,ES1 6 bat,39.23856187782581
mean,2025,11,101,ES1 6 bat,0.0
mean,2025,11,102,ES1 6 bat,0.0
mean,2025,11,103,ES1 6 bat,0.0
mean,2025,11,104,ES1 6 bat,0.0
mean,2025,11,105,ES1 6 bat,0.0
mean,2025,11,106,ES1 6 bat,2678.7104066775123
mean,2025,11,107,ES1 6 bat,0.0
mean,2025,11,108,ES1 6 bat,3833.4193961617675
mean,2025,11,109,ES1 6 bat,0.0
mean,2025,11,110,ES1 6 bat,395.6009960238292
mean,2025,11,111,ES1 6 bat,0.0
mean,2025,11,112,ES1 6 bat,0.0
mean,2025,11,113,ES1 6 bat,0.0
mean,2025,11,114,ES1 6 bat,0.0
mean,2025,11,115,ES1 6 bat,0.0
mean,2025,11,116,ES1 6 bat,0.0
mean,2025,11,117,ES1 6 bat,0.0
mean,2025,11,118,ES1 6 bat,0.0
mean,2025,11,119,ES1 6 bat,0.0
mean,2025,11,120,ES1 6 bat,0.0
mean,2025,11,121,ES1 6 bat,0.0
mean,2025,11,122,ES1 6 bat,0.3634033256702776
mean,2025,11,123,ES1 6 bat,0.3634033256702776
mean,2025,11,124,ES1 6 bat,0.3634033256702776
mean,2025,11,125,ES1 6 bat,0.3634033256702776
mean,2025,11,126,ES1 6 bat,0.3634033256702776
mean,2025,11,127,ES1 6 bat,0.3634033256702776
mean,2025,11,128,ES1 6 bat,0.3634033256702776
mean,2025,11,129,ES1 6 bat,0.3634033256702776
mean,2025,11,130,ES1 6 bat,0.3634033256702776
mean,2025,11,131,ES1 6 bat,0.3634033256702776
mean,2025,11,132,ES1 6 bat,0.3634033256702776
mean,2025,11,133,ES1 6 bat,313.52620778254874
mean,2025,11,134,ES1 6 bat,3024.241493680569
mean,2025,11,135,ES1 6 bat,3419.520810331098
mean,2025,11,136,ES1 6 bat,2162.8275042261175
mean,2025,11,137,ES1 6 bat,0.0
mean,2025,11,138,ES1 6 bat,0.0
mean,2025,11,139,ES1 6 bat,0.0
mean,2025,11,140,ES1 6 bat,0.0
mean,2025,11,141,ES1 6 bat,0.0
mean,2025,11,142,ES1 6 bat,0.0
mean,2025,11,143,ES1 6 bat,0.0
mean,2025,11,144,ES1 6 bat,0.0
mean,2025,11,145,ES1 6 bat,0.0
mean,2025,11,146,ES1 6 bat,0.0
mean,2025,11,147,ES1 6 bat,0.0
mean,2025,11,148,ES1 6 bat,0.0
mean,2025,11,149,ES1 6 bat,0.0
mean,2025,11,150,ES1 6 bat,0.0
mean,2025,11,151,ES1 6 bat,0.0
mean,2025,11,152,ES1 6 bat,0.0
mean,2025,11,153,ES1 6 bat,0.0
mean,2025,11,154,ES1 6 bat,0.0
mean,2025,11,155,ES1 6 bat,0.3634033256702776
mean,2025,11,156,ES1 6 bat,0.3634033256702776
mean,2025,11,157,ES1 6 bat,0.3634033256702776
mean,2025,11,158,ES1 6 bat,0.3634033256702776
mean,2025,11,159,ES1 6 bat,3.2711753731783406
mean,2025,11,160,ES1 6 bat,0.0
mean,2025,11,161,ES1 6 bat,0.0
mean,2025,11,162,ES1 6 bat,0.0
mean,2025,11,163,ES1 6 bat,0.0
mean,2025,11,164,ES1 6 bat,0.0
mean,2025,11,165,ES1 6 bat,0.0
mean,2025,11,166,ES1 6 bat,0.0
mean,2025,11,167,ES1 6 bat,0.0
mean,2025,21,0,ES1 6 bat,0.0
mean,2025,21,1,ES1 6 bat,2.5441414454337288
mean,2025,21,2,ES1 6 bat,0.0
mean,2025,21,3,ES1 6 bat,0.0
mean,2025,21,4,ES1 6 bat,0.0
mean,2025,21,5,ES1 6 bat,0.0
mean,2025,21,6,ES1 6 bat,0.0
mean,2025,21,7,ES1 6 bat,0.0
mean,2025,21,8,ES1 6 bat,0.3634033256702776
mean,2025,21,9,ES1 6 bat,0.3634033256702776
mean,2025,21,10,ES1 6 bat,0.3634033256702776
mean,2025,21,11,ES1 6 bat,0.3634033256702776
mean,2025,21,12,ES1 6 bat,0.3634033256702776
mean,2025,21,13,ES1 6 bat,0.3634033256702776
mean,2025,21,14,ES1 6 bat,0.3634033256702776
mean,2025,21,15,ES1 6 bat,6.543578281139626
mean,2025,21,16,ES1 6 bat,0.0
mean,2025,21,17,ES1 6 bat,0.0
mean,2025,21,18,ES1 6 bat,0.0
mean,2025,21,19,ES1 6 bat,0.0
mean,2025,21,20,ES1 6 bat,0.0
mean,2025,21,21,ES1 6 bat,0.0
mean,2025,21,22,ES1 6 bat,0.0
mean,2025,21,23,ES1 6 bat,0.0
mean,2025,21,24,ES1 6 bat,0.0
mean,2025,21,25,ES1 6 bat,0.0
mean,2025,21,26,ES1 6 bat,0.0
mean,2025,21,27,ES1 6 bat,0.0
mean,2025,21,28,ES1 6 bat,0.0
mean,2025,21,29,ES1 6 bat,0.0
mean,2025,21,30,ES1 6 bat,0.0
mean,2025,21,31,ES1 6 bat,0.0
mean,2025,21,32,ES1 6 bat,0.0
mean,2025,21,33,ES1 6 bat,0.3634033256702776
mean,2025,21,34,ES1 6 bat,0.3634033256702776
mean,2025,21,35,ES1 6 bat,0.3634033256702776
mean,2025,21,36,ES1 6 bat,0.3634033256702776
mean,2025,21,37,ES1 6 bat,0.3634033256702776
mean,2025,21,38,ES1 6 bat,0.3634033256702776
mean,2025,21,39,ES1 6 bat,1456.9105694055042
mean,2025,21,40,ES1 6 bat,935.222581094625
mean,2025,21,41,ES1 6 bat,0.0
mean,2025,21,42,ES1 6 bat,0.0
mean,2025,21,43,ES1 6 bat,0.0
mean,2025,21,44,ES1 6 bat,0.0
mean,2025,21,45,ES1 6 bat,0.0
mean,2025,21,46,ES1 6 bat,0.0
mean,2025,21,47,ES1 6 bat,0.0
mean,2025,21,48,ES1 6 bat,0.0
mean,2025,21,49,ES1 6 bat,0.0
mean,2025,21,50,ES1 6 bat,0.0
mean,2025,21,51,ES1 6 bat,0.0
mean,2025,21,52,ES1 6 bat,0.0
mean,2025,21,53,ES1 6 bat,0.0
mean,2025,21,54,ES1 6 bat,0.0
mean,2025,21,55,ES1 6 bat,0.0
mean,2025,21,56,ES1 6 bat,0.3634033256702776
mean,2025,21,57,ES1 6 bat,0.3634033256702776
mean,2025,21,58,ES1 6 bat,0.3634033256702776
mean,2025,21,59,ES1 6 bat,1001.3063950830747
mean,2025,21,60,ES1 6 bat,31.386903012537005
mean,2025,21,61,ES1 6 bat,2022.4054306097933
mean,2025,21,62,ES1 6 bat,907.3655730206847
mean,2025,21,63,ES1 6 bat,0.0
mean,2025,21,64,ES1 6 bat,0.0
mean,2025,21,65,ES1 6 bat,0.0
mean,2025,21,66,ES1 6 bat,0.0
mean,2025,21,67,ES1 6 bat,0.0
mean,2025,21,68,ES1 6 bat,0.0
mean,2025,21,69,ES1 6 bat,0.0
mean,2025,21,70,ES1 6 bat,0.0
mean,2025,21,71,ES1 6 bat,0.0
mean,2025,21,72,ES1 6 bat,0.0
mean,2025,21,73,ES1 6 bat,0.0
mean,2025,21,74,ES1 6 bat,0.0
mean,2025,21,75,ES1 6 bat,0.0
mean,2025,21,76,ES1 6 bat,0.0
mean,2025,21,77,ES1 6 bat,0.0
mean,2025,21,78,ES1 6 bat,0.0
mean,2025,21,79,ES1 6 bat,0.0
mean,2025,21,80,ES1 6 bat,0.0
mean,2025,21,81,ES1 6 bat,0.0
mean,2025,21,82,ES1 6 bat,0.0
mean,2025,21,83,ES1 6 bat,1117.068880488018
mean,2025,21,84,ES1 6 bat,3282.351676147775
mean,2025,21,85,ES1 6 bat,3326.8141768512446
mean,2025,21,86,ES1 6 bat,0.0
mean,2025,21,87,ES1 6 bat,0.0
mean,2025,21,88,ES1 6 bat,0.0
mean,2025,21,89,ES1 6 bat,0.0
mean,2025,21,90,ES1 6 bat,0.0
mean,2025,21,91,ES1 6 bat,0.0
mean,2025,21,92,ES1 6 bat,0.0
mean,2025,21,93,ES1 6 bat,0.0
mean,2025,21,94,ES1 6 bat,0.0
mean,2025,21,95,ES1 6 bat,0.0
mean,2025,21,96,ES1 6 bat,0.0
mean,2025,21,97,ES1 6 bat,362.3380365380974
mean,2025,21,98,ES1 6 bat,0.0
mean,2025,21,99,ES1 6 bat,0.0
mean,2025,21,100,ES1 6 bat,0.0
mean,2025,21,101,ES1 6 bat,0.0
mean,2025,21,102,ES1 6 bat,0.0
mean,2025,21,103,ES1 6 bat,0.0
mean,2025,21,104,ES1 6 bat,0.3634033256702776
mean,2025,21,105,ES1 6 bat,0.3634033256702776
mean,2025,21,106,ES1 6 bat,0.3634033256702776
mean,2025,21,107,ES1 6 bat,0.3634033256702776
mean,2025,21,108,ES1 6 bat,4805.465763319138
mean,2025,21,109,ES1 6 bat,5762.921253244765
mean,2025,21,110,ES1 6 bat,3130.0696371765957
mean,2025,21,111,ES1 6 bat,0.0
mean,2025,21,112,ES1 6 bat,0.0
mean,2025,21,113,ES1 6 bat,0.0
mean,2025,21,114,ES1 6 bat,0.0
mean,2025,21,115,ES1 6 bat,0.0
mean,2025,21,116,ES1 6 bat,0.0
mean,2025,21,117,ES1 6 bat,0.0
mean,2025,21,118,ES1 6 bat,0.0
mean,2025,21,119,ES1 6 bat,0.0
mean,2025,21,120,ES1 6 bat,0.0
mean,2025,21,121,ES1 6 bat,0.0
mean,2025,21,122,ES1 6 bat,0.0
mean,2025,21,123,ES1 6 bat,0.0
mean,2025,21,124,ES1 6 bat,0.0
mean,2025,21,125,ES1 6 bat,0.0
mean,2025,21,126,ES1 6 bat,0.0
mean,2025,21,127,ES1 6 bat,0.0
mean,2025,21,128,ES1 6 bat,0.0
mean,2025,21,129,ES1 6 bat,0.0
mean,2025,21,130,ES1 6 bat,909.8526567987628
mean,2025,21,131,ES1 6 bat,0.0
mean,2025,21,132,ES1 6 bat,5653.647128149578
mean,2025,21,133,ES1 6 bat,6286.060964539036
mean,2025,21,134,ES1 6 bat,6430.857579323181
mean,2025,21,135,ES1 6 bat,5978.085389143781
mean,2025,21,136,ES1 6 bat,0.0
mean,2025,21,137,ES1 6 bat,3307.622046441849
mean,2025,21,138,ES1 6 bat,0.0
mean,2025,21,139,ES1 6 bat,0.0
mean,2025,21,140,ES1 6 bat,0.0
mean,2025,21,141,ES1 6 bat,0.0
mean,2025,21,142,ES1 6 bat,0.0
mean,2025,21,143,ES1 6 bat,0.0
mean,2025,21,144,ES1 6 bat,0.0
mean,2025,21,145,ES1 6 bat,0.0
mean,2025,21,146,ES1 6 bat,0.0
mean,2025,21,147,ES1 6 bat,0.0
mean,2025,21,148,ES1 6 bat,0.0
mean,2025,21,149,ES1 6 bat,0.0
mean,2025,21,150,ES1 6 bat,0.0
mean,2025,21,151,ES1 6 bat,0.0
mean,2025,21,152,ES1 6 bat,0.3634033256702776
mean,2025,21,153,ES1 6 bat,0.3634033256702776
mean,2025,21,154,ES1 6 bat,8.51597304803613
mean,2025,21,155,ES1 6 bat,671.4216853254086
mean,2025,21,156,ES1 6 bat,1288.8965176957618
mean,2025,21,157,ES1 6 bat,2043.5665868272017
mean,2025,21,158,ES1 6 bat,1901.9618205491174
mean,2025,21,159,ES1 6 bat,1468.3689590192723
mean,2025,21,160,ES1 6 bat,743.7277875869513
mean,2025,21,161,ES1 6 bat,0.0
mean,2025,21,162,ES1 6 bat,0.0
mean,2025,21,163,ES1 6 bat,0.0
mean,2025,21,164,ES1 6 bat,0.0
mean,2025,21,165,ES1 6 bat,0.0
mean,2025,21,166,ES1 6 bat,0.0
mean,2025,21,167,ES1 6 bat,0.0
mean,2025,42,0,ES1 6 bat,42715.74976453434
mean,2025,42,1,ES1 6 bat,0.3634033256702776
mean,2025,42,2,ES1 6 bat,0.3634033256702776
mean,2025,42,3,ES1 6 bat,0.3634033256702776
mean,2025,42,4,ES1 6 bat,1.453704203389379
mean,2025,42,5,ES1 6 bat,0.0
mean,2025,42,6,ES1 6 bat,0.0
mean,2025,42,7,ES1 6 bat,0.0
mean,2025,42,8,ES1 6 bat,0.3634033256702776
mean,2025,42,9,ES1 6 bat,0.3634033256702776
mean,2025,42,10,ES1 6 bat,0.7268218010369533
mean,2025,42,11,ES1 6 bat,0.0
mean,2025,42,12,ES1 6 bat,0.3634033256702776
mean,2025,42,13,ES1 6 bat,6.9072543980057945
mean,2025,42,14,ES1 6 bat,0.0
mean,2025,42,15,ES1 6 bat,0.0
mean,2025,42,16,ES1 6 bat,0.0
mean,2025,42,17,ES1 6 bat,0.0
mean,2025,42,18,ES1 6 bat,0.0
mean,2025,42,19,ES1 6 bat,0.0
mean,2025,42,20,ES1 6 bat,0.0
mean,2025,42,21,ES1 6 bat,0.0
mean,2025,42,22,ES1 6 bat,0.0
mean,2025,42,23,ES1 6 bat,0.0
mean,2025,42,24,ES1 6 bat,0.0
mean,2025,42,25,ES1 6 bat,0.0
mean,2025,42,26,ES1 6 bat,0.0
mean,2025,42,27,ES1 6 bat,0.0
mean,2025,42,28,ES1 6 bat,0.0
mean,2025,42,29,ES1 6 bat,0.0
mean,2025,42,30,ES1 6 bat,0.0
mean,2025,42,31,ES1 6 bat,0.0
mean,2025,42,32,ES1 6 bat,0.3634033256702776
mean,2025,42,33,ES1 6 bat,0.3634033256702776
mean,2025,42,34,ES1 6 bat,226.4099534835923
mean,2025,42,35,ES1 6 bat,4440.561870167417
mean,2025,42,36,ES1 6 bat,5013.384892734098
mean,2025,42,37,ES1 6 bat,4989.681367120278
mean,2025,42,38,ES1 6 bat,4400.516443747029
mean,2025,42,39,ES1 6 bat,3541.204072257539
mean,2025,42,40,ES1 6 bat,0.0
mean,2025,42,41,ES1 6 bat,0.0
mean,2025,42,42,ES1 6 bat,0.0
mean,2025,42,43,ES1 6 bat,0.0
mean,2025,42,44,ES1 6 bat,0.0
mean,2025,42,45,ES1 6 bat,0.0
mean,2025,42,46,ES1 6 bat,826.4776162319422
mean,2025,42,47,ES1 6 bat,3543.452998970697
mean,2025,42,48,ES1 6 bat,4060.1418739159562
mean,2025,42,49,ES1 6 bat,0.0
mean,2025,42,50,ES1 6 bat,2454.5850646508206
mean,2025,42,51,ES1 6 bat,1456.3782462213003
mean,2025,42,52,ES1 6 bat,0.0
mean,2025,42,53,ES1 6 bat,0.0
mean,2025,42,54,ES1 6 bat,0.0
mean,2025,42,55,ES1 6 bat,0.0
mean,2025,42,56,ES1 6 bat,0.0
mean,2025,42,57,ES1 6 bat,0.0
mean,2025,42,58,ES1 6 bat,0.0
mean,2025,42,59,ES1 6 bat,0.0
mean,2025,42,60,ES1 6 bat,0.0
mean,2025,42,61,ES1 6 bat,0.0
mean,2025,42,62,ES1 6 bat,0.0
mean,2025,42,63,ES1 6 bat,0.0
mean,2025,42,64,ES1 6 bat,0.0
mean,2025,42,65,ES1 6 bat,0.0
mean,2025,42,66,ES1 6 bat,0.0
mean,2025,42,67,ES1 6 bat,0.0
mean,2025,42,68,ES1 6 bat,0.0
mean,2025,42,69,ES1 6 bat,0.0
mean,2025,42,70,ES1 6 bat,0.0
mean,2025,42,71,ES1 6 bat,0.0
mean,2025,42,72,ES1 6 bat,0.0
mean,2025,42,73,ES1 6 bat,0.0
mean,2025,42,74,ES1 6 bat,0.0
mean,2025,42,75,ES1 6 bat,0.0
mean,2025,42,76,ES1 6 bat,0.0
mean,2025,42,77,ES1 6 bat,0.0
mean,2025,42,78,ES1 6 bat,0.0
mean,2025,42,79,ES1 6 bat,0.0
mean,2025,42,80,ES1 6 bat,0.0
mean,2025,42,81,ES1 6 bat,0.0
mean,2025,42,82,ES1 6 bat,0.0
mean,2025,42,83,ES1 6 bat,0.0
mean,2025,42,84,ES1 6 bat,0.0
mean,2025,42,85,ES1 6 bat,0.0
mean,2025,42,86,ES1 6 bat,0.0
mean,2025,42,87,ES1 6 bat,0.0
mean,2025,42,88,ES1 6 bat,0.0
mean,2025,42,89,ES1 6 bat,0.0
mean,2025,42,90,ES1 6 bat,0.0
mean,2025,42,91,ES1 6 bat,0.0
mean,2025,42,92,ES1 6 bat,0.0
mean,2025,42,93,ES1 6 bat,0.0
mean,2025,42,94,ES1 6 bat,0.0
mean,2025,42,95,ES1 6 bat,0.0
mean,2025,42,96,ES1 6 bat,0.0
mean,2025,42,97,ES1 6 bat,0.0
mean,2025,42,98,ES1 6 bat,0.0
mean,2025,42,99,ES1 6 bat,0.0
mean,2025,42,100,ES1 6 bat,0.0
mean,2025,42,101,ES1 6 bat,0.0
mean,2025,42,102,ES1 6 bat,0.0
mean,2025,42,103,ES1 6 bat,0.0
mean,2025,42,104,ES1 6 bat,0.0
mean,2025,42,105,ES1 6 bat,0.3634033256702776
mean,2025,42,106,ES1 6 bat,609.5413992700114
mean,2025,42,107,ES1 6 bat,1731.5358464582796
mean,2025,42,108,ES1 6 bat,2924.229271328327
mean,2025,42,109,ES1 6 bat,2935.0533679834916
mean,2025,42,110,ES1 6 bat,1843.0419791637842
mean,2025,42,111,ES1 6 bat,0.0
mean,2025,42,112,ES1 6 bat,0.0
mean,2025,42,113,ES1 6 bat,0.0
mean,2025,42,114,ES1 6 bat,0.0
mean,2025,42,115,ES1 6 bat,0.0
mean,2025,42,116,ES1 6 bat,0.0
mean,2025,42,117,ES1 6 bat,0.0
mean,2025,42,118,ES1 6 bat,0.0
mean,2025,42,119,ES1 6 bat,0.0
mean,2025,42,120,ES1 6 bat,0.0
mean,2025,42,121,ES1 6 bat,0.0
mean,2025,42,122,ES1 6 bat,0.0
mean,2025,42,123,ES1 6 bat,0.0
mean,2025,42,124,ES1 6 bat,0.0
mean,2025,42,125,ES1 6 bat,0.0
mean,2025,42,126,ES1 6 bat,0.0
mean,2025,42,127,ES1 6 bat,0.0
mean,2025,42,128,ES1 6 bat,0.0
mean,2025,42,129,ES1 6 bat,0.0
mean,2025,42,130,ES1 6 bat,0.0
mean,2025,42,131,ES1 6 bat,1095.115760354889
mean,2025,42,132,ES1 6 bat,10253.3087960308
mean,2025,42,133,ES1 6 bat,1106.0838180382298
mean,2025,42,134,ES1 6 bat,4107.315606995954
mean,2025,42,135,ES1 6 bat,0.0
mean,2025,42,136,ES1 6 bat,0.0
mean,2025,42,137,ES1 6 bat,0.0
mean,2025,42,138,ES1 6 bat,0.0
mean,2025,42,139,ES1 6 bat,0.0
mean,2025,42,140,ES1 6 bat,0.0
mean,2025,42,141,ES1 6 bat,0.0
mean,2025,42,142,ES1 6 bat,0.0
mean,2025,42,143,ES1 6 bat,0.0
mean,2025,42,144,ES1 6 bat,0.0
mean,2025,42,145,ES1 6 bat,0.0
mean,2025,42,146,ES1 6 bat,0.0
mean,2025,42,147,ES1 6 bat,0.0
mean,2025,42,148,ES1 6 bat,0.0
mean,2025,42,149,ES1 6 bat,0.0
mean,2025,42,150,ES1 6 bat,0.0
mean,2025,42,151,ES1 6 bat,0.0
mean,2025,42,152,ES1 6 bat,0.0
mean,2025,42,153,ES1 6 bat,717.5730702253477
mean,2025,42,154,ES1 6 bat,2647.8749730294494
mean,2025,42,155,ES1 6 bat,3254.367703901401
mean,2025,42,156,ES1 6 bat,10925.81968796807
mean,2025,42,157,ES1 6 bat,3829.9816812990484
mean,2025,42,158,ES1 6 bat,3297.2017398428025
mean,2025,42,159,ES1 6 bat,1354.2513186550414
mean,2025,42,160,ES1 6 bat,0.0
mean,2025,42,161,ES1 6 bat,0.0
mean,2025,42,162,ES1 6 bat,0.0
mean,2025,42,163,ES1 6 bat,0.0
mean,2025,42,164,ES1 6 bat,0.0
mean,2025,42,165,ES1 6 bat,0.0
mean,2025,42,166,ES1 6 bat,0.0
mean,2025,42,167,ES1 6 bat,0.0
mean,2025,52,0,ES1 6 bat,0.0
mean,2025,52,1,ES1 6 bat,0.3634033256702776
mean,2025,52,2,ES1 6 bat,0.3634033256702776
mean,2025,52,3,ES1 6 bat,0.3634033256702776
mean,2025,52,4,ES1 6 bat,0.3634033256702776
mean,2025,52,5,ES1 6 bat,0.3634033256702776
mean,2025,52,6,ES1 6 bat,0.7268218010369533
mean,2025,52,7,ES1 6 bat,0.0
mean,2025,52,8,ES1 6 bat,0.3634033256702776
mean,2025,52,9,ES1 6 bat,0.3634033256702776
mean,2025,52,10,ES1 6 bat,0.3634033256702776
mean,2025,52,11,ES1 6 bat,0.3634033256702776
mean,2025,52,12,ES1 6 bat,0.3634033256702776
mean,2025,52,13,ES1 6 bat,0.3634033256702776
mean,2025,52,14,ES1 6 bat,0.3634033256702776
mean,2025,52,15,ES1 6 bat,1.453704203389379
mean,2025,52,16,ES1 6 bat,0.0
mean,2025,52,17,ES1 6 bat,0.0
mean,2025,52,18,ES1 6 bat,0.0
mean,2025,52,19,ES1 6 bat,0.3634033256702776
mean,2025,52,20,ES1 6 bat,0.3634033256702776
mean,2025,52,21,ES1 6 bat,0.3634033256702776
mean,2025,52,22,ES1 6 bat,0.3634033256702776
mean,2025,52,23,ES1 6 bat,0.3634033256702776
mean,2025,52,24,ES1 6 bat,0.3634033256702776
mean,2025,52,25,ES1 6 bat,0.3634033256702776
mean,2025,52,26,ES1 6 bat,0.3634033256702776
mean,2025,52,27,ES1 6 bat,0.3634033256702776
mean,2025,52,28,ES1 6 bat,0.3634033256702776
mean,2025,52,29,ES1 6 bat,0.3634033256702776
mean,2025,52,30,ES1 6 bat,0.3634033256702776
mean,2025,52,31,ES1 6 bat,0.7268218010369533
mean,2025,52,32,ES1 6 bat,0.0
mean,2025,52,33,ES1 6 bat,0.3634033256702776
mean,2025,52,34,ES1 6 bat,0.3634033256702776
mean,2025,52,35,ES1 6 bat,0.3634033256702776
mean,2025,52,36,ES1 6 bat,0.3634033256702776
mean,2025,52,37,ES1 6 bat,0.3634033256702776
mean,2025,52,38,ES1 6 bat,0.3634033256702776
mean,2025,52,39,ES1 6 bat,0.3634033256702776
mean,2025,52,40,ES1 6 bat,0.7268218010369533
mean,2025,52,41,ES1 6 bat,0.0
mean,2025,52,42,ES1 6 bat,0.3634033256702776
mean,2025,52,43,ES1 6 bat,0.3634033256702776
mean,2025,52,44,ES1 6 bat,0.3634033256702776
mean,2025,52,45,ES1 6 bat,0.3634033256702776
mean,2025,52,46,ES1 6 bat,0.3634033256702776
mean,2025,52,47,ES1 6 bat,0.3634033256702776
mean,2025,52,48,ES1 6 bat,0.3634033256702776
mean,2025,52,49,ES1 6 bat,0.3634033256702776
mean,2025,52,50,ES1 6 bat,0.3634033256702776
mean,2025,52,51,ES1 6 bat,0.3634033256702776
mean,2025,52,52,ES1 6 bat,0.3634033256702776
mean,2025,52,53,ES1 6 bat,0.3634033256702776
mean,2025,52,54,ES1 6 bat,0.3634033256702776
mean,2025,52,55,ES1 6 bat,0.3634033256702776
mean,2025,52,56,ES1 6 bat,0.3634033256702776
mean,2025,52,57,ES1 6 bat,0.3634033256702776
mean,2025,52,58,ES1 6 bat,0.3634033256702776
mean,2025,52,59,ES1 6 bat,0.3634033256702776
mean,2025,52,60,ES1 6 bat,0.3634033256702776
mean,2025,52,61,ES1 6 bat,0.3634033256702776
mean,2025,52,62,ES1 6 bat,0.3634033256702776
mean,2025,52,63,ES1 6 bat,0.3634033256702776
mean,2025,52,64,ES1 6 bat,0.3634033256702776
mean,2025,52,65,ES1 6 bat,0.3634033256702776
mean,2025,52,66,ES1 6 bat,0.3634033256702776
mean,2025,52,67,ES1 6 bat,0.3634033256702776
mean,2025,52,68,ES1 6 bat,0.3634033256702776
mean,2025,52,69,ES1 6 bat,0.3634033256702776
mean,2025,52,70,ES1 6 bat,0.3634033256702776
mean,2025,52,71,ES1 6 bat,0.3634033256702776
mean,2025,52,72,ES1 6 bat,0.3634033256702776
mean,2025,52,73,ES1 6 bat,0.3634033256702776
mean,2025,52,74,ES1 6 bat,0.3634033256702776
mean,2025,52,75,ES1 6 bat,0.3634033256702776
mean,2025,52,76,ES1 6 bat,0.3634033256702776
mean,2025,52,77,ES1 6 bat,0.3634033256702776
mean,2025,52,78,ES1 6 bat,0.3634033256702776
mean,2025,52,79,ES1 6 bat,0.7268218010369533
mean,2025,52,80,ES1 6 bat,0.0
mean,2025,52,81,ES1 6 bat,0.3634033256702776
mean,2025,52,82,ES1 6 bat,0.3634033256702776
mean,2025,52,83,ES1 6 bat,0.3634033256702776
mean,2025,52,84,ES1 6 bat,0.3634033256702776
mean,2025,52,85,ES1 6 bat,0.3634033256702776
mean,2025,52,86,ES1 6 bat,0.3634033256702776
mean,2025,52,87,ES1 6 bat,3.2711753731783406
mean,2025,52,88,ES1 6 bat,0.0
mean,2025,52,89,ES1 6 bat,0.0
mean,2025,52,90,ES1 6 bat,0.0
mean,2025,52,91,ES1 6 bat,0.0
mean,2025,52,92,ES1 6 bat,0.0
mean,2025,52,93,ES1 6 bat,0.0
mean,2025,52,94,ES1 6 bat,0.0
mean,2025,52,95,ES1 6 bat,0.0
mean,2025,52,96,ES1 6 bat,0.3634033256702776
mean,2025,52,97,ES1 6 bat,0.3634033256702776
mean,2025,52,98,ES1 6 bat,0.3634033256702776
mean,2025,52,99,ES1 6 bat,0.3634033256702776
mean,2025,52,100,ES1 6 bat,0.3634033256702776
mean,2025,52,101,ES1 6 bat,0.3634033256702776
mean,2025,52,102,ES1 6 bat,0.3634033256702776
mean,2025,52,103,ES1 6 bat,0.7268218010369533
mean,2025,52,104,ES1 6 bat,0.0
mean,2025,52,105,ES1 6 bat,0.3634033256702776
mean,2025,52,106,ES1 6 bat,0.3634033256702776
mean,2025,52,107,ES1 6 bat,0.3634033256702776
mean,2025,52,108,ES1 6 bat,0.3634033256702776
mean,2025,52,109,ES1 6 bat,0.3634033256702776
mean,2025,52,110,ES1 6 bat,3.998269919923457
mean,2025,52,111,ES1 6 bat,0.0
mean,2025,52,112,ES1 6 bat,0.0
mean,2025,52,113,ES1 6 bat,0.0
mean,2025,52,114,ES1 6 bat,0.0
mean,2025,52,115,ES1 6 bat,0.0
mean,2025,52,116,ES1 6 bat,0.0
mean,2025,52,117,ES1 6 bat,0.0
mean,2025,52,118,ES1 6 bat,0.0
mean,2025,52,119,ES1 6 bat,0.0
mean,2025,52,120,ES1 6 bat,0.0
mean,2025,52,121,ES1 6 bat,0.3634033256702776
mean,2025,52,122,ES1 6 bat,0.3634033256702776
mean,2025,52,123,ES1 6 bat,0.3634033256702776
mean,2025,52,124,ES1 6 bat,0.3634033256702776
mean,2025,52,125,ES1 6 bat,0.3634033256702776
mean,2025,52,126,ES1 6 bat,0.3634033256702776
mean,2025,52,127,ES1 6 bat,0.3634033256702776
mean,2025,52,128,ES1 6 bat,0.3634033256702776
mean,2025,52,129,ES1 6 bat,0.3634033256702776
mean,2025,52,130,ES1 6 bat,1067.1508015429122
mean,2025,52,131,ES1 6 bat,0.0
mean,2025,52,132,ES1 6 bat,364.55987026386083
mean,2025,52,133,ES1 6 bat,65.30176364092006
mean,2025,52,134,ES1 6 bat,0.0
mean,2025,52,135,ES1 6 bat,0.0
mean,2025,52,136,ES1 6 bat,0.0
mean,2025,52,137,ES1 6 bat,0.0
mean,2025,52,138,ES1 6 bat,0.0
mean,2025,52,139,ES1 6 bat,0.0
mean,2025,52,140,ES1 6 bat,0.0
mean,2025,52,141,ES1 6 bat,0.0
mean,2025,52,142,ES1 6 bat,0.0
mean,2025,52,143,ES1 6 bat,0.0
mean,2025,52,144,ES1 6 bat,0.0
mean,2025,52,145,ES1 6 bat,0.0
mean,2025,52,146,ES1 6 bat,0.0
mean,2025,52,147,ES1 6 bat,0.0
mean,2025,52,148,ES1 6 bat,0.0
mean,2025,52,149,ES1 6 bat,0.0
mean,2025,52,150,ES1 6 bat,0.0
mean,2025,52,151,ES1 6 bat,0.0
mean,2025,52,152,ES1 6 bat,0.0
mean,2025,52,153,ES1 6 bat,0.0
mean,2025,52,154,ES1 6 bat,869.193295930937
mean,2025,52,155,ES1 6 bat,3333.1917085065315
mean,2025,52,156,ES1 6 bat,3479.2865793843935
mean,2025,52,157,ES1 6 bat,1749.0077501793348
mean,2025,52,158,ES1 6 bat,0.0
mean,2025,52,159,ES1 6 bat,0.0
mean,2025,52,160,ES1 6 bat,0.0
mean,2025,52,161,ES1 6 bat,0.0
mean,2025,52,162,ES1 6 bat,0.0
mean,2025,52,163,ES1 6 bat,0.0
mean,2025,52,164,ES1 6 bat,0.0
mean,2025,52,165,ES1 6 bat,0.0
mean,2025,52,166,ES1 6 bat,0.0
mean,2025,52,167,ES1 6 bat,0.0
mean,2030,11,0,ES1 6 bat,0.0
mean,2030,11,1,ES1 6 bat,0.8466051993383765
mean,2030,11,2,ES1 6 bat,0.8466051993383765
mean,2030,11,3,ES1 6 bat,0.8466051993383765
mean,2030,11,4,ES1 6 bat,0.8466051993383765
mean,2030,11,5,ES1 6 bat,0.8466051993383765
mean,2030,11,6,ES1 6 bat,0.8466051993383765
mean,2030,11,7,ES1 6 bat,0.8466051993383765
mean,2030,11,8,ES1 6 bat,0.8466051993383765
mean,2030,11,9,ES1 6 bat,0.8466051993383765
mean,2030,11,10,ES1 6 bat,0.8466051993383765
mean,2030,11,11,ES1 6 bat,1081.1241022047234
mean,2030,11,12,ES1 6 bat,1973.0512671818724
mean,2030,11,13,ES1 6 bat,4651.668594456361
mean,2030,11,14,ES1 6 bat,0.0
mean,2030,11,15,ES1 6 bat,0.0
mean,2030,11,16,ES1 6 bat,0.0
mean,2030,11,17,ES1 6 bat,0.0
mean,2030,11,18,ES1 6 bat,0.0
mean,2030,11,19,ES1 6 bat,0.0
mean,2030,11,20,ES1 6 bat,0.0
mean,2030,11,21,ES1 6 bat,0.0
mean,2030,11,22,ES1 6 bat,0.0
mean,2030,11,23,ES1 6 bat,0.0
mean,2030,11,24,ES1 6 bat,0.0
mean,2030,11,25,ES1 6 bat,0.0
mean,2030,11,26,ES1 6 bat,0.0
mean,2030,11,27,ES1 6 bat,0.0
mean,2030,11,28,ES1 6 bat,0.0
mean,2030,11,29,ES1 6 bat,0.0
mean,2030,11,30,ES1 6 bat,0.0
mean,2030,11,31,ES1 6 bat,0.0
mean,2030,11,32,ES1 6 bat,0.0
mean,2030,11,33,ES1 6 bat,0.0
mean,2030,11,34,ES1 6 bat,0.0
mean,2030,11,35,ES1 6 bat,0.0
mean,2030,11,36,ES1 6 bat,0.0
mean,2030,11,37,ES1 6 bat,0.0
mean,2030,11,38,ES1 6 bat,0.0
mean,2030,11,39,ES1 6 bat,0.0
mean,2030,11,40,ES1 6 bat,0.0
mean,2030,11,41,ES1 6 bat,0.0
mean,2030,11,42,ES1 6 bat,0.0
mean,2030,11,43,ES1 6 bat,0.0
mean,2030,11,44,ES1 6 bat,0.0
mean,2030,11,45,ES1 6 bat,0.0
mean,2030,11,46,ES1 6 bat,0.0
mean,2030,11,47,ES1 6 bat,0.0
mean,2030,11,48,ES1 6 bat,0.0
mean,2030,11,49,ES1 6 bat,0.0
mean,2030,11,50,ES1 6 bat,0.0
mean,2030,11,51,ES1 6 bat,0.0
mean,2030,11,52,ES1 6 bat,0.0
mean,2030,11,53,ES1 6 bat,0.0
mean,2030,11,54,ES1 6 bat,0.0
mean,2030,11,55,ES1 6 bat,0.0
mean,2030,11,56,ES1 6 bat,0.0
mean,2030,11,57,ES1 6 bat,0.0
mean,2030,11,58,ES1 6 bat,0.0
mean,2030,11,59,ES1 6 bat,1041.077907484996
mean,2030,11,60,ES1 6 bat,1814.217948879953
mean,2030,11,61,ES1 6 bat,2710.1404743094
mean,2030,11,62,ES1 6 bat,321.7409818106007
mean,2030,11,63,ES1 6 bat,0.0
mean,2030,11,64,ES1 6 bat,0.0
mean,2030,11,65,ES1 6 bat,0.0
mean,2030,11,66,ES1 6 bat,0.0
mean,2030,11,67,ES1 6 bat,0.0
mean,2030,11,68,ES1 6 bat,0.0
mean,2030,11,69,ES1 6 bat,0.0
mean,2030,11,70,ES1 6 bat,0.0
mean,2030,11,71,ES1 6 bat,0.0
mean,2030,11,72,ES1 6 bat,0.0
mean,2030,11,73,ES1 6 bat,0.0
mean,2030,11,74,ES1 6 bat,0.0
mean,2030,11,75,ES1 6 bat,0.0
mean,2030,11,76,ES1 6 bat,0.0
mean,2030,11,77,ES1 6 bat,0.0
mean,2030,11,78,ES1 6 bat,0.0
mean,2030,11,79,ES1 6 bat,0.0
mean,2030,11,80,ES1 6 bat,0.0
mean,2030,11,81,ES1 6 bat,2056.934253386833
mean,2030,11,82,ES1 6 bat,6092.748559204196
mean,2030,11,83,ES1 6 bat,7748.458269892676
mean,2030,11,84,ES1 6 bat,7147.450882816371
mean,2030,11,85,ES1 6 bat,8044.559976523458
mean,2030,11,86,ES1 6 bat,1831.5957865578875
mean,2030,11,87,ES1 6 bat,1717.9506536314193
mean,2030,11,88,ES1 6 bat,0.0
mean,2030,11,89,ES1 6 bat,0.0
mean,2030,11,90,ES1 6 bat,0.0
mean,2030,11,91,ES1 6 bat,0.0
mean,2030,11,92,ES1 6 bat,0.0
mean,2030,11,93,ES1 6 bat,0.0
mean,2030,11,94,ES1 6 bat,0.0
mean,2030,11,95,ES1 6 bat,0.0
mean,2030,11,96,ES1 6 bat,0.0
mean,2030,11,97,ES1 6 bat,0.0
mean,2030,11,98,ES1 6 bat,0.0
mean,2030,11,99,ES1 6 bat,0.0
mean,2030,11,100,ES1 6 bat,0.0
mean,2030,11,101,ES1 6 bat,0.0
mean,2030,11,102,ES1 6 bat,0.0
mean,2030,11,103,ES1 6 bat,0.0
mean,2030,11,104,ES1 6 bat,0.0
mean,2030,11,105,ES1 6 bat,3065.7741953624327
mean,2030,11,106,ES1 6 bat,8293.837524631756
mean,2030,11,107,ES1 6 bat,5085.239486566397
mean,2030,11,108,ES1 6 bat,7198.7806072519925
mean,2030,11,109,ES1 6 bat,10850.471610596673
mean,2030,11,110,ES1 6 bat,10654.603851284179
mean,2030,11,111,ES1 6 bat,5880.470881949773
mean,2030,11,112,ES1 6 bat,0.0
mean,2030,11,113,ES1 6 bat,0.0
mean,2030,11,114,ES1 6 bat,0.0
mean,2030,11,115,ES1 6 bat,0.0
mean,2030,11,116,ES1 6 bat,0.0
mean,2030,11,117,ES1 6 bat,0.0
mean,2030,11,118,ES1 6 bat,0.0
mean,2030,11,119,ES1 6 bat,0.0
mean,2030,11,120,ES1 6 bat,0.0
mean,2030,11,121,ES1 6 bat,0.0
mean,2030,11,122,ES1 6 bat,0.0
mean,2030,11,123,ES1 6 bat,0.0
mean,2030,11,124,ES1 6 bat,0.0
mean,2030,11,125,ES1 6 bat,0.0
mean,2030,11,126,ES1 6 bat,0.0
mean,2030,11,127,ES1 6 bat,0.0
mean,2030,11,128,ES1 6 bat,0.0
mean,2030,11,129,ES1 6 bat,0.0
mean,2030,11,130,ES1 6 bat,0.0
mean,2030,11,131,ES1 6 bat,0.0
mean,2030,11,132,ES1 6 bat,0.0
mean,2030,11,133,ES1 6 bat,0.0
mean,2030,11,134,ES1 6 bat,0.0
mean,2030,11,135,ES1 6 bat,0.0
mean,2030,11,136,ES1 6 bat,0.0
mean,2030,11,137,ES1 6 bat,0.0
mean,2030,11,138,ES1 6 bat,0.0
mean,2030,11,139,ES1 6 bat,0.0
mean,2030,11,140,ES1 6 bat,0.0
mean,2030,11,141,ES1 6 bat,0.0
mean,2030,11,142,ES1 6 bat,0.0
mean,2030,11,143,ES1 6 bat,0.0
mean,2030,11,144,ES1 6 bat,0.0
mean,2030,11,145,ES1 6 bat,0.0
mean,2030,11,146,ES1 6 bat,0.0
mean,2030,11,147,ES1 6 bat,0.0
mean,2030,11,148,ES1 6 bat,0.0
mean,2030,11,149,ES1 6 bat,0.0
mean,2030,11,150,ES1 6 bat,0.0
mean,2030,11,151,ES1 6 bat,0.0
mean,2030,11,152,ES1 6 bat,0.0
mean,2030,11,153,ES1 6 bat,0.0
mean,2030,11,154,ES1 6 bat,0.0
mean,2030,11,155,ES1 6 bat,0.0
mean,2030,11,156,ES1 6 bat,0.0
mean,2030,11,157,ES1 6 bat,0.0
mean,2030,11,158,ES1 6 bat,0.0
mean,2030,11,159,ES1 6 bat,0.0
mean,2030,11,160,ES1 6 bat,0.0
mean,2030,11,161,ES1 6 bat,0.0
mean,2030,11,162,ES1 6 bat,0.0
mean,2030,11,163,ES1 6 bat,0.0
mean,2030,11,164,ES1 6 bat,0.0
mean,2030,11,165,ES1 6 bat,0.0
mean,2030,11,166,ES1 6 bat,0.0
mean,2030,11,167,ES1 6 bat,0.0
mean,2030,21,0,ES1 6 bat,0.0
mean,2030,21,1,ES1 6 bat,5.926977612502275
mean,2030,21,2,ES1 6 bat,0.0
mean,2030,21,3,ES1 6 bat,0.0
mean,2030,21,4,ES1 6 bat,0.0
mean,2030,21,5,ES1 6 bat,0.0
mean,2030,21,6,ES1 6 bat,0.0
mean,2030,21,7,ES1 6 bat,0.0
mean,2030,21,8,ES1 6 bat,0.8466051993409565
mean,2030,21,9,ES1 6 bat,1.693245692279431
mean,2030,21,10,ES1 6 bat,0.0
mean,2030,21,11,ES1 6 bat,0.8466051993383765
mean,2030,21,12,ES1 6 bat,1374.6921306085105
mean,2030,21,13,ES1 6 bat,2159.2511704827507
mean,2030,21,14,ES1 6 bat,5287.072064518639
mean,2030,21,15,ES1 6 bat,4483.563537297609
mean,2030,21,16,ES1 6 bat,1359.1380762998142
mean,2030,21,17,ES1 6 bat,0.0
mean,2030,21,18,ES1 6 bat,0.0
mean,2030,21,19,ES1 6 bat,0.0
mean,2030,21,20,ES1 6 bat,0.0
mean,2030,21,21,ES1 6 bat,0.0
mean,2030,21,22,ES1 6 bat,0.0
mean,2030,21,23,ES1 6 bat,0.0
mean,2030,21,24,ES1 6 bat,0.0
mean,2030,21,25,ES1 6 bat,0.0
mean,2030,21,26,ES1 6 bat,0.0
mean,2030,21,27,ES1 6 bat,0.0
mean,2030,21,28,ES1 6 bat,0.0
mean,2030,21,29,ES1 6 bat,0.0
mean,2030,21,30,ES1 6 bat,0.0
mean,2030,21,31,ES1 6 bat,0.0
mean,2030,21,32,ES1 6 bat,0.0
mean,2030,21,33,ES1 6 bat,0.8466051993383765
mean,2030,21,34,ES1 6 bat,0.8466051993383765
mean,2030,21,35,ES1 6 bat,0.8466051993383765
mean,2030,21,36,ES1 6 bat,0.8466051993383765
mean,2030,21,37,ES1 6 bat,17.786122799689295
mean,2030,21,38,ES1 6 bat,0.0
mean,2030,21,39,ES1 6 bat,0.0
mean,2030,21,40,ES1 6 bat,0.0
mean,2030,21,41,ES1 6 bat,0.0
mean,2030,21,42,ES1 6 bat,0.0
mean,2030,21,43,ES1 6 bat,0.0
mean,2030,21,44,ES1 6 bat,0.0
mean,2030,21,45,ES1 6 bat,0.0
mean,2030,21,46,ES1 6 bat,0.0
mean,2030,21,47,ES1 6 bat,0.0
mean,2030,21,48,ES1 6 bat,0.0
mean,2030,21,49,ES1 6 bat,0.0
mean,2030,21,50,ES1 6 bat,0.0
mean,2030,21,51,ES1 6 bat,0.0
mean,2030,21,52,ES1 6 bat,0.0
mean,2030,21,53,ES1 6 bat,0.0
mean,2030,21,54,ES1 6 bat,0.0
mean,2030,21,55,ES1 6 bat,0.0
mean,2030,21,56,ES1 6 bat,0.0
mean,2030,21,57,ES1 6 bat,0.0
mean,2030,21,58,ES1 6 bat,0.8466051993383765
mean,2030,21,59,ES1 6 bat,274.23560755418566
mean,2030,21,60,ES1 6 bat,8074.108813493989
mean,2030,21,61,ES1 6 bat,208.86942719198487
mean,2030,21,62,ES1 6 bat,0.0
mean,2030,21,63,ES1 6 bat,0.0
mean,2030,21,64,ES1 6 bat,0.0
mean,2030,21,65,ES1 6 bat,0.0
mean,2030,21,66,ES1 6 bat,0.0
mean,2030,21,67,ES1 6 bat,0.0
mean,2030,21,68,ES1 6 bat,0.0
mean,2030,21,69,ES1 6 bat,0.0
mean,2030,21,70,ES1 6 bat,0.0
mean,2030,21,71,ES1 6 bat,0.0
mean,2030,21,72,ES1 6 bat,0.0
mean,2030,21,73,ES1 6 bat,0.0
mean,2030,21,74,ES1 6 bat,0.0
mean,2030,21,75,ES1 6 bat,0.0
mean,2030,21,76,ES1 6 bat,0.0
mean,2030,21,77,ES1 6 bat,0.0
mean,2030,21,78,ES1 6 bat,0.0
mean,2030,21,79,ES1 6 bat,0.0
mean,2030,21,80,ES1 6 bat,0.0
mean,2030,21,81,ES1 6 bat,0.0
mean,2030,21,82,ES1 6 bat,0.0
mean,2030,21,83,ES1 6 bat,1288.8408027918904
mean,2030,21,84,ES1 6 bat,8547.059210281885
mean,2030,21,85,ES1 6 bat,7847.91499939335
mean,2030,21,86,ES1 6 bat,0.0
mean,2030,21,87,ES1 6 bat,0.0
mean,2030,21,88,ES1 6 bat,0.0
mean,2030,21,89,ES1 6 bat,0.0
mean,2030,21,90,ES1 6 bat,0.0
mean,2030,21,91,ES1 6 bat,0.0
mean,2030,21,92,ES1 6 bat,0.0
mean,2030,21,93,ES1 6 bat,0.0
mean,2030,21,94,ES1 6 bat,0.0
mean,2030,21,95,ES1 6 bat,0.0
mean,2030,21,96,ES1 6 bat,0.0
mean,2030,21,97,ES1 6 bat,0.0
mean,2030,21,98,ES1 6 bat,0.0
mean,2030,21,99,ES1 6 bat,0.0
mean,2030,21,100,ES1 6 bat,0.0
mean,2030,21,101,ES1 6 bat,0.0
mean,2030,21,102,ES1 6 bat,0.0
mean,2030,21,103,ES1 6 bat,0.0
mean,2030,21,104,ES1 6 bat,0.0
mean,2030,21,105,ES1 6 bat,1516.9467678162328
mean,2030,21,106,ES1 6 bat,292.398806732891
mean,2030,21,107,ES1 6 bat,1721.375397902637
mean,2030,21,108,ES1 6 bat,8787.958293357417
mean,2030,21,109,ES1 6 bat,7683.193818072122
mean,2030,21,110,ES1 6 bat,5552.152699755901
mean,2030,21,111,ES1 6 bat,1315.1296121540481
mean,2030,21,112,ES1 6 bat,0.0
mean,2030,21,113,ES1 6 bat,0.0
mean,2030,21,114,ES1 6 bat,0.0
mean,2030,21,115,ES1 6 bat,0.0
mean,2030,21,116,ES1 6 bat,0.0
mean,2030,21,117,ES1 6 bat,0.0
mean,2030,21,118,ES1 6 bat,0.0
mean,2030,21,119,ES1 6 bat,0.0
mean,2030,21,120,ES1 6 bat,0.0
mean,2030,21,121,ES1 6 bat,0.0
mean,2030,21,122,ES1 6 bat,0.0
mean,2030,21,123,ES1 6 bat,0.0
mean,2030,21,124,ES1 6 bat,0.0
mean,2030,21,125,ES1 6 bat,0.0
mean,2030,21,126,ES1 6 bat,0.0
mean,2030,21,127,ES1 6 bat,0.0
mean,2030,21,128,ES1 6 bat,0.0
mean,2030,21,129,ES1 6 bat,5139.261692742308
mean,2030,21,130,ES1 6 bat,5091.437684154121
mean,2030,21,131,ES1 6 bat,11012.647927194404
mean,2030,21,132,ES1 6 bat,12589.441141177942
mean,2030,21,133,ES1 6 bat,12248.853005495259
mean,2030,21,134,ES1 6 bat,9571.69019260979
mean,2030,21,135,ES1 6 bat,4672.877371761903
mean,2030,21,136,ES1 6 bat,0.0
mean,2030,21,137,ES1 6 bat,0.0
mean,2030,21,138,ES1 6 bat,0.0
mean,2030,21,139,ES1 6 bat,0.0
mean,2030,21,140,ES1 6 bat,0.0
mean,2030,21,141,ES1 6 bat,0.0
mean,2030,21,142,ES1 6 bat,0.0
mean,2030,21,143,ES1 6 bat,0.0
mean,2030,21,144,ES1 6 bat,0.0
mean,2030,21,145,ES1 6 bat,0.0
mean,2030,21,146,ES1 6 bat,0.0
mean,2030,21,147,ES1 6 bat,0.0
mean,2030,21,148,ES1 6 bat,0.0
mean,2030,21,149,ES1 6 bat,0.0
mean,2030,21,150,ES1 6 bat,0.0
mean,2030,21,151,ES1 6 bat,0.0
mean,2030,21,152,ES1 6 bat,0.0
mean,2030,21,153,ES1 6 bat,5273.196303356599
mean,2030,21,154,ES1 6 bat,3667.9985859972235
mean,2030,21,155,ES1 6 bat,8425.494720663533
mean,2030,21,156,ES1 6 bat,7885.17724120904
mean,2030,21,157,ES1 6 bat,6344.223380867328
mean,2030,21,158,ES1 6 bat,4054.510734550244
mean,2030,21,159,ES1 6 bat,0.0
mean,2030,21,160,ES1 6 bat,0.0
mean,2030,21,161,ES1 6 bat,0.0
mean,2030,21,162,ES1 6 bat,0.0
mean,2030,21,163,ES1 6 bat,0.0
mean,2030,21,164,ES1 6 bat,0.0
mean,2030,21,165,ES1 6 bat,0.0
mean,2030,21,166,ES1 6 bat,0.0
mean,2030,21,167,ES1 6 bat,0.0
mean,2030,42,0,ES1 6 bat,0.0
mean,2030,42,1,ES1 6 bat,0.8466051993383765
mean,2030,42,2,ES1 6 bat,0.8466051993383765
mean,2030,42,3,ES1 6 bat,4.233378947419067
mean,2030,42,4,ES1 6 bat,0.0
mean,2030,42,5,ES1 6 bat,0.0
mean,2030,42,6,ES1 6 bat,0.0
mean,2030,42,7,ES1 6 bat,0.0
mean,2030,42,8,ES1 6 bat,0.8466051993383765
mean,2030,42,9,ES1 6 bat,0.8466051993383765
mean,2030,42,10,ES1 6 bat,2402.5463525295236
mean,2030,42,11,ES1 6 bat,0.0
mean,2030,42,12,ES1 6 bat,7495.0767750488485
mean,2030,42,13,ES1 6 bat,6352.567618763162
mean,2030,42,14,ES1 6 bat,2074.87851524308
mean,2030,42,15,ES1 6 bat,0.0
mean,2030,42,16,ES1 6 bat,0.0
mean,2030,42,17,ES1 6 bat,0.0
mean,2030,42,18,ES1 6 bat,0.0
mean,2030,42,19,ES1 6 bat,0.0
mean,2030,42,20,ES1 6 bat,0.0
mean,2030,42,21,ES1 6 bat,0.0
mean,2030,42,22,ES1 6 bat,0.0
mean,2030,42,23,ES1 6 bat,0.8466051993420887
mean,2030,42,24,ES1 6 bat,0.8466051993383765
mean,2030,42,25,ES1 6 bat,0.8466051993383765
mean,2030,42,26,ES1 6 bat,0.8466051993383765
mean,2030,42,27,ES1 6 bat,0.8466051993383765
mean,2030,42,28,ES1 6 bat,3.386632564849736
mean,2030,42,29,ES1 6 bat,0.0
mean,2030,42,30,ES1 6 bat,0.0
mean,2030,42,31,ES1 6 bat,0.0
mean,2030,42,32,ES1 6 bat,0.8466051993383765
mean,2030,42,33,ES1 6 bat,1428.5787409757913
mean,2030,42,34,ES1 6 bat,4155.867169780629
mean,2030,42,35,ES1 6 bat,7146.45436881592
mean,2030,42,36,ES1 6 bat,8537.258318871862
mean,2030,42,37,ES1 6 bat,15251.068235401897
mean,2030,42,38,ES1 6 bat,13141.069001257449
mean,2030,42,39,ES1 6 bat,9817.16458051315
mean,2030,42,40,ES1 6 bat,4751.940987072691
mean,2030,42,41,ES1 6 bat,0.0
mean,2030,42,42,ES1 6 bat,0.0
mean,2030,42,43,ES1 6 bat,0.0
mean,2030,42,44,ES1 6 bat,822.7459779787605
mean,2030,42,45,ES1 6 bat,2194.519904894797
mean,2030,42,46,ES1 6 bat,5228.975351381311
mean,2030,42,47,ES1 6 bat,6393.950994620236
mean,2030,42,48,ES1 6 bat,6335.37507065297
mean,2030,42,49,ES1 6 bat,6152.748896265088
mean,2030,42,50,ES1 6 bat,5423.389210588968
mean,2030,42,51,ES1 6 bat,4468.8364367173945
mean,2030,42,52,ES1 6 bat,1765.797238510826
mean,2030,42,53,ES1 6 bat,0.0
mean,2030,42,54,ES1 6 bat,0.0
mean,2030,42,55,ES1 6 bat,0.0
mean,2030,42,56,ES1 6 bat,3244.2167652274575
mean,2030,42,57,ES1 6 bat,8491.996351299873
mean,2030,42,58,ES1 6 bat,9055.977393594902
mean,2030,42,59,ES1 6 bat,4941.985522312051
mean,2030,42,60,ES1 6 bat,12794.170897571981
mean,2030,42,61,ES1 6 bat,12377.720982949875
mean,2030,42,62,ES1 6 bat,6648.95612030015
mean,2030,42,63,ES1 6 bat,2027.578223622504
mean,2030,42,64,ES1 6 bat,0.0
mean,2030,42,65,ES1 6 bat,0.0
mean,2030,42,66,ES1 6 bat,0.0
mean,2030,42,67,ES1 6 bat,0.0
mean,2030,42,68,ES1 6 bat,0.0
mean,2030,42,69,ES1 6 bat,0.0
mean,2030,42,70,ES1 6 bat,0.0
mean,2030,42,71,ES1 6 bat,0.0
mean,2030,42,72,ES1 6 bat,0.0
mean,2030,42,73,ES1 6 bat,0.0
mean,2030,42,74,ES1 6 bat,0.0
mean,2030,42,75,ES1 6 bat,0.0
mean,2030,42,76,ES1 6 bat,0.0
mean,2030,42,77,ES1 6 bat,0.0
mean,2030,42,78,ES1 6 bat,0.0
mean,2030,42,79,ES1 6 bat,0.0
mean,2030,42,80,ES1 6 bat,0.0
mean,2030,42,81,ES1 6 bat,0.0
mean,2030,42,82,ES1 6 bat,246.4945827993388
mean,2030,42,83,ES1 6 bat,1359.7156921182495
mean,2030,42,84,ES1 6 bat,1655.931777989319
mean,2030,42,85,ES1 6 bat,259.5392755047242
mean,2030,42,86,ES1 6 bat,0.0
mean,2030,42,87,ES1 6 bat,0.0
mean,2030,42,88,ES1 6 bat,0.0
mean,2030,42,89,ES1 6 bat,0.0
mean,2030,42,90,ES1 6 bat,0.0
mean,2030,42,91,ES1 6 bat,0.0
mean,2030,42,92,ES1 6 bat,0.0
mean,2030,42,93,ES1 6 bat,0.0
mean,2030,42,94,ES1 6 bat,0.0
mean,2030,42,95,ES1 6 bat,0.0
mean,2030,42,96,ES1 6 bat,0.0
mean,2030,42,97,ES1 6 bat,0.0
mean,2030,42,98,ES1 6 bat,0.0
mean,2030,42,99,ES1 6 bat,0.0
mean,2030,42,100,ES1 6 bat,0.0
mean,2030,42,101,ES1 6 bat,0.0
mean,2030,42,102,ES1 6 bat,0.0
mean,2030,42,103,ES1 6 bat,0.8466051993383765
mean,2030,42,104,ES1 6 bat,0.8466051993383765
mean,2030,42,105,ES1 6 bat,0.8466051993383765
mean,2030,42,106,ES1 6 bat,0.8466051993383765
mean,2030,42,107,ES1 6 bat,765.7840299341569
mean,2030,42,108,ES1 6 bat,2251.681471272477
mean,2030,42,109,ES1 6 bat,0.0
mean,2030,42,110,ES1 6 bat,0.0
mean,2030,42,111,ES1 6 bat,0.0
mean,2030,42,112,ES1 6 bat,0.0
mean,2030,42,113,ES1 6 bat,0.0
mean,2030,42,114,ES1 6 bat,0.0
mean,2030,42,115,ES1 6 bat,0.0
mean,2030,42,116,ES1 6 bat,0.0
mean,2030,42,117,ES1 6 bat,0.0
mean,2030,42,118,ES1 6 bat,0.0
mean,2030,42,119,ES1 6 bat,0.0
mean,2030,42,120,ES1 6 bat,0.0
mean,2030,42,121,ES1 6 bat,0.0
mean,2030,42,122,ES1 6 bat,0.0
mean,2030,42,123,ES1 6 bat,0.0
mean,2030,42,124,ES1 6 bat,0.0
mean,2030,42,125,ES1 6 bat,0.0
mean,2030,42,126,ES1 6 bat,0.0
mean,2030,42,127,ES1 6 bat,0.0
mean,2030,42,128,ES1 6 bat,0.0
mean,2030,42,129,ES1 6 bat,0.0
mean,2030,42,130,ES1 6 bat,0.0
mean,2030,42,131,ES1 6 bat,0.0
mean,2030,42,132,ES1 6 bat,0.0
mean,2030,42,133,ES1 6 bat,0.0
mean,2030,42,134,ES1 6 bat,0.0
mean,2030,42,135,ES1 6 bat,0.0
mean,2030,42,136,ES1 6 bat,0.0
mean,2030,42,137,ES1 6 bat,0.0
mean,2030,42,138,ES1 6 bat,0.0
mean,2030,42,139,ES1 6 bat,0.0
mean,2030,42,140,ES1 6 bat,0.0
mean,2030,42,141,ES1 6 bat,0.0
mean,2030,42,142,ES1 6 bat,0.0
mean,2030,42,143,ES1 6 bat,0.0
mean,2030,42,144,ES1 6 bat,0.0
mean,2030,42,145,ES1 6 bat,0.0
mean,2030,42,146,ES1 6 bat,0.0
mean,2030,42,147,ES1 6 bat,0.0
mean,2030,42,148,ES1 6 bat,0.0
mean,2030,42,149,ES1 6 bat,0.0
mean,2030,42,150,ES1 6 bat,0.0
mean,2030,42,151,ES1 6 bat,0.0
mean,2030,42,152,ES1 6 bat,0.0
mean,2030,42,153,ES1 6 bat,0.0
mean,2030,42,154,ES1 6 bat,3347.0636819255988
mean,2030,42,155,ES1 6 bat,5258.043262980505
mean,2030,42,156,ES1 6 bat,6626.779861864121
mean,2030,42,157,ES1 6 bat,5735.2000679766015
mean,2030,42,158,ES1 6 bat,2151.821360588495
mean,2030,42,159,ES1 6 bat,0.0
mean,2030,42,160,ES1 6 bat,0.0
mean,2030,42,161,ES1 6 bat,0.0
mean,2030,42,162,ES1 6 bat,0.0
mean,2030,42,163,ES1 6 bat,0.0
mean,2030,42,164,ES1 6 bat,0.0
mean,2030,42,165,ES1 6 bat,0.0
mean,2030,42,166,ES1 6 bat,0.0
mean,2030,42,167,ES1 6 bat,0.0
mean,2030,52,0,ES1 6 bat,0.0
mean,2030,52,1,ES1 6 bat,0.8466051993383765
mean,2030,52,2,ES1 6 bat,0.8466051993383765
mean,2030,52,3,ES1 6 bat,0.8466051993383765
mean,2030,52,4,ES1 6 bat,0.8466051993383765
mean,2030,52,5,ES1 6 bat,2.539921480293204
mean,2030,52,6,ES1 6 bat,0.0
mean,2030,52,7,ES1 6 bat,0.0
mean,2030,52,8,ES1 6 bat,0.8466051993383765
mean,2030,52,9,ES1 6 bat,0.8466051993383765
mean,2030,52,10,ES1 6 bat,0.8466051993383765
mean,2030,52,11,ES1 6 bat,0.8466051993383765
mean,2030,52,12,ES1 6 bat,0.8466051993383765
mean,2030,52,13,ES1 6 bat,58.498634685929574
mean,2030,52,14,ES1 6 bat,0.0
mean,2030,52,15,ES1 6 bat,0.0
mean,2030,52,16,ES1 6 bat,0.0
mean,2030,52,17,ES1 6 bat,0.0
mean,2030,52,18,ES1 6 bat,0.0
mean,2030,52,19,ES1 6 bat,0.0
mean,2030,52,20,ES1 6 bat,0.0
mean,2030,52,21,ES1 6 bat,0.0
mean,2030,52,22,ES1 6 bat,0.0
mean,2030,52,23,ES1 6 bat,0.0
mean,2030,52,24,ES1 6 bat,0.0
mean,2030,52,25,ES1 6 bat,0.0
mean,2030,52,26,ES1 6 bat,0.0
mean,2030,52,27,ES1 6 bat,0.0
mean,2030,52,28,ES1 6 bat,0.0
mean,2030,52,29,ES1 6 bat,0.0
mean,2030,52,30,ES1 6 bat,0.0
mean,2030,52,31,ES1 6 bat,0.0
mean,2030,52,32,ES1 6 bat,0.0
mean,2030,52,33,ES1 6 bat,0.0
mean,2030,52,34,ES1 6 bat,0.0
mean,2030,52,35,ES1 6 bat,0.0
mean,2030,52,36,ES1 6 bat,0.0
mean,2030,52,37,ES1 6 bat,0.0
mean,2030,52,38,ES1 6 bat,0.0
mean,2030,52,39,ES1 6 bat,0.0
mean,2030,52,40,ES1 6 bat,0.0
mean,2030,52,41,ES1 6 bat,0.0
mean,2030,52,42,ES1 6 bat,0.0
mean,2030,52,43,ES1 6 bat,0.0
mean,2030,52,44,ES1 6 bat,0.0
mean,2030,52,45,ES1 6 bat,0.0
mean,2030,52,46,ES1 6 bat,0.0
mean,2030,52,47,ES1 6 bat,0.0
mean,2030,52,48,ES1 6 bat,0.0
mean,2030,52,49,ES1 6 bat,0.0
mean,2030,52,50,ES1 6 bat,0.0
mean,2030,52,51,ES1 6 bat,0.0
mean,2030,52,52,ES1 6 bat,0.0
mean,2030,52,53,ES1 6 bat,0.0
mean,2030,52,54,ES1 6 bat,0.0
mean,2030,52,55,ES1 6 bat,0.0
mean,2030,52,56,ES1 6 bat,0.0
mean,2030,52,57,ES1 6 bat,0.0
mean,2030,52,58,ES1 6 bat,0.0
mean,2030,52,59,ES1 6 bat,0.0
mean,2030,52,60,ES1 6 bat,0.0
mean,2030,52,61,ES1 6 bat,0.0
mean,2030,52,62,ES1 6 bat,0.0
mean,2030,52,63,ES1 6 bat,0.0
mean,2030,52,64,ES1 6 bat,0.0
mean,2030,52,65,ES1 6 bat,0.0
mean,2030,52,66,ES1 6 bat,0.0
mean,2030,52,67,ES1 6 bat,0.0
mean,2030,52,68,ES1 6 bat,0.0
mean,2030,52,69,ES1 6 bat,0.0
mean,2030,52,70,ES1 6 bat,0.0
mean,2030,52,71,ES1 6 bat,0.0
mean,2030,52,72,ES1 6 bat,0.0
mean,2030,52,73,ES1 6 bat,0.0
mean,2030,52,74,ES1 6 bat,0.0
mean,2030,52,75,ES1 6 bat,0.0
mean,2030,52,76,ES1 6 bat,0.0
mean,2030,52,77,ES1 6 bat,0.0
mean,2030,52,78,ES1 6 bat,0.0
mean,2030,52,79,ES1 6 bat,0.0
mean,2030,52,80,ES1 6 bat,0.0
mean,2030,52,81,ES1 6 bat,0.0
mean,2030,52,82,ES1 6 bat,5068.87688277542
mean,2030,52,83,ES1 6 bat,8922.022490930281
mean,2030,52,84,ES1 6 bat,8631.253717481066
mean,2030,52,85,ES1 6 bat,5542.521692251048
mean,2030,52,86,ES1 6 bat,0.0
mean,2030,52,87,ES1 6 bat,0.0
mean,2030,52,88,ES1 6 bat,0.0
mean,2030,52,89,ES1 6 bat,0.0
mean,2030,52,90,ES1 6 bat,0.0
mean,2030,52,91,ES1 6 bat,0.0
mean,2030,52,92,ES1 6 bat,0.0
mean,2030,52,93,ES1 6 bat,0.0
mean,2030,52,94,ES1 6 bat,0.0
mean,2030,52,95,ES1 6 bat,0.0
mean,2030,52,96,ES1 6 bat,0.0
mean,2030,52,97,ES1 6 bat,0.0
mean,2030,52,98,ES1 6 bat,0.0
mean,2030,52,99,ES1 6 bat,0.0
mean,2030,52,100,ES1 6 bat,0.0
mean,2030,52,101,ES1 6 bat,0.0
mean,2030,52,102,ES1 6 bat,0.0
mean,2030,52,103,ES1 6 bat,0.0
mean,2030,52,104,ES1 6 bat,0.0
mean,2030,52,105,ES1 6 bat,0.0
mean,2030,52,106,ES1 6 bat,0.0
mean,2030,52,107,ES1 6 bat,0.0
mean,2030,52,108,ES1 6 bat,0.0
mean,2030,52,109,ES1 6 bat,0.0
mean,2030,52,110,ES1 6 bat,0.0
mean,2030,52,111,ES1 6 bat,0.0
mean,2030,52,112,ES1 6 bat,0.0
mean,2030,52,113,ES1 6 bat,0.0
mean,2030,52,114,ES1 6 bat,0.0
mean,2030,52,115,ES1 6 bat,0.0
mean,2030,52,116,ES1 6 bat,0.0
mean,2030,52,117,ES1 6 bat,0.0
mean,2030,52,118,ES1 6 bat,0.0
mean,2030,52,119,ES1 6 bat,0.0
mean,2030,52,120,ES1 6 bat,0.0
mean,2030,52,121,ES1 6 bat,0.0
mean,2030,52,122,ES1 6 bat,0.0
mean,2030,52,123,ES1 6 bat,0.0
mean,2030,52,124,ES1 6 bat,0.0
mean,2030,52,125,ES1 6 bat,0.0
mean,2030,52,126,ES1 6 bat,0.0
mean,2030,52,127,ES1 6 bat,0.0
mean,2030,52,128,ES1 6 bat,0.0
mean,2030,52,129,ES1 6 bat,0.8466051993383765
mean,2030,52,130,ES1 6 bat,1158.7673030510032
mean,2030,52,131,ES1 6 bat,3603.1389770748074
mean,2030,52,132,ES1 6 bat,8496.779224319707
mean,2030,52,133,ES1 6 bat,4384.547733308901
mean,2030,52,134,ES1 6 bat,2330.0324543429033
mean,2030,52,135,ES1 6 bat,0.0
mean,2030,52,136,ES1 6 bat,0.0
mean,2030,52,137,ES1 6 bat,0.0
mean,2030,52,138,ES1 6 bat,0.0
mean,2030,52,139,ES1 6 bat,0.0
mean,2030,52,140,ES1 6 bat,0.0
mean,2030,52,141,ES1 6 bat,0.0
mean,2030,52,142,ES1 6 bat,0.0
mean,2030,52,143,ES1 6 bat,0.0
mean,2030,52,144,ES1 6 bat,0.0
mean,2030,52,145,ES1 6 bat,0.0
mean,2030,52,146,ES1 6 bat,0.0
mean,2030,52,147,ES1 6 bat,0.0
mean,2030,52,148,ES1 6 bat,0.0
mean,2030,52,149,ES1 6 bat,0.0
mean,2030,52,150,ES1 6 bat,0.0
mean,2030,52,151,ES1 6 bat,0.0
mean,2030,52,152,ES1 6 bat,0.0
mean,2030,52,153,ES1 6 bat,7553.167890853803
mean,2030,52,154,ES1 6 bat,12341.584929866
mean,2030,52,155,ES1 6 bat,14699.896717019637
mean,2030,52,156,ES1 6 bat,6705.490182542781
mean,2030,52,157,ES1 6 bat,12384.593157515668
mean,2030,52,158,ES1 6 bat,9488.61881804439
mean,2030,52,159,ES1 6 bat,313.7354697301025
mean,2030,52,160,ES1 6 bat,0.0
mean,2030,52,161,ES1 6 bat,0.0
mean,2030,52,162,ES1 6 bat,0.0
mean,2030,52,163,ES1 6 bat,0.0
mean,2030,52,164,ES1 6 bat,0.0
mean,2030,52,165,ES1 6 bat,0.0
mean,2030,52,166,ES1 6 bat,0.0
mean,2030,52,167,ES1 6 bat,0.0
mean,2040,11,0,ES1 6 bat,0.0
mean,2040,11,1,ES1 6 bat,0.05933398255787584
mean,2040,11,2,ES1 6 bat,0.05933398255787584
mean,2040,11,3,ES1 6 bat,0.05933398255787584
mean,2040,11,4,ES1 6 bat,0.05933398255787584
mean,2040,11,5,ES1 6 bat,0.05933398255787584
mean,2040,11,6,ES1 6 bat,0.05933398255787584
mean,2040,11,7,ES1 6 bat,0.05933398255787584
mean,2040,11,8,ES1 6 bat,0.05933398255787584
mean,2040,11,9,ES1 6 bat,0.05933398255787584
mean,2040,11,10,ES1 6 bat,0.05933398255787584
mean,2040,11,11,ES1 6 bat,2083.7000031504067
mean,2040,11,12,ES1 6 bat,1480.1504599011187
mean,2040,11,13,ES1 6 bat,4101.597222909657
mean,2040,11,14,ES1 6 bat,753.8701366041878
mean,2040,11,15,ES1 6 bat,0.0
mean,2040,11,16,ES1 6 bat,0.0
mean,2040,11,17,ES1 6 bat,0.0
mean,2040,11,18,ES1 6 bat,0.0
mean,2040,11,19,ES1 6 bat,0.0
mean,2040,11,20,ES1 6 bat,0.0
mean,2040,11,21,ES1 6 bat,0.0
mean,2040,11,22,ES1 6 bat,0.0
mean,2040,11,23,ES1 6 bat,0.0
mean,2040,11,24,ES1 6 bat,0.0
mean,2040,11,25,ES1 6 bat,0.0
mean,2040,11,26,ES1 6 bat,0.0
mean,2040,11,27,ES1 6 bat,0.0
mean,2040,11,28,ES1 6 bat,0.0
mean,2040,11,29,ES1 6 bat,0.0
mean,2040,11,30,ES1 6 bat,0.0
mean,2040,11,31,ES1 6 bat,0.0
mean,2040,11,32,ES1 6 bat,0.0
mean,2040,11,33,ES1 6 bat,0.0
mean,2040,11,34,ES1 6 bat,0.0
mean,2040,11,35,ES1 6 bat,0.0
mean,2040,11,36,ES1 6 bat,0.0
mean,2040,11,37,ES1 6 bat,0.0
mean,2040,11,38,ES1 6 bat,0.0
mean,2040,11,39,ES1 6 bat,0.0
mean,2040,11,40,ES1 6 bat,0.0
mean,2040,11,41,ES1 6 bat,0.0
mean,2040,11,42,ES1 6 bat,0.0
mean,2040,11,43,ES1 6 bat,0.0
mean,2040,11,44,ES1 6 bat,0.0
mean,2040,11,45,ES1 6 bat,0.0
mean,2040,11,46,ES1 6 bat,0.0
mean,2040,11,47,ES1 6 bat,0.0
mean,2040,11,48,ES1 6 bat,0.0
mean,2040,11,49,ES1 6 bat,0.0
mean,2040,11,50,ES1 6 bat,0.0
mean,2040,11,51,ES1 6 bat,0.0
mean,2040,11,52,ES1 6 bat,0.0
mean,2040,11,53,ES1 6 bat,0.0
mean,2040,11,54,ES1 6 bat,0.0
mean,2040,11,55,ES1 6 bat,0.0
mean,2040,11,56,ES1 6 bat,0.0
mean,2040,11,57,ES1 6 bat,0.0
mean,2040,11,58,ES1 6 bat,1.365307586549339
mean,2040,11,59,ES1 6 bat,0.0
mean,2040,11,60,ES1 6 bat,0.0
mean,2040,11,61,ES1 6 bat,0.0
mean,2040,11,62,ES1 6 bat,0.0
mean,2040,11,63,ES1 6 bat,0.0
mean,2040,11,64,ES1 6 bat,0.0
mean,2040,11,65,ES1 6 bat,0.0
mean,2040,11,66,ES1 6 bat,0.0
mean,2040,11,67,ES1 6 bat,0.0
mean,2040,11,68,ES1 6 bat,0.0
mean,2040,11,69,ES1 6 bat,0.0
mean,2040,11,70,ES1 6 bat,0.0
mean,2040,11,71,ES1 6 bat,0.0
mean,2040,11,72,ES1 6 bat,0.0
mean,2040,11,73,ES1 6 bat,0.0
mean,2040,11,74,ES1 6 bat,0.0
mean,2040,11,75,ES1 6 bat,0.0
mean,2040,11,76,ES1 6 bat,0.0
mean,2040,11,77,ES1 6 bat,0.0
mean,2040,11,78,ES1 6 bat,0.0
mean,2040,11,79,ES1 6 bat,0.0
mean,2040,11,80,ES1 6 bat,0.0
mean,2040,11,81,ES1 6 bat,0.05933398255787584
mean,2040,11,82,ES1 6 bat,8511.001488819744
mean,2040,11,83,ES1 6 bat,983.4185379477522
mean,2040,11,84,ES1 6 bat,461.06817284322096
mean,2040,11,85,ES1 6 bat,763.6694704677957
mean,2040,11,86,ES1 6 bat,0.0
mean,2040,11,87,ES1 6 bat,0.0
mean,2040,11,88,ES1 6 bat,0.0
mean,2040,11,89,ES1 6 bat,0.0
mean,2040,11,90,ES1 6 bat,0.0
mean,2040,11,91,ES1 6 bat,0.0
mean,2040,11,92,ES1 6 bat,0.0
mean,2040,11,93,ES1 6 bat,0.0
mean,2040,11,94,ES1 6 bat,0.0
mean,2040,11,95,ES1 6 bat,0.0
mean,2040,11,96,ES1 6 bat,0.0
mean,2040,11,97,ES1 6 bat,0.0
mean,2040,11,98,ES1 6 bat,0.0
mean,2040,11,99,ES1 6 bat,0.0
mean,2040,11,100,ES1 6 bat,0.0
mean,2040,11,101,ES1 6 bat,0.0
mean,2040,11,102,ES1 6 bat,0.0
mean,2040,11,103,ES1 6 bat,0.0
mean,2040,11,104,ES1 6 bat,0.0
mean,2040,11,105,ES1 6 bat,0.05933398255787584
mean,2040,11,106,ES1 6 bat,0.05933398255787584
mean,2040,11,107,ES1 6 bat,2161.031573917172
mean,2040,11,108,ES1 6 bat,3504.696617909918
mean,2040,11,109,ES1 6 bat,3637.137654881759
mean,2040,11,110,ES1 6 bat,2084.750510207634
mean,2040,11,111,ES1 6 bat,0.5340058430211145
mean,2040,11,112,ES1 6 bat,0.5340058430211145
mean,2040,11,113,ES1 6 bat,0.0
mean,2040,11,114,ES1 6 bat,0.0
mean,2040,11,115,ES1 6 bat,0.0
mean,2040,11,116,ES1 6 bat,0.0
mean,2040,11,117,ES1 6 bat,0.0
mean,2040,11,118,ES1 6 bat,0.0
mean,2040,11,119,ES1 6 bat,0.0
mean,2040,11,120,ES1 6 bat,0.05933398255810785
mean,2040,11,121,ES1 6 bat,0.05933398255787584
mean,2040,11,122,ES1 6 bat,0.05933398255787584
mean,2040,11,123,ES1 6 bat,0.05933398255787584
mean,2040,11,124,ES1 6 bat,0.05933398255787584
mean,2040,11,125,ES1 6 bat,0.1186704386536432
mean,2040,11,126,ES1 6 bat,0.0
mean,2040,11,127,ES1 6 bat,0.05933398255787584
mean,2040,11,128,ES1 6 bat,0.05933398255787584
mean,2040,11,129,ES1 6 bat,0.05933398255787584
mean,2040,11,130,ES1 6 bat,0.05933398255787584
mean,2040,11,131,ES1 6 bat,0.05933398255787584
mean,2040,11,132,ES1 6 bat,0.05933398255787584
mean,2040,11,133,ES1 6 bat,2.0781618196361262
mean,2040,11,134,ES1 6 bat,0.0
mean,2040,11,135,ES1 6 bat,0.0
mean,2040,11,136,ES1 6 bat,0.0
mean,2040,11,137,ES1 6 bat,0.0
mean,2040,11,138,ES1 6 bat,0.0
mean,2040,11,139,ES1 6 bat,0.0
mean,2040,11,140,ES1 6 bat,0.0
mean,2040,11,141,ES1 6 bat,0.0
mean,2040,11,142,ES1 6 bat,0.0
mean,2040,11,143,ES1 6 bat,0.0
mean,2040,11,144,ES1 6 bat,0.0
mean,2040,11,145,ES1 6 bat,0.0
mean,2040,11,146,ES1 6 bat,0.0
mean,2040,11,147,ES1 6 bat,0.0
mean,2040,11,148,ES1 6 bat,0.0
mean,2040,11,149,ES1 6 bat,0.0
mean,2040,11,150,ES1 6 bat,0.0
mean,2040,11,151,ES1 6 bat,0.0
mean,2040,11,152,ES1 6 bat,0.0
mean,2040,11,153,ES1 6 bat,0.0
mean,2040,11,154,ES1 6 bat,0.0
mean,2040,11,155,ES1 6 bat,0.0
mean,2040,11,156,ES1 6 bat,0.0
mean,2040,11,157,ES1 6 bat,0.0
mean,2040,11,158,ES1 6 bat,0.0
mean,2040,11,159,ES1 6 bat,0.0
mean,2040,11,160,ES1 6 bat,0.0
mean,2040,11,161,ES1 6 bat,0.0
mean,2040,11,162,ES1 6 bat,0.0
mean,2040,11,163,ES1 6 bat,0.0
mean,2040,11,164,ES1 6 bat,0.0
mean,2040,11,165,ES1 6 bat,0.0
mean,2040,11,166,ES1 6 bat,0.0
mean,2040,11,167,ES1 6 bat,0.0
mean,2040,21,0,ES1 6 bat,0.0
mean,2040,21,1,ES1 6 bat,0.05933398255787584
mean,2040,21,2,ES1 6 bat,0.35604100047614373
mean,2040,21,3,ES1 6 bat,0.0
mean,2040,21,4,ES1 6 bat,0.0
mean,2040,21,5,ES1 6 bat,0.0
mean,2040,21,6,ES1 6 bat,0.0
mean,2040,21,7,ES1 6 bat,0.0
mean,2040,21,8,ES1 6 bat,0.05933398255810785
mean,2040,21,9,ES1 6 bat,619.0324917279831
mean,2040,21,10,ES1 6 bat,533.4065142004329
mean,2040,21,11,ES1 6 bat,0.0
mean,2040,21,12,ES1 6 bat,5353.778102092702
mean,2040,21,13,ES1 6 bat,4881.137614866411
mean,2040,21,14,ES1 6 bat,0.0
mean,2040,21,15,ES1 6 bat,1.0679894251292614
mean,2040,21,16,ES1 6 bat,0.5340058430211145
mean,2040,21,17,ES1 6 bat,0.0
mean,2040,21,18,ES1 6 bat,0.0
mean,2040,21,19,ES1 6 bat,0.0
mean,2040,21,20,ES1 6 bat,0.0
mean,2040,21,21,ES1 6 bat,0.0
mean,2040,21,22,ES1 6 bat,0.0
mean,2040,21,23,ES1 6 bat,0.0
mean,2040,21,24,ES1 6 bat,0.0
mean,2040,21,25,ES1 6 bat,0.0
mean,2040,21,26,ES1 6 bat,0.0
mean,2040,21,27,ES1 6 bat,0.0
mean,2040,21,28,ES1 6 bat,0.0
mean,2040,21,29,ES1 6 bat,0.0
mean,2040,21,30,ES1 6 bat,0.0
mean,2040,21,31,ES1 6 bat,0.0
mean,2040,21,32,ES1 6 bat,0.05933398255787584
mean,2040,21,33,ES1 6 bat,0.05933398255787584
mean,2040,21,34,ES1 6 bat,0.05933398255787584
mean,2040,21,35,ES1 6 bat,0.1186704386536432
mean,2040,21,36,ES1 6 bat,0.0
mean,2040,21,37,ES1 6 bat,1.1871497409111837
mean,2040,21,38,ES1 6 bat,0.0
mean,2040,21,39,ES1 6 bat,0.0
mean,2040,21,40,ES1 6 bat,0.0
mean,2040,21,41,ES1 6 bat,0.0
mean,2040,21,42,ES1 6 bat,0.0
mean,2040,21,43,ES1 6 bat,0.0
mean,2040,21,44,ES1 6 bat,0.0
mean,2040,21,45,ES1 6 bat,0.0
mean,2040,21,46,ES1 6 bat,0.0
mean,2040,21,47,ES1 6 bat,0.0
mean,2040,21,48,ES1 6 bat,0.0
mean,2040,21,49,ES1 6 bat,0.0
mean,2040,21,50,ES1 6 bat,0.0
mean,2040,21,51,ES1 6 bat,0.0
mean,2040,21,52,ES1 6 bat,0.0
mean,2040,21,53,ES1 6 bat,0.0
mean,2040,21,54,ES1 6 bat,0.0
mean,2040,21,55,ES1 6 bat,0.0
mean,2040,21,56,ES1 6 bat,0.0
mean,2040,21,57,ES1 6 bat,0.05933398255787584
mean,2040,21,58,ES1 6 bat,1259.517116677418
mean,2040,21,59,ES1 6 bat,2318.187366666729
mean,2040,21,60,ES1 6 bat,3722.902258924001
mean,2040,21,61,ES1 6 bat,2348.971201611863
mean,2040,21,62,ES1 6 bat,1738.2918900446089
mean,2040,21,63,ES1 6 bat,0.5340058430211145
mean,2040,21,64,ES1 6 bat,0.0
mean,2040,21,65,ES1 6 bat,0.0
mean,2040,21,66,ES1 6 bat,0.0
mean,2040,21,67,ES1 6 bat,0.0
mean,2040,21,68,ES1 6 bat,0.0
mean,2040,21,69,ES1 6 bat,0.0
mean,2040,21,70,ES1 6 bat,0.0
mean,2040,21,71,ES1 6 bat,0.0
mean,2040,21,72,ES1 6 bat,0.0
mean,2040,21,73,ES1 6 bat,0.0
mean,2040,21,74,ES1 6 bat,0.0
mean,2040,21,75,ES1 6 bat,0.0
mean,2040,21,76,ES1 6 bat,0.0
mean,2040,21,77,ES1 6 bat,0.0
mean,2040,21,78,ES1 6 bat,0.0
mean,2040,21,79,ES1 6 bat,0.0
mean,2040,21,80,ES1 6 bat,0.0
mean,2040,21,81,ES1 6 bat,461.4156341354592
mean,2040,21,82,ES1 6 bat,1828.7843003252165
mean,2040,21,83,ES1 6 bat,2932.650154002775
mean,2040,21,84,ES1 6 bat,1434.6392739224493
mean,2040,21,85,ES1 6 bat,3047.466818451081
mean,2040,21,86,ES1 6 bat,1683.0792418300116
mean,2040,21,87,ES1 6 bat,0.5340058430211145
mean,2040,21,88,ES1 6 bat,0.0
mean,2040,21,89,ES1 6 bat,0.0
mean,2040,21,90,ES1 6 bat,0.0
mean,2040,21,91,ES1 6 bat,0.0
mean,2040,21,92,ES1 6 bat,0.0
mean,2040,21,93,ES1 6 bat,0.0
mean,2040,21,94,ES1 6 bat,0.0
mean,2040,21,95,ES1 6 bat,0.0
mean,2040,21,96,ES1 6 bat,0.0
mean,2040,21,97,ES1 6 bat,0.0
mean,2040,21,98,ES1 6 bat,0.0
mean,2040,21,99,ES1 6 bat,0.0
mean,2040,21,100,ES1 6 bat,0.0
mean,2040,21,101,ES1 6 bat,0.0
mean,2040,21,102,ES1 6 bat,0.0
mean,2040,21,103,ES1 6 bat,0.0
mean,2040,21,104,ES1 6 bat,0.0
mean,2040,21,105,ES1 6 bat,0.05933398255787584
mean,2040,21,106,ES1 6 bat,2869.747874578963
mean,2040,21,107,ES1 6 bat,1973.1781193975148
mean,2040,21,108,ES1 6 bat,4528.30820462341
mean,2040,21,109,ES1 6 bat,1720.872325368142
mean,2040,21,110,ES1 6 bat,0.0
mean,2040,21,111,ES1 6 bat,296.5512785747378
mean,2040,21,112,ES1 6 bat,0.0
mean,2040,21,113,ES1 6 bat,0.0
mean,2040,21,114,ES1 6 bat,0.0
mean,2040,21,115,ES1 6 bat,0.0
mean,2040,21,116,ES1 6 bat,0.0
mean,2040,21,117,ES1 6 bat,0.0
mean,2040,21,118,ES1 6 bat,0.0
mean,2040,21,119,ES1 6 bat,0.0
mean,2040,21,120,ES1 6 bat,0.0
mean,2040,21,121,ES1 6 bat,0.0
mean,2040,21,122,ES1 6 bat,0.0
mean,2040,21,123,ES1 6 bat,0.0
mean,2040,21,124,ES1 6 bat,0.0
mean,2040,21,125,ES1 6 bat,0.0
mean,2040,21,126,ES1 6 bat,0.0
mean,2040,21,127,ES1 6 bat,0.0
mean,2040,21,128,ES1 6 bat,0.05933398255787584
mean,2040,21,129,ES1 6 bat,0.05933398255787584
mean,2040,21,130,ES1 6 bat,0.05933398255787584
mean,2040,21,131,ES1 6 bat,0.05933398255787584
mean,2040,21,132,ES1 6 bat,0.05933398255787584
mean,2040,21,133,ES1 6 bat,5212.324169857208
mean,2040,21,134,ES1 6 bat,4237.784404068509
mean,2040,21,135,ES1 6 bat,1937.3456157335131
mean,2040,21,136,ES1 6 bat,0.5340058430211145
mean,2040,21,137,ES1 6 bat,0.0
mean,2040,21,138,ES1 6 bat,0.0
mean,2040,21,139,ES1 6 bat,0.0
mean,2040,21,140,ES1 6 bat,0.0
mean,2040,21,141,ES1 6 bat,0.0
mean,2040,21,142,ES1 6 bat,0.0
mean,2040,21,143,ES1 6 bat,0.0
mean,2040,21,144,ES1 6 bat,0.0
mean,2040,21,145,ES1 6 bat,0.0
mean,2040,21,146,ES1 6 bat,0.0
mean,2040,21,147,ES1 6 bat,0.0
mean,2040,21,148,ES1 6 bat,0.0
mean,2040,21,149,ES1 6 bat,0.0
mean,2040,21,150,ES1 6 bat,0.0
mean,2040,21,151,ES1 6 bat,0.0
mean,2040,21,152,ES1 6 bat,0.05933398255787584
mean,2040,21,153,ES1 6 bat,0.05933398255787584
mean,2040,21,154,ES1 6 bat,4245.995661813056
mean,2040,21,155,ES1 6 bat,0.0
mean,2040,21,156,ES1 6 bat,0.0
mean,2040,21,157,ES1 6 bat,4596.630051453576
mean,2040,21,158,ES1 6 bat,2545.2354875438723
mean,2040,21,159,ES1 6 bat,0.5340058430211145
mean,2040,21,160,ES1 6 bat,0.0
mean,2040,21,161,ES1 6 bat,0.0
mean,2040,21,162,ES1 6 bat,0.0
mean,2040,21,163,ES1 6 bat,0.0
mean,2040,21,164,ES1 6 bat,0.0
mean,2040,21,165,ES1 6 bat,0.0
mean,2040,21,166,ES1 6 bat,0.0
mean,2040,21,167,ES1 6 bat,0.0
mean,2040,42,0,ES1 6 bat,0.0
mean,2040,42,1,ES1 6 bat,0.05933398255787584
mean,2040,42,2,ES1 6 bat,0.05933398255787584
mean,2040,42,3,ES1 6 bat,0.2966946491982043
mean,2040,42,4,ES1 6 bat,0.0
mean,2040,42,5,ES1 6 bat,0.0
mean,2040,42,6,ES1 6 bat,0.0
mean,2040,42,7,ES1 6 bat,0.0
mean,2040,42,8,ES1 6 bat,0.059333982557291165
mean,2040,42,9,ES1 6 bat,695.4656590512566
mean,2040,42,10,ES1 6 bat,4121.877181005658
mean,2040,42,11,ES1 6 bat,0.0
mean,2040,42,12,ES1 6 bat,5587.224510659238
mean,2040,42,13,ES1 6 bat,0.0
mean,2040,42,14,ES1 6 bat,4122.968978993388
mean,2040,42,15,ES1 6 bat,165.62495440740167
mean,2040,42,16,ES1 6 bat,0.0
mean,2040,42,17,ES1 6 bat,0.0
mean,2040,42,18,ES1 6 bat,0.0
mean,2040,42,19,ES1 6 bat,0.0
mean,2040,42,20,ES1 6 bat,0.0
mean,2040,42,21,ES1 6 bat,0.0
mean,2040,42,22,ES1 6 bat,0.0
mean,2040,42,23,ES1 6 bat,0.05933398255833987
mean,2040,42,24,ES1 6 bat,0.05933398255787584
mean,2040,42,25,ES1 6 bat,0.05933398255787584
mean,2040,42,26,ES1 6 bat,0.05933398255787584
mean,2040,42,27,ES1 6 bat,0.05933398255787584
mean,2040,42,28,ES1 6 bat,0.05933398255787584
mean,2040,42,29,ES1 6 bat,0.05933398255787584
mean,2040,42,30,ES1 6 bat,0.05933398255787584
mean,2040,42,31,ES1 6 bat,0.05933398255787584
mean,2040,42,32,ES1 6 bat,0.05933398255787584
mean,2040,42,33,ES1 6 bat,0.05933398255787584
mean,2040,42,34,ES1 6 bat,0.05933398255787584
mean,2040,42,35,ES1 6 bat,0.05933398255787584
mean,2040,42,36,ES1 6 bat,0.05933398255787584
mean,2040,42,37,ES1 6 bat,1.1871497409111837
mean,2040,42,38,ES1 6 bat,0.0
mean,2040,42,39,ES1 6 bat,0.0
mean,2040,42,40,ES1 6 bat,0.0
mean,2040,42,41,ES1 6 bat,0.0
mean,2040,42,42,ES1 6 bat,0.0
mean,2040,42,43,ES1 6 bat,0.0
mean,2040,42,44,ES1 6 bat,0.0
mean,2040,42,45,ES1 6 bat,0.0
mean,2040,42,46,ES1 6 bat,0.0
mean,2040,42,47,ES1 6 bat,0.0
mean,2040,42,48,ES1 6 bat,0.0
mean,2040,42,49,ES1 6 bat,0.0
mean,2040,42,50,ES1 6 bat,0.0
mean,2040,42,51,ES1 6 bat,0.0
mean,2040,42,52,ES1 6 bat,0.0
mean,2040,42,53,ES1 6 bat,0.0
mean,2040,42,54,ES1 6 bat,0.0
mean,2040,42,55,ES1 6 bat,0.0
mean,2040,42,56,ES1 6 bat,0.0
mean,2040,42,57,ES1 6 bat,313.25166130398975
mean,2040,42,58,ES1 6 bat,1946.880677243571
mean,2040,42,59,ES1 6 bat,2348.5923618467723
mean,2040,42,60,ES1 6 bat,3063.0665886804645
mean,2040,42,61,ES1 6 bat,2189.8266564059686
mean,2040,42,62,ES1 6 bat,1526.4332615890935
mean,2040,42,63,ES1 6 bat,0.5340058430211145
mean,2040,42,64,ES1 6 bat,0.0
mean,2040,42,65,ES1 6 bat,0.0
mean,2040,42,66,ES1 6 bat,0.0
mean,2040,42,67,ES1 6 bat,0.0
mean,2040,42,68,ES1 6 bat,0.0
mean,2040,42,69,ES1 6 bat,0.0
mean,2040,42,70,ES1 6 bat,0.0
mean,2040,42,71,ES1 6 bat,0.0
mean,2040,42,72,ES1 6 bat,0.0
mean,2040,42,73,ES1 6 bat,0.0
mean,2040,42,74,ES1 6 bat,0.0
mean,2040,42,75,ES1 6 bat,0.0
mean,2040,42,76,ES1 6 bat,0.0
mean,2040,42,77,ES1 6 bat,0.0
mean,2040,42,78,ES1 6 bat,0.0
mean,2040,42,79,ES1 6 bat,0.0
mean,2040,42,80,ES1 6 bat,0.0
mean,2040,42,81,ES1 6 bat,0.0
mean,2040,42,82,ES1 6 bat,2294.444033643633
mean,2040,42,83,ES1 6 bat,3405.560468718509
mean,2040,42,84,ES1 6 bat,3538.3499272736794
mean,2040,42,85,ES1 6 bat,2149.2662278751204
mean,2040,42,86,ES1 6 bat,0.5340058430211145
mean,2040,42,87,ES1 6 bat,0.0
mean,2040,42,88,ES1 6 bat,0.0
mean,2040,42,89,ES1 6 bat,0.0
mean,2040,42,90,ES1 6 bat,0.0
mean,2040,42,91,ES1 6 bat,0.0
mean,2040,42,92,ES1 6 bat,0.0
mean,2040,42,93,ES1 6 bat,0.0
mean,2040,42,94,ES1 6 bat,0.0
mean,2040,42,95,ES1 6 bat,0.0
mean,2040,42,96,ES1 6 bat,0.0
mean,2040,42,97,ES1 6 bat,0.0
mean,2040,42,98,ES1 6 bat,0.0
mean,2040,42,99,ES1 6 bat,0.0
mean,2040,42,100,ES1 6 bat,0.0
mean,2040,42,101,ES1 6 bat,0.0
mean,2040,42,102,ES1 6 bat,0.0
mean,2040,42,103,ES1 6 bat,0.05933398255810785
mean,2040,42,104,ES1 6 bat,0.05933398255787584
mean,2040,42,105,ES1 6 bat,0.05933398255787584
mean,2040,42,106,ES1 6 bat,1590.5998357402495
mean,2040,42,107,ES1 6 bat,3623.9075452631005
mean,2040,42,108,ES1 6 bat,3447.663248558647
mean,2040,42,109,ES1 6 bat,1962.235330821737
mean,2040,42,110,ES1 6 bat,0.0
mean,2040,42,111,ES1 6 bat,0.0
mean,2040,42,112,ES1 6 bat,0.0
mean,2040,42,113,ES1 6 bat,0.0
mean,2040,42,114,ES1 6 bat,0.0
mean,2040,42,115,ES1 6 bat,0.0
mean,2040,42,116,ES1 6 bat,0.0
mean,2040,42,117,ES1 6 bat,0.0
mean,2040,42,118,ES1 6 bat,0.0
mean,2040,42,119,ES1 6 bat,0.0
mean,2040,42,120,ES1 6 bat,0.0
mean,2040,42,121,ES1 6 bat,0.0
mean,2040,42,122,ES1 6 bat,0.0
mean,2040,42,123,ES1 6 bat,0.0
mean,2040,42,124,ES1 6 bat,0.0
mean,2040,42,125,ES1 6 bat,0.0
mean,2040,42,126,ES1 6 bat,0.0
mean,2040,42,127,ES1 6 bat,0.0
mean,2040,42,128,ES1 6 bat,0.0
mean,2040,42,129,ES1 6 bat,0.0
mean,2040,42,130,ES1 6 bat,0.0
mean,2040,42,131,ES1 6 bat,0.0
mean,2040,42,132,ES1 6 bat,0.0
mean,2040,42,133,ES1 6 bat,0.0
mean,2040,42,134,ES1 6 bat,0.0
mean,2040,42,135,ES1 6 bat,0.0
mean,2040,42,136,ES1 6 bat,0.0
mean,2040,42,137,ES1 6 bat,0.0
mean,2040,42,138,ES1 6 bat,0.0
mean,2040,42,139,ES1 6 bat,0.0
mean,2040,42,140,ES1 6 bat,0.0
mean,2040,42,141,ES1 6 bat,0.0
mean,2040,42,142,ES1 6 bat,0.0
mean,2040,42,143,ES1 6 bat,0.0
mean,2040,42,144,ES1 6 bat,0.0
mean,2040,42,145,ES1 6 bat,0.0
mean,2040,42,146,ES1 6 bat,0.0
mean,2040,42,147,ES1 6 bat,0.0
mean,2040,42,148,ES1 6 bat,0.0
mean,2040,42,149,ES1 6 bat,0.0
mean,2040,42,150,ES1 6 bat,0.0
mean,2040,42,151,ES1 6 bat,0.0
mean,2040,42,152,ES1 6 bat,0.0
mean,2040,42,153,ES1 6 bat,139.9816758685447
mean,2040,42,154,ES1 6 bat,2197.644052745356
mean,2040,42,155,ES1 6 bat,2152.3518086313707
mean,2040,42,156,ES1 6 bat,2820.7511246931244
mean,2040,42,157,ES1 6 bat,2363.794131200193
mean,2040,42,158,ES1 6 bat,1713.4966221372692
mean,2040,42,159,ES1 6 bat,0.0
mean,2040,42,160,ES1 6 bat,0.0
mean,2040,42,161,ES1 6 bat,0.0
mean,2040,42,162,ES1 6 bat,0.0
mean,2040,42,163,ES1 6 bat,0.0
mean,2040,42,164,ES1 6 bat,0.0
mean,2040,42,165,ES1 6 bat,0.0
mean,2040,42,166,ES1 6 bat,0.0
mean,2040,42,167,ES1 6 bat,0.0
mean,2040,52,0,ES1 6 bat,0.0
mean,2040,52,1,ES1 6 bat,0.05933398255787584
mean,2040,52,2,ES1 6 bat,0.05933398255787584
mean,2040,52,3,ES1 6 bat,0.05933398255787584
mean,2040,52,4,ES1 6 bat,0.05933398255787584
mean,2040,52,5,ES1 6 bat,0.05933398255787584
mean,2040,52,6,ES1 6 bat,0.1186704386536432
mean,2040,52,7,ES1 6 bat,0.0
mean,2040,52,8,ES1 6 bat,0.05933398255787584
mean,2040,52,9,ES1 6 bat,0.05933398255787584
mean,2040,52,10,ES1 6 bat,0.05933398255787584
mean,2040,52,11,ES1 6 bat,292.37759832921074
mean,2040,52,12,ES1 6 bat,899.3319311494752
mean,2040,52,13,ES1 6 bat,0.0
mean,2040,52,14,ES1 6 bat,0.0
mean,2040,52,15,ES1 6 bat,0.0
mean,2040,52,16,ES1 6 bat,0.0
mean,2040,52,17,ES1 6 bat,0.0
mean,2040,52,18,ES1 6 bat,0.0
mean,2040,52,19,ES1 6 bat,0.0
mean,2040,52,20,ES1 6 bat,0.0
mean,2040,52,21,ES1 6 bat,0.0
mean,2040,52,22,ES1 6 bat,0.0
mean,2040,52,23,ES1 6 bat,0.0
mean,2040,52,24,ES1 6 bat,0.0
mean,2040,52,25,ES1 6 bat,0.0
mean,2040,52,26,ES1 6 bat,0.0
mean,2040,52,27,ES1 6 bat,0.0
mean,2040,52,28,ES1 6 bat,0.0
mean,2040,52,29,ES1 6 bat,0.0
mean,2040,52,30,ES1 6 bat,0.0
mean,2040,52,31,ES1 6 bat,0.0
mean,2040,52,32,ES1 6 bat,0.0
mean,2040,52,33,ES1 6 bat,0.0
mean,2040,52,34,ES1 6 bat,0.0
mean,2040,52,35,ES1 6 bat,0.0
mean,2040,52,36,ES1 6 bat,0.0
mean,2040,52,37,ES1 6 bat,0.0
mean,2040,52,38,ES1 6 bat,0.0
mean,2040,52,39,ES1 6 bat,0.0
mean,2040,52,40,ES1 6 bat,0.0
mean,2040,52,41,ES1 6 bat,0.0
mean,2040,52,42,ES1 6 bat,0.0
mean,2040,52,43,ES1 6 bat,0.0
mean,2040,52,44,ES1 6 bat,0.0
mean,2040,52,45,ES1 6 bat,0.0
mean,2040,52,46,ES1 6 bat,0.0
mean,2040,52,47,ES1 6 bat,0.0
mean,2040,52,48,ES1 6 bat,0.0
mean,2040,52,49,ES1 6 bat,0.0
mean,2040,52,50,ES1 6 bat,0.0
mean,2040,52,51,ES1 6 bat,0.0
mean,2040,52,52,ES1 6 bat,0.0
mean,2040,52,53,ES1 6 bat,0.0
mean,2040,52,54,ES1 6 bat,0.0
mean,2040,52,55,ES1 6 bat,0.0
mean,2040,52,56,ES1 6 bat,0.0
mean,2040,52,57,ES1 6 bat,0.0
mean,2040,52,58,ES1 6 bat,0.0
mean,2040,52,59,ES1 6 bat,0.0
mean,2040,52,60,ES1 6 bat,0.0
mean,2040,52,61,ES1 6 bat,0.0
mean,2040,52,62,ES1 6 bat,0.0
mean,2040,52,63,ES1 6 bat,0.0
mean,2040,52,64,ES1 6 bat,0.0
mean,2040,52,65,ES1 6 bat,0.0
mean,2040,52,66,ES1 6 bat,0.0
mean,2040,52,67,ES1 6 bat,0.0
mean,2040,52,68,ES1 6 bat,0.0
mean,2040,52,69,ES1 6 bat,0.0
mean,2040,52,70,ES1 6 bat,0.0
mean,2040,52,71,ES1 6 bat,0.0
mean,2040,52,72,ES1 6 bat,0.0
mean,2040,52,73,ES1 6 bat,0.0
mean,2040,52,74,ES1 6 bat,0.0
mean,2040,52,75,ES1 6 bat,0.0
mean,2040,52,76,ES1 6 bat,0.0
mean,2040,52,77,ES1 6 bat,0.0
mean,2040,52,78,ES1 6 bat,0.0
mean,2040,52,79,ES1 6 bat,0.0
mean,2040,52,80,ES1 6 bat,0.0
mean,2040,52,81,ES1 6 bat,0.05933398255787584
mean,2040,52,82,ES1 6 bat,669.3687996985536
mean,2040,52,83,ES1 6 bat,1579.1940000932918
mean,2040,52,84,ES1 6 bat,9138.401808912275
mean,2040,52,85,ES1 6 bat,0.5340058430211145
mean,2040,52,86,ES1 6 bat,0.0
mean,2040,52,87,ES1 6 bat,0.0
mean,2040,52,88,ES1 6 bat,0.0
mean,2040,52,89,ES1 6 bat,0.0
mean,2040,52,90,ES1 6 bat,0.0
mean,2040,52,91,ES1 6 bat,0.0
mean,2040,52,92,ES1 6 bat,0.0
mean,2040,52,93,ES1 6 bat,0.0
mean,2040,52,94,ES1 6 bat,0.0
mean,2040,52,95,ES1 6 bat,0.0
mean,2040,52,96,ES1 6 bat,0.0
mean,2040,52,97,ES1 6 bat,0.0
mean,2040,52,98,ES1 6 bat,0.0
mean,2040,52,99,ES1 6 bat,0.0
mean,2040,52,100,ES1 6 bat,0.0
mean,2040,52,101,ES1 6 bat,0.0
mean,2040,52,102,ES1 6 bat,0.0
mean,2040,52,103,ES1 6 bat,0.0
mean,2040,52,104,ES1 6 bat,0.0
mean,2040,52,105,ES1 6 bat,0.0
mean,2040,52,106,ES1 6 bat,0.0
mean,2040,52,107,ES1 6 bat,0.0
mean,2040,52,108,ES1 6 bat,0.0
mean,2040,52,109,ES1 6 bat,0.0
mean,2040,52,110,ES1 6 bat,0.0
mean,2040,52,111,ES1 6 bat,0.0
mean,2040,52,112,ES1 6 bat,0.0
mean,2040,52,113,ES1 6 bat,0.0
mean,2040,52,114,ES1 6 bat,0.0
mean,2040,52,115,ES1 6 bat,0.0
mean,2040,52,116,ES1 6 bat,0.0
mean,2040,52,117,ES1 6 bat,0.0
mean,2040,52,118,ES1 6 bat,0.0
mean,2040,52,119,ES1 6 bat,0.0
mean,2040,52,120,ES1 6 bat,0.0
mean,2040,52,121,ES1 6 bat,0.0
mean,2040,52,122,ES1 6 bat,0.0
mean,2040,52,123,ES1 6 bat,0.0
mean,2040,52,124,ES1 6 bat,0.0
mean,2040,52,125,ES1 6 bat,0.0
mean,2040,52,126,ES1 6 bat,0.0
mean,2040,52,127,ES1 6 bat,0.0
mean,2040,52,128,ES1 6 bat,0.0
mean,2040,52,129,ES1 6 bat,0.05933398255787584
mean,2040,52,130,ES1 6 bat,0.05933398255787584
mean,2040,52,131,ES1 6 bat,0.05933398255787584
mean,2040,52,132,ES1 6 bat,1950.2974578221147
mean,2040,52,133,ES1 6 bat,1794.8503528878773
mean,2040,52,134,ES1 6 bat,7641.932580994427
mean,2040,52,135,ES1 6 bat,0.5340058430211145
mean,2040,52,136,ES1 6 bat,0.0
mean,2040,52,137,ES1 6 bat,0.0
mean,2040,52,138,ES1 6 bat,0.0
mean,2040,52,139,ES1 6 bat,0.0
mean,2040,52,140,ES1 6 bat,0.0
mean,2040,52,141,ES1 6 bat,0.0
mean,2040,52,142,ES1 6 bat,0.0
mean,2040,52,143,ES1 6 bat,0.0
mean,2040,52,144,ES1 6 bat,0.0
mean,2040,52,145,ES1 6 bat,0.0
mean,2040,52,146,ES1 6 bat,0.0
mean,2040,52,147,ES1 6 bat,0.0
mean,2040,52,148,ES1 6 bat,0.0
mean,2040,52,149,ES1 6 bat,0.0
mean,2040,52,150,ES1 6 bat,0.0
mean,2040,52,151,ES1 6 bat,0.0
mean,2040,52,152,ES1 6 bat,0.0
mean,2040,52,153,ES1 6 bat,0.05933398255787584
mean,2040,52,154,ES1 6 bat,0.05933398255787584
mean,2040,52,155,ES1 6 bat,2361.506795902797
mean,2040,52,156,ES1 6 bat,4569.071805205013
mean,2040,52,157,ES1 6 bat,3242.6406727709937
mean,2040,52,158,ES1 6 bat,1214.494446766621
mean,2040,52,159,ES1 6 bat,0.5340058430211145
mean,2040,52,160,ES1 6 bat,0.0
mean,2040,52,161,ES1 6 bat,0.0
mean,2040,52,162,ES1 6 bat,0.0
mean,2040,52,163,ES1 6 bat,0.0
mean,2040,52,164,ES1 6 bat,0.0
mean,2040,52,165,ES1 6 bat,0.0
mean,2040,52,166,ES1 6 bat,0.0
mean,2040,52,167,ES1 6 bat,0.0
mean,2050,11,0,ES1 6 bat,0.0
mean,2050,11,1,ES1 6 bat,0.14044247575013138
mean,2050,11,2,ES1 6 bat,0.14044247575013138
mean,2050,11,3,ES1 6 bat,0.14044247575013138
mean,2050,11,4,ES1 6 bat,0.14044247575013138
mean,2050,11,5,ES1 6 bat,0.14044247575013138
mean,2050,11,6,ES1 6 bat,0.14044247575013138
mean,2050,11,7,ES1 6 bat,0.14044247575013138
mean,2050,11,8,ES1 6 bat,0.14044247575013138
mean,2050,11,9,ES1 6 bat,0.14044247575013138
mean,2050,11,10,ES1 6 bat,3644.1273918524967
mean,2050,11,11,ES1 6 bat,8177.8692002449625
mean,2050,11,12,ES1 6 bat,325.91242762237016
mean,2050,11,13,ES1 6 bat,8298.34801960303
mean,2050,11,14,ES1 6 bat,6508.480897528023
mean,2050,11,15,ES1 6 bat,0.0
mean,2050,11,16,ES1 6 bat,0.0
mean,2050,11,17,ES1 6 bat,0.0
mean,2050,11,18,ES1 6 bat,0.0
mean,2050,11,19,ES1 6 bat,0.0
mean,2050,11,20,ES1 6 bat,0.0
mean,2050,11,21,ES1 6 bat,0.0
mean,2050,11,22,ES1 6 bat,0.0
mean,2050,11,23,ES1 6 bat,0.0
mean,2050,11,24,ES1 6 bat,0.0
mean,2050,11,25,ES1 6 bat,0.0
mean,2050,11,26,ES1 6 bat,0.0
mean,2050,11,27,ES1 6 bat,0.0
mean,2050,11,28,ES1 6 bat,0.0
mean,2050,11,29,ES1 6 bat,0.0
mean,2050,11,30,ES1 6 bat,0.0
mean,2050,11,31,ES1 6 bat,0.0
mean,2050,11,32,ES1 6 bat,0.0
mean,2050,11,33,ES1 6 bat,0.0
mean,2050,11,34,ES1 6 bat,0.0
mean,2050,11,35,ES1 6 bat,0.0
mean,2050,11,36,ES1 6 bat,0.0
mean,2050,11,37,ES1 6 bat,0.0
mean,2050,11,38,ES1 6 bat,0.0
mean,2050,11,39,ES1 6 bat,0.0
mean,2050,11,40,ES1 6 bat,0.0
mean,2050,11,41,ES1 6 bat,0.0
mean,2050,11,42,ES1 6 bat,0.0
mean,2050,11,43,ES1 6 bat,0.0
mean,2050,11,44,ES1 6 bat,0.0
mean,2050,11,45,ES1 6 bat,0.0
mean,2050,11,46,ES1 6 bat,0.0
mean,2050,11,47,ES1 6 bat,0.0
mean,2050,11,48,ES1 6 bat,0.0
mean,2050,11,49,ES1 6 bat,0.0
mean,2050,11,50,ES1 6 bat,0.0
mean,2050,11,51,ES1 6 bat,0.0
mean,2050,11,52,ES1 6 bat,0.0
mean,2050,11,53,ES1 6 bat,0.0
mean,2050,11,54,ES1 6 bat,0.0
mean,2050,11,55,ES1 6 bat,0.0
mean,2050,11,56,ES1 6 bat,0.0
mean,2050,11,57,ES1 6 bat,41.57430060604702
mean,2050,11,58,ES1 6 bat,3096.402263378739
mean,2050,11,59,ES1 6 bat,5992.830921203921
mean,2050,11,60,ES1 6 bat,5843.101427932625
mean,2050,11,61,ES1 6 bat,7528.819077286098
mean,2050,11,62,ES1 6 bat,4029.9386353507894
mean,2050,11,63,ES1 6 bat,423.5300903275279
mean,2050,11,64,ES1 6 bat,0.0
mean,2050,11,65,ES1 6 bat,0.0
mean,2050,11,66,ES1 6 bat,0.0
mean,2050,11,67,ES1 6 bat,0.0
mean,2050,11,68,ES1 6 bat,0.0
mean,2050,11,69,ES1 6 bat,0.0
mean,2050,11,70,ES1 6 bat,0.0
mean,2050,11,71,ES1 6 bat,0.0
mean,2050,11,72,ES1 6 bat,0.0
mean,2050,11,73,ES1 6 bat,0.0
mean,2050,11,74,ES1 6 bat,0.0
mean,2050,11,75,ES1 6 bat,0.0
mean,2050,11,76,ES1 6 bat,0.0
mean,2050,11,77,ES1 6 bat,0.0
mean,2050,11,78,ES1 6 bat,0.0
mean,2050,11,79,ES1 6 bat,0.0
mean,2050,11,80,ES1 6 bat,0.0
mean,2050,11,81,ES1 6 bat,0.14044247575013138
mean,2050,11,82,ES1 6 bat,8084.289803280956
mean,2050,11,83,ES1 6 bat,3812.944526125928
mean,2050,11,84,ES1 6 bat,3106.720179220183
mean,2050,11,85,ES1 6 bat,3284.67430179652
mean,2050,11,86,ES1 6 bat,8666.326444610922
mean,2050,11,87,ES1 6 bat,1.2639822817488624
mean,2050,11,88,ES1 6 bat,0.0
mean,2050,11,89,ES1 6 bat,0.0
mean,2050,11,90,ES1 6 bat,0.0
mean,2050,11,91,ES1 6 bat,0.0
mean,2050,11,92,ES1 6 bat,0.0
mean,2050,11,93,ES1 6 bat,0.0
mean,2050,11,94,ES1 6 bat,0.0
mean,2050,11,95,ES1 6 bat,0.0
mean,2050,11,96,ES1 6 bat,0.0
mean,2050,11,97,ES1 6 bat,0.0
mean,2050,11,98,ES1 6 bat,0.0
mean,2050,11,99,ES1 6 bat,0.0
mean,2050,11,100,ES1 6 bat,0.0
mean,2050,11,101,ES1 6 bat,0.0
mean,2050,11,102,ES1 6 bat,0.0
mean,2050,11,103,ES1 6 bat,0.0
mean,2050,11,104,ES1 6 bat,0.0
mean,2050,11,105,ES1 6 bat,0.14044247575013138
mean,2050,11,106,ES1 6 bat,358.0519102337794
mean,2050,11,107,ES1 6 bat,6406.698473038079
mean,2050,11,108,ES1 6 bat,6956.853264587193
mean,2050,11,109,ES1 6 bat,7003.482452705473
mean,2050,11,110,ES1 6 bat,4935.762247945757
mean,2050,11,111,ES1 6 bat,1294.8290963650106
mean,2050,11,112,ES1 6 bat,1.2639822817488624
mean,2050,11,113,ES1 6 bat,0.0
mean,2050,11,114,ES1 6 bat,0.0
mean,2050,11,115,ES1 6 bat,0.0
mean,2050,11,116,ES1 6 bat,0.0
mean,2050,11,117,ES1 6 bat,0.0
mean,2050,11,118,ES1 6 bat,0.0
mean,2050,11,119,ES1 6 bat,0.0
mean,2050,11,120,ES1 6 bat,0.14044247575013138
mean,2050,11,121,ES1 6 bat,0.14044247575013138
mean,2050,11,122,ES1 6 bat,0.14044247575013138
mean,2050,11,123,ES1 6 bat,0.14044247575013138
mean,2050,11,124,ES1 6 bat,0.42134499195359537
mean,2050,11,125,ES1 6 bat,0.0
mean,2050,11,126,ES1 6 bat,0.0
mean,2050,11,127,ES1 6 bat,0.14044247575013138
mean,2050,11,128,ES1 6 bat,0.14044247575013138
mean,2050,11,129,ES1 6 bat,0.14044247575013138
mean,2050,11,130,ES1 6 bat,0.14044247575013138
mean,2050,11,131,ES1 6 bat,986.8719318530766
mean,2050,11,132,ES1 6 bat,1314.962731303608
mean,2050,11,133,ES1 6 bat,0.0
mean,2050,11,134,ES1 6 bat,0.0
mean,2050,11,135,ES1 6 bat,0.0
mean,2050,11,136,ES1 6 bat,0.0
mean,2050,11,137,ES1 6 bat,0.0
mean,2050,11,138,ES1 6 bat,0.0
mean,2050,11,139,ES1 6 bat,0.0
mean,2050,11,140,ES1 6 bat,0.0
mean,2050,11,141,ES1 6 bat,0.0
mean,2050,11,142,ES1 6 bat,0.0
mean,2050,11,143,ES1 6 bat,0.0
mean,2050,11,144,ES1 6 bat,0.0
mean,2050,11,145,ES1 6 bat,0.0
mean,2050,11,146,ES1 6 bat,0.0
mean,2050,11,147,ES1 6 bat,0.0
mean,2050,11,148,ES1 6 bat,0.0
mean,2050,11,149,ES1 6 bat,0.0
mean,2050,11,150,ES1 6 bat,0.0
mean,2050,11,151,ES1 6 bat,0.0
mean,2050,11,152,ES1 6 bat,0.0
mean,2050,11,153,ES1 6 bat,0.0
mean,2050,11,154,ES1 6 bat,0.0
mean,2050,11,155,ES1 6 bat,0.0
mean,2050,11,156,ES1 6 bat,0.0
mean,2050,11,157,ES1 6 bat,0.0
mean,2050,11,158,ES1 6 bat,0.0
mean,2050,11,159,ES1 6 bat,0.0
mean,2050,11,160,ES1 6 bat,0.0
mean,2050,11,161,ES1 6 bat,0.0
mean,2050,11,162,ES1 6 bat,0.0
mean,2050,11,163,ES1 6 bat,0.0
mean,2050,11,164,ES1 6 bat,0.0
mean,2050,11,165,ES1 6 bat,0.0
mean,2050,11,166,ES1 6 bat,0.0
mean,2050,11,167,ES1 6 bat,0.0
mean,2050,21,0,ES1 6 bat,0.0
mean,2050,21,1,ES1 6 bat,0.14044247574966737
mean,2050,21,2,ES1 6 bat,0.7022709293875908
mean,2050,21,3,ES1 6 bat,0.0
mean,2050,21,4,ES1 6 bat,0.0
mean,2050,21,5,ES1 6 bat,0.0
mean,2050,21,6,ES1 6 bat,0.0
mean,2050,21,7,ES1 6 bat,0.14044247575013138
mean,2050,21,8,ES1 6 bat,549.0870854099958
mean,2050,21,9,ES1 6 bat,6781.838380553318
mean,2050,21,10,ES1 6 bat,0.0
mean,2050,21,11,ES1 6 bat,200.4212938830451
mean,2050,21,12,ES1 6 bat,1215.4804290953525
mean,2050,21,13,ES1 6 bat,5318.088785982437
mean,2050,21,14,ES1 6 bat,8803.387366502262
mean,2050,21,15,ES1 6 bat,563.6905716057373
mean,2050,21,16,ES1 6 bat,3525.131015743229
mean,2050,21,17,ES1 6 bat,1.2639822817488624
mean,2050,21,18,ES1 6 bat,0.0
mean,2050,21,19,ES1 6 bat,0.0
mean,2050,21,20,ES1 6 bat,0.0
mean,2050,21,21,ES1 6 bat,0.0
mean,2050,21,22,ES1 6 bat,0.0
mean,2050,21,23,ES1 6 bat,0.0
mean,2050,21,24,ES1 6 bat,0.0
mean,2050,21,25,ES1 6 bat,650.5610795247694
mean,2050,21,26,ES1 6 bat,0.0
mean,2050,21,27,ES1 6 bat,0.0
mean,2050,21,28,ES1 6 bat,0.0
mean,2050,21,29,ES1 6 bat,0.0
mean,2050,21,30,ES1 6 bat,0.0
mean,2050,21,31,ES1 6 bat,0.0
mean,2050,21,32,ES1 6 bat,0.14044247575013138
mean,2050,21,33,ES1 6 bat,0.14044247575013138
mean,2050,21,34,ES1 6 bat,1959.6866924916103
mean,2050,21,35,ES1 6 bat,2857.7695560115426
mean,2050,21,36,ES1 6 bat,3440.8232032410106
mean,2050,21,37,ES1 6 bat,2753.4504274383016
mean,2050,21,38,ES1 6 bat,932.7682505541252
mean,2050,21,39,ES1 6 bat,0.0
mean,2050,21,40,ES1 6 bat,0.0
mean,2050,21,41,ES1 6 bat,0.0
mean,2050,21,42,ES1 6 bat,0.0
mean,2050,21,43,ES1 6 bat,0.0
mean,2050,21,44,ES1 6 bat,0.0
mean,2050,21,45,ES1 6 bat,0.0
mean,2050,21,46,ES1 6 bat,0.0
mean,2050,21,47,ES1 6 bat,0.0
mean,2050,21,48,ES1 6 bat,0.0
mean,2050,21,49,ES1 6 bat,0.0
mean,2050,21,50,ES1 6 bat,0.0
mean,2050,21,51,ES1 6 bat,0.0
mean,2050,21,52,ES1 6 bat,0.0
mean,2050,21,53,ES1 6 bat,0.0
mean,2050,21,54,ES1 6 bat,0.0
mean,2050,21,55,ES1 6 bat,0.0
mean,2050,21,56,ES1 6 bat,0.0
mean,2050,21,57,ES1 6 bat,1385.957476552498
mean,2050,21,58,ES1 6 bat,3876.4631447678403
mean,2050,21,59,ES1 6 bat,5224.552634657506
mean,2050,21,60,ES1 6 bat,6735.146834194275
mean,2050,21,61,ES1 6 bat,5096.246730026953
mean,2050,21,62,ES1 6 bat,3609.7978199873305
mean,2050,21,63,ES1 6 bat,1028.2940079830387
mean,2050,21,64,ES1 6 bat,0.0
mean,2050,21,65,ES1 6 bat,0.0
mean,2050,21,66,ES1 6 bat,0.0
mean,2050,21,67,ES1 6 bat,0.0
mean,2050,21,68,ES1 6 bat,0.0
mean,2050,21,69,ES1 6 bat,0.0
mean,2050,21,70,ES1 6 bat,0.0
mean,2050,21,71,ES1 6 bat,0.0
mean,2050,21,72,ES1 6 bat,0.0
mean,2050,21,73,ES1 6 bat,0.0
mean,2050,21,74,ES1 6 bat,0.0
mean,2050,21,75,ES1 6 bat,0.0
mean,2050,21,76,ES1 6 bat,0.0
mean,2050,21,77,ES1 6 bat,0.0
mean,2050,21,78,ES1 6 bat,0.0
mean,2050,21,79,ES1 6 bat,0.0
mean,2050,21,80,ES1 6 bat,0.0
mean,2050,21,81,ES1 6 bat,0.14044247575013138
mean,2050,21,82,ES1 6 bat,2926.09185367799
mean,2050,21,83,ES1 6 bat,5982.499749170769
mean,2050,21,84,ES1 6 bat,6609.99001477662
mean,2050,21,85,ES1 6 bat,5980.9621239974185
mean,2050,21,86,ES1 6 bat,4208.823305166821
mean,2050,21,87,ES1 6 bat,1247.6159594045785
mean,2050,21,88,ES1 6 bat,0.0
mean,2050,21,89,ES1 6 bat,0.0
mean,2050,21,90,ES1 6 bat,0.0
mean,2050,21,91,ES1 6 bat,0.0
mean,2050,21,92,ES1 6 bat,0.0
mean,2050,21,93,ES1 6 bat,0.0
mean,2050,21,94,ES1 6 bat,0.0
mean,2050,21,95,ES1 6 bat,0.0
mean,2050,21,96,ES1 6 bat,0.0
mean,2050,21,97,ES1 6 bat,0.0
mean,2050,21,98,ES1 6 bat,0.0
mean,2050,21,99,ES1 6 bat,0.0
mean,2050,21,100,ES1 6 bat,0.0
mean,2050,21,101,ES1 6 bat,0.0
mean,2050,21,102,ES1 6 bat,0.0
mean,2050,21,103,ES1 6 bat,0.0
mean,2050,21,104,ES1 6 bat,0.14044247575013138
mean,2050,21,105,ES1 6 bat,0.14044247575013138
mean,2050,21,106,ES1 6 bat,0.14044247575013138
mean,2050,21,107,ES1 6 bat,4001.814419159811
mean,2050,21,108,ES1 6 bat,7931.251638690097
mean,2050,21,109,ES1 6 bat,7287.6620502520345
mean,2050,21,110,ES1 6 bat,5359.983028688996
mean,2050,21,111,ES1 6 bat,2374.513520022365
mean,2050,21,112,ES1 6 bat,0.0
mean,2050,21,113,ES1 6 bat,0.0
mean,2050,21,114,ES1 6 bat,0.0
mean,2050,21,115,ES1 6 bat,0.0
mean,2050,21,116,ES1 6 bat,0.0
mean,2050,21,117,ES1 6 bat,0.0
mean,2050,21,118,ES1 6 bat,0.0
mean,2050,21,119,ES1 6 bat,0.0
mean,2050,21,120,ES1 6 bat,0.0
mean,2050,21,121,ES1 6 bat,0.0
mean,2050,21,122,ES1 6 bat,0.0
mean,2050,21,123,ES1 6 bat,0.0
mean,2050,21,124,ES1 6 bat,0.0
mean,2050,21,125,ES1 6 bat,0.0
mean,2050,21,126,ES1 6 bat,0.0
mean,2050,21,127,ES1 6 bat,0.0
mean,2050,21,128,ES1 6 bat,0.14044247575013138
mean,2050,21,129,ES1 6 bat,0.14044247575013138
mean,2050,21,130,ES1 6 bat,41.29173787330183
mean,2050,21,131,ES1 6 bat,705.396650071958
mean,2050,21,132,ES1 6 bat,5822.161013305042
mean,2050,21,133,ES1 6 bat,8856.487935825067
mean,2050,21,134,ES1 6 bat,7117.654752462358
mean,2050,21,135,ES1 6 bat,4138.664052975331
mean,2050,21,136,ES1 6 bat,274.3608138003556
mean,2050,21,137,ES1 6 bat,0.0
mean,2050,21,138,ES1 6 bat,0.0
mean,2050,21,139,ES1 6 bat,0.0
mean,2050,21,140,ES1 6 bat,0.0
mean,2050,21,141,ES1 6 bat,0.0
mean,2050,21,142,ES1 6 bat,0.0
mean,2050,21,143,ES1 6 bat,0.0
mean,2050,21,144,ES1 6 bat,0.0
mean,2050,21,145,ES1 6 bat,0.0
mean,2050,21,146,ES1 6 bat,0.0
mean,2050,21,147,ES1 6 bat,0.0
mean,2050,21,148,ES1 6 bat,0.0
mean,2050,21,149,ES1 6 bat,0.0
mean,2050,21,150,ES1 6 bat,0.0
mean,2050,21,151,ES1 6 bat,0.0
mean,2050,21,152,ES1 6 bat,0.14044247575013138
mean,2050,21,153,ES1 6 bat,0.14044247575013138
mean,2050,21,154,ES1 6 bat,358.13086426684094
mean,2050,21,155,ES1 6 bat,5197.800683182201
mean,2050,21,156,ES1 6 bat,8126.904599714369
mean,2050,21,157,ES1 6 bat,7289.994302210438
mean,2050,21,158,ES1 6 bat,4790.120255810478
mean,2050,21,159,ES1 6 bat,1192.6893252343725
mean,2050,21,160,ES1 6 bat,0.0
mean,2050,21,161,ES1 6 bat,0.0
mean,2050,21,162,ES1 6 bat,0.0
mean,2050,21,163,ES1 6 bat,0.0
mean,2050,21,164,ES1 6 bat,0.0
mean,2050,21,165,ES1 6 bat,0.0
mean,2050,21,166,ES1 6 bat,0.0
mean,2050,21,167,ES1 6 bat,0.0
mean,2050,42,0,ES1 6 bat,0.0
mean,2050,42,1,ES1 6 bat,0.14044247574838664
mean,2050,42,2,ES1 6 bat,0.14044247575013138
mean,2050,42,3,ES1 6 bat,0.14044247575013138
mean,2050,42,4,ES1 6 bat,0.5618050328967001
mean,2050,42,5,ES1 6 bat,0.0
mean,2050,42,6,ES1 6 bat,0.0
mean,2050,42,7,ES1 6 bat,0.0
mean,2050,42,8,ES1 6 bat,0.14044247575013138
mean,2050,42,9,ES1 6 bat,2719.4202877541766
mean,2050,42,10,ES1 6 bat,6204.587573792869
mean,2050,42,11,ES1 6 bat,0.0
mean,2050,42,12,ES1 6 bat,7378.741399204329
mean,2050,42,13,ES1 6 bat,6640.282645552119
mean,2050,42,14,ES1 6 bat,5122.058070226671
mean,2050,42,15,ES1 6 bat,1077.41149333063
mean,2050,42,16,ES1 6 bat,0.0
mean,2050,42,17,ES1 6 bat,0.0
mean,2050,42,18,ES1 6 bat,0.0
mean,2050,42,19,ES1 6 bat,0.0
mean,2050,42,20,ES1 6 bat,0.0
mean,2050,42,21,ES1 6 bat,0.0
mean,2050,42,22,ES1 6 bat,0.0
mean,2050,42,23,ES1 6 bat,0.14044247575059543
mean,2050,42,24,ES1 6 bat,0.14044247575013138
mean,2050,42,25,ES1 6 bat,0.14044247575013138
mean,2050,42,26,ES1 6 bat,0.14044247575013138
mean,2050,42,27,ES1 6 bat,0.14044247575013138
mean,2050,42,28,ES1 6 bat,0.14044247575013138
mean,2050,42,29,ES1 6 bat,0.28089080631997027
mean,2050,42,30,ES1 6 bat,0.0
mean,2050,42,31,ES1 6 bat,0.14044247575013138
mean,2050,42,32,ES1 6 bat,0.14044247575013138
mean,2050,42,33,ES1 6 bat,0.14044247575013138
mean,2050,42,34,ES1 6 bat,0.14044247575013138
mean,2050,42,35,ES1 6 bat,1051.9279664681799
mean,2050,42,36,ES1 6 bat,98.72587750311345
mean,2050,42,37,ES1 6 bat,0.0
mean,2050,42,38,ES1 6 bat,0.0
mean,2050,42,39,ES1 6 bat,0.0
mean,2050,42,40,ES1 6 bat,0.0
mean,2050,42,41,ES1 6 bat,0.0
mean,2050,42,42,ES1 6 bat,0.0
mean,2050,42,43,ES1 6 bat,0.0
mean,2050,42,44,ES1 6 bat,0.0
mean,2050,42,45,ES1 6 bat,0.0
mean,2050,42,46,ES1 6 bat,0.0
mean,2050,42,47,ES1 6 bat,0.0
mean,2050,42,48,ES1 6 bat,0.0
mean,2050,42,49,ES1 6 bat,0.0
mean,2050,42,50,ES1 6 bat,0.0
mean,2050,42,51,ES1 6 bat,0.0
mean,2050,42,52,ES1 6 bat,0.0
mean,2050,42,53,ES1 6 bat,0.0
mean,2050,42,54,ES1 6 bat,0.0
mean,2050,42,55,ES1 6 bat,0.0
mean,2050,42,56,ES1 6 bat,0.0
mean,2050,42,57,ES1 6 bat,2649.7000606973625
mean,2050,42,58,ES1 6 bat,4784.915146508087
mean,2050,42,59,ES1 6 bat,5318.755046900813
mean,2050,42,60,ES1 6 bat,6137.155513907674
mean,2050,42,61,ES1 6 bat,4962.442273496868
mean,2050,42,62,ES1 6 bat,1956.3647021373927
mean,2050,42,63,ES1 6 bat,1.2639822817488624
mean,2050,42,64,ES1 6 bat,0.0
mean,2050,42,65,ES1 6 bat,0.0
mean,2050,42,66,ES1 6 bat,0.0
mean,2050,42,67,ES1 6 bat,0.0
mean,2050,42,68,ES1 6 bat,0.0
mean,2050,42,69,ES1 6 bat,0.0
mean,2050,42,70,ES1 6 bat,0.0
mean,2050,42,71,ES1 6 bat,0.0
mean,2050,42,72,ES1 6 bat,0.0
mean,2050,42,73,ES1 6 bat,0.0
mean,2050,42,74,ES1 6 bat,0.0
mean,2050,42,75,ES1 6 bat,0.0
mean,2050,42,76,ES1 6 bat,0.0
mean,2050,42,77,ES1 6 bat,0.0
mean,2050,42,78,ES1 6 bat,0.0
mean,2050,42,79,ES1 6 bat,0.0
mean,2050,42,80,ES1 6 bat,0.0
mean,2050,42,81,ES1 6 bat,2607.7009487289233
mean,2050,42,82,ES1 6 bat,5013.465372110908
mean,2050,42,83,ES1 6 bat,6509.439762461296
mean,2050,42,84,ES1 6 bat,6449.370077618303
mean,2050,42,85,ES1 6 bat,5034.355010361087
mean,2050,42,86,ES1 6 bat,1341.4847953999956
mean,2050,42,87,ES1 6 bat,0.0
mean,2050,42,88,ES1 6 bat,0.0
mean,2050,42,89,ES1 6 bat,0.0
mean,2050,42,90,ES1 6 bat,0.0
mean,2050,42,91,ES1 6 bat,0.0
mean,2050,42,92,ES1 6 bat,0.0
mean,2050,42,93,ES1 6 bat,0.0
mean,2050,42,94,ES1 6 bat,0.0
mean,2050,42,95,ES1 6 bat,0.0
mean,2050,42,96,ES1 6 bat,0.0
mean,2050,42,97,ES1 6 bat,0.0
mean,2050,42,98,ES1 6 bat,0.0
mean,2050,42,99,ES1 6 bat,0.0
mean,2050,42,100,ES1 6 bat,0.0
mean,2050,42,101,ES1 6 bat,0.0
mean,2050,42,102,ES1 6 bat,0.0
mean,2050,42,103,ES1 6 bat,0.14044247575059543
mean,2050,42,104,ES1 6 bat,0.14044247575013138
mean,2050,42,105,ES1 6 bat,1948.5853002964323
mean,2050,42,106,ES1 6 bat,4306.094707531462
mean,2050,42,107,ES1 6 bat,5580.30124781128
mean,2050,42,108,ES1 6 bat,5942.256907632665
mean,2050,42,109,ES1 6 bat,4555.6892934354
mean,2050,42,110,ES1 6 bat,1689.2027784239162
mean,2050,42,111,ES1 6 bat,0.0
mean,2050,42,112,ES1 6 bat,0.0
mean,2050,42,113,ES1 6 bat,0.0
mean,2050,42,114,ES1 6 bat,0.0
mean,2050,42,115,ES1 6 bat,0.0
mean,2050,42,116,ES1 6 bat,0.0
mean,2050,42,117,ES1 6 bat,0.0
mean,2050,42,118,ES1 6 bat,0.0
mean,2050,42,119,ES1 6 bat,0.0
mean,2050,42,120,ES1 6 bat,0.0
mean,2050,42,121,ES1 6 bat,0.0
mean,2050,42,122,ES1 6 bat,0.0
mean,2050,42,123,ES1 6 bat,0.0
mean,2050,42,124,ES1 6 bat,0.0
mean,2050,42,125,ES1 6 bat,0.0
mean,2050,42,126,ES1 6 bat,0.0
mean,2050,42,127,ES1 6 bat,0.0
mean,2050,42,128,ES1 6 bat,0.0
mean,2050,42,129,ES1 6 bat,0.0
mean,2050,42,130,ES1 6 bat,0.0
mean,2050,42,131,ES1 6 bat,9726.842884592377
mean,2050,42,132,ES1 6 bat,10767.965219305992
mean,2050,42,133,ES1 6 bat,1.4019006138164978
mean,2050,42,134,ES1 6 bat,1.2639822817488624
mean,2050,42,135,ES1 6 bat,0.0
mean,2050,42,136,ES1 6 bat,0.0
mean,2050,42,137,ES1 6 bat,0.0
mean,2050,42,138,ES1 6 bat,0.0
mean,2050,42,139,ES1 6 bat,0.0
mean,2050,42,140,ES1 6 bat,0.0
mean,2050,42,141,ES1 6 bat,0.0
mean,2050,42,142,ES1 6 bat,0.0
mean,2050,42,143,ES1 6 bat,0.0
mean,2050,42,144,ES1 6 bat,0.0
mean,2050,42,145,ES1 6 bat,0.0
mean,2050,42,146,ES1 6 bat,0.0
mean,2050,42,147,ES1 6 bat,0.0
mean,2050,42,148,ES1 6 bat,0.0
mean,2050,42,149,ES1 6 bat,0.0
mean,2050,42,150,ES1 6 bat,0.0
mean,2050,42,151,ES1 6 bat,0.0
mean,2050,42,152,ES1 6 bat,0.0
mean,2050,42,153,ES1 6 bat,3340.5144748916414
mean,2050,42,154,ES1 6 bat,4470.256142879415
mean,2050,42,155,ES1 6 bat,5381.436132317394
mean,2050,42,156,ES1 6 bat,6434.12652384381
mean,2050,42,157,ES1 6 bat,4592.602583783759
mean,2050,42,158,ES1 6 bat,2736.7815180640646
mean,2050,42,159,ES1 6 bat,1.2639822817488624
mean,2050,42,160,ES1 6 bat,0.0
mean,2050,42,161,ES1 6 bat,0.0
mean,2050,42,162,ES1 6 bat,0.0
mean,2050,42,163,ES1 6 bat,0.0
mean,2050,42,164,ES1 6 bat,0.0
mean,2050,42,165,ES1 6 bat,0.0
mean,2050,42,166,ES1 6 bat,0.0
mean,2050,42,167,ES1 6 bat,0.0
mean,2050,52,0,ES1 6 bat,0.0
mean,2050,52,1,ES1 6 bat,0.14044247575013138
mean,2050,52,2,ES1 6 bat,0.14044247575013138
mean,2050,52,3,ES1 6 bat,0.14044247575013138
mean,2050,52,4,ES1 6 bat,0.14044247575013138
mean,2050,52,5,ES1 6 bat,0.42134499195359537
mean,2050,52,6,ES1 6 bat,0.0
mean,2050,52,7,ES1 6 bat,0.0
mean,2050,52,8,ES1 6 bat,0.14044247575013138
mean,2050,52,9,ES1 6 bat,0.14044247575013138
mean,2050,52,10,ES1 6 bat,1649.4470551329923
mean,2050,52,11,ES1 6 bat,11467.366825382913
mean,2050,52,12,ES1 6 bat,10621.372813187429
mean,2050,52,13,ES1 6 bat,3216.012525746388
mean,2050,52,14,ES1 6 bat,0.0
mean,2050,52,15,ES1 6 bat,0.0
mean,2050,52,16,ES1 6 bat,0.0
mean,2050,52,17,ES1 6 bat,0.0
mean,2050,52,18,ES1 6 bat,0.0
mean,2050,52,19,ES1 6 bat,0.0
mean,2050,52,20,ES1 6 bat,0.0
mean,2050,52,21,ES1 6 bat,0.0
mean,2050,52,22,ES1 6 bat,0.0
mean,2050,52,23,ES1 6 bat,0.0
mean,2050,52,24,ES1 6 bat,0.0
mean,2050,52,25,ES1 6 bat,0.0
mean,2050,52,26,ES1 6 bat,0.0
mean,2050,52,27,ES1 6 bat,0.0
mean,2050,52,28,ES1 6 bat,0.0
mean,2050,52,29,ES1 6 bat,0.0
mean,2050,52,30,ES1 6 bat,0.0
mean,2050,52,31,ES1 6 bat,0.0
mean,2050,52,32,ES1 6 bat,0.0
mean,2050,52,33,ES1 6 bat,0.0
mean,2050,52,34,ES1 6 bat,0.0
mean,2050,52,35,ES1 6 bat,0.0
mean,2050,52,36,ES1 6 bat,0.0
mean,2050,52,37,ES1 6 bat,0.0
mean,2050,52,38,ES1 6 bat,0.0
mean,2050,52,39,ES1 6 bat,0.0
mean,2050,52,40,ES1 6 bat,0.0
mean,2050,52,41,ES1 6 bat,0.0
mean,2050,52,42,ES1 6 bat,0.0
mean,2050,52,43,ES1 6 bat,0.0
mean,2050,52,44,ES1 6 bat,0.0
mean,2050,52,45,ES1 6 bat,0.0
mean,2050,52,46,ES1 6 bat,0.0
mean,2050,52,47,ES1 6 bat,0.0
mean,2050,52,48,ES1 6 bat,0.0
mean,2050,52,49,ES1 6 bat,0.0
mean,2050,52,50,ES1 6 bat,0.0
mean,2050,52,51,ES1 6 bat,0.0
mean,2050,52,52,ES1 6 bat,0.0
mean,2050,52,53,ES1 6 bat,0.0
mean,2050,52,54,ES1 6 bat,0.0
mean,2050,52,55,ES1 6 bat,0.0
mean,2050,52,56,ES1 6 bat,0.0
mean,2050,52,57,ES1 6 bat,0.0
mean,2050,52,58,ES1 6 bat,0.0
mean,2050,52,59,ES1 6 bat,0.0
mean,2050,52,60,ES1 6 bat,0.0
mean,2050,52,61,ES1 6 bat,0.0
mean,2050,52,62,ES1 6 bat,0.0
mean,2050,52,63,ES1 6 bat,0.0
mean,2050,52,64,ES1 6 bat,0.0
mean,2050,52,65,ES1 6 bat,0.0
mean,2050,52,66,ES1 6 bat,0.0
mean,2050,52,67,ES1 6 bat,0.0
mean,2050,52,68,ES1 6 bat,0.0
mean,2050,52,69,ES1 6 bat,0.0
mean,2050,52,70,ES1 6 bat,0.0
mean,2050,52,71,ES1 6 bat,0.0
mean,2050,52,72,ES1 6 bat,0.0
mean,2050,52,73,ES1 6 bat,0.0
mean,2050,52,74,ES1 6 bat,0.0
mean,2050,52,75,ES1 6 bat,0.0
mean,2050,52,76,ES1 6 bat,0.0
mean,2050,52,77,ES1 6 bat,0.0
mean,2050,52,78,ES1 6 bat,0.0
mean,2050,52,79,ES1 6 bat,0.0
mean,2050,52,80,ES1 6 bat,0.0
mean,2050,52,81,ES1 6 bat,7.273647681475268
mean,2050,52,82,ES1 6 bat,11062.589567875537
mean,2050,52,83,ES1 6 bat,4720.592945240793
mean,2050,52,84,ES1 6 bat,4521.773838126759
mean,2050,52,85,ES1 6 bat,2628.8491837683914
mean,2050,52,86,ES1 6 bat,4014.7187335288536
mean,2050,52,87,ES1 6 bat,0.0
mean,2050,52,88,ES1 6 bat,0.0
mean,2050,52,89,ES1 6 bat,0.0
mean,2050,52,90,ES1 6 bat,0.0
mean,2050,52,91,ES1 6 bat,0.0
mean,2050,52,92,ES1 6 bat,0.0
mean,2050,52,93,ES1 6 bat,0.0
mean,2050,52,94,ES1 6 bat,0.0
mean,2050,52,95,ES1 6 bat,0.0
mean,2050,52,96,ES1 6 bat,0.0
mean,2050,52,97,ES1 6 bat,0.0
mean,2050,52,98,ES1 6 bat,0.0
mean,2050,52,99,ES1 6 bat,0.0
mean,2050,52,100,ES1 6 bat,0.0
mean,2050,52,101,ES1 6 bat,0.0
mean,2050,52,102,ES1 6 bat,0.0
mean,2050,52,103,ES1 6 bat,0.0
mean,2050,52,104,ES1 6 bat,0.0
mean,2050,52,105,ES1 6 bat,0.0
mean,2050,52,106,ES1 6 bat,0.0
mean,2050,52,107,ES1 6 bat,0.0
mean,2050,52,108,ES1 6 bat,0.0
mean,2050,52,109,ES1 6 bat,0.0
mean,2050,52,110,ES1 6 bat,0.0
mean,2050,52,111,ES1 6 bat,0.0
mean,2050,52,112,ES1 6 bat,0.0
mean,2050,52,113,ES1 6 bat,0.0
mean,2050,52,114,ES1 6 bat,0.0
mean,2050,52,115,ES1 6 bat,0.0
mean,2050,52,116,ES1 6 bat,0.0
mean,2050,52,117,ES1 6 bat,0.0
mean,2050,52,118,ES1 6 bat,0.0
mean,2050,52,119,ES1 6 bat,0.0
mean,2050,52,120,ES1 6 bat,0.0
mean,2050,52,121,ES1 6 bat,0.0
mean,2050,52,122,ES1 6 bat,0.0
mean,2050,52,123,ES1 6 bat,0.0
mean,2050,52,124,ES1 6 bat,0.0
mean,2050,52,125,ES1 6 bat,0.0
mean,2050,52,126,ES1 6 bat,0.0
mean,2050,52,127,ES1 6 bat,0.0
mean,2050,52,128,ES1 6 bat,0.0
mean,2050,52,129,ES1 6 bat,0.14044247575013138
mean,2050,52,130,ES1 6 bat,203.40495503861712
mean,2050,52,131,ES1 6 bat,2803.402351766268
mean,2050,52,132,ES1 6 bat,16908.280957291096
mean,2050,52,133,ES1 6 bat,4009.2820399200755
mean,2050,52,134,ES1 6 bat,3030.3255385867433
mean,2050,52,135,ES1 6 bat,1.2639822817488624
mean,2050,52,136,ES1 6 bat,0.0
mean,2050,52,137,ES1 6 bat,0.0
mean,2050,52,138,ES1 6 bat,0.0
mean,2050,52,139,ES1 6 bat,0.0
mean,2050,52,140,ES1 6 bat,0.0
mean,2050,52,141,ES1 6 bat,0.0
mean,2050,52,142,ES1 6 bat,0.0
mean,2050,52,143,ES1 6 bat,0.0
mean,2050,52,144,ES1 6 bat,0.0
mean,2050,52,145,ES1 6 bat,0.0
mean,2050,52,146,ES1 6 bat,0.0
mean,2050,52,147,ES1 6 bat,0.0
mean,2050,52,148,ES1 6 bat,0.0
mean,2050,52,149,ES1 6 bat,0.0
mean,2050,52,150,ES1 6 bat,0.0
mean,2050,52,151,ES1 6 bat,0.0
mean,2050,52,152,ES1 6 bat,0.0
mean,2050,52,153,ES1 6 bat,0.14044247575013138
mean,2050,52,154,ES1 6 bat,2238.7930436464776
mean,2050,52,155,ES1 6 bat,7988.3211153347875
mean,2050,52,156,ES1 6 bat,7616.200333531488
mean,2050,52,157,ES1 6 bat,5906.523847271084
mean,2050,52,158,ES1 6 bat,3205.1496686338724
mean,2050,52,159,ES1 6 bat,1.2639822817488624
mean,2050,52,160,ES1 6 bat,0.0
mean,2050,52,161,ES1 6 bat,0.0
mean,2050,52,162,ES1 6 bat,0.0
mean,2050,52,163,ES1 6 bat,0.0
mean,2050,52,164,ES1 6 bat,0.0
mean,2050,52,165,ES1 6 bat,0.0
mean,2050,52,166,ES1 6 bat,0.0
mean,2050,52,167,ES1 6 bat,0.0
mean,2025,11,0,ES1 7 bat,0.0
mean,2025,11,1,ES1 7 bat,0.04043451230656074
mean,2025,11,2,ES1 7 bat,0.04043451230656074
mean,2025,11,3,ES1 7 bat,0.04043451230656074
mean,2025,11,4,ES1 7 bat,0.04043451230656074
mean,2025,11,5,ES1 7 bat,0.12130859393817779
mean,2025,11,6,ES1 7 bat,0.0
mean,2025,11,7,ES1 7 bat,0.0
mean,2025,11,8,ES1 7 bat,0.04043451230656074
mean,2025,11,9,ES1 7 bat,0.04043451230656074
mean,2025,11,10,ES1 7 bat,0.04043451230656074
mean,2025,11,11,ES1 7 bat,0.04043451230656074
mean,2025,11,12,ES1 7 bat,0.04043451230656074
mean,2025,11,13,ES1 7 bat,822.3144256790838
mean,2025,11,14,ES1 7 bat,0.0
mean,2025,11,15,ES1 7 bat,0.0
mean,2025,11,16,ES1 7 bat,0.0
mean,2025,11,17,ES1 7 bat,0.0
mean,2025,11,18,ES1 7 bat,0.0
mean,2025,11,19,ES1 7 bat,0.0
mean,2025,11,20,ES1 7 bat,0.0
mean,2025,11,21,ES1 7 bat,0.0
mean,2025,11,22,ES1 7 bat,0.0
mean,2025,11,23,ES1 7 bat,0.0
mean,2025,11,24,ES1 7 bat,0.0
mean,2025,11,25,ES1 7 bat,0.0
mean,2025,11,26,ES1 7 bat,0.0
mean,2025,11,27,ES1 7 bat,0.0
mean,2025,11,28,ES1 7 bat,0.0
mean,2025,11,29,ES1 7 bat,0.0
mean,2025,11,30,ES1 7 bat,0.0
mean,2025,11,31,ES1 7 bat,0.0
mean,2025,11,32,ES1 7 bat,0.0
mean,2025,11,33,ES1 7 bat,0.0
mean,2025,11,34,ES1 7 bat,0.0
mean,2025,11,35,ES1 7 bat,0.0
mean,2025,11,36,ES1 7 bat,0.0
mean,2025,11,37,ES1 7 bat,0.0
mean,2025,11,38,ES1 7 bat,0.0
mean,2025,11,39,ES1 7 bat,0.0
mean,2025,11,40,ES1 7 bat,0.0
mean,2025,11,41,ES1 7 bat,0.0
mean,2025,11,42,ES1 7 bat,0.0
mean,2025,11,43,ES1 7 bat,0.0
mean,2025,11,44,ES1 7 bat,0.0
mean,2025,11,45,ES1 7 bat,0.0
mean,2025,11,46,ES1 7 bat,0.0
mean,2025,11,47,ES1 7 bat,0.0
mean,2025,11,48,ES1 7 bat,0.0
mean,2025,11,49,ES1 7 bat,0.0
mean,2025,11,50,ES1 7 bat,0.0
mean,2025,11,51,ES1 7 bat,0.0
mean,2025,11,52,ES1 7 bat,0.0
mean,2025,11,53,ES1 7 bat,0.0
mean,2025,11,54,ES1 7 bat,0.0
mean,2025,11,55,ES1 7 bat,0.0
mean,2025,11,56,ES1 7 bat,0.0
mean,2025,11,57,ES1 7 bat,0.0
mean,2025,11,58,ES1 7 bat,106.25149786222028
mean,2025,11,59,ES1 7 bat,1139.823160058735
mean,2025,11,60,ES1 7 bat,1225.9144596503174
mean,2025,11,61,ES1 7 bat,1977.0418782233137
mean,2025,11,62,ES1 7 bat,901.8568116390888
mean,2025,11,63,ES1 7 bat,0.0
mean,2025,11,64,ES1 7 bat,1591.1412667913785
mean,2025,11,65,ES1 7 bat,0.0
mean,2025,11,66,ES1 7 bat,0.0
mean,2025,11,67,ES1 7 bat,0.0
mean,2025,11,68,ES1 7 bat,0.0
mean,2025,11,69,ES1 7 bat,0.0
mean,2025,11,70,ES1 7 bat,0.0
mean,2025,11,71,ES1 7 bat,0.0
mean,2025,11,72,ES1 7 bat,0.0
mean,2025,11,73,ES1 7 bat,0.0
mean,2025,11,74,ES1 7 bat,3.6384235239076625
mean,2025,11,75,ES1 7 bat,0.0
mean,2025,11,76,ES1 7 bat,0.0
mean,2025,11,77,ES1 7 bat,0.0
mean,2025,11,78,ES1 7 bat,0.0
mean,2025,11,79,ES1 7 bat,0.0
mean,2025,11,80,ES1 7 bat,0.0
mean,2025,11,81,ES1 7 bat,2.547055722982118
mean,2025,11,82,ES1 7 bat,0.36391061075846665
mean,2025,11,83,ES1 7 bat,0.0
mean,2025,11,84,ES1 7 bat,0.0
mean,2025,11,85,ES1 7 bat,0.0
mean,2025,11,86,ES1 7 bat,0.0
mean,2025,11,87,ES1 7 bat,1.8194013579923938
mean,2025,11,88,ES1 7 bat,0.36391061075846665
mean,2025,11,89,ES1 7 bat,0.36391061075846665
mean,2025,11,90,ES1 7 bat,0.0
mean,2025,11,91,ES1 7 bat,0.0
mean,2025,11,92,ES1 7 bat,0.0
mean,2025,11,93,ES1 7 bat,0.0
mean,2025,11,94,ES1 7 bat,0.0
mean,2025,11,95,ES1 7 bat,0.0
mean,2025,11,96,ES1 7 bat,0.0
mean,2025,11,97,ES1 7 bat,0.0
mean,2025,11,98,ES1 7 bat,301.6002380660054
mean,2025,11,99,ES1 7 bat,0.0
mean,2025,11,100,ES1 7 bat,168.20824153277135
mean,2025,11,101,ES1 7 bat,0.0
mean,2025,11,102,ES1 7 bat,0.0
mean,2025,11,103,ES1 7 bat,0.0
mean,2025,11,104,ES1 7 bat,0.0
mean,2025,11,105,ES1 7 bat,0.04043451230656074
mean,2025,11,106,ES1 7 bat,1494.7056587516272
mean,2025,11,107,ES1 7 bat,3249.6730670040815
mean,2025,11,108,ES1 7 bat,675.2736280339941
mean,2025,11,109,ES1 7 bat,2230.7259478499577
mean,2025,11,110,ES1 7 bat,110.33449417105658
mean,2025,11,111,ES1 7 bat,0.0
mean,2025,11,112,ES1 7 bat,0.0
mean,2025,11,113,ES1 7 bat,0.0
mean,2025,11,114,ES1 7 bat,0.0
mean,2025,11,115,ES1 7 bat,0.0
mean,2025,11,116,ES1 7 bat,0.0
mean,2025,11,117,ES1 7 bat,0.0
mean,2025,11,118,ES1 7 bat,0.0
mean,2025,11,119,ES1 7 bat,0.0
mean,2025,11,120,ES1 7 bat,0.0
mean,2025,11,121,ES1 7 bat,0.0
mean,2025,11,122,ES1 7 bat,0.04043451230667675
mean,2025,11,123,ES1 7 bat,0.04043451230656074
mean,2025,11,124,ES1 7 bat,0.04043451230656074
mean,2025,11,125,ES1 7 bat,0.04043451230656074
mean,2025,11,126,ES1 7 bat,0.04043451230656074
mean,2025,11,127,ES1 7 bat,0.04043451230656074
mean,2025,11,128,ES1 7 bat,0.04043451230656074
mean,2025,11,129,ES1 7 bat,0.04043451230656074
mean,2025,11,130,ES1 7 bat,0.04043451230656074
mean,2025,11,131,ES1 7 bat,0.04043451230656074
mean,2025,11,132,ES1 7 bat,0.04043451230656074
mean,2025,11,133,ES1 7 bat,0.04043451230656074
mean,2025,11,134,ES1 7 bat,0.04043451230656074
mean,2025,11,135,ES1 7 bat,0.04043451230656074
mean,2025,11,136,ES1 7 bat,0.7685440479815729
mean,2025,11,137,ES1 7 bat,0.0
mean,2025,11,138,ES1 7 bat,0.0
mean,2025,11,139,ES1 7 bat,0.0
mean,2025,11,140,ES1 7 bat,0.0
mean,2025,11,141,ES1 7 bat,0.0
mean,2025,11,142,ES1 7 bat,0.0
mean,2025,11,143,ES1 7 bat,0.0
mean,2025,11,144,ES1 7 bat,0.0
mean,2025,11,145,ES1 7 bat,0.0
mean,2025,11,146,ES1 7 bat,0.0
mean,2025,11,147,ES1 7 bat,0.0
mean,2025,11,148,ES1 7 bat,0.0
mean,2025,11,149,ES1 7 bat,0.0
mean,2025,11,150,ES1 7 bat,0.0
mean,2025,11,151,ES1 7 bat,0.0
mean,2025,11,152,ES1 7 bat,0.0
mean,2025,11,153,ES1 7 bat,0.0
mean,2025,11,154,ES1 7 bat,0.0
mean,2025,11,155,ES1 7 bat,0.04043451230656074
mean,2025,11,156,ES1 7 bat,0.04043451230656074
mean,2025,11,157,ES1 7 bat,0.04043451230656074
mean,2025,11,158,ES1 7 bat,0.04043451230656074
mean,2025,11,159,ES1 7 bat,0.36397130004156586
mean,2025,11,160,ES1 7 bat,0.0
mean,2025,11,161,ES1 7 bat,0.0
mean,2025,11,162,ES1 7 bat,0.0
mean,2025,11,163,ES1 7 bat,0.0
mean,2025,11,164,ES1 7 bat,0.0
mean,2025,11,165,ES1 7 bat,0.0
mean,2025,11,166,ES1 7 bat,0.0
mean,2025,11,167,ES1 7 bat,0.0
mean,2025,21,0,ES1 7 bat,0.0
mean,2025,21,1,ES1 7 bat,0.28307698724345254
mean,2025,21,2,ES1 7 bat,0.0
mean,2025,21,3,ES1 7 bat,0.0
mean,2025,21,4,ES1 7 bat,0.0
mean,2025,21,5,ES1 7 bat,0.0
mean,2025,21,6,ES1 7 bat,0.0
mean,2025,21,7,ES1 7 bat,0.0
mean,2025,21,8,ES1 7 bat,0.04043451230656074
mean,2025,21,9,ES1 7 bat,0.12130859393817779
mean,2025,21,10,ES1 7 bat,0.0
mean,2025,21,11,ES1 7 bat,0.0
mean,2025,21,12,ES1 7 bat,0.04043451230656074
mean,2025,21,13,ES1 7 bat,0.04043451230656074
mean,2025,21,14,ES1 7 bat,0.04043451230656074
mean,2025,21,15,ES1 7 bat,0.7280791832312974
mean,2025,21,16,ES1 7 bat,0.0
mean,2025,21,17,ES1 7 bat,0.0
mean,2025,21,18,ES1 7 bat,0.0
mean,2025,21,19,ES1 7 bat,0.0
mean,2025,21,20,ES1 7 bat,0.0
mean,2025,21,21,ES1 7 bat,0.0
mean,2025,21,22,ES1 7 bat,0.0
mean,2025,21,23,ES1 7 bat,0.0
mean,2025,21,24,ES1 7 bat,0.0
mean,2025,21,25,ES1 7 bat,0.0
mean,2025,21,26,ES1 7 bat,0.0
mean,2025,21,27,ES1 7 bat,0.0
mean,2025,21,28,ES1 7 bat,0.0
mean,2025,21,29,ES1 7 bat,0.0
mean,2025,21,30,ES1 7 bat,0.0
mean,2025,21,31,ES1 7 bat,0.0
mean,2025,21,32,ES1 7 bat,0.0
mean,2025,21,33,ES1 7 bat,0.04043451230656074
mean,2025,21,34,ES1 7 bat,0.04043451230656074
mean,2025,21,35,ES1 7 bat,0.04043451230656074
mean,2025,21,36,ES1 7 bat,0.04043451230656074
mean,2025,21,37,ES1 7 bat,0.04043451230656074
mean,2025,21,38,ES1 7 bat,2517.974363129266
mean,2025,21,39,ES1 7 bat,2788.7399387435453
mean,2025,21,40,ES1 7 bat,0.0
mean,2025,21,41,ES1 7 bat,2233.6778336329317
mean,2025,21,42,ES1 7 bat,0.0
mean,2025,21,43,ES1 7 bat,0.0
mean,2025,21,44,ES1 7 bat,0.0
mean,2025,21,45,ES1 7 bat,0.0
mean,2025,21,46,ES1 7 bat,0.0
mean,2025,21,47,ES1 7 bat,0.0
mean,2025,21,48,ES1 7 bat,0.0
mean,2025,21,49,ES1 7 bat,0.0
mean,2025,21,50,ES1 7 bat,0.0
mean,2025,21,51,ES1 7 bat,0.0
mean,2025,21,52,ES1 7 bat,0.0
mean,2025,21,53,ES1 7 bat,0.0
mean,2025,21,54,ES1 7 bat,0.0
mean,2025,21,55,ES1 7 bat,0.0
mean,2025,21,56,ES1 7 bat,0.04043451230656074
mean,2025,21,57,ES1 7 bat,0.04043451230656074
mean,2025,21,58,ES1 7 bat,0.04043451230656074
mean,2025,21,59,ES1 7 bat,0.04043451230656074
mean,2025,21,60,ES1 7 bat,4408.790045970328
mean,2025,21,61,ES1 7 bat,0.0
mean,2025,21,62,ES1 7 bat,0.0
mean,2025,21,63,ES1 7 bat,0.0
mean,2025,21,64,ES1 7 bat,0.0
mean,2025,21,65,ES1 7 bat,0.0
mean,2025,21,66,ES1 7 bat,0.0
mean,2025,21,67,ES1 7 bat,0.0
mean,2025,21,68,ES1 7 bat,0.0
mean,2025,21,69,ES1 7 bat,0.0
mean,2025,21,70,ES1 7 bat,0.0
mean,2025,21,71,ES1 7 bat,0.0
mean,2025,21,72,ES1 7 bat,0.0
mean,2025,21,73,ES1 7 bat,0.0
mean,2025,21,74,ES1 7 bat,0.0
mean,2025,21,75,ES1 7 bat,0.0
mean,2025,21,76,ES1 7 bat,0.0
mean,2025,21,77,ES1 7 bat,0.0
mean,2025,21,78,ES1 7 bat,0.0
mean,2025,21,79,ES1 7 bat,0.0
mean,2025,21,80,ES1 7 bat,0.0
mean,2025,21,81,ES1 7 bat,0.0
mean,2025,21,82,ES1 7 bat,0.0
mean,2025,21,83,ES1 7 bat,0.0
mean,2025,21,84,ES1 7 bat,0.0
mean,2025,21,85,ES1 7 bat,0.0
mean,2025,21,86,ES1 7 bat,1963.0649860330032
mean,2025,21,87,ES1 7 bat,0.0
mean,2025,21,88,ES1 7 bat,0.0
mean,2025,21,89,ES1 7 bat,0.0
mean,2025,21,90,ES1 7 bat,0.0
mean,2025,21,91,ES1 7 bat,0.0
mean,2025,21,92,ES1 7 bat,0.0
mean,2025,21,93,ES1 7 bat,0.0
mean,2025,21,94,ES1 7 bat,0.0
mean,2025,21,95,ES1 7 bat,0.0
mean,2025,21,96,ES1 7 bat,0.0
mean,2025,21,97,ES1 7 bat,0.0
mean,2025,21,98,ES1 7 bat,0.0
mean,2025,21,99,ES1 7 bat,0.0
mean,2025,21,100,ES1 7 bat,0.0
mean,2025,21,101,ES1 7 bat,0.0
mean,2025,21,102,ES1 7 bat,0.0
mean,2025,21,103,ES1 7 bat,0.0
mean,2025,21,104,ES1 7 bat,0.04043451230656074
mean,2025,21,105,ES1 7 bat,0.04043451230656074
mean,2025,21,106,ES1 7 bat,0.04043451230656074
mean,2025,21,107,ES1 7 bat,2188.7382784682086
mean,2025,21,108,ES1 7 bat,0.0
mean,2025,21,109,ES1 7 bat,0.0
mean,2025,21,110,ES1 7 bat,1614.7806277209754
mean,2025,21,111,ES1 7 bat,1042.5436709180722
mean,2025,21,112,ES1 7 bat,0.0
mean,2025,21,113,ES1 7 bat,0.0
mean,2025,21,114,ES1 7 bat,0.0
mean,2025,21,115,ES1 7 bat,0.0
mean,2025,21,116,ES1 7 bat,0.0
mean,2025,21,117,ES1 7 bat,0.0
mean,2025,21,118,ES1 7 bat,0.0
mean,2025,21,119,ES1 7 bat,0.0
mean,2025,21,120,ES1 7 bat,0.0
mean,2025,21,121,ES1 7 bat,0.0
mean,2025,21,122,ES1 7 bat,0.0
mean,2025,21,123,ES1 7 bat,0.0
mean,2025,21,124,ES1 7 bat,0.0
mean,2025,21,125,ES1 7 bat,0.0
mean,2025,21,126,ES1 7 bat,0.0
mean,2025,21,127,ES1 7 bat,0.0
mean,2025,21,128,ES1 7 bat,0.0
mean,2025,21,129,ES1 7 bat,0.0
mean,2025,21,130,ES1 7 bat,0.04043451230656074
mean,2025,21,131,ES1 7 bat,3624.9250378000506
mean,2025,21,132,ES1 7 bat,138.24609334018896
mean,2025,21,133,ES1 7 bat,900.9810960194945
mean,2025,21,134,ES1 7 bat,1171.7523652747277
mean,2025,21,135,ES1 7 bat,0.0
mean,2025,21,136,ES1 7 bat,0.0
mean,2025,21,137,ES1 7 bat,0.0
mean,2025,21,138,ES1 7 bat,0.0
mean,2025,21,139,ES1 7 bat,0.0
mean,2025,21,140,ES1 7 bat,0.0
mean,2025,21,141,ES1 7 bat,0.0
mean,2025,21,142,ES1 7 bat,0.0
mean,2025,21,143,ES1 7 bat,0.0
mean,2025,21,144,ES1 7 bat,0.0
mean,2025,21,145,ES1 7 bat,0.0
mean,2025,21,146,ES1 7 bat,0.0
mean,2025,21,147,ES1 7 bat,0.0
mean,2025,21,148,ES1 7 bat,0.0
mean,2025,21,149,ES1 7 bat,0.0
mean,2025,21,150,ES1 7 bat,0.0
mean,2025,21,151,ES1 7 bat,0.0
mean,2025,21,152,ES1 7 bat,0.04043451230656074
mean,2025,21,153,ES1 7 bat,0.04043451230656074
mean,2025,21,154,ES1 7 bat,0.04043451230656074
mean,2025,21,155,ES1 7 bat,70.96051770032673
mean,2025,21,156,ES1 7 bat,0.0
mean,2025,21,157,ES1 7 bat,0.0
mean,2025,21,158,ES1 7 bat,0.0
mean,2025,21,159,ES1 7 bat,0.0
mean,2025,21,160,ES1 7 bat,0.0
mean,2025,21,161,ES1 7 bat,0.0
mean,2025,21,162,ES1 7 bat,0.0
mean,2025,21,163,ES1 7 bat,0.0
mean,2025,21,164,ES1 7 bat,0.0
mean,2025,21,165,ES1 7 bat,0.0
mean,2025,21,166,ES1 7 bat,0.0
mean,2025,21,167,ES1 7 bat,0.0
mean,2025,42,0,ES1 7 bat,0.0
mean,2025,42,1,ES1 7 bat,0.04043451230656074
mean,2025,42,2,ES1 7 bat,0.04043451230656074
mean,2025,42,3,ES1 7 bat,0.04043451230656074
mean,2025,42,4,ES1 7 bat,0.16174816340383458
mean,2025,42,5,ES1 7 bat,0.0
mean,2025,42,6,ES1 7 bat,0.0
mean,2025,42,7,ES1 7 bat,0.0
mean,2025,42,8,ES1 7 bat,0.04043451230656074
mean,2025,42,9,ES1 7 bat,0.04043451230656074
mean,2025,42,10,ES1 7 bat,0.08087071026248126
mean,2025,42,11,ES1 7 bat,0.0
mean,2025,42,12,ES1 7 bat,0.04043451230656074
mean,2025,42,13,ES1 7 bat,0.04043451230656074
mean,2025,42,14,ES1 7 bat,0.36397130004156586
mean,2025,42,15,ES1 7 bat,0.0
mean,2025,42,16,ES1 7 bat,0.0
mean,2025,42,17,ES1 7 bat,0.0
mean,2025,42,18,ES1 7 bat,0.0
mean,2025,42,19,ES1 7 bat,0.0
mean,2025,42,20,ES1 7 bat,0.0
mean,2025,42,21,ES1 7 bat,0.0
mean,2025,42,22,ES1 7 bat,0.0
mean,2025,42,23,ES1 7 bat,0.04043451230656074
mean,2025,42,24,ES1 7 bat,0.04043451230656074
mean,2025,42,25,ES1 7 bat,0.04043451230656074
mean,2025,42,26,ES1 7 bat,0.04043451230656074
mean,2025,42,27,ES1 7 bat,0.04043451230656074
mean,2025,42,28,ES1 7 bat,0.04043451230656074
mean,2025,42,29,ES1 7 bat,0.04043451230656074
mean,2025,42,30,ES1 7 bat,0.04043451230656074
mean,2025,42,31,ES1 7 bat,0.04043451230656074
mean,2025,42,32,ES1 7 bat,0.04043451230656074
mean,2025,42,33,ES1 7 bat,0.04043451230656074
mean,2025,42,34,ES1 7 bat,0.04043451230656074
mean,2025,42,35,ES1 7 bat,0.04043451230656074
mean,2025,42,36,ES1 7 bat,2061.1892669643694
mean,2025,42,37,ES1 7 bat,3072.862547636809
mean,2025,42,38,ES1 7 bat,2626.0751673375526
mean,2025,42,39,ES1 7 bat,0.36391061075846665
mean,2025,42,40,ES1 7 bat,0.0
mean,2025,42,41,ES1 7 bat,0.0
mean,2025,42,42,ES1 7 bat,0.0
mean,2025,42,43,ES1 7 bat,0.0
mean,2025,42,44,ES1 7 bat,0.0
mean,2025,42,45,ES1 7 bat,0.0
mean,2025,42,46,ES1 7 bat,0.0
mean,2025,42,47,ES1 7 bat,0.0
mean,2025,42,48,ES1 7 bat,3.274649422297555
mean,2025,42,49,ES1 7 bat,0.0
mean,2025,42,50,ES1 7 bat,0.0
mean,2025,42,51,ES1 7 bat,0.0
mean,2025,42,52,ES1 7 bat,0.0
mean,2025,42,53,ES1 7 bat,0.0
mean,2025,42,54,ES1 7 bat,0.0
mean,2025,42,55,ES1 7 bat,0.0
mean,2025,42,56,ES1 7 bat,0.0
mean,2025,42,57,ES1 7 bat,0.0
mean,2025,42,58,ES1 7 bat,0.0
mean,2025,42,59,ES1 7 bat,0.0
mean,2025,42,60,ES1 7 bat,0.0
mean,2025,42,61,ES1 7 bat,0.0
mean,2025,42,62,ES1 7 bat,0.0
mean,2025,42,63,ES1 7 bat,0.0
mean,2025,42,64,ES1 7 bat,0.0
mean,2025,42,65,ES1 7 bat,0.0
mean,2025,42,66,ES1 7 bat,0.0
mean,2025,42,67,ES1 7 bat,0.0
mean,2025,42,68,ES1 7 bat,0.0
mean,2025,42,69,ES1 7 bat,0.0
mean,2025,42,70,ES1 7 bat,0.0
mean,2025,42,71,ES1 7 bat,0.0
mean,2025,42,72,ES1 7 bat,0.0
mean,2025,42,73,ES1 7 bat,0.0
mean,2025,42,74,ES1 7 bat,0.0
mean,2025,42,75,ES1 7 bat,0.0
mean,2025,42,76,ES1 7 bat,0.0
mean,2025,42,77,ES1 7 bat,0.0
mean,2025,42,78,ES1 7 bat,0.0
mean,2025,42,79,ES1 7 bat,0.0
mean,2025,42,80,ES1 7 bat,0.0
mean,2025,42,81,ES1 7 bat,0.0
mean,2025,42,82,ES1 7 bat,0.0
mean,2025,42,83,ES1 7 bat,0.0
mean,2025,42,84,ES1 7 bat,0.0
mean,2025,42,85,ES1 7 bat,0.0
mean,2025,42,86,ES1 7 bat,0.0
mean,2025,42,87,ES1 7 bat,0.0
mean,2025,42,88,ES1 7 bat,0.0
mean,2025,42,89,ES1 7 bat,0.0
mean,2025,42,90,ES1 7 bat,0.0
mean,2025,42,91,ES1 7 bat,0.0
mean,2025,42,92,ES1 7 bat,0.0
mean,2025,42,93,ES1 7 bat,0.0
mean,2025,42,94,ES1 7 bat,0.0
mean,2025,42,95,ES1 7 bat,0.0
mean,2025,42,96,ES1 7 bat,0.0
mean,2025,42,97,ES1 7 bat,0.0
mean,2025,42,98,ES1 7 bat,0.0
mean,2025,42,99,ES1 7 bat,0.0
mean,2025,42,100,ES1 7 bat,0.0
mean,2025,42,101,ES1 7 bat,0.0
mean,2025,42,102,ES1 7 bat,0.0
mean,2025,42,103,ES1 7 bat,0.0
mean,2025,42,104,ES1 7 bat,0.0
mean,2025,42,105,ES1 7 bat,0.04043451230656074
mean,2025,42,106,ES1 7 bat,0.04043451230656074
mean,2025,42,107,ES1 7 bat,0.04043451230656074
mean,2025,42,108,ES1 7 bat,0.08087071026248126
mean,2025,42,109,ES1 7 bat,0.0
mean,2025,42,110,ES1 7 bat,1253.4230993848432
mean,2025,42,111,ES1 7 bat,0.0
mean,2025,42,112,ES1 7 bat,0.0
mean,2025,42,113,ES1 7 bat,0.0
mean,2025,42,114,ES1 7 bat,0.0
mean,2025,42,115,ES1 7 bat,0.0
mean,2025,42,116,ES1 7 bat,0.0
mean,2025,42,117,ES1 7 bat,0.0
mean,2025,42,118,ES1 7 bat,0.0
mean,2025,42,119,ES1 7 bat,0.0
mean,2025,42,120,ES1 7 bat,0.0
mean,2025,42,121,ES1 7 bat,0.0
mean,2025,42,122,ES1 7 bat,0.0
mean,2025,42,123,ES1 7 bat,0.0
mean,2025,42,124,ES1 7 bat,0.0
mean,2025,42,125,ES1 7 bat,0.0
mean,2025,42,126,ES1 7 bat,0.0
mean,2025,42,127,ES1 7 bat,0.0
mean,2025,42,128,ES1 7 bat,0.0
mean,2025,42,129,ES1 7 bat,0.0
mean,2025,42,130,ES1 7 bat,0.0
mean,2025,42,131,ES1 7 bat,0.0
mean,2025,42,132,ES1 7 bat,3031.8132007316462
mean,2025,42,133,ES1 7 bat,4728.099794307753
mean,2025,42,134,ES1 7 bat,0.0
mean,2025,42,135,ES1 7 bat,0.0
mean,2025,42,136,ES1 7 bat,0.0
mean,2025,42,137,ES1 7 bat,0.0
mean,2025,42,138,ES1 7 bat,0.0
mean,2025,42,139,ES1 7 bat,0.0
mean,2025,42,140,ES1 7 bat,0.0
mean,2025,42,141,ES1 7 bat,0.0
mean,2025,42,142,ES1 7 bat,0.0
mean,2025,42,143,ES1 7 bat,0.0
mean,2025,42,144,ES1 7 bat,0.0
mean,2025,42,145,ES1 7 bat,0.0
mean,2025,42,146,ES1 7 bat,0.0
mean,2025,42,147,ES1 7 bat,0.0
mean,2025,42,148,ES1 7 bat,0.0
mean,2025,42,149,ES1 7 bat,0.0
mean,2025,42,150,ES1 7 bat,0.0
mean,2025,42,151,ES1 7 bat,0.0
mean,2025,42,152,ES1 7 bat,0.0
mean,2025,42,153,ES1 7 bat,0.04043451230656074
mean,2025,42,154,ES1 7 bat,0.04043451230656074
mean,2025,42,155,ES1 7 bat,0.04043451230656074
mean,2025,42,156,ES1 7 bat,0.04043451230656074
mean,2025,42,157,ES1 7 bat,2065.7040723070786
mean,2025,42,158,ES1 7 bat,752.1639378905202
mean,2025,42,159,ES1 7 bat,0.0
mean,2025,42,160,ES1 7 bat,0.0
mean,2025,42,161,ES1 7 bat,0.0
mean,2025,42,162,ES1 7 bat,0.0
mean,2025,42,163,ES1 7 bat,0.0
mean,2025,42,164,ES1 7 bat,0.0
mean,2025,42,165,ES1 7 bat,0.0
mean,2025,42,166,ES1 7 bat,0.0
mean,2025,42,167,ES1 7 bat,0.0
mean,2025,52,0,ES1 7 bat,0.0
mean,2025,52,1,ES1 7 bat,0.04043451230656074
mean,2025,52,2,ES1 7 bat,0.04043451230656074
mean,2025,52,3,ES1 7 bat,0.04043451230656074
mean,2025,52,4,ES1 7 bat,0.04043451230656074
mean,2025,52,5,ES1 7 bat,0.04043451230656074
mean,2025,52,6,ES1 7 bat,0.08087071026248126
mean,2025,52,7,ES1 7 bat,0.0
mean,2025,52,8,ES1 7 bat,0.04043451230656074
mean,2025,52,9,ES1 7 bat,0.04043451230656074
mean,2025,52,10,ES1 7 bat,0.04043451230656074
mean,2025,52,11,ES1 7 bat,0.04043451230656074
mean,2025,52,12,ES1 7 bat,0.04043451230656074
mean,2025,52,13,ES1 7 bat,0.04043451230656074
mean,2025,52,14,ES1 7 bat,0.04043451230656074
mean,2025,52,15,ES1 7 bat,0.04043451230656074
mean,2025,52,16,ES1 7 bat,0.08087071026248126
mean,2025,52,17,ES1 7 bat,0.0
mean,2025,52,18,ES1 7 bat,0.04043451230656074
mean,2025,52,19,ES1 7 bat,0.04043451230656074
mean,2025,52,20,ES1 7 bat,0.04043451230656074
mean,2025,52,21,ES1 7 bat,0.04043451230656074
mean,2025,52,22,ES1 7 bat,0.04043451230656074
mean,2025,52,23,ES1 7 bat,0.04043451230656074
mean,2025,52,24,ES1 7 bat,0.04043451230656074
mean,2025,52,25,ES1 7 bat,0.04043451230656074
mean,2025,52,26,ES1 7 bat,0.04043451230656074
mean,2025,52,27,ES1 7 bat,0.04043451230656074
mean,2025,52,28,ES1 7 bat,0.04043451230656074
mean,2025,52,29,ES1 7 bat,0.04043451230656074
mean,2025,52,30,ES1 7 bat,0.04043451230656074
mean,2025,52,31,ES1 7 bat,0.08087071026248126
mean,2025,52,32,ES1 7 bat,0.0
mean,2025,52,33,ES1 7 bat,0.04043451230656074
mean,2025,52,34,ES1 7 bat,0.04043451230656074
mean,2025,52,35,ES1 7 bat,0.04043451230656074
mean,2025,52,36,ES1 7 bat,0.04043451230656074
mean,2025,52,37,ES1 7 bat,0.04043451230656074
mean,2025,52,38,ES1 7 bat,0.04043451230656074
mean,2025,52,39,ES1 7 bat,0.04043451230656074
mean,2025,52,40,ES1 7 bat,0.04043451230656074
mean,2025,52,41,ES1 7 bat,0.04043451230656074
mean,2025,52,42,ES1 7 bat,0.04043451230656074
mean,2025,52,43,ES1 7 bat,0.04043451230656074
mean,2025,52,44,ES1 7 bat,0.04043451230656074
mean,2025,52,45,ES1 7 bat,0.04043451230656074
mean,2025,52,46,ES1 7 bat,0.04043451230656074
mean,2025,52,47,ES1 7 bat,0.04043451230656074
mean,2025,52,48,ES1 7 bat,0.04043451230656074
mean,2025,52,49,ES1 7 bat,0.04043451230656074
mean,2025,52,50,ES1 7 bat,0.04043451230656074
mean,2025,52,51,ES1 7 bat,0.04043451230656074
mean,2025,52,52,ES1 7 bat,0.04043451230656074
mean,2025,52,53,ES1 7 bat,0.04043451230656074
mean,2025,52,54,ES1 7 bat,0.04043451230656074
mean,2025,52,55,ES1 7 bat,0.04043451230656074
mean,2025,52,56,ES1 7 bat,0.04043451230656074
mean,2025,52,57,ES1 7 bat,0.04043451230656074
mean,2025,52,58,ES1 7 bat,0.04043451230656074
mean,2025,52,59,ES1 7 bat,0.04043451230656074
mean,2025,52,60,ES1 7 bat,0.04043451230656074
mean,2025,52,61,ES1 7 bat,0.04043451230656074
mean,2025,52,62,ES1 7 bat,0.04043451230656074
mean,2025,52,63,ES1 7 bat,0.04043451230656074
mean,2025,52,64,ES1 7 bat,0.04043451230656074
mean,2025,52,65,ES1 7 bat,0.04043451230656074
mean,2025,52,66,ES1 7 bat,0.04043451230656074
mean,2025,52,67,ES1 7 bat,0.04043451230656074
mean,2025,52,68,ES1 7 bat,0.04043451230656074
mean,2025,52,69,ES1 7 bat,0.04043451230656074
mean,2025,52,70,ES1 7 bat,0.04043451230656074
mean,2025,52,71,ES1 7 bat,0.04043451230656074
mean,2025,52,72,ES1 7 bat,0.04043451230656074
mean,2025,52,73,ES1 7 bat,0.04043451230656074
mean,2025,52,74,ES1 7 bat,0.04043451230656074
mean,2025,52,75,ES1 7 bat,0.04043451230656074
mean,2025,52,76,ES1 7 bat,0.04043451230656074
mean,2025,52,77,ES1 7 bat,0.04043451230656074
mean,2025,52,78,ES1 7 bat,0.04043451230656074
mean,2025,52,79,ES1 7 bat,0.08087071026248126
mean,2025,52,80,ES1 7 bat,0.0
mean,2025,52,81,ES1 7 bat,0.04043451230656074
mean,2025,52,82,ES1 7 bat,0.04043451230656074
mean,2025,52,83,ES1 7 bat,0.04043451230656074
mean,2025,52,84,ES1 7 bat,0.04043451230656074
mean,2025,52,85,ES1 7 bat,0.04043451230656074
mean,2025,52,86,ES1 7 bat,0.04043451230656074
mean,2025,52,87,ES1 7 bat,0.36397130004156586
mean,2025,52,88,ES1 7 bat,0.0
mean,2025,52,89,ES1 7 bat,0.0
mean,2025,52,90,ES1 7 bat,0.0
mean,2025,52,91,ES1 7 bat,0.0
mean,2025,52,92,ES1 7 bat,0.0
mean,2025,52,93,ES1 7 bat,0.0
mean,2025,52,94,ES1 7 bat,0.0
mean,2025,52,95,ES1 7 bat,0.0
mean,2025,52,96,ES1 7 bat,0.04043451230656074
mean,2025,52,97,ES1 7 bat,0.04043451230656074
mean,2025,52,98,ES1 7 bat,0.04043451230656074
mean,2025,52,99,ES1 7 bat,0.04043451230656074
mean,2025,52,100,ES1 7 bat,0.04043451230656074
mean,2025,52,101,ES1 7 bat,0.04043451230656074
mean,2025,52,102,ES1 7 bat,0.04043451230656074
mean,2025,52,103,ES1 7 bat,0.08087071026248126
mean,2025,52,104,ES1 7 bat,0.0
mean,2025,52,105,ES1 7 bat,0.04043451230656074
mean,2025,52,106,ES1 7 bat,0.04043451230656074
mean,2025,52,107,ES1 7 bat,0.04043451230656074
mean,2025,52,108,ES1 7 bat,0.04043451230656074
mean,2025,52,109,ES1 7 bat,0.04043451230656074
mean,2025,52,110,ES1 7 bat,0.04043451230656074
mean,2025,52,111,ES1 7 bat,0.32352330057183654
mean,2025,52,112,ES1 7 bat,0.0
mean,2025,52,113,ES1 7 bat,0.0
mean,2025,52,114,ES1 7 bat,0.0
mean,2025,52,115,ES1 7 bat,0.0
mean,2025,52,116,ES1 7 bat,0.0
mean,2025,52,117,ES1 7 bat,0.0
mean,2025,52,118,ES1 7 bat,0.0
mean,2025,52,119,ES1 7 bat,0.04043451230656074
mean,2025,52,120,ES1 7 bat,0.04043451230656074
mean,2025,52,121,ES1 7 bat,0.04043451230656074
mean,2025,52,122,ES1 7 bat,0.04043451230656074
mean,2025,52,123,ES1 7 bat,0.04043451230656074
mean,2025,52,124,ES1 7 bat,0.04043451230656074
mean,2025,52,125,ES1 7 bat,0.04043451230656074
mean,2025,52,126,ES1 7 bat,0.04043451230656074
mean,2025,52,127,ES1 7 bat,0.04043451230656074
mean,2025,52,128,ES1 7 bat,0.04043451230656074
mean,2025,52,129,ES1 7 bat,0.04043451230656074
mean,2025,52,130,ES1 7 bat,0.04043451230656074
mean,2025,52,131,ES1 7 bat,4451.206718267087
mean,2025,52,132,ES1 7 bat,0.0
mean,2025,52,133,ES1 7 bat,556.3112995847378
mean,2025,52,134,ES1 7 bat,0.0
mean,2025,52,135,ES1 7 bat,0.0
mean,2025,52,136,ES1 7 bat,0.0
mean,2025,52,137,ES1 7 bat,0.0
mean,2025,52,138,ES1 7 bat,0.0
mean,2025,52,139,ES1 7 bat,0.0
mean,2025,52,140,ES1 7 bat,0.0
mean,2025,52,141,ES1 7 bat,0.0
mean,2025,52,142,ES1 7 bat,0.0
mean,2025,52,143,ES1 7 bat,0.0
mean,2025,52,144,ES1 7 bat,0.0
mean,2025,52,145,ES1 7 bat,0.0
mean,2025,52,146,ES1 7 bat,0.0
mean,2025,52,147,ES1 7 bat,0.0
mean,2025,52,148,ES1 7 bat,0.0
mean,2025,52,149,ES1 7 bat,0.0
mean,2025,52,150,ES1 7 bat,0.0
mean,2025,52,151,ES1 7 bat,0.0
mean,2025,52,152,ES1 7 bat,0.0
mean,2025,52,153,ES1 7 bat,0.0
mean,2025,52,154,ES1 7 bat,0.0
mean,2025,52,155,ES1 7 bat,0.0
mean,2025,52,156,ES1 7 bat,0.0
mean,2025,52,157,ES1 7 bat,0.0
mean,2025,52,158,ES1 7 bat,0.0
mean,2025,52,159,ES1 7 bat,0.0
mean,2025,52,160,ES1 7 bat,0.0
mean,2025,52,161,ES1 7 bat,0.0
mean,2025,52,162,ES1 7 bat,0.0
mean,2025,52,163,ES1 7 bat,0.0
mean,2025,52,164,ES1 7 bat,0.0
mean,2025,52,165,ES1 7 bat,0.0
mean,2025,52,166,ES1 7 bat,0.0
mean,2025,52,167,ES1 7 bat,0.0
mean,2030,11,0,ES1 7 bat,0.0
mean,2030,11,1,ES1 7 bat,0.1601008397213319
mean,2030,11,2,ES1 7 bat,0.1601008397213319
mean,2030,11,3,ES1 7 bat,0.1601008397213319
mean,2030,11,4,ES1 7 bat,0.640443406069719
mean,2030,11,5,ES1 7 bat,0.0
mean,2030,11,6,ES1 7 bat,0.0
mean,2030,11,7,ES1 7 bat,0.0
mean,2030,11,8,ES1 7 bat,0.1601008397213319
mean,2030,11,9,ES1 7 bat,0.1601008397213319
mean,2030,11,10,ES1 7 bat,0.1601008397213319
mean,2030,11,11,ES1 7 bat,0.1601008397213319
mean,2030,11,12,ES1 7 bat,0.32020835378809387
mean,2030,11,13,ES1 7 bat,0.0
mean,2030,11,14,ES1 7 bat,860.7270744674679
mean,2030,11,15,ES1 7 bat,0.0
mean,2030,11,16,ES1 7 bat,0.0
mean,2030,11,17,ES1 7 bat,0.0
mean,2030,11,18,ES1 7 bat,0.0
mean,2030,11,19,ES1 7 bat,0.0
mean,2030,11,20,ES1 7 bat,0.0
mean,2030,11,21,ES1 7 bat,0.0
mean,2030,11,22,ES1 7 bat,0.0
mean,2030,11,23,ES1 7 bat,0.0
mean,2030,11,24,ES1 7 bat,0.0
mean,2030,11,25,ES1 7 bat,0.0
mean,2030,11,26,ES1 7 bat,0.0
mean,2030,11,27,ES1 7 bat,0.0
mean,2030,11,28,ES1 7 bat,0.0
mean,2030,11,29,ES1 7 bat,0.0
mean,2030,11,30,ES1 7 bat,0.0
mean,2030,11,31,ES1 7 bat,0.0
mean,2030,11,32,ES1 7 bat,0.0
mean,2030,11,33,ES1 7 bat,0.0
mean,2030,11,34,ES1 7 bat,0.0
mean,2030,11,35,ES1 7 bat,0.0
mean,2030,11,36,ES1 7 bat,0.0
mean,2030,11,37,ES1 7 bat,0.0
mean,2030,11,38,ES1 7 bat,0.0
mean,2030,11,39,ES1 7 bat,0.0
mean,2030,11,40,ES1 7 bat,0.0
mean,2030,11,41,ES1 7 bat,0.0
mean,2030,11,42,ES1 7 bat,0.0
mean,2030,11,43,ES1 7 bat,0.0
mean,2030,11,44,ES1 7 bat,0.0
mean,2030,11,45,ES1 7 bat,0.0
mean,2030,11,46,ES1 7 bat,0.0
mean,2030,11,47,ES1 7 bat,0.0
mean,2030,11,48,ES1 7 bat,0.0
mean,2030,11,49,ES1 7 bat,0.0
mean,2030,11,50,ES1 7 bat,0.0
mean,2030,11,51,ES1 7 bat,0.0
mean,2030,11,52,ES1 7 bat,0.0
mean,2030,11,53,ES1 7 bat,0.0
mean,2030,11,54,ES1 7 bat,0.0
mean,2030,11,55,ES1 7 bat,0.0
mean,2030,11,56,ES1 7 bat,0.0
mean,2030,11,57,ES1 7 bat,0.0
mean,2030,11,58,ES1 7 bat,217.96146177006358
mean,2030,11,59,ES1 7 bat,2168.6803051639154
mean,2030,11,60,ES1 7 bat,1808.6704475315305
mean,2030,11,61,ES1 7 bat,2070.1811305663637
mean,2030,11,62,ES1 7 bat,1241.608229784537
mean,2030,11,63,ES1 7 bat,0.0
mean,2030,11,64,ES1 7 bat,0.0
mean,2030,11,65,ES1 7 bat,0.0
mean,2030,11,66,ES1 7 bat,0.0
mean,2030,11,67,ES1 7 bat,0.0
mean,2030,11,68,ES1 7 bat,0.0
mean,2030,11,69,ES1 7 bat,0.0
mean,2030,11,70,ES1 7 bat,0.0
mean,2030,11,71,ES1 7 bat,0.0
mean,2030,11,72,ES1 7 bat,0.0
mean,2030,11,73,ES1 7 bat,0.0
mean,2030,11,74,ES1 7 bat,0.0
mean,2030,11,75,ES1 7 bat,0.0
mean,2030,11,76,ES1 7 bat,0.0
mean,2030,11,77,ES1 7 bat,0.0
mean,2030,11,78,ES1 7 bat,0.0
mean,2030,11,79,ES1 7 bat,0.0
mean,2030,11,80,ES1 7 bat,0.0
mean,2030,11,81,ES1 7 bat,0.0
mean,2030,11,82,ES1 7 bat,2600.123484305383
mean,2030,11,83,ES1 7 bat,4132.856195514079
mean,2030,11,84,ES1 7 bat,4450.85911887391
mean,2030,11,85,ES1 7 bat,4403.9434992255865
mean,2030,11,86,ES1 7 bat,6442.3951341123475
mean,2030,11,87,ES1 7 bat,351.85526964735345
mean,2030,11,88,ES1 7 bat,0.0
mean,2030,11,89,ES1 7 bat,0.0
mean,2030,11,90,ES1 7 bat,0.0
mean,2030,11,91,ES1 7 bat,0.0
mean,2030,11,92,ES1 7 bat,0.0
mean,2030,11,93,ES1 7 bat,0.0
mean,2030,11,94,ES1 7 bat,0.0
mean,2030,11,95,ES1 7 bat,0.0
mean,2030,11,96,ES1 7 bat,0.0
mean,2030,11,97,ES1 7 bat,0.0
mean,2030,11,98,ES1 7 bat,0.0
mean,2030,11,99,ES1 7 bat,0.0
mean,2030,11,100,ES1 7 bat,0.0
mean,2030,11,101,ES1 7 bat,0.0
mean,2030,11,102,ES1 7 bat,0.0
mean,2030,11,103,ES1 7 bat,0.0
mean,2030,11,104,ES1 7 bat,0.0
mean,2030,11,105,ES1 7 bat,0.1601008397213319
mean,2030,11,106,ES1 7 bat,1898.7605067510854
mean,2030,11,107,ES1 7 bat,9841.413102059709
mean,2030,11,108,ES1 7 bat,9856.796000139833
mean,2030,11,109,ES1 7 bat,4816.102699606924
mean,2030,11,110,ES1 7 bat,3422.441439249447
mean,2030,11,111,ES1 7 bat,893.8896340723504
mean,2030,11,112,ES1 7 bat,0.0
mean,2030,11,113,ES1 7 bat,0.0
mean,2030,11,114,ES1 7 bat,0.0
mean,2030,11,115,ES1 7 bat,0.0
mean,2030,11,116,ES1 7 bat,0.0
mean,2030,11,117,ES1 7 bat,0.0
mean,2030,11,118,ES1 7 bat,0.0
mean,2030,11,119,ES1 7 bat,0.0
mean,2030,11,120,ES1 7 bat,0.0
mean,2030,11,121,ES1 7 bat,0.0
mean,2030,11,122,ES1 7 bat,0.0
mean,2030,11,123,ES1 7 bat,0.0
mean,2030,11,124,ES1 7 bat,0.0
mean,2030,11,125,ES1 7 bat,0.0
mean,2030,11,126,ES1 7 bat,0.0
mean,2030,11,127,ES1 7 bat,0.0
mean,2030,11,128,ES1 7 bat,0.0
mean,2030,11,129,ES1 7 bat,0.0
mean,2030,11,130,ES1 7 bat,0.0
mean,2030,11,131,ES1 7 bat,0.0
mean,2030,11,132,ES1 7 bat,0.0
mean,2030,11,133,ES1 7 bat,0.0
mean,2030,11,134,ES1 7 bat,0.0
mean,2030,11,135,ES1 7 bat,0.0
mean,2030,11,136,ES1 7 bat,0.0
mean,2030,11,137,ES1 7 bat,0.0
mean,2030,11,138,ES1 7 bat,0.0
mean,2030,11,139,ES1 7 bat,0.0
mean,2030,11,140,ES1 7 bat,0.0
mean,2030,11,141,ES1 7 bat,0.0
mean,2030,11,142,ES1 7 bat,0.0
mean,2030,11,143,ES1 7 bat,0.0
mean,2030,11,144,ES1 7 bat,0.0
mean,2030,11,145,ES1 7 bat,0.0
mean,2030,11,146,ES1 7 bat,0.0
mean,2030,11,147,ES1 7 bat,0.0
mean,2030,11,148,ES1 7 bat,0.0
mean,2030,11,149,ES1 7 bat,0.0
mean,2030,11,150,ES1 7 bat,0.0
mean,2030,11,151,ES1 7 bat,0.0
mean,2030,11,152,ES1 7 bat,0.0
mean,2030,11,153,ES1 7 bat,0.0
mean,2030,11,154,ES1 7 bat,0.0
mean,2030,11,155,ES1 7 bat,0.0
mean,2030,11,156,ES1 7 bat,0.0
mean,2030,11,157,ES1 7 bat,0.0
mean,2030,11,158,ES1 7 bat,0.0
mean,2030,11,159,ES1 7 bat,0.0
mean,2030,11,160,ES1 7 bat,0.0
mean,2030,11,161,ES1 7 bat,0.0
mean,2030,11,162,ES1 7 bat,0.0
mean,2030,11,163,ES1 7 bat,0.0
mean,2030,11,164,ES1 7 bat,0.0
mean,2030,11,165,ES1 7 bat,0.0
mean,2030,11,166,ES1 7 bat,0.0
mean,2030,11,167,ES1 7 bat,0.0
mean,2030,21,0,ES1 7 bat,0.0
mean,2030,21,1,ES1 7 bat,1.1208460490363403
mean,2030,21,2,ES1 7 bat,0.0
mean,2030,21,3,ES1 7 bat,0.0
mean,2030,21,4,ES1 7 bat,0.0
mean,2030,21,5,ES1 7 bat,0.0
mean,2030,21,6,ES1 7 bat,0.0
mean,2030,21,7,ES1 7 bat,0.0
mean,2030,21,8,ES1 7 bat,0.1601008397192345
mean,2030,21,9,ES1 7 bat,0.32020835378809387
mean,2030,21,10,ES1 7 bat,0.0
mean,2030,21,11,ES1 7 bat,0.1601008397213319
mean,2030,21,12,ES1 7 bat,257.69146582965186
mean,2030,21,13,ES1 7 bat,1117.3494884915672
mean,2030,21,14,ES1 7 bat,519.6312983673288
mean,2030,21,15,ES1 7 bat,1700.5471650637774
mean,2030,21,16,ES1 7 bat,3422.0268264721562
mean,2030,21,17,ES1 7 bat,0.0
mean,2030,21,18,ES1 7 bat,0.0
mean,2030,21,19,ES1 7 bat,0.0
mean,2030,21,20,ES1 7 bat,0.0
mean,2030,21,21,ES1 7 bat,0.0
mean,2030,21,22,ES1 7 bat,0.0
mean,2030,21,23,ES1 7 bat,0.0
mean,2030,21,24,ES1 7 bat,0.0
mean,2030,21,25,ES1 7 bat,0.0
mean,2030,21,26,ES1 7 bat,0.0
mean,2030,21,27,ES1 7 bat,0.0
mean,2030,21,28,ES1 7 bat,0.0
mean,2030,21,29,ES1 7 bat,0.0
mean,2030,21,30,ES1 7 bat,0.0
mean,2030,21,31,ES1 7 bat,0.0
mean,2030,21,32,ES1 7 bat,0.0
mean,2030,21,33,ES1 7 bat,0.1601008397213319
mean,2030,21,34,ES1 7 bat,0.1601008397213319
mean,2030,21,35,ES1 7 bat,0.1601008397213319
mean,2030,21,36,ES1 7 bat,0.1601008397213319
mean,2030,21,37,ES1 7 bat,3.36351961675472
mean,2030,21,38,ES1 7 bat,0.0
mean,2030,21,39,ES1 7 bat,0.0
mean,2030,21,40,ES1 7 bat,0.0
mean,2030,21,41,ES1 7 bat,0.0
mean,2030,21,42,ES1 7 bat,0.0
mean,2030,21,43,ES1 7 bat,0.0
mean,2030,21,44,ES1 7 bat,0.0
mean,2030,21,45,ES1 7 bat,0.0
mean,2030,21,46,ES1 7 bat,0.0
mean,2030,21,47,ES1 7 bat,0.0
mean,2030,21,48,ES1 7 bat,0.0
mean,2030,21,49,ES1 7 bat,0.0
mean,2030,21,50,ES1 7 bat,0.0
mean,2030,21,51,ES1 7 bat,0.0
mean,2030,21,52,ES1 7 bat,0.0
mean,2030,21,53,ES1 7 bat,0.0
mean,2030,21,54,ES1 7 bat,0.0
mean,2030,21,55,ES1 7 bat,0.0
mean,2030,21,56,ES1 7 bat,0.0
mean,2030,21,57,ES1 7 bat,0.0
mean,2030,21,58,ES1 7 bat,3993.5435086053667
mean,2030,21,59,ES1 7 bat,8305.027782990528
mean,2030,21,60,ES1 7 bat,4987.619948543344
mean,2030,21,61,ES1 7 bat,8794.667069292462
mean,2030,21,62,ES1 7 bat,4647.058415691217
mean,2030,21,63,ES1 7 bat,0.0
mean,2030,21,64,ES1 7 bat,0.0
mean,2030,21,65,ES1 7 bat,0.0
mean,2030,21,66,ES1 7 bat,0.0
mean,2030,21,67,ES1 7 bat,0.0
mean,2030,21,68,ES1 7 bat,0.0
mean,2030,21,69,ES1 7 bat,0.0
mean,2030,21,70,ES1 7 bat,0.0
mean,2030,21,71,ES1 7 bat,0.0
mean,2030,21,72,ES1 7 bat,0.0
mean,2030,21,73,ES1 7 bat,0.0
mean,2030,21,74,ES1 7 bat,0.0
mean,2030,21,75,ES1 7 bat,0.0
mean,2030,21,76,ES1 7 bat,0.0
mean,2030,21,77,ES1 7 bat,0.0
mean,2030,21,78,ES1 7 bat,0.0
mean,2030,21,79,ES1 7 bat,0.0
mean,2030,21,80,ES1 7 bat,0.0
mean,2030,21,81,ES1 7 bat,661.5316273874942
mean,2030,21,82,ES1 7 bat,6271.252475998721
mean,2030,21,83,ES1 7 bat,9447.728972224952
mean,2030,21,84,ES1 7 bat,4162.000677767095
mean,2030,21,85,ES1 7 bat,3332.6146218843587
mean,2030,21,86,ES1 7 bat,6853.3124398175005
mean,2030,21,87,ES1 7 bat,0.0
mean,2030,21,88,ES1 7 bat,0.0
mean,2030,21,89,ES1 7 bat,0.0
mean,2030,21,90,ES1 7 bat,0.0
mean,2030,21,91,ES1 7 bat,0.0
mean,2030,21,92,ES1 7 bat,0.0
mean,2030,21,93,ES1 7 bat,0.0
mean,2030,21,94,ES1 7 bat,0.0
mean,2030,21,95,ES1 7 bat,0.0
mean,2030,21,96,ES1 7 bat,0.0
mean,2030,21,97,ES1 7 bat,0.0
mean,2030,21,98,ES1 7 bat,0.0
mean,2030,21,99,ES1 7 bat,0.0
mean,2030,21,100,ES1 7 bat,0.0
mean,2030,21,101,ES1 7 bat,0.0
mean,2030,21,102,ES1 7 bat,0.0
mean,2030,21,103,ES1 7 bat,0.0
mean,2030,21,104,ES1 7 bat,0.0
mean,2030,21,105,ES1 7 bat,0.1601008397213319
mean,2030,21,106,ES1 7 bat,7520.288694203238
mean,2030,21,107,ES1 7 bat,10502.32468488374
mean,2030,21,108,ES1 7 bat,5130.360556217948
mean,2030,21,109,ES1 7 bat,4726.1562204636175
mean,2030,21,110,ES1 7 bat,2849.4916855724823
mean,2030,21,111,ES1 7 bat,1.4409075574952355
mean,2030,21,112,ES1 7 bat,0.0
mean,2030,21,113,ES1 7 bat,0.0
mean,2030,21,114,ES1 7 bat,0.0
mean,2030,21,115,ES1 7 bat,0.0
mean,2030,21,116,ES1 7 bat,0.0
mean,2030,21,117,ES1 7 bat,0.0
mean,2030,21,118,ES1 7 bat,0.0
mean,2030,21,119,ES1 7 bat,0.0
mean,2030,21,120,ES1 7 bat,0.0
mean,2030,21,121,ES1 7 bat,0.0
mean,2030,21,122,ES1 7 bat,0.0
mean,2030,21,123,ES1 7 bat,0.0
mean,2030,21,124,ES1 7 bat,0.0
mean,2030,21,125,ES1 7 bat,0.0
mean,2030,21,126,ES1 7 bat,0.0
mean,2030,21,127,ES1 7 bat,0.0
mean,2030,21,128,ES1 7 bat,0.0
mean,2030,21,129,ES1 7 bat,0.1601008397213319
mean,2030,21,130,ES1 7 bat,6685.577862440536
mean,2030,21,131,ES1 7 bat,5207.808245978382
mean,2030,21,132,ES1 7 bat,5980.875864743113
mean,2030,21,133,ES1 7 bat,5810.1895845283925
mean,2030,21,134,ES1 7 bat,4608.44467957477
mean,2030,21,135,ES1 7 bat,2436.379820709914
mean,2030,21,136,ES1 7 bat,0.0
mean,2030,21,137,ES1 7 bat,0.0
mean,2030,21,138,ES1 7 bat,0.0
mean,2030,21,139,ES1 7 bat,0.0
mean,2030,21,140,ES1 7 bat,0.0
mean,2030,21,141,ES1 7 bat,0.0
mean,2030,21,142,ES1 7 bat,0.0
mean,2030,21,143,ES1 7 bat,0.0
mean,2030,21,144,ES1 7 bat,0.0
mean,2030,21,145,ES1 7 bat,0.0
mean,2030,21,146,ES1 7 bat,0.0
mean,2030,21,147,ES1 7 bat,0.0
mean,2030,21,148,ES1 7 bat,0.0
mean,2030,21,149,ES1 7 bat,0.0
mean,2030,21,150,ES1 7 bat,0.0
mean,2030,21,151,ES1 7 bat,0.0
mean,2030,21,152,ES1 7 bat,0.0
mean,2030,21,153,ES1 7 bat,636.2074397217148
mean,2030,21,154,ES1 7 bat,6904.686737803957
mean,2030,21,155,ES1 7 bat,3966.066176482141
mean,2030,21,156,ES1 7 bat,4479.193312675054
mean,2030,21,157,ES1 7 bat,4392.316229266683
mean,2030,21,158,ES1 7 bat,3197.8246383225046
mean,2030,21,159,ES1 7 bat,1360.9150906424993
mean,2030,21,160,ES1 7 bat,0.0
mean,2030,21,161,ES1 7 bat,0.0
mean,2030,21,162,ES1 7 bat,0.0
mean,2030,21,163,ES1 7 bat,0.0
mean,2030,21,164,ES1 7 bat,0.0
mean,2030,21,165,ES1 7 bat,0.0
mean,2030,21,166,ES1 7 bat,0.0
mean,2030,21,167,ES1 7 bat,0.0
mean,2030,42,0,ES1 7 bat,0.0
mean,2030,42,1,ES1 7 bat,1.1208460490342986
mean,2030,42,2,ES1 7 bat,0.0
mean,2030,42,3,ES1 7 bat,0.0
mean,2030,42,4,ES1 7 bat,0.0
mean,2030,42,5,ES1 7 bat,0.0
mean,2030,42,6,ES1 7 bat,0.0
mean,2030,42,7,ES1 7 bat,0.0
mean,2030,42,8,ES1 7 bat,0.16010083972287248
mean,2030,42,9,ES1 7 bat,0.1601008397213319
mean,2030,42,10,ES1 7 bat,1617.1872585693136
mean,2030,42,11,ES1 7 bat,0.0
mean,2030,42,12,ES1 7 bat,1586.5519470795084
mean,2030,42,13,ES1 7 bat,1386.7837582654242
mean,2030,42,14,ES1 7 bat,1518.9079207273353
mean,2030,42,15,ES1 7 bat,0.0
mean,2030,42,16,ES1 7 bat,0.0
mean,2030,42,17,ES1 7 bat,0.0
mean,2030,42,18,ES1 7 bat,0.0
mean,2030,42,19,ES1 7 bat,0.0
mean,2030,42,20,ES1 7 bat,0.0
mean,2030,42,21,ES1 7 bat,0.0
mean,2030,42,22,ES1 7 bat,0.0
mean,2030,42,23,ES1 7 bat,0.16010083972179592
mean,2030,42,24,ES1 7 bat,0.1601008397213319
mean,2030,42,25,ES1 7 bat,0.1601008397213319
mean,2030,42,26,ES1 7 bat,0.1601008397213319
mean,2030,42,27,ES1 7 bat,0.1601008397213319
mean,2030,42,28,ES1 7 bat,0.640443406069719
mean,2030,42,29,ES1 7 bat,0.0
mean,2030,42,30,ES1 7 bat,0.0
mean,2030,42,31,ES1 7 bat,0.0
mean,2030,42,32,ES1 7 bat,0.1601008397213319
mean,2030,42,33,ES1 7 bat,0.1601008397213319
mean,2030,42,34,ES1 7 bat,4446.542265102482
mean,2030,42,35,ES1 7 bat,8087.812710094782
mean,2030,42,36,ES1 7 bat,12245.147614489897
mean,2030,42,37,ES1 7 bat,0.0
mean,2030,42,38,ES1 7 bat,0.0
mean,2030,42,39,ES1 7 bat,0.0
mean,2030,42,40,ES1 7 bat,0.0
mean,2030,42,41,ES1 7 bat,0.0
mean,2030,42,42,ES1 7 bat,0.0
mean,2030,42,43,ES1 7 bat,0.0
mean,2030,42,44,ES1 7 bat,0.0
mean,2030,42,45,ES1 7 bat,0.0
mean,2030,42,46,ES1 7 bat,207.71109311457258
mean,2030,42,47,ES1 7 bat,0.0
mean,2030,42,48,ES1 7 bat,0.0
mean,2030,42,49,ES1 7 bat,0.0
mean,2030,42,50,ES1 7 bat,0.0
mean,2030,42,51,ES1 7 bat,5756.537313255973
mean,2030,42,52,ES1 7 bat,0.0
mean,2030,42,53,ES1 7 bat,0.0
mean,2030,42,54,ES1 7 bat,0.0
mean,2030,42,55,ES1 7 bat,0.0
mean,2030,42,56,ES1 7 bat,0.0
mean,2030,42,57,ES1 7 bat,0.0
mean,2030,42,58,ES1 7 bat,10.085091591456
mean,2030,42,59,ES1 7 bat,0.0
mean,2030,42,60,ES1 7 bat,0.0
mean,2030,42,61,ES1 7 bat,0.0
mean,2030,42,62,ES1 7 bat,5.763269840381512
mean,2030,42,63,ES1 7 bat,1.4409075574952355
mean,2030,42,64,ES1 7 bat,0.0
mean,2030,42,65,ES1 7 bat,0.0
mean,2030,42,66,ES1 7 bat,0.0
mean,2030,42,67,ES1 7 bat,0.0
mean,2030,42,68,ES1 7 bat,0.0
mean,2030,42,69,ES1 7 bat,0.0
mean,2030,42,70,ES1 7 bat,0.0
mean,2030,42,71,ES1 7 bat,0.0
mean,2030,42,72,ES1 7 bat,0.0
mean,2030,42,73,ES1 7 bat,0.0
mean,2030,42,74,ES1 7 bat,0.0
mean,2030,42,75,ES1 7 bat,0.0
mean,2030,42,76,ES1 7 bat,0.0
mean,2030,42,77,ES1 7 bat,0.0
mean,2030,42,78,ES1 7 bat,0.0
mean,2030,42,79,ES1 7 bat,0.0
mean,2030,42,80,ES1 7 bat,0.0
mean,2030,42,81,ES1 7 bat,0.0
mean,2030,42,82,ES1 7 bat,387.15364090829297
mean,2030,42,83,ES1 7 bat,4815.308676234799
mean,2030,42,84,ES1 7 bat,7180.4575233408505
mean,2030,42,85,ES1 7 bat,5203.087058835314
mean,2030,42,86,ES1 7 bat,0.0
mean,2030,42,87,ES1 7 bat,0.0
mean,2030,42,88,ES1 7 bat,0.0
mean,2030,42,89,ES1 7 bat,0.0
mean,2030,42,90,ES1 7 bat,0.0
mean,2030,42,91,ES1 7 bat,0.0
mean,2030,42,92,ES1 7 bat,0.0
mean,2030,42,93,ES1 7 bat,0.0
mean,2030,42,94,ES1 7 bat,0.0
mean,2030,42,95,ES1 7 bat,0.0
mean,2030,42,96,ES1 7 bat,0.0
mean,2030,42,97,ES1 7 bat,0.0
mean,2030,42,98,ES1 7 bat,0.0
mean,2030,42,99,ES1 7 bat,0.0
mean,2030,42,100,ES1 7 bat,0.0
mean,2030,42,101,ES1 7 bat,0.0
mean,2030,42,102,ES1 7 bat,0.0
mean,2030,42,103,ES1 7 bat,0.16010083972179592
mean,2030,42,104,ES1 7 bat,0.1601008397213319
mean,2030,42,105,ES1 7 bat,0.1601008397213319
mean,2030,42,106,ES1 7 bat,0.1601008397213319
mean,2030,42,107,ES1 7 bat,0.1601008397213319
mean,2030,42,108,ES1 7 bat,7.371550799981768
mean,2030,42,109,ES1 7 bat,0.0
mean,2030,42,110,ES1 7 bat,0.0
mean,2030,42,111,ES1 7 bat,0.0
mean,2030,42,112,ES1 7 bat,0.0
mean,2030,42,113,ES1 7 bat,0.0
mean,2030,42,114,ES1 7 bat,0.0
mean,2030,42,115,ES1 7 bat,0.0
mean,2030,42,116,ES1 7 bat,0.0
mean,2030,42,117,ES1 7 bat,0.0
mean,2030,42,118,ES1 7 bat,0.0
mean,2030,42,119,ES1 7 bat,0.0
mean,2030,42,120,ES1 7 bat,0.0
mean,2030,42,121,ES1 7 bat,0.0
mean,2030,42,122,ES1 7 bat,0.0
mean,2030,42,123,ES1 7 bat,0.0
mean,2030,42,124,ES1 7 bat,0.0
mean,2030,42,125,ES1 7 bat,0.0
mean,2030,42,126,ES1 7 bat,0.0
mean,2030,42,127,ES1 7 bat,0.0
mean,2030,42,128,ES1 7 bat,0.0
mean,2030,42,129,ES1 7 bat,0.0
mean,2030,42,130,ES1 7 bat,0.0
mean,2030,42,131,ES1 7 bat,0.0
mean,2030,42,132,ES1 7 bat,0.0
mean,2030,42,133,ES1 7 bat,0.0
mean,2030,42,134,ES1 7 bat,0.0
mean,2030,42,135,ES1 7 bat,0.0
mean,2030,42,136,ES1 7 bat,0.0
mean,2030,42,137,ES1 7 bat,0.0
mean,2030,42,138,ES1 7 bat,0.0
mean,2030,42,139,ES1 7 bat,0.0
mean,2030,42,140,ES1 7 bat,0.0
mean,2030,42,141,ES1 7 bat,0.0
mean,2030,42,142,ES1 7 bat,0.0
mean,2030,42,143,ES1 7 bat,0.0
mean,2030,42,144,ES1 7 bat,0.0
mean,2030,42,145,ES1 7 bat,0.0
mean,2030,42,146,ES1 7 bat,0.0
mean,2030,42,147,ES1 7 bat,0.0
mean,2030,42,148,ES1 7 bat,0.0
mean,2030,42,149,ES1 7 bat,0.0
mean,2030,42,150,ES1 7 bat,0.0
mean,2030,42,151,ES1 7 bat,0.0
mean,2030,42,152,ES1 7 bat,0.0
mean,2030,42,153,ES1 7 bat,0.0
mean,2030,42,154,ES1 7 bat,0.1601008397213319
mean,2030,42,155,ES1 7 bat,0.1601008397213319
mean,2030,42,156,ES1 7 bat,0.1601008397213319
mean,2030,42,157,ES1 7 bat,1.7614763718307698
mean,2030,42,158,ES1 7 bat,0.0
mean,2030,42,159,ES1 7 bat,0.0
mean,2030,42,160,ES1 7 bat,0.0
mean,2030,42,161,ES1 7 bat,0.0
mean,2030,42,162,ES1 7 bat,0.0
mean,2030,42,163,ES1 7 bat,0.0
mean,2030,42,164,ES1 7 bat,0.0
mean,2030,42,165,ES1 7 bat,0.0
mean,2030,42,166,ES1 7 bat,0.0
mean,2030,42,167,ES1 7 bat,0.0
mean,2030,52,0,ES1 7 bat,0.0
mean,2030,52,1,ES1 7 bat,0.1601008397213319
mean,2030,52,2,ES1 7 bat,0.1601008397213319
mean,2030,52,3,ES1 7 bat,0.1601008397213319
mean,2030,52,4,ES1 7 bat,0.1601008397213319
mean,2030,52,5,ES1 7 bat,0.4803225424782387
mean,2030,52,6,ES1 7 bat,0.0
mean,2030,52,7,ES1 7 bat,0.0
mean,2030,52,8,ES1 7 bat,0.1601008397213319
mean,2030,52,9,ES1 7 bat,0.1601008397213319
mean,2030,52,10,ES1 7 bat,0.1601008397213319
mean,2030,52,11,ES1 7 bat,0.1601008397213319
mean,2030,52,12,ES1 7 bat,0.1601008397213319
mean,2030,52,13,ES1 7 bat,11.062630542661207
mean,2030,52,14,ES1 7 bat,0.0
mean,2030,52,15,ES1 7 bat,0.0
mean,2030,52,16,ES1 7 bat,0.0
mean,2030,52,17,ES1 7 bat,0.0
mean,2030,52,18,ES1 7 bat,0.0
mean,2030,52,19,ES1 7 bat,0.0
mean,2030,52,20,ES1 7 bat,0.0
mean,2030,52,21,ES1 7 bat,0.0
mean,2030,52,22,ES1 7 bat,0.0
mean,2030,52,23,ES1 7 bat,0.0
mean,2030,52,24,ES1 7 bat,0.0
mean,2030,52,25,ES1 7 bat,0.0
mean,2030,52,26,ES1 7 bat,0.0
mean,2030,52,27,ES1 7 bat,0.0
mean,2030,52,28,ES1 7 bat,0.0
mean,2030,52,29,ES1 7 bat,0.0
mean,2030,52,30,ES1 7 bat,0.0
mean,2030,52,31,ES1 7 bat,0.0
mean,2030,52,32,ES1 7 bat,0.0
mean,2030,52,33,ES1 7 bat,0.0
mean,2030,52,34,ES1 7 bat,0.0
mean,2030,52,35,ES1 7 bat,0.0
mean,2030,52,36,ES1 7 bat,0.0
mean,2030,52,37,ES1 7 bat,0.0
mean,2030,52,38,ES1 7 bat,0.0
mean,2030,52,39,ES1 7 bat,0.0
mean,2030,52,40,ES1 7 bat,0.0
mean,2030,52,41,ES1 7 bat,0.0
mean,2030,52,42,ES1 7 bat,0.0
mean,2030,52,43,ES1 7 bat,0.0
mean,2030,52,44,ES1 7 bat,0.0
mean,2030,52,45,ES1 7 bat,0.0
mean,2030,52,46,ES1 7 bat,0.0
mean,2030,52,47,ES1 7 bat,0.0
mean,2030,52,48,ES1 7 bat,0.0
mean,2030,52,49,ES1 7 bat,0.0
mean,2030,52,50,ES1 7 bat,0.0
mean,2030,52,51,ES1 7 bat,0.0
mean,2030,52,52,ES1 7 bat,0.0
mean,2030,52,53,ES1 7 bat,0.0
mean,2030,52,54,ES1 7 bat,0.0
mean,2030,52,55,ES1 7 bat,0.0
mean,2030,52,56,ES1 7 bat,0.0
mean,2030,52,57,ES1 7 bat,0.0
mean,2030,52,58,ES1 7 bat,0.0
mean,2030,52,59,ES1 7 bat,0.0
mean,2030,52,60,ES1 7 bat,0.0
mean,2030,52,61,ES1 7 bat,0.0
mean,2030,52,62,ES1 7 bat,0.0
mean,2030,52,63,ES1 7 bat,0.0
mean,2030,52,64,ES1 7 bat,0.0
mean,2030,52,65,ES1 7 bat,0.0
mean,2030,52,66,ES1 7 bat,0.0
mean,2030,52,67,ES1 7 bat,0.0
mean,2030,52,68,ES1 7 bat,0.0
mean,2030,52,69,ES1 7 bat,0.0
mean,2030,52,70,ES1 7 bat,0.0
mean,2030,52,71,ES1 7 bat,0.0
mean,2030,52,72,ES1 7 bat,0.0
mean,2030,52,73,ES1 7 bat,0.0
mean,2030,52,74,ES1 7 bat,0.0
mean,2030,52,75,ES1 7 bat,0.0
mean,2030,52,76,ES1 7 bat,0.0
mean,2030,52,77,ES1 7 bat,0.0
mean,2030,52,78,ES1 7 bat,0.0
mean,2030,52,79,ES1 7 bat,0.0
mean,2030,52,80,ES1 7 bat,0.0
mean,2030,52,81,ES1 7 bat,0.0
mean,2030,52,82,ES1 7 bat,2212.177898552305
mean,2030,52,83,ES1 7 bat,983.5943965905616
mean,2030,52,84,ES1 7 bat,220.1841305284297
mean,2030,52,85,ES1 7 bat,0.0
mean,2030,52,86,ES1 7 bat,0.0
mean,2030,52,87,ES1 7 bat,0.0
mean,2030,52,88,ES1 7 bat,0.0
mean,2030,52,89,ES1 7 bat,0.0
mean,2030,52,90,ES1 7 bat,0.0
mean,2030,52,91,ES1 7 bat,0.0
mean,2030,52,92,ES1 7 bat,0.0
mean,2030,52,93,ES1 7 bat,0.0
mean,2030,52,94,ES1 7 bat,0.0
mean,2030,52,95,ES1 7 bat,0.0
mean,2030,52,96,ES1 7 bat,0.0
mean,2030,52,97,ES1 7 bat,0.0
mean,2030,52,98,ES1 7 bat,0.0
mean,2030,52,99,ES1 7 bat,0.0
mean,2030,52,100,ES1 7 bat,0.0
mean,2030,52,101,ES1 7 bat,0.0
mean,2030,52,102,ES1 7 bat,0.0
mean,2030,52,103,ES1 7 bat,0.0
mean,2030,52,104,ES1 7 bat,0.0
mean,2030,52,105,ES1 7 bat,0.0
mean,2030,52,106,ES1 7 bat,0.0
mean,2030,52,107,ES1 7 bat,0.0
mean,2030,52,108,ES1 7 bat,0.0
mean,2030,52,109,ES1 7 bat,0.0
mean,2030,52,110,ES1 7 bat,0.0
mean,2030,52,111,ES1 7 bat,0.0
mean,2030,52,112,ES1 7 bat,0.0
mean,2030,52,113,ES1 7 bat,0.0
mean,2030,52,114,ES1 7 bat,0.0
mean,2030,52,115,ES1 7 bat,0.0
mean,2030,52,116,ES1 7 bat,0.0
mean,2030,52,117,ES1 7 bat,0.0
mean,2030,52,118,ES1 7 bat,0.0
mean,2030,52,119,ES1 7 bat,0.0
mean,2030,52,120,ES1 7 bat,0.0
mean,2030,52,121,ES1 7 bat,0.0
mean,2030,52,122,ES1 7 bat,0.0
mean,2030,52,123,ES1 7 bat,0.0
mean,2030,52,124,ES1 7 bat,0.0
mean,2030,52,125,ES1 7 bat,0.0
mean,2030,52,126,ES1 7 bat,0.0
mean,2030,52,127,ES1 7 bat,0.0
mean,2030,52,128,ES1 7 bat,0.0
mean,2030,52,129,ES1 7 bat,0.1601008397213319
mean,2030,52,130,ES1 7 bat,5702.291775720743
mean,2030,52,131,ES1 7 bat,8517.10997864445
mean,2030,52,132,ES1 7 bat,5091.095848786842
mean,2030,52,133,ES1 7 bat,7134.289315245984
mean,2030,52,134,ES1 7 bat,4283.380650086787
mean,2030,52,135,ES1 7 bat,0.0
mean,2030,52,136,ES1 7 bat,0.0
mean,2030,52,137,ES1 7 bat,0.0
mean,2030,52,138,ES1 7 bat,0.0
mean,2030,52,139,ES1 7 bat,0.0
mean,2030,52,140,ES1 7 bat,0.0
mean,2030,52,141,ES1 7 bat,0.0
mean,2030,52,142,ES1 7 bat,0.0
mean,2030,52,143,ES1 7 bat,0.0
mean,2030,52,144,ES1 7 bat,0.0
mean,2030,52,145,ES1 7 bat,0.0
mean,2030,52,146,ES1 7 bat,0.0
mean,2030,52,147,ES1 7 bat,0.0
mean,2030,52,148,ES1 7 bat,0.0
mean,2030,52,149,ES1 7 bat,0.0
mean,2030,52,150,ES1 7 bat,0.0
mean,2030,52,151,ES1 7 bat,0.0
mean,2030,52,152,ES1 7 bat,0.0
mean,2030,52,153,ES1 7 bat,0.1601008397213319
mean,2030,52,154,ES1 7 bat,3203.7988434575686
mean,2030,52,155,ES1 7 bat,4715.235706766065
mean,2030,52,156,ES1 7 bat,13190.194135059806
mean,2030,52,157,ES1 7 bat,4871.892708540564
mean,2030,52,158,ES1 7 bat,2294.976462099629
mean,2030,52,159,ES1 7 bat,2453.0973057692245
mean,2030,52,160,ES1 7 bat,0.0
mean,2030,52,161,ES1 7 bat,0.0
mean,2030,52,162,ES1 7 bat,0.0
mean,2030,52,163,ES1 7 bat,0.0
mean,2030,52,164,ES1 7 bat,0.0
mean,2030,52,165,ES1 7 bat,0.0
mean,2030,52,166,ES1 7 bat,0.0
mean,2030,52,167,ES1 7 bat,0.0
mean,2040,11,0,ES1 7 bat,0.0
mean,2040,11,1,ES1 7 bat,0.07417914618776084
mean,2040,11,2,ES1 7 bat,0.07417914618776084
mean,2040,11,3,ES1 7 bat,0.07417914618776084
mean,2040,11,4,ES1 7 bat,0.07417914618776084
mean,2040,11,5,ES1 7 bat,0.2225467159182792
mean,2040,11,6,ES1 7 bat,0.0
mean,2040,11,7,ES1 7 bat,0.0
mean,2040,11,8,ES1 7 bat,0.07417914618776084
mean,2040,11,9,ES1 7 bat,0.07417914618776084
mean,2040,11,10,ES1 7 bat,0.07417914618776084
mean,2040,11,11,ES1 7 bat,320.0265955365276
mean,2040,11,12,ES1 7 bat,0.0
mean,2040,11,13,ES1 7 bat,0.0
mean,2040,11,14,ES1 7 bat,0.0
mean,2040,11,15,ES1 7 bat,0.0
mean,2040,11,16,ES1 7 bat,0.0
mean,2040,11,17,ES1 7 bat,0.0
mean,2040,11,18,ES1 7 bat,0.0
mean,2040,11,19,ES1 7 bat,0.0
mean,2040,11,20,ES1 7 bat,0.0
mean,2040,11,21,ES1 7 bat,0.0
mean,2040,11,22,ES1 7 bat,0.0
mean,2040,11,23,ES1 7 bat,0.0
mean,2040,11,24,ES1 7 bat,0.0
mean,2040,11,25,ES1 7 bat,0.0
mean,2040,11,26,ES1 7 bat,0.0
mean,2040,11,27,ES1 7 bat,0.0
mean,2040,11,28,ES1 7 bat,0.0
mean,2040,11,29,ES1 7 bat,0.0
mean,2040,11,30,ES1 7 bat,0.0
mean,2040,11,31,ES1 7 bat,0.0
mean,2040,11,32,ES1 7 bat,0.0
mean,2040,11,33,ES1 7 bat,0.0
mean,2040,11,34,ES1 7 bat,0.0
mean,2040,11,35,ES1 7 bat,0.0
mean,2040,11,36,ES1 7 bat,0.0
mean,2040,11,37,ES1 7 bat,0.0
mean,2040,11,38,ES1 7 bat,0.0
mean,2040,11,39,ES1 7 bat,0.0
mean,2040,11,40,ES1 7 bat,0.0
mean,2040,11,41,ES1 7 bat,0.0
mean,2040,11,42,ES1 7 bat,0.0
mean,2040,11,43,ES1 7 bat,0.0
mean,2040,11,44,ES1 7 bat,0.0
mean,2040,11,45,ES1 7 bat,0.0
mean,2040,11,46,ES1 7 bat,0.0
mean,2040,11,47,ES1 7 bat,0.0
mean,2040,11,48,ES1 7 bat,0.0
mean,2040,11,49,ES1 7 bat,0.0
mean,2040,11,50,ES1 7 bat,0.0
mean,2040,11,51,ES1 7 bat,0.0
mean,2040,11,52,ES1 7 bat,0.0
mean,2040,11,53,ES1 7 bat,0.0
mean,2040,11,54,ES1 7 bat,0.0
mean,2040,11,55,ES1 7 bat,0.0
mean,2040,11,56,ES1 7 bat,0.0
mean,2040,11,57,ES1 7 bat,0.0
mean,2040,11,58,ES1 7 bat,271.31238507598664
mean,2040,11,59,ES1 7 bat,7314.227068827683
mean,2040,11,60,ES1 7 bat,0.0
mean,2040,11,61,ES1 7 bat,1326.3597704301735
mean,2040,11,62,ES1 7 bat,5325.057249400839
mean,2040,11,63,ES1 7 bat,0.0
mean,2040,11,64,ES1 7 bat,0.0
mean,2040,11,65,ES1 7 bat,0.0
mean,2040,11,66,ES1 7 bat,0.0
mean,2040,11,67,ES1 7 bat,0.0
mean,2040,11,68,ES1 7 bat,0.0
mean,2040,11,69,ES1 7 bat,0.0
mean,2040,11,70,ES1 7 bat,0.0
mean,2040,11,71,ES1 7 bat,0.0
mean,2040,11,72,ES1 7 bat,0.0
mean,2040,11,73,ES1 7 bat,0.0
mean,2040,11,74,ES1 7 bat,0.0
mean,2040,11,75,ES1 7 bat,0.0
mean,2040,11,76,ES1 7 bat,0.0
mean,2040,11,77,ES1 7 bat,0.0
mean,2040,11,78,ES1 7 bat,0.0
mean,2040,11,79,ES1 7 bat,0.0
mean,2040,11,80,ES1 7 bat,0.0
mean,2040,11,81,ES1 7 bat,1854.5382004588132
mean,2040,11,82,ES1 7 bat,0.0
mean,2040,11,83,ES1 7 bat,0.0
mean,2040,11,84,ES1 7 bat,0.0
mean,2040,11,85,ES1 7 bat,12381.712284139126
mean,2040,11,86,ES1 7 bat,0.0
mean,2040,11,87,ES1 7 bat,1.33519680086131
mean,2040,11,88,ES1 7 bat,0.0
mean,2040,11,89,ES1 7 bat,0.0
mean,2040,11,90,ES1 7 bat,0.0
mean,2040,11,91,ES1 7 bat,0.0
mean,2040,11,92,ES1 7 bat,0.0
mean,2040,11,93,ES1 7 bat,0.0
mean,2040,11,94,ES1 7 bat,0.0
mean,2040,11,95,ES1 7 bat,0.0
mean,2040,11,96,ES1 7 bat,0.0
mean,2040,11,97,ES1 7 bat,0.0
mean,2040,11,98,ES1 7 bat,0.0
mean,2040,11,99,ES1 7 bat,0.0
mean,2040,11,100,ES1 7 bat,0.0
mean,2040,11,101,ES1 7 bat,0.0
mean,2040,11,102,ES1 7 bat,0.0
mean,2040,11,103,ES1 7 bat,0.0
mean,2040,11,104,ES1 7 bat,0.0
mean,2040,11,105,ES1 7 bat,1267.1661577267212
mean,2040,11,106,ES1 7 bat,0.0
mean,2040,11,107,ES1 7 bat,0.0
mean,2040,11,108,ES1 7 bat,0.0
mean,2040,11,109,ES1 7 bat,12968.986390716094
mean,2040,11,110,ES1 7 bat,0.6676123156893835
mean,2040,11,111,ES1 7 bat,0.6676123156893835
mean,2040,11,112,ES1 7 bat,0.6676123156893835
mean,2040,11,113,ES1 7 bat,0.0
mean,2040,11,114,ES1 7 bat,0.0
mean,2040,11,115,ES1 7 bat,0.0
mean,2040,11,116,ES1 7 bat,0.0
mean,2040,11,117,ES1 7 bat,0.0
mean,2040,11,118,ES1 7 bat,0.0
mean,2040,11,119,ES1 7 bat,0.0
mean,2040,11,120,ES1 7 bat,0.07417914618799284
mean,2040,11,121,ES1 7 bat,0.07417914618776084
mean,2040,11,122,ES1 7 bat,0.07417914618776084
mean,2040,11,123,ES1 7 bat,0.07417914618776084
mean,2040,11,124,ES1 7 bat,0.07417914618776084
mean,2040,11,125,ES1 7 bat,0.1483613847841873
mean,2040,11,126,ES1 7 bat,0.0
mean,2040,11,127,ES1 7 bat,0.07417914618776084
mean,2040,11,128,ES1 7 bat,0.07417914618776084
mean,2040,11,129,ES1 7 bat,0.07417914618776084
mean,2040,11,130,ES1 7 bat,0.07417914618776084
mean,2040,11,131,ES1 7 bat,0.07417914618776084
mean,2040,11,132,ES1 7 bat,0.07417914618776084
mean,2040,11,133,ES1 7 bat,2.59811094376267
mean,2040,11,134,ES1 7 bat,0.0
mean,2040,11,135,ES1 7 bat,0.0
mean,2040,11,136,ES1 7 bat,0.0
mean,2040,11,137,ES1 7 bat,0.0
mean,2040,11,138,ES1 7 bat,0.0
mean,2040,11,139,ES1 7 bat,0.0
mean,2040,11,140,ES1 7 bat,0.0
mean,2040,11,141,ES1 7 bat,0.0
mean,2040,11,142,ES1 7 bat,0.0
mean,2040,11,143,ES1 7 bat,0.0
mean,2040,11,144,ES1 7 bat,0.0
mean,2040,11,145,ES1 7 bat,0.0
mean,2040,11,146,ES1 7 bat,0.0
mean,2040,11,147,ES1 7 bat,0.0
mean,2040,11,148,ES1 7 bat,0.0
mean,2040,11,149,ES1 7 bat,0.0
mean,2040,11,150,ES1 7 bat,0.0
mean,2040,11,151,ES1 7 bat,0.0
mean,2040,11,152,ES1 7 bat,0.0
mean,2040,11,153,ES1 7 bat,0.0
mean,2040,11,154,ES1 7 bat,0.0
mean,2040,11,155,ES1 7 bat,0.0
mean,2040,11,156,ES1 7 bat,0.0
mean,2040,11,157,ES1 7 bat,0.0
mean,2040,11,158,ES1 7 bat,0.0
mean,2040,11,159,ES1 7 bat,0.0
mean,2040,11,160,ES1 7 bat,0.0
mean,2040,11,161,ES1 7 bat,0.0
mean,2040,11,162,ES1 7 bat,0.0
mean,2040,11,163,ES1 7 bat,0.0
mean,2040,11,164,ES1 7 bat,0.0
mean,2040,11,165,ES1 7 bat,0.0
mean,2040,11,166,ES1 7 bat,0.0
mean,2040,11,167,ES1 7 bat,0.0
mean,2040,21,0,ES1 7 bat,0.0
mean,2040,21,1,ES1 7 bat,0.4451212658350414
mean,2040,21,2,ES1 7 bat,0.0
mean,2040,21,3,ES1 7 bat,0.0
mean,2040,21,4,ES1 7 bat,0.0
mean,2040,21,5,ES1 7 bat,0.0
mean,2040,21,6,ES1 7 bat,0.0
mean,2040,21,7,ES1 7 bat,0.07417914618781651
mean,2040,21,8,ES1 7 bat,0.07417914618776084
mean,2040,21,9,ES1 7 bat,0.07417914618776084
mean,2040,21,10,ES1 7 bat,0.07417914618776084
mean,2040,21,11,ES1 7 bat,2294.1686096610283
mean,2040,21,12,ES1 7 bat,0.0
mean,2040,21,13,ES1 7 bat,0.0
mean,2040,21,14,ES1 7 bat,9315.5621850963
mean,2040,21,15,ES1 7 bat,0.0
mean,2040,21,16,ES1 7 bat,2627.539428935441
mean,2040,21,17,ES1 7 bat,0.0
mean,2040,21,18,ES1 7 bat,0.0
mean,2040,21,19,ES1 7 bat,0.0
mean,2040,21,20,ES1 7 bat,0.0
mean,2040,21,21,ES1 7 bat,0.0
mean,2040,21,22,ES1 7 bat,0.0
mean,2040,21,23,ES1 7 bat,0.0
mean,2040,21,24,ES1 7 bat,0.0
mean,2040,21,25,ES1 7 bat,0.0
mean,2040,21,26,ES1 7 bat,0.0
mean,2040,21,27,ES1 7 bat,0.0
mean,2040,21,28,ES1 7 bat,0.0
mean,2040,21,29,ES1 7 bat,0.0
mean,2040,21,30,ES1 7 bat,0.0
mean,2040,21,31,ES1 7 bat,0.0
mean,2040,21,32,ES1 7 bat,0.0
mean,2040,21,33,ES1 7 bat,0.07417914618776084
mean,2040,21,34,ES1 7 bat,0.07417914618776084
mean,2040,21,35,ES1 7 bat,0.1483613847841873
mean,2040,21,36,ES1 7 bat,0.0
mean,2040,21,37,ES1 7 bat,1.4841706283901863
mean,2040,21,38,ES1 7 bat,0.0
mean,2040,21,39,ES1 7 bat,0.0
mean,2040,21,40,ES1 7 bat,0.0
mean,2040,21,41,ES1 7 bat,0.0
mean,2040,21,42,ES1 7 bat,0.0
mean,2040,21,43,ES1 7 bat,0.0
mean,2040,21,44,ES1 7 bat,0.0
mean,2040,21,45,ES1 7 bat,0.0
mean,2040,21,46,ES1 7 bat,0.0
mean,2040,21,47,ES1 7 bat,0.0
mean,2040,21,48,ES1 7 bat,0.0
mean,2040,21,49,ES1 7 bat,0.0
mean,2040,21,50,ES1 7 bat,0.0
mean,2040,21,51,ES1 7 bat,0.0
mean,2040,21,52,ES1 7 bat,0.0
mean,2040,21,53,ES1 7 bat,0.0
mean,2040,21,54,ES1 7 bat,0.0
mean,2040,21,55,ES1 7 bat,0.0
mean,2040,21,56,ES1 7 bat,0.0
mean,2040,21,57,ES1 7 bat,0.1483613847841873
mean,2040,21,58,ES1 7 bat,0.0
mean,2040,21,59,ES1 7 bat,14235.644580368487
mean,2040,21,60,ES1 7 bat,0.0
mean,2040,21,61,ES1 7 bat,0.0
mean,2040,21,62,ES1 7 bat,0.0
mean,2040,21,63,ES1 7 bat,2.6702822842930707
mean,2040,21,64,ES1 7 bat,0.0
mean,2040,21,65,ES1 7 bat,0.0
mean,2040,21,66,ES1 7 bat,0.0
mean,2040,21,67,ES1 7 bat,0.0
mean,2040,21,68,ES1 7 bat,0.0
mean,2040,21,69,ES1 7 bat,0.0
mean,2040,21,70,ES1 7 bat,0.0
mean,2040,21,71,ES1 7 bat,0.0
mean,2040,21,72,ES1 7 bat,0.0
mean,2040,21,73,ES1 7 bat,0.0
mean,2040,21,74,ES1 7 bat,0.0
mean,2040,21,75,ES1 7 bat,0.0
mean,2040,21,76,ES1 7 bat,0.0
mean,2040,21,77,ES1 7 bat,0.0
mean,2040,21,78,ES1 7 bat,0.0
mean,2040,21,79,ES1 7 bat,0.0
mean,2040,21,80,ES1 7 bat,0.0
mean,2040,21,81,ES1 7 bat,0.07417914618776084
mean,2040,21,82,ES1 7 bat,10676.77053639452
mean,2040,21,83,ES1 7 bat,0.0
mean,2040,21,84,ES1 7 bat,0.0
mean,2040,21,85,ES1 7 bat,3560.4317434274944
mean,2040,21,86,ES1 7 bat,0.0
mean,2040,21,87,ES1 7 bat,1.33519680086131
mean,2040,21,88,ES1 7 bat,0.0
mean,2040,21,89,ES1 7 bat,0.0
mean,2040,21,90,ES1 7 bat,0.0
mean,2040,21,91,ES1 7 bat,0.0
mean,2040,21,92,ES1 7 bat,0.0
mean,2040,21,93,ES1 7 bat,0.0
mean,2040,21,94,ES1 7 bat,0.0
mean,2040,21,95,ES1 7 bat,0.0
mean,2040,21,96,ES1 7 bat,0.0
mean,2040,21,97,ES1 7 bat,0.0
mean,2040,21,98,ES1 7 bat,0.0
mean,2040,21,99,ES1 7 bat,0.0
mean,2040,21,100,ES1 7 bat,0.0
mean,2040,21,101,ES1 7 bat,0.0
mean,2040,21,102,ES1 7 bat,0.0
mean,2040,21,103,ES1 7 bat,0.0
mean,2040,21,104,ES1 7 bat,0.0
mean,2040,21,105,ES1 7 bat,730.3937535895202
mean,2040,21,106,ES1 7 bat,0.0
mean,2040,21,107,ES1 7 bat,0.0
mean,2040,21,108,ES1 7 bat,13505.564684851955
mean,2040,21,109,ES1 7 bat,0.0
mean,2040,21,110,ES1 7 bat,0.0
mean,2040,21,111,ES1 7 bat,2.002753456675849
mean,2040,21,112,ES1 7 bat,0.0
mean,2040,21,113,ES1 7 bat,0.0
mean,2040,21,114,ES1 7 bat,0.0
mean,2040,21,115,ES1 7 bat,0.0
mean,2040,21,116,ES1 7 bat,0.0
mean,2040,21,117,ES1 7 bat,0.0
mean,2040,21,118,ES1 7 bat,0.0
mean,2040,21,119,ES1 7 bat,0.0
mean,2040,21,120,ES1 7 bat,0.0
mean,2040,21,121,ES1 7 bat,0.0
mean,2040,21,122,ES1 7 bat,0.0
mean,2040,21,123,ES1 7 bat,0.0
mean,2040,21,124,ES1 7 bat,0.0
mean,2040,21,125,ES1 7 bat,0.0
mean,2040,21,126,ES1 7 bat,0.0
mean,2040,21,127,ES1 7 bat,0.0
mean,2040,21,128,ES1 7 bat,0.07417914618776084
mean,2040,21,129,ES1 7 bat,0.2225467159182792
mean,2040,21,130,ES1 7 bat,0.0
mean,2040,21,131,ES1 7 bat,0.0
mean,2040,21,132,ES1 7 bat,602.1134288943758
mean,2040,21,133,ES1 7 bat,8775.08987168443
mean,2040,21,134,ES1 7 bat,0.0
mean,2040,21,135,ES1 7 bat,4859.4706886656395
mean,2040,21,136,ES1 7 bat,0.6676123156893835
mean,2040,21,137,ES1 7 bat,0.0
mean,2040,21,138,ES1 7 bat,0.0
mean,2040,21,139,ES1 7 bat,0.0
mean,2040,21,140,ES1 7 bat,0.0
mean,2040,21,141,ES1 7 bat,0.0
mean,2040,21,142,ES1 7 bat,0.0
mean,2040,21,143,ES1 7 bat,0.0
mean,2040,21,144,ES1 7 bat,0.0
mean,2040,21,145,ES1 7 bat,0.0
mean,2040,21,146,ES1 7 bat,0.0
mean,2040,21,147,ES1 7 bat,0.0
mean,2040,21,148,ES1 7 bat,0.0
mean,2040,21,149,ES1 7 bat,0.0
mean,2040,21,150,ES1 7 bat,0.0
mean,2040,21,151,ES1 7 bat,0.0
mean,2040,21,152,ES1 7 bat,0.07417914618776084
mean,2040,21,153,ES1 7 bat,0.07417914618776084
mean,2040,21,154,ES1 7 bat,10470.791071535315
mean,2040,21,155,ES1 7 bat,808.7018364634787
mean,2040,21,156,ES1 7 bat,0.0
mean,2040,21,157,ES1 7 bat,0.0
mean,2040,21,158,ES1 7 bat,2958.295349444237
mean,2040,21,159,ES1 7 bat,0.6676123156893835
mean,2040,21,160,ES1 7 bat,0.0
mean,2040,21,161,ES1 7 bat,0.0
mean,2040,21,162,ES1 7 bat,0.0
mean,2040,21,163,ES1 7 bat,0.0
mean,2040,21,164,ES1 7 bat,0.0
mean,2040,21,165,ES1 7 bat,0.0
mean,2040,21,166,ES1 7 bat,0.0
mean,2040,21,167,ES1 7 bat,0.0
mean,2040,42,0,ES1 7 bat,0.0
mean,2040,42,1,ES1 7 bat,0.5193189684068784
mean,2040,42,2,ES1 7 bat,0.0
mean,2040,42,3,ES1 7 bat,0.0
mean,2040,42,4,ES1 7 bat,0.0
mean,2040,42,5,ES1 7 bat,0.0
mean,2040,42,6,ES1 7 bat,0.0
mean,2040,42,7,ES1 7 bat,0.0
mean,2040,42,8,ES1 7 bat,0.07417914618776084
mean,2040,42,9,ES1 7 bat,0.07417914618776084
mean,2040,42,10,ES1 7 bat,2379.9988947278443
mean,2040,42,11,ES1 7 bat,0.0
mean,2040,42,12,ES1 7 bat,0.0
mean,2040,42,13,ES1 7 bat,10774.13939740667
mean,2040,42,14,ES1 7 bat,1082.6489434825462
mean,2040,42,15,ES1 7 bat,0.6676123156893835
mean,2040,42,16,ES1 7 bat,0.0
mean,2040,42,17,ES1 7 bat,0.0
mean,2040,42,18,ES1 7 bat,0.0
mean,2040,42,19,ES1 7 bat,0.0
mean,2040,42,20,ES1 7 bat,0.0
mean,2040,42,21,ES1 7 bat,0.0
mean,2040,42,22,ES1 7 bat,0.0
mean,2040,42,23,ES1 7 bat,0.07417914618799284
mean,2040,42,24,ES1 7 bat,0.07417914618776084
mean,2040,42,25,ES1 7 bat,0.07417914618776084
mean,2040,42,26,ES1 7 bat,0.07417914618776084
mean,2040,42,27,ES1 7 bat,0.07417914618776084
mean,2040,42,28,ES1 7 bat,0.07417914618776084
mean,2040,42,29,ES1 7 bat,0.07417914618776084
mean,2040,42,30,ES1 7 bat,0.07417914618776084
mean,2040,42,31,ES1 7 bat,0.07417914618776084
mean,2040,42,32,ES1 7 bat,0.07417914618776084
mean,2040,42,33,ES1 7 bat,0.07417914618776084
mean,2040,42,34,ES1 7 bat,0.1483613847841873
mean,2040,42,35,ES1 7 bat,0.0
mean,2040,42,36,ES1 7 bat,0.1483613847841873
mean,2040,42,37,ES1 7 bat,0.0
mean,2040,42,38,ES1 7 bat,8984.620261799922
mean,2040,42,39,ES1 7 bat,0.0
mean,2040,42,40,ES1 7 bat,0.0
mean,2040,42,41,ES1 7 bat,0.0
mean,2040,42,42,ES1 7 bat,0.0
mean,2040,42,43,ES1 7 bat,0.0
mean,2040,42,44,ES1 7 bat,0.0
mean,2040,42,45,ES1 7 bat,0.0
mean,2040,42,46,ES1 7 bat,0.0
mean,2040,42,47,ES1 7 bat,0.0
mean,2040,42,48,ES1 7 bat,0.0
mean,2040,42,49,ES1 7 bat,0.0
mean,2040,42,50,ES1 7 bat,0.0
mean,2040,42,51,ES1 7 bat,0.0
mean,2040,42,52,ES1 7 bat,0.0
mean,2040,42,53,ES1 7 bat,0.0
mean,2040,42,54,ES1 7 bat,0.0
mean,2040,42,55,ES1 7 bat,0.0
mean,2040,42,56,ES1 7 bat,0.0
mean,2040,42,57,ES1 7 bat,0.0
mean,2040,42,58,ES1 7 bat,0.0
mean,2040,42,59,ES1 7 bat,0.0
mean,2040,42,60,ES1 7 bat,0.0
mean,2040,42,61,ES1 7 bat,5261.3400262495
mean,2040,42,62,ES1 7 bat,0.6676123156893835
mean,2040,42,63,ES1 7 bat,0.6676123156893835
mean,2040,42,64,ES1 7 bat,0.0
mean,2040,42,65,ES1 7 bat,0.0
mean,2040,42,66,ES1 7 bat,0.0
mean,2040,42,67,ES1 7 bat,0.0
mean,2040,42,68,ES1 7 bat,0.0
mean,2040,42,69,ES1 7 bat,0.0
mean,2040,42,70,ES1 7 bat,0.0
mean,2040,42,71,ES1 7 bat,0.0
mean,2040,42,72,ES1 7 bat,0.0
mean,2040,42,73,ES1 7 bat,0.0
mean,2040,42,74,ES1 7 bat,0.0
mean,2040,42,75,ES1 7 bat,0.0
mean,2040,42,76,ES1 7 bat,0.0
mean,2040,42,77,ES1 7 bat,0.0
mean,2040,42,78,ES1 7 bat,0.0
mean,2040,42,79,ES1 7 bat,0.0
mean,2040,42,80,ES1 7 bat,0.0
mean,2040,42,81,ES1 7 bat,0.0
mean,2040,42,82,ES1 7 bat,0.07417914618776084
mean,2040,42,83,ES1 7 bat,0.07417914618776084
mean,2040,42,84,ES1 7 bat,5314.605354670447
mean,2040,42,85,ES1 7 bat,8921.334949818614
mean,2040,42,86,ES1 7 bat,0.6676123156893835
mean,2040,42,87,ES1 7 bat,0.0
mean,2040,42,88,ES1 7 bat,0.0
mean,2040,42,89,ES1 7 bat,0.0
mean,2040,42,90,ES1 7 bat,0.0
mean,2040,42,91,ES1 7 bat,0.0
mean,2040,42,92,ES1 7 bat,0.0
mean,2040,42,93,ES1 7 bat,0.0
mean,2040,42,94,ES1 7 bat,0.0
mean,2040,42,95,ES1 7 bat,0.0
mean,2040,42,96,ES1 7 bat,0.0
mean,2040,42,97,ES1 7 bat,0.0
mean,2040,42,98,ES1 7 bat,0.0
mean,2040,42,99,ES1 7 bat,0.0
mean,2040,42,100,ES1 7 bat,0.0
mean,2040,42,101,ES1 7 bat,0.0
mean,2040,42,102,ES1 7 bat,0.0
mean,2040,42,103,ES1 7 bat,0.07417914618799284
mean,2040,42,104,ES1 7 bat,0.07417914618776084
mean,2040,42,105,ES1 7 bat,0.07417914618776084
mean,2040,42,106,ES1 7 bat,0.07417914618776084
mean,2040,42,107,ES1 7 bat,0.07417914618776084
mean,2040,42,108,ES1 7 bat,3.3411248931494293
mean,2040,42,109,ES1 7 bat,0.0
mean,2040,42,110,ES1 7 bat,0.0
mean,2040,42,111,ES1 7 bat,0.0
mean,2040,42,112,ES1 7 bat,0.0
mean,2040,42,113,ES1 7 bat,0.0
mean,2040,42,114,ES1 7 bat,0.0
mean,2040,42,115,ES1 7 bat,0.0
mean,2040,42,116,ES1 7 bat,0.0
mean,2040,42,117,ES1 7 bat,0.0
mean,2040,42,118,ES1 7 bat,0.0
mean,2040,42,119,ES1 7 bat,0.0
mean,2040,42,120,ES1 7 bat,0.0
mean,2040,42,121,ES1 7 bat,0.0
mean,2040,42,122,ES1 7 bat,0.0
mean,2040,42,123,ES1 7 bat,0.0
mean,2040,42,124,ES1 7 bat,0.0
mean,2040,42,125,ES1 7 bat,0.0
mean,2040,42,126,ES1 7 bat,0.0
mean,2040,42,127,ES1 7 bat,0.0
mean,2040,42,128,ES1 7 bat,0.0
mean,2040,42,129,ES1 7 bat,0.0
mean,2040,42,130,ES1 7 bat,0.0
mean,2040,42,131,ES1 7 bat,0.0
mean,2040,42,132,ES1 7 bat,0.0
mean,2040,42,133,ES1 7 bat,0.0
mean,2040,42,134,ES1 7 bat,0.0
mean,2040,42,135,ES1 7 bat,0.0
mean,2040,42,136,ES1 7 bat,0.0
mean,2040,42,137,ES1 7 bat,0.0
mean,2040,42,138,ES1 7 bat,0.0
mean,2040,42,139,ES1 7 bat,0.0
mean,2040,42,140,ES1 7 bat,0.0
mean,2040,42,141,ES1 7 bat,0.0
mean,2040,42,142,ES1 7 bat,0.0
mean,2040,42,143,ES1 7 bat,0.0
mean,2040,42,144,ES1 7 bat,0.0
mean,2040,42,145,ES1 7 bat,0.0
mean,2040,42,146,ES1 7 bat,0.0
mean,2040,42,147,ES1 7 bat,0.0
mean,2040,42,148,ES1 7 bat,0.0
mean,2040,42,149,ES1 7 bat,0.0
mean,2040,42,150,ES1 7 bat,0.0
mean,2040,42,151,ES1 7 bat,0.0
mean,2040,42,152,ES1 7 bat,0.0
mean,2040,42,153,ES1 7 bat,1138.3632350517814
mean,2040,42,154,ES1 7 bat,5622.428621695428
mean,2040,42,155,ES1 7 bat,7247.617623977864
mean,2040,42,156,ES1 7 bat,0.0
mean,2040,42,157,ES1 7 bat,0.0
mean,2040,42,158,ES1 7 bat,229.68701285872157
mean,2040,42,159,ES1 7 bat,0.0
mean,2040,42,160,ES1 7 bat,0.0
mean,2040,42,161,ES1 7 bat,0.0
mean,2040,42,162,ES1 7 bat,0.0
mean,2040,42,163,ES1 7 bat,0.0
mean,2040,42,164,ES1 7 bat,0.0
mean,2040,42,165,ES1 7 bat,0.0
mean,2040,42,166,ES1 7 bat,0.0
mean,2040,42,167,ES1 7 bat,0.0
mean,2040,52,0,ES1 7 bat,0.0
mean,2040,52,1,ES1 7 bat,0.07417914618776084
mean,2040,52,2,ES1 7 bat,0.07417914618776084
mean,2040,52,3,ES1 7 bat,0.07417914618776084
mean,2040,52,4,ES1 7 bat,0.07417914618776084
mean,2040,52,5,ES1 7 bat,0.07417914618776084
mean,2040,52,6,ES1 7 bat,0.1483613847841873
mean,2040,52,7,ES1 7 bat,0.0
mean,2040,52,8,ES1 7 bat,0.07417914618776084
mean,2040,52,9,ES1 7 bat,0.07417914618776084
mean,2040,52,10,ES1 7 bat,0.07417914618776084
mean,2040,52,11,ES1 7 bat,0.07417914618776084
mean,2040,52,12,ES1 7 bat,5.125622636791033
mean,2040,52,13,ES1 7 bat,0.0
mean,2040,52,14,ES1 7 bat,0.0
mean,2040,52,15,ES1 7 bat,0.0
mean,2040,52,16,ES1 7 bat,0.0
mean,2040,52,17,ES1 7 bat,0.0
mean,2040,52,18,ES1 7 bat,0.0
mean,2040,52,19,ES1 7 bat,0.0
mean,2040,52,20,ES1 7 bat,0.0
mean,2040,52,21,ES1 7 bat,0.0
mean,2040,52,22,ES1 7 bat,0.0
mean,2040,52,23,ES1 7 bat,0.0
mean,2040,52,24,ES1 7 bat,0.0
mean,2040,52,25,ES1 7 bat,0.0
mean,2040,52,26,ES1 7 bat,0.0
mean,2040,52,27,ES1 7 bat,0.0
mean,2040,52,28,ES1 7 bat,0.0
mean,2040,52,29,ES1 7 bat,0.0
mean,2040,52,30,ES1 7 bat,0.0
mean,2040,52,31,ES1 7 bat,0.0
mean,2040,52,32,ES1 7 bat,0.0
mean,2040,52,33,ES1 7 bat,0.0
mean,2040,52,34,ES1 7 bat,0.0
mean,2040,52,35,ES1 7 bat,0.0
mean,2040,52,36,ES1 7 bat,0.0
mean,2040,52,37,ES1 7 bat,0.0
mean,2040,52,38,ES1 7 bat,0.0
mean,2040,52,39,ES1 7 bat,0.0
mean,2040,52,40,ES1 7 bat,0.0
mean,2040,52,41,ES1 7 bat,0.0
mean,2040,52,42,ES1 7 bat,0.0
mean,2040,52,43,ES1 7 bat,0.0
mean,2040,52,44,ES1 7 bat,0.0
mean,2040,52,45,ES1 7 bat,0.0
mean,2040,52,46,ES1 7 bat,0.0
mean,2040,52,47,ES1 7 bat,0.0
mean,2040,52,48,ES1 7 bat,0.0
mean,2040,52,49,ES1 7 bat,0.0
mean,2040,52,50,ES1 7 bat,0.0
mean,2040,52,51,ES1 7 bat,0.0
mean,2040,52,52,ES1 7 bat,0.0
mean,2040,52,53,ES1 7 bat,0.0
mean,2040,52,54,ES1 7 bat,0.0
mean,2040,52,55,ES1 7 bat,0.0
mean,2040,52,56,ES1 7 bat,0.0
mean,2040,52,57,ES1 7 bat,0.0
mean,2040,52,58,ES1 7 bat,0.0
mean,2040,52,59,ES1 7 bat,0.0
mean,2040,52,60,ES1 7 bat,0.0
mean,2040,52,61,ES1 7 bat,0.0
mean,2040,52,62,ES1 7 bat,0.0
mean,2040,52,63,ES1 7 bat,0.0
mean,2040,52,64,ES1 7 bat,0.0
mean,2040,52,65,ES1 7 bat,0.0
mean,2040,52,66,ES1 7 bat,0.0
mean,2040,52,67,ES1 7 bat,0.0
mean,2040,52,68,ES1 7 bat,0.0
mean,2040,52,69,ES1 7 bat,0.0
mean,2040,52,70,ES1 7 bat,0.0
mean,2040,52,71,ES1 7 bat,0.0
mean,2040,52,72,ES1 7 bat,0.0
mean,2040,52,73,ES1 7 bat,0.0
mean,2040,52,74,ES1 7 bat,0.0
mean,2040,52,75,ES1 7 bat,0.0
mean,2040,52,76,ES1 7 bat,0.0
mean,2040,52,77,ES1 7 bat,0.0
mean,2040,52,78,ES1 7 bat,0.0
mean,2040,52,79,ES1 7 bat,0.0
mean,2040,52,80,ES1 7 bat,0.0
mean,2040,52,81,ES1 7 bat,602.7401635851581
mean,2040,52,82,ES1 7 bat,5743.186357800313
mean,2040,52,83,ES1 7 bat,7890.156073552482
mean,2040,52,84,ES1 7 bat,0.0
mean,2040,52,85,ES1 7 bat,1.33519680086131
mean,2040,52,86,ES1 7 bat,0.0
mean,2040,52,87,ES1 7 bat,0.0
mean,2040,52,88,ES1 7 bat,0.0
mean,2040,52,89,ES1 7 bat,0.0
mean,2040,52,90,ES1 7 bat,0.0
mean,2040,52,91,ES1 7 bat,0.0
mean,2040,52,92,ES1 7 bat,0.0
mean,2040,52,93,ES1 7 bat,0.0
mean,2040,52,94,ES1 7 bat,0.0
mean,2040,52,95,ES1 7 bat,0.0
mean,2040,52,96,ES1 7 bat,0.0
mean,2040,52,97,ES1 7 bat,0.0
mean,2040,52,98,ES1 7 bat,0.0
mean,2040,52,99,ES1 7 bat,0.0
mean,2040,52,100,ES1 7 bat,0.0
mean,2040,52,101,ES1 7 bat,0.0
mean,2040,52,102,ES1 7 bat,0.0
mean,2040,52,103,ES1 7 bat,0.0
mean,2040,52,104,ES1 7 bat,0.0
mean,2040,52,105,ES1 7 bat,0.0
mean,2040,52,106,ES1 7 bat,0.0
mean,2040,52,107,ES1 7 bat,0.0
mean,2040,52,108,ES1 7 bat,0.0
mean,2040,52,109,ES1 7 bat,0.0
mean,2040,52,110,ES1 7 bat,0.0
mean,2040,52,111,ES1 7 bat,0.0
mean,2040,52,112,ES1 7 bat,0.0
mean,2040,52,113,ES1 7 bat,0.0
mean,2040,52,114,ES1 7 bat,0.0
mean,2040,52,115,ES1 7 bat,0.0
mean,2040,52,116,ES1 7 bat,0.0
mean,2040,52,117,ES1 7 bat,0.0
mean,2040,52,118,ES1 7 bat,0.0
mean,2040,52,119,ES1 7 bat,0.0
mean,2040,52,120,ES1 7 bat,0.0
mean,2040,52,121,ES1 7 bat,0.0
mean,2040,52,122,ES1 7 bat,0.0
mean,2040,52,123,ES1 7 bat,0.0
mean,2040,52,124,ES1 7 bat,0.0
mean,2040,52,125,ES1 7 bat,0.0
mean,2040,52,126,ES1 7 bat,0.0
mean,2040,52,127,ES1 7 bat,0.0
mean,2040,52,128,ES1 7 bat,0.0
mean,2040,52,129,ES1 7 bat,0.1483613847841873
mean,2040,52,130,ES1 7 bat,0.0
mean,2040,52,131,ES1 7 bat,10173.847381580872
mean,2040,52,132,ES1 7 bat,0.0
mean,2040,52,133,ES1 7 bat,0.0
mean,2040,52,134,ES1 7 bat,2998.514775337474
mean,2040,52,135,ES1 7 bat,1065.4004553138182
mean,2040,52,136,ES1 7 bat,0.0
mean,2040,52,137,ES1 7 bat,0.0
mean,2040,52,138,ES1 7 bat,0.0
mean,2040,52,139,ES1 7 bat,0.0
mean,2040,52,140,ES1 7 bat,0.0
mean,2040,52,141,ES1 7 bat,0.0
mean,2040,52,142,ES1 7 bat,0.0
mean,2040,52,143,ES1 7 bat,0.0
mean,2040,52,144,ES1 7 bat,0.0
mean,2040,52,145,ES1 7 bat,0.0
mean,2040,52,146,ES1 7 bat,0.0
mean,2040,52,147,ES1 7 bat,0.0
mean,2040,52,148,ES1 7 bat,0.0
mean,2040,52,149,ES1 7 bat,0.0
mean,2040,52,150,ES1 7 bat,0.0
mean,2040,52,151,ES1 7 bat,0.0
mean,2040,52,152,ES1 7 bat,0.0
mean,2040,52,153,ES1 7 bat,4755.484456220391
mean,2040,52,154,ES1 7 bat,0.0
mean,2040,52,155,ES1 7 bat,6207.555012774012
mean,2040,52,156,ES1 7 bat,0.0
mean,2040,52,157,ES1 7 bat,0.0
mean,2040,52,158,ES1 7 bat,0.0
mean,2040,52,159,ES1 7 bat,3275.2744623647777
mean,2040,52,160,ES1 7 bat,0.0
mean,2040,52,161,ES1 7 bat,0.0
mean,2040,52,162,ES1 7 bat,0.0
mean,2040,52,163,ES1 7 bat,0.0
mean,2040,52,164,ES1 7 bat,0.0
mean,2040,52,165,ES1 7 bat,0.0
mean,2040,52,166,ES1 7 bat,0.0
mean,2040,52,167,ES1 7 bat,0.0
mean,2050,11,0,ES1 7 bat,0.0
mean,2050,11,1,ES1 7 bat,0.04739875678691236
mean,2050,11,2,ES1 7 bat,0.04739875678691236
mean,2050,11,3,ES1 7 bat,0.04739875678691236
mean,2050,11,4,ES1 7 bat,0.04739875678691236
mean,2050,11,5,ES1 7 bat,0.14220219837551093
mean,2050,11,6,ES1 7 bat,0.0
mean,2050,11,7,ES1 7 bat,0.0
mean,2050,11,8,ES1 7 bat,0.04739875678691236
mean,2050,11,9,ES1 7 bat,0.04739875678691236
mean,2050,11,10,ES1 7 bat,0.04739875678691236
mean,2050,11,11,ES1 7 bat,0.04739875678691236
mean,2050,11,12,ES1 7 bat,9096.247258764468
mean,2050,11,13,ES1 7 bat,0.4265888110815152
mean,2050,11,14,ES1 7 bat,0.0
mean,2050,11,15,ES1 7 bat,0.0
mean,2050,11,16,ES1 7 bat,0.0
mean,2050,11,17,ES1 7 bat,0.0
mean,2050,11,18,ES1 7 bat,0.0
mean,2050,11,19,ES1 7 bat,0.0
mean,2050,11,20,ES1 7 bat,0.0
mean,2050,11,21,ES1 7 bat,0.0
mean,2050,11,22,ES1 7 bat,0.0
mean,2050,11,23,ES1 7 bat,0.0
mean,2050,11,24,ES1 7 bat,0.0
mean,2050,11,25,ES1 7 bat,0.0
mean,2050,11,26,ES1 7 bat,0.0
mean,2050,11,27,ES1 7 bat,0.0
mean,2050,11,28,ES1 7 bat,0.0
mean,2050,11,29,ES1 7 bat,0.0
mean,2050,11,30,ES1 7 bat,0.0
mean,2050,11,31,ES1 7 bat,0.0
mean,2050,11,32,ES1 7 bat,0.0
mean,2050,11,33,ES1 7 bat,0.0
mean,2050,11,34,ES1 7 bat,0.0
mean,2050,11,35,ES1 7 bat,0.0
mean,2050,11,36,ES1 7 bat,0.0
mean,2050,11,37,ES1 7 bat,0.0
mean,2050,11,38,ES1 7 bat,0.0
mean,2050,11,39,ES1 7 bat,0.0
mean,2050,11,40,ES1 7 bat,0.0
mean,2050,11,41,ES1 7 bat,0.0
mean,2050,11,42,ES1 7 bat,0.0
mean,2050,11,43,ES1 7 bat,0.0
mean,2050,11,44,ES1 7 bat,0.0
mean,2050,11,45,ES1 7 bat,0.0
mean,2050,11,46,ES1 7 bat,0.0
mean,2050,11,47,ES1 7 bat,0.0
mean,2050,11,48,ES1 7 bat,0.0
mean,2050,11,49,ES1 7 bat,0.0
mean,2050,11,50,ES1 7 bat,0.0
mean,2050,11,51,ES1 7 bat,0.0
mean,2050,11,52,ES1 7 bat,0.0
mean,2050,11,53,ES1 7 bat,0.0
mean,2050,11,54,ES1 7 bat,0.0
mean,2050,11,55,ES1 7 bat,0.0
mean,2050,11,56,ES1 7 bat,0.0
mean,2050,11,57,ES1 7 bat,0.04739875678691236
mean,2050,11,58,ES1 7 bat,0.18960688334192705
mean,2050,11,59,ES1 7 bat,0.0
mean,2050,11,60,ES1 7 bat,0.0
mean,2050,11,61,ES1 7 bat,0.0
mean,2050,11,62,ES1 7 bat,8162.242738198394
mean,2050,11,63,ES1 7 bat,934.39217386229
mean,2050,11,64,ES1 7 bat,0.0
mean,2050,11,65,ES1 7 bat,0.0
mean,2050,11,66,ES1 7 bat,0.0
mean,2050,11,67,ES1 7 bat,0.0
mean,2050,11,68,ES1 7 bat,0.0
mean,2050,11,69,ES1 7 bat,0.0
mean,2050,11,70,ES1 7 bat,0.0
mean,2050,11,71,ES1 7 bat,0.0
mean,2050,11,72,ES1 7 bat,0.0
mean,2050,11,73,ES1 7 bat,0.0
mean,2050,11,74,ES1 7 bat,0.0
mean,2050,11,75,ES1 7 bat,0.0
mean,2050,11,76,ES1 7 bat,0.0
mean,2050,11,77,ES1 7 bat,0.0
mean,2050,11,78,ES1 7 bat,0.0
mean,2050,11,79,ES1 7 bat,0.0
mean,2050,11,80,ES1 7 bat,0.0
mean,2050,11,81,ES1 7 bat,0.09479948955129434
mean,2050,11,82,ES1 7 bat,0.0
mean,2050,11,83,ES1 7 bat,0.04739875678691236
mean,2050,11,84,ES1 7 bat,0.09479948955129434
mean,2050,11,85,ES1 7 bat,0.0
mean,2050,11,86,ES1 7 bat,9096.247258764468
mean,2050,11,87,ES1 7 bat,0.4265888110815152
mean,2050,11,88,ES1 7 bat,0.0
mean,2050,11,89,ES1 7 bat,0.0
mean,2050,11,90,ES1 7 bat,0.0
mean,2050,11,91,ES1 7 bat,0.0
mean,2050,11,92,ES1 7 bat,0.0
mean,2050,11,93,ES1 7 bat,0.0
mean,2050,11,94,ES1 7 bat,0.0
mean,2050,11,95,ES1 7 bat,0.0
mean,2050,11,96,ES1 7 bat,0.0
mean,2050,11,97,ES1 7 bat,0.0
mean,2050,11,98,ES1 7 bat,0.0
mean,2050,11,99,ES1 7 bat,0.0
mean,2050,11,100,ES1 7 bat,0.0
mean,2050,11,101,ES1 7 bat,0.0
mean,2050,11,102,ES1 7 bat,0.0
mean,2050,11,103,ES1 7 bat,0.0
mean,2050,11,104,ES1 7 bat,0.0
mean,2050,11,105,ES1 7 bat,0.04739875678691236
mean,2050,11,106,ES1 7 bat,2367.142436433855
mean,2050,11,107,ES1 7 bat,0.0
mean,2050,11,108,ES1 7 bat,0.0
mean,2050,11,109,ES1 7 bat,0.0
mean,2050,11,110,ES1 7 bat,0.0
mean,2050,11,111,ES1 7 bat,6729.8351364757455
mean,2050,11,112,ES1 7 bat,0.4265888110815152
mean,2050,11,113,ES1 7 bat,0.0
mean,2050,11,114,ES1 7 bat,0.0
mean,2050,11,115,ES1 7 bat,0.0
mean,2050,11,116,ES1 7 bat,0.0
mean,2050,11,117,ES1 7 bat,0.0
mean,2050,11,118,ES1 7 bat,0.0
mean,2050,11,119,ES1 7 bat,0.0
mean,2050,11,120,ES1 7 bat,0.04739875678691236
mean,2050,11,121,ES1 7 bat,0.04739875678691236
mean,2050,11,122,ES1 7 bat,0.04739875678691236
mean,2050,11,123,ES1 7 bat,0.04739875678691236
mean,2050,11,124,ES1 7 bat,0.04739875678691236
mean,2050,11,125,ES1 7 bat,0.04739875678691236
mean,2050,11,126,ES1 7 bat,0.04739875678691236
mean,2050,11,127,ES1 7 bat,0.04739875678691236
mean,2050,11,128,ES1 7 bat,0.04739875678691236
mean,2050,11,129,ES1 7 bat,0.04739875678691236
mean,2050,11,130,ES1 7 bat,0.04739875678691236
mean,2050,11,131,ES1 7 bat,0.04739875678691236
mean,2050,11,132,ES1 7 bat,1.7076006985232606
mean,2050,11,133,ES1 7 bat,0.0
mean,2050,11,134,ES1 7 bat,0.0
mean,2050,11,135,ES1 7 bat,0.0
mean,2050,11,136,ES1 7 bat,0.0
mean,2050,11,137,ES1 7 bat,0.0
mean,2050,11,138,ES1 7 bat,0.0
mean,2050,11,139,ES1 7 bat,0.0
mean,2050,11,140,ES1 7 bat,0.0
mean,2050,11,141,ES1 7 bat,0.0
mean,2050,11,142,ES1 7 bat,0.0
mean,2050,11,143,ES1 7 bat,0.0
mean,2050,11,144,ES1 7 bat,0.0
mean,2050,11,145,ES1 7 bat,0.0
mean,2050,11,146,ES1 7 bat,0.0
mean,2050,11,147,ES1 7 bat,0.0
mean,2050,11,148,ES1 7 bat,0.0
mean,2050,11,149,ES1 7 bat,0.0
mean,2050,11,150,ES1 7 bat,0.0
mean,2050,11,151,ES1 7 bat,0.0
mean,2050,11,152,ES1 7 bat,0.0
mean,2050,11,153,ES1 7 bat,0.0
mean,2050,11,154,ES1 7 bat,0.0
mean,2050,11,155,ES1 7 bat,0.0
mean,2050,11,156,ES1 7 bat,0.0
mean,2050,11,157,ES1 7 bat,0.0
mean,2050,11,158,ES1 7 bat,0.0
mean,2050,11,159,ES1 7 bat,0.0
mean,2050,11,160,ES1 7 bat,0.0
mean,2050,11,161,ES1 7 bat,0.0
mean,2050,11,162,ES1 7 bat,0.0
mean,2050,11,163,ES1 7 bat,0.0
mean,2050,11,164,ES1 7 bat,0.0
mean,2050,11,165,ES1 7 bat,0.0
mean,2050,11,166,ES1 7 bat,0.0
mean,2050,11,167,ES1 7 bat,0.0
mean,2050,21,0,ES1 7 bat,0.0
mean,2050,21,1,ES1 7 bat,0.047398756785696605
mean,2050,21,2,ES1 7 bat,0.23701354453442036
mean,2050,21,3,ES1 7 bat,0.0
mean,2050,21,4,ES1 7 bat,0.0
mean,2050,21,5,ES1 7 bat,0.0
mean,2050,21,6,ES1 7 bat,0.0
mean,2050,21,7,ES1 7 bat,0.047398756787515595
mean,2050,21,8,ES1 7 bat,0.3318327959189502
mean,2050,21,9,ES1 7 bat,0.0
mean,2050,21,10,ES1 7 bat,0.0
mean,2050,21,11,ES1 7 bat,0.0
mean,2050,21,12,ES1 7 bat,0.0
mean,2050,21,13,ES1 7 bat,0.0
mean,2050,21,14,ES1 7 bat,0.0
mean,2050,21,15,ES1 7 bat,8339.9985012496
mean,2050,21,16,ES1 7 bat,756.6438208524734
mean,2050,21,17,ES1 7 bat,0.4265888110815152
mean,2050,21,18,ES1 7 bat,0.0
mean,2050,21,19,ES1 7 bat,0.0
mean,2050,21,20,ES1 7 bat,0.0
mean,2050,21,21,ES1 7 bat,0.0
mean,2050,21,22,ES1 7 bat,0.0
mean,2050,21,23,ES1 7 bat,0.0
mean,2050,21,24,ES1 7 bat,0.0
mean,2050,21,25,ES1 7 bat,0.0
mean,2050,21,26,ES1 7 bat,0.0
mean,2050,21,27,ES1 7 bat,0.0
mean,2050,21,28,ES1 7 bat,0.0
mean,2050,21,29,ES1 7 bat,0.0
mean,2050,21,30,ES1 7 bat,0.0
mean,2050,21,31,ES1 7 bat,0.0
mean,2050,21,32,ES1 7 bat,0.04739875678691236
mean,2050,21,33,ES1 7 bat,0.04739875678691236
mean,2050,21,34,ES1 7 bat,3622.6499474527723
mean,2050,21,35,ES1 7 bat,5473.79572421486
mean,2050,21,36,ES1 7 bat,0.0
mean,2050,21,37,ES1 7 bat,0.0
mean,2050,21,38,ES1 7 bat,1.279713084817076
mean,2050,21,39,ES1 7 bat,0.0
mean,2050,21,40,ES1 7 bat,0.0
mean,2050,21,41,ES1 7 bat,0.0
mean,2050,21,42,ES1 7 bat,0.0
mean,2050,21,43,ES1 7 bat,0.0
mean,2050,21,44,ES1 7 bat,0.0
mean,2050,21,45,ES1 7 bat,0.0
mean,2050,21,46,ES1 7 bat,0.0
mean,2050,21,47,ES1 7 bat,0.0
mean,2050,21,48,ES1 7 bat,0.0
mean,2050,21,49,ES1 7 bat,0.0
mean,2050,21,50,ES1 7 bat,0.0
mean,2050,21,51,ES1 7 bat,0.0
mean,2050,21,52,ES1 7 bat,0.0
mean,2050,21,53,ES1 7 bat,0.0
mean,2050,21,54,ES1 7 bat,0.0
mean,2050,21,55,ES1 7 bat,0.0
mean,2050,21,56,ES1 7 bat,0.0
mean,2050,21,57,ES1 7 bat,0.04739875678691236
mean,2050,21,58,ES1 7 bat,4528.7115641627925
mean,2050,21,59,ES1 7 bat,0.0
mean,2050,21,60,ES1 7 bat,0.0
mean,2050,21,61,ES1 7 bat,511.7653428732392
mean,2050,21,62,ES1 7 bat,0.0
mean,2050,21,63,ES1 7 bat,4056.9938378071065
mean,2050,21,64,ES1 7 bat,0.0
mean,2050,21,65,ES1 7 bat,0.0
mean,2050,21,66,ES1 7 bat,0.0
mean,2050,21,67,ES1 7 bat,0.0
mean,2050,21,68,ES1 7 bat,0.0
mean,2050,21,69,ES1 7 bat,0.0
mean,2050,21,70,ES1 7 bat,0.0
mean,2050,21,71,ES1 7 bat,0.0
mean,2050,21,72,ES1 7 bat,0.0
mean,2050,21,73,ES1 7 bat,0.0
mean,2050,21,74,ES1 7 bat,0.0
mean,2050,21,75,ES1 7 bat,0.0
mean,2050,21,76,ES1 7 bat,0.0
mean,2050,21,77,ES1 7 bat,0.0
mean,2050,21,78,ES1 7 bat,0.0
mean,2050,21,79,ES1 7 bat,0.0
mean,2050,21,80,ES1 7 bat,0.0
mean,2050,21,81,ES1 7 bat,0.04739875678691236
mean,2050,21,82,ES1 7 bat,0.04739875678691236
mean,2050,21,83,ES1 7 bat,0.04739875678691236
mean,2050,21,84,ES1 7 bat,9096.247258764468
mean,2050,21,85,ES1 7 bat,0.0
mean,2050,21,86,ES1 7 bat,0.0
mean,2050,21,87,ES1 7 bat,1.279713084817076
mean,2050,21,88,ES1 7 bat,0.0
mean,2050,21,89,ES1 7 bat,0.0
mean,2050,21,90,ES1 7 bat,0.0
mean,2050,21,91,ES1 7 bat,0.0
mean,2050,21,92,ES1 7 bat,0.0
mean,2050,21,93,ES1 7 bat,0.0
mean,2050,21,94,ES1 7 bat,0.0
mean,2050,21,95,ES1 7 bat,0.0
mean,2050,21,96,ES1 7 bat,0.0
mean,2050,21,97,ES1 7 bat,0.0
mean,2050,21,98,ES1 7 bat,0.0
mean,2050,21,99,ES1 7 bat,0.0
mean,2050,21,100,ES1 7 bat,0.0
mean,2050,21,101,ES1 7 bat,0.0
mean,2050,21,102,ES1 7 bat,0.0
mean,2050,21,103,ES1 7 bat,0.0
mean,2050,21,104,ES1 7 bat,0.04739875678691236
mean,2050,21,105,ES1 7 bat,598.0977990379365
mean,2050,21,106,ES1 7 bat,0.0
mean,2050,21,107,ES1 7 bat,0.0
mean,2050,21,108,ES1 7 bat,0.0
mean,2050,21,109,ES1 7 bat,0.0
mean,2050,21,110,ES1 7 bat,0.0
mean,2050,21,111,ES1 7 bat,8498.583391330496
mean,2050,21,112,ES1 7 bat,0.0
mean,2050,21,113,ES1 7 bat,0.0
mean,2050,21,114,ES1 7 bat,0.0
mean,2050,21,115,ES1 7 bat,0.0
mean,2050,21,116,ES1 7 bat,0.0
mean,2050,21,117,ES1 7 bat,0.0
mean,2050,21,118,ES1 7 bat,0.0
mean,2050,21,119,ES1 7 bat,0.0
mean,2050,21,120,ES1 7 bat,0.0
mean,2050,21,121,ES1 7 bat,0.0
mean,2050,21,122,ES1 7 bat,0.0
mean,2050,21,123,ES1 7 bat,0.0
mean,2050,21,124,ES1 7 bat,0.0
mean,2050,21,125,ES1 7 bat,0.0
mean,2050,21,126,ES1 7 bat,0.0
mean,2050,21,127,ES1 7 bat,0.0
mean,2050,21,128,ES1 7 bat,0.04739875678691236
mean,2050,21,129,ES1 7 bat,0.09479948955129434
mean,2050,21,130,ES1 7 bat,0.0
mean,2050,21,131,ES1 7 bat,9096.247258764468
mean,2050,21,132,ES1 7 bat,0.0
mean,2050,21,133,ES1 7 bat,0.0
mean,2050,21,134,ES1 7 bat,0.0
mean,2050,21,135,ES1 7 bat,0.0
mean,2050,21,136,ES1 7 bat,2.1327662322563605
mean,2050,21,137,ES1 7 bat,0.0
mean,2050,21,138,ES1 7 bat,0.0
mean,2050,21,139,ES1 7 bat,0.0
mean,2050,21,140,ES1 7 bat,0.0
mean,2050,21,141,ES1 7 bat,0.0
mean,2050,21,142,ES1 7 bat,0.0
mean,2050,21,143,ES1 7 bat,0.0
mean,2050,21,144,ES1 7 bat,0.0
mean,2050,21,145,ES1 7 bat,0.0
mean,2050,21,146,ES1 7 bat,0.0
mean,2050,21,147,ES1 7 bat,0.0
mean,2050,21,148,ES1 7 bat,0.0
mean,2050,21,149,ES1 7 bat,0.0
mean,2050,21,150,ES1 7 bat,0.0
mean,2050,21,151,ES1 7 bat,0.0
mean,2050,21,152,ES1 7 bat,0.04739875678691236
mean,2050,21,153,ES1 7 bat,0.04739875678691236
mean,2050,21,154,ES1 7 bat,0.18960688334192705
mean,2050,21,155,ES1 7 bat,0.0
mean,2050,21,156,ES1 7 bat,0.0
mean,2050,21,157,ES1 7 bat,0.0
mean,2050,21,158,ES1 7 bat,1799.0338607306799
mean,2050,21,159,ES1 7 bat,7297.335790500552
mean,2050,21,160,ES1 7 bat,0.0
mean,2050,21,161,ES1 7 bat,0.0
mean,2050,21,162,ES1 7 bat,0.0
mean,2050,21,163,ES1 7 bat,0.0
mean,2050,21,164,ES1 7 bat,0.0
mean,2050,21,165,ES1 7 bat,0.0
mean,2050,21,166,ES1 7 bat,0.0
mean,2050,21,167,ES1 7 bat,0.0
mean,2050,42,0,ES1 7 bat,0.0
mean,2050,42,1,ES1 7 bat,0.047398756786680346
mean,2050,42,2,ES1 7 bat,0.04739875678691236
mean,2050,42,3,ES1 7 bat,0.04739875678691236
mean,2050,42,4,ES1 7 bat,0.18960688334118458
mean,2050,42,5,ES1 7 bat,0.0
mean,2050,42,6,ES1 7 bat,0.0
mean,2050,42,7,ES1 7 bat,0.0
mean,2050,42,8,ES1 7 bat,0.04739875678691236
mean,2050,42,9,ES1 7 bat,0.04739875678691236
mean,2050,42,10,ES1 7 bat,0.09479948955129434
mean,2050,42,11,ES1 7 bat,0.0
mean,2050,42,12,ES1 7 bat,2863.581693915442
mean,2050,42,13,ES1 7 bat,4271.541261056795
mean,2050,42,14,ES1 7 bat,0.0
mean,2050,42,15,ES1 7 bat,1961.980717644573
mean,2050,42,16,ES1 7 bat,0.0
mean,2050,42,17,ES1 7 bat,0.0
mean,2050,42,18,ES1 7 bat,0.0
mean,2050,42,19,ES1 7 bat,0.0
mean,2050,42,20,ES1 7 bat,0.0
mean,2050,42,21,ES1 7 bat,0.0
mean,2050,42,22,ES1 7 bat,0.0
mean,2050,42,23,ES1 7 bat,0.04739875678714437
mean,2050,42,24,ES1 7 bat,0.04739875678691236
mean,2050,42,25,ES1 7 bat,0.04739875678691236
mean,2050,42,26,ES1 7 bat,0.04739875678691236
mean,2050,42,27,ES1 7 bat,0.04739875678691236
mean,2050,42,28,ES1 7 bat,0.04739875678691236
mean,2050,42,29,ES1 7 bat,0.09479948955129434
mean,2050,42,30,ES1 7 bat,0.0
mean,2050,42,31,ES1 7 bat,0.04739875678691236
mean,2050,42,32,ES1 7 bat,0.04739875678691236
mean,2050,42,33,ES1 7 bat,0.04739875678691236
mean,2050,42,34,ES1 7 bat,0.04739875678691236
mean,2050,42,35,ES1 7 bat,0.04739875678691236
mean,2050,42,36,ES1 7 bat,0.995788957381397
mean,2050,42,37,ES1 7 bat,0.0
mean,2050,42,38,ES1 7 bat,0.0
mean,2050,42,39,ES1 7 bat,0.0
mean,2050,42,40,ES1 7 bat,0.0
mean,2050,42,41,ES1 7 bat,0.0
mean,2050,42,42,ES1 7 bat,0.0
mean,2050,42,43,ES1 7 bat,0.0
mean,2050,42,44,ES1 7 bat,0.0
mean,2050,42,45,ES1 7 bat,0.0
mean,2050,42,46,ES1 7 bat,0.0
mean,2050,42,47,ES1 7 bat,0.0
mean,2050,42,48,ES1 7 bat,0.0
mean,2050,42,49,ES1 7 bat,0.0
mean,2050,42,50,ES1 7 bat,0.0
mean,2050,42,51,ES1 7 bat,0.0
mean,2050,42,52,ES1 7 bat,0.0
mean,2050,42,53,ES1 7 bat,0.0
mean,2050,42,54,ES1 7 bat,0.0
mean,2050,42,55,ES1 7 bat,0.0
mean,2050,42,56,ES1 7 bat,0.0
mean,2050,42,57,ES1 7 bat,0.09479948955129434
mean,2050,42,58,ES1 7 bat,0.0
mean,2050,42,59,ES1 7 bat,1087.3631078979124
mean,2050,42,60,ES1 7 bat,4369.225494302018
mean,2050,42,61,ES1 7 bat,3640.0262416526643
mean,2050,42,62,ES1 7 bat,0.4265888110815152
mean,2050,42,63,ES1 7 bat,0.4265888110815152
mean,2050,42,64,ES1 7 bat,0.0
mean,2050,42,65,ES1 7 bat,0.0
mean,2050,42,66,ES1 7 bat,0.0
mean,2050,42,67,ES1 7 bat,0.0
mean,2050,42,68,ES1 7 bat,0.0
mean,2050,42,69,ES1 7 bat,0.0
mean,2050,42,70,ES1 7 bat,0.0
mean,2050,42,71,ES1 7 bat,0.0
mean,2050,42,72,ES1 7 bat,0.0
mean,2050,42,73,ES1 7 bat,0.0
mean,2050,42,74,ES1 7 bat,0.0
mean,2050,42,75,ES1 7 bat,0.0
mean,2050,42,76,ES1 7 bat,0.0
mean,2050,42,77,ES1 7 bat,0.0
mean,2050,42,78,ES1 7 bat,0.0
mean,2050,42,79,ES1 7 bat,0.0
mean,2050,42,80,ES1 7 bat,0.0
mean,2050,42,81,ES1 7 bat,2090.7405764518176
mean,2050,42,82,ES1 7 bat,0.0
mean,2050,42,83,ES1 7 bat,611.691524106921
mean,2050,42,84,ES1 7 bat,4035.6592002678494
mean,2050,42,85,ES1 7 bat,0.0
mean,2050,42,86,ES1 7 bat,2359.2416196399895
mean,2050,42,87,ES1 7 bat,0.0
mean,2050,42,88,ES1 7 bat,0.0
mean,2050,42,89,ES1 7 bat,0.0
mean,2050,42,90,ES1 7 bat,0.0
mean,2050,42,91,ES1 7 bat,0.0
mean,2050,42,92,ES1 7 bat,0.0
mean,2050,42,93,ES1 7 bat,0.0
mean,2050,42,94,ES1 7 bat,0.0
mean,2050,42,95,ES1 7 bat,0.0
mean,2050,42,96,ES1 7 bat,0.0
mean,2050,42,97,ES1 7 bat,0.0
mean,2050,42,98,ES1 7 bat,0.0
mean,2050,42,99,ES1 7 bat,0.0
mean,2050,42,100,ES1 7 bat,0.0
mean,2050,42,101,ES1 7 bat,0.0
mean,2050,42,102,ES1 7 bat,0.0
mean,2050,42,103,ES1 7 bat,0.04739875678691236
mean,2050,42,104,ES1 7 bat,0.04739875678691236
mean,2050,42,105,ES1 7 bat,0.09479948955129434
mean,2050,42,106,ES1 7 bat,0.0
mean,2050,42,107,ES1 7 bat,1616.608049984262
mean,2050,42,108,ES1 7 bat,1686.3984444789567
mean,2050,42,109,ES1 7 bat,0.0
mean,2050,42,110,ES1 7 bat,0.0
mean,2050,42,111,ES1 7 bat,0.0
mean,2050,42,112,ES1 7 bat,0.0
mean,2050,42,113,ES1 7 bat,0.0
mean,2050,42,114,ES1 7 bat,0.0
mean,2050,42,115,ES1 7 bat,0.0
mean,2050,42,116,ES1 7 bat,0.0
mean,2050,42,117,ES1 7 bat,0.0
mean,2050,42,118,ES1 7 bat,0.0
mean,2050,42,119,ES1 7 bat,0.0
mean,2050,42,120,ES1 7 bat,0.0
mean,2050,42,121,ES1 7 bat,0.0
mean,2050,42,122,ES1 7 bat,0.0
mean,2050,42,123,ES1 7 bat,0.0
mean,2050,42,124,ES1 7 bat,0.0
mean,2050,42,125,ES1 7 bat,0.0
mean,2050,42,126,ES1 7 bat,0.0
mean,2050,42,127,ES1 7 bat,0.0
mean,2050,42,128,ES1 7 bat,0.0
mean,2050,42,129,ES1 7 bat,0.0
mean,2050,42,130,ES1 7 bat,3797.648760319203
mean,2050,42,131,ES1 7 bat,0.0
mean,2050,42,132,ES1 7 bat,0.0
mean,2050,42,133,ES1 7 bat,2000.8064730997553
mean,2050,42,134,ES1 7 bat,0.4265888110815152
mean,2050,42,135,ES1 7 bat,0.0
mean,2050,42,136,ES1 7 bat,0.0
mean,2050,42,137,ES1 7 bat,0.0
mean,2050,42,138,ES1 7 bat,0.0
mean,2050,42,139,ES1 7 bat,0.0
mean,2050,42,140,ES1 7 bat,0.0
mean,2050,42,141,ES1 7 bat,0.0
mean,2050,42,142,ES1 7 bat,0.0
mean,2050,42,143,ES1 7 bat,0.0
mean,2050,42,144,ES1 7 bat,0.0
mean,2050,42,145,ES1 7 bat,0.0
mean,2050,42,146,ES1 7 bat,0.0
mean,2050,42,147,ES1 7 bat,0.0
mean,2050,42,148,ES1 7 bat,0.0
mean,2050,42,149,ES1 7 bat,0.0
mean,2050,42,150,ES1 7 bat,0.0
mean,2050,42,151,ES1 7 bat,0.0
mean,2050,42,152,ES1 7 bat,0.0
mean,2050,42,153,ES1 7 bat,0.04739875678691236
mean,2050,42,154,ES1 7 bat,0.04739875678691236
mean,2050,42,155,ES1 7 bat,0.14220219837551093
mean,2050,42,156,ES1 7 bat,0.0
mean,2050,42,157,ES1 7 bat,0.0
mean,2050,42,158,ES1 7 bat,9096.247258764468
mean,2050,42,159,ES1 7 bat,0.4265888110815152
mean,2050,42,160,ES1 7 bat,0.0
mean,2050,42,161,ES1 7 bat,0.0
mean,2050,42,162,ES1 7 bat,0.0
mean,2050,42,163,ES1 7 bat,0.0
mean,2050,42,164,ES1 7 bat,0.0
mean,2050,42,165,ES1 7 bat,0.0
mean,2050,42,166,ES1 7 bat,0.0
mean,2050,42,167,ES1 7 bat,0.0
mean,2050,52,0,ES1 7 bat,0.0
mean,2050,52,1,ES1 7 bat,0.04739875678691236
mean,2050,52,2,ES1 7 bat,0.04739875678691236
mean,2050,52,3,ES1 7 bat,0.04739875678691236
mean,2050,52,4,ES1 7 bat,0.04739875678691236
mean,2050,52,5,ES1 7 bat,0.14220219837551093
mean,2050,52,6,ES1 7 bat,0.0
mean,2050,52,7,ES1 7 bat,0.0
mean,2050,52,8,ES1 7 bat,0.04739875678691236
mean,2050,52,9,ES1 7 bat,0.04739875678691236
mean,2050,52,10,ES1 7 bat,0.14220219837551093
mean,2050,52,11,ES1 7 bat,0.0
mean,2050,52,12,ES1 7 bat,0.0
mean,2050,52,13,ES1 7 bat,3.227620869408931
mean,2050,52,14,ES1 7 bat,0.0
mean,2050,52,15,ES1 7 bat,0.0
mean,2050,52,16,ES1 7 bat,0.0
mean,2050,52,17,ES1 7 bat,0.0
mean,2050,52,18,ES1 7 bat,0.0
mean,2050,52,19,ES1 7 bat,0.0
mean,2050,52,20,ES1 7 bat,0.0
mean,2050,52,21,ES1 7 bat,0.0
mean,2050,52,22,ES1 7 bat,0.0
mean,2050,52,23,ES1 7 bat,0.0
mean,2050,52,24,ES1 7 bat,0.0
mean,2050,52,25,ES1 7 bat,0.0
mean,2050,52,26,ES1 7 bat,0.0
mean,2050,52,27,ES1 7 bat,0.0
mean,2050,52,28,ES1 7 bat,0.0
mean,2050,52,29,ES1 7 bat,0.0
mean,2050,52,30,ES1 7 bat,0.0
mean,2050,52,31,ES1 7 bat,0.0
mean,2050,52,32,ES1 7 bat,0.0
mean,2050,52,33,ES1 7 bat,0.0
mean,2050,52,34,ES1 7 bat,0.0
mean,2050,52,35,ES1 7 bat,0.0
mean,2050,52,36,ES1 7 bat,0.0
mean,2050,52,37,ES1 7 bat,0.0
mean,2050,52,38,ES1 7 bat,0.0
mean,2050,52,39,ES1 7 bat,0.0
mean,2050,52,40,ES1 7 bat,0.0
mean,2050,52,41,ES1 7 bat,0.0
mean,2050,52,42,ES1 7 bat,0.0
mean,2050,52,43,ES1 7 bat,0.0
mean,2050,52,44,ES1 7 bat,0.0
mean,2050,52,45,ES1 7 bat,0.0
mean,2050,52,46,ES1 7 bat,0.0
mean,2050,52,47,ES1 7 bat,0.0
mean,2050,52,48,ES1 7 bat,0.0
mean,2050,52,49,ES1 7 bat,0.0
mean,2050,52,50,ES1 7 bat,0.0
mean,2050,52,51,ES1 7 bat,0.0
mean,2050,52,52,ES1 7 bat,0.0
mean,2050,52,53,ES1 7 bat,0.0
mean,2050,52,54,ES1 7 bat,0.0
mean,2050,52,55,ES1 7 bat,0.0
mean,2050,52,56,ES1 7 bat,0.0
mean,2050,52,57,ES1 7 bat,0.0
mean,2050,52,58,ES1 7 bat,0.0
mean,2050,52,59,ES1 7 bat,0.0
mean,2050,52,60,ES1 7 bat,0.0
mean,2050,52,61,ES1 7 bat,0.0
mean,2050,52,62,ES1 7 bat,0.0
mean,2050,52,63,ES1 7 bat,0.0
mean,2050,52,64,ES1 7 bat,0.0
mean,2050,52,65,ES1 7 bat,0.0
mean,2050,52,66,ES1 7 bat,0.0
mean,2050,52,67,ES1 7 bat,0.0
mean,2050,52,68,ES1 7 bat,0.0
mean,2050,52,69,ES1 7 bat,0.0
mean,2050,52,70,ES1 7 bat,0.0
mean,2050,52,71,ES1 7 bat,0.0
mean,2050,52,72,ES1 7 bat,0.0
mean,2050,52,73,ES1 7 bat,0.0
mean,2050,52,74,ES1 7 bat,0.0
mean,2050,52,75,ES1 7 bat,0.0
mean,2050,52,76,ES1 7 bat,0.0
mean,2050,52,77,ES1 7 bat,0.0
mean,2050,52,78,ES1 7 bat,0.0
mean,2050,52,79,ES1 7 bat,0.0
mean,2050,52,80,ES1 7 bat,0.0
mean,2050,52,81,ES1 7 bat,0.04739875678691236
mean,2050,52,82,ES1 7 bat,0.04739875678691236
mean,2050,52,83,ES1 7 bat,0.04739875678691236
mean,2050,52,84,ES1 7 bat,9096.247258764468
mean,2050,52,85,ES1 7 bat,0.0
mean,2050,52,86,ES1 7 bat,0.8531598391063923
mean,2050,52,87,ES1 7 bat,0.0
mean,2050,52,88,ES1 7 bat,0.0
mean,2050,52,89,ES1 7 bat,0.0
mean,2050,52,90,ES1 7 bat,0.0
mean,2050,52,91,ES1 7 bat,0.0
mean,2050,52,92,ES1 7 bat,0.0
mean,2050,52,93,ES1 7 bat,0.0
mean,2050,52,94,ES1 7 bat,0.0
mean,2050,52,95,ES1 7 bat,0.0
mean,2050,52,96,ES1 7 bat,0.0
mean,2050,52,97,ES1 7 bat,0.0
mean,2050,52,98,ES1 7 bat,0.0
mean,2050,52,99,ES1 7 bat,0.0
mean,2050,52,100,ES1 7 bat,0.0
mean,2050,52,101,ES1 7 bat,0.0
mean,2050,52,102,ES1 7 bat,0.0
mean,2050,52,103,ES1 7 bat,0.0
mean,2050,52,104,ES1 7 bat,0.0
mean,2050,52,105,ES1 7 bat,0.0
mean,2050,52,106,ES1 7 bat,0.0
mean,2050,52,107,ES1 7 bat,0.0
mean,2050,52,108,ES1 7 bat,0.0
mean,2050,52,109,ES1 7 bat,0.0
mean,2050,52,110,ES1 7 bat,0.0
mean,2050,52,111,ES1 7 bat,0.0
mean,2050,52,112,ES1 7 bat,0.0
mean,2050,52,113,ES1 7 bat,0.0
mean,2050,52,114,ES1 7 bat,0.0
mean,2050,52,115,ES1 7 bat,0.0
mean,2050,52,116,ES1 7 bat,0.0
mean,2050,52,117,ES1 7 bat,0.0
mean,2050,52,118,ES1 7 bat,0.0
mean,2050,52,119,ES1 7 bat,0.0
mean,2050,52,120,ES1 7 bat,0.0
mean,2050,52,121,ES1 7 bat,0.0
mean,2050,52,122,ES1 7 bat,0.0
mean,2050,52,123,ES1 7 bat,0.0
mean,2050,52,124,ES1 7 bat,0.0
mean,2050,52,125,ES1 7 bat,0.0
mean,2050,52,126,ES1 7 bat,0.0
mean,2050,52,127,ES1 7 bat,0.0
mean,2050,52,128,ES1 7 bat,0.0
mean,2050,52,129,ES1 7 bat,0.04739875678691236
mean,2050,52,130,ES1 7 bat,7463.774206188713
mean,2050,52,131,ES1 7 bat,0.0
mean,2050,52,132,ES1 7 bat,0.0
mean,2050,52,133,ES1 7 bat,0.0
mean,2050,52,134,ES1 7 bat,0.0
mean,2050,52,135,ES1 7 bat,1634.2655855525918
mean,2050,52,136,ES1 7 bat,0.0
mean,2050,52,137,ES1 7 bat,0.0
mean,2050,52,138,ES1 7 bat,0.0
mean,2050,52,139,ES1 7 bat,0.0
mean,2050,52,140,ES1 7 bat,0.0
mean,2050,52,141,ES1 7 bat,0.0
mean,2050,52,142,ES1 7 bat,0.0
mean,2050,52,143,ES1 7 bat,0.0
mean,2050,52,144,ES1 7 bat,0.0
mean,2050,52,145,ES1 7 bat,0.0
mean,2050,52,146,ES1 7 bat,0.0
mean,2050,52,147,ES1 7 bat,0.0
mean,2050,52,148,ES1 7 bat,0.0
mean,2050,52,149,ES1 7 bat,0.0
mean,2050,52,150,ES1 7 bat,0.0
mean,2050,52,151,ES1 7 bat,0.0
mean,2050,52,152,ES1 7 bat,0.0
mean,2050,52,153,ES1 7 bat,0.04739875678691236
mean,2050,52,154,ES1 7 bat,0.04739875678691236
mean,2050,52,155,ES1 7 bat,9096.247258764468
mean,2050,52,156,ES1 7 bat,0.0
mean,2050,52,157,ES1 7 bat,0.0
mean,2050,52,158,ES1 7 bat,0.0
mean,2050,52,159,ES1 7 bat,1.7062485489522985
mean,2050,52,160,ES1 7 bat,0.0
mean,2050,52,161,ES1 7 bat,0.0
mean,2050,52,162,ES1 7 bat,0.0
mean,2050,52,163,ES1 7 bat,0.0
mean,2050,52,164,ES1 7 bat,0.0
mean,2050,52,165,ES1 7 bat,0.0
mean,2050,52,166,ES1 7 bat,0.0
mean,2050,52,167,ES1 7 bat,0.0
mean,2025,11,0,ES1 8 bat,0.0
mean,2025,11,1,ES1 8 bat,0.0
mean,2025,11,2,ES1 8 bat,0.0
mean,2025,11,3,ES1 8 bat,0.0
mean,2025,11,4,ES1 8 bat,0.0
mean,2025,11,5,ES1 8 bat,0.0
mean,2025,11,6,ES1 8 bat,0.0
mean,2025,11,7,ES1 8 bat,0.0
mean,2025,11,8,ES1 8 bat,0.0
mean,2025,11,9,ES1 8 bat,0.0
mean,2025,11,10,ES1 8 bat,0.0
mean,2025,11,11,ES1 8 bat,0.0
mean,2025,11,12,ES1 8 bat,0.0
mean,2025,11,13,ES1 8 bat,0.0
mean,2025,11,14,ES1 8 bat,0.0
mean,2025,11,15,ES1 8 bat,0.0
mean,2025,11,16,ES1 8 bat,0.0
mean,2025,11,17,ES1 8 bat,0.0
mean,2025,11,18,ES1 8 bat,0.0
mean,2025,11,19,ES1 8 bat,0.0
mean,2025,11,20,ES1 8 bat,0.0
mean,2025,11,21,ES1 8 bat,0.0
mean,2025,11,22,ES1 8 bat,0.0
mean,2025,11,23,ES1 8 bat,0.0
mean,2025,11,24,ES1 8 bat,0.0
mean,2025,11,25,ES1 8 bat,0.0
mean,2025,11,26,ES1 8 bat,0.0
mean,2025,11,27,ES1 8 bat,0.0
mean,2025,11,28,ES1 8 bat,0.0
mean,2025,11,29,ES1 8 bat,0.0
mean,2025,11,30,ES1 8 bat,0.0
mean,2025,11,31,ES1 8 bat,0.0
mean,2025,11,32,ES1 8 bat,0.0
mean,2025,11,33,ES1 8 bat,0.0
mean,2025,11,34,ES1 8 bat,0.0
mean,2025,11,35,ES1 8 bat,0.0
mean,2025,11,36,ES1 8 bat,0.0
mean,2025,11,37,ES1 8 bat,0.0
mean,2025,11,38,ES1 8 bat,0.0
mean,2025,11,39,ES1 8 bat,0.0
mean,2025,11,40,ES1 8 bat,0.0
mean,2025,11,41,ES1 8 bat,0.0
mean,2025,11,42,ES1 8 bat,0.0
mean,2025,11,43,ES1 8 bat,0.0
mean,2025,11,44,ES1 8 bat,0.0
mean,2025,11,45,ES1 8 bat,0.0
mean,2025,11,46,ES1 8 bat,0.0
mean,2025,11,47,ES1 8 bat,0.0
mean,2025,11,48,ES1 8 bat,0.0
mean,2025,11,49,ES1 8 bat,0.0
mean,2025,11,50,ES1 8 bat,0.0
mean,2025,11,51,ES1 8 bat,0.0
mean,2025,11,52,ES1 8 bat,0.0
mean,2025,11,53,ES1 8 bat,0.0
mean,2025,11,54,ES1 8 bat,0.0
mean,2025,11,55,ES1 8 bat,0.0
mean,2025,11,56,ES1 8 bat,0.0
mean,2025,11,57,ES1 8 bat,0.0
mean,2025,11,58,ES1 8 bat,0.0
mean,2025,11,59,ES1 8 bat,0.0
mean,2025,11,60,ES1 8 bat,0.0
mean,2025,11,61,ES1 8 bat,0.0
mean,2025,11,62,ES1 8 bat,0.0
mean,2025,11,63,ES1 8 bat,0.0
mean,2025,11,64,ES1 8 bat,0.0
mean,2025,11,65,ES1 8 bat,0.0
mean,2025,11,66,ES1 8 bat,0.0
mean,2025,11,67,ES1 8 bat,0.0
mean,2025,11,68,ES1 8 bat,0.0
mean,2025,11,69,ES1 8 bat,0.0
mean,2025,11,70,ES1 8 bat,0.0
mean,2025,11,71,ES1 8 bat,0.0
mean,2025,11,72,ES1 8 bat,0.0
mean,2025,11,73,ES1 8 bat,0.0
mean,2025,11,74,ES1 8 bat,0.0
mean,2025,11,75,ES1 8 bat,0.0
mean,2025,11,76,ES1 8 bat,0.0
mean,2025,11,77,ES1 8 bat,0.0
mean,2025,11,78,ES1 8 bat,0.0
mean,2025,11,79,ES1 8 bat,0.0
mean,2025,11,80,ES1 8 bat,0.0
mean,2025,11,81,ES1 8 bat,0.0
mean,2025,11,82,ES1 8 bat,0.0
mean,2025,11,83,ES1 8 bat,0.0
mean,2025,11,84,ES1 8 bat,0.0
mean,2025,11,85,ES1 8 bat,0.0
mean,2025,11,86,ES1 8 bat,0.0
mean,2025,11,87,ES1 8 bat,0.0
mean,2025,11,88,ES1 8 bat,0.0
mean,2025,11,89,ES1 8 bat,0.0
mean,2025,11,90,ES1 8 bat,0.0
mean,2025,11,91,ES1 8 bat,0.0
mean,2025,11,92,ES1 8 bat,0.0
mean,2025,11,93,ES1 8 bat,0.0
mean,2025,11,94,ES1 8 bat,0.0
mean,2025,11,95,ES1 8 bat,0.0
mean,2025,11,96,ES1 8 bat,0.0
mean,2025,11,97,ES1 8 bat,0.0
mean,2025,11,98,ES1 8 bat,0.0
mean,2025,11,99,ES1 8 bat,0.0
mean,2025,11,100,ES1 8 bat,0.0
mean,2025,11,101,ES1 8 bat,0.0
mean,2025,11,102,ES1 8 bat,0.0
mean,2025,11,103,ES1 8 bat,0.0
mean,2025,11,104,ES1 8 bat,0.0
mean,2025,11,105,ES1 8 bat,0.0
mean,2025,11,106,ES1 8 bat,0.0
mean,2025,11,107,ES1 8 bat,0.0
mean,2025,11,108,ES1 8 bat,0.0
mean,2025,11,109,ES1 8 bat,0.0
mean,2025,11,110,ES1 8 bat,0.0
mean,2025,11,111,ES1 8 bat,0.0
mean,2025,11,112,ES1 8 bat,0.0
mean,2025,11,113,ES1 8 bat,0.0
mean,2025,11,114,ES1 8 bat,0.0
mean,2025,11,115,ES1 8 bat,0.0
mean,2025,11,116,ES1 8 bat,0.0
mean,2025,11,117,ES1 8 bat,0.0
mean,2025,11,118,ES1 8 bat,0.0
mean,2025,11,119,ES1 8 bat,0.0
mean,2025,11,120,ES1 8 bat,0.0
mean,2025,11,121,ES1 8 bat,0.0
mean,2025,11,122,ES1 8 bat,0.0
mean,2025,11,123,ES1 8 bat,0.0
mean,2025,11,124,ES1 8 bat,0.0
mean,2025,11,125,ES1 8 bat,0.0
mean,2025,11,126,ES1 8 bat,0.0
mean,2025,11,127,ES1 8 bat,0.0
mean,2025,11,128,ES1 8 bat,0.0
mean,2025,11,129,ES1 8 bat,0.0
mean,2025,11,130,ES1 8 bat,0.0
mean,2025,11,131,ES1 8 bat,0.0
mean,2025,11,132,ES1 8 bat,0.0
mean,2025,11,133,ES1 8 bat,0.0
mean,2025,11,134,ES1 8 bat,0.0
mean,2025,11,135,ES1 8 bat,0.0
mean,2025,11,136,ES1 8 bat,0.0
mean,2025,11,137,ES1 8 bat,0.0
mean,2025,11,138,ES1 8 bat,0.0
mean,2025,11,139,ES1 8 bat,0.0
mean,2025,11,140,ES1 8 bat,0.0
mean,2025,11,141,ES1 8 bat,0.0
mean,2025,11,142,ES1 8 bat,0.0
mean,2025,11,143,ES1 8 bat,0.0
mean,2025,11,144,ES1 8 bat,0.0
mean,2025,11,145,ES1 8 bat,0.0
mean,2025,11,146,ES1 8 bat,0.0
mean,2025,11,147,ES1 8 bat,0.0
mean,2025,11,148,ES1 8 bat,0.0
mean,2025,11,149,ES1 8 bat,0.0
mean,2025,11,150,ES1 8 bat,0.0
mean,2025,11,151,ES1 8 bat,0.0
mean,2025,11,152,ES1 8 bat,0.0
mean,2025,11,153,ES1 8 bat,0.0
mean,2025,11,154,ES1 8 bat,0.0
mean,2025,11,155,ES1 8 bat,0.0
mean,2025,11,156,ES1 8 bat,0.0
mean,2025,11,157,ES1 8 bat,0.0
mean,2025,11,158,ES1 8 bat,0.0
mean,2025,11,159,ES1 8 bat,0.0
mean,2025,11,160,ES1 8 bat,0.0
mean,2025,11,161,ES1 8 bat,0.0
mean,2025,11,162,ES1 8 bat,0.0
mean,2025,11,163,ES1 8 bat,0.0
mean,2025,11,164,ES1 8 bat,0.0
mean,2025,11,165,ES1 8 bat,0.0
mean,2025,11,166,ES1 8 bat,0.0
mean,2025,11,167,ES1 8 bat,0.0
mean,2025,21,0,ES1 8 bat,0.0
mean,2025,21,1,ES1 8 bat,0.0
mean,2025,21,2,ES1 8 bat,0.0
mean,2025,21,3,ES1 8 bat,0.0
mean,2025,21,4,ES1 8 bat,0.0
mean,2025,21,5,ES1 8 bat,0.0
mean,2025,21,6,ES1 8 bat,0.0
mean,2025,21,7,ES1 8 bat,0.0
mean,2025,21,8,ES1 8 bat,0.0
mean,2025,21,9,ES1 8 bat,0.0
mean,2025,21,10,ES1 8 bat,0.0
mean,2025,21,11,ES1 8 bat,0.0
mean,2025,21,12,ES1 8 bat,0.0
mean,2025,21,13,ES1 8 bat,0.0
mean,2025,21,14,ES1 8 bat,0.0
mean,2025,21,15,ES1 8 bat,0.0
mean,2025,21,16,ES1 8 bat,0.0
mean,2025,21,17,ES1 8 bat,0.0
mean,2025,21,18,ES1 8 bat,0.0
mean,2025,21,19,ES1 8 bat,0.0
mean,2025,21,20,ES1 8 bat,0.0
mean,2025,21,21,ES1 8 bat,0.0
mean,2025,21,22,ES1 8 bat,0.0
mean,2025,21,23,ES1 8 bat,0.0
mean,2025,21,24,ES1 8 bat,0.0
mean,2025,21,25,ES1 8 bat,0.0
mean,2025,21,26,ES1 8 bat,0.0
mean,2025,21,27,ES1 8 bat,0.0
mean,2025,21,28,ES1 8 bat,0.0
mean,2025,21,29,ES1 8 bat,0.0
mean,2025,21,30,ES1 8 bat,0.0
mean,2025,21,31,ES1 8 bat,0.0
mean,2025,21,32,ES1 8 bat,0.0
mean,2025,21,33,ES1 8 bat,0.0
mean,2025,21,34,ES1 8 bat,0.0
mean,2025,21,35,ES1 8 bat,0.0
mean,2025,21,36,ES1 8 bat,0.0
mean,2025,21,37,ES1 8 bat,0.0
mean,2025,21,38,ES1 8 bat,0.0
mean,2025,21,39,ES1 8 bat,0.0
mean,2025,21,40,ES1 8 bat,0.0
mean,2025,21,41,ES1 8 bat,0.0
mean,2025,21,42,ES1 8 bat,0.0
mean,2025,21,43,ES1 8 bat,0.0
mean,2025,21,44,ES1 8 bat,0.0
mean,2025,21,45,ES1 8 bat,0.0
mean,2025,21,46,ES1 8 bat,0.0
mean,2025,21,47,ES1 8 bat,0.0
mean,2025,21,48,ES1 8 bat,0.0
mean,2025,21,49,ES1 8 bat,0.0
mean,2025,21,50,ES1 8 bat,0.0
mean,2025,21,51,ES1 8 bat,0.0
mean,2025,21,52,ES1 8 bat,0.0
mean,2025,21,53,ES1 8 bat,0.0
mean,2025,21,54,ES1 8 bat,0.0
mean,2025,21,55,ES1 8 bat,0.0
mean,2025,21,56,ES1 8 bat,0.0
mean,2025,21,57,ES1 8 bat,0.0
mean,2025,21,58,ES1 8 bat,0.0
mean,2025,21,59,ES1 8 bat,0.0
mean,2025,21,60,ES1 8 bat,0.0
mean,2025,21,61,ES1 8 bat,0.0
mean,2025,21,62,ES1 8 bat,0.0
mean,2025,21,63,ES1 8 bat,0.0
mean,2025,21,64,ES1 8 bat,0.0
mean,2025,21,65,ES1 8 bat,0.0
mean,2025,21,66,ES1 8 bat,0.0
mean,2025,21,67,ES1 8 bat,0.0
mean,2025,21,68,ES1 8 bat,0.0
mean,2025,21,69,ES1 8 bat,0.0
mean,2025,21,70,ES1 8 bat,0.0
mean,2025,21,71,ES1 8 bat,0.0
mean,2025,21,72,ES1 8 bat,0.0
mean,2025,21,73,ES1 8 bat,0.0
mean,2025,21,74,ES1 8 bat,0.0
mean,2025,21,75,ES1 8 bat,0.0
mean,2025,21,76,ES1 8 bat,0.0
mean,2025,21,77,ES1 8 bat,0.0
mean,2025,21,78,ES1 8 bat,0.0
mean,2025,21,79,ES1 8 bat,0.0
mean,2025,21,80,ES1 8 bat,0.0
mean,2025,21,81,ES1 8 bat,0.0
mean,2025,21,82,ES1 8 bat,0.0
mean,2025,21,83,ES1 8 bat,0.0
mean,2025,21,84,ES1 8 bat,0.0
mean,2025,21,85,ES1 8 bat,0.0
mean,2025,21,86,ES1 8 bat,0.0
mean,2025,21,87,ES1 8 bat,0.0
mean,2025,21,88,ES1 8 bat,0.0
mean,2025,21,89,ES1 8 bat,0.0
mean,2025,21,90,ES1 8 bat,0.0
mean,2025,21,91,ES1 8 bat,0.0
mean,2025,21,92,ES1 8 bat,0.0
mean,2025,21,93,ES1 8 bat,0.0
mean,2025,21,94,ES1 8 bat,0.0
mean,2025,21,95,ES1 8 bat,0.0
mean,2025,21,96,ES1 8 bat,0.0
mean,2025,21,97,ES1 8 bat,0.0
mean,2025,21,98,ES1 8 bat,0.0
mean,2025,21,99,ES1 8 bat,0.0
mean,2025,21,100,ES1 8 bat,0.0
mean,2025,21,101,ES1 8 bat,0.0
mean,2025,21,102,ES1 8 bat,0.0
mean,2025,21,103,ES1 8 bat,0.0
mean,2025,21,104,ES1 8 bat,0.0
mean,2025,21,105,ES1 8 bat,0.0
mean,2025,21,106,ES1 8 bat,0.0
mean,2025,21,107,ES1 8 bat,0.0
mean,2025,21,108,ES1 8 bat,0.0
mean,2025,21,109,ES1 8 bat,0.0
mean,2025,21,110,ES1 8 bat,0.0
mean,2025,21,111,ES1 8 bat,0.0
mean,2025,21,112,ES1 8 bat,0.0
mean,2025,21,113,ES1 8 bat,0.0
mean,2025,21,114,ES1 8 bat,0.0
mean,2025,21,115,ES1 8 bat,0.0
mean,2025,21,116,ES1 8 bat,0.0
mean,2025,21,117,ES1 8 bat,0.0
mean,2025,21,118,ES1 8 bat,0.0
mean,2025,21,119,ES1 8 bat,0.0
mean,2025,21,120,ES1 8 bat,0.0
mean,2025,21,121,ES1 8 bat,0.0
mean,2025,21,122,ES1 8 bat,0.0
mean,2025,21,123,ES1 8 bat,0.0
mean,2025,21,124,ES1 8 bat,0.0
mean,2025,21,125,ES1 8 bat,0.0
mean,2025,21,126,ES1 8 bat,0.0
mean,2025,21,127,ES1 8 bat,0.0
mean,2025,21,128,ES1 8 bat,0.0
mean,2025,21,129,ES1 8 bat,0.0
mean,2025,21,130,ES1 8 bat,0.0
mean,2025,21,131,ES1 8 bat,0.0
mean,2025,21,132,ES1 8 bat,0.0
mean,2025,21,133,ES1 8 bat,0.0
mean,2025,21,134,ES1 8 bat,0.0
mean,2025,21,135,ES1 8 bat,0.0
mean,2025,21,136,ES1 8 bat,0.0
mean,2025,21,137,ES1 8 bat,0.0
mean,2025,21,138,ES1 8 bat,0.0
mean,2025,21,139,ES1 8 bat,0.0
mean,2025,21,140,ES1 8 bat,0.0
mean,2025,21,141,ES1 8 bat,0.0
mean,2025,21,142,ES1 8 bat,0.0
mean,2025,21,143,ES1 8 bat,0.0
mean,2025,21,144,ES1 8 bat,0.0
mean,2025,21,145,ES1 8 bat,0.0
mean,2025,21,146,ES1 8 bat,0.0
mean,2025,21,147,ES1 8 bat,0.0
mean,2025,21,148,ES1 8 bat,0.0
mean,2025,21,149,ES1 8 bat,0.0
mean,2025,21,150,ES1 8 bat,0.0
mean,2025,21,151,ES1 8 bat,0.0
mean,2025,21,152,ES1 8 bat,0.0
mean,2025,21,153,ES1 8 bat,0.0
mean,2025,21,154,ES1 8 bat,0.0
mean,2025,21,155,ES1 8 bat,0.0
mean,2025,21,156,ES1 8 bat,0.0
mean,2025,21,157,ES1 8 bat,0.0
mean,2025,21,158,ES1 8 bat,0.0
mean,2025,21,159,ES1 8 bat,0.0
mean,2025,21,160,ES1 8 bat,0.0
mean,2025,21,161,ES1 8 bat,0.0
mean,2025,21,162,ES1 8 bat,0.0
mean,2025,21,163,ES1 8 bat,0.0
mean,2025,21,164,ES1 8 bat,0.0
mean,2025,21,165,ES1 8 bat,0.0
mean,2025,21,166,ES1 8 bat,0.0
mean,2025,21,167,ES1 8 bat,0.0
mean,2025,42,0,ES1 8 bat,0.0
mean,2025,42,1,ES1 8 bat,0.0
mean,2025,42,2,ES1 8 bat,0.0
mean,2025,42,3,ES1 8 bat,0.0
mean,2025,42,4,ES1 8 bat,0.0
mean,2025,42,5,ES1 8 bat,0.0
mean,2025,42,6,ES1 8 bat,0.0
mean,2025,42,7,ES1 8 bat,0.0
mean,2025,42,8,ES1 8 bat,0.0
mean,2025,42,9,ES1 8 bat,0.0
mean,2025,42,10,ES1 8 bat,0.0
mean,2025,42,11,ES1 8 bat,0.0
mean,2025,42,12,ES1 8 bat,0.0
mean,2025,42,13,ES1 8 bat,0.0
mean,2025,42,14,ES1 8 bat,0.0
mean,2025,42,15,ES1 8 bat,0.0
mean,2025,42,16,ES1 8 bat,0.0
mean,2025,42,17,ES1 8 bat,0.0
mean,2025,42,18,ES1 8 bat,0.0
mean,2025,42,19,ES1 8 bat,0.0
mean,2025,42,20,ES1 8 bat,0.0
mean,2025,42,21,ES1 8 bat,0.0
mean,2025,42,22,ES1 8 bat,0.0
mean,2025,42,23,ES1 8 bat,0.0
mean,2025,42,24,ES1 8 bat,0.0
mean,2025,42,25,ES1 8 bat,0.0
mean,2025,42,26,ES1 8 bat,0.0
mean,2025,42,27,ES1 8 bat,0.0
mean,2025,42,28,ES1 8 bat,0.0
mean,2025,42,29,ES1 8 bat,0.0
mean,2025,42,30,ES1 8 bat,0.0
mean,2025,42,31,ES1 8 bat,0.0
mean,2025,42,32,ES1 8 bat,0.0
mean,2025,42,33,ES1 8 bat,0.0
mean,2025,42,34,ES1 8 bat,0.0
mean,2025,42,35,ES1 8 bat,0.0
mean,2025,42,36,ES1 8 bat,0.0
mean,2025,42,37,ES1 8 bat,0.0
mean,2025,42,38,ES1 8 bat,0.0
mean,2025,42,39,ES1 8 bat,0.0
mean,2025,42,40,ES1 8 bat,0.0
mean,2025,42,41,ES1 8 bat,0.0
mean,2025,42,42,ES1 8 bat,0.0
mean,2025,42,43,ES1 8 bat,0.0
mean,2025,42,44,ES1 8 bat,0.0
mean,2025,42,45,ES1 8 bat,0.0
mean,2025,42,46,ES1 8 bat,0.0
mean,2025,42,47,ES1 8 bat,0.0
mean,2025,42,48,ES1 8 bat,0.0
mean,2025,42,49,ES1 8 bat,0.0
mean,2025,42,50,ES1 8 bat,0.0
mean,2025,42,51,ES1 8 bat,0.0
mean,2025,42,52,ES1 8 bat,0.0
mean,2025,42,53,ES1 8 bat,0.0
mean,2025,42,54,ES1 8 bat,0.0
mean,2025,42,55,ES1 8 bat,0.0
mean,2025,42,56,ES1 8 bat,0.0
mean,2025,42,57,ES1 8 bat,0.0
mean,2025,42,58,ES1 8 bat,0.0
mean,2025,42,59,ES1 8 bat,0.0
mean,2025,42,60,ES1 8 bat,0.0
mean,2025,42,61,ES1 8 bat,0.0
mean,2025,42,62,ES1 8 bat,0.0
mean,2025,42,63,ES1 8 bat,0.0
mean,2025,42,64,ES1 8 bat,0.0
mean,2025,42,65,ES1 8 bat,0.0
mean,2025,42,66,ES1 8 bat,0.0
mean,2025,42,67,ES1 8 bat,0.0
mean,2025,42,68,ES1 8 bat,0.0
mean,2025,42,69,ES1 8 bat,0.0
mean,2025,42,70,ES1 8 bat,0.0
mean,2025,42,71,ES1 8 bat,0.0
mean,2025,42,72,ES1 8 bat,0.0
mean,2025,42,73,ES1 8 bat,0.0
mean,2025,42,74,ES1 8 bat,0.0
mean,2025,42,75,ES1 8 bat,0.0
mean,2025,42,76,ES1 8 bat,0.0
mean,2025,42,77,ES1 8 bat,0.0
mean,2025,42,78,ES1 8 bat,0.0
mean,2025,42,79,ES1 8 bat,0.0
mean,2025,42,80,ES1 8 bat,0.0
mean,2025,42,81,ES1 8 bat,0.0
mean,2025,42,82,ES1 8 bat,0.0
mean,2025,42,83,ES1 8 bat,0.0
mean,2025,42,84,ES1 8 bat,0.0
mean,2025,42,85,ES1 8 bat,0.0
mean,2025,42,86,ES1 8 bat,0.0
mean,2025,42,87,ES1 8 bat,0.0
mean,2025,42,88,ES1 8 bat,0.0
mean,2025,42,89,ES1 8 bat,0.0
mean,2025,42,90,ES1 8 bat,0.0
mean,2025,42,91,ES1 8 bat,0.0
mean,2025,42,92,ES1 8 bat,0.0
mean,2025,42,93,ES1 8 bat,0.0
mean,2025,42,94,ES1 8 bat,0.0
mean,2025,42,95,ES1 8 bat,0.0
mean,2025,42,96,ES1 8 bat,0.0
mean,2025,42,97,ES1 8 bat,0.0
mean,2025,42,98,ES1 8 bat,0.0
mean,2025,42,99,ES1 8 bat,0.0
mean,2025,42,100,ES1 8 bat,0.0
mean,2025,42,101,ES1 8 bat,0.0
mean,2025,42,102,ES1 8 bat,0.0
mean,2025,42,103,ES1 8 bat,0.0
mean,2025,42,104,ES1 8 bat,0.0
mean,2025,42,105,ES1 8 bat,0.0
mean,2025,42,106,ES1 8 bat,0.0
mean,2025,42,107,ES1 8 bat,0.0
mean,2025,42,108,ES1 8 bat,0.0
mean,2025,42,109,ES1 8 bat,0.0
mean,2025,42,110,ES1 8 bat,0.0
mean,2025,42,111,ES1 8 bat,0.0
mean,2025,42,112,ES1 8 bat,0.0
mean,2025,42,113,ES1 8 bat,0.0
mean,2025,42,114,ES1 8 bat,0.0
mean,2025,42,115,ES1 8 bat,0.0
mean,2025,42,116,ES1 8 bat,0.0
mean,2025,42,117,ES1 8 bat,0.0
mean,2025,42,118,ES1 8 bat,0.0
mean,2025,42,119,ES1 8 bat,0.0
mean,2025,42,120,ES1 8 bat,0.0
mean,2025,42,121,ES1 8 bat,0.0
mean,2025,42,122,ES1 8 bat,0.0
mean,2025,42,123,ES1 8 bat,0.0
mean,2025,42,124,ES1 8 bat,0.0
mean,2025,42,125,ES1 8 bat,0.0
mean,2025,42,126,ES1 8 bat,0.0
mean,2025,42,127,ES1 8 bat,0.0
mean,2025,42,128,ES1 8 bat,0.0
mean,2025,42,129,ES1 8 bat,0.0
mean,2025,42,130,ES1 8 bat,0.0
mean,2025,42,131,ES1 8 bat,0.0
mean,2025,42,132,ES1 8 bat,0.0
mean,2025,42,133,ES1 8 bat,0.0
mean,2025,42,134,ES1 8 bat,0.0
mean,2025,42,135,ES1 8 bat,0.0
mean,2025,42,136,ES1 8 bat,0.0
mean,2025,42,137,ES1 8 bat,0.0
mean,2025,42,138,ES1 8 bat,0.0
mean,2025,42,139,ES1 8 bat,0.0
mean,2025,42,140,ES1 8 bat,0.0
mean,2025,42,141,ES1 8 bat,0.0
mean,2025,42,142,ES1 8 bat,0.0
mean,2025,42,143,ES1 8 bat,0.0
mean,2025,42,144,ES1 8 bat,0.0
mean,2025,42,145,ES1 8 bat,0.0
mean,2025,42,146,ES1 8 bat,0.0
mean,2025,42,147,ES1 8 bat,0.0
mean,2025,42,148,ES1 8 bat,0.0
mean,2025,42,149,ES1 8 bat,0.0
mean,2025,42,150,ES1 8 bat,0.0
mean,2025,42,151,ES1 8 bat,0.0
mean,2025,42,152,ES1 8 bat,0.0
mean,2025,42,153,ES1 8 bat,0.0
mean,2025,42,154,ES1 8 bat,0.0
mean,2025,42,155,ES1 8 bat,0.0
mean,2025,42,156,ES1 8 bat,0.0
mean,2025,42,157,ES1 8 bat,0.0
mean,2025,42,158,ES1 8 bat,0.0
mean,2025,42,159,ES1 8 bat,0.0
mean,2025,42,160,ES1 8 bat,0.0
mean,2025,42,161,ES1 8 bat,0.0
mean,2025,42,162,ES1 8 bat,0.0
mean,2025,42,163,ES1 8 bat,0.0
mean,2025,42,164,ES1 8 bat,0.0
mean,2025,42,165,ES1 8 bat,0.0
mean,2025,42,166,ES1 8 bat,0.0
mean,2025,42,167,ES1 8 bat,0.0
mean,2025,52,0,ES1 8 bat,0.0
mean,2025,52,1,ES1 8 bat,0.0
mean,2025,52,2,ES1 8 bat,0.0
mean,2025,52,3,ES1 8 bat,0.0
mean,2025,52,4,ES1 8 bat,0.0
mean,2025,52,5,ES1 8 bat,0.0
mean,2025,52,6,ES1 8 bat,0.0
mean,2025,52,7,ES1 8 bat,0.0
mean,2025,52,8,ES1 8 bat,0.0
mean,2025,52,9,ES1 8 bat,0.0
mean,2025,52,10,ES1 8 bat,0.0
mean,2025,52,11,ES1 8 bat,0.0
mean,2025,52,12,ES1 8 bat,0.0
mean,2025,52,13,ES1 8 bat,0.0
mean,2025,52,14,ES1 8 bat,0.0
mean,2025,52,15,ES1 8 bat,0.0
mean,2025,52,16,ES1 8 bat,0.0
mean,2025,52,17,ES1 8 bat,0.0
mean,2025,52,18,ES1 8 bat,0.0
mean,2025,52,19,ES1 8 bat,0.0
mean,2025,52,20,ES1 8 bat,0.0
mean,2025,52,21,ES1 8 bat,0.0
mean,2025,52,22,ES1 8 bat,0.0
mean,2025,52,23,ES1 8 bat,0.0
mean,2025,52,24,ES1 8 bat,0.0
mean,2025,52,25,ES1 8 bat,0.0
mean,2025,52,26,ES1 8 bat,0.0
mean,2025,52,27,ES1 8 bat,0.0
mean,2025,52,28,ES1 8 bat,0.0
mean,2025,52,29,ES1 8 bat,0.0
mean,2025,52,30,ES1 8 bat,0.0
mean,2025,52,31,ES1 8 bat,0.0
mean,2025,52,32,ES1 8 bat,0.0
mean,2025,52,33,ES1 8 bat,0.0
mean,2025,52,34,ES1 8 bat,0.0
mean,2025,52,35,ES1 8 bat,0.0
mean,2025,52,36,ES1 8 bat,0.0
mean,2025,52,37,ES1 8 bat,0.0
mean,2025,52,38,ES1 8 bat,0.0
mean,2025,52,39,ES1 8 bat,0.0
mean,2025,52,40,ES1 8 bat,0.0
mean,2025,52,41,ES1 8 bat,0.0
mean,2025,52,42,ES1 8 bat,0.0
mean,2025,52,43,ES1 8 bat,0.0
mean,2025,52,44,ES1 8 bat,0.0
mean,2025,52,45,ES1 8 bat,0.0
mean,2025,52,46,ES1 8 bat,0.0
mean,2025,52,47,ES1 8 bat,0.0
mean,2025,52,48,ES1 8 bat,0.0
mean,2025,52,49,ES1 8 bat,0.0
mean,2025,52,50,ES1 8 bat,0.0
mean,2025,52,51,ES1 8 bat,0.0
mean,2025,52,52,ES1 8 bat,0.0
mean,2025,52,53,ES1 8 bat,0.0
mean,2025,52,54,ES1 8 bat,0.0
mean,2025,52,55,ES1 8 bat,0.0
mean,2025,52,56,ES1 8 bat,0.0
mean,2025,52,57,ES1 8 bat,0.0
mean,2025,52,58,ES1 8 bat,0.0
mean,2025,52,59,ES1 8 bat,0.0
mean,2025,52,60,ES1 8 bat,0.0
mean,2025,52,61,ES1 8 bat,0.0
mean,2025,52,62,ES1 8 bat,0.0
mean,2025,52,63,ES1 8 bat,0.0
mean,2025,52,64,ES1 8 bat,0.0
mean,2025,52,65,ES1 8 bat,0.0
mean,2025,52,66,ES1 8 bat,0.0
mean,2025,52,67,ES1 8 bat,0.0
mean,2025,52,68,ES1 8 bat,0.0
mean,2025,52,69,ES1 8 bat,0.0
mean,2025,52,70,ES1 8 bat,0.0
mean,2025,52,71,ES1 8 bat,0.0
mean,2025,52,72,ES1 8 bat,0.0
mean,2025,52,73,ES1 8 bat,0.0
mean,2025,52,74,ES1 8 bat,0.0
mean,2025,52,75,ES1 8 bat,0.0
mean,2025,52,76,ES1 8 bat,0.0
mean,2025,52,77,ES1 8 bat,0.0
mean,2025,52,78,ES1 8 bat,0.0
mean,2025,52,79,ES1 8 bat,0.0
mean,2025,52,80,ES1 8 bat,0.0
mean,2025,52,81,ES1 8 bat,0.0
mean,2025,52,82,ES1 8 bat,0.0
mean,2025,52,83,ES1 8 bat,0.0
mean,2025,52,84,ES1 8 bat,0.0
mean,2025,52,85,ES1 8 bat,0.0
mean,2025,52,86,ES1 8 bat,0.0
mean,2025,52,87,ES1 8 bat,0.0
mean,2025,52,88,ES1 8 bat,0.0
mean,2025,52,89,ES1 8 bat,0.0
mean,2025,52,90,ES1 8 bat,0.0
mean,2025,52,91,ES1 8 bat,0.0
mean,2025,52,92,ES1 8 bat,0.0
mean,2025,52,93,ES1 8 bat,0.0
mean,2025,52,94,ES1 8 bat,0.0
mean,2025,52,95,ES1 8 bat,0.0
mean,2025,52,96,ES1 8 bat,0.0
mean,2025,52,97,ES1 8 bat,0.0
mean,2025,52,98,ES1 8 bat,0.0
mean,2025,52,99,ES1 8 bat,0.0
mean,2025,52,100,ES1 8 bat,0.0
mean,2025,52,101,ES1 8 bat,0.0
mean,2025,52,102,ES1 8 bat,0.0
mean,2025,52,103,ES1 8 bat,0.0
mean,2025,52,104,ES1 8 bat,0.0
mean,2025,52,105,ES1 8 bat,0.0
mean,2025,52,106,ES1 8 bat,0.0
mean,2025,52,107,ES1 8 bat,0.0
mean,2025,52,108,ES1 8 bat,0.0
mean,2025,52,109,ES1 8 bat,0.0
mean,2025,52,110,ES1 8 bat,0.0
mean,2025,52,111,ES1 8 bat,0.0
mean,2025,52,112,ES1 8 bat,0.0
mean,2025,52,113,ES1 8 bat,0.0
mean,2025,52,114,ES1 8 bat,0.0
mean,2025,52,115,ES1 8 bat,0.0
mean,2025,52,116,ES1 8 bat,0.0
mean,2025,52,117,ES1 8 bat,0.0
mean,2025,52,118,ES1 8 bat,0.0
mean,2025,52,119,ES1 8 bat,0.0
mean,2025,52,120,ES1 8 bat,0.0
mean,2025,52,121,ES1 8 bat,0.0
mean,2025,52,122,ES1 8 bat,0.0
mean,2025,52,123,ES1 8 bat,0.0
mean,2025,52,124,ES1 8 bat,0.0
mean,2025,52,125,ES1 8 bat,0.0
mean,2025,52,126,ES1 8 bat,0.0
mean,2025,52,127,ES1 8 bat,0.0
mean,2025,52,128,ES1 8 bat,0.0
mean,2025,52,129,ES1 8 bat,0.0
mean,2025,52,130,ES1 8 bat,0.0
mean,2025,52,131,ES1 8 bat,0.0
mean,2025,52,132,ES1 8 bat,0.0
mean,2025,52,133,ES1 8 bat,0.0
mean,2025,52,134,ES1 8 bat,0.0
mean,2025,52,135,ES1 8 bat,0.0
mean,2025,52,136,ES1 8 bat,0.0
mean,2025,52,137,ES1 8 bat,0.0
mean,2025,52,138,ES1 8 bat,0.0
mean,2025,52,139,ES1 8 bat,0.0
mean,2025,52,140,ES1 8 bat,0.0
mean,2025,52,141,ES1 8 bat,0.0
mean,2025,52,142,ES1 8 bat,0.0
mean,2025,52,143,ES1 8 bat,0.0
mean,2025,52,144,ES1 8 bat,0.0
mean,2025,52,145,ES1 8 bat,0.0
mean,2025,52,146,ES1 8 bat,0.0
mean,2025,52,147,ES1 8 bat,0.0
mean,2025,52,148,ES1 8 bat,0.0
mean,2025,52,149,ES1 8 bat,0.0
mean,2025,52,150,ES1 8 bat,0.0
mean,2025,52,151,ES1 8 bat,0.0
mean,2025,52,152,ES1 8 bat,0.0
mean,2025,52,153,ES1 8 bat,0.0
mean,2025,52,154,ES1 8 bat,0.0
mean,2025,52,155,ES1 8 bat,0.0
mean,2025,52,156,ES1 8 bat,0.0
mean,2025,52,157,ES1 8 bat,0.0
mean,2025,52,158,ES1 8 bat,0.0
mean,2025,52,159,ES1 8 bat,0.0
mean,2025,52,160,ES1 8 bat,0.0
mean,2025,52,161,ES1 8 bat,0.0
mean,2025,52,162,ES1 8 bat,0.0
mean,2025,52,163,ES1 8 bat,0.0
mean,2025,52,164,ES1 8 bat,0.0
mean,2025,52,165,ES1 8 bat,0.0
mean,2025,52,166,ES1 8 bat,0.0
mean,2025,52,167,ES1 8 bat,0.0
mean,2030,11,0,ES1 8 bat,0.0
mean,2030,11,1,ES1 8 bat,0.0
mean,2030,11,2,ES1 8 bat,0.0
mean,2030,11,3,ES1 8 bat,0.0
mean,2030,11,4,ES1 8 bat,0.0
mean,2030,11,5,ES1 8 bat,0.0
mean,2030,11,6,ES1 8 bat,0.0
mean,2030,11,7,ES1 8 bat,0.0
mean,2030,11,8,ES1 8 bat,0.0
mean,2030,11,9,ES1 8 bat,0.0
mean,2030,11,10,ES1 8 bat,0.0
mean,2030,11,11,ES1 8 bat,0.0
mean,2030,11,12,ES1 8 bat,0.0
mean,2030,11,13,ES1 8 bat,0.0
mean,2030,11,14,ES1 8 bat,0.0
mean,2030,11,15,ES1 8 bat,0.0
mean,2030,11,16,ES1 8 bat,0.0
mean,2030,11,17,ES1 8 bat,0.0
mean,2030,11,18,ES1 8 bat,0.0
mean,2030,11,19,ES1 8 bat,0.0
mean,2030,11,20,ES1 8 bat,0.0
mean,2030,11,21,ES1 8 bat,0.0
mean,2030,11,22,ES1 8 bat,0.0
mean,2030,11,23,ES1 8 bat,0.0
mean,2030,11,24,ES1 8 bat,0.0
mean,2030,11,25,ES1 8 bat,0.0
mean,2030,11,26,ES1 8 bat,0.0
mean,2030,11,27,ES1 8 bat,0.0
mean,2030,11,28,ES1 8 bat,0.0
mean,2030,11,29,ES1 8 bat,0.0
mean,2030,11,30,ES1 8 bat,0.0
mean,2030,11,31,ES1 8 bat,0.0
mean,2030,11,32,ES1 8 bat,0.0
mean,2030,11,33,ES1 8 bat,0.0
mean,2030,11,34,ES1 8 bat,0.0
mean,2030,11,35,ES1 8 bat,0.0
mean,2030,11,36,ES1 8 bat,0.0
mean,2030,11,37,ES1 8 bat,0.0
mean,2030,11,38,ES1 8 bat,0.0
mean,2030,11,39,ES1 8 bat,0.0
mean,2030,11,40,ES1 8 bat,0.0
mean,2030,11,41,ES1 8 bat,0.0
mean,2030,11,42,ES1 8 bat,0.0
mean,2030,11,43,ES1 8 bat,0.0
mean,2030,11,44,ES1 8 bat,0.0
mean,2030,11,45,ES1 8 bat,0.0
mean,2030,11,46,ES1 8 bat,0.0
mean,2030,11,47,ES1 8 bat,0.0
mean,2030,11,48,ES1 8 bat,0.0
mean,2030,11,49,ES1 8 bat,0.0
mean,2030,11,50,ES1 8 bat,0.0
mean,2030,11,51,ES1 8 bat,0.0
mean,2030,11,52,ES1 8 bat,0.0
mean,2030,11,53,ES1 8 bat,0.0
mean,2030,11,54,ES1 8 bat,0.0
mean,2030,11,55,ES1 8 bat,0.0
mean,2030,11,56,ES1 8 bat,0.0
mean,2030,11,57,ES1 8 bat,0.0
mean,2030,11,58,ES1 8 bat,0.0
mean,2030,11,59,ES1 8 bat,0.0
mean,2030,11,60,ES1 8 bat,0.0
mean,2030,11,61,ES1 8 bat,0.0
mean,2030,11,62,ES1 8 bat,0.0
mean,2030,11,63,ES1 8 bat,0.0
mean,2030,11,64,ES1 8 bat,0.0
mean,2030,11,65,ES1 8 bat,0.0
mean,2030,11,66,ES1 8 bat,0.0
mean,2030,11,67,ES1 8 bat,0.0
mean,2030,11,68,ES1 8 bat,0.0
mean,2030,11,69,ES1 8 bat,0.0
mean,2030,11,70,ES1 8 bat,0.0
mean,2030,11,71,ES1 8 bat,0.0
mean,2030,11,72,ES1 8 bat,0.0
mean,2030,11,73,ES1 8 bat,0.0
mean,2030,11,74,ES1 8 bat,0.0
mean,2030,11,75,ES1 8 bat,0.0
mean,2030,11,76,ES1 8 bat,0.0
mean,2030,11,77,ES1 8 bat,0.0
mean,2030,11,78,ES1 8 bat,0.0
mean,2030,11,79,ES1 8 bat,0.0
mean,2030,11,80,ES1 8 bat,0.0
mean,2030,11,81,ES1 8 bat,0.0
mean,2030,11,82,ES1 8 bat,0.0
mean,2030,11,83,ES1 8 bat,0.0
mean,2030,11,84,ES1 8 bat,0.0
mean,2030,11,85,ES1 8 bat,0.0
mean,2030,11,86,ES1 8 bat,0.0
mean,2030,11,87,ES1 8 bat,0.0
mean,2030,11,88,ES1 8 bat,0.0
mean,2030,11,89,ES1 8 bat,0.0
mean,2030,11,90,ES1 8 bat,0.0
mean,2030,11,91,ES1 8 bat,0.0
mean,2030,11,92,ES1 8 bat,0.0
mean,2030,11,93,ES1 8 bat,0.0
mean,2030,11,94,ES1 8 bat,0.0
mean,2030,11,95,ES1 8 bat,0.0
mean,2030,11,96,ES1 8 bat,0.0
mean,2030,11,97,ES1 8 bat,0.0
mean,2030,11,98,ES1 8 bat,0.0
mean,2030,11,99,ES1 8 bat,0.0
mean,2030,11,100,ES1 8 bat,0.0
mean,2030,11,101,ES1 8 bat,0.0
mean,2030,11,102,ES1 8 bat,0.0
mean,2030,11,103,ES1 8 bat,0.0
mean,2030,11,104,ES1 8 bat,0.0
mean,2030,11,105,ES1 8 bat,0.0
mean,2030,11,106,ES1 8 bat,0.0
mean,2030,11,107,ES1 8 bat,0.0
mean,2030,11,108,ES1 8 bat,0.0
mean,2030,11,109,ES1 8 bat,0.0
mean,2030,11,110,ES1 8 bat,0.0
mean,2030,11,111,ES1 8 bat,0.0
mean,2030,11,112,ES1 8 bat,0.0
mean,2030,11,113,ES1 8 bat,0.0
mean,2030,11,114,ES1 8 bat,0.0
mean,2030,11,115,ES1 8 bat,0.0
mean,2030,11,116,ES1 8 bat,0.0
mean,2030,11,117,ES1 8 bat,0.0
mean,2030,11,118,ES1 8 bat,0.0
mean,2030,11,119,ES1 8 bat,0.0
mean,2030,11,120,ES1 8 bat,0.0
mean,2030,11,121,ES1 8 bat,0.0
mean,2030,11,122,ES1 8 bat,0.0
mean,2030,11,123,ES1 8 bat,0.0
mean,2030,11,124,ES1 8 bat,0.0
mean,2030,11,125,ES1 8 bat,0.0
mean,2030,11,126,ES1 8 bat,0.0
mean,2030,11,127,ES1 8 bat,0.0
mean,2030,11,128,ES1 8 bat,0.0
mean,2030,11,129,ES1 8 bat,0.0
mean,2030,11,130,ES1 8 bat,0.0
mean,2030,11,131,ES1 8 bat,0.0
mean,2030,11,132,ES1 8 bat,0.0
mean,2030,11,133,ES1 8 bat,0.0
mean,2030,11,134,ES1 8 bat,0.0
mean,2030,11,135,ES1 8 bat,0.0
mean,2030,11,136,ES1 8 bat,0.0
mean,2030,11,137,ES1 8 bat,0.0
mean,2030,11,138,ES1 8 bat,0.0
mean,2030,11,139,ES1 8 bat,0.0
mean,2030,11,140,ES1 8 bat,0.0
mean,2030,11,141,ES1 8 bat,0.0
mean,2030,11,142,ES1 8 bat,0.0
mean,2030,11,143,ES1 8 bat,0.0
mean,2030,11,144,ES1 8 bat,0.0
mean,2030,11,145,ES1 8 bat,0.0
mean,2030,11,146,ES1 8 bat,0.0
mean,2030,11,147,ES1 8 bat,0.0
mean,2030,11,148,ES1 8 bat,0.0
mean,2030,11,149,ES1 8 bat,0.0
mean,2030,11,150,ES1 8 bat,0.0
mean,2030,11,151,ES1 8 bat,0.0
mean,2030,11,152,ES1 8 bat,0.0
mean,2030,11,153,ES1 8 bat,0.0
mean,2030,11,154,ES1 8 bat,0.0
mean,2030,11,155,ES1 8 bat,0.0
mean,2030,11,156,ES1 8 bat,0.0
mean,2030,11,157,ES1 8 bat,0.0
mean,2030,11,158,ES1 8 bat,0.0
mean,2030,11,159,ES1 8 bat,0.0
mean,2030,11,160,ES1 8 bat,0.0
mean,2030,11,161,ES1 8 bat,0.0
mean,2030,11,162,ES1 8 bat,0.0
mean,2030,11,163,ES1 8 bat,0.0
mean,2030,11,164,ES1 8 bat,0.0
mean,2030,11,165,ES1 8 bat,0.0
mean,2030,11,166,ES1 8 bat,0.0
mean,2030,11,167,ES1 8 bat,0.0
mean,2030,21,0,ES1 8 bat,0.0
mean,2030,21,1,ES1 8 bat,4.547473508864641e-13
mean,2030,21,2,ES1 8 bat,0.0
mean,2030,21,3,ES1 8 bat,0.0
mean,2030,21,4,ES1 8 bat,0.0
mean,2030,21,5,ES1 8 bat,0.0
mean,2030,21,6,ES1 8 bat,0.0
mean,2030,21,7,ES1 8 bat,0.0
mean,2030,21,8,ES1 8 bat,0.0
mean,2030,21,9,ES1 8 bat,0.0
mean,2030,21,10,ES1 8 bat,0.0
mean,2030,21,11,ES1 8 bat,0.0
mean,2030,21,12,ES1 8 bat,0.0
mean,2030,21,13,ES1 8 bat,0.0
mean,2030,21,14,ES1 8 bat,0.0
mean,2030,21,15,ES1 8 bat,0.0
mean,2030,21,16,ES1 8 bat,0.0
mean,2030,21,17,ES1 8 bat,0.0
mean,2030,21,18,ES1 8 bat,0.0
mean,2030,21,19,ES1 8 bat,0.0
mean,2030,21,20,ES1 8 bat,0.0
mean,2030,21,21,ES1 8 bat,0.0
mean,2030,21,22,ES1 8 bat,0.0
mean,2030,21,23,ES1 8 bat,0.0
mean,2030,21,24,ES1 8 bat,0.0
mean,2030,21,25,ES1 8 bat,0.0
mean,2030,21,26,ES1 8 bat,0.0
mean,2030,21,27,ES1 8 bat,0.0
mean,2030,21,28,ES1 8 bat,0.0
mean,2030,21,29,ES1 8 bat,0.0
mean,2030,21,30,ES1 8 bat,0.0
mean,2030,21,31,ES1 8 bat,0.0
mean,2030,21,32,ES1 8 bat,0.0
mean,2030,21,33,ES1 8 bat,0.0
mean,2030,21,34,ES1 8 bat,0.0
mean,2030,21,35,ES1 8 bat,0.0
mean,2030,21,36,ES1 8 bat,0.0
mean,2030,21,37,ES1 8 bat,0.0
mean,2030,21,38,ES1 8 bat,0.0
mean,2030,21,39,ES1 8 bat,0.0
mean,2030,21,40,ES1 8 bat,0.0
mean,2030,21,41,ES1 8 bat,0.0
mean,2030,21,42,ES1 8 bat,0.0
mean,2030,21,43,ES1 8 bat,0.0
mean,2030,21,44,ES1 8 bat,0.0
mean,2030,21,45,ES1 8 bat,0.0
mean,2030,21,46,ES1 8 bat,0.0
mean,2030,21,47,ES1 8 bat,0.0
mean,2030,21,48,ES1 8 bat,0.0
mean,2030,21,49,ES1 8 bat,0.0
mean,2030,21,50,ES1 8 bat,0.0
mean,2030,21,51,ES1 8 bat,0.0
mean,2030,21,52,ES1 8 bat,0.0
mean,2030,21,53,ES1 8 bat,0.0
mean,2030,21,54,ES1 8 bat,0.0
mean,2030,21,55,ES1 8 bat,0.0
mean,2030,21,56,ES1 8 bat,0.0
mean,2030,21,57,ES1 8 bat,0.0
mean,2030,21,58,ES1 8 bat,0.0
mean,2030,21,59,ES1 8 bat,0.0
mean,2030,21,60,ES1 8 bat,0.0
mean,2030,21,61,ES1 8 bat,0.0
mean,2030,21,62,ES1 8 bat,0.0
mean,2030,21,63,ES1 8 bat,0.0
mean,2030,21,64,ES1 8 bat,0.0
mean,2030,21,65,ES1 8 bat,0.0
mean,2030,21,66,ES1 8 bat,0.0
mean,2030,21,67,ES1 8 bat,0.0
mean,2030,21,68,ES1 8 bat,0.0
mean,2030,21,69,ES1 8 bat,0.0
mean,2030,21,70,ES1 8 bat,0.0
mean,2030,21,71,ES1 8 bat,0.0
mean,2030,21,72,ES1 8 bat,0.0
mean,2030,21,73,ES1 8 bat,0.0
mean,2030,21,74,ES1 8 bat,0.0
mean,2030,21,75,ES1 8 bat,0.0
mean,2030,21,76,ES1 8 bat,0.0
mean,2030,21,77,ES1 8 bat,0.0
mean,2030,21,78,ES1 8 bat,0.0
mean,2030,21,79,ES1 8 bat,0.0
mean,2030,21,80,ES1 8 bat,0.0
mean,2030,21,81,ES1 8 bat,0.0
mean,2030,21,82,ES1 8 bat,0.0
mean,2030,21,83,ES1 8 bat,0.0
mean,2030,21,84,ES1 8 bat,0.0
mean,2030,21,85,ES1 8 bat,0.0
mean,2030,21,86,ES1 8 bat,0.0
mean,2030,21,87,ES1 8 bat,0.0
mean,2030,21,88,ES1 8 bat,0.0
mean,2030,21,89,ES1 8 bat,0.0
mean,2030,21,90,ES1 8 bat,0.0
mean,2030,21,91,ES1 8 bat,0.0
mean,2030,21,92,ES1 8 bat,0.0
mean,2030,21,93,ES1 8 bat,0.0
mean,2030,21,94,ES1 8 bat,0.0
mean,2030,21,95,ES1 8 bat,0.0
mean,2030,21,96,ES1 8 bat,0.0
mean,2030,21,97,ES1 8 bat,0.0
mean,2030,21,98,ES1 8 bat,0.0
mean,2030,21,99,ES1 8 bat,0.0
mean,2030,21,100,ES1 8 bat,0.0
mean,2030,21,101,ES1 8 bat,0.0
mean,2030,21,102,ES1 8 bat,0.0
mean,2030,21,103,ES1 8 bat,0.0
mean,2030,21,104,ES1 8 bat,0.0
mean,2030,21,105,ES1 8 bat,0.0
mean,2030,21,106,ES1 8 bat,0.0
mean,2030,21,107,ES1 8 bat,0.0
mean,2030,21,108,ES1 8 bat,0.0
mean,2030,21,109,ES1 8 bat,0.0
mean,2030,21,110,ES1 8 bat,0.0
mean,2030,21,111,ES1 8 bat,0.0
mean,2030,21,112,ES1 8 bat,0.0
mean,2030,21,113,ES1 8 bat,0.0
mean,2030,21,114,ES1 8 bat,0.0
mean,2030,21,115,ES1 8 bat,0.0
mean,2030,21,116,ES1 8 bat,0.0
mean,2030,21,117,ES1 8 bat,0.0
mean,2030,21,118,ES1 8 bat,0.0
mean,2030,21,119,ES1 8 bat,0.0
mean,2030,21,120,ES1 8 bat,0.0
mean,2030,21,121,ES1 8 bat,0.0
mean,2030,21,122,ES1 8 bat,0.0
mean,2030,21,123,ES1 8 bat,0.0
mean,2030,21,124,ES1 8 bat,0.0
mean,2030,21,125,ES1 8 bat,0.0
mean,2030,21,126,ES1 8 bat,0.0
mean,2030,21,127,ES1 8 bat,0.0
mean,2030,21,128,ES1 8 bat,0.0
mean,2030,21,129,ES1 8 bat,0.0
mean,2030,21,130,ES1 8 bat,0.0
mean,2030,21,131,ES1 8 bat,0.0
mean,2030,21,132,ES1 8 bat,0.0
mean,2030,21,133,ES1 8 bat,0.0
mean,2030,21,134,ES1 8 bat,0.0
mean,2030,21,135,ES1 8 bat,0.0
mean,2030,21,136,ES1 8 bat,0.0
mean,2030,21,137,ES1 8 bat,0.0
mean,2030,21,138,ES1 8 bat,0.0
mean,2030,21,139,ES1 8 bat,0.0
mean,2030,21,140,ES1 8 bat,0.0
mean,2030,21,141,ES1 8 bat,0.0
mean,2030,21,142,ES1 8 bat,0.0
mean,2030,21,143,ES1 8 bat,0.0
mean,2030,21,144,ES1 8 bat,0.0
mean,2030,21,145,ES1 8 bat,0.0
mean,2030,21,146,ES1 8 bat,0.0
mean,2030,21,147,ES1 8 bat,0.0
mean,2030,21,148,ES1 8 bat,0.0
mean,2030,21,149,ES1 8 bat,0.0
mean,2030,21,150,ES1 8 bat,0.0
mean,2030,21,151,ES1 8 bat,0.0
mean,2030,21,152,ES1 8 bat,0.0
mean,2030,21,153,ES1 8 bat,0.0
mean,2030,21,154,ES1 8 bat,0.0
mean,2030,21,155,ES1 8 bat,0.0
mean,2030,21,156,ES1 8 bat,0.0
mean,2030,21,157,ES1 8 bat,0.0
mean,2030,21,158,ES1 8 bat,0.0
mean,2030,21,159,ES1 8 bat,0.0
mean,2030,21,160,ES1 8 bat,0.0
mean,2030,21,161,ES1 8 bat,0.0
mean,2030,21,162,ES1 8 bat,0.0
mean,2030,21,163,ES1 8 bat,0.0
mean,2030,21,164,ES1 8 bat,0.0
mean,2030,21,165,ES1 8 bat,0.0
mean,2030,21,166,ES1 8 bat,0.0
mean,2030,21,167,ES1 8 bat,0.0
mean,2030,42,0,ES1 8 bat,0.0
mean,2030,42,1,ES1 8 bat,0.0
mean,2030,42,2,ES1 8 bat,1.3642420526593924e-12
mean,2030,42,3,ES1 8 bat,0.0
mean,2030,42,4,ES1 8 bat,0.0
mean,2030,42,5,ES1 8 bat,0.0
mean,2030,42,6,ES1 8 bat,0.0
mean,2030,42,7,ES1 8 bat,0.0
mean,2030,42,8,ES1 8 bat,0.0
mean,2030,42,9,ES1 8 bat,2.2737367544323206e-12
mean,2030,42,10,ES1 8 bat,0.0
mean,2030,42,11,ES1 8 bat,0.0
mean,2030,42,12,ES1 8 bat,0.0
mean,2030,42,13,ES1 8 bat,0.0
mean,2030,42,14,ES1 8 bat,0.0
mean,2030,42,15,ES1 8 bat,0.0
mean,2030,42,16,ES1 8 bat,0.0
mean,2030,42,17,ES1 8 bat,0.0
mean,2030,42,18,ES1 8 bat,0.0
mean,2030,42,19,ES1 8 bat,0.0
mean,2030,42,20,ES1 8 bat,0.0
mean,2030,42,21,ES1 8 bat,0.0
mean,2030,42,22,ES1 8 bat,0.0
mean,2030,42,23,ES1 8 bat,0.0
mean,2030,42,24,ES1 8 bat,0.0
mean,2030,42,25,ES1 8 bat,0.0
mean,2030,42,26,ES1 8 bat,0.0
mean,2030,42,27,ES1 8 bat,0.0
mean,2030,42,28,ES1 8 bat,0.0
mean,2030,42,29,ES1 8 bat,0.0
mean,2030,42,30,ES1 8 bat,0.0
mean,2030,42,31,ES1 8 bat,0.0
mean,2030,42,32,ES1 8 bat,0.0
mean,2030,42,33,ES1 8 bat,0.0
mean,2030,42,34,ES1 8 bat,0.0
mean,2030,42,35,ES1 8 bat,0.0
mean,2030,42,36,ES1 8 bat,0.0
mean,2030,42,37,ES1 8 bat,0.0
mean,2030,42,38,ES1 8 bat,0.0
mean,2030,42,39,ES1 8 bat,0.0
mean,2030,42,40,ES1 8 bat,0.0
mean,2030,42,41,ES1 8 bat,0.0
mean,2030,42,42,ES1 8 bat,0.0
mean,2030,42,43,ES1 8 bat,0.0
mean,2030,42,44,ES1 8 bat,0.0
mean,2030,42,45,ES1 8 bat,0.0
mean,2030,42,46,ES1 8 bat,0.0
mean,2030,42,47,ES1 8 bat,0.0
mean,2030,42,48,ES1 8 bat,0.0
mean,2030,42,49,ES1 8 bat,0.0
mean,2030,42,50,ES1 8 bat,0.0
mean,2030,42,51,ES1 8 bat,0.0
mean,2030,42,52,ES1 8 bat,0.0
mean,2030,42,53,ES1 8 bat,0.0
mean,2030,42,54,ES1 8 bat,0.0
mean,2030,42,55,ES1 8 bat,0.0
mean,2030,42,56,ES1 8 bat,0.0
mean,2030,42,57,ES1 8 bat,0.0
mean,2030,42,58,ES1 8 bat,0.0
mean,2030,42,59,ES1 8 bat,0.0
mean,2030,42,60,ES1 8 bat,0.0
mean,2030,42,61,ES1 8 bat,0.0
mean,2030,42,62,ES1 8 bat,0.0
mean,2030,42,63,ES1 8 bat,0.0
mean,2030,42,64,ES1 8 bat,0.0
mean,2030,42,65,ES1 8 bat,0.0
mean,2030,42,66,ES1 8 bat,0.0
mean,2030,42,67,ES1 8 bat,0.0
mean,2030,42,68,ES1 8 bat,0.0
mean,2030,42,69,ES1 8 bat,0.0
mean,2030,42,70,ES1 8 bat,0.0
mean,2030,42,71,ES1 8 bat,0.0
mean,2030,42,72,ES1 8 bat,0.0
mean,2030,42,73,ES1 8 bat,0.0
mean,2030,42,74,ES1 8 bat,0.0
mean,2030,42,75,ES1 8 bat,0.0
mean,2030,42,76,ES1 8 bat,0.0
mean,2030,42,77,ES1 8 bat,0.0
mean,2030,42,78,ES1 8 bat,0.0
mean,2030,42,79,ES1 8 bat,0.0
mean,2030,42,80,ES1 8 bat,0.0
mean,2030,42,81,ES1 8 bat,0.0
mean,2030,42,82,ES1 8 bat,0.0
mean,2030,42,83,ES1 8 bat,0.0
mean,2030,42,84,ES1 8 bat,0.0
mean,2030,42,85,ES1 8 bat,-9.094947017729282e-13
mean,2030,42,86,ES1 8 bat,0.0
mean,2030,42,87,ES1 8 bat,0.0
mean,2030,42,88,ES1 8 bat,0.0
mean,2030,42,89,ES1 8 bat,0.0
mean,2030,42,90,ES1 8 bat,0.0
mean,2030,42,91,ES1 8 bat,0.0
mean,2030,42,92,ES1 8 bat,0.0
mean,2030,42,93,ES1 8 bat,0.0
mean,2030,42,94,ES1 8 bat,0.0
mean,2030,42,95,ES1 8 bat,0.0
mean,2030,42,96,ES1 8 bat,0.0
mean,2030,42,97,ES1 8 bat,0.0
mean,2030,42,98,ES1 8 bat,0.0
mean,2030,42,99,ES1 8 bat,0.0
mean,2030,42,100,ES1 8 bat,0.0
mean,2030,42,101,ES1 8 bat,0.0
mean,2030,42,102,ES1 8 bat,0.0
mean,2030,42,103,ES1 8 bat,0.0
mean,2030,42,104,ES1 8 bat,0.0
mean,2030,42,105,ES1 8 bat,0.0
mean,2030,42,106,ES1 8 bat,0.0
mean,2030,42,107,ES1 8 bat,0.0
mean,2030,42,108,ES1 8 bat,0.0
mean,2030,42,109,ES1 8 bat,0.0
mean,2030,42,110,ES1 8 bat,0.0
mean,2030,42,111,ES1 8 bat,0.0
mean,2030,42,112,ES1 8 bat,0.0
mean,2030,42,113,ES1 8 bat,0.0
mean,2030,42,114,ES1 8 bat,0.0
mean,2030,42,115,ES1 8 bat,0.0
mean,2030,42,116,ES1 8 bat,0.0
mean,2030,42,117,ES1 8 bat,0.0
mean,2030,42,118,ES1 8 bat,0.0
mean,2030,42,119,ES1 8 bat,0.0
mean,2030,42,120,ES1 8 bat,0.0
mean,2030,42,121,ES1 8 bat,0.0
mean,2030,42,122,ES1 8 bat,0.0
mean,2030,42,123,ES1 8 bat,0.0
mean,2030,42,124,ES1 8 bat,0.0
mean,2030,42,125,ES1 8 bat,0.0
mean,2030,42,126,ES1 8 bat,0.0
mean,2030,42,127,ES1 8 bat,0.0
mean,2030,42,128,ES1 8 bat,0.0
mean,2030,42,129,ES1 8 bat,0.0
mean,2030,42,130,ES1 8 bat,0.0
mean,2030,42,131,ES1 8 bat,0.0
mean,2030,42,132,ES1 8 bat,0.0
mean,2030,42,133,ES1 8 bat,0.0
mean,2030,42,134,ES1 8 bat,0.0
mean,2030,42,135,ES1 8 bat,0.0
mean,2030,42,136,ES1 8 bat,0.0
mean,2030,42,137,ES1 8 bat,0.0
mean,2030,42,138,ES1 8 bat,0.0
mean,2030,42,139,ES1 8 bat,0.0
mean,2030,42,140,ES1 8 bat,0.0
mean,2030,42,141,ES1 8 bat,0.0
mean,2030,42,142,ES1 8 bat,0.0
mean,2030,42,143,ES1 8 bat,0.0
mean,2030,42,144,ES1 8 bat,0.0
mean,2030,42,145,ES1 8 bat,0.0
mean,2030,42,146,ES1 8 bat,0.0
mean,2030,42,147,ES1 8 bat,0.0
mean,2030,42,148,ES1 8 bat,0.0
mean,2030,42,149,ES1 8 bat,0.0
mean,2030,42,150,ES1 8 bat,0.0
mean,2030,42,151,ES1 8 bat,0.0
mean,2030,42,152,ES1 8 bat,0.0
mean,2030,42,153,ES1 8 bat,0.0
mean,2030,42,154,ES1 8 bat,0.0
mean,2030,42,155,ES1 8 bat,0.0
mean,2030,42,156,ES1 8 bat,0.0
mean,2030,42,157,ES1 8 bat,0.0
mean,2030,42,158,ES1 8 bat,0.0
mean,2030,42,159,ES1 8 bat,0.0
mean,2030,42,160,ES1 8 bat,0.0
mean,2030,42,161,ES1 8 bat,0.0
mean,2030,42,162,ES1 8 bat,0.0
mean,2030,42,163,ES1 8 bat,0.0
mean,2030,42,164,ES1 8 bat,0.0
mean,2030,42,165,ES1 8 bat,0.0
mean,2030,42,166,ES1 8 bat,0.0
mean,2030,42,167,ES1 8 bat,0.0
mean,2030,52,0,ES1 8 bat,0.0
mean,2030,52,1,ES1 8 bat,0.0
mean,2030,52,2,ES1 8 bat,0.0
mean,2030,52,3,ES1 8 bat,0.0
mean,2030,52,4,ES1 8 bat,0.0
mean,2030,52,5,ES1 8 bat,0.0
mean,2030,52,6,ES1 8 bat,0.0
mean,2030,52,7,ES1 8 bat,0.0
mean,2030,52,8,ES1 8 bat,0.0
mean,2030,52,9,ES1 8 bat,0.0
mean,2030,52,10,ES1 8 bat,0.0
mean,2030,52,11,ES1 8 bat,0.0
mean,2030,52,12,ES1 8 bat,0.0
mean,2030,52,13,ES1 8 bat,0.0
mean,2030,52,14,ES1 8 bat,0.0
mean,2030,52,15,ES1 8 bat,0.0
mean,2030,52,16,ES1 8 bat,0.0
mean,2030,52,17,ES1 8 bat,0.0
mean,2030,52,18,ES1 8 bat,0.0
mean,2030,52,19,ES1 8 bat,0.0
mean,2030,52,20,ES1 8 bat,0.0
mean,2030,52,21,ES1 8 bat,0.0
mean,2030,52,22,ES1 8 bat,0.0
mean,2030,52,23,ES1 8 bat,0.0
mean,2030,52,24,ES1 8 bat,0.0
mean,2030,52,25,ES1 8 bat,0.0
mean,2030,52,26,ES1 8 bat,0.0
mean,2030,52,27,ES1 8 bat,0.0
mean,2030,52,28,ES1 8 bat,0.0
mean,2030,52,29,ES1 8 bat,0.0
mean,2030,52,30,ES1 8 bat,0.0
mean,2030,52,31,ES1 8 bat,0.0
mean,2030,52,32,ES1 8 bat,0.0
mean,2030,52,33,ES1 8 bat,0.0
mean,2030,52,34,ES1 8 bat,0.0
mean,2030,52,35,ES1 8 bat,0.0
mean,2030,52,36,ES1 8 bat,0.0
mean,2030,52,37,ES1 8 bat,0.0
mean,2030,52,38,ES1 8 bat,0.0
mean,2030,52,39,ES1 8 bat,0.0
mean,2030,52,40,ES1 8 bat,0.0
mean,2030,52,41,ES1 8 bat,0.0
mean,2030,52,42,ES1 8 bat,0.0
mean,2030,52,43,ES1 8 bat,0.0
mean,2030,52,44,ES1 8 bat,0.0
mean,2030,52,45,ES1 8 bat,0.0
mean,2030,52,46,ES1 8 bat,0.0
mean,2030,52,47,ES1 8 bat,0.0
mean,2030,52,48,ES1 8 bat,0.0
mean,2030,52,49,ES1 8 bat,0.0
mean,2030,52,50,ES1 8 bat,0.0
mean,2030,52,51,ES1 8 bat,0.0
mean,2030,52,52,ES1 8 bat,0.0
mean,2030,52,53,ES1 8 bat,0.0
mean,2030,52,54,ES1 8 bat,0.0
mean,2030,52,55,ES1 8 bat,0.0
mean,2030,52,56,ES1 8 bat,0.0
mean,2030,52,57,ES1 8 bat,0.0
mean,2030,52,58,ES1 8 bat,0.0
mean,2030,52,59,ES1 8 bat,0.0
mean,2030,52,60,ES1 8 bat,0.0
mean,2030,52,61,ES1 8 bat,0.0
mean,2030,52,62,ES1 8 bat,0.0
mean,2030,52,63,ES1 8 bat,0.0
mean,2030,52,64,ES1 8 bat,0.0
mean,2030,52,65,ES1 8 bat,0.0
mean,2030,52,66,ES1 8 bat,0.0
mean,2030,52,67,ES1 8 bat,0.0
mean,2030,52,68,ES1 8 bat,0.0
mean,2030,52,69,ES1 8 bat,0.0
mean,2030,52,70,ES1 8 bat,0.0
mean,2030,52,71,ES1 8 bat,0.0
mean,2030,52,72,ES1 8 bat,0.0
mean,2030,52,73,ES1 8 bat,0.0
mean,2030,52,74,ES1 8 bat,0.0
mean,2030,52,75,ES1 8 bat,0.0
mean,2030,52,76,ES1 8 bat,0.0
mean,2030,52,77,ES1 8 bat,0.0
mean,2030,52,78,ES1 8 bat,0.0
mean,2030,52,79,ES1 8 bat,0.0
mean,2030,52,80,ES1 8 bat,0.0
mean,2030,52,81,ES1 8 bat,0.0
mean,2030,52,82,ES1 8 bat,0.0
mean,2030,52,83,ES1 8 bat,0.0
mean,2030,52,84,ES1 8 bat,0.0
mean,2030,52,85,ES1 8 bat,0.0
mean,2030,52,86,ES1 8 bat,0.0
mean,2030,52,87,ES1 8 bat,0.0
mean,2030,52,88,ES1 8 bat,0.0
mean,2030,52,89,ES1 8 bat,0.0
mean,2030,52,90,ES1 8 bat,0.0
mean,2030,52,91,ES1 8 bat,0.0
mean,2030,52,92,ES1 8 bat,0.0
mean,2030,52,93,ES1 8 bat,0.0
mean,2030,52,94,ES1 8 bat,0.0
mean,2030,52,95,ES1 8 bat,0.0
mean,2030,52,96,ES1 8 bat,0.0
mean,2030,52,97,ES1 8 bat,0.0
mean,2030,52,98,ES1 8 bat,0.0
mean,2030,52,99,ES1 8 bat,0.0
mean,2030,52,100,ES1 8 bat,0.0
mean,2030,52,101,ES1 8 bat,0.0
mean,2030,52,102,ES1 8 bat,0.0
mean,2030,52,103,ES1 8 bat,0.0
mean,2030,52,104,ES1 8 bat,0.0
mean,2030,52,105,ES1 8 bat,0.0
mean,2030,52,106,ES1 8 bat,0.0
mean,2030,52,107,ES1 8 bat,0.0
mean,2030,52,108,ES1 8 bat,0.0
mean,2030,52,109,ES1 8 bat,0.0
mean,2030,52,110,ES1 8 bat,0.0
mean,2030,52,111,ES1 8 bat,0.0
mean,2030,52,112,ES1 8 bat,0.0
mean,2030,52,113,ES1 8 bat,0.0
mean,2030,52,114,ES1 8 bat,0.0
mean,2030,52,115,ES1 8 bat,0.0
mean,2030,52,116,ES1 8 bat,0.0
mean,2030,52,117,ES1 8 bat,0.0
mean,2030,52,118,ES1 8 bat,0.0
mean,2030,52,119,ES1 8 bat,0.0
mean,2030,52,120,ES1 8 bat,0.0
mean,2030,52,121,ES1 8 bat,0.0
mean,2030,52,122,ES1 8 bat,0.0
mean,2030,52,123,ES1 8 bat,0.0
mean,2030,52,124,ES1 8 bat,0.0
mean,2030,52,125,ES1 8 bat,0.0
mean,2030,52,126,ES1 8 bat,0.0
mean,2030,52,127,ES1 8 bat,0.0
mean,2030,52,128,ES1 8 bat,0.0
mean,2030,52,129,ES1 8 bat,0.0
mean,2030,52,130,ES1 8 bat,0.0
mean,2030,52,131,ES1 8 bat,0.0
mean,2030,52,132,ES1 8 bat,0.0
mean,2030,52,133,ES1 8 bat,0.0
mean,2030,52,134,ES1 8 bat,0.0
mean,2030,52,135,ES1 8 bat,0.0
mean,2030,52,136,ES1 8 bat,0.0
mean,2030,52,137,ES1 8 bat,0.0
mean,2030,52,138,ES1 8 bat,0.0
mean,2030,52,139,ES1 8 bat,0.0
mean,2030,52,140,ES1 8 bat,0.0
mean,2030,52,141,ES1 8 bat,0.0
mean,2030,52,142,ES1 8 bat,0.0
mean,2030,52,143,ES1 8 bat,0.0
mean,2030,52,144,ES1 8 bat,0.0
mean,2030,52,145,ES1 8 bat,0.0
mean,2030,52,146,ES1 8 bat,0.0
mean,2030,52,147,ES1 8 bat,0.0
mean,2030,52,148,ES1 8 bat,0.0
mean,2030,52,149,ES1 8 bat,0.0
mean,2030,52,150,ES1 8 bat,0.0
mean,2030,52,151,ES1 8 bat,0.0
mean,2030,52,152,ES1 8 bat,0.0
mean,2030,52,153,ES1 8 bat,0.0
mean,2030,52,154,ES1 8 bat,0.0
mean,2030,52,155,ES1 8 bat,0.0
mean,2030,52,156,ES1 8 bat,0.0
mean,2030,52,157,ES1 8 bat,0.0
mean,2030,52,158,ES1 8 bat,0.0
mean,2030,52,159,ES1 8 bat,0.0
mean,2030,52,160,ES1 8 bat,0.0
mean,2030,52,161,ES1 8 bat,0.0
mean,2030,52,162,ES1 8 bat,0.0
mean,2030,52,163,ES1 8 bat,0.0
mean,2030,52,164,ES1 8 bat,0.0
mean,2030,52,165,ES1 8 bat,0.0
mean,2030,52,166,ES1 8 bat,0.0
mean,2030,52,167,ES1 8 bat,0.0
mean,2040,11,0,ES1 8 bat,0.0
mean,2040,11,1,ES1 8 bat,0.0
mean,2040,11,2,ES1 8 bat,0.0
mean,2040,11,3,ES1 8 bat,0.0
mean,2040,11,4,ES1 8 bat,0.0
mean,2040,11,5,ES1 8 bat,0.0
mean,2040,11,6,ES1 8 bat,0.0
mean,2040,11,7,ES1 8 bat,0.0
mean,2040,11,8,ES1 8 bat,0.0
mean,2040,11,9,ES1 8 bat,0.0
mean,2040,11,10,ES1 8 bat,0.0
mean,2040,11,11,ES1 8 bat,0.0
mean,2040,11,12,ES1 8 bat,0.0
mean,2040,11,13,ES1 8 bat,0.0
mean,2040,11,14,ES1 8 bat,0.0
mean,2040,11,15,ES1 8 bat,0.0
mean,2040,11,16,ES1 8 bat,0.0
mean,2040,11,17,ES1 8 bat,0.0
mean,2040,11,18,ES1 8 bat,0.0
mean,2040,11,19,ES1 8 bat,0.0
mean,2040,11,20,ES1 8 bat,0.0
mean,2040,11,21,ES1 8 bat,0.0
mean,2040,11,22,ES1 8 bat,0.0
mean,2040,11,23,ES1 8 bat,0.0
mean,2040,11,24,ES1 8 bat,0.0
mean,2040,11,25,ES1 8 bat,0.0
mean,2040,11,26,ES1 8 bat,0.0
mean,2040,11,27,ES1 8 bat,0.0
mean,2040,11,28,ES1 8 bat,0.0
mean,2040,11,29,ES1 8 bat,0.0
mean,2040,11,30,ES1 8 bat,0.0
mean,2040,11,31,ES1 8 bat,0.0
mean,2040,11,32,ES1 8 bat,0.0
mean,2040,11,33,ES1 8 bat,0.0
mean,2040,11,34,ES1 8 bat,0.0
mean,2040,11,35,ES1 8 bat,0.0
mean,2040,11,36,ES1 8 bat,0.0
mean,2040,11,37,ES1 8 bat,0.0
mean,2040,11,38,ES1 8 bat,0.0
mean,2040,11,39,ES1 8 bat,0.0
mean,2040,11,40,ES1 8 bat,0.0
mean,2040,11,41,ES1 8 bat,0.0
mean,2040,11,42,ES1 8 bat,0.0
mean,2040,11,43,ES1 8 bat,0.0
mean,2040,11,44,ES1 8 bat,0.0
mean,2040,11,45,ES1 8 bat,0.0
mean,2040,11,46,ES1 8 bat,0.0
mean,2040,11,47,ES1 8 bat,0.0
mean,2040,11,48,ES1 8 bat,0.0
mean,2040,11,49,ES1 8 bat,0.0
mean,2040,11,50,ES1 8 bat,0.0
mean,2040,11,51,ES1 8 bat,0.0
mean,2040,11,52,ES1 8 bat,0.0
mean,2040,11,53,ES1 8 bat,0.0
mean,2040,11,54,ES1 8 bat,0.0
mean,2040,11,55,ES1 8 bat,0.0
mean,2040,11,56,ES1 8 bat,0.0
mean,2040,11,57,ES1 8 bat,0.0
mean,2040,11,58,ES1 8 bat,0.0
mean,2040,11,59,ES1 8 bat,0.0
mean,2040,11,60,ES1 8 bat,0.0
mean,2040,11,61,ES1 8 bat,0.0
mean,2040,11,62,ES1 8 bat,0.0
mean,2040,11,63,ES1 8 bat,0.0
mean,2040,11,64,ES1 8 bat,0.0
mean,2040,11,65,ES1 8 bat,0.0
mean,2040,11,66,ES1 8 bat,0.0
mean,2040,11,67,ES1 8 bat,0.0
mean,2040,11,68,ES1 8 bat,0.0
mean,2040,11,69,ES1 8 bat,0.0
mean,2040,11,70,ES1 8 bat,0.0
mean,2040,11,71,ES1 8 bat,0.0
mean,2040,11,72,ES1 8 bat,0.0
mean,2040,11,73,ES1 8 bat,0.0
mean,2040,11,74,ES1 8 bat,0.0
mean,2040,11,75,ES1 8 bat,0.0
mean,2040,11,76,ES1 8 bat,0.0
mean,2040,11,77,ES1 8 bat,0.0
mean,2040,11,78,ES1 8 bat,0.0
mean,2040,11,79,ES1 8 bat,0.0
mean,2040,11,80,ES1 8 bat,0.0
mean,2040,11,81,ES1 8 bat,0.0
mean,2040,11,82,ES1 8 bat,0.0
mean,2040,11,83,ES1 8 bat,0.0
mean,2040,11,84,ES1 8 bat,0.0
mean,2040,11,85,ES1 8 bat,0.0
mean,2040,11,86,ES1 8 bat,0.0
mean,2040,11,87,ES1 8 bat,0.0
mean,2040,11,88,ES1 8 bat,0.0
mean,2040,11,89,ES1 8 bat,0.0
mean,2040,11,90,ES1 8 bat,0.0
mean,2040,11,91,ES1 8 bat,0.0
mean,2040,11,92,ES1 8 bat,0.0
mean,2040,11,93,ES1 8 bat,0.0
mean,2040,11,94,ES1 8 bat,0.0
mean,2040,11,95,ES1 8 bat,0.0
mean,2040,11,96,ES1 8 bat,0.0
mean,2040,11,97,ES1 8 bat,0.0
mean,2040,11,98,ES1 8 bat,0.0
mean,2040,11,99,ES1 8 bat,0.0
mean,2040,11,100,ES1 8 bat,0.0
mean,2040,11,101,ES1 8 bat,0.0
mean,2040,11,102,ES1 8 bat,0.0
mean,2040,11,103,ES1 8 bat,0.0
mean,2040,11,104,ES1 8 bat,0.0
mean,2040,11,105,ES1 8 bat,0.0
mean,2040,11,106,ES1 8 bat,0.0
mean,2040,11,107,ES1 8 bat,0.0
mean,2040,11,108,ES1 8 bat,0.0
mean,2040,11,109,ES1 8 bat,0.0
mean,2040,11,110,ES1 8 bat,0.0
mean,2040,11,111,ES1 8 bat,0.0
mean,2040,11,112,ES1 8 bat,0.0
mean,2040,11,113,ES1 8 bat,0.0
mean,2040,11,114,ES1 8 bat,0.0
mean,2040,11,115,ES1 8 bat,0.0
mean,2040,11,116,ES1 8 bat,0.0
mean,2040,11,117,ES1 8 bat,0.0
mean,2040,11,118,ES1 8 bat,0.0
mean,2040,11,119,ES1 8 bat,0.0
mean,2040,11,120,ES1 8 bat,0.0
mean,2040,11,121,ES1 8 bat,0.0
mean,2040,11,122,ES1 8 bat,0.0
mean,2040,11,123,ES1 8 bat,0.0
mean,2040,11,124,ES1 8 bat,0.0
mean,2040,11,125,ES1 8 bat,0.0
mean,2040,11,126,ES1 8 bat,0.0
mean,2040,11,127,ES1 8 bat,0.0
mean,2040,11,128,ES1 8 bat,0.0
mean,2040,11,129,ES1 8 bat,0.0
mean,2040,11,130,ES1 8 bat,0.0
mean,2040,11,131,ES1 8 bat,0.0
mean,2040,11,132,ES1 8 bat,0.0
mean,2040,11,133,ES1 8 bat,0.0
mean,2040,11,134,ES1 8 bat,0.0
mean,2040,11,135,ES1 8 bat,0.0
mean,2040,11,136,ES1 8 bat,0.0
mean,2040,11,137,ES1 8 bat,0.0
mean,2040,11,138,ES1 8 bat,0.0
mean,2040,11,139,ES1 8 bat,0.0
mean,2040,11,140,ES1 8 bat,0.0
mean,2040,11,141,ES1 8 bat,0.0
mean,2040,11,142,ES1 8 bat,0.0
mean,2040,11,143,ES1 8 bat,0.0
mean,2040,11,144,ES1 8 bat,0.0
mean,2040,11,145,ES1 8 bat,0.0
mean,2040,11,146,ES1 8 bat,0.0
mean,2040,11,147,ES1 8 bat,0.0
mean,2040,11,148,ES1 8 bat,0.0
mean,2040,11,149,ES1 8 bat,0.0
mean,2040,11,150,ES1 8 bat,0.0
mean,2040,11,151,ES1 8 bat,0.0
mean,2040,11,152,ES1 8 bat,0.0
mean,2040,11,153,ES1 8 bat,0.0
mean,2040,11,154,ES1 8 bat,0.0
mean,2040,11,155,ES1 8 bat,0.0
mean,2040,11,156,ES1 8 bat,0.0
mean,2040,11,157,ES1 8 bat,0.0
mean,2040,11,158,ES1 8 bat,0.0
mean,2040,11,159,ES1 8 bat,0.0
mean,2040,11,160,ES1 8 bat,0.0
mean,2040,11,161,ES1 8 bat,0.0
mean,2040,11,162,ES1 8 bat,0.0
mean,2040,11,163,ES1 8 bat,0.0
mean,2040,11,164,ES1 8 bat,0.0
mean,2040,11,165,ES1 8 bat,0.0
mean,2040,11,166,ES1 8 bat,0.0
mean,2040,11,167,ES1 8 bat,0.0
mean,2040,21,0,ES1 8 bat,0.0
mean,2040,21,1,ES1 8 bat,0.0
mean,2040,21,2,ES1 8 bat,0.0
mean,2040,21,3,ES1 8 bat,0.0
mean,2040,21,4,ES1 8 bat,0.0
mean,2040,21,5,ES1 8 bat,0.0
mean,2040,21,6,ES1 8 bat,0.0
mean,2040,21,7,ES1 8 bat,0.0
mean,2040,21,8,ES1 8 bat,0.0
mean,2040,21,9,ES1 8 bat,0.0
mean,2040,21,10,ES1 8 bat,0.0
mean,2040,21,11,ES1 8 bat,0.0
mean,2040,21,12,ES1 8 bat,0.0
mean,2040,21,13,ES1 8 bat,0.0
mean,2040,21,14,ES1 8 bat,0.0
mean,2040,21,15,ES1 8 bat,0.0
mean,2040,21,16,ES1 8 bat,0.0
mean,2040,21,17,ES1 8 bat,0.0
mean,2040,21,18,ES1 8 bat,0.0
mean,2040,21,19,ES1 8 bat,0.0
mean,2040,21,20,ES1 8 bat,0.0
mean,2040,21,21,ES1 8 bat,0.0
mean,2040,21,22,ES1 8 bat,0.0
mean,2040,21,23,ES1 8 bat,0.0
mean,2040,21,24,ES1 8 bat,0.0
mean,2040,21,25,ES1 8 bat,0.0
mean,2040,21,26,ES1 8 bat,0.0
mean,2040,21,27,ES1 8 bat,0.0
mean,2040,21,28,ES1 8 bat,0.0
mean,2040,21,29,ES1 8 bat,0.0
mean,2040,21,30,ES1 8 bat,0.0
mean,2040,21,31,ES1 8 bat,0.0
mean,2040,21,32,ES1 8 bat,0.0
mean,2040,21,33,ES1 8 bat,0.0
mean,2040,21,34,ES1 8 bat,0.0
mean,2040,21,35,ES1 8 bat,0.0
mean,2040,21,36,ES1 8 bat,0.0
mean,2040,21,37,ES1 8 bat,0.0
mean,2040,21,38,ES1 8 bat,0.0
mean,2040,21,39,ES1 8 bat,0.0
mean,2040,21,40,ES1 8 bat,0.0
mean,2040,21,41,ES1 8 bat,0.0
mean,2040,21,42,ES1 8 bat,0.0
mean,2040,21,43,ES1 8 bat,0.0
mean,2040,21,44,ES1 8 bat,0.0
mean,2040,21,45,ES1 8 bat,0.0
mean,2040,21,46,ES1 8 bat,0.0
mean,2040,21,47,ES1 8 bat,0.0
mean,2040,21,48,ES1 8 bat,0.0
mean,2040,21,49,ES1 8 bat,0.0
mean,2040,21,50,ES1 8 bat,0.0
mean,2040,21,51,ES1 8 bat,0.0
mean,2040,21,52,ES1 8 bat,0.0
mean,2040,21,53,ES1 8 bat,0.0
mean,2040,21,54,ES1 8 bat,0.0
mean,2040,21,55,ES1 8 bat,0.0
mean,2040,21,56,ES1 8 bat,0.0
mean,2040,21,57,ES1 8 bat,0.0
mean,2040,21,58,ES1 8 bat,0.0
mean,2040,21,59,ES1 8 bat,0.0
mean,2040,21,60,ES1 8 bat,0.0
mean,2040,21,61,ES1 8 bat,0.0
mean,2040,21,62,ES1 8 bat,0.0
mean,2040,21,63,ES1 8 bat,0.0
mean,2040,21,64,ES1 8 bat,0.0
mean,2040,21,65,ES1 8 bat,0.0
mean,2040,21,66,ES1 8 bat,0.0
mean,2040,21,67,ES1 8 bat,0.0
mean,2040,21,68,ES1 8 bat,0.0
mean,2040,21,69,ES1 8 bat,0.0
mean,2040,21,70,ES1 8 bat,0.0
mean,2040,21,71,ES1 8 bat,0.0
mean,2040,21,72,ES1 8 bat,0.0
mean,2040,21,73,ES1 8 bat,0.0
mean,2040,21,74,ES1 8 bat,0.0
mean,2040,21,75,ES1 8 bat,0.0
mean,2040,21,76,ES1 8 bat,0.0
mean,2040,21,77,ES1 8 bat,0.0
mean,2040,21,78,ES1 8 bat,0.0
mean,2040,21,79,ES1 8 bat,0.0
mean,2040,21,80,ES1 8 bat,0.0
mean,2040,21,81,ES1 8 bat,0.0
mean,2040,21,82,ES1 8 bat,0.0
mean,2040,21,83,ES1 8 bat,0.0
mean,2040,21,84,ES1 8 bat,0.0
mean,2040,21,85,ES1 8 bat,0.0
mean,2040,21,86,ES1 8 bat,0.0
mean,2040,21,87,ES1 8 bat,0.0
mean,2040,21,88,ES1 8 bat,0.0
mean,2040,21,89,ES1 8 bat,0.0
mean,2040,21,90,ES1 8 bat,0.0
mean,2040,21,91,ES1 8 bat,0.0
mean,2040,21,92,ES1 8 bat,0.0
mean,2040,21,93,ES1 8 bat,0.0
mean,2040,21,94,ES1 8 bat,0.0
mean,2040,21,95,ES1 8 bat,0.0
mean,2040,21,96,ES1 8 bat,0.0
mean,2040,21,97,ES1 8 bat,0.0
mean,2040,21,98,ES1 8 bat,0.0
mean,2040,21,99,ES1 8 bat,0.0
mean,2040,21,100,ES1 8 bat,0.0
mean,2040,21,101,ES1 8 bat,0.0
mean,2040,21,102,ES1 8 bat,0.0
mean,2040,21,103,ES1 8 bat,0.0
mean,2040,21,104,ES1 8 bat,0.0
mean,2040,21,105,ES1 8 bat,0.0
mean,2040,21,106,ES1 8 bat,0.0
mean,2040,21,107,ES1 8 bat,0.0
mean,2040,21,108,ES1 8 bat,0.0
mean,2040,21,109,ES1 8 bat,0.0
mean,2040,21,110,ES1 8 bat,0.0
mean,2040,21,111,ES1 8 bat,0.0
mean,2040,21,112,ES1 8 bat,0.0
mean,2040,21,113,ES1 8 bat,0.0
mean,2040,21,114,ES1 8 bat,0.0
mean,2040,21,115,ES1 8 bat,0.0
mean,2040,21,116,ES1 8 bat,0.0
mean,2040,21,117,ES1 8 bat,0.0
mean,2040,21,118,ES1 8 bat,0.0
mean,2040,21,119,ES1 8 bat,0.0
mean,2040,21,120,ES1 8 bat,0.0
mean,2040,21,121,ES1 8 bat,0.0
mean,2040,21,122,ES1 8 bat,0.0
mean,2040,21,123,ES1 8 bat,0.0
mean,2040,21,124,ES1 8 bat,0.0
mean,2040,21,125,ES1 8 bat,0.0
mean,2040,21,126,ES1 8 bat,0.0
mean,2040,21,127,ES1 8 bat,0.0
mean,2040,21,128,ES1 8 bat,0.0
mean,2040,21,129,ES1 8 bat,0.0
mean,2040,21,130,ES1 8 bat,0.0
mean,2040,21,131,ES1 8 bat,0.0
mean,2040,21,132,ES1 8 bat,0.0
mean,2040,21,133,ES1 8 bat,0.0
mean,2040,21,134,ES1 8 bat,0.0
mean,2040,21,135,ES1 8 bat,0.0
mean,2040,21,136,ES1 8 bat,0.0
mean,2040,21,137,ES1 8 bat,0.0
mean,2040,21,138,ES1 8 bat,0.0
mean,2040,21,139,ES1 8 bat,0.0
mean,2040,21,140,ES1 8 bat,0.0
mean,2040,21,141,ES1 8 bat,0.0
mean,2040,21,142,ES1 8 bat,0.0
mean,2040,21,143,ES1 8 bat,0.0
mean,2040,21,144,ES1 8 bat,0.0
mean,2040,21,145,ES1 8 bat,0.0
mean,2040,21,146,ES1 8 bat,0.0
mean,2040,21,147,ES1 8 bat,0.0
mean,2040,21,148,ES1 8 bat,0.0
mean,2040,21,149,ES1 8 bat,0.0
mean,2040,21,150,ES1 8 bat,0.0
mean,2040,21,151,ES1 8 bat,0.0
mean,2040,21,152,ES1 8 bat,0.0
mean,2040,21,153,ES1 8 bat,0.0
mean,2040,21,154,ES1 8 bat,0.0
mean,2040,21,155,ES1 8 bat,0.0
mean,2040,21,156,ES1 8 bat,0.0
mean,2040,21,157,ES1 8 bat,0.0
mean,2040,21,158,ES1 8 bat,0.0
mean,2040,21,159,ES1 8 bat,0.0
mean,2040,21,160,ES1 8 bat,0.0
mean,2040,21,161,ES1 8 bat,0.0
mean,2040,21,162,ES1 8 bat,0.0
mean,2040,21,163,ES1 8 bat,0.0
mean,2040,21,164,ES1 8 bat,0.0
mean,2040,21,165,ES1 8 bat,0.0
mean,2040,21,166,ES1 8 bat,0.0
mean,2040,21,167,ES1 8 bat,0.0
mean,2040,42,0,ES1 8 bat,0.0
mean,2040,42,1,ES1 8 bat,0.0
mean,2040,42,2,ES1 8 bat,0.0
mean,2040,42,3,ES1 8 bat,0.0
mean,2040,42,4,ES1 8 bat,0.0
mean,2040,42,5,ES1 8 bat,0.0
mean,2040,42,6,ES1 8 bat,0.0
mean,2040,42,7,ES1 8 bat,0.0
mean,2040,42,8,ES1 8 bat,0.0
mean,2040,42,9,ES1 8 bat,0.0
mean,2040,42,10,ES1 8 bat,0.0
mean,2040,42,11,ES1 8 bat,0.0
mean,2040,42,12,ES1 8 bat,0.0
mean,2040,42,13,ES1 8 bat,0.0
mean,2040,42,14,ES1 8 bat,0.0
mean,2040,42,15,ES1 8 bat,0.0
mean,2040,42,16,ES1 8 bat,0.0
mean,2040,42,17,ES1 8 bat,0.0
mean,2040,42,18,ES1 8 bat,0.0
mean,2040,42,19,ES1 8 bat,0.0
mean,2040,42,20,ES1 8 bat,0.0
mean,2040,42,21,ES1 8 bat,0.0
mean,2040,42,22,ES1 8 bat,0.0
mean,2040,42,23,ES1 8 bat,0.0
mean,2040,42,24,ES1 8 bat,0.0
mean,2040,42,25,ES1 8 bat,0.0
mean,2040,42,26,ES1 8 bat,0.0
mean,2040,42,27,ES1 8 bat,0.0
mean,2040,42,28,ES1 8 bat,0.0
mean,2040,42,29,ES1 8 bat,0.0
mean,2040,42,30,ES1 8 bat,0.0
mean,2040,42,31,ES1 8 bat,0.0
mean,2040,42,32,ES1 8 bat,0.0
mean,2040,42,33,ES1 8 bat,0.0
mean,2040,42,34,ES1 8 bat,0.0
mean,2040,42,35,ES1 8 bat,0.0
mean,2040,42,36,ES1 8 bat,0.0
mean,2040,42,37,ES1 8 bat,0.0
mean,2040,42,38,ES1 8 bat,0.0
mean,2040,42,39,ES1 8 bat,0.0
mean,2040,42,40,ES1 8 bat,0.0
mean,2040,42,41,ES1 8 bat,0.0
mean,2040,42,42,ES1 8 bat,0.0
mean,2040,42,43,ES1 8 bat,0.0
mean,2040,42,44,ES1 8 bat,0.0
mean,2040,42,45,ES1 8 bat,0.0
mean,2040,42,46,ES1 8 bat,0.0
mean,2040,42,47,ES1 8 bat,0.0
mean,2040,42,48,ES1 8 bat,0.0
mean,2040,42,49,ES1 8 bat,0.0
mean,2040,42,50,ES1 8 bat,0.0
mean,2040,42,51,ES1 8 bat,0.0
mean,2040,42,52,ES1 8 bat,0.0
mean,2040,42,53,ES1 8 bat,0.0
mean,2040,42,54,ES1 8 bat,0.0
mean,2040,42,55,ES1 8 bat,0.0
mean,2040,42,56,ES1 8 bat,0.0
mean,2040,42,57,ES1 8 bat,0.0
mean,2040,42,58,ES1 8 bat,0.0
mean,2040,42,59,ES1 8 bat,0.0
mean,2040,42,60,ES1 8 bat,0.0
mean,2040,42,61,ES1 8 bat,0.0
mean,2040,42,62,ES1 8 bat,0.0
mean,2040,42,63,ES1 8 bat,0.0
mean,2040,42,64,ES1 8 bat,0.0
mean,2040,42,65,ES1 8 bat,0.0
mean,2040,42,66,ES1 8 bat,0.0
mean,2040,42,67,ES1 8 bat,0.0
mean,2040,42,68,ES1 8 bat,0.0
mean,2040,42,69,ES1 8 bat,0.0
mean,2040,42,70,ES1 8 bat,0.0
mean,2040,42,71,ES1 8 bat,0.0
mean,2040,42,72,ES1 8 bat,0.0
mean,2040,42,73,ES1 8 bat,0.0
mean,2040,42,74,ES1 8 bat,0.0
mean,2040,42,75,ES1 8 bat,0.0
mean,2040,42,76,ES1 8 bat,0.0
mean,2040,42,77,ES1 8 bat,0.0
mean,2040,42,78,ES1 8 bat,0.0
mean,2040,42,79,ES1 8 bat,0.0
mean,2040,42,80,ES1 8 bat,0.0
mean,2040,42,81,ES1 8 bat,0.0
mean,2040,42,82,ES1 8 bat,0.0
mean,2040,42,83,ES1 8 bat,0.0
mean,2040,42,84,ES1 8 bat,0.0
mean,2040,42,85,ES1 8 bat,0.0
mean,2040,42,86,ES1 8 bat,0.0
mean,2040,42,87,ES1 8 bat,0.0
mean,2040,42,88,ES1 8 bat,0.0
mean,2040,42,89,ES1 8 bat,0.0
mean,2040,42,90,ES1 8 bat,0.0
mean,2040,42,91,ES1 8 bat,0.0
mean,2040,42,92,ES1 8 bat,0.0
mean,2040,42,93,ES1 8 bat,0.0
mean,2040,42,94,ES1 8 bat,0.0
mean,2040,42,95,ES1 8 bat,0.0
mean,2040,42,96,ES1 8 bat,0.0
mean,2040,42,97,ES1 8 bat,0.0
mean,2040,42,98,ES1 8 bat,0.0
mean,2040,42,99,ES1 8 bat,0.0
mean,2040,42,100,ES1 8 bat,0.0
mean,2040,42,101,ES1 8 bat,0.0
mean,2040,42,102,ES1 8 bat,0.0
mean,2040,42,103,ES1 8 bat,0.0
mean,2040,42,104,ES1 8 bat,0.0
mean,2040,42,105,ES1 8 bat,0.0
mean,2040,42,106,ES1 8 bat,0.0
mean,2040,42,107,ES1 8 bat,0.0
mean,2040,42,108,ES1 8 bat,0.0
mean,2040,42,109,ES1 8 bat,0.0
mean,2040,42,110,ES1 8 bat,0.0
mean,2040,42,111,ES1 8 bat,0.0
mean,2040,42,112,ES1 8 bat,0.0
mean,2040,42,113,ES1 8 bat,0.0
mean,2040,42,114,ES1 8 bat,0.0
mean,2040,42,115,ES1 8 bat,0.0
mean,2040,42,116,ES1 8 bat,0.0
mean,2040,42,117,ES1 8 bat,0.0
mean,2040,42,118,ES1 8 bat,0.0
mean,2040,42,119,ES1 8 bat,0.0
mean,2040,42,120,ES1 8 bat,0.0
mean,2040,42,121,ES1 8 bat,0.0
mean,2040,42,122,ES1 8 bat,0.0
mean,2040,42,123,ES1 8 bat,0.0
mean,2040,42,124,ES1 8 bat,0.0
mean,2040,42,125,ES1 8 bat,0.0
mean,2040,42,126,ES1 8 bat,0.0
mean,2040,42,127,ES1 8 bat,0.0
mean,2040,42,128,ES1 8 bat,0.0
mean,2040,42,129,ES1 8 bat,0.0
mean,2040,42,130,ES1 8 bat,0.0
mean,2040,42,131,ES1 8 bat,0.0
mean,2040,42,132,ES1 8 bat,0.0
mean,2040,42,133,ES1 8 bat,0.0
mean,2040,42,134,ES1 8 bat,0.0
mean,2040,42,135,ES1 8 bat,0.0
mean,2040,42,136,ES1 8 bat,0.0
mean,2040,42,137,ES1 8 bat,0.0
mean,2040,42,138,ES1 8 bat,0.0
mean,2040,42,139,ES1 8 bat,0.0
mean,2040,42,140,ES1 8 bat,0.0
mean,2040,42,141,ES1 8 bat,0.0
mean,2040,42,142,ES1 8 bat,0.0
mean,2040,42,143,ES1 8 bat,0.0
mean,2040,42,144,ES1 8 bat,0.0
mean,2040,42,145,ES1 8 bat,0.0
mean,2040,42,146,ES1 8 bat,0.0
mean,2040,42,147,ES1 8 bat,0.0
mean,2040,42,148,ES1 8 bat,0.0
mean,2040,42,149,ES1 8 bat,0.0
mean,2040,42,150,ES1 8 bat,0.0
mean,2040,42,151,ES1 8 bat,0.0
mean,2040,42,152,ES1 8 bat,0.0
mean,2040,42,153,ES1 8 bat,0.0
mean,2040,42,154,ES1 8 bat,0.0
mean,2040,42,155,ES1 8 bat,0.0
mean,2040,42,156,ES1 8 bat,0.0
mean,2040,42,157,ES1 8 bat,0.0
mean,2040,42,158,ES1 8 bat,0.0
mean,2040,42,159,ES1 8 bat,0.0
mean,2040,42,160,ES1 8 bat,0.0
mean,2040,42,161,ES1 8 bat,0.0
mean,2040,42,162,ES1 8 bat,0.0
mean,2040,42,163,ES1 8 bat,0.0
mean,2040,42,164,ES1 8 bat,0.0
mean,2040,42,165,ES1 8 bat,0.0
mean,2040,42,166,ES1 8 bat,0.0
mean,2040,42,167,ES1 8 bat,0.0
mean,2040,52,0,ES1 8 bat,0.0
mean,2040,52,1,ES1 8 bat,0.0
mean,2040,52,2,ES1 8 bat,0.0
mean,2040,52,3,ES1 8 bat,0.0
mean,2040,52,4,ES1 8 bat,0.0
mean,2040,52,5,ES1 8 bat,0.0
mean,2040,52,6,ES1 8 bat,0.0
mean,2040,52,7,ES1 8 bat,0.0
mean,2040,52,8,ES1 8 bat,0.0
mean,2040,52,9,ES1 8 bat,0.0
mean,2040,52,10,ES1 8 bat,0.0
mean,2040,52,11,ES1 8 bat,0.0
mean,2040,52,12,ES1 8 bat,0.0
mean,2040,52,13,ES1 8 bat,0.0
mean,2040,52,14,ES1 8 bat,0.0
mean,2040,52,15,ES1 8 bat,0.0
mean,2040,52,16,ES1 8 bat,0.0
mean,2040,52,17,ES1 8 bat,0.0
mean,2040,52,18,ES1 8 bat,0.0
mean,2040,52,19,ES1 8 bat,0.0
mean,2040,52,20,ES1 8 bat,0.0
mean,2040,52,21,ES1 8 bat,0.0
mean,2040,52,22,ES1 8 bat,0.0
mean,2040,52,23,ES1 8 bat,0.0
mean,2040,52,24,ES1 8 bat,0.0
mean,2040,52,25,ES1 8 bat,0.0
mean,2040,52,26,ES1 8 bat,0.0
mean,2040,52,27,ES1 8 bat,0.0
mean,2040,52,28,ES1 8 bat,0.0
mean,2040,52,29,ES1 8 bat,0.0
mean,2040,52,30,ES1 8 bat,0.0
mean,2040,52,31,ES1 8 bat,0.0
mean,2040,52,32,ES1 8 bat,0.0
mean,2040,52,33,ES1 8 bat,0.0
mean,2040,52,34,ES1 8 bat,0.0
mean,2040,52,35,ES1 8 bat,0.0
mean,2040,52,36,ES1 8 bat,0.0
mean,2040,52,37,ES1 8 bat,0.0
mean,2040,52,38,ES1 8 bat,0.0
mean,2040,52,39,ES1 8 bat,0.0
mean,2040,52,40,ES1 8 bat,0.0
mean,2040,52,41,ES1 8 bat,0.0
mean,2040,52,42,ES1 8 bat,0.0
mean,2040,52,43,ES1 8 bat,0.0
mean,2040,52,44,ES1 8 bat,0.0
mean,2040,52,45,ES1 8 bat,0.0
mean,2040,52,46,ES1 8 bat,0.0
mean,2040,52,47,ES1 8 bat,0.0
mean,2040,52,48,ES1 8 bat,0.0
mean,2040,52,49,ES1 8 bat,0.0
mean,2040,52,50,ES1 8 bat,0.0
mean,2040,52,51,ES1 8 bat,0.0
mean,2040,52,52,ES1 8 bat,0.0
mean,2040,52,53,ES1 8 bat,0.0
mean,2040,52,54,ES1 8 bat,0.0
mean,2040,52,55,ES1 8 bat,0.0
mean,2040,52,56,ES1 8 bat,0.0
mean,2040,52,57,ES1 8 bat,0.0
mean,2040,52,58,ES1 8 bat,0.0
mean,2040,52,59,ES1 8 bat,0.0
mean,2040,52,60,ES1 8 bat,0.0
mean,2040,52,61,ES1 8 bat,0.0
mean,2040,52,62,ES1 8 bat,0.0
mean,2040,52,63,ES1 8 bat,0.0
mean,2040,52,64,ES1 8 bat,0.0
mean,2040,52,65,ES1 8 bat,0.0
mean,2040,52,66,ES1 8 bat,0.0
mean,2040,52,67,ES1 8 bat,0.0
mean,2040,52,68,ES1 8 bat,0.0
mean,2040,52,69,ES1 8 bat,0.0
mean,2040,52,70,ES1 8 bat,0.0
mean,2040,52,71,ES1 8 bat,0.0
mean,2040,52,72,ES1 8 bat,0.0
mean,2040,52,73,ES1 8 bat,0.0
mean,2040,52,74,ES1 8 bat,0.0
mean,2040,52,75,ES1 8 bat,0.0
mean,2040,52,76,ES1 8 bat,0.0
mean,2040,52,77,ES1 8 bat,0.0
mean,2040,52,78,ES1 8 bat,0.0
mean,2040,52,79,ES1 8 bat,0.0
mean,2040,52,80,ES1 8 bat,0.0
mean,2040,52,81,ES1 8 bat,0.0
mean,2040,52,82,ES1 8 bat,0.0
mean,2040,52,83,ES1 8 bat,0.0
mean,2040,52,84,ES1 8 bat,0.0
mean,2040,52,85,ES1 8 bat,0.0
mean,2040,52,86,ES1 8 bat,0.0
mean,2040,52,87,ES1 8 bat,0.0
mean,2040,52,88,ES1 8 bat,0.0
mean,2040,52,89,ES1 8 bat,0.0
mean,2040,52,90,ES1 8 bat,0.0
mean,2040,52,91,ES1 8 bat,0.0
mean,2040,52,92,ES1 8 bat,0.0
mean,2040,52,93,ES1 8 bat,0.0
mean,2040,52,94,ES1 8 bat,0.0
mean,2040,52,95,ES1 8 bat,0.0
mean,2040,52,96,ES1 8 bat,0.0
mean,2040,52,97,ES1 8 bat,0.0
mean,2040,52,98,ES1 8 bat,0.0
mean,2040,52,99,ES1 8 bat,0.0
mean,2040,52,100,ES1 8 bat,0.0
mean,2040,52,101,ES1 8 bat,0.0
mean,2040,52,102,ES1 8 bat,0.0
mean,2040,52,103,ES1 8 bat,0.0
mean,2040,52,104,ES1 8 bat,0.0
mean,2040,52,105,ES1 8 bat,0.0
mean,2040,52,106,ES1 8 bat,0.0
mean,2040,52,107,ES1 8 bat,0.0
mean,2040,52,108,ES1 8 bat,0.0
mean,2040,52,109,ES1 8 bat,0.0
mean,2040,52,110,ES1 8 bat,0.0
mean,2040,52,111,ES1 8 bat,0.0
mean,2040,52,112,ES1 8 bat,0.0
mean,2040,52,113,ES1 8 bat,0.0
mean,2040,52,114,ES1 8 bat,0.0
mean,2040,52,115,ES1 8 bat,0.0
mean,2040,52,116,ES1 8 bat,0.0
mean,2040,52,117,ES1 8 bat,0.0
mean,2040,52,118,ES1 8 bat,0.0
mean,2040,52,119,ES1 8 bat,0.0
mean,2040,52,120,ES1 8 bat,0.0
mean,2040,52,121,ES1 8 bat,0.0
mean,2040,52,122,ES1 8 bat,0.0
mean,2040,52,123,ES1 8 bat,0.0
mean,2040,52,124,ES1 8 bat,0.0
mean,2040,52,125,ES1 8 bat,0.0
mean,2040,52,126,ES1 8 bat,0.0
mean,2040,52,127,ES1 8 bat,0.0
mean,2040,52,128,ES1 8 bat,0.0
mean,2040,52,129,ES1 8 bat,0.0
mean,2040,52,130,ES1 8 bat,0.0
mean,2040,52,131,ES1 8 bat,0.0
mean,2040,52,132,ES1 8 bat,0.0
mean,2040,52,133,ES1 8 bat,0.0
mean,2040,52,134,ES1 8 bat,0.0
mean,2040,52,135,ES1 8 bat,0.0
mean,2040,52,136,ES1 8 bat,0.0
mean,2040,52,137,ES1 8 bat,0.0
mean,2040,52,138,ES1 8 bat,0.0
mean,2040,52,139,ES1 8 bat,0.0
mean,2040,52,140,ES1 8 bat,0.0
mean,2040,52,141,ES1 8 bat,0.0
mean,2040,52,142,ES1 8 bat,0.0
mean,2040,52,143,ES1 8 bat,0.0
mean,2040,52,144,ES1 8 bat,0.0
mean,2040,52,145,ES1 8 bat,0.0
mean,2040,52,146,ES1 8 bat,0.0
mean,2040,52,147,ES1 8 bat,0.0
mean,2040,52,148,ES1 8 bat,0.0
mean,2040,52,149,ES1 8 bat,0.0
mean,2040,52,150,ES1 8 bat,0.0
mean,2040,52,151,ES1 8 bat,0.0
mean,2040,52,152,ES1 8 bat,0.0
mean,2040,52,153,ES1 8 bat,0.0
mean,2040,52,154,ES1 8 bat,0.0
mean,2040,52,155,ES1 8 bat,0.0
mean,2040,52,156,ES1 8 bat,0.0
mean,2040,52,157,ES1 8 bat,0.0
mean,2040,52,158,ES1 8 bat,0.0
mean,2040,52,159,ES1 8 bat,0.0
mean,2040,52,160,ES1 8 bat,0.0
mean,2040,52,161,ES1 8 bat,0.0
mean,2040,52,162,ES1 8 bat,0.0
mean,2040,52,163,ES1 8 bat,0.0
mean,2040,52,164,ES1 8 bat,0.0
mean,2040,52,165,ES1 8 bat,0.0
mean,2040,52,166,ES1 8 bat,0.0
mean,2040,52,167,ES1 8 bat,0.0
mean,2050,11,0,ES1 8 bat,0.0
mean,2050,11,1,ES1 8 bat,0.0
mean,2050,11,2,ES1 8 bat,0.0
mean,2050,11,3,ES1 8 bat,0.0
mean,2050,11,4,ES1 8 bat,0.0
mean,2050,11,5,ES1 8 bat,0.0
mean,2050,11,6,ES1 8 bat,0.0
mean,2050,11,7,ES1 8 bat,0.0
mean,2050,11,8,ES1 8 bat,0.0
mean,2050,11,9,ES1 8 bat,0.0
mean,2050,11,10,ES1 8 bat,0.0
mean,2050,11,11,ES1 8 bat,0.0
mean,2050,11,12,ES1 8 bat,0.0
mean,2050,11,13,ES1 8 bat,0.0
mean,2050,11,14,ES1 8 bat,0.0
mean,2050,11,15,ES1 8 bat,0.0
mean,2050,11,16,ES1 8 bat,0.0
mean,2050,11,17,ES1 8 bat,0.0
mean,2050,11,18,ES1 8 bat,0.0
mean,2050,11,19,ES1 8 bat,0.0
mean,2050,11,20,ES1 8 bat,0.0
mean,2050,11,21,ES1 8 bat,0.0
mean,2050,11,22,ES1 8 bat,0.0
mean,2050,11,23,ES1 8 bat,0.0
mean,2050,11,24,ES1 8 bat,0.0
mean,2050,11,25,ES1 8 bat,0.0
mean,2050,11,26,ES1 8 bat,0.0
mean,2050,11,27,ES1 8 bat,0.0
mean,2050,11,28,ES1 8 bat,0.0
mean,2050,11,29,ES1 8 bat,0.0
mean,2050,11,30,ES1 8 bat,0.0
mean,2050,11,31,ES1 8 bat,0.0
mean,2050,11,32,ES1 8 bat,0.0
mean,2050,11,33,ES1 8 bat,0.0
mean,2050,11,34,ES1 8 bat,0.0
mean,2050,11,35,ES1 8 bat,0.0
mean,2050,11,36,ES1 8 bat,0.0
mean,2050,11,37,ES1 8 bat,0.0
mean,2050,11,38,ES1 8 bat,0.0
mean,2050,11,39,ES1 8 bat,0.0
mean,2050,11,40,ES1 8 bat,0.0
mean,2050,11,41,ES1 8 bat,0.0
mean,2050,11,42,ES1 8 bat,0.0
mean,2050,11,43,ES1 8 bat,0.0
mean,2050,11,44,ES1 8 bat,0.0
mean,2050,11,45,ES1 8 bat,0.0
mean,2050,11,46,ES1 8 bat,0.0
mean,2050,11,47,ES1 8 bat,0.0
mean,2050,11,48,ES1 8 bat,0.0
mean,2050,11,49,ES1 8 bat,0.0
mean,2050,11,50,ES1 8 bat,0.0
mean,2050,11,51,ES1 8 bat,0.0
mean,2050,11,52,ES1 8 bat,0.0
mean,2050,11,53,ES1 8 bat,0.0
mean,2050,11,54,ES1 8 bat,0.0
mean,2050,11,55,ES1 8 bat,0.0
mean,2050,11,56,ES1 8 bat,0.0
mean,2050,11,57,ES1 8 bat,0.0
mean,2050,11,58,ES1 8 bat,0.0
mean,2050,11,59,ES1 8 bat,0.0
mean,2050,11,60,ES1 8 bat,0.0
mean,2050,11,61,ES1 8 bat,0.0
mean,2050,11,62,ES1 8 bat,0.0
mean,2050,11,63,ES1 8 bat,0.0
mean,2050,11,64,ES1 8 bat,0.0
mean,2050,11,65,ES1 8 bat,0.0
mean,2050,11,66,ES1 8 bat,0.0
mean,2050,11,67,ES1 8 bat,0.0
mean,2050,11,68,ES1 8 bat,0.0
mean,2050,11,69,ES1 8 bat,0.0
mean,2050,11,70,ES1 8 bat,0.0
mean,2050,11,71,ES1 8 bat,0.0
mean,2050,11,72,ES1 8 bat,0.0
mean,2050,11,73,ES1 8 bat,0.0
mean,2050,11,74,ES1 8 bat,0.0
mean,2050,11,75,ES1 8 bat,0.0
mean,2050,11,76,ES1 8 bat,0.0
mean,2050,11,77,ES1 8 bat,0.0
mean,2050,11,78,ES1 8 bat,0.0
mean,2050,11,79,ES1 8 bat,0.0
mean,2050,11,80,ES1 8 bat,0.0
mean,2050,11,81,ES1 8 bat,0.0
mean,2050,11,82,ES1 8 bat,0.0
mean,2050,11,83,ES1 8 bat,0.0
mean,2050,11,84,ES1 8 bat,0.0
mean,2050,11,85,ES1 8 bat,0.0
mean,2050,11,86,ES1 8 bat,0.0
mean,2050,11,87,ES1 8 bat,0.0
mean,2050,11,88,ES1 8 bat,0.0
mean,2050,11,89,ES1 8 bat,0.0
mean,2050,11,90,ES1 8 bat,0.0
mean,2050,11,91,ES1 8 bat,0.0
mean,2050,11,92,ES1 8 bat,0.0
mean,2050,11,93,ES1 8 bat,0.0
mean,2050,11,94,ES1 8 bat,0.0
mean,2050,11,95,ES1 8 bat,0.0
mean,2050,11,96,ES1 8 bat,0.0
mean,2050,11,97,ES1 8 bat,0.0
mean,2050,11,98,ES1 8 bat,0.0
mean,2050,11,99,ES1 8 bat,0.0
mean,2050,11,100,ES1 8 bat,0.0
mean,2050,11,101,ES1 8 bat,0.0
mean,2050,11,102,ES1 8 bat,0.0
mean,2050,11,103,ES1 8 bat,0.0
mean,2050,11,104,ES1 8 bat,0.0
mean,2050,11,105,ES1 8 bat,0.0
mean,2050,11,106,ES1 8 bat,0.0
mean,2050,11,107,ES1 8 bat,0.0
mean,2050,11,108,ES1 8 bat,0.0
mean,2050,11,109,ES1 8 bat,0.0
mean,2050,11,110,ES1 8 bat,0.0
mean,2050,11,111,ES1 8 bat,0.0
mean,2050,11,112,ES1 8 bat,0.0
mean,2050,11,113,ES1 8 bat,0.0
mean,2050,11,114,ES1 8 bat,0.0
mean,2050,11,115,ES1 8 bat,0.0
mean,2050,11,116,ES1 8 bat,0.0
mean,2050,11,117,ES1 8 bat,0.0
mean,2050,11,118,ES1 8 bat,0.0
mean,2050,11,119,ES1 8 bat,0.0
mean,2050,11,120,ES1 8 bat,0.0
mean,2050,11,121,ES1 8 bat,0.0
mean,2050,11,122,ES1 8 bat,0.0
mean,2050,11,123,ES1 8 bat,0.0
mean,2050,11,124,ES1 8 bat,0.0
mean,2050,11,125,ES1 8 bat,0.0
mean,2050,11,126,ES1 8 bat,0.0
mean,2050,11,127,ES1 8 bat,0.0
mean,2050,11,128,ES1 8 bat,0.0
mean,2050,11,129,ES1 8 bat,0.0
mean,2050,11,130,ES1 8 bat,0.0
mean,2050,11,131,ES1 8 bat,0.0
mean,2050,11,132,ES1 8 bat,0.0
mean,2050,11,133,ES1 8 bat,0.0
mean,2050,11,134,ES1 8 bat,0.0
mean,2050,11,135,ES1 8 bat,0.0
mean,2050,11,136,ES1 8 bat,0.0
mean,2050,11,137,ES1 8 bat,0.0
mean,2050,11,138,ES1 8 bat,0.0
mean,2050,11,139,ES1 8 bat,0.0
mean,2050,11,140,ES1 8 bat,0.0
mean,2050,11,141,ES1 8 bat,0.0
mean,2050,11,142,ES1 8 bat,0.0
mean,2050,11,143,ES1 8 bat,0.0
mean,2050,11,144,ES1 8 bat,0.0
mean,2050,11,145,ES1 8 bat,0.0
mean,2050,11,146,ES1 8 bat,0.0
mean,2050,11,147,ES1 8 bat,0.0
mean,2050,11,148,ES1 8 bat,0.0
mean,2050,11,149,ES1 8 bat,0.0
mean,2050,11,150,ES1 8 bat,0.0
mean,2050,11,151,ES1 8 bat,0.0
mean,2050,11,152,ES1 8 bat,0.0
mean,2050,11,153,ES1 8 bat,0.0
mean,2050,11,154,ES1 8 bat,0.0
mean,2050,11,155,ES1 8 bat,0.0
mean,2050,11,156,ES1 8 bat,0.0
mean,2050,11,157,ES1 8 bat,0.0
mean,2050,11,158,ES1 8 bat,0.0
mean,2050,11,159,ES1 8 bat,0.0
mean,2050,11,160,ES1 8 bat,0.0
mean,2050,11,161,ES1 8 bat,0.0
mean,2050,11,162,ES1 8 bat,0.0
mean,2050,11,163,ES1 8 bat,0.0
mean,2050,11,164,ES1 8 bat,0.0
mean,2050,11,165,ES1 8 bat,0.0
mean,2050,11,166,ES1 8 bat,0.0
mean,2050,11,167,ES1 8 bat,0.0
mean,2050,21,0,ES1 8 bat,0.0
mean,2050,21,1,ES1 8 bat,0.0
mean,2050,21,2,ES1 8 bat,0.0
mean,2050,21,3,ES1 8 bat,0.0
mean,2050,21,4,ES1 8 bat,0.0
mean,2050,21,5,ES1 8 bat,0.0
mean,2050,21,6,ES1 8 bat,0.0
mean,2050,21,7,ES1 8 bat,0.0
mean,2050,21,8,ES1 8 bat,0.0
mean,2050,21,9,ES1 8 bat,0.0
mean,2050,21,10,ES1 8 bat,0.0
mean,2050,21,11,ES1 8 bat,0.0
mean,2050,21,12,ES1 8 bat,0.0
mean,2050,21,13,ES1 8 bat,0.0
mean,2050,21,14,ES1 8 bat,0.0
mean,2050,21,15,ES1 8 bat,0.0
mean,2050,21,16,ES1 8 bat,0.0
mean,2050,21,17,ES1 8 bat,0.0
mean,2050,21,18,ES1 8 bat,0.0
mean,2050,21,19,ES1 8 bat,0.0
mean,2050,21,20,ES1 8 bat,0.0
mean,2050,21,21,ES1 8 bat,0.0
mean,2050,21,22,ES1 8 bat,0.0
mean,2050,21,23,ES1 8 bat,0.0
mean,2050,21,24,ES1 8 bat,0.0
mean,2050,21,25,ES1 8 bat,0.0
mean,2050,21,26,ES1 8 bat,0.0
mean,2050,21,27,ES1 8 bat,0.0
mean,2050,21,28,ES1 8 bat,0.0
mean,2050,21,29,ES1 8 bat,0.0
mean,2050,21,30,ES1 8 bat,0.0
mean,2050,21,31,ES1 8 bat,0.0
mean,2050,21,32,ES1 8 bat,0.0
mean,2050,21,33,ES1 8 bat,0.0
mean,2050,21,34,ES1 8 bat,0.0
mean,2050,21,35,ES1 8 bat,0.0
mean,2050,21,36,ES1 8 bat,0.0
mean,2050,21,37,ES1 8 bat,0.0
mean,2050,21,38,ES1 8 bat,0.0
mean,2050,21,39,ES1 8 bat,0.0
mean,2050,21,40,ES1 8 bat,0.0
mean,2050,21,41,ES1 8 bat,0.0
mean,2050,21,42,ES1 8 bat,0.0
mean,2050,21,43,ES1 8 bat,0.0
mean,2050,21,44,ES1 8 bat,0.0
mean,2050,21,45,ES1 8 bat,0.0
mean,2050,21,46,ES1 8 bat,0.0
mean,2050,21,47,ES1 8 bat,0.0
mean,2050,21,48,ES1 8 bat,0.0
mean,2050,21,49,ES1 8 bat,0.0
mean,2050,21,50,ES1 8 bat,0.0
mean,2050,21,51,ES1 8 bat,0.0
mean,2050,21,52,ES1 8 bat,0.0
mean,2050,21,53,ES1 8 bat,0.0
mean,2050,21,54,ES1 8 bat,0.0
mean,2050,21,55,ES1 8 bat,0.0
mean,2050,21,56,ES1 8 bat,0.0
mean,2050,21,57,ES1 8 bat,0.0
mean,2050,21,58,ES1 8 bat,0.0
mean,2050,21,59,ES1 8 bat,0.0
mean,2050,21,60,ES1 8 bat,0.0
mean,2050,21,61,ES1 8 bat,0.0
mean,2050,21,62,ES1 8 bat,0.0
mean,2050,21,63,ES1 8 bat,0.0
mean,2050,21,64,ES1 8 bat,0.0
mean,2050,21,65,ES1 8 bat,0.0
mean,2050,21,66,ES1 8 bat,0.0
mean,2050,21,67,ES1 8 bat,0.0
mean,2050,21,68,ES1 8 bat,0.0
mean,2050,21,69,ES1 8 bat,0.0
mean,2050,21,70,ES1 8 bat,0.0
mean,2050,21,71,ES1 8 bat,0.0
mean,2050,21,72,ES1 8 bat,0.0
mean,2050,21,73,ES1 8 bat,0.0
mean,2050,21,74,ES1 8 bat,0.0
mean,2050,21,75,ES1 8 bat,0.0
mean,2050,21,76,ES1 8 bat,0.0
mean,2050,21,77,ES1 8 bat,0.0
mean,2050,21,78,ES1 8 bat,0.0
mean,2050,21,79,ES1 8 bat,0.0
mean,2050,21,80,ES1 8 bat,0.0
mean,2050,21,81,ES1 8 bat,0.0
mean,2050,21,82,ES1 8 bat,0.0
mean,2050,21,83,ES1 8 bat,0.0
mean,2050,21,84,ES1 8 bat,0.0
mean,2050,21,85,ES1 8 bat,0.0
mean,2050,21,86,ES1 8 bat,0.0
mean,2050,21,87,ES1 8 bat,0.0
mean,2050,21,88,ES1 8 bat,0.0
mean,2050,21,89,ES1 8 bat,0.0
mean,2050,21,90,ES1 8 bat,0.0
mean,2050,21,91,ES1 8 bat,0.0
mean,2050,21,92,ES1 8 bat,0.0
mean,2050,21,93,ES1 8 bat,0.0
mean,2050,21,94,ES1 8 bat,0.0
mean,2050,21,95,ES1 8 bat,0.0
mean,2050,21,96,ES1 8 bat,0.0
mean,2050,21,97,ES1 8 bat,0.0
mean,2050,21,98,ES1 8 bat,0.0
mean,2050,21,99,ES1 8 bat,0.0
mean,2050,21,100,ES1 8 bat,0.0
mean,2050,21,101,ES1 8 bat,0.0
mean,2050,21,102,ES1 8 bat,0.0
mean,2050,21,103,ES1 8 bat,0.0
mean,2050,21,104,ES1 8 bat,0.0
mean,2050,21,105,ES1 8 bat,0.0
mean,2050,21,106,ES1 8 bat,0.0
mean,2050,21,107,ES1 8 bat,0.0
mean,2050,21,108,ES1 8 bat,0.0
mean,2050,21,109,ES1 8 bat,0.0
mean,2050,21,110,ES1 8 bat,0.0
mean,2050,21,111,ES1 8 bat,0.0
mean,2050,21,112,ES1 8 bat,0.0
mean,2050,21,113,ES1 8 bat,0.0
mean,2050,21,114,ES1 8 bat,0.0
mean,2050,21,115,ES1 8 bat,0.0
mean,2050,21,116,ES1 8 bat,0.0
mean,2050,21,117,ES1 8 bat,0.0
mean,2050,21,118,ES1 8 bat,0.0
mean,2050,21,119,ES1 8 bat,0.0
mean,2050,21,120,ES1 8 bat,0.0
mean,2050,21,121,ES1 8 bat,0.0
mean,2050,21,122,ES1 8 bat,0.0
mean,2050,21,123,ES1 8 bat,0.0
mean,2050,21,124,ES1 8 bat,0.0
mean,2050,21,125,ES1 8 bat,0.0
mean,2050,21,126,ES1 8 bat,0.0
mean,2050,21,127,ES1 8 bat,0.0
mean,2050,21,128,ES1 8 bat,0.0
mean,2050,21,129,ES1 8 bat,0.0
mean,2050,21,130,ES1 8 bat,0.0
mean,2050,21,131,ES1 8 bat,0.0
mean,2050,21,132,ES1 8 bat,0.0
mean,2050,21,133,ES1 8 bat,0.0
mean,2050,21,134,ES1 8 bat,0.0
mean,2050,21,135,ES1 8 bat,0.0
mean,2050,21,136,ES1 8 bat,0.0
mean,2050,21,137,ES1 8 bat,0.0
mean,2050,21,138,ES1 8 bat,0.0
mean,2050,21,139,ES1 8 bat,0.0
mean,2050,21,140,ES1 8 bat,0.0
mean,2050,21,141,ES1 8 bat,0.0
mean,2050,21,142,ES1 8 bat,0.0
mean,2050,21,143,ES1 8 bat,0.0
mean,2050,21,144,ES1 8 bat,0.0
mean,2050,21,145,ES1 8 bat,0.0
mean,2050,21,146,ES1 8 bat,0.0
mean,2050,21,147,ES1 8 bat,0.0
mean,2050,21,148,ES1 8 bat,0.0
mean,2050,21,149,ES1 8 bat,0.0
mean,2050,21,150,ES1 8 bat,0.0
mean,2050,21,151,ES1 8 bat,0.0
mean,2050,21,152,ES1 8 bat,0.0
mean,2050,21,153,ES1 8 bat,0.0
mean,2050,21,154,ES1 8 bat,0.0
mean,2050,21,155,ES1 8 bat,0.0
mean,2050,21,156,ES1 8 bat,0.0
mean,2050,21,157,ES1 8 bat,0.0
mean,2050,21,158,ES1 8 bat,0.0
mean,2050,21,159,ES1 8 bat,0.0
mean,2050,21,160,ES1 8 bat,0.0
mean,2050,21,161,ES1 8 bat,0.0
mean,2050,21,162,ES1 8 bat,0.0
mean,2050,21,163,ES1 8 bat,0.0
mean,2050,21,164,ES1 8 bat,0.0
mean,2050,21,165,ES1 8 bat,0.0
mean,2050,21,166,ES1 8 bat,0.0
mean,2050,21,167,ES1 8 bat,0.0
mean,2050,42,0,ES1 8 bat,0.0
mean,2050,42,1,ES1 8 bat,0.0
mean,2050,42,2,ES1 8 bat,0.0
mean,2050,42,3,ES1 8 bat,0.0
mean,2050,42,4,ES1 8 bat,0.0
mean,2050,42,5,ES1 8 bat,0.0
mean,2050,42,6,ES1 8 bat,0.0
mean,2050,42,7,ES1 8 bat,0.0
mean,2050,42,8,ES1 8 bat,0.0
mean,2050,42,9,ES1 8 bat,0.0
mean,2050,42,10,ES1 8 bat,0.0
mean,2050,42,11,ES1 8 bat,0.0
mean,2050,42,12,ES1 8 bat,0.0
mean,2050,42,13,ES1 8 bat,0.0
mean,2050,42,14,ES1 8 bat,0.0
mean,2050,42,15,ES1 8 bat,0.0
mean,2050,42,16,ES1 8 bat,0.0
mean,2050,42,17,ES1 8 bat,0.0
mean,2050,42,18,ES1 8 bat,0.0
mean,2050,42,19,ES1 8 bat,0.0
mean,2050,42,20,ES1 8 bat,0.0
mean,2050,42,21,ES1 8 bat,0.0
mean,2050,42,22,ES1 8 bat,0.0
mean,2050,42,23,ES1 8 bat,0.0
mean,2050,42,24,ES1 8 bat,0.0
mean,2050,42,25,ES1 8 bat,0.0
mean,2050,42,26,ES1 8 bat,0.0
mean,2050,42,27,ES1 8 bat,0.0
mean,2050,42,28,ES1 8 bat,0.0
mean,2050,42,29,ES1 8 bat,0.0
mean,2050,42,30,ES1 8 bat,0.0
mean,2050,42,31,ES1 8 bat,0.0
mean,2050,42,32,ES1 8 bat,0.0
mean,2050,42,33,ES1 8 bat,0.0
mean,2050,42,34,ES1 8 bat,0.0
mean,2050,42,35,ES1 8 bat,0.0
mean,2050,42,36,ES1 8 bat,0.0
mean,2050,42,37,ES1 8 bat,0.0
mean,2050,42,38,ES1 8 bat,0.0
mean,2050,42,39,ES1 8 bat,0.0
mean,2050,42,40,ES1 8 bat,0.0
mean,2050,42,41,ES1 8 bat,0.0
mean,2050,42,42,ES1 8 bat,0.0
mean,2050,42,43,ES1 8 bat,0.0
mean,2050,42,44,ES1 8 bat,0.0
mean,2050,42,45,ES1 8 bat,0.0
mean,2050,42,46,ES1 8 bat,0.0
mean,2050,42,47,ES1 8 bat,0.0
mean,2050,42,48,ES1 8 bat,0.0
mean,2050,42,49,ES1 8 bat,0.0
mean,2050,42,50,ES1 8 bat,0.0
mean,2050,42,51,ES1 8 bat,0.0
mean,2050,42,52,ES1 8 bat,0.0
mean,2050,42,53,ES1 8 bat,0.0
mean,2050,42,54,ES1 8 bat,0.0
mean,2050,42,55,ES1 8 bat,0.0
mean,2050,42,56,ES1 8 bat,0.0
mean,2050,42,57,ES1 8 bat,0.0
mean,2050,42,58,ES1 8 bat,0.0
mean,2050,42,59,ES1 8 bat,0.0
mean,2050,42,60,ES1 8 bat,0.0
mean,2050,42,61,ES1 8 bat,0.0
mean,2050,42,62,ES1 8 bat,0.0
mean,2050,42,63,ES1 8 bat,0.0
mean,2050,42,64,ES1 8 bat,0.0
mean,2050,42,65,ES1 8 bat,0.0
mean,2050,42,66,ES1 8 bat,0.0
mean,2050,42,67,ES1 8 bat,0.0
mean,2050,42,68,ES1 8 bat,0.0
mean,2050,42,69,ES1 8 bat,0.0
mean,2050,42,70,ES1 8 bat,0.0
mean,2050,42,71,ES1 8 bat,0.0
mean,2050,42,72,ES1 8 bat,0.0
mean,2050,42,73,ES1 8 bat,0.0
mean,2050,42,74,ES1 8 bat,0.0
mean,2050,42,75,ES1 8 bat,0.0
mean,2050,42,76,ES1 8 bat,0.0
mean,2050,42,77,ES1 8 bat,0.0
mean,2050,42,78,ES1 8 bat,0.0
mean,2050,42,79,ES1 8 bat,0.0
mean,2050,42,80,ES1 8 bat,0.0
mean,2050,42,81,ES1 8 bat,0.0
mean,2050,42,82,ES1 8 bat,0.0
mean,2050,42,83,ES1 8 bat,0.0
mean,2050,42,84,ES1 8 bat,0.0
mean,2050,42,85,ES1 8 bat,0.0
mean,2050,42,86,ES1 8 bat,0.0
mean,2050,42,87,ES1 8 bat,0.0
mean,2050,42,88,ES1 8 bat,0.0
mean,2050,42,89,ES1 8 bat,0.0
mean,2050,42,90,ES1 8 bat,0.0
mean,2050,42,91,ES1 8 bat,0.0
mean,2050,42,92,ES1 8 bat,0.0
mean,2050,42,93,ES1 8 bat,0.0
mean,2050,42,94,ES1 8 bat,0.0
mean,2050,42,95,ES1 8 bat,0.0
mean,2050,42,96,ES1 8 bat,0.0
mean,2050,42,97,ES1 8 bat,0.0
mean,2050,42,98,ES1 8 bat,0.0
mean,2050,42,99,ES1 8 bat,0.0
mean,2050,42,100,ES1 8 bat,0.0
mean,2050,42,101,ES1 8 bat,0.0
mean,2050,42,102,ES1 8 bat,0.0
mean,2050,42,103,ES1 8 bat,0.0
mean,2050,42,104,ES1 8 bat,0.0
mean,2050,42,105,ES1 8 bat,0.0
mean,2050,42,106,ES1 8 bat,0.0
mean,2050,42,107,ES1 8 bat,0.0
mean,2050,42,108,ES1 8 bat,0.0
mean,2050,42,109,ES1 8 bat,0.0
mean,2050,42,110,ES1 8 bat,0.0
mean,2050,42,111,ES1 8 bat,0.0
mean,2050,42,112,ES1 8 bat,0.0
mean,2050,42,113,ES1 8 bat,0.0
mean,2050,42,114,ES1 8 bat,0.0
mean,2050,42,115,ES1 8 bat,0.0
mean,2050,42,116,ES1 8 bat,0.0
mean,2050,42,117,ES1 8 bat,0.0
mean,2050,42,118,ES1 8 bat,0.0
mean,2050,42,119,ES1 8 bat,0.0
mean,2050,42,120,ES1 8 bat,0.0
mean,2050,42,121,ES1 8 bat,0.0
mean,2050,42,122,ES1 8 bat,0.0
mean,2050,42,123,ES1 8 bat,0.0
mean,2050,42,124,ES1 8 bat,0.0
mean,2050,42,125,ES1 8 bat,0.0
mean,2050,42,126,ES1 8 bat,0.0
mean,2050,42,127,ES1 8 bat,0.0
mean,2050,42,128,ES1 8 bat,0.0
mean,2050,42,129,ES1 8 bat,0.0
mean,2050,42,130,ES1 8 bat,0.0
mean,2050,42,131,ES1 8 bat,0.0
mean,2050,42,132,ES1 8 bat,0.0
mean,2050,42,133,ES1 8 bat,0.0
mean,2050,42,134,ES1 8 bat,0.0
mean,2050,42,135,ES1 8 bat,0.0
mean,2050,42,136,ES1 8 bat,0.0
mean,2050,42,137,ES1 8 bat,0.0
mean,2050,42,138,ES1 8 bat,0.0
mean,2050,42,139,ES1 8 bat,0.0
mean,2050,42,140,ES1 8 bat,0.0
mean,2050,42,141,ES1 8 bat,0.0
mean,2050,42,142,ES1 8 bat,0.0
mean,2050,42,143,ES1 8 bat,0.0
mean,2050,42,144,ES1 8 bat,0.0
mean,2050,42,145,ES1 8 bat,0.0
mean,2050,42,146,ES1 8 bat,0.0
mean,2050,42,147,ES1 8 bat,0.0
mean,2050,42,148,ES1 8 bat,0.0
mean,2050,42,149,ES1 8 bat,0.0
mean,2050,42,150,ES1 8 bat,0.0
mean,2050,42,151,ES1 8 bat,0.0
mean,2050,42,152,ES1 8 bat,0.0
mean,2050,42,153,ES1 8 bat,0.0
mean,2050,42,154,ES1 8 bat,0.0
mean,2050,42,155,ES1 8 bat,0.0
mean,2050,42,156,ES1 8 bat,0.0
mean,2050,42,157,ES1 8 bat,0.0
mean,2050,42,158,ES1 8 bat,0.0
mean,2050,42,159,ES1 8 bat,0.0
mean,2050,42,160,ES1 8 bat,0.0
mean,2050,42,161,ES1 8 bat,0.0
mean,2050,42,162,ES1 8 bat,0.0
mean,2050,42,163,ES1 8 bat,0.0
mean,2050,42,164,ES1 8 bat,0.0
mean,2050,42,165,ES1 8 bat,0.0
mean,2050,42,166,ES1 8 bat,0.0
mean,2050,42,167,ES1 8 bat,0.0
mean,2050,52,0,ES1 8 bat,0.0
mean,2050,52,1,ES1 8 bat,0.0
mean,2050,52,2,ES1 8 bat,0.0
mean,2050,52,3,ES1 8 bat,0.0
mean,2050,52,4,ES1 8 bat,0.0
mean,2050,52,5,ES1 8 bat,0.0
mean,2050,52,6,ES1 8 bat,0.0
mean,2050,52,7,ES1 8 bat,0.0
mean,2050,52,8,ES1 8 bat,0.0
mean,2050,52,9,ES1 8 bat,0.0
mean,2050,52,10,ES1 8 bat,0.0
mean,2050,52,11,ES1 8 bat,0.0
mean,2050,52,12,ES1 8 bat,0.0
mean,2050,52,13,ES1 8 bat,0.0
mean,2050,52,14,ES1 8 bat,0.0
mean,2050,52,15,ES1 8 bat,0.0
mean,2050,52,16,ES1 8 bat,0.0
mean,2050,52,17,ES1 8 bat,0.0
mean,2050,52,18,ES1 8 bat,0.0
mean,2050,52,19,ES1 8 bat,0.0
mean,2050,52,20,ES1 8 bat,0.0
mean,2050,52,21,ES1 8 bat,0.0
mean,2050,52,22,ES1 8 bat,0.0
mean,2050,52,23,ES1 8 bat,0.0
mean,2050,52,24,ES1 8 bat,0.0
mean,2050,52,25,ES1 8 bat,0.0
mean,2050,52,26,ES1 8 bat,0.0
mean,2050,52,27,ES1 8 bat,0.0
mean,2050,52,28,ES1 8 bat,0.0
mean,2050,52,29,ES1 8 bat,0.0
mean,2050,52,30,ES1 8 bat,0.0
mean,2050,52,31,ES1 8 bat,0.0
mean,2050,52,32,ES1 8 bat,0.0
mean,2050,52,33,ES1 8 bat,0.0
mean,2050,52,34,ES1 8 bat,0.0
mean,2050,52,35,ES1 8 bat,0.0
mean,2050,52,36,ES1 8 bat,0.0
mean,2050,52,37,ES1 8 bat,0.0
mean,2050,52,38,ES1 8 bat,0.0
mean,2050,52,39,ES1 8 bat,0.0
mean,2050,52,40,ES1 8 bat,0.0
mean,2050,52,41,ES1 8 bat,0.0
mean,2050,52,42,ES1 8 bat,0.0
mean,2050,52,43,ES1 8 bat,0.0
mean,2050,52,44,ES1 8 bat,0.0
mean,2050,52,45,ES1 8 bat,0.0
mean,2050,52,46,ES1 8 bat,0.0
mean,2050,52,47,ES1 8 bat,0.0
mean,2050,52,48,ES1 8 bat,0.0
mean,2050,52,49,ES1 8 bat,0.0
mean,2050,52,50,ES1 8 bat,0.0
mean,2050,52,51,ES1 8 bat,0.0
mean,2050,52,52,ES1 8 bat,0.0
mean,2050,52,53,ES1 8 bat,0.0
mean,2050,52,54,ES1 8 bat,0.0
mean,2050,52,55,ES1 8 bat,0.0
mean,2050,52,56,ES1 8 bat,0.0
mean,2050,52,57,ES1 8 bat,0.0
mean,2050,52,58,ES1 8 bat,0.0
mean,2050,52,59,ES1 8 bat,0.0
mean,2050,52,60,ES1 8 bat,0.0
mean,2050,52,61,ES1 8 bat,0.0
mean,2050,52,62,ES1 8 bat,0.0
mean,2050,52,63,ES1 8 bat,0.0
mean,2050,52,64,ES1 8 bat,0.0
mean,2050,52,65,ES1 8 bat,0.0
mean,2050,52,66,ES1 8 bat,0.0
mean,2050,52,67,ES1 8 bat,0.0
mean,2050,52,68,ES1 8 bat,0.0
mean,2050,52,69,ES1 8 bat,0.0
mean,2050,52,70,ES1 8 bat,0.0
mean,2050,52,71,ES1 8 bat,0.0
mean,2050,52,72,ES1 8 bat,0.0
mean,2050,52,73,ES1 8 bat,0.0
mean,2050,52,74,ES1 8 bat,0.0
mean,2050,52,75,ES1 8 bat,0.0
mean,2050,52,76,ES1 8 bat,0.0
mean,2050,52,77,ES1 8 bat,0.0
mean,2050,52,78,ES1 8 bat,0.0
mean,2050,52,79,ES1 8 bat,0.0
mean,2050,52,80,ES1 8 bat,0.0
mean,2050,52,81,ES1 8 bat,0.0
mean,2050,52,82,ES1 8 bat,0.0
mean,2050,52,83,ES1 8 bat,0.0
mean,2050,52,84,ES1 8 bat,0.0
mean,2050,52,85,ES1 8 bat,0.0
mean,2050,52,86,ES1 8 bat,0.0
mean,2050,52,87,ES1 8 bat,0.0
mean,2050,52,88,ES1 8 bat,0.0
mean,2050,52,89,ES1 8 bat,0.0
mean,2050,52,90,ES1 8 bat,0.0
mean,2050,52,91,ES1 8 bat,0.0
mean,2050,52,92,ES1 8 bat,0.0
mean,2050,52,93,ES1 8 bat,0.0
mean,2050,52,94,ES1 8 bat,0.0
mean,2050,52,95,ES1 8 bat,0.0
mean,2050,52,96,ES1 8 bat,0.0
mean,2050,52,97,ES1 8 bat,0.0
mean,2050,52,98,ES1 8 bat,0.0
mean,2050,52,99,ES1 8 bat,0.0
mean,2050,52,100,ES1 8 bat,0.0
mean,2050,52,101,ES1 8 bat,0.0
mean,2050,52,102,ES1 8 bat,0.0
mean,2050,52,103,ES1 8 bat,0.0
mean,2050,52,104,ES1 8 bat,0.0
mean,2050,52,105,ES1 8 bat,0.0
mean,2050,52,106,ES1 8 bat,0.0
mean,2050,52,107,ES1 8 bat,0.0
mean,2050,52,108,ES1 8 bat,0.0
mean,2050,52,109,ES1 8 bat,0.0
mean,2050,52,110,ES1 8 bat,0.0
mean,2050,52,111,ES1 8 bat,0.0
mean,2050,52,112,ES1 8 bat,0.0
mean,2050,52,113,ES1 8 bat,0.0
mean,2050,52,114,ES1 8 bat,0.0
mean,2050,52,115,ES1 8 bat,0.0
mean,2050,52,116,ES1 8 bat,0.0
mean,2050,52,117,ES1 8 bat,0.0
mean,2050,52,118,ES1 8 bat,0.0
mean,2050,52,119,ES1 8 bat,0.0
mean,2050,52,120,ES1 8 bat,0.0
mean,2050,52,121,ES1 8 bat,0.0
mean,2050,52,122,ES1 8 bat,0.0
mean,2050,52,123,ES1 8 bat,0.0
mean,2050,52,124,ES1 8 bat,0.0
mean,2050,52,125,ES1 8 bat,0.0
mean,2050,52,126,ES1 8 bat,0.0
mean,2050,52,127,ES1 8 bat,0.0
mean,2050,52,128,ES1 8 bat,0.0
mean,2050,52,129,ES1 8 bat,0.0
mean,2050,52,130,ES1 8 bat,0.0
mean,2050,52,131,ES1 8 bat,0.0
mean,2050,52,132,ES1 8 bat,0.0
mean,2050,52,133,ES1 8 bat,0.0
mean,2050,52,134,ES1 8 bat,0.0
mean,2050,52,135,ES1 8 bat,0.0
mean,2050,52,136,ES1 8 bat,0.0
mean,2050,52,137,ES1 8 bat,0.0
mean,2050,52,138,ES1 8 bat,0.0
mean,2050,52,139,ES1 8 bat,0.0
mean,2050,52,140,ES1 8 bat,0.0
mean,2050,52,141,ES1 8 bat,0.0
mean,2050,52,142,ES1 8 bat,0.0
mean,2050,52,143,ES1 8 bat,0.0
mean,2050,52,144,ES1 8 bat,0.0
mean,2050,52,145,ES1 8 bat,0.0
mean,2050,52,146,ES1 8 bat,0.0
mean,2050,52,147,ES1 8 bat,0.0
mean,2050,52,148,ES1 8 bat,0.0
mean,2050,52,149,ES1 8 bat,0.0
mean,2050,52,150,ES1 8 bat,0.0
mean,2050,52,151,ES1 8 bat,0.0
mean,2050,52,152,ES1 8 bat,0.0
mean,2050,52,153,ES1 8 bat,0.0
mean,2050,52,154,ES1 8 bat,0.0
mean,2050,52,155,ES1 8 bat,0.0
mean,2050,52,156,ES1 8 bat,0.0
mean,2050,52,157,ES1 8 bat,0.0
mean,2050,52,158,ES1 8 bat,0.0
mean,2050,52,159,ES1 8 bat,0.0
mean,2050,52,160,ES1 8 bat,0.0
mean,2050,52,161,ES1 8 bat,0.0
mean,2050,52,162,ES1 8 bat,0.0
mean,2050,52,163,ES1 8 bat,0.0
mean,2050,52,164,ES1 8 bat,0.0
mean,2050,52,165,ES1 8 bat,0.0
mean,2050,52,166,ES1 8 bat,0.0
mean,2050,52,167,ES1 8 bat,0.0
mean,2025,11,0,PT1 0 bat,0.0
mean,2025,11,1,PT1 0 bat,0.0
mean,2025,11,2,PT1 0 bat,0.0
mean,2025,11,3,PT1 0 bat,0.0
mean,2025,11,4,PT1 0 bat,0.0
mean,2025,11,5,PT1 0 bat,0.0
mean,2025,11,6,PT1 0 bat,0.0
mean,2025,11,7,PT1 0 bat,0.0
mean,2025,11,8,PT1 0 bat,0.0
mean,2025,11,9,PT1 0 bat,0.0
mean,2025,11,10,PT1 0 bat,0.0
mean,2025,11,11,PT1 0 bat,0.0
mean,2025,11,12,PT1 0 bat,0.0
mean,2025,11,13,PT1 0 bat,0.0
mean,2025,11,14,PT1 0 bat,0.0
mean,2025,11,15,PT1 0 bat,0.0
mean,2025,11,16,PT1 0 bat,0.0
mean,2025,11,17,PT1 0 bat,0.0
mean,2025,11,18,PT1 0 bat,0.0
mean,2025,11,19,PT1 0 bat,0.0
mean,2025,11,20,PT1 0 bat,0.0
mean,2025,11,21,PT1 0 bat,0.0
mean,2025,11,22,PT1 0 bat,0.0
mean,2025,11,23,PT1 0 bat,0.0
mean,2025,11,24,PT1 0 bat,0.0
mean,2025,11,25,PT1 0 bat,0.0
mean,2025,11,26,PT1 0 bat,0.0
mean,2025,11,27,PT1 0 bat,0.0
mean,2025,11,28,PT1 0 bat,0.0
mean,2025,11,29,PT1 0 bat,0.0
mean,2025,11,30,PT1 0 bat,0.0
mean,2025,11,31,PT1 0 bat,0.0
mean,2025,11,32,PT1 0 bat,0.0
mean,2025,11,33,PT1 0 bat,0.0
mean,2025,11,34,PT1 0 bat,0.0
mean,2025,11,35,PT1 0 bat,0.0
mean,2025,11,36,PT1 0 bat,0.0
mean,2025,11,37,PT1 0 bat,0.0
mean,2025,11,38,PT1 0 bat,0.0
mean,2025,11,39,PT1 0 bat,0.0
mean,2025,11,40,PT1 0 bat,0.0
mean,2025,11,41,PT1 0 bat,0.0
mean,2025,11,42,PT1 0 bat,0.0
mean,2025,11,43,PT1 0 bat,0.0
mean,2025,11,44,PT1 0 bat,0.0
mean,2025,11,45,PT1 0 bat,0.0
mean,2025,11,46,PT1 0 bat,0.0
mean,2025,11,47,PT1 0 bat,0.0
mean,2025,11,48,PT1 0 bat,0.0
mean,2025,11,49,PT1 0 bat,0.0
mean,2025,11,50,PT1 0 bat,0.0
mean,2025,11,51,PT1 0 bat,0.0
mean,2025,11,52,PT1 0 bat,0.0
mean,2025,11,53,PT1 0 bat,0.0
mean,2025,11,54,PT1 0 bat,0.0
mean,2025,11,55,PT1 0 bat,0.0
mean,2025,11,56,PT1 0 bat,0.0
mean,2025,11,57,PT1 0 bat,0.0
mean,2025,11,58,PT1 0 bat,0.0
mean,2025,11,59,PT1 0 bat,0.0
mean,2025,11,60,PT1 0 bat,0.0
mean,2025,11,61,PT1 0 bat,0.0
mean,2025,11,62,PT1 0 bat,0.0
mean,2025,11,63,PT1 0 bat,0.0
mean,2025,11,64,PT1 0 bat,0.0
mean,2025,11,65,PT1 0 bat,0.0
mean,2025,11,66,PT1 0 bat,0.0
mean,2025,11,67,PT1 0 bat,0.0
mean,2025,11,68,PT1 0 bat,0.0
mean,2025,11,69,PT1 0 bat,0.0
mean,2025,11,70,PT1 0 bat,0.0
mean,2025,11,71,PT1 0 bat,0.0
mean,2025,11,72,PT1 0 bat,0.0
mean,2025,11,73,PT1 0 bat,0.0
mean,2025,11,74,PT1 0 bat,0.0
mean,2025,11,75,PT1 0 bat,0.0
mean,2025,11,76,PT1 0 bat,0.0
mean,2025,11,77,PT1 0 bat,0.0
mean,2025,11,78,PT1 0 bat,0.0
mean,2025,11,79,PT1 0 bat,0.0
mean,2025,11,80,PT1 0 bat,0.0
mean,2025,11,81,PT1 0 bat,0.0
mean,2025,11,82,PT1 0 bat,0.0
mean,2025,11,83,PT1 0 bat,0.0
mean,2025,11,84,PT1 0 bat,0.0
mean,2025,11,85,PT1 0 bat,0.0
mean,2025,11,86,PT1 0 bat,0.0
mean,2025,11,87,PT1 0 bat,0.0
mean,2025,11,88,PT1 0 bat,0.0
mean,2025,11,89,PT1 0 bat,0.0
mean,2025,11,90,PT1 0 bat,0.0
mean,2025,11,91,PT1 0 bat,0.0
mean,2025,11,92,PT1 0 bat,0.0
mean,2025,11,93,PT1 0 bat,0.0
mean,2025,11,94,PT1 0 bat,0.0
mean,2025,11,95,PT1 0 bat,0.0
mean,2025,11,96,PT1 0 bat,0.0
mean,2025,11,97,PT1 0 bat,0.0
mean,2025,11,98,PT1 0 bat,0.0
mean,2025,11,99,PT1 0 bat,0.0
mean,2025,11,100,PT1 0 bat,0.0
mean,2025,11,101,PT1 0 bat,0.0
mean,2025,11,102,PT1 0 bat,0.0
mean,2025,11,103,PT1 0 bat,0.0
mean,2025,11,104,PT1 0 bat,0.0
mean,2025,11,105,PT1 0 bat,0.0
mean,2025,11,106,PT1 0 bat,0.0
mean,2025,11,107,PT1 0 bat,0.0
mean,2025,11,108,PT1 0 bat,0.0
mean,2025,11,109,PT1 0 bat,0.0
mean,2025,11,110,PT1 0 bat,0.0
mean,2025,11,111,PT1 0 bat,0.0
mean,2025,11,112,PT1 0 bat,0.0
mean,2025,11,113,PT1 0 bat,0.0
mean,2025,11,114,PT1 0 bat,0.0
mean,2025,11,115,PT1 0 bat,0.0
mean,2025,11,116,PT1 0 bat,0.0
mean,2025,11,117,PT1 0 bat,0.0
mean,2025,11,118,PT1 0 bat,0.0
mean,2025,11,119,PT1 0 bat,0.0
mean,2025,11,120,PT1 0 bat,0.0
mean,2025,11,121,PT1 0 bat,0.0
mean,2025,11,122,PT1 0 bat,0.0
mean,2025,11,123,PT1 0 bat,0.0
mean,2025,11,124,PT1 0 bat,0.0
mean,2025,11,125,PT1 0 bat,0.0
mean,2025,11,126,PT1 0 bat,0.0
mean,2025,11,127,PT1 0 bat,0.0
mean,2025,11,128,PT1 0 bat,0.0
mean,2025,11,129,PT1 0 bat,0.0
mean,2025,11,130,PT1 0 bat,0.0
mean,2025,11,131,PT1 0 bat,0.0
mean,2025,11,132,PT1 0 bat,0.0
mean,2025,11,133,PT1 0 bat,0.0
mean,2025,11,134,PT1 0 bat,0.0
mean,2025,11,135,PT1 0 bat,0.0
mean,2025,11,136,PT1 0 bat,0.0
mean,2025,11,137,PT1 0 bat,0.0
mean,2025,11,138,PT1 0 bat,0.0
mean,2025,11,139,PT1 0 bat,0.0
mean,2025,11,140,PT1 0 bat,0.0
mean,2025,11,141,PT1 0 bat,0.0
mean,2025,11,142,PT1 0 bat,0.0
mean,2025,11,143,PT1 0 bat,0.0
mean,2025,11,144,PT1 0 bat,0.0
mean,2025,11,145,PT1 0 bat,0.0
mean,2025,11,146,PT1 0 bat,0.0
mean,2025,11,147,PT1 0 bat,0.0
mean,2025,11,148,PT1 0 bat,0.0
mean,2025,11,149,PT1 0 bat,0.0
mean,2025,11,150,PT1 0 bat,0.0
mean,2025,11,151,PT1 0 bat,0.0
mean,2025,11,152,PT1 0 bat,0.0
mean,2025,11,153,PT1 0 bat,0.0
mean,2025,11,154,PT1 0 bat,0.0
mean,2025,11,155,PT1 0 bat,0.0
mean,2025,11,156,PT1 0 bat,0.0
mean,2025,11,157,PT1 0 bat,0.0
mean,2025,11,158,PT1 0 bat,0.0
mean,2025,11,159,PT1 0 bat,0.0
mean,2025,11,160,PT1 0 bat,0.0
mean,2025,11,161,PT1 0 bat,0.0
mean,2025,11,162,PT1 0 bat,0.0
mean,2025,11,163,PT1 0 bat,0.0
mean,2025,11,164,PT1 0 bat,0.0
mean,2025,11,165,PT1 0 bat,0.0
mean,2025,11,166,PT1 0 bat,0.0
mean,2025,11,167,PT1 0 bat,0.0
mean,2025,21,0,PT1 0 bat,0.0
mean,2025,21,1,PT1 0 bat,0.0
mean,2025,21,2,PT1 0 bat,0.0
mean,2025,21,3,PT1 0 bat,0.0
mean,2025,21,4,PT1 0 bat,0.0
mean,2025,21,5,PT1 0 bat,0.0
mean,2025,21,6,PT1 0 bat,0.0
mean,2025,21,7,PT1 0 bat,0.0
mean,2025,21,8,PT1 0 bat,0.0
mean,2025,21,9,PT1 0 bat,0.0
mean,2025,21,10,PT1 0 bat,0.0
mean,2025,21,11,PT1 0 bat,0.0
mean,2025,21,12,PT1 0 bat,0.0
mean,2025,21,13,PT1 0 bat,0.0
mean,2025,21,14,PT1 0 bat,0.0
mean,2025,21,15,PT1 0 bat,0.0
mean,2025,21,16,PT1 0 bat,0.0
mean,2025,21,17,PT1 0 bat,0.0
mean,2025,21,18,PT1 0 bat,0.0
mean,2025,21,19,PT1 0 bat,0.0
mean,2025,21,20,PT1 0 bat,0.0
mean,2025,21,21,PT1 0 bat,0.0
mean,2025,21,22,PT1 0 bat,0.0
mean,2025,21,23,PT1 0 bat,0.0
mean,2025,21,24,PT1 0 bat,0.0
mean,2025,21,25,PT1 0 bat,0.0
mean,2025,21,26,PT1 0 bat,0.0
mean,2025,21,27,PT1 0 bat,0.0
mean,2025,21,28,PT1 0 bat,0.0
mean,2025,21,29,PT1 0 bat,0.0
mean,2025,21,30,PT1 0 bat,0.0
mean,2025,21,31,PT1 0 bat,0.0
mean,2025,21,32,PT1 0 bat,0.0
mean,2025,21,33,PT1 0 bat,0.0
mean,2025,21,34,PT1 0 bat,0.0
mean,2025,21,35,PT1 0 bat,0.0
mean,2025,21,36,PT1 0 bat,0.0
mean,2025,21,37,PT1 0 bat,0.0
mean,2025,21,38,PT1 0 bat,0.0
mean,2025,21,39,PT1 0 bat,0.0
mean,2025,21,40,PT1 0 bat,0.0
mean,2025,21,41,PT1 0 bat,0.0
mean,2025,21,42,PT1 0 bat,0.0
mean,2025,21,43,PT1 0 bat,0.0
mean,2025,21,44,PT1 0 bat,0.0
mean,2025,21,45,PT1 0 bat,0.0
mean,2025,21,46,PT1 0 bat,0.0
mean,2025,21,47,PT1 0 bat,0.0
mean,2025,21,48,PT1 0 bat,0.0
mean,2025,21,49,PT1 0 bat,0.0
mean,2025,21,50,PT1 0 bat,0.0
mean,2025,21,51,PT1 0 bat,0.0
mean,2025,21,52,PT1 0 bat,0.0
mean,2025,21,53,PT1 0 bat,0.0
mean,2025,21,54,PT1 0 bat,0.0
mean,2025,21,55,PT1 0 bat,0.0
mean,2025,21,56,PT1 0 bat,0.0
mean,2025,21,57,PT1 0 bat,0.0
mean,2025,21,58,PT1 0 bat,0.0
mean,2025,21,59,PT1 0 bat,0.0
mean,2025,21,60,PT1 0 bat,0.0
mean,2025,21,61,PT1 0 bat,0.0
mean,2025,21,62,PT1 0 bat,0.0
mean,2025,21,63,PT1 0 bat,0.0
mean,2025,21,64,PT1 0 bat,0.0
mean,2025,21,65,PT1 0 bat,0.0
mean,2025,21,66,PT1 0 bat,0.0
mean,2025,21,67,PT1 0 bat,0.0
mean,2025,21,68,PT1 0 bat,0.0
mean,2025,21,69,PT1 0 bat,0.0
mean,2025,21,70,PT1 0 bat,0.0
mean,2025,21,71,PT1 0 bat,0.0
mean,2025,21,72,PT1 0 bat,0.0
mean,2025,21,73,PT1 0 bat,0.0
mean,2025,21,74,PT1 0 bat,0.0
mean,2025,21,75,PT1 0 bat,0.0
mean,2025,21,76,PT1 0 bat,0.0
mean,2025,21,77,PT1 0 bat,0.0
mean,2025,21,78,PT1 0 bat,0.0
mean,2025,21,79,PT1 0 bat,0.0
mean,2025,21,80,PT1 0 bat,0.0
mean,2025,21,81,PT1 0 bat,0.0
mean,2025,21,82,PT1 0 bat,0.0
mean,2025,21,83,PT1 0 bat,0.0
mean,2025,21,84,PT1 0 bat,0.0
mean,2025,21,85,PT1 0 bat,0.0
mean,2025,21,86,PT1 0 bat,0.0
mean,2025,21,87,PT1 0 bat,0.0
mean,2025,21,88,PT1 0 bat,0.0
mean,2025,21,89,PT1 0 bat,0.0
mean,2025,21,90,PT1 0 bat,0.0
mean,2025,21,91,PT1 0 bat,0.0
mean,2025,21,92,PT1 0 bat,0.0
mean,2025,21,93,PT1 0 bat,0.0
mean,2025,21,94,PT1 0 bat,0.0
mean,2025,21,95,PT1 0 bat,0.0
mean,2025,21,96,PT1 0 bat,0.0
mean,2025,21,97,PT1 0 bat,0.0
mean,2025,21,98,PT1 0 bat,0.0
mean,2025,21,99,PT1 0 bat,0.0
mean,2025,21,100,PT1 0 bat,0.0
mean,2025,21,101,PT1 0 bat,0.0
mean,2025,21,102,PT1 0 bat,0.0
mean,2025,21,103,PT1 0 bat,0.0
mean,2025,21,104,PT1 0 bat,0.0
mean,2025,21,105,PT1 0 bat,0.0
mean,2025,21,106,PT1 0 bat,0.0
mean,2025,21,107,PT1 0 bat,0.0
mean,2025,21,108,PT1 0 bat,0.0
mean,2025,21,109,PT1 0 bat,0.0
mean,2025,21,110,PT1 0 bat,0.0
mean,2025,21,111,PT1 0 bat,0.0
mean,2025,21,112,PT1 0 bat,0.0
mean,2025,21,113,PT1 0 bat,0.0
mean,2025,21,114,PT1 0 bat,0.0
mean,2025,21,115,PT1 0 bat,0.0
mean,2025,21,116,PT1 0 bat,0.0
mean,2025,21,117,PT1 0 bat,0.0
mean,2025,21,118,PT1 0 bat,0.0
mean,2025,21,119,PT1 0 bat,0.0
mean,2025,21,120,PT1 0 bat,0.0
mean,2025,21,121,PT1 0 bat,0.0
mean,2025,21,122,PT1 0 bat,0.0
mean,2025,21,123,PT1 0 bat,0.0
mean,2025,21,124,PT1 0 bat,0.0
mean,2025,21,125,PT1 0 bat,0.0
mean,2025,21,126,PT1 0 bat,0.0
mean,2025,21,127,PT1 0 bat,0.0
mean,2025,21,128,PT1 0 bat,0.0
mean,2025,21,129,PT1 0 bat,0.0
mean,2025,21,130,PT1 0 bat,0.0
mean,2025,21,131,PT1 0 bat,0.0
mean,2025,21,132,PT1 0 bat,0.0
mean,2025,21,133,PT1 0 bat,0.0
mean,2025,21,134,PT1 0 bat,0.0
mean,2025,21,135,PT1 0 bat,0.0
mean,2025,21,136,PT1 0 bat,0.0
mean,2025,21,137,PT1 0 bat,0.0
mean,2025,21,138,PT1 0 bat,0.0
mean,2025,21,139,PT1 0 bat,0.0
mean,2025,21,140,PT1 0 bat,0.0
mean,2025,21,141,PT1 0 bat,0.0
mean,2025,21,142,PT1 0 bat,0.0
mean,2025,21,143,PT1 0 bat,0.0
mean,2025,21,144,PT1 0 bat,0.0
mean,2025,21,145,PT1 0 bat,0.0
mean,2025,21,146,PT1 0 bat,0.0
mean,2025,21,147,PT1 0 bat,0.0
mean,2025,21,148,PT1 0 bat,0.0
mean,2025,21,149,PT1 0 bat,0.0
mean,2025,21,150,PT1 0 bat,0.0
mean,2025,21,151,PT1 0 bat,0.0
mean,2025,21,152,PT1 0 bat,0.0
mean,2025,21,153,PT1 0 bat,0.0
mean,2025,21,154,PT1 0 bat,0.0
mean,2025,21,155,PT1 0 bat,0.0
mean,2025,21,156,PT1 0 bat,0.0
mean,2025,21,157,PT1 0 bat,0.0
mean,2025,21,158,PT1 0 bat,0.0
mean,2025,21,159,PT1 0 bat,0.0
mean,2025,21,160,PT1 0 bat,0.0
mean,2025,21,161,PT1 0 bat,0.0
mean,2025,21,162,PT1 0 bat,0.0
mean,2025,21,163,PT1 0 bat,0.0
mean,2025,21,164,PT1 0 bat,0.0
mean,2025,21,165,PT1 0 bat,0.0
mean,2025,21,166,PT1 0 bat,0.0
mean,2025,21,167,PT1 0 bat,0.0
mean,2025,42,0,PT1 0 bat,0.0
mean,2025,42,1,PT1 0 bat,0.0
mean,2025,42,2,PT1 0 bat,0.0
mean,2025,42,3,PT1 0 bat,0.0
mean,2025,42,4,PT1 0 bat,0.0
mean,2025,42,5,PT1 0 bat,0.0
mean,2025,42,6,PT1 0 bat,0.0
mean,2025,42,7,PT1 0 bat,0.0
mean,2025,42,8,PT1 0 bat,0.0
mean,2025,42,9,PT1 0 bat,0.0
mean,2025,42,10,PT1 0 bat,0.0
mean,2025,42,11,PT1 0 bat,0.0
mean,2025,42,12,PT1 0 bat,0.0
mean,2025,42,13,PT1 0 bat,0.0
mean,2025,42,14,PT1 0 bat,0.0
mean,2025,42,15,PT1 0 bat,0.0
mean,2025,42,16,PT1 0 bat,0.0
mean,2025,42,17,PT1 0 bat,0.0
mean,2025,42,18,PT1 0 bat,0.0
mean,2025,42,19,PT1 0 bat,0.0
mean,2025,42,20,PT1 0 bat,0.0
mean,2025,42,21,PT1 0 bat,0.0
mean,2025,42,22,PT1 0 bat,0.0
mean,2025,42,23,PT1 0 bat,0.0
mean,2025,42,24,PT1 0 bat,0.0
mean,2025,42,25,PT1 0 bat,0.0
mean,2025,42,26,PT1 0 bat,0.0
mean,2025,42,27,PT1 0 bat,0.0
mean,2025,42,28,PT1 0 bat,0.0
mean,2025,42,29,PT1 0 bat,0.0
mean,2025,42,30,PT1 0 bat,0.0
mean,2025,42,31,PT1 0 bat,0.0
mean,2025,42,32,PT1 0 bat,0.0
mean,2025,42,33,PT1 0 bat,0.0
mean,2025,42,34,PT1 0 bat,0.0
mean,2025,42,35,PT1 0 bat,0.0
mean,2025,42,36,PT1 0 bat,0.0
mean,2025,42,37,PT1 0 bat,0.0
mean,2025,42,38,PT1 0 bat,0.0
mean,2025,42,39,PT1 0 bat,0.0
mean,2025,42,40,PT1 0 bat,0.0
mean,2025,42,41,PT1 0 bat,0.0
mean,2025,42,42,PT1 0 bat,0.0
mean,2025,42,43,PT1 0 bat,0.0
mean,2025,42,44,PT1 0 bat,0.0
mean,2025,42,45,PT1 0 bat,0.0
mean,2025,42,46,PT1 0 bat,0.0
mean,2025,42,47,PT1 0 bat,0.0
mean,2025,42,48,PT1 0 bat,0.0
mean,2025,42,49,PT1 0 bat,0.0
mean,2025,42,50,PT1 0 bat,0.0
mean,2025,42,51,PT1 0 bat,0.0
mean,2025,42,52,PT1 0 bat,0.0
mean,2025,42,53,PT1 0 bat,0.0
mean,2025,42,54,PT1 0 bat,0.0
mean,2025,42,55,PT1 0 bat,0.0
mean,2025,42,56,PT1 0 bat,0.0
mean,2025,42,57,PT1 0 bat,0.0
mean,2025,42,58,PT1 0 bat,0.0
mean,2025,42,59,PT1 0 bat,0.0
mean,2025,42,60,PT1 0 bat,0.0
mean,2025,42,61,PT1 0 bat,0.0
mean,2025,42,62,PT1 0 bat,0.0
mean,2025,42,63,PT1 0 bat,0.0
mean,2025,42,64,PT1 0 bat,0.0
mean,2025,42,65,PT1 0 bat,0.0
mean,2025,42,66,PT1 0 bat,0.0
mean,2025,42,67,PT1 0 bat,0.0
mean,2025,42,68,PT1 0 bat,0.0
mean,2025,42,69,PT1 0 bat,0.0
mean,2025,42,70,PT1 0 bat,0.0
mean,2025,42,71,PT1 0 bat,0.0
mean,2025,42,72,PT1 0 bat,0.0
mean,2025,42,73,PT1 0 bat,0.0
mean,2025,42,74,PT1 0 bat,0.0
mean,2025,42,75,PT1 0 bat,0.0
mean,2025,42,76,PT1 0 bat,0.0
mean,2025,42,77,PT1 0 bat,0.0
mean,2025,42,78,PT1 0 bat,0.0
mean,2025,42,79,PT1 0 bat,0.0
mean,2025,42,80,PT1 0 bat,0.0
mean,2025,42,81,PT1 0 bat,0.0
mean,2025,42,82,PT1 0 bat,0.0
mean,2025,42,83,PT1 0 bat,0.0
mean,2025,42,84,PT1 0 bat,0.0
mean,2025,42,85,PT1 0 bat,0.0
mean,2025,42,86,PT1 0 bat,0.0
mean,2025,42,87,PT1 0 bat,0.0
mean,2025,42,88,PT1 0 bat,0.0
mean,2025,42,89,PT1 0 bat,0.0
mean,2025,42,90,PT1 0 bat,0.0
mean,2025,42,91,PT1 0 bat,0.0
mean,2025,42,92,PT1 0 bat,0.0
mean,2025,42,93,PT1 0 bat,0.0
mean,2025,42,94,PT1 0 bat,0.0
mean,2025,42,95,PT1 0 bat,0.0
mean,2025,42,96,PT1 0 bat,0.0
mean,2025,42,97,PT1 0 bat,0.0
mean,2025,42,98,PT1 0 bat,0.0
mean,2025,42,99,PT1 0 bat,0.0
mean,2025,42,100,PT1 0 bat,0.0
mean,2025,42,101,PT1 0 bat,0.0
mean,2025,42,102,PT1 0 bat,0.0
mean,2025,42,103,PT1 0 bat,0.0
mean,2025,42,104,PT1 0 bat,0.0
mean,2025,42,105,PT1 0 bat,0.0
mean,2025,42,106,PT1 0 bat,0.0
mean,2025,42,107,PT1 0 bat,0.0
mean,2025,42,108,PT1 0 bat,0.0
mean,2025,42,109,PT1 0 bat,0.0
mean,2025,42,110,PT1 0 bat,0.0
mean,2025,42,111,PT1 0 bat,0.0
mean,2025,42,112,PT1 0 bat,0.0
mean,2025,42,113,PT1 0 bat,0.0
mean,2025,42,114,PT1 0 bat,0.0
mean,2025,42,115,PT1 0 bat,0.0
mean,2025,42,116,PT1 0 bat,0.0
mean,2025,42,117,PT1 0 bat,0.0
mean,2025,42,118,PT1 0 bat,0.0
mean,2025,42,119,PT1 0 bat,0.0
mean,2025,42,120,PT1 0 bat,0.0
mean,2025,42,121,PT1 0 bat,0.0
mean,2025,42,122,PT1 0 bat,0.0
mean,2025,42,123,PT1 0 bat,0.0
mean,2025,42,124,PT1 0 bat,0.0
mean,2025,42,125,PT1 0 bat,0.0
mean,2025,42,126,PT1 0 bat,0.0
mean,2025,42,127,PT1 0 bat,0.0
mean,2025,42,128,PT1 0 bat,0.0
mean,2025,42,129,PT1 0 bat,0.0
mean,2025,42,130,PT1 0 bat,0.0
mean,2025,42,131,PT1 0 bat,0.0
mean,2025,42,132,PT1 0 bat,0.0
mean,2025,42,133,PT1 0 bat,0.0
mean,2025,42,134,PT1 0 bat,0.0
mean,2025,42,135,PT1 0 bat,0.0
mean,2025,42,136,PT1 0 bat,0.0
mean,2025,42,137,PT1 0 bat,0.0
mean,2025,42,138,PT1 0 bat,0.0
mean,2025,42,139,PT1 0 bat,0.0
mean,2025,42,140,PT1 0 bat,0.0
mean,2025,42,141,PT1 0 bat,0.0
mean,2025,42,142,PT1 0 bat,0.0
mean,2025,42,143,PT1 0 bat,0.0
mean,2025,42,144,PT1 0 bat,0.0
mean,2025,42,145,PT1 0 bat,0.0
mean,2025,42,146,PT1 0 bat,0.0
mean,2025,42,147,PT1 0 bat,0.0
mean,2025,42,148,PT1 0 bat,0.0
mean,2025,42,149,PT1 0 bat,0.0
mean,2025,42,150,PT1 0 bat,0.0
mean,2025,42,151,PT1 0 bat,0.0
mean,2025,42,152,PT1 0 bat,0.0
mean,2025,42,153,PT1 0 bat,0.0
mean,2025,42,154,PT1 0 bat,0.0
mean,2025,42,155,PT1 0 bat,0.0
mean,2025,42,156,PT1 0 bat,0.0
mean,2025,42,157,PT1 0 bat,0.0
mean,2025,42,158,PT1 0 bat,0.0
mean,2025,42,159,PT1 0 bat,0.0
mean,2025,42,160,PT1 0 bat,0.0
mean,2025,42,161,PT1 0 bat,0.0
mean,2025,42,162,PT1 0 bat,0.0
mean,2025,42,163,PT1 0 bat,0.0
mean,2025,42,164,PT1 0 bat,0.0
mean,2025,42,165,PT1 0 bat,0.0
mean,2025,42,166,PT1 0 bat,0.0
mean,2025,42,167,PT1 0 bat,0.0
mean,2025,52,0,PT1 0 bat,0.0
mean,2025,52,1,PT1 0 bat,0.0
mean,2025,52,2,PT1 0 bat,0.0
mean,2025,52,3,PT1 0 bat,0.0
mean,2025,52,4,PT1 0 bat,0.0
mean,2025,52,5,PT1 0 bat,0.0
mean,2025,52,6,PT1 0 bat,0.0
mean,2025,52,7,PT1 0 bat,0.0
mean,2025,52,8,PT1 0 bat,0.0
mean,2025,52,9,PT1 0 bat,0.0
mean,2025,52,10,PT1 0 bat,0.0
mean,2025,52,11,PT1 0 bat,0.0
mean,2025,52,12,PT1 0 bat,0.0
mean,2025,52,13,PT1 0 bat,0.0
mean,2025,52,14,PT1 0 bat,0.0
mean,2025,52,15,PT1 0 bat,0.0
mean,2025,52,16,PT1 0 bat,0.0
mean,2025,52,17,PT1 0 bat,0.0
mean,2025,52,18,PT1 0 bat,0.0
mean,2025,52,19,PT1 0 bat,0.0
mean,2025,52,20,PT1 0 bat,0.0
mean,2025,52,21,PT1 0 bat,0.0
mean,2025,52,22,PT1 0 bat,0.0
mean,2025,52,23,PT1 0 bat,0.0
mean,2025,52,24,PT1 0 bat,0.0
mean,2025,52,25,PT1 0 bat,0.0
mean,2025,52,26,PT1 0 bat,0.0
mean,2025,52,27,PT1 0 bat,0.0
mean,2025,52,28,PT1 0 bat,0.0
mean,2025,52,29,PT1 0 bat,0.0
mean,2025,52,30,PT1 0 bat,0.0
mean,2025,52,31,PT1 0 bat,0.0
mean,2025,52,32,PT1 0 bat,0.0
mean,2025,52,33,PT1 0 bat,0.0
mean,2025,52,34,PT1 0 bat,0.0
mean,2025,52,35,PT1 0 bat,0.0
mean,2025,52,36,PT1 0 bat,0.0
mean,2025,52,37,PT1 0 bat,0.0
mean,2025,52,38,PT1 0 bat,0.0
mean,2025,52,39,PT1 0 bat,0.0
mean,2025,52,40,PT1 0 bat,0.0
mean,2025,52,41,PT1 0 bat,0.0
mean,2025,52,42,PT1 0 bat,0.0
mean,2025,52,43,PT1 0 bat,0.0
mean,2025,52,44,PT1 0 bat,0.0
mean,2025,52,45,PT1 0 bat,0.0
mean,2025,52,46,PT1 0 bat,0.0
mean,2025,52,47,PT1 0 bat,0.0
mean,2025,52,48,PT1 0 bat,0.0
mean,2025,52,49,PT1 0 bat,0.0
mean,2025,52,50,PT1 0 bat,0.0
mean,2025,52,51,PT1 0 bat,0.0
mean,2025,52,52,PT1 0 bat,0.0
mean,2025,52,53,PT1 0 bat,0.0
mean,2025,52,54,PT1 0 bat,0.0
mean,2025,52,55,PT1 0 bat,0.0
mean,2025,52,56,PT1 0 bat,0.0
mean,2025,52,57,PT1 0 bat,0.0
mean,2025,52,58,PT1 0 bat,0.0
mean,2025,52,59,PT1 0 bat,0.0
mean,2025,52,60,PT1 0 bat,0.0
mean,2025,52,61,PT1 0 bat,0.0
mean,2025,52,62,PT1 0 bat,0.0
mean,2025,52,63,PT1 0 bat,0.0
mean,2025,52,64,PT1 0 bat,0.0
mean,2025,52,65,PT1 0 bat,0.0
mean,2025,52,66,PT1 0 bat,0.0
mean,2025,52,67,PT1 0 bat,0.0
mean,2025,52,68,PT1 0 bat,0.0
mean,2025,52,69,PT1 0 bat,0.0
mean,2025,52,70,PT1 0 bat,0.0
mean,2025,52,71,PT1 0 bat,0.0
mean,2025,52,72,PT1 0 bat,0.0
mean,2025,52,73,PT1 0 bat,0.0
mean,2025,52,74,PT1 0 bat,0.0
mean,2025,52,75,PT1 0 bat,0.0
mean,2025,52,76,PT1 0 bat,0.0
mean,2025,52,77,PT1 0 bat,0.0
mean,2025,52,78,PT1 0 bat,0.0
mean,2025,52,79,PT1 0 bat,0.0
mean,2025,52,80,PT1 0 bat,0.0
mean,2025,52,81,PT1 0 bat,0.0
mean,2025,52,82,PT1 0 bat,0.0
mean,2025,52,83,PT1 0 bat,0.0
mean,2025,52,84,PT1 0 bat,0.0
mean,2025,52,85,PT1 0 bat,0.0
mean,2025,52,86,PT1 0 bat,0.0
mean,2025,52,87,PT1 0 bat,0.0
mean,2025,52,88,PT1 0 bat,0.0
mean,2025,52,89,PT1 0 bat,0.0
mean,2025,52,90,PT1 0 bat,0.0
mean,2025,52,91,PT1 0 bat,0.0
mean,2025,52,92,PT1 0 bat,0.0
mean,2025,52,93,PT1 0 bat,0.0
mean,2025,52,94,PT1 0 bat,0.0
mean,2025,52,95,PT1 0 bat,0.0
mean,2025,52,96,PT1 0 bat,0.0
mean,2025,52,97,PT1 0 bat,0.0
mean,2025,52,98,PT1 0 bat,0.0
mean,2025,52,99,PT1 0 bat,0.0
mean,2025,52,100,PT1 0 bat,0.0
mean,2025,52,101,PT1 0 bat,0.0
mean,2025,52,102,PT1 0 bat,0.0
mean,2025,52,103,PT1 0 bat,0.0
mean,2025,52,104,PT1 0 bat,0.0
mean,2025,52,105,PT1 0 bat,0.0
mean,2025,52,106,PT1 0 bat,0.0
mean,2025,52,107,PT1 0 bat,0.0
mean,2025,52,108,PT1 0 bat,0.0
mean,2025,52,109,PT1 0 bat,0.0
mean,2025,52,110,PT1 0 bat,0.0
mean,2025,52,111,PT1 0 bat,0.0
mean,2025,52,112,PT1 0 bat,0.0
mean,2025,52,113,PT1 0 bat,0.0
mean,2025,52,114,PT1 0 bat,0.0
mean,2025,52,115,PT1 0 bat,0.0
mean,2025,52,116,PT1 0 bat,0.0
mean,2025,52,117,PT1 0 bat,0.0
mean,2025,52,118,PT1 0 bat,0.0
mean,2025,52,119,PT1 0 bat,0.0
mean,2025,52,120,PT1 0 bat,0.0
mean,2025,52,121,PT1 0 bat,0.0
mean,2025,52,122,PT1 0 bat,0.0
mean,2025,52,123,PT1 0 bat,0.0
mean,2025,52,124,PT1 0 bat,0.0
mean,2025,52,125,PT1 0 bat,0.0
mean,2025,52,126,PT1 0 bat,0.0
mean,2025,52,127,PT1 0 bat,0.0
mean,2025,52,128,PT1 0 bat,0.0
mean,2025,52,129,PT1 0 bat,0.0
mean,2025,52,130,PT1 0 bat,0.0
mean,2025,52,131,PT1 0 bat,0.0
mean,2025,52,132,PT1 0 bat,0.0
mean,2025,52,133,PT1 0 bat,0.0
mean,2025,52,134,PT1 0 bat,0.0
mean,2025,52,135,PT1 0 bat,0.0
mean,2025,52,136,PT1 0 bat,0.0
mean,2025,52,137,PT1 0 bat,0.0
mean,2025,52,138,PT1 0 bat,0.0
mean,2025,52,139,PT1 0 bat,0.0
mean,2025,52,140,PT1 0 bat,0.0
mean,2025,52,141,PT1 0 bat,0.0
mean,2025,52,142,PT1 0 bat,0.0
mean,2025,52,143,PT1 0 bat,0.0
mean,2025,52,144,PT1 0 bat,0.0
mean,2025,52,145,PT1 0 bat,0.0
mean,2025,52,146,PT1 0 bat,0.0
mean,2025,52,147,PT1 0 bat,0.0
mean,2025,52,148,PT1 0 bat,0.0
mean,2025,52,149,PT1 0 bat,0.0
mean,2025,52,150,PT1 0 bat,0.0
mean,2025,52,151,PT1 0 bat,0.0
mean,2025,52,152,PT1 0 bat,0.0
mean,2025,52,153,PT1 0 bat,0.0
mean,2025,52,154,PT1 0 bat,0.0
mean,2025,52,155,PT1 0 bat,0.0
mean,2025,52,156,PT1 0 bat,0.0
mean,2025,52,157,PT1 0 bat,0.0
mean,2025,52,158,PT1 0 bat,0.0
mean,2025,52,159,PT1 0 bat,0.0
mean,2025,52,160,PT1 0 bat,0.0
mean,2025,52,161,PT1 0 bat,0.0
mean,2025,52,162,PT1 0 bat,0.0
mean,2025,52,163,PT1 0 bat,0.0
mean,2025,52,164,PT1 0 bat,0.0
mean,2025,52,165,PT1 0 bat,0.0
mean,2025,52,166,PT1 0 bat,0.0
mean,2025,52,167,PT1 0 bat,0.0
mean,2030,11,0,PT1 0 bat,0.0
mean,2030,11,1,PT1 0 bat,0.0
mean,2030,11,2,PT1 0 bat,0.0
mean,2030,11,3,PT1 0 bat,0.0
mean,2030,11,4,PT1 0 bat,0.0
mean,2030,11,5,PT1 0 bat,0.0
mean,2030,11,6,PT1 0 bat,0.0
mean,2030,11,7,PT1 0 bat,0.0
mean,2030,11,8,PT1 0 bat,0.0
mean,2030,11,9,PT1 0 bat,0.0
mean,2030,11,10,PT1 0 bat,0.0
mean,2030,11,11,PT1 0 bat,0.0
mean,2030,11,12,PT1 0 bat,0.0
mean,2030,11,13,PT1 0 bat,0.0
mean,2030,11,14,PT1 0 bat,0.0
mean,2030,11,15,PT1 0 bat,0.0
mean,2030,11,16,PT1 0 bat,0.0
mean,2030,11,17,PT1 0 bat,0.0
mean,2030,11,18,PT1 0 bat,0.0
mean,2030,11,19,PT1 0 bat,0.0
mean,2030,11,20,PT1 0 bat,0.0
mean,2030,11,21,PT1 0 bat,0.0
mean,2030,11,22,PT1 0 bat,0.0
mean,2030,11,23,PT1 0 bat,0.0
mean,2030,11,24,PT1 0 bat,0.0
mean,2030,11,25,PT1 0 bat,0.0
mean,2030,11,26,PT1 0 bat,0.0
mean,2030,11,27,PT1 0 bat,0.0
mean,2030,11,28,PT1 0 bat,0.0
mean,2030,11,29,PT1 0 bat,0.0
mean,2030,11,30,PT1 0 bat,0.0
mean,2030,11,31,PT1 0 bat,0.0
mean,2030,11,32,PT1 0 bat,0.0
mean,2030,11,33,PT1 0 bat,0.0
mean,2030,11,34,PT1 0 bat,0.0
mean,2030,11,35,PT1 0 bat,0.0
mean,2030,11,36,PT1 0 bat,0.0
mean,2030,11,37,PT1 0 bat,0.0
mean,2030,11,38,PT1 0 bat,0.0
mean,2030,11,39,PT1 0 bat,0.0
mean,2030,11,40,PT1 0 bat,0.0
mean,2030,11,41,PT1 0 bat,0.0
mean,2030,11,42,PT1 0 bat,0.0
mean,2030,11,43,PT1 0 bat,0.0
mean,2030,11,44,PT1 0 bat,0.0
mean,2030,11,45,PT1 0 bat,0.0
mean,2030,11,46,PT1 0 bat,0.0
mean,2030,11,47,PT1 0 bat,0.0
mean,2030,11,48,PT1 0 bat,0.0
mean,2030,11,49,PT1 0 bat,0.0
mean,2030,11,50,PT1 0 bat,0.0
mean,2030,11,51,PT1 0 bat,0.0
mean,2030,11,52,PT1 0 bat,0.0
mean,2030,11,53,PT1 0 bat,0.0
mean,2030,11,54,PT1 0 bat,0.0
mean,2030,11,55,PT1 0 bat,0.0
mean,2030,11,56,PT1 0 bat,0.0
mean,2030,11,57,PT1 0 bat,0.0
mean,2030,11,58,PT1 0 bat,0.0
mean,2030,11,59,PT1 0 bat,0.0
mean,2030,11,60,PT1 0 bat,0.0
mean,2030,11,61,PT1 0 bat,0.0
mean,2030,11,62,PT1 0 bat,0.0
mean,2030,11,63,PT1 0 bat,0.0
mean,2030,11,64,PT1 0 bat,0.0
mean,2030,11,65,PT1 0 bat,0.0
mean,2030,11,66,PT1 0 bat,0.0
mean,2030,11,67,PT1 0 bat,0.0
mean,2030,11,68,PT1 0 bat,0.0
mean,2030,11,69,PT1 0 bat,0.0
mean,2030,11,70,PT1 0 bat,0.0
mean,2030,11,71,PT1 0 bat,0.0
mean,2030,11,72,PT1 0 bat,0.0
mean,2030,11,73,PT1 0 bat,0.0
mean,2030,11,74,PT1 0 bat,0.0
mean,2030,11,75,PT1 0 bat,0.0
mean,2030,11,76,PT1 0 bat,0.0
mean,2030,11,77,PT1 0 bat,0.0
mean,2030,11,78,PT1 0 bat,0.0
mean,2030,11,79,PT1 0 bat,0.0
mean,2030,11,80,PT1 0 bat,0.0
mean,2030,11,81,PT1 0 bat,0.0
mean,2030,11,82,PT1 0 bat,0.0
mean,2030,11,83,PT1 0 bat,0.0
mean,2030,11,84,PT1 0 bat,0.0
mean,2030,11,85,PT1 0 bat,0.0
mean,2030,11,86,PT1 0 bat,0.0
mean,2030,11,87,PT1 0 bat,0.0
mean,2030,11,88,PT1 0 bat,0.0
mean,2030,11,89,PT1 0 bat,0.0
mean,2030,11,90,PT1 0 bat,0.0
mean,2030,11,91,PT1 0 bat,0.0
mean,2030,11,92,PT1 0 bat,0.0
mean,2030,11,93,PT1 0 bat,0.0
mean,2030,11,94,PT1 0 bat,0.0
mean,2030,11,95,PT1 0 bat,0.0
mean,2030,11,96,PT1 0 bat,0.0
mean,2030,11,97,PT1 0 bat,0.0
mean,2030,11,98,PT1 0 bat,0.0
mean,2030,11,99,PT1 0 bat,0.0
mean,2030,11,100,PT1 0 bat,0.0
mean,2030,11,101,PT1 0 bat,0.0
mean,2030,11,102,PT1 0 bat,0.0
mean,2030,11,103,PT1 0 bat,0.0
mean,2030,11,104,PT1 0 bat,0.0
mean,2030,11,105,PT1 0 bat,0.0
mean,2030,11,106,PT1 0 bat,0.0
mean,2030,11,107,PT1 0 bat,0.0
mean,2030,11,108,PT1 0 bat,0.0
mean,2030,11,109,PT1 0 bat,0.0
mean,2030,11,110,PT1 0 bat,0.0
mean,2030,11,111,PT1 0 bat,0.0
mean,2030,11,112,PT1 0 bat,0.0
mean,2030,11,113,PT1 0 bat,0.0
mean,2030,11,114,PT1 0 bat,0.0
mean,2030,11,115,PT1 0 bat,0.0
mean,2030,11,116,PT1 0 bat,0.0
mean,2030,11,117,PT1 0 bat,0.0
mean,2030,11,118,PT1 0 bat,0.0
mean,2030,11,119,PT1 0 bat,0.0
mean,2030,11,120,PT1 0 bat,0.0
mean,2030,11,121,PT1 0 bat,0.0
mean,2030,11,122,PT1 0 bat,0.0
mean,2030,11,123,PT1 0 bat,0.0
mean,2030,11,124,PT1 0 bat,0.0
mean,2030,11,125,PT1 0 bat,0.0
mean,2030,11,126,PT1 0 bat,0.0
mean,2030,11,127,PT1 0 bat,0.0
mean,2030,11,128,PT1 0 bat,0.0
mean,2030,11,129,PT1 0 bat,0.0
mean,2030,11,130,PT1 0 bat,0.0
mean,2030,11,131,PT1 0 bat,0.0
mean,2030,11,132,PT1 0 bat,0.0
mean,2030,11,133,PT1 0 bat,0.0
mean,2030,11,134,PT1 0 bat,0.0
mean,2030,11,135,PT1 0 bat,0.0
mean,2030,11,136,PT1 0 bat,0.0
mean,2030,11,137,PT1 0 bat,0.0
mean,2030,11,138,PT1 0 bat,0.0
mean,2030,11,139,PT1 0 bat,0.0
mean,2030,11,140,PT1 0 bat,0.0
mean,2030,11,141,PT1 0 bat,0.0
mean,2030,11,142,PT1 0 bat,0.0
mean,2030,11,143,PT1 0 bat,0.0
mean,2030,11,144,PT1 0 bat,0.0
mean,2030,11,145,PT1 0 bat,0.0
mean,2030,11,146,PT1 0 bat,0.0
mean,2030,11,147,PT1 0 bat,0.0
mean,2030,11,148,PT1 0 bat,0.0
mean,2030,11,149,PT1 0 bat,0.0
mean,2030,11,150,PT1 0 bat,0.0
mean,2030,11,151,PT1 0 bat,0.0
mean,2030,11,152,PT1 0 bat,0.0
mean,2030,11,153,PT1 0 bat,0.0
mean,2030,11,154,PT1 0 bat,0.0
mean,2030,11,155,PT1 0 bat,0.0
mean,2030,11,156,PT1 0 bat,0.0
mean,2030,11,157,PT1 0 bat,0.0
mean,2030,11,158,PT1 0 bat,0.0
mean,2030,11,159,PT1 0 bat,0.0
mean,2030,11,160,PT1 0 bat,0.0
mean,2030,11,161,PT1 0 bat,0.0
mean,2030,11,162,PT1 0 bat,0.0
mean,2030,11,163,PT1 0 bat,0.0
mean,2030,11,164,PT1 0 bat,0.0
mean,2030,11,165,PT1 0 bat,0.0
mean,2030,11,166,PT1 0 bat,0.0
mean,2030,11,167,PT1 0 bat,0.0
mean,2030,21,0,PT1 0 bat,0.0
mean,2030,21,1,PT1 0 bat,1.8189894035458565e-12
mean,2030,21,2,PT1 0 bat,0.0
mean,2030,21,3,PT1 0 bat,0.0
mean,2030,21,4,PT1 0 bat,0.0
mean,2030,21,5,PT1 0 bat,0.0
mean,2030,21,6,PT1 0 bat,0.0
mean,2030,21,7,PT1 0 bat,0.0
mean,2030,21,8,PT1 0 bat,-4.547473508864641e-13
mean,2030,21,9,PT1 0 bat,0.0
mean,2030,21,10,PT1 0 bat,0.0
mean,2030,21,11,PT1 0 bat,0.0
mean,2030,21,12,PT1 0 bat,0.0
mean,2030,21,13,PT1 0 bat,0.0
mean,2030,21,14,PT1 0 bat,0.0
mean,2030,21,15,PT1 0 bat,0.0
mean,2030,21,16,PT1 0 bat,0.0
mean,2030,21,17,PT1 0 bat,0.0
mean,2030,21,18,PT1 0 bat,0.0
mean,2030,21,19,PT1 0 bat,0.0
mean,2030,21,20,PT1 0 bat,0.0
mean,2030,21,21,PT1 0 bat,0.0
mean,2030,21,22,PT1 0 bat,0.0
mean,2030,21,23,PT1 0 bat,0.0
mean,2030,21,24,PT1 0 bat,0.0
mean,2030,21,25,PT1 0 bat,0.0
mean,2030,21,26,PT1 0 bat,0.0
mean,2030,21,27,PT1 0 bat,0.0
mean,2030,21,28,PT1 0 bat,0.0
mean,2030,21,29,PT1 0 bat,0.0
mean,2030,21,30,PT1 0 bat,0.0
mean,2030,21,31,PT1 0 bat,0.0
mean,2030,21,32,PT1 0 bat,0.0
mean,2030,21,33,PT1 0 bat,0.0
mean,2030,21,34,PT1 0 bat,0.0
mean,2030,21,35,PT1 0 bat,0.0
mean,2030,21,36,PT1 0 bat,0.0
mean,2030,21,37,PT1 0 bat,0.0
mean,2030,21,38,PT1 0 bat,0.0
mean,2030,21,39,PT1 0 bat,0.0
mean,2030,21,40,PT1 0 bat,0.0
mean,2030,21,41,PT1 0 bat,0.0
mean,2030,21,42,PT1 0 bat,0.0
mean,2030,21,43,PT1 0 bat,0.0
mean,2030,21,44,PT1 0 bat,0.0
mean,2030,21,45,PT1 0 bat,0.0
mean,2030,21,46,PT1 0 bat,0.0
mean,2030,21,47,PT1 0 bat,0.0
mean,2030,21,48,PT1 0 bat,0.0
mean,2030,21,49,PT1 0 bat,0.0
mean,2030,21,50,PT1 0 bat,0.0
mean,2030,21,51,PT1 0 bat,0.0
mean,2030,21,52,PT1 0 bat,0.0
mean,2030,21,53,PT1 0 bat,0.0
mean,2030,21,54,PT1 0 bat,0.0
mean,2030,21,55,PT1 0 bat,0.0
mean,2030,21,56,PT1 0 bat,0.0
mean,2030,21,57,PT1 0 bat,0.0
mean,2030,21,58,PT1 0 bat,0.0
mean,2030,21,59,PT1 0 bat,0.0
mean,2030,21,60,PT1 0 bat,0.0
mean,2030,21,61,PT1 0 bat,0.0
mean,2030,21,62,PT1 0 bat,0.0
mean,2030,21,63,PT1 0 bat,0.0
mean,2030,21,64,PT1 0 bat,0.0
mean,2030,21,65,PT1 0 bat,0.0
mean,2030,21,66,PT1 0 bat,0.0
mean,2030,21,67,PT1 0 bat,0.0
mean,2030,21,68,PT1 0 bat,0.0
mean,2030,21,69,PT1 0 bat,0.0
mean,2030,21,70,PT1 0 bat,0.0
mean,2030,21,71,PT1 0 bat,0.0
mean,2030,21,72,PT1 0 bat,0.0
mean,2030,21,73,PT1 0 bat,0.0
mean,2030,21,74,PT1 0 bat,0.0
mean,2030,21,75,PT1 0 bat,0.0
mean,2030,21,76,PT1 0 bat,0.0
mean,2030,21,77,PT1 0 bat,0.0
mean,2030,21,78,PT1 0 bat,0.0
mean,2030,21,79,PT1 0 bat,0.0
mean,2030,21,80,PT1 0 bat,0.0
mean,2030,21,81,PT1 0 bat,0.0
mean,2030,21,82,PT1 0 bat,0.0
mean,2030,21,83,PT1 0 bat,0.0
mean,2030,21,84,PT1 0 bat,0.0
mean,2030,21,85,PT1 0 bat,0.0
mean,2030,21,86,PT1 0 bat,0.0
mean,2030,21,87,PT1 0 bat,0.0
mean,2030,21,88,PT1 0 bat,0.0
mean,2030,21,89,PT1 0 bat,0.0
mean,2030,21,90,PT1 0 bat,0.0
mean,2030,21,91,PT1 0 bat,0.0
mean,2030,21,92,PT1 0 bat,0.0
mean,2030,21,93,PT1 0 bat,0.0
mean,2030,21,94,PT1 0 bat,0.0
mean,2030,21,95,PT1 0 bat,0.0
mean,2030,21,96,PT1 0 bat,0.0
mean,2030,21,97,PT1 0 bat,0.0
mean,2030,21,98,PT1 0 bat,0.0
mean,2030,21,99,PT1 0 bat,0.0
mean,2030,21,100,PT1 0 bat,0.0
mean,2030,21,101,PT1 0 bat,0.0
mean,2030,21,102,PT1 0 bat,0.0
mean,2030,21,103,PT1 0 bat,0.0
mean,2030,21,104,PT1 0 bat,0.0
mean,2030,21,105,PT1 0 bat,0.0
mean,2030,21,106,PT1 0 bat,0.0
mean,2030,21,107,PT1 0 bat,0.0
mean,2030,21,108,PT1 0 bat,0.0
mean,2030,21,109,PT1 0 bat,0.0
mean,2030,21,110,PT1 0 bat,0.0
mean,2030,21,111,PT1 0 bat,0.0
mean,2030,21,112,PT1 0 bat,0.0
mean,2030,21,113,PT1 0 bat,0.0
mean,2030,21,114,PT1 0 bat,0.0
mean,2030,21,115,PT1 0 bat,0.0
mean,2030,21,116,PT1 0 bat,0.0
mean,2030,21,117,PT1 0 bat,0.0
mean,2030,21,118,PT1 0 bat,0.0
mean,2030,21,119,PT1 0 bat,0.0
mean,2030,21,120,PT1 0 bat,0.0
mean,2030,21,121,PT1 0 bat,0.0
mean,2030,21,122,PT1 0 bat,0.0
mean,2030,21,123,PT1 0 bat,0.0
mean,2030,21,124,PT1 0 bat,0.0
mean,2030,21,125,PT1 0 bat,0.0
mean,2030,21,126,PT1 0 bat,0.0
mean,2030,21,127,PT1 0 bat,0.0
mean,2030,21,128,PT1 0 bat,0.0
mean,2030,21,129,PT1 0 bat,0.0
mean,2030,21,130,PT1 0 bat,0.0
mean,2030,21,131,PT1 0 bat,0.0
mean,2030,21,132,PT1 0 bat,0.0
mean,2030,21,133,PT1 0 bat,0.0
mean,2030,21,134,PT1 0 bat,0.0
mean,2030,21,135,PT1 0 bat,0.0
mean,2030,21,136,PT1 0 bat,0.0
mean,2030,21,137,PT1 0 bat,0.0
mean,2030,21,138,PT1 0 bat,0.0
mean,2030,21,139,PT1 0 bat,0.0
mean,2030,21,140,PT1 0 bat,0.0
mean,2030,21,141,PT1 0 bat,0.0
mean,2030,21,142,PT1 0 bat,0.0
mean,2030,21,143,PT1 0 bat,0.0
mean,2030,21,144,PT1 0 bat,0.0
mean,2030,21,145,PT1 0 bat,0.0
mean,2030,21,146,PT1 0 bat,0.0
mean,2030,21,147,PT1 0 bat,0.0
mean,2030,21,148,PT1 0 bat,0.0
mean,2030,21,149,PT1 0 bat,0.0
mean,2030,21,150,PT1 0 bat,0.0
mean,2030,21,151,PT1 0 bat,0.0
mean,2030,21,152,PT1 0 bat,0.0
mean,2030,21,153,PT1 0 bat,0.0
mean,2030,21,154,PT1 0 bat,0.0
mean,2030,21,155,PT1 0 bat,0.0
mean,2030,21,156,PT1 0 bat,0.0
mean,2030,21,157,PT1 0 bat,0.0
mean,2030,21,158,PT1 0 bat,0.0
mean,2030,21,159,PT1 0 bat,0.0
mean,2030,21,160,PT1 0 bat,0.0
mean,2030,21,161,PT1 0 bat,0.0
mean,2030,21,162,PT1 0 bat,0.0
mean,2030,21,163,PT1 0 bat,0.0
mean,2030,21,164,PT1 0 bat,0.0
mean,2030,21,165,PT1 0 bat,0.0
mean,2030,21,166,PT1 0 bat,0.0
mean,2030,21,167,PT1 0 bat,0.0
mean,2030,42,0,PT1 0 bat,0.0
mean,2030,42,1,PT1 0 bat,9.094947017729282e-13
mean,2030,42,2,PT1 0 bat,0.0
mean,2030,42,3,PT1 0 bat,0.0
mean,2030,42,4,PT1 0 bat,0.0
mean,2030,42,5,PT1 0 bat,0.0
mean,2030,42,6,PT1 0 bat,0.0
mean,2030,42,7,PT1 0 bat,0.0
mean,2030,42,8,PT1 0 bat,0.0
mean,2030,42,9,PT1 0 bat,0.0
mean,2030,42,10,PT1 0 bat,-9.094947017729282e-13
mean,2030,42,11,PT1 0 bat,0.0
mean,2030,42,12,PT1 0 bat,0.0
mean,2030,42,13,PT1 0 bat,0.0
mean,2030,42,14,PT1 0 bat,-1.1368683772161603e-13
mean,2030,42,15,PT1 0 bat,0.0
mean,2030,42,16,PT1 0 bat,0.0
mean,2030,42,17,PT1 0 bat,0.0
mean,2030,42,18,PT1 0 bat,0.0
mean,2030,42,19,PT1 0 bat,0.0
mean,2030,42,20,PT1 0 bat,0.0
mean,2030,42,21,PT1 0 bat,0.0
mean,2030,42,22,PT1 0 bat,0.0
mean,2030,42,23,PT1 0 bat,0.0
mean,2030,42,24,PT1 0 bat,0.0
mean,2030,42,25,PT1 0 bat,0.0
mean,2030,42,26,PT1 0 bat,0.0
mean,2030,42,27,PT1 0 bat,0.0
mean,2030,42,28,PT1 0 bat,0.0
mean,2030,42,29,PT1 0 bat,0.0
mean,2030,42,30,PT1 0 bat,0.0
mean,2030,42,31,PT1 0 bat,0.0
mean,2030,42,32,PT1 0 bat,0.0
mean,2030,42,33,PT1 0 bat,0.0
mean,2030,42,34,PT1 0 bat,0.0
mean,2030,42,35,PT1 0 bat,0.0
mean,2030,42,36,PT1 0 bat,0.0
mean,2030,42,37,PT1 0 bat,0.0
mean,2030,42,38,PT1 0 bat,0.0
mean,2030,42,39,PT1 0 bat,0.0
mean,2030,42,40,PT1 0 bat,0.0
mean,2030,42,41,PT1 0 bat,0.0
mean,2030,42,42,PT1 0 bat,0.0
mean,2030,42,43,PT1 0 bat,0.0
mean,2030,42,44,PT1 0 bat,0.0
mean,2030,42,45,PT1 0 bat,0.0
mean,2030,42,46,PT1 0 bat,0.0
mean,2030,42,47,PT1 0 bat,0.0
mean,2030,42,48,PT1 0 bat,0.0
mean,2030,42,49,PT1 0 bat,0.0
mean,2030,42,50,PT1 0 bat,0.0
mean,2030,42,51,PT1 0 bat,0.0
mean,2030,42,52,PT1 0 bat,0.0
mean,2030,42,53,PT1 0 bat,0.0
mean,2030,42,54,PT1 0 bat,0.0
mean,2030,42,55,PT1 0 bat,0.0
mean,2030,42,56,PT1 0 bat,0.0
mean,2030,42,57,PT1 0 bat,0.0
mean,2030,42,58,PT1 0 bat,0.0
mean,2030,42,59,PT1 0 bat,0.0
mean,2030,42,60,PT1 0 bat,0.0
mean,2030,42,61,PT1 0 bat,0.0
mean,2030,42,62,PT1 0 bat,0.0
mean,2030,42,63,PT1 0 bat,0.0
mean,2030,42,64,PT1 0 bat,0.0
mean,2030,42,65,PT1 0 bat,0.0
mean,2030,42,66,PT1 0 bat,0.0
mean,2030,42,67,PT1 0 bat,0.0
mean,2030,42,68,PT1 0 bat,0.0
mean,2030,42,69,PT1 0 bat,0.0
mean,2030,42,70,PT1 0 bat,0.0
mean,2030,42,71,PT1 0 bat,0.0
mean,2030,42,72,PT1 0 bat,0.0
mean,2030,42,73,PT1 0 bat,0.0
mean,2030,42,74,PT1 0 bat,0.0
mean,2030,42,75,PT1 0 bat,0.0
mean,2030,42,76,PT1 0 bat,0.0
mean,2030,42,77,PT1 0 bat,0.0
mean,2030,42,78,PT1 0 bat,0.0
mean,2030,42,79,PT1 0 bat,0.0
mean,2030,42,80,PT1 0 bat,0.0
mean,2030,42,81,PT1 0 bat,0.0
mean,2030,42,82,PT1 0 bat,0.0
mean,2030,42,83,PT1 0 bat,0.0
mean,2030,42,84,PT1 0 bat,0.0
mean,2030,42,85,PT1 0 bat,0.0
mean,2030,42,86,PT1 0 bat,0.0
mean,2030,42,87,PT1 0 bat,0.0
mean,2030,42,88,PT1 0 bat,0.0
mean,2030,42,89,PT1 0 bat,0.0
mean,2030,42,90,PT1 0 bat,0.0
mean,2030,42,91,PT1 0 bat,0.0
mean,2030,42,92,PT1 0 bat,0.0
mean,2030,42,93,PT1 0 bat,0.0
mean,2030,42,94,PT1 0 bat,0.0
mean,2030,42,95,PT1 0 bat,0.0
mean,2030,42,96,PT1 0 bat,0.0
mean,2030,42,97,PT1 0 bat,0.0
mean,2030,42,98,PT1 0 bat,0.0
mean,2030,42,99,PT1 0 bat,0.0
mean,2030,42,100,PT1 0 bat,0.0
mean,2030,42,101,PT1 0 bat,0.0
mean,2030,42,102,PT1 0 bat,0.0
mean,2030,42,103,PT1 0 bat,0.0
mean,2030,42,104,PT1 0 bat,0.0
mean,2030,42,105,PT1 0 bat,0.0
mean,2030,42,106,PT1 0 bat,0.0
mean,2030,42,107,PT1 0 bat,0.0
mean,2030,42,108,PT1 0 bat,0.0
mean,2030,42,109,PT1 0 bat,0.0
mean,2030,42,110,PT1 0 bat,0.0
mean,2030,42,111,PT1 0 bat,0.0
mean,2030,42,112,PT1 0 bat,0.0
mean,2030,42,113,PT1 0 bat,0.0
mean,2030,42,114,PT1 0 bat,0.0
mean,2030,42,115,PT1 0 bat,0.0
mean,2030,42,116,PT1 0 bat,0.0
mean,2030,42,117,PT1 0 bat,0.0
mean,2030,42,118,PT1 0 bat,0.0
mean,2030,42,119,PT1 0 bat,0.0
mean,2030,42,120,PT1 0 bat,0.0
mean,2030,42,121,PT1 0 bat,0.0
mean,2030,42,122,PT1 0 bat,0.0
mean,2030,42,123,PT1 0 bat,0.0
mean,2030,42,124,PT1 0 bat,0.0
mean,2030,42,125,PT1 0 bat,0.0
mean,2030,42,126,PT1 0 bat,0.0
mean,2030,42,127,PT1 0 bat,0.0
mean,2030,42,128,PT1 0 bat,0.0
mean,2030,42,129,PT1 0 bat,0.0
mean,2030,42,130,PT1 0 bat,0.0
mean,2030,42,131,PT1 0 bat,0.0
mean,2030,42,132,PT1 0 bat,0.0
mean,2030,42,133,PT1 0 bat,0.0
mean,2030,42,134,PT1 0 bat,0.0
mean,2030,42,135,PT1 0 bat,0.0
mean,2030,42,136,PT1 0 bat,0.0
mean,2030,42,137,PT1 0 bat,0.0
mean,2030,42,138,PT1 0 bat,0.0
mean,2030,42,139,PT1 0 bat,0.0
mean,2030,42,140,PT1 0 bat,0.0
mean,2030,42,141,PT1 0 bat,0.0
mean,2030,42,142,PT1 0 bat,0.0
mean,2030,42,143,PT1 0 bat,0.0
mean,2030,42,144,PT1 0 bat,0.0
mean,2030,42,145,PT1 0 bat,0.0
mean,2030,42,146,PT1 0 bat,0.0
mean,2030,42,147,PT1 0 bat,0.0
mean,2030,42,148,PT1 0 bat,0.0
mean,2030,42,149,PT1 0 bat,0.0
mean,2030,42,150,PT1 0 bat,0.0
mean,2030,42,151,PT1 0 bat,0.0
mean,2030,42,152,PT1 0 bat,0.0
mean,2030,42,153,PT1 0 bat,0.0
mean,2030,42,154,PT1 0 bat,0.0
mean,2030,42,155,PT1 0 bat,0.0
mean,2030,42,156,PT1 0 bat,0.0
mean,2030,42,157,PT1 0 bat,0.0
mean,2030,42,158,PT1 0 bat,0.0
mean,2030,42,159,PT1 0 bat,0.0
mean,2030,42,160,PT1 0 bat,0.0
mean,2030,42,161,PT1 0 bat,0.0
mean,2030,42,162,PT1 0 bat,0.0
mean,2030,42,163,PT1 0 bat,0.0
mean,2030,42,164,PT1 0 bat,0.0
mean,2030,42,165,PT1 0 bat,0.0
mean,2030,42,166,PT1 0 bat,0.0
mean,2030,42,167,PT1 0 bat,0.0
mean,2030,52,0,PT1 0 bat,0.0
mean,2030,52,1,PT1 0 bat,0.0
mean,2030,52,2,PT1 0 bat,0.0
mean,2030,52,3,PT1 0 bat,0.0
mean,2030,52,4,PT1 0 bat,0.0
mean,2030,52,5,PT1 0 bat,0.0
mean,2030,52,6,PT1 0 bat,0.0
mean,2030,52,7,PT1 0 bat,0.0
mean,2030,52,8,PT1 0 bat,0.0
mean,2030,52,9,PT1 0 bat,0.0
mean,2030,52,10,PT1 0 bat,0.0
mean,2030,52,11,PT1 0 bat,0.0
mean,2030,52,12,PT1 0 bat,0.0
mean,2030,52,13,PT1 0 bat,0.0
mean,2030,52,14,PT1 0 bat,0.0
mean,2030,52,15,PT1 0 bat,0.0
mean,2030,52,16,PT1 0 bat,0.0
mean,2030,52,17,PT1 0 bat,0.0
mean,2030,52,18,PT1 0 bat,0.0
mean,2030,52,19,PT1 0 bat,0.0
mean,2030,52,20,PT1 0 bat,0.0
mean,2030,52,21,PT1 0 bat,0.0
mean,2030,52,22,PT1 0 bat,0.0
mean,2030,52,23,PT1 0 bat,0.0
mean,2030,52,24,PT1 0 bat,0.0
mean,2030,52,25,PT1 0 bat,0.0
mean,2030,52,26,PT1 0 bat,0.0
mean,2030,52,27,PT1 0 bat,0.0
mean,2030,52,28,PT1 0 bat,0.0
mean,2030,52,29,PT1 0 bat,0.0
mean,2030,52,30,PT1 0 bat,0.0
mean,2030,52,31,PT1 0 bat,0.0
mean,2030,52,32,PT1 0 bat,0.0
mean,2030,52,33,PT1 0 bat,0.0
mean,2030,52,34,PT1 0 bat,0.0
mean,2030,52,35,PT1 0 bat,0.0
mean,2030,52,36,PT1 0 bat,0.0
mean,2030,52,37,PT1 0 bat,0.0
mean,2030,52,38,PT1 0 bat,0.0
mean,2030,52,39,PT1 0 bat,0.0
mean,2030,52,40,PT1 0 bat,0.0
mean,2030,52,41,PT1 0 bat,0.0
mean,2030,52,42,PT1 0 bat,0.0
mean,2030,52,43,PT1 0 bat,0.0
mean,2030,52,44,PT1 0 bat,0.0
mean,2030,52,45,PT1 0 bat,0.0
mean,2030,52,46,PT1 0 bat,0.0
mean,2030,52,47,PT1 0 bat,0.0
mean,2030,52,48,PT1 0 bat,0.0
mean,2030,52,49,PT1 0 bat,0.0
mean,2030,52,50,PT1 0 bat,0.0
mean,2030,52,51,PT1 0 bat,0.0
mean,2030,52,52,PT1 0 bat,0.0
mean,2030,52,53,PT1 0 bat,0.0
mean,2030,52,54,PT1 0 bat,0.0
mean,2030,52,55,PT1 0 bat,0.0
mean,2030,52,56,PT1 0 bat,0.0
mean,2030,52,57,PT1 0 bat,0.0
mean,2030,52,58,PT1 0 bat,0.0
mean,2030,52,59,PT1 0 bat,0.0
mean,2030,52,60,PT1 0 bat,0.0
mean,2030,52,61,PT1 0 bat,0.0
mean,2030,52,62,PT1 0 bat,0.0
mean,2030,52,63,PT1 0 bat,0.0
mean,2030,52,64,PT1 0 bat,0.0
mean,2030,52,65,PT1 0 bat,0.0
mean,2030,52,66,PT1 0 bat,0.0
mean,2030,52,67,PT1 0 bat,0.0
mean,2030,52,68,PT1 0 bat,0.0
mean,2030,52,69,PT1 0 bat,0.0
mean,2030,52,70,PT1 0 bat,0.0
mean,2030,52,71,PT1 0 bat,0.0
mean,2030,52,72,PT1 0 bat,0.0
mean,2030,52,73,PT1 0 bat,0.0
mean,2030,52,74,PT1 0 bat,0.0
mean,2030,52,75,PT1 0 bat,0.0
mean,2030,52,76,PT1 0 bat,0.0
mean,2030,52,77,PT1 0 bat,0.0
mean,2030,52,78,PT1 0 bat,0.0
mean,2030,52,79,PT1 0 bat,0.0
mean,2030,52,80,PT1 0 bat,0.0
mean,2030,52,81,PT1 0 bat,0.0
mean,2030,52,82,PT1 0 bat,0.0
mean,2030,52,83,PT1 0 bat,0.0
mean,2030,52,84,PT1 0 bat,0.0
mean,2030,52,85,PT1 0 bat,0.0
mean,2030,52,86,PT1 0 bat,0.0
mean,2030,52,87,PT1 0 bat,0.0
mean,2030,52,88,PT1 0 bat,0.0
mean,2030,52,89,PT1 0 bat,0.0
mean,2030,52,90,PT1 0 bat,0.0
mean,2030,52,91,PT1 0 bat,0.0
mean,2030,52,92,PT1 0 bat,0.0
mean,2030,52,93,PT1 0 bat,0.0
mean,2030,52,94,PT1 0 bat,0.0
mean,2030,52,95,PT1 0 bat,0.0
mean,2030,52,96,PT1 0 bat,0.0
mean,2030,52,97,PT1 0 bat,0.0
mean,2030,52,98,PT1 0 bat,0.0
mean,2030,52,99,PT1 0 bat,0.0
mean,2030,52,100,PT1 0 bat,0.0
mean,2030,52,101,PT1 0 bat,0.0
mean,2030,52,102,PT1 0 bat,0.0
mean,2030,52,103,PT1 0 bat,0.0
mean,2030,52,104,PT1 0 bat,0.0
mean,2030,52,105,PT1 0 bat,0.0
mean,2030,52,106,PT1 0 bat,0.0
mean,2030,52,107,PT1 0 bat,0.0
mean,2030,52,108,PT1 0 bat,0.0
mean,2030,52,109,PT1 0 bat,0.0
mean,2030,52,110,PT1 0 bat,0.0
mean,2030,52,111,PT1 0 bat,0.0
mean,2030,52,112,PT1 0 bat,0.0
mean,2030,52,113,PT1 0 bat,0.0
mean,2030,52,114,PT1 0 bat,0.0
mean,2030,52,115,PT1 0 bat,0.0
mean,2030,52,116,PT1 0 bat,0.0
mean,2030,52,117,PT1 0 bat,0.0
mean,2030,52,118,PT1 0 bat,0.0
mean,2030,52,119,PT1 0 bat,0.0
mean,2030,52,120,PT1 0 bat,0.0
mean,2030,52,121,PT1 0 bat,0.0
mean,2030,52,122,PT1 0 bat,0.0
mean,2030,52,123,PT1 0 bat,0.0
mean,2030,52,124,PT1 0 bat,0.0
mean,2030,52,125,PT1 0 bat,0.0
mean,2030,52,126,PT1 0 bat,0.0
mean,2030,52,127,PT1 0 bat,0.0
mean,2030,52,128,PT1 0 bat,0.0
mean,2030,52,129,PT1 0 bat,0.0
mean,2030,52,130,PT1 0 bat,0.0
mean,2030,52,131,PT1 0 bat,0.0
mean,2030,52,132,PT1 0 bat,0.0
mean,2030,52,133,PT1 0 bat,0.0
mean,2030,52,134,PT1 0 bat,0.0
mean,2030,52,135,PT1 0 bat,0.0
mean,2030,52,136,PT1 0 bat,0.0
mean,2030,52,137,PT1 0 bat,0.0
mean,2030,52,138,PT1 0 bat,0.0
mean,2030,52,139,PT1 0 bat,0.0
mean,2030,52,140,PT1 0 bat,0.0
mean,2030,52,141,PT1 0 bat,0.0
mean,2030,52,142,PT1 0 bat,0.0
mean,2030,52,143,PT1 0 bat,0.0
mean,2030,52,144,PT1 0 bat,0.0
mean,2030,52,145,PT1 0 bat,0.0
mean,2030,52,146,PT1 0 bat,0.0
mean,2030,52,147,PT1 0 bat,0.0
mean,2030,52,148,PT1 0 bat,0.0
mean,2030,52,149,PT1 0 bat,0.0
mean,2030,52,150,PT1 0 bat,0.0
mean,2030,52,151,PT1 0 bat,0.0
mean,2030,52,152,PT1 0 bat,0.0
mean,2030,52,153,PT1 0 bat,0.0
mean,2030,52,154,PT1 0 bat,0.0
mean,2030,52,155,PT1 0 bat,0.0
mean,2030,52,156,PT1 0 bat,0.0
mean,2030,52,157,PT1 0 bat,0.0
mean,2030,52,158,PT1 0 bat,0.0
mean,2030,52,159,PT1 0 bat,0.0
mean,2030,52,160,PT1 0 bat,0.0
mean,2030,52,161,PT1 0 bat,0.0
mean,2030,52,162,PT1 0 bat,0.0
mean,2030,52,163,PT1 0 bat,0.0
mean,2030,52,164,PT1 0 bat,0.0
mean,2030,52,165,PT1 0 bat,0.0
mean,2030,52,166,PT1 0 bat,0.0
mean,2030,52,167,PT1 0 bat,0.0
mean,2040,11,0,PT1 0 bat,3542.2159152730055
mean,2040,11,1,PT1 0 bat,0.030135325985087065
mean,2040,11,2,PT1 0 bat,0.030135325985087065
mean,2040,11,3,PT1 0 bat,0.030135325985087065
mean,2040,11,4,PT1 0 bat,0.030135325985087065
mean,2040,11,5,PT1 0 bat,0.09040974688668846
mean,2040,11,6,PT1 0 bat,0.0
mean,2040,11,7,PT1 0 bat,0.0
mean,2040,11,8,PT1 0 bat,0.030135325985087065
mean,2040,11,9,PT1 0 bat,0.030135325985087065
mean,2040,11,10,PT1 0 bat,0.030135325985087065
mean,2040,11,11,PT1 0 bat,0.06027190826321017
mean,2040,11,12,PT1 0 bat,0.0
mean,2040,11,13,PT1 0 bat,1.357334142902782
mean,2040,11,14,PT1 0 bat,0.0
mean,2040,11,15,PT1 0 bat,0.0
mean,2040,11,16,PT1 0 bat,0.0
mean,2040,11,17,PT1 0 bat,0.0
mean,2040,11,18,PT1 0 bat,0.0
mean,2040,11,19,PT1 0 bat,0.0
mean,2040,11,20,PT1 0 bat,0.0
mean,2040,11,21,PT1 0 bat,0.0
mean,2040,11,22,PT1 0 bat,0.0
mean,2040,11,23,PT1 0 bat,0.0
mean,2040,11,24,PT1 0 bat,0.0
mean,2040,11,25,PT1 0 bat,0.0
mean,2040,11,26,PT1 0 bat,0.0
mean,2040,11,27,PT1 0 bat,0.0
mean,2040,11,28,PT1 0 bat,0.0
mean,2040,11,29,PT1 0 bat,0.0
mean,2040,11,30,PT1 0 bat,0.0
mean,2040,11,31,PT1 0 bat,0.0
mean,2040,11,32,PT1 0 bat,0.0
mean,2040,11,33,PT1 0 bat,0.0
mean,2040,11,34,PT1 0 bat,0.0
mean,2040,11,35,PT1 0 bat,0.0
mean,2040,11,36,PT1 0 bat,0.0
mean,2040,11,37,PT1 0 bat,0.0
mean,2040,11,38,PT1 0 bat,0.0
mean,2040,11,39,PT1 0 bat,0.0
mean,2040,11,40,PT1 0 bat,0.0
mean,2040,11,41,PT1 0 bat,0.0
mean,2040,11,42,PT1 0 bat,0.0
mean,2040,11,43,PT1 0 bat,0.0
mean,2040,11,44,PT1 0 bat,0.0
mean,2040,11,45,PT1 0 bat,0.0
mean,2040,11,46,PT1 0 bat,0.0
mean,2040,11,47,PT1 0 bat,0.0
mean,2040,11,48,PT1 0 bat,0.0
mean,2040,11,49,PT1 0 bat,0.0
mean,2040,11,50,PT1 0 bat,0.0
mean,2040,11,51,PT1 0 bat,0.0
mean,2040,11,52,PT1 0 bat,0.0
mean,2040,11,53,PT1 0 bat,0.0
mean,2040,11,54,PT1 0 bat,0.0
mean,2040,11,55,PT1 0 bat,0.0
mean,2040,11,56,PT1 0 bat,0.0
mean,2040,11,57,PT1 0 bat,0.0
mean,2040,11,58,PT1 0 bat,0.06027190826321017
mean,2040,11,59,PT1 0 bat,0.0
mean,2040,11,60,PT1 0 bat,0.030135325985087065
mean,2040,11,61,PT1 0 bat,0.6029452750892363
mean,2040,11,62,PT1 0 bat,0.0
mean,2040,11,63,PT1 0 bat,0.0
mean,2040,11,64,PT1 0 bat,0.0
mean,2040,11,65,PT1 0 bat,0.0
mean,2040,11,66,PT1 0 bat,0.0
mean,2040,11,67,PT1 0 bat,0.0
mean,2040,11,68,PT1 0 bat,0.0
mean,2040,11,69,PT1 0 bat,0.0
mean,2040,11,70,PT1 0 bat,0.0
mean,2040,11,71,PT1 0 bat,0.0
mean,2040,11,72,PT1 0 bat,0.0
mean,2040,11,73,PT1 0 bat,0.0
mean,2040,11,74,PT1 0 bat,0.0
mean,2040,11,75,PT1 0 bat,0.0
mean,2040,11,76,PT1 0 bat,0.0
mean,2040,11,77,PT1 0 bat,0.0
mean,2040,11,78,PT1 0 bat,0.0
mean,2040,11,79,PT1 0 bat,0.0
mean,2040,11,80,PT1 0 bat,0.0
mean,2040,11,81,PT1 0 bat,0.030135325985087065
mean,2040,11,82,PT1 0 bat,0.030135325985087065
mean,2040,11,83,PT1 0 bat,0.06027190826321017
mean,2040,11,84,PT1 0 bat,0.0
mean,2040,11,85,PT1 0 bat,3542.2159152730055
mean,2040,11,86,PT1 0 bat,2241.2016748086317
mean,2040,11,87,PT1 0 bat,0.2712179338658996
mean,2040,11,88,PT1 0 bat,0.0
mean,2040,11,89,PT1 0 bat,0.0
mean,2040,11,90,PT1 0 bat,0.0
mean,2040,11,91,PT1 0 bat,0.0
mean,2040,11,92,PT1 0 bat,0.0
mean,2040,11,93,PT1 0 bat,0.0
mean,2040,11,94,PT1 0 bat,0.0
mean,2040,11,95,PT1 0 bat,0.0
mean,2040,11,96,PT1 0 bat,0.0
mean,2040,11,97,PT1 0 bat,0.0
mean,2040,11,98,PT1 0 bat,0.0
mean,2040,11,99,PT1 0 bat,0.0
mean,2040,11,100,PT1 0 bat,0.0
mean,2040,11,101,PT1 0 bat,0.0
mean,2040,11,102,PT1 0 bat,0.0
mean,2040,11,103,PT1 0 bat,0.0
mean,2040,11,104,PT1 0 bat,0.0
mean,2040,11,105,PT1 0 bat,0.030135325985087065
mean,2040,11,106,PT1 0 bat,3542.2159152730055
mean,2040,11,107,PT1 0 bat,0.0
mean,2040,11,108,PT1 0 bat,0.0
mean,2040,11,109,PT1 0 bat,0.0
mean,2040,11,110,PT1 0 bat,0.0
mean,2040,11,111,PT1 0 bat,2241.912789362333
mean,2040,11,112,PT1 0 bat,0.2712179338658996
mean,2040,11,113,PT1 0 bat,0.0
mean,2040,11,114,PT1 0 bat,0.0
mean,2040,11,115,PT1 0 bat,0.0
mean,2040,11,116,PT1 0 bat,0.0
mean,2040,11,117,PT1 0 bat,0.0
mean,2040,11,118,PT1 0 bat,0.0
mean,2040,11,119,PT1 0 bat,0.0
mean,2040,11,120,PT1 0 bat,0.030135325985087065
mean,2040,11,121,PT1 0 bat,0.030135325985087065
mean,2040,11,122,PT1 0 bat,0.030135325985087065
mean,2040,11,123,PT1 0 bat,0.030135325985087065
mean,2040,11,124,PT1 0 bat,0.030135325985087065
mean,2040,11,125,PT1 0 bat,0.030135325985087065
mean,2040,11,126,PT1 0 bat,0.030135325985087065
mean,2040,11,127,PT1 0 bat,0.030135325985087065
mean,2040,11,128,PT1 0 bat,0.030135325985087065
mean,2040,11,129,PT1 0 bat,0.06027190826321017
mean,2040,11,130,PT1 0 bat,0.0
mean,2040,11,131,PT1 0 bat,0.030135325985087065
mean,2040,11,132,PT1 0 bat,0.030135325985087065
mean,2040,11,133,PT1 0 bat,0.030135325985087065
mean,2040,11,134,PT1 0 bat,0.6331057368878628
mean,2040,11,135,PT1 0 bat,0.0
mean,2040,11,136,PT1 0 bat,0.0
mean,2040,11,137,PT1 0 bat,0.0
mean,2040,11,138,PT1 0 bat,0.0
mean,2040,11,139,PT1 0 bat,0.0
mean,2040,11,140,PT1 0 bat,0.0
mean,2040,11,141,PT1 0 bat,0.0
mean,2040,11,142,PT1 0 bat,0.0
mean,2040,11,143,PT1 0 bat,0.0
mean,2040,11,144,PT1 0 bat,0.0
mean,2040,11,145,PT1 0 bat,0.0
mean,2040,11,146,PT1 0 bat,0.0
mean,2040,11,147,PT1 0 bat,0.0
mean,2040,11,148,PT1 0 bat,0.0
mean,2040,11,149,PT1 0 bat,0.0
mean,2040,11,150,PT1 0 bat,0.0
mean,2040,11,151,PT1 0 bat,0.0
mean,2040,11,152,PT1 0 bat,0.0
mean,2040,11,153,PT1 0 bat,0.0
mean,2040,11,154,PT1 0 bat,0.0
mean,2040,11,155,PT1 0 bat,0.030135325985087065
mean,2040,11,156,PT1 0 bat,0.030135325985087065
mean,2040,11,157,PT1 0 bat,0.030135325985087065
mean,2040,11,158,PT1 0 bat,0.030135325985087065
mean,2040,11,159,PT1 0 bat,0.030135325985087065
mean,2040,11,160,PT1 0 bat,0.030135325985087065
mean,2040,11,161,PT1 0 bat,0.21097366588204453
mean,2040,11,162,PT1 0 bat,0.0
mean,2040,11,163,PT1 0 bat,0.0
mean,2040,11,164,PT1 0 bat,0.0
mean,2040,11,165,PT1 0 bat,0.0
mean,2040,11,166,PT1 0 bat,0.0
mean,2040,11,167,PT1 0 bat,0.0
mean,2040,21,0,PT1 0 bat,3542.2159152730055
mean,2040,21,1,PT1 0 bat,0.18083080135314197
mean,2040,21,2,PT1 0 bat,0.0
mean,2040,21,3,PT1 0 bat,0.0
mean,2040,21,4,PT1 0 bat,0.0
mean,2040,21,5,PT1 0 bat,0.0
mean,2040,21,6,PT1 0 bat,0.0
mean,2040,21,7,PT1 0 bat,0.030135325985087065
mean,2040,21,8,PT1 0 bat,0.030135325985087065
mean,2040,21,9,PT1 0 bat,0.030135325985087065
mean,2040,21,10,PT1 0 bat,0.06027190826321017
mean,2040,21,11,PT1 0 bat,0.0
mean,2040,21,12,PT1 0 bat,0.030135325985087065
mean,2040,21,13,PT1 0 bat,0.030135325985087065
mean,2040,21,14,PT1 0 bat,545.9643099897594
mean,2040,21,15,PT1 0 bat,0.0
mean,2040,21,16,PT1 0 bat,0.0
mean,2040,21,17,PT1 0 bat,0.0
mean,2040,21,18,PT1 0 bat,0.0
mean,2040,21,19,PT1 0 bat,0.0
mean,2040,21,20,PT1 0 bat,0.0
mean,2040,21,21,PT1 0 bat,0.0
mean,2040,21,22,PT1 0 bat,0.0
mean,2040,21,23,PT1 0 bat,0.0
mean,2040,21,24,PT1 0 bat,0.0
mean,2040,21,25,PT1 0 bat,0.0
mean,2040,21,26,PT1 0 bat,0.0
mean,2040,21,27,PT1 0 bat,0.0
mean,2040,21,28,PT1 0 bat,0.0
mean,2040,21,29,PT1 0 bat,0.0
mean,2040,21,30,PT1 0 bat,0.0
mean,2040,21,31,PT1 0 bat,0.0
mean,2040,21,32,PT1 0 bat,0.0
mean,2040,21,33,PT1 0 bat,0.030135325985087065
mean,2040,21,34,PT1 0 bat,0.030135325985087065
mean,2040,21,35,PT1 0 bat,0.06027190826321017
mean,2040,21,36,PT1 0 bat,0.0
mean,2040,21,37,PT1 0 bat,0.6029452750892363
mean,2040,21,38,PT1 0 bat,0.0
mean,2040,21,39,PT1 0 bat,0.0
mean,2040,21,40,PT1 0 bat,0.0
mean,2040,21,41,PT1 0 bat,0.0
mean,2040,21,42,PT1 0 bat,0.0
mean,2040,21,43,PT1 0 bat,0.0
mean,2040,21,44,PT1 0 bat,0.0
mean,2040,21,45,PT1 0 bat,0.0
mean,2040,21,46,PT1 0 bat,0.0
mean,2040,21,47,PT1 0 bat,0.0
mean,2040,21,48,PT1 0 bat,0.0
mean,2040,21,49,PT1 0 bat,0.0
mean,2040,21,50,PT1 0 bat,0.0
mean,2040,21,51,PT1 0 bat,0.0
mean,2040,21,52,PT1 0 bat,0.0
mean,2040,21,53,PT1 0 bat,0.0
mean,2040,21,54,PT1 0 bat,0.0
mean,2040,21,55,PT1 0 bat,0.0
mean,2040,21,56,PT1 0 bat,0.0
mean,2040,21,57,PT1 0 bat,0.030135325985087065
mean,2040,21,58,PT1 0 bat,0.030135325985087065
mean,2040,21,59,PT1 0 bat,1158.692767491168
mean,2040,21,60,PT1 0 bat,3542.2159152730055
mean,2040,21,61,PT1 0 bat,0.0
mean,2040,21,62,PT1 0 bat,0.0
mean,2040,21,63,PT1 0 bat,0.0
mean,2040,21,64,PT1 0 bat,0.0
mean,2040,21,65,PT1 0 bat,0.0
mean,2040,21,66,PT1 0 bat,0.0
mean,2040,21,67,PT1 0 bat,0.0
mean,2040,21,68,PT1 0 bat,0.0
mean,2040,21,69,PT1 0 bat,0.0
mean,2040,21,70,PT1 0 bat,0.0
mean,2040,21,71,PT1 0 bat,0.0
mean,2040,21,72,PT1 0 bat,0.0
mean,2040,21,73,PT1 0 bat,0.0
mean,2040,21,74,PT1 0 bat,0.0
mean,2040,21,75,PT1 0 bat,0.0
mean,2040,21,76,PT1 0 bat,0.0
mean,2040,21,77,PT1 0 bat,0.0
mean,2040,21,78,PT1 0 bat,0.0
mean,2040,21,79,PT1 0 bat,0.0
mean,2040,21,80,PT1 0 bat,0.0
mean,2040,21,81,PT1 0 bat,0.030135325985087065
mean,2040,21,82,PT1 0 bat,0.030135325985087065
mean,2040,21,83,PT1 0 bat,0.09040974688668846
mean,2040,21,84,PT1 0 bat,0.0
mean,2040,21,85,PT1 0 bat,0.0
mean,2040,21,86,PT1 0 bat,3542.2159152730055
mean,2040,21,87,PT1 0 bat,2241.2016748086317
mean,2040,21,88,PT1 0 bat,0.0
mean,2040,21,89,PT1 0 bat,0.0
mean,2040,21,90,PT1 0 bat,0.0
mean,2040,21,91,PT1 0 bat,0.0
mean,2040,21,92,PT1 0 bat,0.0
mean,2040,21,93,PT1 0 bat,0.0
mean,2040,21,94,PT1 0 bat,0.0
mean,2040,21,95,PT1 0 bat,0.0
mean,2040,21,96,PT1 0 bat,0.0
mean,2040,21,97,PT1 0 bat,0.0
mean,2040,21,98,PT1 0 bat,0.0
mean,2040,21,99,PT1 0 bat,0.0
mean,2040,21,100,PT1 0 bat,0.0
mean,2040,21,101,PT1 0 bat,0.0
mean,2040,21,102,PT1 0 bat,0.0
mean,2040,21,103,PT1 0 bat,0.0
mean,2040,21,104,PT1 0 bat,0.0
mean,2040,21,105,PT1 0 bat,2831.9529512631707
mean,2040,21,106,PT1 0 bat,0.0
mean,2040,21,107,PT1 0 bat,0.0
mean,2040,21,108,PT1 0 bat,0.0
mean,2040,21,109,PT1 0 bat,0.0
mean,2040,21,110,PT1 0 bat,0.0
mean,2040,21,111,PT1 0 bat,0.0
mean,2040,21,112,PT1 0 bat,0.0
mean,2040,21,113,PT1 0 bat,0.0
mean,2040,21,114,PT1 0 bat,0.0
mean,2040,21,115,PT1 0 bat,0.0
mean,2040,21,116,PT1 0 bat,0.0
mean,2040,21,117,PT1 0 bat,0.0
mean,2040,21,118,PT1 0 bat,0.0
mean,2040,21,119,PT1 0 bat,0.0
mean,2040,21,120,PT1 0 bat,0.0
mean,2040,21,121,PT1 0 bat,0.0
mean,2040,21,122,PT1 0 bat,0.0
mean,2040,21,123,PT1 0 bat,0.0
mean,2040,21,124,PT1 0 bat,0.0
mean,2040,21,125,PT1 0 bat,0.0
mean,2040,21,126,PT1 0 bat,0.0
mean,2040,21,127,PT1 0 bat,0.0
mean,2040,21,128,PT1 0 bat,0.030135325985087065
mean,2040,21,129,PT1 0 bat,0.030135325985087065
mean,2040,21,130,PT1 0 bat,0.030135325985087065
mean,2040,21,131,PT1 0 bat,0.030135325985087065
mean,2040,21,132,PT1 0 bat,0.030135325985087065
mean,2040,21,133,PT1 0 bat,0.030135325985087065
mean,2040,21,134,PT1 0 bat,3542.2159152730055
mean,2040,21,135,PT1 0 bat,2241.2016748086317
mean,2040,21,136,PT1 0 bat,0.2712179338658996
mean,2040,21,137,PT1 0 bat,0.0
mean,2040,21,138,PT1 0 bat,0.0
mean,2040,21,139,PT1 0 bat,0.0
mean,2040,21,140,PT1 0 bat,0.0
mean,2040,21,141,PT1 0 bat,0.0
mean,2040,21,142,PT1 0 bat,0.0
mean,2040,21,143,PT1 0 bat,0.0
mean,2040,21,144,PT1 0 bat,0.0
mean,2040,21,145,PT1 0 bat,0.0
mean,2040,21,146,PT1 0 bat,0.0
mean,2040,21,147,PT1 0 bat,0.0
mean,2040,21,148,PT1 0 bat,0.0
mean,2040,21,149,PT1 0 bat,0.0
mean,2040,21,150,PT1 0 bat,0.0
mean,2040,21,151,PT1 0 bat,0.0
mean,2040,21,152,PT1 0 bat,0.030135325985087065
mean,2040,21,153,PT1 0 bat,2241.1474376289007
mean,2040,21,154,PT1 0 bat,3542.2159152730055
mean,2040,21,155,PT1 0 bat,0.0
mean,2040,21,156,PT1 0 bat,0.0
mean,2040,21,157,PT1 0 bat,0.0
mean,2040,21,158,PT1 0 bat,1.0848039003548717
mean,2040,21,159,PT1 0 bat,0.2712179338658996
mean,2040,21,160,PT1 0 bat,0.0
mean,2040,21,161,PT1 0 bat,0.0
mean,2040,21,162,PT1 0 bat,0.0
mean,2040,21,163,PT1 0 bat,0.0
mean,2040,21,164,PT1 0 bat,0.0
mean,2040,21,165,PT1 0 bat,0.0
mean,2040,21,166,PT1 0 bat,0.0
mean,2040,21,167,PT1 0 bat,0.0
mean,2040,42,0,PT1 0 bat,3542.2159152730055
mean,2040,42,1,PT1 0 bat,0.21097366588204453
mean,2040,42,2,PT1 0 bat,0.0
mean,2040,42,3,PT1 0 bat,0.0
mean,2040,42,4,PT1 0 bat,0.0
mean,2040,42,5,PT1 0 bat,0.0
mean,2040,42,6,PT1 0 bat,0.0
mean,2040,42,7,PT1 0 bat,0.0
mean,2040,42,8,PT1 0 bat,0.030135325985087065
mean,2040,42,9,PT1 0 bat,184.33240057883256
mean,2040,42,10,PT1 0 bat,3542.2159152730055
mean,2040,42,11,PT1 0 bat,0.0
mean,2040,42,12,PT1 0 bat,2501.965210096947
mean,2040,42,13,PT1 0 bat,0.0
mean,2040,42,14,PT1 0 bat,0.0
mean,2040,42,15,PT1 0 bat,0.0
mean,2040,42,16,PT1 0 bat,0.0
mean,2040,42,17,PT1 0 bat,0.0
mean,2040,42,18,PT1 0 bat,0.0
mean,2040,42,19,PT1 0 bat,0.0
mean,2040,42,20,PT1 0 bat,0.0
mean,2040,42,21,PT1 0 bat,0.0
mean,2040,42,22,PT1 0 bat,0.0
mean,2040,42,23,PT1 0 bat,0.030135325985087065
mean,2040,42,24,PT1 0 bat,0.030135325985087065
mean,2040,42,25,PT1 0 bat,0.030135325985087065
mean,2040,42,26,PT1 0 bat,0.030135325985087065
mean,2040,42,27,PT1 0 bat,0.030135325985087065
mean,2040,42,28,PT1 0 bat,0.030135325985087065
mean,2040,42,29,PT1 0 bat,0.030135325985087065
mean,2040,42,30,PT1 0 bat,0.030135325985087065
mean,2040,42,31,PT1 0 bat,0.030135325985087065
mean,2040,42,32,PT1 0 bat,0.030135325985087065
mean,2040,42,33,PT1 0 bat,0.030135325985087065
mean,2040,42,34,PT1 0 bat,0.030135325985087065
mean,2040,42,35,PT1 0 bat,0.030135325985087065
mean,2040,42,36,PT1 0 bat,0.030135325985087065
mean,2040,42,37,PT1 0 bat,0.030135325985087065
mean,2040,42,38,PT1 0 bat,0.5727860705791017
mean,2040,42,39,PT1 0 bat,0.0
mean,2040,42,40,PT1 0 bat,0.0
mean,2040,42,41,PT1 0 bat,0.0
mean,2040,42,42,PT1 0 bat,0.0
mean,2040,42,43,PT1 0 bat,0.0
mean,2040,42,44,PT1 0 bat,0.0
mean,2040,42,45,PT1 0 bat,0.0
mean,2040,42,46,PT1 0 bat,0.0
mean,2040,42,47,PT1 0 bat,0.0
mean,2040,42,48,PT1 0 bat,0.0
mean,2040,42,49,PT1 0 bat,0.0
mean,2040,42,50,PT1 0 bat,0.0
mean,2040,42,51,PT1 0 bat,0.0
mean,2040,42,52,PT1 0 bat,0.0
mean,2040,42,53,PT1 0 bat,0.0
mean,2040,42,54,PT1 0 bat,0.0
mean,2040,42,55,PT1 0 bat,0.0
mean,2040,42,56,PT1 0 bat,0.0
mean,2040,42,57,PT1 0 bat,0.030135325985087065
mean,2040,42,58,PT1 0 bat,3542.2159152730055
mean,2040,42,59,PT1 0 bat,0.0
mean,2040,42,60,PT1 0 bat,0.0
mean,2040,42,61,PT1 0 bat,1949.4302894573777
mean,2040,42,62,PT1 0 bat,292.3859975915028
mean,2040,42,63,PT1 0 bat,0.2712179338658996
mean,2040,42,64,PT1 0 bat,0.0
mean,2040,42,65,PT1 0 bat,0.0
mean,2040,42,66,PT1 0 bat,0.0
mean,2040,42,67,PT1 0 bat,0.0
mean,2040,42,68,PT1 0 bat,0.0
mean,2040,42,69,PT1 0 bat,0.0
mean,2040,42,70,PT1 0 bat,0.0
mean,2040,42,71,PT1 0 bat,0.0
mean,2040,42,72,PT1 0 bat,0.0
mean,2040,42,73,PT1 0 bat,0.0
mean,2040,42,74,PT1 0 bat,0.0
mean,2040,42,75,PT1 0 bat,0.0
mean,2040,42,76,PT1 0 bat,0.0
mean,2040,42,77,PT1 0 bat,0.0
mean,2040,42,78,PT1 0 bat,0.0
mean,2040,42,79,PT1 0 bat,0.0
mean,2040,42,80,PT1 0 bat,0.0
mean,2040,42,81,PT1 0 bat,0.0
mean,2040,42,82,PT1 0 bat,2440.8620927127185
mean,2040,42,83,PT1 0 bat,0.0
mean,2040,42,84,PT1 0 bat,3342.6414655465173
mean,2040,42,85,PT1 0 bat,0.0
mean,2040,42,86,PT1 0 bat,0.0
mean,2040,42,87,PT1 0 bat,0.0
mean,2040,42,88,PT1 0 bat,0.0
mean,2040,42,89,PT1 0 bat,0.0
mean,2040,42,90,PT1 0 bat,0.0
mean,2040,42,91,PT1 0 bat,0.0
mean,2040,42,92,PT1 0 bat,0.0
mean,2040,42,93,PT1 0 bat,0.0
mean,2040,42,94,PT1 0 bat,0.0
mean,2040,42,95,PT1 0 bat,0.0
mean,2040,42,96,PT1 0 bat,0.0
mean,2040,42,97,PT1 0 bat,0.0
mean,2040,42,98,PT1 0 bat,0.0
mean,2040,42,99,PT1 0 bat,0.0
mean,2040,42,100,PT1 0 bat,0.0
mean,2040,42,101,PT1 0 bat,0.0
mean,2040,42,102,PT1 0 bat,0.0
mean,2040,42,103,PT1 0 bat,0.030135325985203073
mean,2040,42,104,PT1 0 bat,0.030135325985087065
mean,2040,42,105,PT1 0 bat,0.030135325985087065
mean,2040,42,106,PT1 0 bat,0.030135325985087065
mean,2040,42,107,PT1 0 bat,0.030135325985087065
mean,2040,42,108,PT1 0 bat,1.357334142902782
mean,2040,42,109,PT1 0 bat,0.0
mean,2040,42,110,PT1 0 bat,0.0
mean,2040,42,111,PT1 0 bat,0.0
mean,2040,42,112,PT1 0 bat,0.0
mean,2040,42,113,PT1 0 bat,0.0
mean,2040,42,114,PT1 0 bat,0.0
mean,2040,42,115,PT1 0 bat,0.0
mean,2040,42,116,PT1 0 bat,0.0
mean,2040,42,117,PT1 0 bat,0.0
mean,2040,42,118,PT1 0 bat,0.0
mean,2040,42,119,PT1 0 bat,0.0
mean,2040,42,120,PT1 0 bat,0.0
mean,2040,42,121,PT1 0 bat,0.0
mean,2040,42,122,PT1 0 bat,0.0
mean,2040,42,123,PT1 0 bat,0.0
mean,2040,42,124,PT1 0 bat,0.0
mean,2040,42,125,PT1 0 bat,0.0
mean,2040,42,126,PT1 0 bat,0.0
mean,2040,42,127,PT1 0 bat,0.0
mean,2040,42,128,PT1 0 bat,0.0
mean,2040,42,129,PT1 0 bat,0.0
mean,2040,42,130,PT1 0 bat,0.0
mean,2040,42,131,PT1 0 bat,0.0
mean,2040,42,132,PT1 0 bat,0.0
mean,2040,42,133,PT1 0 bat,0.0
mean,2040,42,134,PT1 0 bat,0.0
mean,2040,42,135,PT1 0 bat,0.0
mean,2040,42,136,PT1 0 bat,0.0
mean,2040,42,137,PT1 0 bat,0.0
mean,2040,42,138,PT1 0 bat,0.0
mean,2040,42,139,PT1 0 bat,0.0
mean,2040,42,140,PT1 0 bat,0.0
mean,2040,42,141,PT1 0 bat,0.0
mean,2040,42,142,PT1 0 bat,0.0
mean,2040,42,143,PT1 0 bat,0.0
mean,2040,42,144,PT1 0 bat,0.0
mean,2040,42,145,PT1 0 bat,0.0
mean,2040,42,146,PT1 0 bat,0.0
mean,2040,42,147,PT1 0 bat,0.0
mean,2040,42,148,PT1 0 bat,0.0
mean,2040,42,149,PT1 0 bat,0.0
mean,2040,42,150,PT1 0 bat,0.0
mean,2040,42,151,PT1 0 bat,0.0
mean,2040,42,152,PT1 0 bat,0.0
mean,2040,42,153,PT1 0 bat,0.030135325985087065
mean,2040,42,154,PT1 0 bat,0.06027190826321017
mean,2040,42,155,PT1 0 bat,0.0
mean,2040,42,156,PT1 0 bat,0.3617068386828884
mean,2040,42,157,PT1 0 bat,0.0
mean,2040,42,158,PT1 0 bat,0.0
mean,2040,42,159,PT1 0 bat,0.0
mean,2040,42,160,PT1 0 bat,0.0
mean,2040,42,161,PT1 0 bat,0.0
mean,2040,42,162,PT1 0 bat,0.0
mean,2040,42,163,PT1 0 bat,0.0
mean,2040,42,164,PT1 0 bat,0.0
mean,2040,42,165,PT1 0 bat,0.0
mean,2040,42,166,PT1 0 bat,0.0
mean,2040,42,167,PT1 0 bat,0.0
mean,2040,52,0,PT1 0 bat,3542.2159152730055
mean,2040,52,1,PT1 0 bat,0.030135325985087065
mean,2040,52,2,PT1 0 bat,0.030135325985087065
mean,2040,52,3,PT1 0 bat,0.030135325985087065
mean,2040,52,4,PT1 0 bat,0.030135325985087065
mean,2040,52,5,PT1 0 bat,0.030135325985087065
mean,2040,52,6,PT1 0 bat,0.06027190826321017
mean,2040,52,7,PT1 0 bat,0.0
mean,2040,52,8,PT1 0 bat,0.030135325985087065
mean,2040,52,9,PT1 0 bat,0.030135325985087065
mean,2040,52,10,PT1 0 bat,0.030135325985087065
mean,2040,52,11,PT1 0 bat,0.030135325985087065
mean,2040,52,12,PT1 0 bat,2.0822875022768317
mean,2040,52,13,PT1 0 bat,0.0
mean,2040,52,14,PT1 0 bat,0.0
mean,2040,52,15,PT1 0 bat,0.0
mean,2040,52,16,PT1 0 bat,0.0
mean,2040,52,17,PT1 0 bat,0.0
mean,2040,52,18,PT1 0 bat,0.0
mean,2040,52,19,PT1 0 bat,0.0
mean,2040,52,20,PT1 0 bat,0.0
mean,2040,52,21,PT1 0 bat,0.0
mean,2040,52,22,PT1 0 bat,0.0
mean,2040,52,23,PT1 0 bat,0.0
mean,2040,52,24,PT1 0 bat,0.0
mean,2040,52,25,PT1 0 bat,0.0
mean,2040,52,26,PT1 0 bat,0.0
mean,2040,52,27,PT1 0 bat,0.0
mean,2040,52,28,PT1 0 bat,0.0
mean,2040,52,29,PT1 0 bat,0.0
mean,2040,52,30,PT1 0 bat,0.0
mean,2040,52,31,PT1 0 bat,0.0
mean,2040,52,32,PT1 0 bat,0.0
mean,2040,52,33,PT1 0 bat,0.0
mean,2040,52,34,PT1 0 bat,0.0
mean,2040,52,35,PT1 0 bat,0.0
mean,2040,52,36,PT1 0 bat,0.0
mean,2040,52,37,PT1 0 bat,0.0
mean,2040,52,38,PT1 0 bat,0.0
mean,2040,52,39,PT1 0 bat,0.0
mean,2040,52,40,PT1 0 bat,0.0
mean,2040,52,41,PT1 0 bat,0.0
mean,2040,52,42,PT1 0 bat,0.0
mean,2040,52,43,PT1 0 bat,0.0
mean,2040,52,44,PT1 0 bat,0.0
mean,2040,52,45,PT1 0 bat,0.0
mean,2040,52,46,PT1 0 bat,0.0
mean,2040,52,47,PT1 0 bat,0.0
mean,2040,52,48,PT1 0 bat,0.0
mean,2040,52,49,PT1 0 bat,0.0
mean,2040,52,50,PT1 0 bat,0.0
mean,2040,52,51,PT1 0 bat,0.0
mean,2040,52,52,PT1 0 bat,0.0
mean,2040,52,53,PT1 0 bat,0.0
mean,2040,52,54,PT1 0 bat,0.0
mean,2040,52,55,PT1 0 bat,0.0
mean,2040,52,56,PT1 0 bat,0.0
mean,2040,52,57,PT1 0 bat,0.0
mean,2040,52,58,PT1 0 bat,0.0
mean,2040,52,59,PT1 0 bat,0.0
mean,2040,52,60,PT1 0 bat,0.0
mean,2040,52,61,PT1 0 bat,0.0
mean,2040,52,62,PT1 0 bat,0.0
mean,2040,52,63,PT1 0 bat,0.0
mean,2040,52,64,PT1 0 bat,0.0
mean,2040,52,65,PT1 0 bat,0.0
mean,2040,52,66,PT1 0 bat,0.0
mean,2040,52,67,PT1 0 bat,0.0
mean,2040,52,68,PT1 0 bat,0.0
mean,2040,52,69,PT1 0 bat,0.0
mean,2040,52,70,PT1 0 bat,0.0
mean,2040,52,71,PT1 0 bat,0.0
mean,2040,52,72,PT1 0 bat,0.0
mean,2040,52,73,PT1 0 bat,0.0
mean,2040,52,74,PT1 0 bat,0.0
mean,2040,52,75,PT1 0 bat,0.0
mean,2040,52,76,PT1 0 bat,0.0
mean,2040,52,77,PT1 0 bat,0.0
mean,2040,52,78,PT1 0 bat,0.0
mean,2040,52,79,PT1 0 bat,0.0
mean,2040,52,80,PT1 0 bat,0.0
mean,2040,52,81,PT1 0 bat,0.030135325985087065
mean,2040,52,82,PT1 0 bat,3542.2159152730055
mean,2040,52,83,PT1 0 bat,0.0
mean,2040,52,84,PT1 0 bat,0.0
mean,2040,52,85,PT1 0 bat,0.0
mean,2040,52,86,PT1 0 bat,0.0
mean,2040,52,87,PT1 0 bat,0.0
mean,2040,52,88,PT1 0 bat,0.0
mean,2040,52,89,PT1 0 bat,0.0
mean,2040,52,90,PT1 0 bat,0.0
mean,2040,52,91,PT1 0 bat,0.0
mean,2040,52,92,PT1 0 bat,0.0
mean,2040,52,93,PT1 0 bat,0.0
mean,2040,52,94,PT1 0 bat,0.0
mean,2040,52,95,PT1 0 bat,0.0
mean,2040,52,96,PT1 0 bat,0.0
mean,2040,52,97,PT1 0 bat,0.0
mean,2040,52,98,PT1 0 bat,0.0
mean,2040,52,99,PT1 0 bat,0.0
mean,2040,52,100,PT1 0 bat,0.0
mean,2040,52,101,PT1 0 bat,0.0
mean,2040,52,102,PT1 0 bat,0.0
mean,2040,52,103,PT1 0 bat,0.0
mean,2040,52,104,PT1 0 bat,0.0
mean,2040,52,105,PT1 0 bat,0.0
mean,2040,52,106,PT1 0 bat,0.0
mean,2040,52,107,PT1 0 bat,0.0
mean,2040,52,108,PT1 0 bat,0.0
mean,2040,52,109,PT1 0 bat,0.0
mean,2040,52,110,PT1 0 bat,0.0
mean,2040,52,111,PT1 0 bat,0.0
mean,2040,52,112,PT1 0 bat,0.0
mean,2040,52,113,PT1 0 bat,0.0
mean,2040,52,114,PT1 0 bat,0.0
mean,2040,52,115,PT1 0 bat,0.0
mean,2040,52,116,PT1 0 bat,0.0
mean,2040,52,117,PT1 0 bat,0.0
mean,2040,52,118,PT1 0 bat,0.0
mean,2040,52,119,PT1 0 bat,0.0
mean,2040,52,120,PT1 0 bat,0.0
mean,2040,52,121,PT1 0 bat,0.0
mean,2040,52,122,PT1 0 bat,0.0
mean,2040,52,123,PT1 0 bat,0.0
mean,2040,52,124,PT1 0 bat,0.0
mean,2040,52,125,PT1 0 bat,0.0
mean,2040,52,126,PT1 0 bat,0.0
mean,2040,52,127,PT1 0 bat,0.0
mean,2040,52,128,PT1 0 bat,0.0
mean,2040,52,129,PT1 0 bat,0.030135325985087065
mean,2040,52,130,PT1 0 bat,0.6934304325601001
mean,2040,52,131,PT1 0 bat,0.0
mean,2040,52,132,PT1 0 bat,0.0
mean,2040,52,133,PT1 0 bat,0.0
mean,2040,52,134,PT1 0 bat,0.0
mean,2040,52,135,PT1 0 bat,0.0
mean,2040,52,136,PT1 0 bat,0.0
mean,2040,52,137,PT1 0 bat,0.0
mean,2040,52,138,PT1 0 bat,0.0
mean,2040,52,139,PT1 0 bat,0.0
mean,2040,52,140,PT1 0 bat,0.0
mean,2040,52,141,PT1 0 bat,0.0
mean,2040,52,142,PT1 0 bat,0.0
mean,2040,52,143,PT1 0 bat,0.0
mean,2040,52,144,PT1 0 bat,0.0
mean,2040,52,145,PT1 0 bat,0.0
mean,2040,52,146,PT1 0 bat,0.0
mean,2040,52,147,PT1 0 bat,0.0
mean,2040,52,148,PT1 0 bat,0.0
mean,2040,52,149,PT1 0 bat,0.0
mean,2040,52,150,PT1 0 bat,0.0
mean,2040,52,151,PT1 0 bat,0.0
mean,2040,52,152,PT1 0 bat,0.0
mean,2040,52,153,PT1 0 bat,2241.5181484978766
mean,2040,52,154,PT1 0 bat,0.0
mean,2040,52,155,PT1 0 bat,0.0
mean,2040,52,156,PT1 0 bat,0.0
mean,2040,52,157,PT1 0 bat,3542.2159152730055
mean,2040,52,158,PT1 0 bat,0.2712179338658996
mean,2040,52,159,PT1 0 bat,0.2712179338658996
mean,2040,52,160,PT1 0 bat,0.0
mean,2040,52,161,PT1 0 bat,0.0
mean,2040,52,162,PT1 0 bat,0.0
mean,2040,52,163,PT1 0 bat,0.0
mean,2040,52,164,PT1 0 bat,0.0
mean,2040,52,165,PT1 0 bat,0.0
mean,2040,52,166,PT1 0 bat,0.0
mean,2040,52,167,PT1 0 bat,0.0
mean,2050,11,0,PT1 0 bat,3542.2159152730055
mean,2050,11,1,PT1 0 bat,0.0
mean,2050,11,2,PT1 0 bat,0.0
mean,2050,11,3,PT1 0 bat,0.0
mean,2050,11,4,PT1 0 bat,0.0
mean,2050,11,5,PT1 0 bat,0.0
mean,2050,11,6,PT1 0 bat,0.0
mean,2050,11,7,PT1 0 bat,0.0
mean,2050,11,8,PT1 0 bat,0.0
mean,2050,11,9,PT1 0 bat,0.0
mean,2050,11,10,PT1 0 bat,0.0
mean,2050,11,11,PT1 0 bat,0.0
mean,2050,11,12,PT1 0 bat,0.0
mean,2050,11,13,PT1 0 bat,0.0
mean,2050,11,14,PT1 0 bat,0.0
mean,2050,11,15,PT1 0 bat,0.0
mean,2050,11,16,PT1 0 bat,0.0
mean,2050,11,17,PT1 0 bat,0.0
mean,2050,11,18,PT1 0 bat,0.0
mean,2050,11,19,PT1 0 bat,0.0
mean,2050,11,20,PT1 0 bat,0.0
mean,2050,11,21,PT1 0 bat,0.0
mean,2050,11,22,PT1 0 bat,0.0
mean,2050,11,23,PT1 0 bat,0.0
mean,2050,11,24,PT1 0 bat,0.0
mean,2050,11,25,PT1 0 bat,0.0
mean,2050,11,26,PT1 0 bat,0.0
mean,2050,11,27,PT1 0 bat,0.0
mean,2050,11,28,PT1 0 bat,0.0
mean,2050,11,29,PT1 0 bat,0.0
mean,2050,11,30,PT1 0 bat,0.0
mean,2050,11,31,PT1 0 bat,0.0
mean,2050,11,32,PT1 0 bat,0.0
mean,2050,11,33,PT1 0 bat,0.0
mean,2050,11,34,PT1 0 bat,0.0
mean,2050,11,35,PT1 0 bat,0.0
mean,2050,11,36,PT1 0 bat,0.0
mean,2050,11,37,PT1 0 bat,0.0
mean,2050,11,38,PT1 0 bat,0.0
mean,2050,11,39,PT1 0 bat,0.0
mean,2050,11,40,PT1 0 bat,0.0
mean,2050,11,41,PT1 0 bat,0.0
mean,2050,11,42,PT1 0 bat,0.0
mean,2050,11,43,PT1 0 bat,0.0
mean,2050,11,44,PT1 0 bat,0.0
mean,2050,11,45,PT1 0 bat,0.0
mean,2050,11,46,PT1 0 bat,0.0
mean,2050,11,47,PT1 0 bat,0.0
mean,2050,11,48,PT1 0 bat,0.0
mean,2050,11,49,PT1 0 bat,0.0
mean,2050,11,50,PT1 0 bat,0.0
mean,2050,11,51,PT1 0 bat,0.0
mean,2050,11,52,PT1 0 bat,0.0
mean,2050,11,53,PT1 0 bat,0.0
mean,2050,11,54,PT1 0 bat,0.0
mean,2050,11,55,PT1 0 bat,0.0
mean,2050,11,56,PT1 0 bat,0.0
mean,2050,11,57,PT1 0 bat,0.0
mean,2050,11,58,PT1 0 bat,0.0
mean,2050,11,59,PT1 0 bat,0.0
mean,2050,11,60,PT1 0 bat,0.0
mean,2050,11,61,PT1 0 bat,0.0
mean,2050,11,62,PT1 0 bat,0.0
mean,2050,11,63,PT1 0 bat,0.0
mean,2050,11,64,PT1 0 bat,0.0
mean,2050,11,65,PT1 0 bat,0.0
mean,2050,11,66,PT1 0 bat,0.0
mean,2050,11,67,PT1 0 bat,0.0
mean,2050,11,68,PT1 0 bat,0.0
mean,2050,11,69,PT1 0 bat,0.0
mean,2050,11,70,PT1 0 bat,0.0
mean,2050,11,71,PT1 0 bat,0.0
mean,2050,11,72,PT1 0 bat,0.0
mean,2050,11,73,PT1 0 bat,0.0
mean,2050,11,74,PT1 0 bat,0.0
mean,2050,11,75,PT1 0 bat,0.0
mean,2050,11,76,PT1 0 bat,0.0
mean,2050,11,77,PT1 0 bat,0.0
mean,2050,11,78,PT1 0 bat,0.0
mean,2050,11,79,PT1 0 bat,0.0
mean,2050,11,80,PT1 0 bat,0.0
mean,2050,11,81,PT1 0 bat,0.0
mean,2050,11,82,PT1 0 bat,0.0
mean,2050,11,83,PT1 0 bat,0.0
mean,2050,11,84,PT1 0 bat,0.0
mean,2050,11,85,PT1 0 bat,0.0
mean,2050,11,86,PT1 0 bat,0.0
mean,2050,11,87,PT1 0 bat,0.0
mean,2050,11,88,PT1 0 bat,0.0
mean,2050,11,89,PT1 0 bat,0.0
mean,2050,11,90,PT1 0 bat,0.0
mean,2050,11,91,PT1 0 bat,0.0
mean,2050,11,92,PT1 0 bat,0.0
mean,2050,11,93,PT1 0 bat,0.0
mean,2050,11,94,PT1 0 bat,0.0
mean,2050,11,95,PT1 0 bat,0.0
mean,2050,11,96,PT1 0 bat,0.0
mean,2050,11,97,PT1 0 bat,0.0
mean,2050,11,98,PT1 0 bat,0.0
mean,2050,11,99,PT1 0 bat,0.0
mean,2050,11,100,PT1 0 bat,0.0
mean,2050,11,101,PT1 0 bat,0.0
mean,2050,11,102,PT1 0 bat,0.0
mean,2050,11,103,PT1 0 bat,0.0
mean,2050,11,104,PT1 0 bat,0.0
mean,2050,11,105,PT1 0 bat,0.0
mean,2050,11,106,PT1 0 bat,0.0
mean,2050,11,107,PT1 0 bat,0.0
mean,2050,11,108,PT1 0 bat,0.0
mean,2050,11,109,PT1 0 bat,0.0
mean,2050,11,110,PT1 0 bat,0.0
mean,2050,11,111,PT1 0 bat,0.0
mean,2050,11,112,PT1 0 bat,0.0
mean,2050,11,113,PT1 0 bat,0.0
mean,2050,11,114,PT1 0 bat,0.0
mean,2050,11,115,PT1 0 bat,0.0
mean,2050,11,116,PT1 0 bat,0.0
mean,2050,11,117,PT1 0 bat,0.0
mean,2050,11,118,PT1 0 bat,0.0
mean,2050,11,119,PT1 0 bat,0.0
mean,2050,11,120,PT1 0 bat,0.0
mean,2050,11,121,PT1 0 bat,0.0
mean,2050,11,122,PT1 0 bat,0.0
mean,2050,11,123,PT1 0 bat,0.0
mean,2050,11,124,PT1 0 bat,0.0
mean,2050,11,125,PT1 0 bat,0.0
mean,2050,11,126,PT1 0 bat,0.0
mean,2050,11,127,PT1 0 bat,0.0
mean,2050,11,128,PT1 0 bat,0.0
mean,2050,11,129,PT1 0 bat,0.0
mean,2050,11,130,PT1 0 bat,0.0
mean,2050,11,131,PT1 0 bat,0.0
mean,2050,11,132,PT1 0 bat,0.0
mean,2050,11,133,PT1 0 bat,0.0
mean,2050,11,134,PT1 0 bat,0.0
mean,2050,11,135,PT1 0 bat,0.0
mean,2050,11,136,PT1 0 bat,0.0
mean,2050,11,137,PT1 0 bat,0.0
mean,2050,11,138,PT1 0 bat,0.0
mean,2050,11,139,PT1 0 bat,0.0
mean,2050,11,140,PT1 0 bat,0.0
mean,2050,11,141,PT1 0 bat,0.0
mean,2050,11,142,PT1 0 bat,0.0
mean,2050,11,143,PT1 0 bat,0.0
mean,2050,11,144,PT1 0 bat,0.0
mean,2050,11,145,PT1 0 bat,0.0
mean,2050,11,146,PT1 0 bat,0.0
mean,2050,11,147,PT1 0 bat,0.0
mean,2050,11,148,PT1 0 bat,0.0
mean,2050,11,149,PT1 0 bat,0.0
mean,2050,11,150,PT1 0 bat,0.0
mean,2050,11,151,PT1 0 bat,0.0
mean,2050,11,152,PT1 0 bat,0.0
mean,2050,11,153,PT1 0 bat,0.0
mean,2050,11,154,PT1 0 bat,0.0
mean,2050,11,155,PT1 0 bat,0.0
mean,2050,11,156,PT1 0 bat,0.0
mean,2050,11,157,PT1 0 bat,0.0
mean,2050,11,158,PT1 0 bat,0.0
mean,2050,11,159,PT1 0 bat,0.0
mean,2050,11,160,PT1 0 bat,0.0
mean,2050,11,161,PT1 0 bat,0.0
mean,2050,11,162,PT1 0 bat,0.0
mean,2050,11,163,PT1 0 bat,0.0
mean,2050,11,164,PT1 0 bat,0.0
mean,2050,11,165,PT1 0 bat,0.0
mean,2050,11,166,PT1 0 bat,0.0
mean,2050,11,167,PT1 0 bat,0.0
mean,2050,21,0,PT1 0 bat,3542.2159152730055
mean,2050,21,1,PT1 0 bat,0.0
mean,2050,21,2,PT1 0 bat,0.0
mean,2050,21,3,PT1 0 bat,0.0
mean,2050,21,4,PT1 0 bat,0.0
mean,2050,21,5,PT1 0 bat,0.0
mean,2050,21,6,PT1 0 bat,0.0
mean,2050,21,7,PT1 0 bat,0.0
mean,2050,21,8,PT1 0 bat,0.0
mean,2050,21,9,PT1 0 bat,0.0
mean,2050,21,10,PT1 0 bat,0.0
mean,2050,21,11,PT1 0 bat,0.0
mean,2050,21,12,PT1 0 bat,0.0
mean,2050,21,13,PT1 0 bat,0.0
mean,2050,21,14,PT1 0 bat,0.0
mean,2050,21,15,PT1 0 bat,0.0
mean,2050,21,16,PT1 0 bat,0.0
mean,2050,21,17,PT1 0 bat,0.0
mean,2050,21,18,PT1 0 bat,0.0
mean,2050,21,19,PT1 0 bat,0.0
mean,2050,21,20,PT1 0 bat,0.0
mean,2050,21,21,PT1 0 bat,0.0
mean,2050,21,22,PT1 0 bat,0.0
mean,2050,21,23,PT1 0 bat,0.0
mean,2050,21,24,PT1 0 bat,0.0
mean,2050,21,25,PT1 0 bat,0.0
mean,2050,21,26,PT1 0 bat,0.0
mean,2050,21,27,PT1 0 bat,0.0
mean,2050,21,28,PT1 0 bat,0.0
mean,2050,21,29,PT1 0 bat,0.0
mean,2050,21,30,PT1 0 bat,0.0
mean,2050,21,31,PT1 0 bat,0.0
mean,2050,21,32,PT1 0 bat,0.0
mean,2050,21,33,PT1 0 bat,0.0
mean,2050,21,34,PT1 0 bat,0.0
mean,2050,21,35,PT1 0 bat,0.0
mean,2050,21,36,PT1 0 bat,0.0
mean,2050,21,37,PT1 0 bat,0.0
mean,2050,21,38,PT1 0 bat,0.0
mean,2050,21,39,PT1 0 bat,0.0
mean,2050,21,40,PT1 0 bat,0.0
mean,2050,21,41,PT1 0 bat,0.0
mean,2050,21,42,PT1 0 bat,0.0
mean,2050,21,43,PT1 0 bat,0.0
mean,2050,21,44,PT1 0 bat,0.0
mean,2050,21,45,PT1 0 bat,0.0
mean,2050,21,46,PT1 0 bat,0.0
mean,2050,21,47,PT1 0 bat,0.0
mean,2050,21,48,PT1 0 bat,0.0
mean,2050,21,49,PT1 0 bat,0.0
mean,2050,21,50,PT1 0 bat,0.0
mean,2050,21,51,PT1 0 bat,0.0
mean,2050,21,52,PT1 0 bat,0.0
mean,2050,21,53,PT1 0 bat,0.0
mean,2050,21,54,PT1 0 bat,0.0
mean,2050,21,55,PT1 0 bat,0.0
mean,2050,21,56,PT1 0 bat,0.0
mean,2050,21,57,PT1 0 bat,0.0
mean,2050,21,58,PT1 0 bat,0.0
mean,2050,21,59,PT1 0 bat,0.0
mean,2050,21,60,PT1 0 bat,0.0
mean,2050,21,61,PT1 0 bat,0.0
mean,2050,21,62,PT1 0 bat,0.0
mean,2050,21,63,PT1 0 bat,0.0
mean,2050,21,64,PT1 0 bat,0.0
mean,2050,21,65,PT1 0 bat,0.0
mean,2050,21,66,PT1 0 bat,0.0
mean,2050,21,67,PT1 0 bat,0.0
mean,2050,21,68,PT1 0 bat,0.0
mean,2050,21,69,PT1 0 bat,0.0
mean,2050,21,70,PT1 0 bat,0.0
mean,2050,21,71,PT1 0 bat,0.0
mean,2050,21,72,PT1 0 bat,0.0
mean,2050,21,73,PT1 0 bat,0.0
mean,2050,21,74,PT1 0 bat,0.0
mean,2050,21,75,PT1 0 bat,0.0
mean,2050,21,76,PT1 0 bat,0.0
mean,2050,21,77,PT1 0 bat,0.0
mean,2050,21,78,PT1 0 bat,0.0
mean,2050,21,79,PT1 0 bat,0.0
mean,2050,21,80,PT1 0 bat,0.0
mean,2050,21,81,PT1 0 bat,0.0
mean,2050,21,82,PT1 0 bat,0.0
mean,2050,21,83,PT1 0 bat,0.0
mean,2050,21,84,PT1 0 bat,0.0
mean,2050,21,85,PT1 0 bat,0.0
mean,2050,21,86,PT1 0 bat,0.0
mean,2050,21,87,PT1 0 bat,0.0
mean,2050,21,88,PT1 0 bat,0.0
mean,2050,21,89,PT1 0 bat,0.0
mean,2050,21,90,PT1 0 bat,0.0
mean,2050,21,91,PT1 0 bat,0.0
mean,2050,21,92,PT1 0 bat,0.0
mean,2050,21,93,PT1 0 bat,0.0
mean,2050,21,94,PT1 0 bat,0.0
mean,2050,21,95,PT1 0 bat,0.0
mean,2050,21,96,PT1 0 bat,0.0
mean,2050,21,97,PT1 0 bat,0.0
mean,2050,21,98,PT1 0 bat,0.0
mean,2050,21,99,PT1 0 bat,0.0
mean,2050,21,100,PT1 0 bat,0.0
mean,2050,21,101,PT1 0 bat,0.0
mean,2050,21,102,PT1 0 bat,0.0
mean,2050,21,103,PT1 0 bat,0.0
mean,2050,21,104,PT1 0 bat,0.0
mean,2050,21,105,PT1 0 bat,0.0
mean,2050,21,106,PT1 0 bat,0.0
mean,2050,21,107,PT1 0 bat,0.0
mean,2050,21,108,PT1 0 bat,0.0
mean,2050,21,109,PT1 0 bat,0.0
mean,2050,21,110,PT1 0 bat,0.0
mean,2050,21,111,PT1 0 bat,0.0
mean,2050,21,112,PT1 0 bat,0.0
mean,2050,21,113,PT1 0 bat,0.0
mean,2050,21,114,PT1 0 bat,0.0
mean,2050,21,115,PT1 0 bat,0.0
mean,2050,21,116,PT1 0 bat,0.0
mean,2050,21,117,PT1 0 bat,0.0
mean,2050,21,118,PT1 0 bat,0.0
mean,2050,21,119,PT1 0 bat,0.0
mean,2050,21,120,PT1 0 bat,0.0
mean,2050,21,121,PT1 0 bat,0.0
mean,2050,21,122,PT1 0 bat,0.0
mean,2050,21,123,PT1 0 bat,0.0
mean,2050,21,124,PT1 0 bat,0.0
mean,2050,21,125,PT1 0 bat,0.0
mean,2050,21,126,PT1 0 bat,0.0
mean,2050,21,127,PT1 0 bat,0.0
mean,2050,21,128,PT1 0 bat,0.0
mean,2050,21,129,PT1 0 bat,0.0
mean,2050,21,130,PT1 0 bat,0.0
mean,2050,21,131,PT1 0 bat,0.0
mean,2050,21,132,PT1 0 bat,0.0
mean,2050,21,133,PT1 0 bat,0.0
mean,2050,21,134,PT1 0 bat,0.0
mean,2050,21,135,PT1 0 bat,0.0
mean,2050,21,136,PT1 0 bat,0.0
mean,2050,21,137,PT1 0 bat,0.0
mean,2050,21,138,PT1 0 bat,0.0
mean,2050,21,139,PT1 0 bat,0.0
mean,2050,21,140,PT1 0 bat,0.0
mean,2050,21,141,PT1 0 bat,0.0
mean,2050,21,142,PT1 0 bat,0.0
mean,2050,21,143,PT1 0 bat,0.0
mean,2050,21,144,PT1 0 bat,0.0
mean,2050,21,145,PT1 0 bat,0.0
mean,2050,21,146,PT1 0 bat,0.0
mean,2050,21,147,PT1 0 bat,0.0
mean,2050,21,148,PT1 0 bat,0.0
mean,2050,21,149,PT1 0 bat,0.0
mean,2050,21,150,PT1 0 bat,0.0
mean,2050,21,151,PT1 0 bat,0.0
mean,2050,21,152,PT1 0 bat,0.0
mean,2050,21,153,PT1 0 bat,0.0
mean,2050,21,154,PT1 0 bat,0.0
mean,2050,21,155,PT1 0 bat,0.0
mean,2050,21,156,PT1 0 bat,0.0
mean,2050,21,157,PT1 0 bat,0.0
mean,2050,21,158,PT1 0 bat,0.0
mean,2050,21,159,PT1 0 bat,0.0
mean,2050,21,160,PT1 0 bat,0.0
mean,2050,21,161,PT1 0 bat,0.0
mean,2050,21,162,PT1 0 bat,0.0
mean,2050,21,163,PT1 0 bat,0.0
mean,2050,21,164,PT1 0 bat,0.0
mean,2050,21,165,PT1 0 bat,0.0
mean,2050,21,166,PT1 0 bat,0.0
mean,2050,21,167,PT1 0 bat,0.0
mean,2050,42,0,PT1 0 bat,3542.2159152730055
mean,2050,42,1,PT1 0 bat,0.0
mean,2050,42,2,PT1 0 bat,0.0
mean,2050,42,3,PT1 0 bat,0.0
mean,2050,42,4,PT1 0 bat,0.0
mean,2050,42,5,PT1 0 bat,0.0
mean,2050,42,6,PT1 0 bat,0.0
mean,2050,42,7,PT1 0 bat,0.0
mean,2050,42,8,PT1 0 bat,0.0
mean,2050,42,9,PT1 0 bat,0.0
mean,2050,42,10,PT1 0 bat,0.0
mean,2050,42,11,PT1 0 bat,0.0
mean,2050,42,12,PT1 0 bat,0.0
mean,2050,42,13,PT1 0 bat,0.0
mean,2050,42,14,PT1 0 bat,0.0
mean,2050,42,15,PT1 0 bat,0.0
mean,2050,42,16,PT1 0 bat,0.0
mean,2050,42,17,PT1 0 bat,0.0
mean,2050,42,18,PT1 0 bat,0.0
mean,2050,42,19,PT1 0 bat,0.0
mean,2050,42,20,PT1 0 bat,0.0
mean,2050,42,21,PT1 0 bat,0.0
mean,2050,42,22,PT1 0 bat,0.0
mean,2050,42,23,PT1 0 bat,0.0
mean,2050,42,24,PT1 0 bat,0.0
mean,2050,42,25,PT1 0 bat,0.0
mean,2050,42,26,PT1 0 bat,0.0
mean,2050,42,27,PT1 0 bat,0.0
mean,2050,42,28,PT1 0 bat,0.0
mean,2050,42,29,PT1 0 bat,0.0
mean,2050,42,30,PT1 0 bat,0.0
mean,2050,42,31,PT1 0 bat,0.0
mean,2050,42,32,PT1 0 bat,0.0
mean,2050,42,33,PT1 0 bat,0.0
mean,2050,42,34,PT1 0 bat,0.0
mean,2050,42,35,PT1 0 bat,0.0
mean,2050,42,36,PT1 0 bat,0.0
mean,2050,42,37,PT1 0 bat,0.0
mean,2050,42,38,PT1 0 bat,0.0
mean,2050,42,39,PT1 0 bat,0.0
mean,2050,42,40,PT1 0 bat,0.0
mean,2050,42,41,PT1 0 bat,0.0
mean,2050,42,42,PT1 0 bat,0.0
mean,2050,42,43,PT1 0 bat,0.0
mean,2050,42,44,PT1 0 bat,0.0
mean,2050,42,45,PT1 0 bat,0.0
mean,2050,42,46,PT1 0 bat,0.0
mean,2050,42,47,PT1 0 bat,0.0
mean,2050,42,48,PT1 0 bat,0.0
mean,2050,42,49,PT1 0 bat,0.0
mean,2050,42,50,PT1 0 bat,0.0
mean,2050,42,51,PT1 0 bat,0.0
mean,2050,42,52,PT1 0 bat,0.0
mean,2050,42,53,PT1 0 bat,0.0
mean,2050,42,54,PT1 0 bat,0.0
mean,2050,42,55,PT1 0 bat,0.0
mean,2050,42,56,PT1 0 bat,0.0
mean,2050,42,57,PT1 0 bat,0.0
mean,2050,42,58,PT1 0 bat,0.0
mean,2050,42,59,PT1 0 bat,0.0
mean,2050,42,60,PT1 0 bat,0.0
mean,2050,42,61,PT1 0 bat,0.0
mean,2050,42,62,PT1 0 bat,0.0
mean,2050,42,63,PT1 0 bat,0.0
mean,2050,42,64,PT1 0 bat,0.0
mean,2050,42,65,PT1 0 bat,0.0
mean,2050,42,66,PT1 0 bat,0.0
mean,2050,42,67,PT1 0 bat,0.0
mean,2050,42,68,PT1 0 bat,0.0
mean,2050,42,69,PT1 0 bat,0.0
mean,2050,42,70,PT1 0 bat,0.0
mean,2050,42,71,PT1 0 bat,0.0
mean,2050,42,72,PT1 0 bat,0.0
mean,2050,42,73,PT1 0 bat,0.0
mean,2050,42,74,PT1 0 bat,0.0
mean,2050,42,75,PT1 0 bat,0.0
mean,2050,42,76,PT1 0 bat,0.0
mean,2050,42,77,PT1 0 bat,0.0
mean,2050,42,78,PT1 0 bat,0.0
mean,2050,42,79,PT1 0 bat,0.0
mean,2050,42,80,PT1 0 bat,0.0
mean,2050,42,81,PT1 0 bat,0.0
mean,2050,42,82,PT1 0 bat,0.0
mean,2050,42,83,PT1 0 bat,0.0
mean,2050,42,84,PT1 0 bat,0.0
mean,2050,42,85,PT1 0 bat,0.0
mean,2050,42,86,PT1 0 bat,0.0
mean,2050,42,87,PT1 0 bat,0.0
mean,2050,42,88,PT1 0 bat,0.0
mean,2050,42,89,PT1 0 bat,0.0
mean,2050,42,90,PT1 0 bat,0.0
mean,2050,42,91,PT1 0 bat,0.0
mean,2050,42,92,PT1 0 bat,0.0
mean,2050,42,93,PT1 0 bat,0.0
mean,2050,42,94,PT1 0 bat,0.0
mean,2050,42,95,PT1 0 bat,0.0
mean,2050,42,96,PT1 0 bat,0.0
mean,2050,42,97,PT1 0 bat,0.0
mean,2050,42,98,PT1 0 bat,0.0
mean,2050,42,99,PT1 0 bat,0.0
mean,2050,42,100,PT1 0 bat,0.0
mean,2050,42,101,PT1 0 bat,0.0
mean,2050,42,102,PT1 0 bat,0.0
mean,2050,42,103,PT1 0 bat,0.0
mean,2050,42,104,PT1 0 bat,0.0
mean,2050,42,105,PT1 0 bat,0.0
mean,2050,42,106,PT1 0 bat,0.0
mean,2050,42,107,PT1 0 bat,0.0
mean,2050,42,108,PT1 0 bat,0.0
mean,2050,42,109,PT1 0 bat,0.0
mean,2050,42,110,PT1 0 bat,0.0
mean,2050,42,111,PT1 0 bat,0.0
mean,2050,42,112,PT1 0 bat,0.0
mean,2050,42,113,PT1 0 bat,0.0
mean,2050,42,114,PT1 0 bat,0.0
mean,2050,42,115,PT1 0 bat,0.0
mean,2050,42,116,PT1 0 bat,0.0
mean,2050,42,117,PT1 0 bat,0.0
mean,2050,42,118,PT1 0 bat,0.0
mean,2050,42,119,PT1 0 bat,0.0
mean,2050,42,120,PT1 0 bat,0.0
mean,2050,42,121,PT1 0 bat,0.0
mean,2050,42,122,PT1 0 bat,0.0
mean,2050,42,123,PT1 0 bat,0.0
mean,2050,42,124,PT1 0 bat,0.0
mean,2050,42,125,PT1 0 bat,0.0
mean,2050,42,126,PT1 0 bat,0.0
mean,2050,42,127,PT1 0 bat,0.0
mean,2050,42,128,PT1 0 bat,0.0
mean,2050,42,129,PT1 0 bat,0.0
mean,2050,42,130,PT1 0 bat,0.0
mean,2050,42,131,PT1 0 bat,0.0
mean,2050,42,132,PT1 0 bat,0.0
mean,2050,42,133,PT1 0 bat,0.0
mean,2050,42,134,PT1 0 bat,0.0
mean,2050,42,135,PT1 0 bat,0.0
mean,2050,42,136,PT1 0 bat,0.0
mean,2050,42,137,PT1 0 bat,0.0
mean,2050,42,138,PT1 0 bat,0.0
mean,2050,42,139,PT1 0 bat,0.0
mean,2050,42,140,PT1 0 bat,0.0
mean,2050,42,141,PT1 0 bat,0.0
mean,2050,42,142,PT1 0 bat,0.0
mean,2050,42,143,PT1 0 bat,0.0
mean,2050,42,144,PT1 0 bat,0.0
mean,2050,42,145,PT1 0 bat,0.0
mean,2050,42,146,PT1 0 bat,0.0
mean,2050,42,147,PT1 0 bat,0.0
mean,2050,42,148,PT1 0 bat,0.0
mean,2050,42,149,PT1 0 bat,0.0
mean,2050,42,150,PT1 0 bat,0.0
mean,2050,42,151,PT1 0 bat,0.0
mean,2050,42,152,PT1 0 bat,0.0
mean,2050,42,153,PT1 0 bat,0.0
mean,2050,42,154,PT1 0 bat,0.0
mean,2050,42,155,PT1 0 bat,0.0
mean,2050,42,156,PT1 0 bat,0.0
mean,2050,42,157,PT1 0 bat,0.0
mean,2050,42,158,PT1 0 bat,0.0
mean,2050,42,159,PT1 0 bat,0.0
mean,2050,42,160,PT1 0 bat,0.0
mean,2050,42,161,PT1 0 bat,0.0
mean,2050,42,162,PT1 0 bat,0.0
mean,2050,42,163,PT1 0 bat,0.0
mean,2050,42,164,PT1 0 bat,0.0
mean,2050,42,165,PT1 0 bat,0.0
mean,2050,42,166,PT1 0 bat,0.0
mean,2050,42,167,PT1 0 bat,0.0
mean,2050,52,0,PT1 0 bat,3542.2159152730055
mean,2050,52,1,PT1 0 bat,0.0
mean,2050,52,2,PT1 0 bat,0.0
mean,2050,52,3,PT1 0 bat,0.0
mean,2050,52,4,PT1 0 bat,0.0
mean,2050,52,5,PT1 0 bat,0.0
mean,2050,52,6,PT1 0 bat,0.0
mean,2050,52,7,PT1 0 bat,0.0
mean,2050,52,8,PT1 0 bat,0.0
mean,2050,52,9,PT1 0 bat,0.0
mean,2050,52,10,PT1 0 bat,0.0
mean,2050,52,11,PT1 0 bat,0.0
mean,2050,52,12,PT1 0 bat,0.0
mean,2050,52,13,PT1 0 bat,0.0
mean,2050,52,14,PT1 0 bat,0.0
mean,2050,52,15,PT1 0 bat,0.0
mean,2050,52,16,PT1 0 bat,0.0
mean,2050,52,17,PT1 0 bat,0.0
mean,2050,52,18,PT1 0 bat,0.0
mean,2050,52,19,PT1 0 bat,0.0
mean,2050,52,20,PT1 0 bat,0.0
mean,2050,52,21,PT1 0 bat,0.0
mean,2050,52,22,PT1 0 bat,0.0
mean,2050,52,23,PT1 0 bat,0.0
mean,2050,52,24,PT1 0 bat,0.0
mean,2050,52,25,PT1 0 bat,0.0
mean,2050,52,26,PT1 0 bat,0.0
mean,2050,52,27,PT1 0 bat,0.0
mean,2050,52,28,PT1 0 bat,0.0
mean,2050,52,29,PT1 0 bat,0.0
mean,2050,52,30,PT1 0 bat,0.0
mean,2050,52,31,PT1 0 bat,0.0
mean,2050,52,32,PT1 0 bat,0.0
mean,2050,52,33,PT1 0 bat,0.0
mean,2050,52,34,PT1 0 bat,0.0
mean,2050,52,35,PT1 0 bat,0.0
mean,2050,52,36,PT1 0 bat,0.0
mean,2050,52,37,PT1 0 bat,0.0
mean,2050,52,38,PT1 0 bat,0.0
mean,2050,52,39,PT1 0 bat,0.0
mean,2050,52,40,PT1 0 bat,0.0
mean,2050,52,41,PT1 0 bat,0.0
mean,2050,52,42,PT1 0 bat,0.0
mean,2050,52,43,PT1 0 bat,0.0
mean,2050,52,44,PT1 0 bat,0.0
mean,2050,52,45,PT1 0 bat,0.0
mean,2050,52,46,PT1 0 bat,0.0
mean,2050,52,47,PT1 0 bat,0.0
mean,2050,52,48,PT1 0 bat,0.0
mean,2050,52,49,PT1 0 bat,0.0
mean,2050,52,50,PT1 0 bat,0.0
mean,2050,52,51,PT1 0 bat,0.0
mean,2050,52,52,PT1 0 bat,0.0
mean,2050,52,53,PT1 0 bat,0.0
mean,2050,52,54,PT1 0 bat,0.0
mean,2050,52,55,PT1 0 bat,0.0
mean,2050,52,56,PT1 0 bat,0.0
mean,2050,52,57,PT1 0 bat,0.0
mean,2050,52,58,PT1 0 bat,0.0
mean,2050,52,59,PT1 0 bat,0.0
mean,2050,52,60,PT1 0 bat,0.0
mean,2050,52,61,PT1 0 bat,0.0
mean,2050,52,62,PT1 0 bat,0.0
mean,2050,52,63,PT1 0 bat,0.0
mean,2050,52,64,PT1 0 bat,0.0
mean,2050,52,65,PT1 0 bat,0.0
mean,2050,52,66,PT1 0 bat,0.0
mean,2050,52,67,PT1 0 bat,0.0
mean,2050,52,68,PT1 0 bat,0.0
mean,2050,52,69,PT1 0 bat,0.0
mean,2050,52,70,PT1 0 bat,0.0
mean,2050,52,71,PT1 0 bat,0.0
mean,2050,52,72,PT1 0 bat,0.0
mean,2050,52,73,PT1 0 bat,0.0
mean,2050,52,74,PT1 0 bat,0.0
mean,2050,52,75,PT1 0 bat,0.0
mean,2050,52,76,PT1 0 bat,0.0
mean,2050,52,77,PT1 0 bat,0.0
mean,2050,52,78,PT1 0 bat,0.0
mean,2050,52,79,PT1 0 bat,0.0
mean,2050,52,80,PT1 0 bat,0.0
mean,2050,52,81,PT1 0 bat,0.0
mean,2050,52,82,PT1 0 bat,0.0
mean,2050,52,83,PT1 0 bat,0.0
mean,2050,52,84,PT1 0 bat,0.0
mean,2050,52,85,PT1 0 bat,0.0
mean,2050,52,86,PT1 0 bat,0.0
mean,2050,52,87,PT1 0 bat,0.0
mean,2050,52,88,PT1 0 bat,0.0
mean,2050,52,89,PT1 0 bat,0.0
mean,2050,52,90,PT1 0 bat,0.0
mean,2050,52,91,PT1 0 bat,0.0
mean,2050,52,92,PT1 0 bat,0.0
mean,2050,52,93,PT1 0 bat,0.0
mean,2050,52,94,PT1 0 bat,0.0
mean,2050,52,95,PT1 0 bat,0.0
mean,2050,52,96,PT1 0 bat,0.0
mean,2050,52,97,PT1 0 bat,0.0
mean,2050,52,98,PT1 0 bat,0.0
mean,2050,52,99,PT1 0 bat,0.0
mean,2050,52,100,PT1 0 bat,0.0
mean,2050,52,101,PT1 0 bat,0.0
mean,2050,52,102,PT1 0 bat,0.0
mean,2050,52,103,PT1 0 bat,0.0
mean,2050,52,104,PT1 0 bat,0.0
mean,2050,52,105,PT1 0 bat,0.0
mean,2050,52,106,PT1 0 bat,0.0
mean,2050,52,107,PT1 0 bat,0.0
mean,2050,52,108,PT1 0 bat,0.0
mean,2050,52,109,PT1 0 bat,0.0
mean,2050,52,110,PT1 0 bat,0.0
mean,2050,52,111,PT1 0 bat,0.0
mean,2050,52,112,PT1 0 bat,0.0
mean,2050,52,113,PT1 0 bat,0.0
mean,2050,52,114,PT1 0 bat,0.0
mean,2050,52,115,PT1 0 bat,0.0
mean,2050,52,116,PT1 0 bat,0.0
mean,2050,52,117,PT1 0 bat,0.0
mean,2050,52,118,PT1 0 bat,0.0
mean,2050,52,119,PT1 0 bat,0.0
mean,2050,52,120,PT1 0 bat,0.0
mean,2050,52,121,PT1 0 bat,0.0
mean,2050,52,122,PT1 0 bat,0.0
mean,2050,52,123,PT1 0 bat,0.0
mean,2050,52,124,PT1 0 bat,0.0
mean,2050,52,125,PT1 0 bat,0.0
mean,2050,52,126,PT1 0 bat,0.0
mean,2050,52,127,PT1 0 bat,0.0
mean,2050,52,128,PT1 0 bat,0.0
mean,2050,52,129,PT1 0 bat,0.0
mean,2050,52,130,PT1 0 bat,0.0
mean,2050,52,131,PT1 0 bat,0.0
mean,2050,52,132,PT1 0 bat,0.0
mean,2050,52,133,PT1 0 bat,0.0
mean,2050,52,134,PT1 0 bat,0.0
mean,2050,52,135,PT1 0 bat,0.0
mean,2050,52,136,PT1 0 bat,0.0
mean,2050,52,137,PT1 0 bat,0.0
mean,2050,52,138,PT1 0 bat,0.0
mean,2050,52,139,PT1 0 bat,0.0
mean,2050,52,140,PT1 0 bat,0.0
mean,2050,52,141,PT1 0 bat,0.0
mean,2050,52,142,PT1 0 bat,0.0
mean,2050,52,143,PT1 0 bat,0.0
mean,2050,52,144,PT1 0 bat,0.0
mean,2050,52,145,PT1 0 bat,0.0
mean,2050,52,146,PT1 0 bat,0.0
mean,2050,52,147,PT1 0 bat,0.0
mean,2050,52,148,PT1 0 bat,0.0
mean,2050,52,149,PT1 0 bat,0.0
mean,2050,52,150,PT1 0 bat,0.0
mean,2050,52,151,PT1 0 bat,0.0
mean,2050,52,152,PT1 0 bat,0.0
mean,2050,52,153,PT1 0 bat,0.0
mean,2050,52,154,PT1 0 bat,0.0
mean,2050,52,155,PT1 0 bat,0.0
mean,2050,52,156,PT1 0 bat,0.0
mean,2050,52,157,PT1 0 bat,0.0
mean,2050,52,158,PT1 0 bat,0.0
mean,2050,52,159,PT1 0 bat,0.0
mean,2050,52,160,PT1 0 bat,0.0
mean,2050,52,161,PT1 0 bat,0.0
mean,2050,52,162,PT1 0 bat,0.0
mean,2050,52,163,PT1 0 bat,0.0
mean,2050,52,164,PT1 0 bat,0.0
mean,2050,52,165,PT1 0 bat,0.0
mean,2050,52,166,PT1 0 bat,0.0
mean,2050,52,167,PT1 0 bat,0.0
mean,2025,11,0,PT1 1 bat,43559.17818022044
mean,2025,11,1,PT1 1 bat,0.4790795084977153
mean,2025,11,2,PT1 1 bat,0.4790795084977153
mean,2025,11,3,PT1 1 bat,3448.1694010243386
mean,2025,11,4,PT1 1 bat,3781.8563276820078
mean,2025,11,5,PT1 1 bat,2700.6245269269275
mean,2025,11,6,PT1 1 bat,520.9667545365946
mean,2025,11,7,PT1 1 bat,0.0
mean,2025,11,8,PT1 1 bat,0.0
mean,2025,11,9,PT1 1 bat,0.0
mean,2025,11,10,PT1 1 bat,0.0
mean,2025,11,11,PT1 1 bat,0.0
mean,2025,11,12,PT1 1 bat,2413.060386006773
mean,2025,11,13,PT1 1 bat,4994.5754148760125
mean,2025,11,14,PT1 1 bat,6260.8263072199225
mean,2025,11,15,PT1 1 bat,8634.85936955474
mean,2025,11,16,PT1 1 bat,9103.559414476114
mean,2025,11,17,PT1 1 bat,7581.04243141977
mean,2025,11,18,PT1 1 bat,4450.587658804237
mean,2025,11,19,PT1 1 bat,0.0
mean,2025,11,20,PT1 1 bat,0.0
mean,2025,11,21,PT1 1 bat,0.0
mean,2025,11,22,PT1 1 bat,144.6666797798598
mean,2025,11,23,PT1 1 bat,0.0
mean,2025,11,24,PT1 1 bat,0.0
mean,2025,11,25,PT1 1 bat,0.0
mean,2025,11,26,PT1 1 bat,0.0
mean,2025,11,27,PT1 1 bat,0.0
mean,2025,11,28,PT1 1 bat,0.0
mean,2025,11,29,PT1 1 bat,0.0
mean,2025,11,30,PT1 1 bat,0.0
mean,2025,11,31,PT1 1 bat,0.0
mean,2025,11,32,PT1 1 bat,0.0
mean,2025,11,33,PT1 1 bat,0.0
mean,2025,11,34,PT1 1 bat,0.0
mean,2025,11,35,PT1 1 bat,0.0
mean,2025,11,36,PT1 1 bat,0.0
mean,2025,11,37,PT1 1 bat,0.0
mean,2025,11,38,PT1 1 bat,0.0
mean,2025,11,39,PT1 1 bat,0.0
mean,2025,11,40,PT1 1 bat,0.0
mean,2025,11,41,PT1 1 bat,0.0
mean,2025,11,42,PT1 1 bat,0.0
mean,2025,11,43,PT1 1 bat,0.0
mean,2025,11,44,PT1 1 bat,0.0
mean,2025,11,45,PT1 1 bat,0.0
mean,2025,11,46,PT1 1 bat,0.0
mean,2025,11,47,PT1 1 bat,0.0
mean,2025,11,48,PT1 1 bat,0.0
mean,2025,11,49,PT1 1 bat,2755.1192649456307
mean,2025,11,50,PT1 1 bat,3692.3806154624162
mean,2025,11,51,PT1 1 bat,3799.6379307321067
mean,2025,11,52,PT1 1 bat,3615.5584551795337
mean,2025,11,53,PT1 1 bat,2765.642182054297
mean,2025,11,54,PT1 1 bat,0.0
mean,2025,11,55,PT1 1 bat,0.0
mean,2025,11,56,PT1 1 bat,728.7976611067015
mean,2025,11,57,PT1 1 bat,2095.2963527123293
mean,2025,11,58,PT1 1 bat,3086.3959558100014
mean,2025,11,59,PT1 1 bat,2747.891556613212
mean,2025,11,60,PT1 1 bat,3217.22199175094
mean,2025,11,61,PT1 1 bat,3153.9759420902674
mean,2025,11,62,PT1 1 bat,2602.457944821166
mean,2025,11,63,PT1 1 bat,1763.7408865885172
mean,2025,11,64,PT1 1 bat,1456.8320277420335
mean,2025,11,65,PT1 1 bat,584.2267908519998
mean,2025,11,66,PT1 1 bat,0.0
mean,2025,11,67,PT1 1 bat,0.0
mean,2025,11,68,PT1 1 bat,0.0
mean,2025,11,69,PT1 1 bat,0.0
mean,2025,11,70,PT1 1 bat,0.0
mean,2025,11,71,PT1 1 bat,0.0
mean,2025,11,72,PT1 1 bat,0.0
mean,2025,11,73,PT1 1 bat,0.0
mean,2025,11,74,PT1 1 bat,38.7989701432347
mean,2025,11,75,PT1 1 bat,0.0
mean,2025,11,76,PT1 1 bat,0.0
mean,2025,11,77,PT1 1 bat,0.0
mean,2025,11,78,PT1 1 bat,0.0
mean,2025,11,79,PT1 1 bat,0.0
mean,2025,11,80,PT1 1 bat,0.0
mean,2025,11,81,PT1 1 bat,30.178234737505424
mean,2025,11,82,PT1 1 bat,0.0
mean,2025,11,83,PT1 1 bat,8.623251412004441
mean,2025,11,84,PT1 1 bat,0.0
mean,2025,11,85,PT1 1 bat,0.0
mean,2025,11,86,PT1 1 bat,0.0
mean,2025,11,87,PT1 1 bat,17.245783890156215
mean,2025,11,88,PT1 1 bat,4.311715576477582
mean,2025,11,89,PT1 1 bat,4.311715576477582
mean,2025,11,90,PT1 1 bat,0.0
mean,2025,11,91,PT1 1 bat,0.0
mean,2025,11,92,PT1 1 bat,0.0
mean,2025,11,93,PT1 1 bat,0.0
mean,2025,11,94,PT1 1 bat,0.0
mean,2025,11,95,PT1 1 bat,0.0
mean,2025,11,96,PT1 1 bat,0.0
mean,2025,11,97,PT1 1 bat,0.0
mean,2025,11,98,PT1 1 bat,0.0
mean,2025,11,99,PT1 1 bat,1467.6014065394454
mean,2025,11,100,PT1 1 bat,71.53102257765642
mean,2025,11,101,PT1 1 bat,0.0
mean,2025,11,102,PT1 1 bat,0.0
mean,2025,11,103,PT1 1 bat,0.0
mean,2025,11,104,PT1 1 bat,0.0
mean,2025,11,105,PT1 1 bat,1460.2660839993462
mean,2025,11,106,PT1 1 bat,520.1859752653187
mean,2025,11,107,PT1 1 bat,2323.257762251974
mean,2025,11,108,PT1 1 bat,1596.181230254919
mean,2025,11,109,PT1 1 bat,3433.2605926603264
mean,2025,11,110,PT1 1 bat,1166.6835194963737
mean,2025,11,111,PT1 1 bat,0.0
mean,2025,11,112,PT1 1 bat,0.0
mean,2025,11,113,PT1 1 bat,0.0
mean,2025,11,114,PT1 1 bat,0.0
mean,2025,11,115,PT1 1 bat,0.0
mean,2025,11,116,PT1 1 bat,0.0
mean,2025,11,117,PT1 1 bat,0.0
mean,2025,11,118,PT1 1 bat,0.0
mean,2025,11,119,PT1 1 bat,0.0
mean,2025,11,120,PT1 1 bat,0.0
mean,2025,11,121,PT1 1 bat,0.0
mean,2025,11,122,PT1 1 bat,0.4790795084977153
mean,2025,11,123,PT1 1 bat,0.4790795084977153
mean,2025,11,124,PT1 1 bat,0.4790795084977153
mean,2025,11,125,PT1 1 bat,0.4790795084977153
mean,2025,11,126,PT1 1 bat,0.4790795084977153
mean,2025,11,127,PT1 1 bat,0.4790795084977153
mean,2025,11,128,PT1 1 bat,0.4790795084977153
mean,2025,11,129,PT1 1 bat,0.4790795084977153
mean,2025,11,130,PT1 1 bat,0.4790795084977153
mean,2025,11,131,PT1 1 bat,0.4790795084977153
mean,2025,11,132,PT1 1 bat,0.4790795084977153
mean,2025,11,133,PT1 1 bat,0.4790795084977153
mean,2025,11,134,PT1 1 bat,0.4790795084977153
mean,2025,11,135,PT1 1 bat,1370.296806653903
mean,2025,11,136,PT1 1 bat,1659.7602056214864
mean,2025,11,137,PT1 1 bat,0.0
mean,2025,11,138,PT1 1 bat,0.0
mean,2025,11,139,PT1 1 bat,0.0
mean,2025,11,140,PT1 1 bat,0.0
mean,2025,11,141,PT1 1 bat,0.0
mean,2025,11,142,PT1 1 bat,0.0
mean,2025,11,143,PT1 1 bat,0.0
mean,2025,11,144,PT1 1 bat,0.0
mean,2025,11,145,PT1 1 bat,0.0
mean,2025,11,146,PT1 1 bat,0.0
mean,2025,11,147,PT1 1 bat,0.0
mean,2025,11,148,PT1 1 bat,0.0
mean,2025,11,149,PT1 1 bat,0.0
mean,2025,11,150,PT1 1 bat,0.0
mean,2025,11,151,PT1 1 bat,0.0
mean,2025,11,152,PT1 1 bat,0.0
mean,2025,11,153,PT1 1 bat,0.0
mean,2025,11,154,PT1 1 bat,0.0
mean,2025,11,155,PT1 1 bat,0.4790795084977153
mean,2025,11,156,PT1 1 bat,0.4790795084977153
mean,2025,11,157,PT1 1 bat,0.4790795084977153
mean,2025,11,158,PT1 1 bat,0.4790795084977153
mean,2025,11,159,PT1 1 bat,0.4790795084977153
mean,2025,11,160,PT1 1 bat,0.4790795084977153
mean,2025,11,161,PT1 1 bat,3.3539760016760645
mean,2025,11,162,PT1 1 bat,0.0
mean,2025,11,163,PT1 1 bat,0.0
mean,2025,11,164,PT1 1 bat,0.0
mean,2025,11,165,PT1 1 bat,0.0
mean,2025,11,166,PT1 1 bat,0.0
mean,2025,11,167,PT1 1 bat,0.0
mean,2025,21,0,PT1 1 bat,36129.260770714754
mean,2025,21,1,PT1 1 bat,3.3539760016760645
mean,2025,21,2,PT1 1 bat,0.0
mean,2025,21,3,PT1 1 bat,0.0
mean,2025,21,4,PT1 1 bat,0.0
mean,2025,21,5,PT1 1 bat,0.0
mean,2025,21,6,PT1 1 bat,0.0
mean,2025,21,7,PT1 1 bat,0.0
mean,2025,21,8,PT1 1 bat,0.4790795084977153
mean,2025,21,9,PT1 1 bat,1.437298442476963
mean,2025,21,10,PT1 1 bat,0.0
mean,2025,21,11,PT1 1 bat,0.0
mean,2025,21,12,PT1 1 bat,0.4790795084977153
mean,2025,21,13,PT1 1 bat,0.4790795084977153
mean,2025,21,14,PT1 1 bat,0.4790795084977153
mean,2025,21,15,PT1 1 bat,0.4790795084977153
mean,2025,21,16,PT1 1 bat,0.4790795084977153
mean,2025,21,17,PT1 1 bat,0.4790795084977153
mean,2025,21,18,PT1 1 bat,0.4790795084977153
mean,2025,21,19,PT1 1 bat,0.4790795084977153
mean,2025,21,20,PT1 1 bat,0.4790795084977153
mean,2025,21,21,PT1 1 bat,7.188290071594473
mean,2025,21,22,PT1 1 bat,0.0
mean,2025,21,23,PT1 1 bat,0.0
mean,2025,21,24,PT1 1 bat,0.0
mean,2025,21,25,PT1 1 bat,0.0
mean,2025,21,26,PT1 1 bat,0.0
mean,2025,21,27,PT1 1 bat,0.0
mean,2025,21,28,PT1 1 bat,0.0
mean,2025,21,29,PT1 1 bat,0.0
mean,2025,21,30,PT1 1 bat,0.0
mean,2025,21,31,PT1 1 bat,0.0
mean,2025,21,32,PT1 1 bat,0.0
mean,2025,21,33,PT1 1 bat,0.0
mean,2025,21,34,PT1 1 bat,0.0
mean,2025,21,35,PT1 1 bat,0.0
mean,2025,21,36,PT1 1 bat,0.4790795084977153
mean,2025,21,37,PT1 1 bat,0.4790795084977153
mean,2025,21,38,PT1 1 bat,0.4790795084977153
mean,2025,21,39,PT1 1 bat,0.4790795084977153
mean,2025,21,40,PT1 1 bat,4594.989868304286
mean,2025,21,41,PT1 1 bat,2150.191286404208
mean,2025,21,42,PT1 1 bat,22.203837319245395
mean,2025,21,43,PT1 1 bat,0.0
mean,2025,21,44,PT1 1 bat,0.0
mean,2025,21,45,PT1 1 bat,0.0
mean,2025,21,46,PT1 1 bat,0.0
mean,2025,21,47,PT1 1 bat,0.0
mean,2025,21,48,PT1 1 bat,0.0
mean,2025,21,49,PT1 1 bat,0.0
mean,2025,21,50,PT1 1 bat,0.0
mean,2025,21,51,PT1 1 bat,0.0
mean,2025,21,52,PT1 1 bat,0.0
mean,2025,21,53,PT1 1 bat,0.0
mean,2025,21,54,PT1 1 bat,0.0
mean,2025,21,55,PT1 1 bat,0.0
mean,2025,21,56,PT1 1 bat,0.4790795084977153
mean,2025,21,57,PT1 1 bat,0.4790795084977153
mean,2025,21,58,PT1 1 bat,0.4790795084977153
mean,2025,21,59,PT1 1 bat,0.4790795084977153
mean,2025,21,60,PT1 1 bat,0.4790795084977153
mean,2025,21,61,PT1 1 bat,0.4790795084977153
mean,2025,21,62,PT1 1 bat,566.1195825469149
mean,2025,21,63,PT1 1 bat,0.0
mean,2025,21,64,PT1 1 bat,0.0
mean,2025,21,65,PT1 1 bat,0.0
mean,2025,21,66,PT1 1 bat,0.0
mean,2025,21,67,PT1 1 bat,0.0
mean,2025,21,68,PT1 1 bat,0.0
mean,2025,21,69,PT1 1 bat,0.0
mean,2025,21,70,PT1 1 bat,0.0
mean,2025,21,71,PT1 1 bat,0.0
mean,2025,21,72,PT1 1 bat,0.0
mean,2025,21,73,PT1 1 bat,0.0
mean,2025,21,74,PT1 1 bat,0.0
mean,2025,21,75,PT1 1 bat,0.0
mean,2025,21,76,PT1 1 bat,0.0
mean,2025,21,77,PT1 1 bat,0.0
mean,2025,21,78,PT1 1 bat,0.0
mean,2025,21,79,PT1 1 bat,0.0
mean,2025,21,80,PT1 1 bat,0.0
mean,2025,21,81,PT1 1 bat,0.0
mean,2025,21,82,PT1 1 bat,0.0
mean,2025,21,83,PT1 1 bat,0.0
mean,2025,21,84,PT1 1 bat,0.0
mean,2025,21,85,PT1 1 bat,0.0
mean,2025,21,86,PT1 1 bat,0.0
mean,2025,21,87,PT1 1 bat,0.0
mean,2025,21,88,PT1 1 bat,0.0
mean,2025,21,89,PT1 1 bat,0.0
mean,2025,21,90,PT1 1 bat,0.0
mean,2025,21,91,PT1 1 bat,0.0
mean,2025,21,92,PT1 1 bat,0.0
mean,2025,21,93,PT1 1 bat,0.0
mean,2025,21,94,PT1 1 bat,0.0
mean,2025,21,95,PT1 1 bat,0.0
mean,2025,21,96,PT1 1 bat,0.0
mean,2025,21,97,PT1 1 bat,45.48071915913988
mean,2025,21,98,PT1 1 bat,795.3466647020018
mean,2025,21,99,PT1 1 bat,0.0
mean,2025,21,100,PT1 1 bat,0.0
mean,2025,21,101,PT1 1 bat,0.0
mean,2025,21,102,PT1 1 bat,0.0
mean,2025,21,103,PT1 1 bat,0.0
mean,2025,21,104,PT1 1 bat,0.4790795084977153
mean,2025,21,105,PT1 1 bat,0.4790795084977153
mean,2025,21,106,PT1 1 bat,0.4790795084977153
mean,2025,21,107,PT1 1 bat,0.4790795084977153
mean,2025,21,108,PT1 1 bat,0.4790795084977153
mean,2025,21,109,PT1 1 bat,0.4790795084977153
mean,2025,21,110,PT1 1 bat,94.26664141661901
mean,2025,21,111,PT1 1 bat,1076.3908036413561
mean,2025,21,112,PT1 1 bat,0.0
mean,2025,21,113,PT1 1 bat,0.0
mean,2025,21,114,PT1 1 bat,0.0
mean,2025,21,115,PT1 1 bat,0.0
mean,2025,21,116,PT1 1 bat,0.0
mean,2025,21,117,PT1 1 bat,0.0
mean,2025,21,118,PT1 1 bat,0.0
mean,2025,21,119,PT1 1 bat,0.0
mean,2025,21,120,PT1 1 bat,0.0
mean,2025,21,121,PT1 1 bat,0.0
mean,2025,21,122,PT1 1 bat,0.0
mean,2025,21,123,PT1 1 bat,0.0
mean,2025,21,124,PT1 1 bat,0.0
mean,2025,21,125,PT1 1 bat,0.0
mean,2025,21,126,PT1 1 bat,0.0
mean,2025,21,127,PT1 1 bat,0.0
mean,2025,21,128,PT1 1 bat,0.0
mean,2025,21,129,PT1 1 bat,0.0
mean,2025,21,130,PT1 1 bat,0.0
mean,2025,21,131,PT1 1 bat,0.0
mean,2025,21,132,PT1 1 bat,0.0
mean,2025,21,133,PT1 1 bat,0.9581789890461904
mean,2025,21,134,PT1 1 bat,0.0
mean,2025,21,135,PT1 1 bat,3783.066246932169
mean,2025,21,136,PT1 1 bat,6184.919002036169
mean,2025,21,137,PT1 1 bat,3818.70375109052
mean,2025,21,138,PT1 1 bat,0.0
mean,2025,21,139,PT1 1 bat,0.0
mean,2025,21,140,PT1 1 bat,0.0
mean,2025,21,141,PT1 1 bat,0.0
mean,2025,21,142,PT1 1 bat,0.0
mean,2025,21,143,PT1 1 bat,0.0
mean,2025,21,144,PT1 1 bat,0.0
mean,2025,21,145,PT1 1 bat,0.0
mean,2025,21,146,PT1 1 bat,0.0
mean,2025,21,147,PT1 1 bat,0.0
mean,2025,21,148,PT1 1 bat,0.0
mean,2025,21,149,PT1 1 bat,0.0
mean,2025,21,150,PT1 1 bat,0.0
mean,2025,21,151,PT1 1 bat,0.0
mean,2025,21,152,PT1 1 bat,0.4790795084977153
mean,2025,21,153,PT1 1 bat,0.4790795084977153
mean,2025,21,154,PT1 1 bat,0.4790795084977153
mean,2025,21,155,PT1 1 bat,0.4790795084977153
mean,2025,21,156,PT1 1 bat,0.4790795084977153
mean,2025,21,157,PT1 1 bat,0.4790795084977153
mean,2025,21,158,PT1 1 bat,97.38324184768862
mean,2025,21,159,PT1 1 bat,265.463003581428
mean,2025,21,160,PT1 1 bat,1215.4330753921404
mean,2025,21,161,PT1 1 bat,0.0
mean,2025,21,162,PT1 1 bat,0.0
mean,2025,21,163,PT1 1 bat,0.0
mean,2025,21,164,PT1 1 bat,0.0
mean,2025,21,165,PT1 1 bat,0.0
mean,2025,21,166,PT1 1 bat,0.0
mean,2025,21,167,PT1 1 bat,0.0
mean,2025,42,0,PT1 1 bat,34145.22983150616
mean,2025,42,1,PT1 1 bat,0.4790795084977153
mean,2025,42,2,PT1 1 bat,0.4790795084977153
mean,2025,42,3,PT1 1 bat,0.4790795084977153
mean,2025,42,4,PT1 1 bat,1.9164378696215714
mean,2025,42,5,PT1 1 bat,0.0
mean,2025,42,6,PT1 1 bat,0.0
mean,2025,42,7,PT1 1 bat,0.0
mean,2025,42,8,PT1 1 bat,0.4790795084977153
mean,2025,42,9,PT1 1 bat,0.4790795084977153
mean,2025,42,10,PT1 1 bat,0.9581789890461904
mean,2025,42,11,PT1 1 bat,0.0
mean,2025,42,12,PT1 1 bat,0.4790795084977153
mean,2025,42,13,PT1 1 bat,0.4790795084977153
mean,2025,42,14,PT1 1 bat,4.3124346402228
mean,2025,42,15,PT1 1 bat,0.0
mean,2025,42,16,PT1 1 bat,0.0
mean,2025,42,17,PT1 1 bat,0.0
mean,2025,42,18,PT1 1 bat,0.0
mean,2025,42,19,PT1 1 bat,0.0
mean,2025,42,20,PT1 1 bat,0.0
mean,2025,42,21,PT1 1 bat,0.0
mean,2025,42,22,PT1 1 bat,0.0
mean,2025,42,23,PT1 1 bat,0.4790795084977153
mean,2025,42,24,PT1 1 bat,0.4790795084977153
mean,2025,42,25,PT1 1 bat,0.4790795084977153
mean,2025,42,26,PT1 1 bat,0.4790795084977153
mean,2025,42,27,PT1 1 bat,0.4790795084977153
mean,2025,42,28,PT1 1 bat,0.4790795084977153
mean,2025,42,29,PT1 1 bat,0.4790795084977153
mean,2025,42,30,PT1 1 bat,0.4790795084977153
mean,2025,42,31,PT1 1 bat,0.4790795084977153
mean,2025,42,32,PT1 1 bat,0.4790795084977153
mean,2025,42,33,PT1 1 bat,0.4790795084977153
mean,2025,42,34,PT1 1 bat,0.4790795084977153
mean,2025,42,35,PT1 1 bat,2656.5216117808095
mean,2025,42,36,PT1 1 bat,3811.0391736545075
mean,2025,42,37,PT1 1 bat,3470.3834477490664
mean,2025,42,38,PT1 1 bat,3058.07197997369
mean,2025,42,39,PT1 1 bat,2379.5767939322423
mean,2025,42,40,PT1 1 bat,0.0
mean,2025,42,41,PT1 1 bat,0.0
mean,2025,42,42,PT1 1 bat,0.0
mean,2025,42,43,PT1 1 bat,0.0
mean,2025,42,44,PT1 1 bat,0.0
mean,2025,42,45,PT1 1 bat,0.0
mean,2025,42,46,PT1 1 bat,0.0
mean,2025,42,47,PT1 1 bat,0.0
mean,2025,42,48,PT1 1 bat,0.0
mean,2025,42,49,PT1 1 bat,3492.201748701263
mean,2025,42,50,PT1 1 bat,0.0
mean,2025,42,51,PT1 1 bat,0.0
mean,2025,42,52,PT1 1 bat,0.0
mean,2025,42,53,PT1 1 bat,0.0
mean,2025,42,54,PT1 1 bat,0.0
mean,2025,42,55,PT1 1 bat,0.0
mean,2025,42,56,PT1 1 bat,0.0
mean,2025,42,57,PT1 1 bat,0.0
mean,2025,42,58,PT1 1 bat,0.0
mean,2025,42,59,PT1 1 bat,0.0
mean,2025,42,60,PT1 1 bat,0.0
mean,2025,42,61,PT1 1 bat,0.0
mean,2025,42,62,PT1 1 bat,0.0
mean,2025,42,63,PT1 1 bat,0.0
mean,2025,42,64,PT1 1 bat,0.0
mean,2025,42,65,PT1 1 bat,0.0
mean,2025,42,66,PT1 1 bat,0.0
mean,2025,42,67,PT1 1 bat,0.0
mean,2025,42,68,PT1 1 bat,0.0
mean,2025,42,69,PT1 1 bat,0.0
mean,2025,42,70,PT1 1 bat,0.0
mean,2025,42,71,PT1 1 bat,0.0
mean,2025,42,72,PT1 1 bat,0.0
mean,2025,42,73,PT1 1 bat,0.0
mean,2025,42,74,PT1 1 bat,0.0
mean,2025,42,75,PT1 1 bat,0.0
mean,2025,42,76,PT1 1 bat,0.0
mean,2025,42,77,PT1 1 bat,0.0
mean,2025,42,78,PT1 1 bat,0.0
mean,2025,42,79,PT1 1 bat,0.0
mean,2025,42,80,PT1 1 bat,0.0
mean,2025,42,81,PT1 1 bat,0.0
mean,2025,42,82,PT1 1 bat,0.0
mean,2025,42,83,PT1 1 bat,0.0
mean,2025,42,84,PT1 1 bat,0.0
mean,2025,42,85,PT1 1 bat,0.0
mean,2025,42,86,PT1 1 bat,0.0
mean,2025,42,87,PT1 1 bat,0.0
mean,2025,42,88,PT1 1 bat,0.0
mean,2025,42,89,PT1 1 bat,0.0
mean,2025,42,90,PT1 1 bat,0.0
mean,2025,42,91,PT1 1 bat,0.0
mean,2025,42,92,PT1 1 bat,0.0
mean,2025,42,93,PT1 1 bat,0.0
mean,2025,42,94,PT1 1 bat,0.0
mean,2025,42,95,PT1 1 bat,0.0
mean,2025,42,96,PT1 1 bat,0.0
mean,2025,42,97,PT1 1 bat,0.0
mean,2025,42,98,PT1 1 bat,0.0
mean,2025,42,99,PT1 1 bat,0.0
mean,2025,42,100,PT1 1 bat,0.0
mean,2025,42,101,PT1 1 bat,0.0
mean,2025,42,102,PT1 1 bat,0.0
mean,2025,42,103,PT1 1 bat,0.0
mean,2025,42,104,PT1 1 bat,0.0
mean,2025,42,105,PT1 1 bat,0.4790795084977153
mean,2025,42,106,PT1 1 bat,0.4790795084977153
mean,2025,42,107,PT1 1 bat,0.4790795084977153
mean,2025,42,108,PT1 1 bat,2556.132666146112
mean,2025,42,109,PT1 1 bat,2345.8838279042243
mean,2025,42,110,PT1 1 bat,0.0
mean,2025,42,111,PT1 1 bat,0.0
mean,2025,42,112,PT1 1 bat,0.0
mean,2025,42,113,PT1 1 bat,0.0
mean,2025,42,114,PT1 1 bat,0.0
mean,2025,42,115,PT1 1 bat,0.0
mean,2025,42,116,PT1 1 bat,0.0
mean,2025,42,117,PT1 1 bat,0.0
mean,2025,42,118,PT1 1 bat,2742.36236340297
mean,2025,42,119,PT1 1 bat,2407.792231977588
mean,2025,42,120,PT1 1 bat,0.0
mean,2025,42,121,PT1 1 bat,0.0
mean,2025,42,122,PT1 1 bat,0.0
mean,2025,42,123,PT1 1 bat,0.0
mean,2025,42,124,PT1 1 bat,0.0
mean,2025,42,125,PT1 1 bat,0.0
mean,2025,42,126,PT1 1 bat,0.0
mean,2025,42,127,PT1 1 bat,0.0
mean,2025,42,128,PT1 1 bat,0.0
mean,2025,42,129,PT1 1 bat,0.0
mean,2025,42,130,PT1 1 bat,0.0
mean,2025,42,131,PT1 1 bat,4677.407093052051
mean,2025,42,132,PT1 1 bat,0.0
mean,2025,42,133,PT1 1 bat,8091.528851283191
mean,2025,42,134,PT1 1 bat,7537.3027751341715
mean,2025,42,135,PT1 1 bat,6316.459190236962
mean,2025,42,136,PT1 1 bat,0.0
mean,2025,42,137,PT1 1 bat,0.0
mean,2025,42,138,PT1 1 bat,0.0
mean,2025,42,139,PT1 1 bat,0.0
mean,2025,42,140,PT1 1 bat,0.0
mean,2025,42,141,PT1 1 bat,0.0
mean,2025,42,142,PT1 1 bat,0.0
mean,2025,42,143,PT1 1 bat,0.0
mean,2025,42,144,PT1 1 bat,0.0
mean,2025,42,145,PT1 1 bat,0.0
mean,2025,42,146,PT1 1 bat,0.0
mean,2025,42,147,PT1 1 bat,0.0
mean,2025,42,148,PT1 1 bat,0.0
mean,2025,42,149,PT1 1 bat,0.0
mean,2025,42,150,PT1 1 bat,0.0
mean,2025,42,151,PT1 1 bat,0.0
mean,2025,42,152,PT1 1 bat,0.0
mean,2025,42,153,PT1 1 bat,0.4790795084977153
mean,2025,42,154,PT1 1 bat,0.4790795084977153
mean,2025,42,155,PT1 1 bat,0.4790795084977153
mean,2025,42,156,PT1 1 bat,252.21313959356516
mean,2025,42,157,PT1 1 bat,6948.380256454775
mean,2025,42,158,PT1 1 bat,7388.959136984436
mean,2025,42,159,PT1 1 bat,5520.272054990943
mean,2025,42,160,PT1 1 bat,0.0
mean,2025,42,161,PT1 1 bat,0.0
mean,2025,42,162,PT1 1 bat,0.0
mean,2025,42,163,PT1 1 bat,0.0
mean,2025,42,164,PT1 1 bat,0.0
mean,2025,42,165,PT1 1 bat,0.0
mean,2025,42,166,PT1 1 bat,0.0
mean,2025,42,167,PT1 1 bat,0.0
mean,2025,52,0,PT1 1 bat,42195.40333975449
mean,2025,52,1,PT1 1 bat,0.4790795084977153
mean,2025,52,2,PT1 1 bat,0.4790795084977153
mean,2025,52,3,PT1 1 bat,0.4790795084977153
mean,2025,52,4,PT1 1 bat,0.4790795084977153
mean,2025,52,5,PT1 1 bat,0.4790795084977153
mean,2025,52,6,PT1 1 bat,0.9581789890461904
mean,2025,52,7,PT1 1 bat,0.0
mean,2025,52,8,PT1 1 bat,0.4790795084977153
mean,2025,52,9,PT1 1 bat,0.4790795084977153
mean,2025,52,10,PT1 1 bat,0.4790795084977153
mean,2025,52,11,PT1 1 bat,0.4790795084977153
mean,2025,52,12,PT1 1 bat,0.4790795084977153
mean,2025,52,13,PT1 1 bat,0.4790795084977153
mean,2025,52,14,PT1 1 bat,0.4790795084977153
mean,2025,52,15,PT1 1 bat,0.4790795084977153
mean,2025,52,16,PT1 1 bat,0.9581789890461904
mean,2025,52,17,PT1 1 bat,0.0
mean,2025,52,18,PT1 1 bat,0.4790795084977153
mean,2025,52,19,PT1 1 bat,0.4790795084977153
mean,2025,52,20,PT1 1 bat,0.4790795084977153
mean,2025,52,21,PT1 1 bat,0.4790795084977153
mean,2025,52,22,PT1 1 bat,0.4790795084977153
mean,2025,52,23,PT1 1 bat,0.4790795084977153
mean,2025,52,24,PT1 1 bat,0.4790795084977153
mean,2025,52,25,PT1 1 bat,0.4790795084977153
mean,2025,52,26,PT1 1 bat,0.4790795084977153
mean,2025,52,27,PT1 1 bat,0.4790795084977153
mean,2025,52,28,PT1 1 bat,0.4790795084977153
mean,2025,52,29,PT1 1 bat,0.4790795084977153
mean,2025,52,30,PT1 1 bat,0.4790795084977153
mean,2025,52,31,PT1 1 bat,0.4790795084977153
mean,2025,52,32,PT1 1 bat,0.4790795084977153
mean,2025,52,33,PT1 1 bat,0.4790795084977153
mean,2025,52,34,PT1 1 bat,0.4790795084977153
mean,2025,52,35,PT1 1 bat,0.4790795084977153
mean,2025,52,36,PT1 1 bat,0.4790795084977153
mean,2025,52,37,PT1 1 bat,0.4790795084977153
mean,2025,52,38,PT1 1 bat,0.4790795084977153
mean,2025,52,39,PT1 1 bat,0.4790795084977153
mean,2025,52,40,PT1 1 bat,0.4790795084977153
mean,2025,52,41,PT1 1 bat,0.4790795084977153
mean,2025,52,42,PT1 1 bat,0.4790795084977153
mean,2025,52,43,PT1 1 bat,0.4790795084977153
mean,2025,52,44,PT1 1 bat,0.4790795084977153
mean,2025,52,45,PT1 1 bat,0.4790795084977153
mean,2025,52,46,PT1 1 bat,0.4790795084977153
mean,2025,52,47,PT1 1 bat,0.4790795084977153
mean,2025,52,48,PT1 1 bat,0.4790795084977153
mean,2025,52,49,PT1 1 bat,0.4790795084977153
mean,2025,52,50,PT1 1 bat,0.4790795084977153
mean,2025,52,51,PT1 1 bat,0.4790795084977153
mean,2025,52,52,PT1 1 bat,0.4790795084977153
mean,2025,52,53,PT1 1 bat,0.4790795084977153
mean,2025,52,54,PT1 1 bat,0.4790795084977153
mean,2025,52,55,PT1 1 bat,0.4790795084977153
mean,2025,52,56,PT1 1 bat,0.4790795084977153
mean,2025,52,57,PT1 1 bat,0.4790795084977153
mean,2025,52,58,PT1 1 bat,0.4790795084977153
mean,2025,52,59,PT1 1 bat,0.4790795084977153
mean,2025,52,60,PT1 1 bat,0.4790795084977153
mean,2025,52,61,PT1 1 bat,0.4790795084977153
mean,2025,52,62,PT1 1 bat,0.4790795084977153
mean,2025,52,63,PT1 1 bat,0.4790795084977153
mean,2025,52,64,PT1 1 bat,0.4790795084977153
mean,2025,52,65,PT1 1 bat,0.4790795084977153
mean,2025,52,66,PT1 1 bat,0.4790795084977153
mean,2025,52,67,PT1 1 bat,0.4790795084977153
mean,2025,52,68,PT1 1 bat,0.4790795084977153
mean,2025,52,69,PT1 1 bat,0.4790795084977153
mean,2025,52,70,PT1 1 bat,0.4790795084977153
mean,2025,52,71,PT1 1 bat,0.4790795084977153
mean,2025,52,72,PT1 1 bat,0.4790795084977153
mean,2025,52,73,PT1 1 bat,0.4790795084977153
mean,2025,52,74,PT1 1 bat,0.4790795084977153
mean,2025,52,75,PT1 1 bat,0.4790795084977153
mean,2025,52,76,PT1 1 bat,0.4790795084977153
mean,2025,52,77,PT1 1 bat,10.54436401295139
mean,2025,52,78,PT1 1 bat,0.0
mean,2025,52,79,PT1 1 bat,0.0
mean,2025,52,80,PT1 1 bat,0.0
mean,2025,52,81,PT1 1 bat,0.0
mean,2025,52,82,PT1 1 bat,0.0
mean,2025,52,83,PT1 1 bat,0.0
mean,2025,52,84,PT1 1 bat,0.0
mean,2025,52,85,PT1 1 bat,0.0
mean,2025,52,86,PT1 1 bat,0.0
mean,2025,52,87,PT1 1 bat,0.0
mean,2025,52,88,PT1 1 bat,0.0
mean,2025,52,89,PT1 1 bat,0.0
mean,2025,52,90,PT1 1 bat,0.0
mean,2025,52,91,PT1 1 bat,0.0
mean,2025,52,92,PT1 1 bat,0.0
mean,2025,52,93,PT1 1 bat,0.0
mean,2025,52,94,PT1 1 bat,0.0
mean,2025,52,95,PT1 1 bat,0.0
mean,2025,52,96,PT1 1 bat,0.0
mean,2025,52,97,PT1 1 bat,0.0
mean,2025,52,98,PT1 1 bat,0.0
mean,2025,52,99,PT1 1 bat,0.4790795084977153
mean,2025,52,100,PT1 1 bat,0.4790795084977153
mean,2025,52,101,PT1 1 bat,0.4790795084977153
mean,2025,52,102,PT1 1 bat,2.874776648389584
mean,2025,52,103,PT1 1 bat,0.0
mean,2025,52,104,PT1 1 bat,0.0
mean,2025,52,105,PT1 1 bat,0.0
mean,2025,52,106,PT1 1 bat,0.0
mean,2025,52,107,PT1 1 bat,0.0
mean,2025,52,108,PT1 1 bat,0.4790795084977153
mean,2025,52,109,PT1 1 bat,0.4790795084977153
mean,2025,52,110,PT1 1 bat,0.4790795084977153
mean,2025,52,111,PT1 1 bat,0.4790795084977153
mean,2025,52,112,PT1 1 bat,2.395597271315266
mean,2025,52,113,PT1 1 bat,0.0
mean,2025,52,114,PT1 1 bat,0.0
mean,2025,52,115,PT1 1 bat,0.0
mean,2025,52,116,PT1 1 bat,0.0
mean,2025,52,117,PT1 1 bat,0.4790795084977153
mean,2025,52,118,PT1 1 bat,0.4790795084977153
mean,2025,52,119,PT1 1 bat,0.4790795084977153
mean,2025,52,120,PT1 1 bat,0.4790795084977153
mean,2025,52,121,PT1 1 bat,0.4790795084977153
mean,2025,52,122,PT1 1 bat,0.4790795084977153
mean,2025,52,123,PT1 1 bat,0.4790795084977153
mean,2025,52,124,PT1 1 bat,0.4790795084977153
mean,2025,52,125,PT1 1 bat,0.4790795084977153
mean,2025,52,126,PT1 1 bat,4718.264497532982
mean,2025,52,127,PT1 1 bat,3968.021726222687
mean,2025,52,128,PT1 1 bat,1741.5182226694487
mean,2025,52,129,PT1 1 bat,770.8364085582489
mean,2025,52,130,PT1 1 bat,810.1752362942407
mean,2025,52,131,PT1 1 bat,2098.036601804856
mean,2025,52,132,PT1 1 bat,6494.826119169679
mean,2025,52,133,PT1 1 bat,5408.537158789388
mean,2025,52,134,PT1 1 bat,3443.074779558012
mean,2025,52,135,PT1 1 bat,1616.5325162568233
mean,2025,52,136,PT1 1 bat,509.48248844071713
mean,2025,52,137,PT1 1 bat,0.0
mean,2025,52,138,PT1 1 bat,0.0
mean,2025,52,139,PT1 1 bat,0.0
mean,2025,52,140,PT1 1 bat,0.0
mean,2025,52,141,PT1 1 bat,0.0
mean,2025,52,142,PT1 1 bat,0.0
mean,2025,52,143,PT1 1 bat,0.0
mean,2025,52,144,PT1 1 bat,0.0
mean,2025,52,145,PT1 1 bat,0.0
mean,2025,52,146,PT1 1 bat,0.0
mean,2025,52,147,PT1 1 bat,0.0
mean,2025,52,148,PT1 1 bat,0.0
mean,2025,52,149,PT1 1 bat,0.0
mean,2025,52,150,PT1 1 bat,0.0
mean,2025,52,151,PT1 1 bat,0.0
mean,2025,52,152,PT1 1 bat,0.0
mean,2025,52,153,PT1 1 bat,0.0
mean,2025,52,154,PT1 1 bat,0.0
mean,2025,52,155,PT1 1 bat,0.0
mean,2025,52,156,PT1 1 bat,0.0
mean,2025,52,157,PT1 1 bat,0.0
mean,2025,52,158,PT1 1 bat,0.0
mean,2025,52,159,PT1 1 bat,0.0
mean,2025,52,160,PT1 1 bat,0.0
mean,2025,52,161,PT1 1 bat,0.0
mean,2025,52,162,PT1 1 bat,0.0
mean,2025,52,163,PT1 1 bat,0.0
mean,2025,52,164,PT1 1 bat,0.0
mean,2025,52,165,PT1 1 bat,0.0
mean,2025,52,166,PT1 1 bat,0.0
mean,2025,52,167,PT1 1 bat,0.0
mean,2030,11,0,PT1 1 bat,10563.038985744282
mean,2030,11,1,PT1 1 bat,0.6924765506408556
mean,2030,11,2,PT1 1 bat,0.6924765506408556
mean,2030,11,3,PT1 1 bat,0.6924765506408556
mean,2030,11,4,PT1 1 bat,0.6924765506408556
mean,2030,11,5,PT1 1 bat,0.6924765506408556
mean,2030,11,6,PT1 1 bat,0.6924765506408556
mean,2030,11,7,PT1 1 bat,0.6924765506408556
mean,2030,11,8,PT1 1 bat,0.6924765506408556
mean,2030,11,9,PT1 1 bat,0.6924765506408556
mean,2030,11,10,PT1 1 bat,0.6924765506408556
mean,2030,11,11,PT1 1 bat,0.6924765506408556
mean,2030,11,12,PT1 1 bat,263.7620808135905
mean,2030,11,13,PT1 1 bat,0.0
mean,2030,11,14,PT1 1 bat,0.0
mean,2030,11,15,PT1 1 bat,0.0
mean,2030,11,16,PT1 1 bat,0.0
mean,2030,11,17,PT1 1 bat,0.0
mean,2030,11,18,PT1 1 bat,0.0
mean,2030,11,19,PT1 1 bat,0.0
mean,2030,11,20,PT1 1 bat,0.0
mean,2030,11,21,PT1 1 bat,0.0
mean,2030,11,22,PT1 1 bat,0.0
mean,2030,11,23,PT1 1 bat,0.0
mean,2030,11,24,PT1 1 bat,0.0
mean,2030,11,25,PT1 1 bat,0.0
mean,2030,11,26,PT1 1 bat,0.0
mean,2030,11,27,PT1 1 bat,0.0
mean,2030,11,28,PT1 1 bat,0.0
mean,2030,11,29,PT1 1 bat,0.0
mean,2030,11,30,PT1 1 bat,0.0
mean,2030,11,31,PT1 1 bat,0.0
mean,2030,11,32,PT1 1 bat,0.0
mean,2030,11,33,PT1 1 bat,0.0
mean,2030,11,34,PT1 1 bat,0.0
mean,2030,11,35,PT1 1 bat,0.0
mean,2030,11,36,PT1 1 bat,0.0
mean,2030,11,37,PT1 1 bat,0.0
mean,2030,11,38,PT1 1 bat,0.0
mean,2030,11,39,PT1 1 bat,0.0
mean,2030,11,40,PT1 1 bat,0.0
mean,2030,11,41,PT1 1 bat,0.0
mean,2030,11,42,PT1 1 bat,0.0
mean,2030,11,43,PT1 1 bat,0.0
mean,2030,11,44,PT1 1 bat,0.0
mean,2030,11,45,PT1 1 bat,0.0
mean,2030,11,46,PT1 1 bat,0.0
mean,2030,11,47,PT1 1 bat,0.0
mean,2030,11,48,PT1 1 bat,0.0
mean,2030,11,49,PT1 1 bat,0.0
mean,2030,11,50,PT1 1 bat,0.0
mean,2030,11,51,PT1 1 bat,0.0
mean,2030,11,52,PT1 1 bat,0.0
mean,2030,11,53,PT1 1 bat,0.0
mean,2030,11,54,PT1 1 bat,0.0
mean,2030,11,55,PT1 1 bat,0.0
mean,2030,11,56,PT1 1 bat,0.0
mean,2030,11,57,PT1 1 bat,0.0
mean,2030,11,58,PT1 1 bat,549.4349009813145
mean,2030,11,59,PT1 1 bat,887.8067960270314
mean,2030,11,60,PT1 1 bat,1381.7959666518595
mean,2030,11,61,PT1 1 bat,1519.7589582192672
mean,2030,11,62,PT1 1 bat,1015.4089056586632
mean,2030,11,63,PT1 1 bat,0.0
mean,2030,11,64,PT1 1 bat,0.0
mean,2030,11,65,PT1 1 bat,0.0
mean,2030,11,66,PT1 1 bat,0.0
mean,2030,11,67,PT1 1 bat,0.0
mean,2030,11,68,PT1 1 bat,0.0
mean,2030,11,69,PT1 1 bat,0.0
mean,2030,11,70,PT1 1 bat,0.0
mean,2030,11,71,PT1 1 bat,0.0
mean,2030,11,72,PT1 1 bat,0.0
mean,2030,11,73,PT1 1 bat,0.0
mean,2030,11,74,PT1 1 bat,0.0
mean,2030,11,75,PT1 1 bat,0.0
mean,2030,11,76,PT1 1 bat,0.0
mean,2030,11,77,PT1 1 bat,0.0
mean,2030,11,78,PT1 1 bat,0.0
mean,2030,11,79,PT1 1 bat,0.0
mean,2030,11,80,PT1 1 bat,0.0
mean,2030,11,81,PT1 1 bat,0.0
mean,2030,11,82,PT1 1 bat,856.7930188676856
mean,2030,11,83,PT1 1 bat,1280.4485882869012
mean,2030,11,84,PT1 1 bat,1916.458894612541
mean,2030,11,85,PT1 1 bat,1964.155932457986
mean,2030,11,86,PT1 1 bat,1420.938416284796
mean,2030,11,87,PT1 1 bat,886.1282464481017
mean,2030,11,88,PT1 1 bat,0.0
mean,2030,11,89,PT1 1 bat,0.0
mean,2030,11,90,PT1 1 bat,0.0
mean,2030,11,91,PT1 1 bat,0.0
mean,2030,11,92,PT1 1 bat,0.0
mean,2030,11,93,PT1 1 bat,0.0
mean,2030,11,94,PT1 1 bat,0.0
mean,2030,11,95,PT1 1 bat,0.0
mean,2030,11,96,PT1 1 bat,0.0
mean,2030,11,97,PT1 1 bat,0.0
mean,2030,11,98,PT1 1 bat,0.0
mean,2030,11,99,PT1 1 bat,0.0
mean,2030,11,100,PT1 1 bat,0.0
mean,2030,11,101,PT1 1 bat,0.0
mean,2030,11,102,PT1 1 bat,0.0
mean,2030,11,103,PT1 1 bat,0.0
mean,2030,11,104,PT1 1 bat,0.0
mean,2030,11,105,PT1 1 bat,0.0
mean,2030,11,106,PT1 1 bat,1194.5886791516295
mean,2030,11,107,PT1 1 bat,1969.7907432590396
mean,2030,11,108,PT1 1 bat,2844.3896564538695
mean,2030,11,109,PT1 1 bat,4988.358392886407
mean,2030,11,110,PT1 1 bat,2066.4062031585704
mean,2030,11,111,PT1 1 bat,1003.3584923817527
mean,2030,11,112,PT1 1 bat,0.0
mean,2030,11,113,PT1 1 bat,0.0
mean,2030,11,114,PT1 1 bat,0.0
mean,2030,11,115,PT1 1 bat,0.0
mean,2030,11,116,PT1 1 bat,0.0
mean,2030,11,117,PT1 1 bat,0.0
mean,2030,11,118,PT1 1 bat,0.0
mean,2030,11,119,PT1 1 bat,0.0
mean,2030,11,120,PT1 1 bat,0.0
mean,2030,11,121,PT1 1 bat,0.0
mean,2030,11,122,PT1 1 bat,0.0
mean,2030,11,123,PT1 1 bat,0.0
mean,2030,11,124,PT1 1 bat,0.0
mean,2030,11,125,PT1 1 bat,0.0
mean,2030,11,126,PT1 1 bat,0.0
mean,2030,11,127,PT1 1 bat,0.0
mean,2030,11,128,PT1 1 bat,0.0
mean,2030,11,129,PT1 1 bat,0.0
mean,2030,11,130,PT1 1 bat,0.0
mean,2030,11,131,PT1 1 bat,0.0
mean,2030,11,132,PT1 1 bat,0.0
mean,2030,11,133,PT1 1 bat,0.0
mean,2030,11,134,PT1 1 bat,0.0
mean,2030,11,135,PT1 1 bat,0.0
mean,2030,11,136,PT1 1 bat,0.0
mean,2030,11,137,PT1 1 bat,0.0
mean,2030,11,138,PT1 1 bat,0.0
mean,2030,11,139,PT1 1 bat,0.0
mean,2030,11,140,PT1 1 bat,0.0
mean,2030,11,141,PT1 1 bat,0.0
mean,2030,11,142,PT1 1 bat,0.0
mean,2030,11,143,PT1 1 bat,0.0
mean,2030,11,144,PT1 1 bat,0.0
mean,2030,11,145,PT1 1 bat,0.0
mean,2030,11,146,PT1 1 bat,0.0
mean,2030,11,147,PT1 1 bat,0.0
mean,2030,11,148,PT1 1 bat,0.0
mean,2030,11,149,PT1 1 bat,0.0
mean,2030,11,150,PT1 1 bat,0.0
mean,2030,11,151,PT1 1 bat,0.0
mean,2030,11,152,PT1 1 bat,0.0
mean,2030,11,153,PT1 1 bat,0.0
mean,2030,11,154,PT1 1 bat,0.0
mean,2030,11,155,PT1 1 bat,0.0
mean,2030,11,156,PT1 1 bat,0.0
mean,2030,11,157,PT1 1 bat,0.0
mean,2030,11,158,PT1 1 bat,0.0
mean,2030,11,159,PT1 1 bat,0.0
mean,2030,11,160,PT1 1 bat,0.0
mean,2030,11,161,PT1 1 bat,0.0
mean,2030,11,162,PT1 1 bat,0.0
mean,2030,11,163,PT1 1 bat,0.0
mean,2030,11,164,PT1 1 bat,0.0
mean,2030,11,165,PT1 1 bat,0.0
mean,2030,11,166,PT1 1 bat,0.0
mean,2030,11,167,PT1 1 bat,0.0
mean,2030,21,0,PT1 1 bat,9212.949152235804
mean,2030,21,1,PT1 1 bat,0.692476550637366
mean,2030,21,2,PT1 1 bat,4.155292351320895
mean,2030,21,3,PT1 1 bat,0.0
mean,2030,21,4,PT1 1 bat,0.0
mean,2030,21,5,PT1 1 bat,0.0
mean,2030,21,6,PT1 1 bat,0.0
mean,2030,21,7,PT1 1 bat,0.0
mean,2030,21,8,PT1 1 bat,0.6924765506408556
mean,2030,21,9,PT1 1 bat,1106.406826650494
mean,2030,21,10,PT1 1 bat,0.0
mean,2030,21,11,PT1 1 bat,0.6924765506408556
mean,2030,21,12,PT1 1 bat,0.6924765506408556
mean,2030,21,13,PT1 1 bat,1.3849819695084933
mean,2030,21,14,PT1 1 bat,0.0
mean,2030,21,15,PT1 1 bat,0.6924765506408556
mean,2030,21,16,PT1 1 bat,0.6924765506408556
mean,2030,21,17,PT1 1 bat,3092.9026723861316
mean,2030,21,18,PT1 1 bat,0.0
mean,2030,21,19,PT1 1 bat,0.0
mean,2030,21,20,PT1 1 bat,279.5449157384219
mean,2030,21,21,PT1 1 bat,2208.806578023916
mean,2030,21,22,PT1 1 bat,1101.2056482967728
mean,2030,21,23,PT1 1 bat,3213.650657723443
mean,2030,21,24,PT1 1 bat,2326.177238088606
mean,2030,21,25,PT1 1 bat,1728.128543055287
mean,2030,21,26,PT1 1 bat,245.09858478810656
mean,2030,21,27,PT1 1 bat,460.8259132917032
mean,2030,21,28,PT1 1 bat,0.0
mean,2030,21,29,PT1 1 bat,0.0
mean,2030,21,30,PT1 1 bat,0.0
mean,2030,21,31,PT1 1 bat,0.0
mean,2030,21,32,PT1 1 bat,0.0
mean,2030,21,33,PT1 1 bat,0.6924765506408556
mean,2030,21,34,PT1 1 bat,0.6924765506408556
mean,2030,21,35,PT1 1 bat,0.6924765506408556
mean,2030,21,36,PT1 1 bat,0.6924765506408556
mean,2030,21,37,PT1 1 bat,0.6924765506408556
mean,2030,21,38,PT1 1 bat,0.6924765506408556
mean,2030,21,39,PT1 1 bat,13.161992095427529
mean,2030,21,40,PT1 1 bat,0.0
mean,2030,21,41,PT1 1 bat,0.0
mean,2030,21,42,PT1 1 bat,0.0
mean,2030,21,43,PT1 1 bat,0.0
mean,2030,21,44,PT1 1 bat,0.0
mean,2030,21,45,PT1 1 bat,0.0
mean,2030,21,46,PT1 1 bat,0.0
mean,2030,21,47,PT1 1 bat,0.0
mean,2030,21,48,PT1 1 bat,0.0
mean,2030,21,49,PT1 1 bat,0.0
mean,2030,21,50,PT1 1 bat,0.0
mean,2030,21,51,PT1 1 bat,0.0
mean,2030,21,52,PT1 1 bat,0.0
mean,2030,21,53,PT1 1 bat,0.0
mean,2030,21,54,PT1 1 bat,0.0
mean,2030,21,55,PT1 1 bat,0.0
mean,2030,21,56,PT1 1 bat,0.0
mean,2030,21,57,PT1 1 bat,0.0
mean,2030,21,58,PT1 1 bat,1.3849819695084933
mean,2030,21,59,PT1 1 bat,0.0
mean,2030,21,60,PT1 1 bat,31.190041408782626
mean,2030,21,61,PT1 1 bat,0.0
mean,2030,21,62,PT1 1 bat,0.0
mean,2030,21,63,PT1 1 bat,0.0
mean,2030,21,64,PT1 1 bat,0.0
mean,2030,21,65,PT1 1 bat,0.0
mean,2030,21,66,PT1 1 bat,0.0
mean,2030,21,67,PT1 1 bat,0.0
mean,2030,21,68,PT1 1 bat,0.0
mean,2030,21,69,PT1 1 bat,0.0
mean,2030,21,70,PT1 1 bat,0.0
mean,2030,21,71,PT1 1 bat,0.0
mean,2030,21,72,PT1 1 bat,0.0
mean,2030,21,73,PT1 1 bat,0.0
mean,2030,21,74,PT1 1 bat,0.0
mean,2030,21,75,PT1 1 bat,0.0
mean,2030,21,76,PT1 1 bat,0.0
mean,2030,21,77,PT1 1 bat,0.0
mean,2030,21,78,PT1 1 bat,0.0
mean,2030,21,79,PT1 1 bat,0.0
mean,2030,21,80,PT1 1 bat,0.0
mean,2030,21,81,PT1 1 bat,0.0
mean,2030,21,82,PT1 1 bat,0.0
mean,2030,21,83,PT1 1 bat,0.0
mean,2030,21,84,PT1 1 bat,0.0
mean,2030,21,85,PT1 1 bat,0.0
mean,2030,21,86,PT1 1 bat,0.0
mean,2030,21,87,PT1 1 bat,0.0
mean,2030,21,88,PT1 1 bat,0.0
mean,2030,21,89,PT1 1 bat,0.0
mean,2030,21,90,PT1 1 bat,0.0
mean,2030,21,91,PT1 1 bat,0.0
mean,2030,21,92,PT1 1 bat,0.0
mean,2030,21,93,PT1 1 bat,0.0
mean,2030,21,94,PT1 1 bat,0.0
mean,2030,21,95,PT1 1 bat,0.0
mean,2030,21,96,PT1 1 bat,0.0
mean,2030,21,97,PT1 1 bat,0.0
mean,2030,21,98,PT1 1 bat,0.0
mean,2030,21,99,PT1 1 bat,0.0
mean,2030,21,100,PT1 1 bat,0.0
mean,2030,21,101,PT1 1 bat,0.0
mean,2030,21,102,PT1 1 bat,0.0
mean,2030,21,103,PT1 1 bat,0.0
mean,2030,21,104,PT1 1 bat,0.0
mean,2030,21,105,PT1 1 bat,0.6924765506408556
mean,2030,21,106,PT1 1 bat,0.6924765506408556
mean,2030,21,107,PT1 1 bat,0.6924765506408556
mean,2030,21,108,PT1 1 bat,14.548071492140016
mean,2030,21,109,PT1 1 bat,0.0
mean,2030,21,110,PT1 1 bat,0.0
mean,2030,21,111,PT1 1 bat,0.0
mean,2030,21,112,PT1 1 bat,0.0
mean,2030,21,113,PT1 1 bat,0.0
mean,2030,21,114,PT1 1 bat,0.0
mean,2030,21,115,PT1 1 bat,0.0
mean,2030,21,116,PT1 1 bat,0.0
mean,2030,21,117,PT1 1 bat,0.0
mean,2030,21,118,PT1 1 bat,0.0
mean,2030,21,119,PT1 1 bat,0.0
mean,2030,21,120,PT1 1 bat,0.0
mean,2030,21,121,PT1 1 bat,0.0
mean,2030,21,122,PT1 1 bat,0.0
mean,2030,21,123,PT1 1 bat,0.0
mean,2030,21,124,PT1 1 bat,0.0
mean,2030,21,125,PT1 1 bat,0.0
mean,2030,21,126,PT1 1 bat,0.0
mean,2030,21,127,PT1 1 bat,0.0
mean,2030,21,128,PT1 1 bat,0.0
mean,2030,21,129,PT1 1 bat,1.3849819695084933
mean,2030,21,130,PT1 1 bat,0.0
mean,2030,21,131,PT1 1 bat,2.0775162578075297
mean,2030,21,132,PT1 1 bat,0.0
mean,2030,21,133,PT1 1 bat,0.0
mean,2030,21,134,PT1 1 bat,13.161992095427529
mean,2030,21,135,PT1 1 bat,0.0
mean,2030,21,136,PT1 1 bat,0.0
mean,2030,21,137,PT1 1 bat,0.0
mean,2030,21,138,PT1 1 bat,0.0
mean,2030,21,139,PT1 1 bat,0.0
mean,2030,21,140,PT1 1 bat,0.0
mean,2030,21,141,PT1 1 bat,0.0
mean,2030,21,142,PT1 1 bat,0.0
mean,2030,21,143,PT1 1 bat,0.0
mean,2030,21,144,PT1 1 bat,0.0
mean,2030,21,145,PT1 1 bat,0.0
mean,2030,21,146,PT1 1 bat,0.0
mean,2030,21,147,PT1 1 bat,0.0
mean,2030,21,148,PT1 1 bat,0.0
mean,2030,21,149,PT1 1 bat,0.0
mean,2030,21,150,PT1 1 bat,0.0
mean,2030,21,151,PT1 1 bat,0.0
mean,2030,21,152,PT1 1 bat,0.0
mean,2030,21,153,PT1 1 bat,0.6924765506408556
mean,2030,21,154,PT1 1 bat,9.69729915578144
mean,2030,21,155,PT1 1 bat,0.0
mean,2030,21,156,PT1 1 bat,0.0
mean,2030,21,157,PT1 1 bat,0.0
mean,2030,21,158,PT1 1 bat,0.0
mean,2030,21,159,PT1 1 bat,0.0
mean,2030,21,160,PT1 1 bat,0.0
mean,2030,21,161,PT1 1 bat,0.0
mean,2030,21,162,PT1 1 bat,0.0
mean,2030,21,163,PT1 1 bat,0.0
mean,2030,21,164,PT1 1 bat,0.0
mean,2030,21,165,PT1 1 bat,0.0
mean,2030,21,166,PT1 1 bat,0.0
mean,2030,21,167,PT1 1 bat,0.0
mean,2030,42,0,PT1 1 bat,0.0
mean,2030,42,1,PT1 1 bat,4.84794212937868
mean,2030,42,2,PT1 1 bat,0.0
mean,2030,42,3,PT1 1 bat,0.0
mean,2030,42,4,PT1 1 bat,0.0
mean,2030,42,5,PT1 1 bat,0.0
mean,2030,42,6,PT1 1 bat,0.0
mean,2030,42,7,PT1 1 bat,0.0
mean,2030,42,8,PT1 1 bat,0.692476550639185
mean,2030,42,9,PT1 1 bat,0.6924765506408556
mean,2030,42,10,PT1 1 bat,1.3849819695084933
mean,2030,42,11,PT1 1 bat,0.0
mean,2030,42,12,PT1 1 bat,7.618830008138843
mean,2030,42,13,PT1 1 bat,0.0
mean,2030,42,14,PT1 1 bat,0.0
mean,2030,42,15,PT1 1 bat,0.0
mean,2030,42,16,PT1 1 bat,0.0
mean,2030,42,17,PT1 1 bat,0.0
mean,2030,42,18,PT1 1 bat,0.0
mean,2030,42,19,PT1 1 bat,0.0
mean,2030,42,20,PT1 1 bat,0.0
mean,2030,42,21,PT1 1 bat,0.0
mean,2030,42,22,PT1 1 bat,0.0
mean,2030,42,23,PT1 1 bat,0.6924765506427116
mean,2030,42,24,PT1 1 bat,200.08270399804218
mean,2030,42,25,PT1 1 bat,589.9354445897081
mean,2030,42,26,PT1 1 bat,1056.1736489504065
mean,2030,42,27,PT1 1 bat,1425.5115876705268
mean,2030,42,28,PT1 1 bat,1610.779119868396
mean,2030,42,29,PT1 1 bat,1306.3792862326911
mean,2030,42,30,PT1 1 bat,580.2346458006573
mean,2030,42,31,PT1 1 bat,0.0
mean,2030,42,32,PT1 1 bat,0.0
mean,2030,42,33,PT1 1 bat,5076.3540978254
mean,2030,42,34,PT1 1 bat,3473.758483818846
mean,2030,42,35,PT1 1 bat,4821.117546700338
mean,2030,42,36,PT1 1 bat,2044.5588486357851
mean,2030,42,37,PT1 1 bat,6329.850129663325
mean,2030,42,38,PT1 1 bat,13136.830041522968
mean,2030,42,39,PT1 1 bat,11718.268934209149
mean,2030,42,40,PT1 1 bat,7242.515240455677
mean,2030,42,41,PT1 1 bat,0.0
mean,2030,42,42,PT1 1 bat,0.0
mean,2030,42,43,PT1 1 bat,0.0
mean,2030,42,44,PT1 1 bat,2990.716120896388
mean,2030,42,45,PT1 1 bat,6369.95264600836
mean,2030,42,46,PT1 1 bat,4725.566761342244
mean,2030,42,47,PT1 1 bat,6683.102713769571
mean,2030,42,48,PT1 1 bat,7295.98986373598
mean,2030,42,49,PT1 1 bat,7132.387440565139
mean,2030,42,50,PT1 1 bat,6765.047926999059
mean,2030,42,51,PT1 1 bat,756.9718783250522
mean,2030,42,52,PT1 1 bat,5712.742886050819
mean,2030,42,53,PT1 1 bat,2418.74380949194
mean,2030,42,54,PT1 1 bat,0.0
mean,2030,42,55,PT1 1 bat,0.0
mean,2030,42,56,PT1 1 bat,3591.746035753842
mean,2030,42,57,PT1 1 bat,3926.9387226335525
mean,2030,42,58,PT1 1 bat,3441.9911286621737
mean,2030,42,59,PT1 1 bat,7637.534333353664
mean,2030,42,60,PT1 1 bat,2231.3095023148
mean,2030,42,61,PT1 1 bat,87.43257236998033
mean,2030,42,62,PT1 1 bat,636.0626617948178
mean,2030,42,63,PT1 1 bat,6.232288955771412
mean,2030,42,64,PT1 1 bat,0.0
mean,2030,42,65,PT1 1 bat,0.0
mean,2030,42,66,PT1 1 bat,0.0
mean,2030,42,67,PT1 1 bat,0.0
mean,2030,42,68,PT1 1 bat,0.0
mean,2030,42,69,PT1 1 bat,0.0
mean,2030,42,70,PT1 1 bat,0.0
mean,2030,42,71,PT1 1 bat,0.0
mean,2030,42,72,PT1 1 bat,0.0
mean,2030,42,73,PT1 1 bat,0.0
mean,2030,42,74,PT1 1 bat,0.0
mean,2030,42,75,PT1 1 bat,0.0
mean,2030,42,76,PT1 1 bat,0.0
mean,2030,42,77,PT1 1 bat,0.0
mean,2030,42,78,PT1 1 bat,0.0
mean,2030,42,79,PT1 1 bat,0.0
mean,2030,42,80,PT1 1 bat,0.0
mean,2030,42,81,PT1 1 bat,0.0
mean,2030,42,82,PT1 1 bat,0.0
mean,2030,42,83,PT1 1 bat,0.0
mean,2030,42,84,PT1 1 bat,0.0
mean,2030,42,85,PT1 1 bat,0.0
mean,2030,42,86,PT1 1 bat,0.0
mean,2030,42,87,PT1 1 bat,0.0
mean,2030,42,88,PT1 1 bat,0.0
mean,2030,42,89,PT1 1 bat,0.0
mean,2030,42,90,PT1 1 bat,0.0
mean,2030,42,91,PT1 1 bat,0.0
mean,2030,42,92,PT1 1 bat,0.0
mean,2030,42,93,PT1 1 bat,0.0
mean,2030,42,94,PT1 1 bat,0.0
mean,2030,42,95,PT1 1 bat,0.0
mean,2030,42,96,PT1 1 bat,0.0
mean,2030,42,97,PT1 1 bat,0.0
mean,2030,42,98,PT1 1 bat,0.0
mean,2030,42,99,PT1 1 bat,0.0
mean,2030,42,100,PT1 1 bat,0.0
mean,2030,42,101,PT1 1 bat,0.0
mean,2030,42,102,PT1 1 bat,0.0
mean,2030,42,103,PT1 1 bat,0.6924765506445677
mean,2030,42,104,PT1 1 bat,0.6924765506408556
mean,2030,42,105,PT1 1 bat,0.6924765506408556
mean,2030,42,106,PT1 1 bat,0.6924765506408556
mean,2030,42,107,PT1 1 bat,0.6924765506408556
mean,2030,42,108,PT1 1 bat,31.88381822180919
mean,2030,42,109,PT1 1 bat,0.0
mean,2030,42,110,PT1 1 bat,0.0
mean,2030,42,111,PT1 1 bat,0.0
mean,2030,42,112,PT1 1 bat,0.0
mean,2030,42,113,PT1 1 bat,0.0
mean,2030,42,114,PT1 1 bat,0.0
mean,2030,42,115,PT1 1 bat,0.0
mean,2030,42,116,PT1 1 bat,0.0
mean,2030,42,117,PT1 1 bat,0.0
mean,2030,42,118,PT1 1 bat,0.0
mean,2030,42,119,PT1 1 bat,0.0
mean,2030,42,120,PT1 1 bat,0.0
mean,2030,42,121,PT1 1 bat,0.0
mean,2030,42,122,PT1 1 bat,0.0
mean,2030,42,123,PT1 1 bat,0.0
mean,2030,42,124,PT1 1 bat,0.0
mean,2030,42,125,PT1 1 bat,0.0
mean,2030,42,126,PT1 1 bat,0.0
mean,2030,42,127,PT1 1 bat,0.0
mean,2030,42,128,PT1 1 bat,0.0
mean,2030,42,129,PT1 1 bat,0.0
mean,2030,42,130,PT1 1 bat,0.0
mean,2030,42,131,PT1 1 bat,0.0
mean,2030,42,132,PT1 1 bat,0.0
mean,2030,42,133,PT1 1 bat,0.0
mean,2030,42,134,PT1 1 bat,0.0
mean,2030,42,135,PT1 1 bat,0.0
mean,2030,42,136,PT1 1 bat,0.0
mean,2030,42,137,PT1 1 bat,0.0
mean,2030,42,138,PT1 1 bat,0.0
mean,2030,42,139,PT1 1 bat,0.0
mean,2030,42,140,PT1 1 bat,0.0
mean,2030,42,141,PT1 1 bat,0.0
mean,2030,42,142,PT1 1 bat,0.0
mean,2030,42,143,PT1 1 bat,0.0
mean,2030,42,144,PT1 1 bat,0.0
mean,2030,42,145,PT1 1 bat,0.0
mean,2030,42,146,PT1 1 bat,0.0
mean,2030,42,147,PT1 1 bat,0.0
mean,2030,42,148,PT1 1 bat,0.0
mean,2030,42,149,PT1 1 bat,0.0
mean,2030,42,150,PT1 1 bat,0.0
mean,2030,42,151,PT1 1 bat,0.0
mean,2030,42,152,PT1 1 bat,0.0
mean,2030,42,153,PT1 1 bat,0.0
mean,2030,42,154,PT1 1 bat,0.6924765506408556
mean,2030,42,155,PT1 1 bat,0.6924765506408556
mean,2030,42,156,PT1 1 bat,0.6924765506408556
mean,2030,42,157,PT1 1 bat,7.618830008144943
mean,2030,42,158,PT1 1 bat,0.0
mean,2030,42,159,PT1 1 bat,0.0
mean,2030,42,160,PT1 1 bat,0.0
mean,2030,42,161,PT1 1 bat,0.0
mean,2030,42,162,PT1 1 bat,0.0
mean,2030,42,163,PT1 1 bat,0.0
mean,2030,42,164,PT1 1 bat,0.0
mean,2030,42,165,PT1 1 bat,0.0
mean,2030,42,166,PT1 1 bat,0.0
mean,2030,42,167,PT1 1 bat,0.0
mean,2030,52,0,PT1 1 bat,1256.157094255548
mean,2030,52,1,PT1 1 bat,0.6924765506408556
mean,2030,52,2,PT1 1 bat,0.6924765506408556
mean,2030,52,3,PT1 1 bat,0.6924765506408556
mean,2030,52,4,PT1 1 bat,0.6924765506408556
mean,2030,52,5,PT1 1 bat,2.0775162578075297
mean,2030,52,6,PT1 1 bat,0.0
mean,2030,52,7,PT1 1 bat,0.0
mean,2030,52,8,PT1 1 bat,0.6924765506408556
mean,2030,52,9,PT1 1 bat,0.6924765506408556
mean,2030,52,10,PT1 1 bat,0.6924765506408556
mean,2030,52,11,PT1 1 bat,0.6924765506408556
mean,2030,52,12,PT1 1 bat,0.6924765506408556
mean,2030,52,13,PT1 1 bat,5.5406207828907235
mean,2030,52,14,PT1 1 bat,0.0
mean,2030,52,15,PT1 1 bat,0.0
mean,2030,52,16,PT1 1 bat,0.0
mean,2030,52,17,PT1 1 bat,0.0
mean,2030,52,18,PT1 1 bat,0.0
mean,2030,52,19,PT1 1 bat,0.0
mean,2030,52,20,PT1 1 bat,0.0
mean,2030,52,21,PT1 1 bat,0.6924765506408556
mean,2030,52,22,PT1 1 bat,0.6924765506408556
mean,2030,52,23,PT1 1 bat,0.6924765506408556
mean,2030,52,24,PT1 1 bat,0.6924765506408556
mean,2030,52,25,PT1 1 bat,0.6924765506408556
mean,2030,52,26,PT1 1 bat,0.6924765506408556
mean,2030,52,27,PT1 1 bat,0.6924765506408556
mean,2030,52,28,PT1 1 bat,0.6924765506408556
mean,2030,52,29,PT1 1 bat,0.6924765506408556
mean,2030,52,30,PT1 1 bat,0.6924765506408556
mean,2030,52,31,PT1 1 bat,0.6924765506408556
mean,2030,52,32,PT1 1 bat,0.6924765506408556
mean,2030,52,33,PT1 1 bat,0.6924765506408556
mean,2030,52,34,PT1 1 bat,0.6924765506408556
mean,2030,52,35,PT1 1 bat,0.6924765506408556
mean,2030,52,36,PT1 1 bat,0.6924765506408556
mean,2030,52,37,PT1 1 bat,0.6924765506408556
mean,2030,52,38,PT1 1 bat,0.6924765506408556
mean,2030,52,39,PT1 1 bat,0.6924765506408556
mean,2030,52,40,PT1 1 bat,0.6924765506408556
mean,2030,52,41,PT1 1 bat,0.6924765506408556
mean,2030,52,42,PT1 1 bat,0.6924765506408556
mean,2030,52,43,PT1 1 bat,0.6924765506408556
mean,2030,52,44,PT1 1 bat,0.6924765506408556
mean,2030,52,45,PT1 1 bat,0.6924765506408556
mean,2030,52,46,PT1 1 bat,0.6924765506408556
mean,2030,52,47,PT1 1 bat,0.6924765506408556
mean,2030,52,48,PT1 1 bat,0.6924765506408556
mean,2030,52,49,PT1 1 bat,0.6924765506408556
mean,2030,52,50,PT1 1 bat,0.6924765506408556
mean,2030,52,51,PT1 1 bat,0.6924765506408556
mean,2030,52,52,PT1 1 bat,0.6924765506408556
mean,2030,52,53,PT1 1 bat,0.6924765506408556
mean,2030,52,54,PT1 1 bat,0.6924765506408556
mean,2030,52,55,PT1 1 bat,0.6924765506408556
mean,2030,52,56,PT1 1 bat,0.6924765506408556
mean,2030,52,57,PT1 1 bat,0.6924765506408556
mean,2030,52,58,PT1 1 bat,0.6924765506408556
mean,2030,52,59,PT1 1 bat,0.6924765506408556
mean,2030,52,60,PT1 1 bat,0.6924765506408556
mean,2030,52,61,PT1 1 bat,0.6924765506408556
mean,2030,52,62,PT1 1 bat,0.6924765506408556
mean,2030,52,63,PT1 1 bat,0.6924765506408556
mean,2030,52,64,PT1 1 bat,0.6924765506408556
mean,2030,52,65,PT1 1 bat,0.6924765506408556
mean,2030,52,66,PT1 1 bat,0.6924765506408556
mean,2030,52,67,PT1 1 bat,0.6924765506408556
mean,2030,52,68,PT1 1 bat,0.6924765506408556
mean,2030,52,69,PT1 1 bat,0.6924765506408556
mean,2030,52,70,PT1 1 bat,0.6924765506408556
mean,2030,52,71,PT1 1 bat,0.6924765506408556
mean,2030,52,72,PT1 1 bat,0.6924765506408556
mean,2030,52,73,PT1 1 bat,0.6924765506408556
mean,2030,52,74,PT1 1 bat,0.6924765506408556
mean,2030,52,75,PT1 1 bat,0.6924765506408556
mean,2030,52,76,PT1 1 bat,0.6924765506408556
mean,2030,52,77,PT1 1 bat,0.6924765506408556
mean,2030,52,78,PT1 1 bat,2.0775162578075297
mean,2030,52,79,PT1 1 bat,0.0
mean,2030,52,80,PT1 1 bat,0.0
mean,2030,52,81,PT1 1 bat,0.6924765506408556
mean,2030,52,82,PT1 1 bat,0.6924765506408556
mean,2030,52,83,PT1 1 bat,288.1117616956921
mean,2030,52,84,PT1 1 bat,0.0
mean,2030,52,85,PT1 1 bat,0.0
mean,2030,52,86,PT1 1 bat,0.0
mean,2030,52,87,PT1 1 bat,0.0
mean,2030,52,88,PT1 1 bat,0.0
mean,2030,52,89,PT1 1 bat,0.0
mean,2030,52,90,PT1 1 bat,0.0
mean,2030,52,91,PT1 1 bat,0.0
mean,2030,52,92,PT1 1 bat,0.0
mean,2030,52,93,PT1 1 bat,0.0
mean,2030,52,94,PT1 1 bat,0.0
mean,2030,52,95,PT1 1 bat,0.0
mean,2030,52,96,PT1 1 bat,0.0
mean,2030,52,97,PT1 1 bat,0.0
mean,2030,52,98,PT1 1 bat,0.0
mean,2030,52,99,PT1 1 bat,0.0
mean,2030,52,100,PT1 1 bat,0.0
mean,2030,52,101,PT1 1 bat,0.0
mean,2030,52,102,PT1 1 bat,0.0
mean,2030,52,103,PT1 1 bat,0.0
mean,2030,52,104,PT1 1 bat,0.0
mean,2030,52,105,PT1 1 bat,0.0
mean,2030,52,106,PT1 1 bat,0.0
mean,2030,52,107,PT1 1 bat,0.0
mean,2030,52,108,PT1 1 bat,0.0
mean,2030,52,109,PT1 1 bat,0.0
mean,2030,52,110,PT1 1 bat,0.0
mean,2030,52,111,PT1 1 bat,0.0
mean,2030,52,112,PT1 1 bat,0.0
mean,2030,52,113,PT1 1 bat,0.0
mean,2030,52,114,PT1 1 bat,0.0
mean,2030,52,115,PT1 1 bat,0.0
mean,2030,52,116,PT1 1 bat,0.0
mean,2030,52,117,PT1 1 bat,0.0
mean,2030,52,118,PT1 1 bat,0.0
mean,2030,52,119,PT1 1 bat,0.0
mean,2030,52,120,PT1 1 bat,0.0
mean,2030,52,121,PT1 1 bat,0.0
mean,2030,52,122,PT1 1 bat,0.0
mean,2030,52,123,PT1 1 bat,0.0
mean,2030,52,124,PT1 1 bat,0.0
mean,2030,52,125,PT1 1 bat,0.0
mean,2030,52,126,PT1 1 bat,0.0
mean,2030,52,127,PT1 1 bat,0.0
mean,2030,52,128,PT1 1 bat,0.0
mean,2030,52,129,PT1 1 bat,248.4895342186863
mean,2030,52,130,PT1 1 bat,2182.456031107341
mean,2030,52,131,PT1 1 bat,2387.642245545887
mean,2030,52,132,PT1 1 bat,2123.9706457539005
mean,2030,52,133,PT1 1 bat,1948.7812359880747
mean,2030,52,134,PT1 1 bat,1549.0202159868547
mean,2030,52,135,PT1 1 bat,210.5069154345201
mean,2030,52,136,PT1 1 bat,0.0
mean,2030,52,137,PT1 1 bat,0.0
mean,2030,52,138,PT1 1 bat,0.0
mean,2030,52,139,PT1 1 bat,0.0
mean,2030,52,140,PT1 1 bat,0.0
mean,2030,52,141,PT1 1 bat,0.0
mean,2030,52,142,PT1 1 bat,0.0
mean,2030,52,143,PT1 1 bat,0.0
mean,2030,52,144,PT1 1 bat,0.0
mean,2030,52,145,PT1 1 bat,0.0
mean,2030,52,146,PT1 1 bat,0.0
mean,2030,52,147,PT1 1 bat,0.0
mean,2030,52,148,PT1 1 bat,0.0
mean,2030,52,149,PT1 1 bat,0.0
mean,2030,52,150,PT1 1 bat,0.0
mean,2030,52,151,PT1 1 bat,0.0
mean,2030,52,152,PT1 1 bat,0.0
mean,2030,52,153,PT1 1 bat,2017.8807583625448
mean,2030,52,154,PT1 1 bat,3018.810887414734
mean,2030,52,155,PT1 1 bat,3302.652279222009
mean,2030,52,156,PT1 1 bat,3308.684527482987
mean,2030,52,157,PT1 1 bat,3119.2231111131914
mean,2030,52,158,PT1 1 bat,2614.6231272212854
mean,2030,52,159,PT1 1 bat,1761.752581676473
mean,2030,52,160,PT1 1 bat,0.0
mean,2030,52,161,PT1 1 bat,0.0
mean,2030,52,162,PT1 1 bat,0.0
mean,2030,52,163,PT1 1 bat,0.0
mean,2030,52,164,PT1 1 bat,0.0
mean,2030,52,165,PT1 1 bat,0.0
mean,2030,52,166,PT1 1 bat,0.0
mean,2030,52,167,PT1 1 bat,0.0
mean,2040,11,0,PT1 1 bat,7225.553466049235
mean,2040,11,1,PT1 1 bat,0.39506928101868005
mean,2040,11,2,PT1 1 bat,0.39506928101868005
mean,2040,11,3,PT1 1 bat,0.39506928101868005
mean,2040,11,4,PT1 1 bat,0.39506928101868005
mean,2040,11,5,PT1 1 bat,1.1852572531412933
mean,2040,11,6,PT1 1 bat,0.0
mean,2040,11,7,PT1 1 bat,0.0
mean,2040,11,8,PT1 1 bat,0.39506928101868005
mean,2040,11,9,PT1 1 bat,0.39506928101868005
mean,2040,11,10,PT1 1 bat,0.39506928101868005
mean,2040,11,11,PT1 1 bat,0.790155031837476
mean,2040,11,12,PT1 1 bat,0.0
mean,2040,11,13,PT1 1 bat,17.794432494399505
mean,2040,11,14,PT1 1 bat,0.0
mean,2040,11,15,PT1 1 bat,0.0
mean,2040,11,16,PT1 1 bat,0.0
mean,2040,11,17,PT1 1 bat,0.0
mean,2040,11,18,PT1 1 bat,0.0
mean,2040,11,19,PT1 1 bat,0.0
mean,2040,11,20,PT1 1 bat,0.0
mean,2040,11,21,PT1 1 bat,0.0
mean,2040,11,22,PT1 1 bat,0.0
mean,2040,11,23,PT1 1 bat,0.0
mean,2040,11,24,PT1 1 bat,0.0
mean,2040,11,25,PT1 1 bat,0.0
mean,2040,11,26,PT1 1 bat,0.0
mean,2040,11,27,PT1 1 bat,0.0
mean,2040,11,28,PT1 1 bat,0.0
mean,2040,11,29,PT1 1 bat,0.0
mean,2040,11,30,PT1 1 bat,0.0
mean,2040,11,31,PT1 1 bat,0.0
mean,2040,11,32,PT1 1 bat,0.0
mean,2040,11,33,PT1 1 bat,0.0
mean,2040,11,34,PT1 1 bat,0.0
mean,2040,11,35,PT1 1 bat,0.0
mean,2040,11,36,PT1 1 bat,0.0
mean,2040,11,37,PT1 1 bat,0.0
mean,2040,11,38,PT1 1 bat,0.0
mean,2040,11,39,PT1 1 bat,0.0
mean,2040,11,40,PT1 1 bat,0.0
mean,2040,11,41,PT1 1 bat,0.0
mean,2040,11,42,PT1 1 bat,0.0
mean,2040,11,43,PT1 1 bat,0.0
mean,2040,11,44,PT1 1 bat,0.0
mean,2040,11,45,PT1 1 bat,0.0
mean,2040,11,46,PT1 1 bat,0.0
mean,2040,11,47,PT1 1 bat,0.0
mean,2040,11,48,PT1 1 bat,0.0
mean,2040,11,49,PT1 1 bat,0.0
mean,2040,11,50,PT1 1 bat,0.0
mean,2040,11,51,PT1 1 bat,0.0
mean,2040,11,52,PT1 1 bat,0.0
mean,2040,11,53,PT1 1 bat,0.0
mean,2040,11,54,PT1 1 bat,0.0
mean,2040,11,55,PT1 1 bat,0.0
mean,2040,11,56,PT1 1 bat,0.0
mean,2040,11,57,PT1 1 bat,0.0
mean,2040,11,58,PT1 1 bat,0.790155031837476
mean,2040,11,59,PT1 1 bat,0.0
mean,2040,11,60,PT1 1 bat,4494.685439969608
mean,2040,11,61,PT1 1 bat,8792.72126550616
mean,2040,11,62,PT1 1 bat,0.0
mean,2040,11,63,PT1 1 bat,0.0
mean,2040,11,64,PT1 1 bat,0.0
mean,2040,11,65,PT1 1 bat,0.0
mean,2040,11,66,PT1 1 bat,0.0
mean,2040,11,67,PT1 1 bat,0.0
mean,2040,11,68,PT1 1 bat,0.0
mean,2040,11,69,PT1 1 bat,0.0
mean,2040,11,70,PT1 1 bat,0.0
mean,2040,11,71,PT1 1 bat,0.0
mean,2040,11,72,PT1 1 bat,0.0
mean,2040,11,73,PT1 1 bat,0.0
mean,2040,11,74,PT1 1 bat,0.0
mean,2040,11,75,PT1 1 bat,0.0
mean,2040,11,76,PT1 1 bat,0.0
mean,2040,11,77,PT1 1 bat,0.0
mean,2040,11,78,PT1 1 bat,0.0
mean,2040,11,79,PT1 1 bat,0.0
mean,2040,11,80,PT1 1 bat,0.0
mean,2040,11,81,PT1 1 bat,0.0
mean,2040,11,82,PT1 1 bat,5918.807433848589
mean,2040,11,83,PT1 1 bat,17783.91793827475
mean,2040,11,84,PT1 1 bat,21692.59385132166
mean,2040,11,85,PT1 1 bat,3564.795263091115
mean,2040,11,86,PT1 1 bat,11855.271798578025
mean,2040,11,87,PT1 1 bat,3079.5731398372172
mean,2040,11,88,PT1 1 bat,0.0
mean,2040,11,89,PT1 1 bat,0.0
mean,2040,11,90,PT1 1 bat,0.0
mean,2040,11,91,PT1 1 bat,0.0
mean,2040,11,92,PT1 1 bat,0.0
mean,2040,11,93,PT1 1 bat,0.0
mean,2040,11,94,PT1 1 bat,0.0
mean,2040,11,95,PT1 1 bat,0.0
mean,2040,11,96,PT1 1 bat,0.0
mean,2040,11,97,PT1 1 bat,0.0
mean,2040,11,98,PT1 1 bat,0.0
mean,2040,11,99,PT1 1 bat,0.0
mean,2040,11,100,PT1 1 bat,0.0
mean,2040,11,101,PT1 1 bat,0.0
mean,2040,11,102,PT1 1 bat,0.0
mean,2040,11,103,PT1 1 bat,0.0
mean,2040,11,104,PT1 1 bat,0.0
mean,2040,11,105,PT1 1 bat,0.39506928101868005
mean,2040,11,106,PT1 1 bat,7629.032387707513
mean,2040,11,107,PT1 1 bat,15114.062512821
mean,2040,11,108,PT1 1 bat,17634.20721790897
mean,2040,11,109,PT1 1 bat,12013.958401013737
mean,2040,11,110,PT1 1 bat,16397.504846310894
mean,2040,11,111,PT1 1 bat,7038.554563544541
mean,2040,11,112,PT1 1 bat,3.5556235291718323
mean,2040,11,113,PT1 1 bat,0.0
mean,2040,11,114,PT1 1 bat,0.0
mean,2040,11,115,PT1 1 bat,0.0
mean,2040,11,116,PT1 1 bat,0.0
mean,2040,11,117,PT1 1 bat,0.0
mean,2040,11,118,PT1 1 bat,0.0
mean,2040,11,119,PT1 1 bat,0.0
mean,2040,11,120,PT1 1 bat,0.39506928101868005
mean,2040,11,121,PT1 1 bat,0.39506928101868005
mean,2040,11,122,PT1 1 bat,0.39506928101868005
mean,2040,11,123,PT1 1 bat,0.39506928101868005
mean,2040,11,124,PT1 1 bat,0.39506928101868005
mean,2040,11,125,PT1 1 bat,0.39506928101868005
mean,2040,11,126,PT1 1 bat,0.39506928101868005
mean,2040,11,127,PT1 1 bat,0.39506928101868005
mean,2040,11,128,PT1 1 bat,0.39506928101868005
mean,2040,11,129,PT1 1 bat,0.790155031837476
mean,2040,11,130,PT1 1 bat,0.0
mean,2040,11,131,PT1 1 bat,0.39506928101868005
mean,2040,11,132,PT1 1 bat,0.39506928101868005
mean,2040,11,133,PT1 1 bat,0.39506928101868005
mean,2040,11,134,PT1 1 bat,8.299914472625423
mean,2040,11,135,PT1 1 bat,0.0
mean,2040,11,136,PT1 1 bat,0.0
mean,2040,11,137,PT1 1 bat,0.0
mean,2040,11,138,PT1 1 bat,0.0
mean,2040,11,139,PT1 1 bat,0.0
mean,2040,11,140,PT1 1 bat,0.0
mean,2040,11,141,PT1 1 bat,0.0
mean,2040,11,142,PT1 1 bat,0.0
mean,2040,11,143,PT1 1 bat,0.0
mean,2040,11,144,PT1 1 bat,0.0
mean,2040,11,145,PT1 1 bat,0.0
mean,2040,11,146,PT1 1 bat,0.0
mean,2040,11,147,PT1 1 bat,0.0
mean,2040,11,148,PT1 1 bat,0.0
mean,2040,11,149,PT1 1 bat,0.0
mean,2040,11,150,PT1 1 bat,0.0
mean,2040,11,151,PT1 1 bat,0.0
mean,2040,11,152,PT1 1 bat,0.0
mean,2040,11,153,PT1 1 bat,0.0
mean,2040,11,154,PT1 1 bat,0.0
mean,2040,11,155,PT1 1 bat,0.39506928101868005
mean,2040,11,156,PT1 1 bat,0.39506928101868005
mean,2040,11,157,PT1 1 bat,0.39506928101868005
mean,2040,11,158,PT1 1 bat,0.39506928101868005
mean,2040,11,159,PT1 1 bat,0.39506928101868005
mean,2040,11,160,PT1 1 bat,0.39506928101868005
mean,2040,11,161,PT1 1 bat,0.39506928101868005
mean,2040,11,162,PT1 1 bat,2.3706627468379096
mean,2040,11,163,PT1 1 bat,0.0
mean,2040,11,164,PT1 1 bat,0.0
mean,2040,11,165,PT1 1 bat,0.0
mean,2040,11,166,PT1 1 bat,0.0
mean,2040,11,167,PT1 1 bat,0.0
mean,2040,21,0,PT1 1 bat,0.0
mean,2040,21,1,PT1 1 bat,2.370662746835478
mean,2040,21,2,PT1 1 bat,0.0
mean,2040,21,3,PT1 1 bat,0.0
mean,2040,21,4,PT1 1 bat,0.0
mean,2040,21,5,PT1 1 bat,0.0
mean,2040,21,6,PT1 1 bat,0.0
mean,2040,21,7,PT1 1 bat,0.39506928101868005
mean,2040,21,8,PT1 1 bat,0.39506928101868005
mean,2040,21,9,PT1 1 bat,0.39506928101868005
mean,2040,21,10,PT1 1 bat,0.39506928101868005
mean,2040,21,11,PT1 1 bat,0.790155031837476
mean,2040,21,12,PT1 1 bat,0.0
mean,2040,21,13,PT1 1 bat,0.790155031837476
mean,2040,21,14,PT1 1 bat,0.0
mean,2040,21,15,PT1 1 bat,4489.632497333577
mean,2040,21,16,PT1 1 bat,5484.9821344517695
mean,2040,21,17,PT1 1 bat,2795.3604698469853
mean,2040,21,18,PT1 1 bat,0.0
mean,2040,21,19,PT1 1 bat,0.0
mean,2040,21,20,PT1 1 bat,0.0
mean,2040,21,21,PT1 1 bat,0.0
mean,2040,21,22,PT1 1 bat,0.0
mean,2040,21,23,PT1 1 bat,922.46107395329
mean,2040,21,24,PT1 1 bat,1787.1266861349204
mean,2040,21,25,PT1 1 bat,1269.4383439273797
mean,2040,21,26,PT1 1 bat,0.0
mean,2040,21,27,PT1 1 bat,0.0
mean,2040,21,28,PT1 1 bat,0.0
mean,2040,21,29,PT1 1 bat,0.0
mean,2040,21,30,PT1 1 bat,0.0
mean,2040,21,31,PT1 1 bat,0.0
mean,2040,21,32,PT1 1 bat,0.0
mean,2040,21,33,PT1 1 bat,0.39506928101868005
mean,2040,21,34,PT1 1 bat,0.39506928101868005
mean,2040,21,35,PT1 1 bat,0.39506928101868005
mean,2040,21,36,PT1 1 bat,4704.075606205583
mean,2040,21,37,PT1 1 bat,193.17885302893694
mean,2040,21,38,PT1 1 bat,0.0
mean,2040,21,39,PT1 1 bat,0.0
mean,2040,21,40,PT1 1 bat,0.0
mean,2040,21,41,PT1 1 bat,0.0
mean,2040,21,42,PT1 1 bat,0.0
mean,2040,21,43,PT1 1 bat,0.0
mean,2040,21,44,PT1 1 bat,0.0
mean,2040,21,45,PT1 1 bat,0.0
mean,2040,21,46,PT1 1 bat,0.0
mean,2040,21,47,PT1 1 bat,0.0
mean,2040,21,48,PT1 1 bat,0.0
mean,2040,21,49,PT1 1 bat,0.0
mean,2040,21,50,PT1 1 bat,0.0
mean,2040,21,51,PT1 1 bat,0.0
mean,2040,21,52,PT1 1 bat,0.0
mean,2040,21,53,PT1 1 bat,0.0
mean,2040,21,54,PT1 1 bat,0.0
mean,2040,21,55,PT1 1 bat,0.0
mean,2040,21,56,PT1 1 bat,0.0
mean,2040,21,57,PT1 1 bat,2003.1034878583332
mean,2040,21,58,PT1 1 bat,7947.806071271726
mean,2040,21,59,PT1 1 bat,0.0
mean,2040,21,60,PT1 1 bat,9275.645479455014
mean,2040,21,61,PT1 1 bat,13779.866445899133
mean,2040,21,62,PT1 1 bat,9072.274932678592
mean,2040,21,63,PT1 1 bat,0.0
mean,2040,21,64,PT1 1 bat,0.0
mean,2040,21,65,PT1 1 bat,0.0
mean,2040,21,66,PT1 1 bat,0.0
mean,2040,21,67,PT1 1 bat,0.0
mean,2040,21,68,PT1 1 bat,0.0
mean,2040,21,69,PT1 1 bat,0.0
mean,2040,21,70,PT1 1 bat,0.0
mean,2040,21,71,PT1 1 bat,0.0
mean,2040,21,72,PT1 1 bat,0.0
mean,2040,21,73,PT1 1 bat,0.0
mean,2040,21,74,PT1 1 bat,0.0
mean,2040,21,75,PT1 1 bat,0.0
mean,2040,21,76,PT1 1 bat,0.0
mean,2040,21,77,PT1 1 bat,0.0
mean,2040,21,78,PT1 1 bat,0.0
mean,2040,21,79,PT1 1 bat,0.0
mean,2040,21,80,PT1 1 bat,0.0
mean,2040,21,81,PT1 1 bat,6775.732365605305
mean,2040,21,82,PT1 1 bat,0.0
mean,2040,21,83,PT1 1 bat,15084.147112353128
mean,2040,21,84,PT1 1 bat,17741.218961132487
mean,2040,21,85,PT1 1 bat,11769.06882188766
mean,2040,21,86,PT1 1 bat,6788.173474877722
mean,2040,21,87,PT1 1 bat,0.0
mean,2040,21,88,PT1 1 bat,0.0
mean,2040,21,89,PT1 1 bat,0.0
mean,2040,21,90,PT1 1 bat,0.0
mean,2040,21,91,PT1 1 bat,0.0
mean,2040,21,92,PT1 1 bat,0.0
mean,2040,21,93,PT1 1 bat,0.0
mean,2040,21,94,PT1 1 bat,0.0
mean,2040,21,95,PT1 1 bat,0.0
mean,2040,21,96,PT1 1 bat,0.0
mean,2040,21,97,PT1 1 bat,0.0
mean,2040,21,98,PT1 1 bat,0.0
mean,2040,21,99,PT1 1 bat,0.0
mean,2040,21,100,PT1 1 bat,0.0
mean,2040,21,101,PT1 1 bat,0.0
mean,2040,21,102,PT1 1 bat,0.0
mean,2040,21,103,PT1 1 bat,0.0
mean,2040,21,104,PT1 1 bat,0.0
mean,2040,21,105,PT1 1 bat,0.39506928101868005
mean,2040,21,106,PT1 1 bat,12889.30615784782
mean,2040,21,107,PT1 1 bat,18443.48741174419
mean,2040,21,108,PT1 1 bat,4856.4104893206395
mean,2040,21,109,PT1 1 bat,19096.834350280165
mean,2040,21,110,PT1 1 bat,12003.93856704617
mean,2040,21,111,PT1 1 bat,7426.613022713192
mean,2040,21,112,PT1 1 bat,0.0
mean,2040,21,113,PT1 1 bat,0.0
mean,2040,21,114,PT1 1 bat,0.0
mean,2040,21,115,PT1 1 bat,0.0
mean,2040,21,116,PT1 1 bat,0.0
mean,2040,21,117,PT1 1 bat,0.0
mean,2040,21,118,PT1 1 bat,0.0
mean,2040,21,119,PT1 1 bat,0.0
mean,2040,21,120,PT1 1 bat,0.0
mean,2040,21,121,PT1 1 bat,0.0
mean,2040,21,122,PT1 1 bat,0.0
mean,2040,21,123,PT1 1 bat,0.0
mean,2040,21,124,PT1 1 bat,0.0
mean,2040,21,125,PT1 1 bat,0.0
mean,2040,21,126,PT1 1 bat,0.0
mean,2040,21,127,PT1 1 bat,0.0
mean,2040,21,128,PT1 1 bat,0.39506928101868005
mean,2040,21,129,PT1 1 bat,5047.796758519648
mean,2040,21,130,PT1 1 bat,9652.465877389142
mean,2040,21,131,PT1 1 bat,16856.3423853909
mean,2040,21,132,PT1 1 bat,20519.590572026857
mean,2040,21,133,PT1 1 bat,11689.970106426292
mean,2040,21,134,PT1 1 bat,12060.121224283052
mean,2040,21,135,PT1 1 bat,0.0
mean,2040,21,136,PT1 1 bat,7.1110988363216165
mean,2040,21,137,PT1 1 bat,0.0
mean,2040,21,138,PT1 1 bat,0.0
mean,2040,21,139,PT1 1 bat,0.0
mean,2040,21,140,PT1 1 bat,0.0
mean,2040,21,141,PT1 1 bat,0.0
mean,2040,21,142,PT1 1 bat,0.0
mean,2040,21,143,PT1 1 bat,0.0
mean,2040,21,144,PT1 1 bat,0.0
mean,2040,21,145,PT1 1 bat,0.0
mean,2040,21,146,PT1 1 bat,0.0
mean,2040,21,147,PT1 1 bat,0.0
mean,2040,21,148,PT1 1 bat,0.0
mean,2040,21,149,PT1 1 bat,0.0
mean,2040,21,150,PT1 1 bat,0.0
mean,2040,21,151,PT1 1 bat,0.0
mean,2040,21,152,PT1 1 bat,1530.024979582738
mean,2040,21,153,PT1 1 bat,6812.673793105703
mean,2040,21,154,PT1 1 bat,0.0
mean,2040,21,155,PT1 1 bat,19379.848382681044
mean,2040,21,156,PT1 1 bat,19660.627214036147
mean,2040,21,157,PT1 1 bat,12293.572599478932
mean,2040,21,158,PT1 1 bat,3683.9589118665617
mean,2040,21,159,PT1 1 bat,4630.06283212424
mean,2040,21,160,PT1 1 bat,0.0
mean,2040,21,161,PT1 1 bat,0.0
mean,2040,21,162,PT1 1 bat,0.0
mean,2040,21,163,PT1 1 bat,0.0
mean,2040,21,164,PT1 1 bat,0.0
mean,2040,21,165,PT1 1 bat,0.0
mean,2040,21,166,PT1 1 bat,0.0
mean,2040,21,167,PT1 1 bat,0.0
mean,2040,42,0,PT1 1 bat,8883.71953987492
mean,2040,42,1,PT1 1 bat,2.7658308569525616
mean,2040,42,2,PT1 1 bat,0.0
mean,2040,42,3,PT1 1 bat,0.0
mean,2040,42,4,PT1 1 bat,0.0
mean,2040,42,5,PT1 1 bat,0.0
mean,2040,42,6,PT1 1 bat,0.0
mean,2040,42,7,PT1 1 bat,0.0
mean,2040,42,8,PT1 1 bat,0.3950692810185501
mean,2040,42,9,PT1 1 bat,272.6976235330558
mean,2040,42,10,PT1 1 bat,0.0
mean,2040,42,11,PT1 1 bat,0.0
mean,2040,42,12,PT1 1 bat,5933.988997713995
mean,2040,42,13,PT1 1 bat,218.0764582692691
mean,2040,42,14,PT1 1 bat,0.0
mean,2040,42,15,PT1 1 bat,0.0
mean,2040,42,16,PT1 1 bat,0.0
mean,2040,42,17,PT1 1 bat,0.0
mean,2040,42,18,PT1 1 bat,0.0
mean,2040,42,19,PT1 1 bat,0.0
mean,2040,42,20,PT1 1 bat,0.0
mean,2040,42,21,PT1 1 bat,0.0
mean,2040,42,22,PT1 1 bat,0.0
mean,2040,42,23,PT1 1 bat,0.39506928101868005
mean,2040,42,24,PT1 1 bat,0.39506928101868005
mean,2040,42,25,PT1 1 bat,0.39506928101868005
mean,2040,42,26,PT1 1 bat,0.39506928101868005
mean,2040,42,27,PT1 1 bat,0.39506928101868005
mean,2040,42,28,PT1 1 bat,0.39506928101868005
mean,2040,42,29,PT1 1 bat,0.39506928101868005
mean,2040,42,30,PT1 1 bat,0.39506928101868005
mean,2040,42,31,PT1 1 bat,0.39506928101868005
mean,2040,42,32,PT1 1 bat,0.39506928101868005
mean,2040,42,33,PT1 1 bat,0.39506928101868005
mean,2040,42,34,PT1 1 bat,1420.5399021268286
mean,2040,42,35,PT1 1 bat,8006.862440587561
mean,2040,42,36,PT1 1 bat,10509.757330900906
mean,2040,42,37,PT1 1 bat,11646.531605226512
mean,2040,42,38,PT1 1 bat,0.0
mean,2040,42,39,PT1 1 bat,1446.850475038318
mean,2040,42,40,PT1 1 bat,0.0
mean,2040,42,41,PT1 1 bat,0.0
mean,2040,42,42,PT1 1 bat,0.0
mean,2040,42,43,PT1 1 bat,0.0
mean,2040,42,44,PT1 1 bat,0.0
mean,2040,42,45,PT1 1 bat,0.0
mean,2040,42,46,PT1 1 bat,0.0
mean,2040,42,47,PT1 1 bat,0.0
mean,2040,42,48,PT1 1 bat,0.0
mean,2040,42,49,PT1 1 bat,0.0
mean,2040,42,50,PT1 1 bat,0.0
mean,2040,42,51,PT1 1 bat,0.0
mean,2040,42,52,PT1 1 bat,0.0
mean,2040,42,53,PT1 1 bat,0.0
mean,2040,42,54,PT1 1 bat,0.0
mean,2040,42,55,PT1 1 bat,0.0
mean,2040,42,56,PT1 1 bat,0.0
mean,2040,42,57,PT1 1 bat,6805.628572731846
mean,2040,42,58,PT1 1 bat,9314.604003029126
mean,2040,42,59,PT1 1 bat,13918.04977337189
mean,2040,42,60,PT1 1 bat,8798.69385380338
mean,2040,42,61,PT1 1 bat,0.0
mean,2040,42,62,PT1 1 bat,4001.89475388857
mean,2040,42,63,PT1 1 bat,3.5556235291718323
mean,2040,42,64,PT1 1 bat,0.0
mean,2040,42,65,PT1 1 bat,0.0
mean,2040,42,66,PT1 1 bat,0.0
mean,2040,42,67,PT1 1 bat,0.0
mean,2040,42,68,PT1 1 bat,0.0
mean,2040,42,69,PT1 1 bat,0.0
mean,2040,42,70,PT1 1 bat,0.0
mean,2040,42,71,PT1 1 bat,0.0
mean,2040,42,72,PT1 1 bat,0.0
mean,2040,42,73,PT1 1 bat,0.0
mean,2040,42,74,PT1 1 bat,0.0
mean,2040,42,75,PT1 1 bat,0.0
mean,2040,42,76,PT1 1 bat,0.0
mean,2040,42,77,PT1 1 bat,0.0
mean,2040,42,78,PT1 1 bat,0.0
mean,2040,42,79,PT1 1 bat,0.0
mean,2040,42,80,PT1 1 bat,0.0
mean,2040,42,81,PT1 1 bat,0.0
mean,2040,42,82,PT1 1 bat,0.0
mean,2040,42,83,PT1 1 bat,6888.737464912641
mean,2040,42,84,PT1 1 bat,0.0
mean,2040,42,85,PT1 1 bat,0.0
mean,2040,42,86,PT1 1 bat,0.0
mean,2040,42,87,PT1 1 bat,0.0
mean,2040,42,88,PT1 1 bat,0.0
mean,2040,42,89,PT1 1 bat,0.0
mean,2040,42,90,PT1 1 bat,0.0
mean,2040,42,91,PT1 1 bat,0.0
mean,2040,42,92,PT1 1 bat,0.0
mean,2040,42,93,PT1 1 bat,0.0
mean,2040,42,94,PT1 1 bat,0.0
mean,2040,42,95,PT1 1 bat,0.0
mean,2040,42,96,PT1 1 bat,0.0
mean,2040,42,97,PT1 1 bat,0.0
mean,2040,42,98,PT1 1 bat,0.0
mean,2040,42,99,PT1 1 bat,0.0
mean,2040,42,100,PT1 1 bat,0.0
mean,2040,42,101,PT1 1 bat,0.0
mean,2040,42,102,PT1 1 bat,0.0
mean,2040,42,103,PT1 1 bat,0.3950692810205361
mean,2040,42,104,PT1 1 bat,0.39506928101868005
mean,2040,42,105,PT1 1 bat,0.39506928101868005
mean,2040,42,106,PT1 1 bat,0.39506928101868005
mean,2040,42,107,PT1 1 bat,2119.287234945299
mean,2040,42,108,PT1 1 bat,0.0
mean,2040,42,109,PT1 1 bat,0.0
mean,2040,42,110,PT1 1 bat,0.0
mean,2040,42,111,PT1 1 bat,0.0
mean,2040,42,112,PT1 1 bat,0.0
mean,2040,42,113,PT1 1 bat,0.0
mean,2040,42,114,PT1 1 bat,0.0
mean,2040,42,115,PT1 1 bat,0.0
mean,2040,42,116,PT1 1 bat,0.0
mean,2040,42,117,PT1 1 bat,0.0
mean,2040,42,118,PT1 1 bat,0.0
mean,2040,42,119,PT1 1 bat,0.0
mean,2040,42,120,PT1 1 bat,0.0
mean,2040,42,121,PT1 1 bat,0.0
mean,2040,42,122,PT1 1 bat,0.0
mean,2040,42,123,PT1 1 bat,0.0
mean,2040,42,124,PT1 1 bat,0.0
mean,2040,42,125,PT1 1 bat,0.0
mean,2040,42,126,PT1 1 bat,0.0
mean,2040,42,127,PT1 1 bat,0.0
mean,2040,42,128,PT1 1 bat,0.0
mean,2040,42,129,PT1 1 bat,0.0
mean,2040,42,130,PT1 1 bat,0.0
mean,2040,42,131,PT1 1 bat,0.0
mean,2040,42,132,PT1 1 bat,0.0
mean,2040,42,133,PT1 1 bat,0.0
mean,2040,42,134,PT1 1 bat,0.0
mean,2040,42,135,PT1 1 bat,0.0
mean,2040,42,136,PT1 1 bat,0.0
mean,2040,42,137,PT1 1 bat,0.0
mean,2040,42,138,PT1 1 bat,0.0
mean,2040,42,139,PT1 1 bat,0.0
mean,2040,42,140,PT1 1 bat,0.0
mean,2040,42,141,PT1 1 bat,0.0
mean,2040,42,142,PT1 1 bat,0.0
mean,2040,42,143,PT1 1 bat,0.0
mean,2040,42,144,PT1 1 bat,0.0
mean,2040,42,145,PT1 1 bat,0.0
mean,2040,42,146,PT1 1 bat,0.0
mean,2040,42,147,PT1 1 bat,0.0
mean,2040,42,148,PT1 1 bat,0.0
mean,2040,42,149,PT1 1 bat,0.0
mean,2040,42,150,PT1 1 bat,0.0
mean,2040,42,151,PT1 1 bat,0.0
mean,2040,42,152,PT1 1 bat,0.0
mean,2040,42,153,PT1 1 bat,0.39506928101868005
mean,2040,42,154,PT1 1 bat,0.39506928101868005
mean,2040,42,155,PT1 1 bat,0.39506928101868005
mean,2040,42,156,PT1 1 bat,8864.512983989549
mean,2040,42,157,PT1 1 bat,5185.586149553695
mean,2040,42,158,PT1 1 bat,0.0
mean,2040,42,159,PT1 1 bat,0.0
mean,2040,42,160,PT1 1 bat,0.0
mean,2040,42,161,PT1 1 bat,0.0
mean,2040,42,162,PT1 1 bat,0.0
mean,2040,42,163,PT1 1 bat,0.0
mean,2040,42,164,PT1 1 bat,0.0
mean,2040,42,165,PT1 1 bat,0.0
mean,2040,42,166,PT1 1 bat,0.0
mean,2040,42,167,PT1 1 bat,0.0
mean,2040,52,0,PT1 1 bat,12194.094104802745
mean,2040,52,1,PT1 1 bat,0.39506928101868005
mean,2040,52,2,PT1 1 bat,0.39506928101868005
mean,2040,52,3,PT1 1 bat,0.39506928101868005
mean,2040,52,4,PT1 1 bat,0.39506928101868005
mean,2040,52,5,PT1 1 bat,0.39506928101868005
mean,2040,52,6,PT1 1 bat,0.790155031837476
mean,2040,52,7,PT1 1 bat,0.0
mean,2040,52,8,PT1 1 bat,0.39506928101868005
mean,2040,52,9,PT1 1 bat,0.39506928101868005
mean,2040,52,10,PT1 1 bat,0.39506928101868005
mean,2040,52,11,PT1 1 bat,0.39506928101868005
mean,2040,52,12,PT1 1 bat,27.29845453821846
mean,2040,52,13,PT1 1 bat,0.0
mean,2040,52,14,PT1 1 bat,0.0
mean,2040,52,15,PT1 1 bat,0.0
mean,2040,52,16,PT1 1 bat,0.0
mean,2040,52,17,PT1 1 bat,0.0
mean,2040,52,18,PT1 1 bat,0.0
mean,2040,52,19,PT1 1 bat,0.0
mean,2040,52,20,PT1 1 bat,0.0
mean,2040,52,21,PT1 1 bat,0.0
mean,2040,52,22,PT1 1 bat,0.0
mean,2040,52,23,PT1 1 bat,0.0
mean,2040,52,24,PT1 1 bat,0.0
mean,2040,52,25,PT1 1 bat,0.0
mean,2040,52,26,PT1 1 bat,0.0
mean,2040,52,27,PT1 1 bat,0.0
mean,2040,52,28,PT1 1 bat,0.0
mean,2040,52,29,PT1 1 bat,0.0
mean,2040,52,30,PT1 1 bat,0.0
mean,2040,52,31,PT1 1 bat,0.0
mean,2040,52,32,PT1 1 bat,0.0
mean,2040,52,33,PT1 1 bat,0.0
mean,2040,52,34,PT1 1 bat,0.0
mean,2040,52,35,PT1 1 bat,0.0
mean,2040,52,36,PT1 1 bat,0.0
mean,2040,52,37,PT1 1 bat,0.0
mean,2040,52,38,PT1 1 bat,0.0
mean,2040,52,39,PT1 1 bat,0.0
mean,2040,52,40,PT1 1 bat,0.0
mean,2040,52,41,PT1 1 bat,0.0
mean,2040,52,42,PT1 1 bat,0.0
mean,2040,52,43,PT1 1 bat,0.0
mean,2040,52,44,PT1 1 bat,0.0
mean,2040,52,45,PT1 1 bat,0.0
mean,2040,52,46,PT1 1 bat,0.0
mean,2040,52,47,PT1 1 bat,0.0
mean,2040,52,48,PT1 1 bat,0.0
mean,2040,52,49,PT1 1 bat,0.0
mean,2040,52,50,PT1 1 bat,0.0
mean,2040,52,51,PT1 1 bat,0.0
mean,2040,52,52,PT1 1 bat,0.0
mean,2040,52,53,PT1 1 bat,0.0
mean,2040,52,54,PT1 1 bat,0.0
mean,2040,52,55,PT1 1 bat,0.0
mean,2040,52,56,PT1 1 bat,0.0
mean,2040,52,57,PT1 1 bat,0.0
mean,2040,52,58,PT1 1 bat,0.0
mean,2040,52,59,PT1 1 bat,0.0
mean,2040,52,60,PT1 1 bat,0.0
mean,2040,52,61,PT1 1 bat,0.0
mean,2040,52,62,PT1 1 bat,0.0
mean,2040,52,63,PT1 1 bat,0.0
mean,2040,52,64,PT1 1 bat,0.0
mean,2040,52,65,PT1 1 bat,0.0
mean,2040,52,66,PT1 1 bat,0.0
mean,2040,52,67,PT1 1 bat,0.0
mean,2040,52,68,PT1 1 bat,0.0
mean,2040,52,69,PT1 1 bat,0.0
mean,2040,52,70,PT1 1 bat,0.0
mean,2040,52,71,PT1 1 bat,0.0
mean,2040,52,72,PT1 1 bat,0.0
mean,2040,52,73,PT1 1 bat,0.0
mean,2040,52,74,PT1 1 bat,0.0
mean,2040,52,75,PT1 1 bat,0.0
mean,2040,52,76,PT1 1 bat,0.0
mean,2040,52,77,PT1 1 bat,0.0
mean,2040,52,78,PT1 1 bat,0.0
mean,2040,52,79,PT1 1 bat,0.0
mean,2040,52,80,PT1 1 bat,0.0
mean,2040,52,81,PT1 1 bat,1.1852572531412933
mean,2040,52,82,PT1 1 bat,0.0
mean,2040,52,83,PT1 1 bat,0.0
mean,2040,52,84,PT1 1 bat,2735.0076775423067
mean,2040,52,85,PT1 1 bat,4636.048183207313
mean,2040,52,86,PT1 1 bat,0.0
mean,2040,52,87,PT1 1 bat,0.0
mean,2040,52,88,PT1 1 bat,0.0
mean,2040,52,89,PT1 1 bat,0.0
mean,2040,52,90,PT1 1 bat,0.0
mean,2040,52,91,PT1 1 bat,0.0
mean,2040,52,92,PT1 1 bat,0.0
mean,2040,52,93,PT1 1 bat,0.0
mean,2040,52,94,PT1 1 bat,0.0
mean,2040,52,95,PT1 1 bat,0.0
mean,2040,52,96,PT1 1 bat,0.0
mean,2040,52,97,PT1 1 bat,0.0
mean,2040,52,98,PT1 1 bat,0.0
mean,2040,52,99,PT1 1 bat,0.0
mean,2040,52,100,PT1 1 bat,0.0
mean,2040,52,101,PT1 1 bat,0.0
mean,2040,52,102,PT1 1 bat,0.0
mean,2040,52,103,PT1 1 bat,0.0
mean,2040,52,104,PT1 1 bat,0.0
mean,2040,52,105,PT1 1 bat,0.0
mean,2040,52,106,PT1 1 bat,0.0
mean,2040,52,107,PT1 1 bat,0.0
mean,2040,52,108,PT1 1 bat,0.0
mean,2040,52,109,PT1 1 bat,0.0
mean,2040,52,110,PT1 1 bat,0.0
mean,2040,52,111,PT1 1 bat,0.0
mean,2040,52,112,PT1 1 bat,0.0
mean,2040,52,113,PT1 1 bat,0.0
mean,2040,52,114,PT1 1 bat,0.0
mean,2040,52,115,PT1 1 bat,0.0
mean,2040,52,116,PT1 1 bat,0.0
mean,2040,52,117,PT1 1 bat,0.0
mean,2040,52,118,PT1 1 bat,0.0
mean,2040,52,119,PT1 1 bat,0.0
mean,2040,52,120,PT1 1 bat,0.0
mean,2040,52,121,PT1 1 bat,0.0
mean,2040,52,122,PT1 1 bat,0.0
mean,2040,52,123,PT1 1 bat,0.0
mean,2040,52,124,PT1 1 bat,0.0
mean,2040,52,125,PT1 1 bat,0.0
mean,2040,52,126,PT1 1 bat,0.0
mean,2040,52,127,PT1 1 bat,0.0
mean,2040,52,128,PT1 1 bat,0.0
mean,2040,52,129,PT1 1 bat,1726.5004191780608
mean,2040,52,130,PT1 1 bat,11252.010548549082
mean,2040,52,131,PT1 1 bat,3322.2677361367173
mean,2040,52,132,PT1 1 bat,19685.303588038856
mean,2040,52,133,PT1 1 bat,12690.27066865331
mean,2040,52,134,PT1 1 bat,1002.2212836398086
mean,2040,52,135,PT1 1 bat,252.03920554447723
mean,2040,52,136,PT1 1 bat,0.0
mean,2040,52,137,PT1 1 bat,0.0
mean,2040,52,138,PT1 1 bat,0.0
mean,2040,52,139,PT1 1 bat,0.0
mean,2040,52,140,PT1 1 bat,0.0
mean,2040,52,141,PT1 1 bat,0.0
mean,2040,52,142,PT1 1 bat,0.0
mean,2040,52,143,PT1 1 bat,0.0
mean,2040,52,144,PT1 1 bat,0.0
mean,2040,52,145,PT1 1 bat,0.0
mean,2040,52,146,PT1 1 bat,0.0
mean,2040,52,147,PT1 1 bat,0.0
mean,2040,52,148,PT1 1 bat,0.0
mean,2040,52,149,PT1 1 bat,0.0
mean,2040,52,150,PT1 1 bat,0.0
mean,2040,52,151,PT1 1 bat,0.0
mean,2040,52,152,PT1 1 bat,0.0
mean,2040,52,153,PT1 1 bat,0.39506928101868005
mean,2040,52,154,PT1 1 bat,13896.360279873521
mean,2040,52,155,PT1 1 bat,10712.700298957016
mean,2040,52,156,PT1 1 bat,17759.53256637651
mean,2040,52,157,PT1 1 bat,19548.389042896495
mean,2040,52,158,PT1 1 bat,13388.713813819299
mean,2040,52,159,PT1 1 bat,522.7146749349315
mean,2040,52,160,PT1 1 bat,0.0
mean,2040,52,161,PT1 1 bat,0.0
mean,2040,52,162,PT1 1 bat,0.0
mean,2040,52,163,PT1 1 bat,0.0
mean,2040,52,164,PT1 1 bat,0.0
mean,2040,52,165,PT1 1 bat,0.0
mean,2040,52,166,PT1 1 bat,0.0
mean,2040,52,167,PT1 1 bat,0.0
mean,2050,11,0,PT1 1 bat,22089.233817495082
mean,2050,11,1,PT1 1 bat,0.31257402145512264
mean,2050,11,2,PT1 1 bat,0.31257402145512264
mean,2050,11,3,PT1 1 bat,0.31257402145512264
mean,2050,11,4,PT1 1 bat,0.31257402145512264
mean,2050,11,5,PT1 1 bat,0.9377611570248612
mean,2050,11,6,PT1 1 bat,0.0
mean,2050,11,7,PT1 1 bat,0.0
mean,2050,11,8,PT1 1 bat,0.31257402145512264
mean,2050,11,9,PT1 1 bat,0.31257402145512264
mean,2050,11,10,PT1 1 bat,0.31257402145512264
mean,2050,11,11,PT1 1 bat,1734.6183953274372
mean,2050,11,12,PT1 1 bat,1952.9016228020055
mean,2050,11,13,PT1 1 bat,6423.630057893823
mean,2050,11,14,PT1 1 bat,0.0
mean,2050,11,15,PT1 1 bat,0.0
mean,2050,11,16,PT1 1 bat,0.0
mean,2050,11,17,PT1 1 bat,0.0
mean,2050,11,18,PT1 1 bat,0.0
mean,2050,11,19,PT1 1 bat,0.0
mean,2050,11,20,PT1 1 bat,0.0
mean,2050,11,21,PT1 1 bat,0.0
mean,2050,11,22,PT1 1 bat,0.0
mean,2050,11,23,PT1 1 bat,0.0
mean,2050,11,24,PT1 1 bat,0.0
mean,2050,11,25,PT1 1 bat,0.0
mean,2050,11,26,PT1 1 bat,0.0
mean,2050,11,27,PT1 1 bat,0.0
mean,2050,11,28,PT1 1 bat,0.0
mean,2050,11,29,PT1 1 bat,0.0
mean,2050,11,30,PT1 1 bat,0.0
mean,2050,11,31,PT1 1 bat,0.0
mean,2050,11,32,PT1 1 bat,0.0
mean,2050,11,33,PT1 1 bat,0.0
mean,2050,11,34,PT1 1 bat,0.0
mean,2050,11,35,PT1 1 bat,0.0
mean,2050,11,36,PT1 1 bat,0.0
mean,2050,11,37,PT1 1 bat,0.0
mean,2050,11,38,PT1 1 bat,0.0
mean,2050,11,39,PT1 1 bat,0.0
mean,2050,11,40,PT1 1 bat,0.0
mean,2050,11,41,PT1 1 bat,0.0
mean,2050,11,42,PT1 1 bat,0.0
mean,2050,11,43,PT1 1 bat,0.0
mean,2050,11,44,PT1 1 bat,0.0
mean,2050,11,45,PT1 1 bat,0.0
mean,2050,11,46,PT1 1 bat,0.0
mean,2050,11,47,PT1 1 bat,0.0
mean,2050,11,48,PT1 1 bat,0.0
mean,2050,11,49,PT1 1 bat,0.0
mean,2050,11,50,PT1 1 bat,0.0
mean,2050,11,51,PT1 1 bat,0.0
mean,2050,11,52,PT1 1 bat,0.0
mean,2050,11,53,PT1 1 bat,0.0
mean,2050,11,54,PT1 1 bat,0.0
mean,2050,11,55,PT1 1 bat,0.0
mean,2050,11,56,PT1 1 bat,0.0
mean,2050,11,57,PT1 1 bat,0.31257402145512264
mean,2050,11,58,PT1 1 bat,6995.185452884476
mean,2050,11,59,PT1 1 bat,9812.48208899656
mean,2050,11,60,PT1 1 bat,9655.421166620044
mean,2050,11,61,PT1 1 bat,11072.74910989407
mean,2050,11,62,PT1 1 bat,0.0
mean,2050,11,63,PT1 1 bat,2089.935687177993
mean,2050,11,64,PT1 1 bat,0.0
mean,2050,11,65,PT1 1 bat,0.0
mean,2050,11,66,PT1 1 bat,0.0
mean,2050,11,67,PT1 1 bat,0.0
mean,2050,11,68,PT1 1 bat,0.0
mean,2050,11,69,PT1 1 bat,0.0
mean,2050,11,70,PT1 1 bat,0.0
mean,2050,11,71,PT1 1 bat,0.0
mean,2050,11,72,PT1 1 bat,0.0
mean,2050,11,73,PT1 1 bat,0.0
mean,2050,11,74,PT1 1 bat,0.0
mean,2050,11,75,PT1 1 bat,0.0
mean,2050,11,76,PT1 1 bat,0.0
mean,2050,11,77,PT1 1 bat,0.0
mean,2050,11,78,PT1 1 bat,0.0
mean,2050,11,79,PT1 1 bat,0.0
mean,2050,11,80,PT1 1 bat,0.0
mean,2050,11,81,PT1 1 bat,2450.522389602287
mean,2050,11,82,PT1 1 bat,2998.7104382927214
mean,2050,11,83,PT1 1 bat,13265.778021953593
mean,2050,11,84,PT1 1 bat,13579.025935761236
mean,2050,11,85,PT1 1 bat,14444.677520020126
mean,2050,11,86,PT1 1 bat,2944.374049213712
mean,2050,11,87,PT1 1 bat,10311.024565730178
mean,2050,11,88,PT1 1 bat,0.0
mean,2050,11,89,PT1 1 bat,0.0
mean,2050,11,90,PT1 1 bat,0.0
mean,2050,11,91,PT1 1 bat,0.0
mean,2050,11,92,PT1 1 bat,0.0
mean,2050,11,93,PT1 1 bat,0.0
mean,2050,11,94,PT1 1 bat,0.0
mean,2050,11,95,PT1 1 bat,0.0
mean,2050,11,96,PT1 1 bat,0.0
mean,2050,11,97,PT1 1 bat,0.0
mean,2050,11,98,PT1 1 bat,0.0
mean,2050,11,99,PT1 1 bat,0.0
mean,2050,11,100,PT1 1 bat,0.0
mean,2050,11,101,PT1 1 bat,0.0
mean,2050,11,102,PT1 1 bat,0.0
mean,2050,11,103,PT1 1 bat,0.0
mean,2050,11,104,PT1 1 bat,0.0
mean,2050,11,105,PT1 1 bat,0.31257402145512264
mean,2050,11,106,PT1 1 bat,1913.9540915951163
mean,2050,11,107,PT1 1 bat,13375.061889999193
mean,2050,11,108,PT1 1 bat,15755.149077055488
mean,2050,11,109,PT1 1 bat,16212.810079590829
mean,2050,11,110,PT1 1 bat,12734.019044866869
mean,2050,11,111,PT1 1 bat,2.813166193099816
mean,2050,11,112,PT1 1 bat,2.813166193099816
mean,2050,11,113,PT1 1 bat,0.0
mean,2050,11,114,PT1 1 bat,0.0
mean,2050,11,115,PT1 1 bat,0.0
mean,2050,11,116,PT1 1 bat,0.0
mean,2050,11,117,PT1 1 bat,0.0
mean,2050,11,118,PT1 1 bat,0.0
mean,2050,11,119,PT1 1 bat,0.0
mean,2050,11,120,PT1 1 bat,0.31257402145512264
mean,2050,11,121,PT1 1 bat,0.31257402145512264
mean,2050,11,122,PT1 1 bat,0.31257402145512264
mean,2050,11,123,PT1 1 bat,0.31257402145512264
mean,2050,11,124,PT1 1 bat,0.31257402145512264
mean,2050,11,125,PT1 1 bat,0.31257402145512264
mean,2050,11,126,PT1 1 bat,0.31257402145512264
mean,2050,11,127,PT1 1 bat,0.31257402145512264
mean,2050,11,128,PT1 1 bat,0.31257402145512264
mean,2050,11,129,PT1 1 bat,0.31257402145512264
mean,2050,11,130,PT1 1 bat,0.31257402145512264
mean,2050,11,131,PT1 1 bat,0.31257402145512264
mean,2050,11,132,PT1 1 bat,11.260877996812493
mean,2050,11,133,PT1 1 bat,0.0
mean,2050,11,134,PT1 1 bat,0.0
mean,2050,11,135,PT1 1 bat,0.0
mean,2050,11,136,PT1 1 bat,0.0
mean,2050,11,137,PT1 1 bat,0.0
mean,2050,11,138,PT1 1 bat,0.0
mean,2050,11,139,PT1 1 bat,0.0
mean,2050,11,140,PT1 1 bat,0.0
mean,2050,11,141,PT1 1 bat,0.0
mean,2050,11,142,PT1 1 bat,0.0
mean,2050,11,143,PT1 1 bat,0.0
mean,2050,11,144,PT1 1 bat,0.0
mean,2050,11,145,PT1 1 bat,0.0
mean,2050,11,146,PT1 1 bat,0.0
mean,2050,11,147,PT1 1 bat,0.0
mean,2050,11,148,PT1 1 bat,0.0
mean,2050,11,149,PT1 1 bat,0.0
mean,2050,11,150,PT1 1 bat,0.0
mean,2050,11,151,PT1 1 bat,0.0
mean,2050,11,152,PT1 1 bat,0.0
mean,2050,11,153,PT1 1 bat,0.0
mean,2050,11,154,PT1 1 bat,0.0
mean,2050,11,155,PT1 1 bat,0.0
mean,2050,11,156,PT1 1 bat,0.0
mean,2050,11,157,PT1 1 bat,0.0
mean,2050,11,158,PT1 1 bat,0.0
mean,2050,11,159,PT1 1 bat,0.0
mean,2050,11,160,PT1 1 bat,0.0
mean,2050,11,161,PT1 1 bat,0.0
mean,2050,11,162,PT1 1 bat,0.0
mean,2050,11,163,PT1 1 bat,0.0
mean,2050,11,164,PT1 1 bat,0.0
mean,2050,11,165,PT1 1 bat,0.0
mean,2050,11,166,PT1 1 bat,0.0
mean,2050,11,167,PT1 1 bat,0.0
mean,2050,21,0,PT1 1 bat,4173.021719060967
mean,2050,21,1,PT1 1 bat,0.3125740214545658
mean,2050,21,2,PT1 1 bat,1.563000419760101
mean,2050,21,3,PT1 1 bat,0.0
mean,2050,21,4,PT1 1 bat,0.0
mean,2050,21,5,PT1 1 bat,0.0
mean,2050,21,6,PT1 1 bat,0.0
mean,2050,21,7,PT1 1 bat,0.3125740214572943
mean,2050,21,8,PT1 1 bat,0.31257402145512264
mean,2050,21,9,PT1 1 bat,1628.7714152498193
mean,2050,21,10,PT1 1 bat,6833.508205530265
mean,2050,21,11,PT1 1 bat,8140.574733674962
mean,2050,21,12,PT1 1 bat,8347.108075623015
mean,2050,21,13,PT1 1 bat,7163.547930162538
mean,2050,21,14,PT1 1 bat,6049.405276162387
mean,2050,21,15,PT1 1 bat,5125.401298068916
mean,2050,21,16,PT1 1 bat,5436.1848108216955
mean,2050,21,17,PT1 1 bat,2471.0015407405062
mean,2050,21,18,PT1 1 bat,0.0
mean,2050,21,19,PT1 1 bat,0.0
mean,2050,21,20,PT1 1 bat,0.0
mean,2050,21,21,PT1 1 bat,0.0
mean,2050,21,22,PT1 1 bat,0.0
mean,2050,21,23,PT1 1 bat,0.0
mean,2050,21,24,PT1 1 bat,0.0
mean,2050,21,25,PT1 1 bat,0.0
mean,2050,21,26,PT1 1 bat,0.0
mean,2050,21,27,PT1 1 bat,0.0
mean,2050,21,28,PT1 1 bat,0.0
mean,2050,21,29,PT1 1 bat,0.0
mean,2050,21,30,PT1 1 bat,0.0
mean,2050,21,31,PT1 1 bat,0.0
mean,2050,21,32,PT1 1 bat,0.31257402145512264
mean,2050,21,33,PT1 1 bat,0.31257402145512264
mean,2050,21,34,PT1 1 bat,0.31257402145512264
mean,2050,21,35,PT1 1 bat,2365.212171555448
mean,2050,21,36,PT1 1 bat,8701.478386185734
mean,2050,21,37,PT1 1 bat,6540.207652166155
mean,2050,21,38,PT1 1 bat,3517.255422260706
mean,2050,21,39,PT1 1 bat,0.0
mean,2050,21,40,PT1 1 bat,0.0
mean,2050,21,41,PT1 1 bat,0.0
mean,2050,21,42,PT1 1 bat,0.0
mean,2050,21,43,PT1 1 bat,0.0
mean,2050,21,44,PT1 1 bat,0.0
mean,2050,21,45,PT1 1 bat,0.0
mean,2050,21,46,PT1 1 bat,0.0
mean,2050,21,47,PT1 1 bat,0.0
mean,2050,21,48,PT1 1 bat,0.0
mean,2050,21,49,PT1 1 bat,0.0
mean,2050,21,50,PT1 1 bat,0.0
mean,2050,21,51,PT1 1 bat,0.0
mean,2050,21,52,PT1 1 bat,0.0
mean,2050,21,53,PT1 1 bat,0.0
mean,2050,21,54,PT1 1 bat,0.0
mean,2050,21,55,PT1 1 bat,0.0
mean,2050,21,56,PT1 1 bat,0.0
mean,2050,21,57,PT1 1 bat,0.31257402145512264
mean,2050,21,58,PT1 1 bat,0.31257402145512264
mean,2050,21,59,PT1 1 bat,9103.248309516133
mean,2050,21,60,PT1 1 bat,17221.37098821645
mean,2050,21,61,PT1 1 bat,18053.37648937271
mean,2050,21,62,PT1 1 bat,13618.369679662295
mean,2050,21,63,PT1 1 bat,1996.391883989385
mean,2050,21,64,PT1 1 bat,0.0
mean,2050,21,65,PT1 1 bat,0.0
mean,2050,21,66,PT1 1 bat,0.0
mean,2050,21,67,PT1 1 bat,0.0
mean,2050,21,68,PT1 1 bat,0.0
mean,2050,21,69,PT1 1 bat,0.0
mean,2050,21,70,PT1 1 bat,0.0
mean,2050,21,71,PT1 1 bat,0.0
mean,2050,21,72,PT1 1 bat,0.0
mean,2050,21,73,PT1 1 bat,0.0
mean,2050,21,74,PT1 1 bat,0.0
mean,2050,21,75,PT1 1 bat,0.0
mean,2050,21,76,PT1 1 bat,0.0
mean,2050,21,77,PT1 1 bat,0.0
mean,2050,21,78,PT1 1 bat,0.0
mean,2050,21,79,PT1 1 bat,0.0
mean,2050,21,80,PT1 1 bat,0.0
mean,2050,21,81,PT1 1 bat,410.5407379154426
mean,2050,21,82,PT1 1 bat,7193.3841417288095
mean,2050,21,83,PT1 1 bat,11295.111155095763
mean,2050,21,84,PT1 1 bat,4053.7473560485714
mean,2050,21,85,PT1 1 bat,13513.601158238316
mean,2050,21,86,PT1 1 bat,15762.663344709646
mean,2050,21,87,PT1 1 bat,7764.366040259418
mean,2050,21,88,PT1 1 bat,0.0
mean,2050,21,89,PT1 1 bat,0.0
mean,2050,21,90,PT1 1 bat,0.0
mean,2050,21,91,PT1 1 bat,0.0
mean,2050,21,92,PT1 1 bat,0.0
mean,2050,21,93,PT1 1 bat,0.0
mean,2050,21,94,PT1 1 bat,0.0
mean,2050,21,95,PT1 1 bat,0.0
mean,2050,21,96,PT1 1 bat,0.0
mean,2050,21,97,PT1 1 bat,0.0
mean,2050,21,98,PT1 1 bat,0.0
mean,2050,21,99,PT1 1 bat,0.0
mean,2050,21,100,PT1 1 bat,0.0
mean,2050,21,101,PT1 1 bat,0.0
mean,2050,21,102,PT1 1 bat,0.0
mean,2050,21,103,PT1 1 bat,0.0
mean,2050,21,104,PT1 1 bat,0.31257402145512264
mean,2050,21,105,PT1 1 bat,0.31257402145512264
mean,2050,21,106,PT1 1 bat,4926.094208218826
mean,2050,21,107,PT1 1 bat,12991.603427175889
mean,2050,21,108,PT1 1 bat,14253.999385689485
mean,2050,21,109,PT1 1 bat,13027.375409617402
mean,2050,21,110,PT1 1 bat,13405.123969221046
mean,2050,21,111,PT1 1 bat,1389.7494663481539
mean,2050,21,112,PT1 1 bat,0.0
mean,2050,21,113,PT1 1 bat,0.0
mean,2050,21,114,PT1 1 bat,0.0
mean,2050,21,115,PT1 1 bat,0.0
mean,2050,21,116,PT1 1 bat,0.0
mean,2050,21,117,PT1 1 bat,0.0
mean,2050,21,118,PT1 1 bat,0.0
mean,2050,21,119,PT1 1 bat,0.0
mean,2050,21,120,PT1 1 bat,0.0
mean,2050,21,121,PT1 1 bat,0.0
mean,2050,21,122,PT1 1 bat,0.0
mean,2050,21,123,PT1 1 bat,0.0
mean,2050,21,124,PT1 1 bat,0.0
mean,2050,21,125,PT1 1 bat,0.0
mean,2050,21,126,PT1 1 bat,0.0
mean,2050,21,127,PT1 1 bat,0.0
mean,2050,21,128,PT1 1 bat,0.31257402145512264
mean,2050,21,129,PT1 1 bat,3718.4033556111904
mean,2050,21,130,PT1 1 bat,8439.400042621603
mean,2050,21,131,PT1 1 bat,2451.1052259234784
mean,2050,21,132,PT1 1 bat,13037.191501506615
mean,2050,21,133,PT1 1 bat,12531.88534467002
mean,2050,21,134,PT1 1 bat,10931.904051925672
mean,2050,21,135,PT1 1 bat,8261.63938898133
mean,2050,21,136,PT1 1 bat,625.1247924497093
mean,2050,21,137,PT1 1 bat,0.0
mean,2050,21,138,PT1 1 bat,0.0
mean,2050,21,139,PT1 1 bat,0.0
mean,2050,21,140,PT1 1 bat,0.0
mean,2050,21,141,PT1 1 bat,0.0
mean,2050,21,142,PT1 1 bat,0.0
mean,2050,21,143,PT1 1 bat,0.0
mean,2050,21,144,PT1 1 bat,0.0
mean,2050,21,145,PT1 1 bat,0.0
mean,2050,21,146,PT1 1 bat,0.0
mean,2050,21,147,PT1 1 bat,0.0
mean,2050,21,148,PT1 1 bat,0.0
mean,2050,21,149,PT1 1 bat,0.0
mean,2050,21,150,PT1 1 bat,0.0
mean,2050,21,151,PT1 1 bat,0.0
mean,2050,21,152,PT1 1 bat,0.31257402145512264
mean,2050,21,153,PT1 1 bat,3041.5093240959272
mean,2050,21,154,PT1 1 bat,10646.492799867645
mean,2050,21,155,PT1 1 bat,10928.792325213843
mean,2050,21,156,PT1 1 bat,9786.421969728206
mean,2050,21,157,PT1 1 bat,14575.06392027853
mean,2050,21,158,PT1 1 bat,11014.244469713345
mean,2050,21,159,PT1 1 bat,2.813166193099816
mean,2050,21,160,PT1 1 bat,0.0
mean,2050,21,161,PT1 1 bat,0.0
mean,2050,21,162,PT1 1 bat,0.0
mean,2050,21,163,PT1 1 bat,0.0
mean,2050,21,164,PT1 1 bat,0.0
mean,2050,21,165,PT1 1 bat,0.0
mean,2050,21,166,PT1 1 bat,0.0
mean,2050,21,167,PT1 1 bat,0.0
mean,2050,42,0,PT1 1 bat,5368.3318296187745
mean,2050,42,1,PT1 1 bat,487.524963359725
mean,2050,42,2,PT1 1 bat,227.81082817750666
mean,2050,42,3,PT1 1 bat,1340.6763928294167
mean,2050,42,4,PT1 1 bat,455.142196703322
mean,2050,42,5,PT1 1 bat,0.0
mean,2050,42,6,PT1 1 bat,0.0
mean,2050,42,7,PT1 1 bat,0.0
mean,2050,42,8,PT1 1 bat,0.3125740214563848
mean,2050,42,9,PT1 1 bat,6118.5632453273465
mean,2050,42,10,PT1 1 bat,12117.647799583676
mean,2050,42,11,PT1 1 bat,0.0
mean,2050,42,12,PT1 1 bat,16845.191091535038
mean,2050,42,13,PT1 1 bat,12466.772453202966
mean,2050,42,14,PT1 1 bat,9676.40107397637
mean,2050,42,15,PT1 1 bat,0.0
mean,2050,42,16,PT1 1 bat,0.0
mean,2050,42,17,PT1 1 bat,0.0
mean,2050,42,18,PT1 1 bat,0.0
mean,2050,42,19,PT1 1 bat,0.0
mean,2050,42,20,PT1 1 bat,0.0
mean,2050,42,21,PT1 1 bat,0.0
mean,2050,42,22,PT1 1 bat,0.0
mean,2050,42,23,PT1 1 bat,0.31257402145512264
mean,2050,42,24,PT1 1 bat,0.31257402145512264
mean,2050,42,25,PT1 1 bat,0.31257402145512264
mean,2050,42,26,PT1 1 bat,0.31257402145512264
mean,2050,42,27,PT1 1 bat,0.31257402145512264
mean,2050,42,28,PT1 1 bat,0.31257402145512264
mean,2050,42,29,PT1 1 bat,0.6251610736157721
mean,2050,42,30,PT1 1 bat,0.0
mean,2050,42,31,PT1 1 bat,0.31257402145512264
mean,2050,42,32,PT1 1 bat,0.31257402145512264
mean,2050,42,33,PT1 1 bat,0.31257402145512264
mean,2050,42,34,PT1 1 bat,0.31257402145512264
mean,2050,42,35,PT1 1 bat,2811.6098890601934
mean,2050,42,36,PT1 1 bat,4518.644864206995
mean,2050,42,37,PT1 1 bat,0.0
mean,2050,42,38,PT1 1 bat,0.0
mean,2050,42,39,PT1 1 bat,0.0
mean,2050,42,40,PT1 1 bat,0.0
mean,2050,42,41,PT1 1 bat,0.0
mean,2050,42,42,PT1 1 bat,0.0
mean,2050,42,43,PT1 1 bat,0.0
mean,2050,42,44,PT1 1 bat,0.0
mean,2050,42,45,PT1 1 bat,0.0
mean,2050,42,46,PT1 1 bat,0.0
mean,2050,42,47,PT1 1 bat,0.0
mean,2050,42,48,PT1 1 bat,0.0
mean,2050,42,49,PT1 1 bat,0.0
mean,2050,42,50,PT1 1 bat,0.0
mean,2050,42,51,PT1 1 bat,0.0
mean,2050,42,52,PT1 1 bat,0.0
mean,2050,42,53,PT1 1 bat,0.0
mean,2050,42,54,PT1 1 bat,0.0
mean,2050,42,55,PT1 1 bat,0.0
mean,2050,42,56,PT1 1 bat,0.0
mean,2050,42,57,PT1 1 bat,2082.9493724580134
mean,2050,42,58,PT1 1 bat,9693.188837205582
mean,2050,42,59,PT1 1 bat,11621.581790764536
mean,2050,42,60,PT1 1 bat,12097.977127297501
mean,2050,42,61,PT1 1 bat,10977.939168423592
mean,2050,42,62,PT1 1 bat,6203.334190874214
mean,2050,42,63,PT1 1 bat,2.813166193099816
mean,2050,42,64,PT1 1 bat,0.0
mean,2050,42,65,PT1 1 bat,0.0
mean,2050,42,66,PT1 1 bat,0.0
mean,2050,42,67,PT1 1 bat,0.0
mean,2050,42,68,PT1 1 bat,0.0
mean,2050,42,69,PT1 1 bat,0.0
mean,2050,42,70,PT1 1 bat,0.0
mean,2050,42,71,PT1 1 bat,0.0
mean,2050,42,72,PT1 1 bat,0.0
mean,2050,42,73,PT1 1 bat,0.0
mean,2050,42,74,PT1 1 bat,0.0
mean,2050,42,75,PT1 1 bat,0.0
mean,2050,42,76,PT1 1 bat,0.0
mean,2050,42,77,PT1 1 bat,0.0
mean,2050,42,78,PT1 1 bat,0.0
mean,2050,42,79,PT1 1 bat,0.0
mean,2050,42,80,PT1 1 bat,0.0
mean,2050,42,81,PT1 1 bat,0.3125740214554753
mean,2050,42,82,PT1 1 bat,9475.358024114461
mean,2050,42,83,PT1 1 bat,15458.370965238446
mean,2050,42,84,PT1 1 bat,15644.357206843533
mean,2050,42,85,PT1 1 bat,15573.887242892426
mean,2050,42,86,PT1 1 bat,3840.5061596229725
mean,2050,42,87,PT1 1 bat,0.0
mean,2050,42,88,PT1 1 bat,0.0
mean,2050,42,89,PT1 1 bat,0.0
mean,2050,42,90,PT1 1 bat,0.0
mean,2050,42,91,PT1 1 bat,0.0
mean,2050,42,92,PT1 1 bat,0.0
mean,2050,42,93,PT1 1 bat,0.0
mean,2050,42,94,PT1 1 bat,0.0
mean,2050,42,95,PT1 1 bat,0.0
mean,2050,42,96,PT1 1 bat,0.0
mean,2050,42,97,PT1 1 bat,0.0
mean,2050,42,98,PT1 1 bat,0.0
mean,2050,42,99,PT1 1 bat,0.0
mean,2050,42,100,PT1 1 bat,0.0
mean,2050,42,101,PT1 1 bat,0.0
mean,2050,42,102,PT1 1 bat,0.0
mean,2050,42,103,PT1 1 bat,0.3125740214560507
mean,2050,42,104,PT1 1 bat,0.31257402145512264
mean,2050,42,105,PT1 1 bat,1979.9717912387691
mean,2050,42,106,PT1 1 bat,8527.902775471728
mean,2050,42,107,PT1 1 bat,9744.665955963254
mean,2050,42,108,PT1 1 bat,9762.84141440166
mean,2050,42,109,PT1 1 bat,8945.964221706172
mean,2050,42,110,PT1 1 bat,647.6761781695832
mean,2050,42,111,PT1 1 bat,0.0
mean,2050,42,112,PT1 1 bat,0.0
mean,2050,42,113,PT1 1 bat,0.0
mean,2050,42,114,PT1 1 bat,0.0
mean,2050,42,115,PT1 1 bat,0.0
mean,2050,42,116,PT1 1 bat,0.0
mean,2050,42,117,PT1 1 bat,0.0
mean,2050,42,118,PT1 1 bat,0.0
mean,2050,42,119,PT1 1 bat,0.0
mean,2050,42,120,PT1 1 bat,0.0
mean,2050,42,121,PT1 1 bat,0.0
mean,2050,42,122,PT1 1 bat,0.0
mean,2050,42,123,PT1 1 bat,0.0
mean,2050,42,124,PT1 1 bat,0.0
mean,2050,42,125,PT1 1 bat,0.0
mean,2050,42,126,PT1 1 bat,0.0
mean,2050,42,127,PT1 1 bat,0.0
mean,2050,42,128,PT1 1 bat,0.0
mean,2050,42,129,PT1 1 bat,0.0
mean,2050,42,130,PT1 1 bat,0.0
mean,2050,42,131,PT1 1 bat,0.0
mean,2050,42,132,PT1 1 bat,0.0
mean,2050,42,133,PT1 1 bat,5967.680563761334
mean,2050,42,134,PT1 1 bat,1064.3537183935234
mean,2050,42,135,PT1 1 bat,0.0
mean,2050,42,136,PT1 1 bat,0.0
mean,2050,42,137,PT1 1 bat,0.0
mean,2050,42,138,PT1 1 bat,0.0
mean,2050,42,139,PT1 1 bat,0.0
mean,2050,42,140,PT1 1 bat,0.0
mean,2050,42,141,PT1 1 bat,0.0
mean,2050,42,142,PT1 1 bat,0.0
mean,2050,42,143,PT1 1 bat,0.0
mean,2050,42,144,PT1 1 bat,0.0
mean,2050,42,145,PT1 1 bat,0.0
mean,2050,42,146,PT1 1 bat,0.0
mean,2050,42,147,PT1 1 bat,0.0
mean,2050,42,148,PT1 1 bat,0.0
mean,2050,42,149,PT1 1 bat,0.0
mean,2050,42,150,PT1 1 bat,0.0
mean,2050,42,151,PT1 1 bat,0.0
mean,2050,42,152,PT1 1 bat,0.0
mean,2050,42,153,PT1 1 bat,2177.4943045580076
mean,2050,42,154,PT1 1 bat,11677.42020260823
mean,2050,42,155,PT1 1 bat,14428.441426108353
mean,2050,42,156,PT1 1 bat,15401.49346708867
mean,2050,42,157,PT1 1 bat,15051.195049079144
mean,2050,42,158,PT1 1 bat,926.7077033783781
mean,2050,42,159,PT1 1 bat,333.4894885356832
mean,2050,42,160,PT1 1 bat,0.0
mean,2050,42,161,PT1 1 bat,0.0
mean,2050,42,162,PT1 1 bat,0.0
mean,2050,42,163,PT1 1 bat,0.0
mean,2050,42,164,PT1 1 bat,0.0
mean,2050,42,165,PT1 1 bat,0.0
mean,2050,42,166,PT1 1 bat,0.0
mean,2050,42,167,PT1 1 bat,0.0
mean,2050,52,0,PT1 1 bat,11968.05758103378
mean,2050,52,1,PT1 1 bat,0.31257402145512264
mean,2050,52,2,PT1 1 bat,0.31257402145512264
mean,2050,52,3,PT1 1 bat,0.31257402145512264
mean,2050,52,4,PT1 1 bat,0.31257402145512264
mean,2050,52,5,PT1 1 bat,0.9377611570248612
mean,2050,52,6,PT1 1 bat,0.0
mean,2050,52,7,PT1 1 bat,0.0
mean,2050,52,8,PT1 1 bat,0.31257402145512264
mean,2050,52,9,PT1 1 bat,0.31257402145512264
mean,2050,52,10,PT1 1 bat,2325.4063009519223
mean,2050,52,11,PT1 1 bat,0.0
mean,2050,52,12,PT1 1 bat,1494.4807089592941
mean,2050,52,13,PT1 1 bat,3533.5481717057673
mean,2050,52,14,PT1 1 bat,0.0
mean,2050,52,15,PT1 1 bat,0.0
mean,2050,52,16,PT1 1 bat,0.0
mean,2050,52,17,PT1 1 bat,0.0
mean,2050,52,18,PT1 1 bat,0.0
mean,2050,52,19,PT1 1 bat,0.0
mean,2050,52,20,PT1 1 bat,0.0
mean,2050,52,21,PT1 1 bat,0.0
mean,2050,52,22,PT1 1 bat,0.0
mean,2050,52,23,PT1 1 bat,0.0
mean,2050,52,24,PT1 1 bat,0.0
mean,2050,52,25,PT1 1 bat,0.0
mean,2050,52,26,PT1 1 bat,0.0
mean,2050,52,27,PT1 1 bat,0.0
mean,2050,52,28,PT1 1 bat,0.0
mean,2050,52,29,PT1 1 bat,0.0
mean,2050,52,30,PT1 1 bat,0.0
mean,2050,52,31,PT1 1 bat,0.0
mean,2050,52,32,PT1 1 bat,0.0
mean,2050,52,33,PT1 1 bat,0.0
mean,2050,52,34,PT1 1 bat,0.0
mean,2050,52,35,PT1 1 bat,0.0
mean,2050,52,36,PT1 1 bat,0.0
mean,2050,52,37,PT1 1 bat,0.0
mean,2050,52,38,PT1 1 bat,0.0
mean,2050,52,39,PT1 1 bat,0.0
mean,2050,52,40,PT1 1 bat,0.0
mean,2050,52,41,PT1 1 bat,0.0
mean,2050,52,42,PT1 1 bat,0.0
mean,2050,52,43,PT1 1 bat,0.0
mean,2050,52,44,PT1 1 bat,0.0
mean,2050,52,45,PT1 1 bat,0.0
mean,2050,52,46,PT1 1 bat,0.0
mean,2050,52,47,PT1 1 bat,0.0
mean,2050,52,48,PT1 1 bat,0.0
mean,2050,52,49,PT1 1 bat,0.0
mean,2050,52,50,PT1 1 bat,0.0
mean,2050,52,51,PT1 1 bat,0.0
mean,2050,52,52,PT1 1 bat,0.0
mean,2050,52,53,PT1 1 bat,0.0
mean,2050,52,54,PT1 1 bat,0.0
mean,2050,52,55,PT1 1 bat,0.0
mean,2050,52,56,PT1 1 bat,0.0
mean,2050,52,57,PT1 1 bat,0.0
mean,2050,52,58,PT1 1 bat,0.0
mean,2050,52,59,PT1 1 bat,0.0
mean,2050,52,60,PT1 1 bat,0.0
mean,2050,52,61,PT1 1 bat,0.0
mean,2050,52,62,PT1 1 bat,0.0
mean,2050,52,63,PT1 1 bat,0.0
mean,2050,52,64,PT1 1 bat,0.0
mean,2050,52,65,PT1 1 bat,0.0
mean,2050,52,66,PT1 1 bat,0.0
mean,2050,52,67,PT1 1 bat,0.0
mean,2050,52,68,PT1 1 bat,0.0
mean,2050,52,69,PT1 1 bat,0.0
mean,2050,52,70,PT1 1 bat,0.0
mean,2050,52,71,PT1 1 bat,0.0
mean,2050,52,72,PT1 1 bat,0.0
mean,2050,52,73,PT1 1 bat,0.0
mean,2050,52,74,PT1 1 bat,0.0
mean,2050,52,75,PT1 1 bat,0.0
mean,2050,52,76,PT1 1 bat,0.0
mean,2050,52,77,PT1 1 bat,0.0
mean,2050,52,78,PT1 1 bat,0.0
mean,2050,52,79,PT1 1 bat,0.0
mean,2050,52,80,PT1 1 bat,0.0
mean,2050,52,81,PT1 1 bat,5385.69338846336
mean,2050,52,82,PT1 1 bat,7713.566348398647
mean,2050,52,83,PT1 1 bat,18954.483153999947
mean,2050,52,84,PT1 1 bat,8097.803033010583
mean,2050,52,85,PT1 1 bat,12912.923700018606
mean,2050,52,86,PT1 1 bat,0.0
mean,2050,52,87,PT1 1 bat,0.0
mean,2050,52,88,PT1 1 bat,0.0
mean,2050,52,89,PT1 1 bat,0.0
mean,2050,52,90,PT1 1 bat,0.0
mean,2050,52,91,PT1 1 bat,0.0
mean,2050,52,92,PT1 1 bat,0.0
mean,2050,52,93,PT1 1 bat,0.0
mean,2050,52,94,PT1 1 bat,0.0
mean,2050,52,95,PT1 1 bat,0.0
mean,2050,52,96,PT1 1 bat,0.0
mean,2050,52,97,PT1 1 bat,0.0
mean,2050,52,98,PT1 1 bat,0.0
mean,2050,52,99,PT1 1 bat,0.0
mean,2050,52,100,PT1 1 bat,0.0
mean,2050,52,101,PT1 1 bat,0.0
mean,2050,52,102,PT1 1 bat,0.0
mean,2050,52,103,PT1 1 bat,0.0
mean,2050,52,104,PT1 1 bat,0.0
mean,2050,52,105,PT1 1 bat,0.0
mean,2050,52,106,PT1 1 bat,0.0
mean,2050,52,107,PT1 1 bat,0.0
mean,2050,52,108,PT1 1 bat,0.0
mean,2050,52,109,PT1 1 bat,0.0
mean,2050,52,110,PT1 1 bat,0.0
mean,2050,52,111,PT1 1 bat,0.0
mean,2050,52,112,PT1 1 bat,0.0
mean,2050,52,113,PT1 1 bat,0.0
mean,2050,52,114,PT1 1 bat,0.0
mean,2050,52,115,PT1 1 bat,0.0
mean,2050,52,116,PT1 1 bat,0.0
mean,2050,52,117,PT1 1 bat,0.0
mean,2050,52,118,PT1 1 bat,0.0
mean,2050,52,119,PT1 1 bat,0.0
mean,2050,52,120,PT1 1 bat,0.0
mean,2050,52,121,PT1 1 bat,0.0
mean,2050,52,122,PT1 1 bat,0.0
mean,2050,52,123,PT1 1 bat,0.0
mean,2050,52,124,PT1 1 bat,0.0
mean,2050,52,125,PT1 1 bat,0.0
mean,2050,52,126,PT1 1 bat,0.0
mean,2050,52,127,PT1 1 bat,0.0
mean,2050,52,128,PT1 1 bat,0.0
mean,2050,52,129,PT1 1 bat,0.31257402145512264
mean,2050,52,130,PT1 1 bat,5736.374000275342
mean,2050,52,131,PT1 1 bat,16574.63864188162
mean,2050,52,132,PT1 1 bat,4059.422151203768
mean,2050,52,133,PT1 1 bat,18391.89823571754
mean,2050,52,134,PT1 1 bat,13102.19063464039
mean,2050,52,135,PT1 1 bat,2129.3482395133706
mean,2050,52,136,PT1 1 bat,0.0
mean,2050,52,137,PT1 1 bat,0.0
mean,2050,52,138,PT1 1 bat,0.0
mean,2050,52,139,PT1 1 bat,0.0
mean,2050,52,140,PT1 1 bat,0.0
mean,2050,52,141,PT1 1 bat,0.0
mean,2050,52,142,PT1 1 bat,0.0
mean,2050,52,143,PT1 1 bat,0.0
mean,2050,52,144,PT1 1 bat,0.0
mean,2050,52,145,PT1 1 bat,0.0
mean,2050,52,146,PT1 1 bat,0.0
mean,2050,52,147,PT1 1 bat,0.0
mean,2050,52,148,PT1 1 bat,0.0
mean,2050,52,149,PT1 1 bat,0.0
mean,2050,52,150,PT1 1 bat,0.0
mean,2050,52,151,PT1 1 bat,0.0
mean,2050,52,152,PT1 1 bat,0.0
mean,2050,52,153,PT1 1 bat,0.31257402145512264
mean,2050,52,154,PT1 1 bat,4766.684099457388
mean,2050,52,155,PT1 1 bat,7203.299964413755
mean,2050,52,156,PT1 1 bat,17021.458939333916
mean,2050,52,157,PT1 1 bat,15584.24670409219
mean,2050,52,158,PT1 1 bat,11636.110344105678
mean,2050,52,159,PT1 1 bat,3781.632981789706
mean,2050,52,160,PT1 1 bat,0.0
mean,2050,52,161,PT1 1 bat,0.0
mean,2050,52,162,PT1 1 bat,0.0
mean,2050,52,163,PT1 1 bat,0.0
mean,2050,52,164,PT1 1 bat,0.0
mean,2050,52,165,PT1 1 bat,0.0
mean,2050,52,166,PT1 1 bat,0.0
mean,2050,52,167,PT1 1 bat,0.0
