carrier,Installed Capacity [MW],Number of Generators
CCGT,30450.331999999995,2
onwind,32039.503344723296,2
solar,12707.019273038668,2
