carrier,capital_cost [€/MW/year]
CCGT,99027.72929315243
onwind,96085.88801996631
solar,35602.07124380446
