bus,x,y,country
ES1 0,-3.4276102147050658,40.60133167815752,ES
PT1 0,-8.282124629507434,40.313465607938554,PT
