scenario,year,week,hour,battery,dual_value
mean,2025,11,0,ES1 0 bat,-0.01459880000598983
mean,2025,11,1,ES1 0 bat,0.0
mean,2025,11,2,ES1 0 bat,0.0
mean,2025,11,3,ES1 0 bat,0.0
mean,2025,11,4,ES1 0 bat,0.0
mean,2025,11,5,ES1 0 bat,0.0
mean,2025,11,6,ES1 0 bat,0.0
mean,2025,11,7,ES1 0 bat,0.0
mean,2025,11,8,ES1 0 bat,0.0
mean,2025,11,9,ES1 0 bat,0.0
mean,2025,11,10,ES1 0 bat,0.0
mean,2025,11,11,ES1 0 bat,0.0
mean,2025,11,12,ES1 0 bat,0.0
mean,2025,11,13,ES1 0 bat,0.0
mean,2025,11,14,ES1 0 bat,0.0
mean,2025,11,15,ES1 0 bat,0.0
mean,2025,11,16,ES1 0 bat,0.0
mean,2025,11,17,ES1 0 bat,0.0
mean,2025,11,18,ES1 0 bat,0.0
mean,2025,11,19,ES1 0 bat,0.0
mean,2025,11,20,ES1 0 bat,0.0
mean,2025,11,21,ES1 0 bat,0.0
mean,2025,11,22,ES1 0 bat,0.0
mean,2025,11,23,ES1 0 bat,0.0
mean,2025,11,24,ES1 0 bat,0.0
mean,2025,11,25,ES1 0 bat,0.0
mean,2025,11,26,ES1 0 bat,0.0
mean,2025,11,27,ES1 0 bat,0.0
mean,2025,11,28,ES1 0 bat,0.0
mean,2025,11,29,ES1 0 bat,0.0
mean,2025,11,30,ES1 0 bat,0.0
mean,2025,11,31,ES1 0 bat,-60.57984341182395
mean,2025,11,32,ES1 0 bat,0.0
mean,2025,11,33,ES1 0 bat,0.0
mean,2025,11,34,ES1 0 bat,0.0
mean,2025,11,35,ES1 0 bat,0.0
mean,2025,11,36,ES1 0 bat,0.0
mean,2025,11,37,ES1 0 bat,0.0
mean,2025,11,38,ES1 0 bat,0.0
mean,2025,11,39,ES1 0 bat,0.0
mean,2025,11,40,ES1 0 bat,0.0
mean,2025,11,41,ES1 0 bat,0.0
mean,2025,11,42,ES1 0 bat,0.0
mean,2025,11,43,ES1 0 bat,0.0
mean,2025,11,44,ES1 0 bat,0.0
mean,2025,11,45,ES1 0 bat,0.0
mean,2025,11,46,ES1 0 bat,0.0
mean,2025,11,47,ES1 0 bat,0.0
mean,2025,11,48,ES1 0 bat,0.0
mean,2025,11,49,ES1 0 bat,0.0
mean,2025,11,50,ES1 0 bat,0.0
mean,2025,11,51,ES1 0 bat,0.0
mean,2025,11,52,ES1 0 bat,0.0
mean,2025,11,53,ES1 0 bat,0.0
mean,2025,11,54,ES1 0 bat,0.0
mean,2025,11,55,ES1 0 bat,0.0
mean,2025,11,56,ES1 0 bat,0.0
mean,2025,11,57,ES1 0 bat,0.0
mean,2025,11,58,ES1 0 bat,0.0
mean,2025,11,59,ES1 0 bat,0.0
mean,2025,11,60,ES1 0 bat,0.0
mean,2025,11,61,ES1 0 bat,0.0
mean,2025,11,62,ES1 0 bat,0.0
mean,2025,11,63,ES1 0 bat,0.0
mean,2025,11,64,ES1 0 bat,0.0
mean,2025,11,65,ES1 0 bat,0.0
mean,2025,11,66,ES1 0 bat,0.0
mean,2025,11,67,ES1 0 bat,0.0
mean,2025,11,68,ES1 0 bat,0.0
mean,2025,11,69,ES1 0 bat,0.0
mean,2025,11,70,ES1 0 bat,0.0
mean,2025,11,71,ES1 0 bat,0.0
mean,2025,11,72,ES1 0 bat,0.0
mean,2025,11,73,ES1 0 bat,0.0
mean,2025,11,74,ES1 0 bat,0.0
mean,2025,11,75,ES1 0 bat,0.0
mean,2025,11,76,ES1 0 bat,0.0
mean,2025,11,77,ES1 0 bat,0.0
mean,2025,11,78,ES1 0 bat,0.0
mean,2025,11,79,ES1 0 bat,-59.29426610464592
mean,2025,11,80,ES1 0 bat,0.0
mean,2025,11,81,ES1 0 bat,0.0
mean,2025,11,82,ES1 0 bat,0.0
mean,2025,11,83,ES1 0 bat,0.0
mean,2025,11,84,ES1 0 bat,0.0
mean,2025,11,85,ES1 0 bat,0.0
mean,2025,11,86,ES1 0 bat,0.0
mean,2025,11,87,ES1 0 bat,0.0
mean,2025,11,88,ES1 0 bat,0.0
mean,2025,11,89,ES1 0 bat,0.0
mean,2025,11,90,ES1 0 bat,0.0
mean,2025,11,91,ES1 0 bat,0.0
mean,2025,11,92,ES1 0 bat,0.0
mean,2025,11,93,ES1 0 bat,0.0
mean,2025,11,94,ES1 0 bat,0.0
mean,2025,11,95,ES1 0 bat,0.0
mean,2025,11,96,ES1 0 bat,0.0
mean,2025,11,97,ES1 0 bat,0.0
mean,2025,11,98,ES1 0 bat,0.0
mean,2025,11,99,ES1 0 bat,0.0
mean,2025,11,100,ES1 0 bat,0.0
mean,2025,11,101,ES1 0 bat,0.0
mean,2025,11,102,ES1 0 bat,-0.0025416146202625074
mean,2025,11,103,ES1 0 bat,0.0
mean,2025,11,104,ES1 0 bat,0.0
mean,2025,11,105,ES1 0 bat,0.0
mean,2025,11,106,ES1 0 bat,0.0
mean,2025,11,107,ES1 0 bat,0.0
mean,2025,11,108,ES1 0 bat,0.0
mean,2025,11,109,ES1 0 bat,0.0
mean,2025,11,110,ES1 0 bat,0.0
mean,2025,11,111,ES1 0 bat,0.0
mean,2025,11,112,ES1 0 bat,0.0
mean,2025,11,113,ES1 0 bat,0.0
mean,2025,11,114,ES1 0 bat,0.0
mean,2025,11,115,ES1 0 bat,0.0
mean,2025,11,116,ES1 0 bat,0.0
mean,2025,11,117,ES1 0 bat,0.0
mean,2025,11,118,ES1 0 bat,0.0
mean,2025,11,119,ES1 0 bat,0.0
mean,2025,11,120,ES1 0 bat,0.0
mean,2025,11,121,ES1 0 bat,0.0
mean,2025,11,122,ES1 0 bat,0.0
mean,2025,11,123,ES1 0 bat,0.0
mean,2025,11,124,ES1 0 bat,0.0
mean,2025,11,125,ES1 0 bat,0.0
mean,2025,11,126,ES1 0 bat,0.0
mean,2025,11,127,ES1 0 bat,0.0
mean,2025,11,128,ES1 0 bat,0.0
mean,2025,11,129,ES1 0 bat,0.0
mean,2025,11,130,ES1 0 bat,0.0
mean,2025,11,131,ES1 0 bat,0.0
mean,2025,11,132,ES1 0 bat,0.0
mean,2025,11,133,ES1 0 bat,0.0
mean,2025,11,134,ES1 0 bat,0.0
mean,2025,11,135,ES1 0 bat,0.0
mean,2025,11,136,ES1 0 bat,0.0
mean,2025,11,137,ES1 0 bat,0.0
mean,2025,11,138,ES1 0 bat,0.0
mean,2025,11,139,ES1 0 bat,0.0
mean,2025,11,140,ES1 0 bat,0.0
mean,2025,11,141,ES1 0 bat,0.0
mean,2025,11,142,ES1 0 bat,0.0
mean,2025,11,143,ES1 0 bat,0.0
mean,2025,11,144,ES1 0 bat,0.0
mean,2025,11,145,ES1 0 bat,0.0
mean,2025,11,146,ES1 0 bat,0.0
mean,2025,11,147,ES1 0 bat,0.0
mean,2025,11,148,ES1 0 bat,0.0
mean,2025,11,149,ES1 0 bat,0.0
mean,2025,11,150,ES1 0 bat,0.0
mean,2025,11,151,ES1 0 bat,0.0
mean,2025,11,152,ES1 0 bat,0.0
mean,2025,11,153,ES1 0 bat,0.0
mean,2025,11,154,ES1 0 bat,0.0
mean,2025,11,155,ES1 0 bat,0.0
mean,2025,11,156,ES1 0 bat,0.0
mean,2025,11,157,ES1 0 bat,0.0
mean,2025,11,158,ES1 0 bat,0.0
mean,2025,11,159,ES1 0 bat,0.0
mean,2025,11,160,ES1 0 bat,0.0
mean,2025,11,161,ES1 0 bat,0.0
mean,2025,11,162,ES1 0 bat,-0.0025260229246706414
mean,2025,11,163,ES1 0 bat,0.0
mean,2025,11,164,ES1 0 bat,0.0
mean,2025,11,165,ES1 0 bat,0.0
mean,2025,11,166,ES1 0 bat,0.0
mean,2025,11,167,ES1 0 bat,0.0
mean,2025,21,0,ES1 0 bat,-60.96951724137932
mean,2025,21,1,ES1 0 bat,0.0
mean,2025,21,2,ES1 0 bat,0.0
mean,2025,21,3,ES1 0 bat,0.0
mean,2025,21,4,ES1 0 bat,0.0
mean,2025,21,5,ES1 0 bat,0.0
mean,2025,21,6,ES1 0 bat,0.0
mean,2025,21,7,ES1 0 bat,0.0
mean,2025,21,8,ES1 0 bat,0.0
mean,2025,21,9,ES1 0 bat,0.0
mean,2025,21,10,ES1 0 bat,0.0
mean,2025,21,11,ES1 0 bat,0.0
mean,2025,21,12,ES1 0 bat,0.0
mean,2025,21,13,ES1 0 bat,0.0
mean,2025,21,14,ES1 0 bat,0.0
mean,2025,21,15,ES1 0 bat,0.0
mean,2025,21,16,ES1 0 bat,0.0
mean,2025,21,17,ES1 0 bat,0.0
mean,2025,21,18,ES1 0 bat,0.0
mean,2025,21,19,ES1 0 bat,0.0
mean,2025,21,20,ES1 0 bat,0.0
mean,2025,21,21,ES1 0 bat,0.0
mean,2025,21,22,ES1 0 bat,0.0
mean,2025,21,23,ES1 0 bat,0.0
mean,2025,21,24,ES1 0 bat,0.0
mean,2025,21,25,ES1 0 bat,0.0
mean,2025,21,26,ES1 0 bat,0.0
mean,2025,21,27,ES1 0 bat,0.0
mean,2025,21,28,ES1 0 bat,0.0
mean,2025,21,29,ES1 0 bat,0.0
mean,2025,21,30,ES1 0 bat,0.0
mean,2025,21,31,ES1 0 bat,0.0
mean,2025,21,32,ES1 0 bat,0.0
mean,2025,21,33,ES1 0 bat,0.0
mean,2025,21,34,ES1 0 bat,0.0
mean,2025,21,35,ES1 0 bat,0.0
mean,2025,21,36,ES1 0 bat,0.0
mean,2025,21,37,ES1 0 bat,0.0
mean,2025,21,38,ES1 0 bat,0.0
mean,2025,21,39,ES1 0 bat,0.0
mean,2025,21,40,ES1 0 bat,0.0
mean,2025,21,41,ES1 0 bat,0.0
mean,2025,21,42,ES1 0 bat,0.0
mean,2025,21,43,ES1 0 bat,0.0
mean,2025,21,44,ES1 0 bat,0.0
mean,2025,21,45,ES1 0 bat,0.0
mean,2025,21,46,ES1 0 bat,0.0
mean,2025,21,47,ES1 0 bat,0.0
mean,2025,21,48,ES1 0 bat,0.0
mean,2025,21,49,ES1 0 bat,0.0
mean,2025,21,50,ES1 0 bat,0.0
mean,2025,21,51,ES1 0 bat,0.0
mean,2025,21,52,ES1 0 bat,0.0
mean,2025,21,53,ES1 0 bat,0.0
mean,2025,21,54,ES1 0 bat,0.0
mean,2025,21,55,ES1 0 bat,0.0
mean,2025,21,56,ES1 0 bat,0.0
mean,2025,21,57,ES1 0 bat,0.0
mean,2025,21,58,ES1 0 bat,0.0
mean,2025,21,59,ES1 0 bat,0.0
mean,2025,21,60,ES1 0 bat,0.0
mean,2025,21,61,ES1 0 bat,0.0
mean,2025,21,62,ES1 0 bat,0.0
mean,2025,21,63,ES1 0 bat,0.0
mean,2025,21,64,ES1 0 bat,0.0
mean,2025,21,65,ES1 0 bat,0.0
mean,2025,21,66,ES1 0 bat,0.0
mean,2025,21,67,ES1 0 bat,-59.713974073853464
mean,2025,21,68,ES1 0 bat,0.0
mean,2025,21,69,ES1 0 bat,0.0
mean,2025,21,70,ES1 0 bat,0.0
mean,2025,21,71,ES1 0 bat,0.0
mean,2025,21,72,ES1 0 bat,0.0
mean,2025,21,73,ES1 0 bat,0.0
mean,2025,21,74,ES1 0 bat,0.0
mean,2025,21,75,ES1 0 bat,0.0
mean,2025,21,76,ES1 0 bat,0.0
mean,2025,21,77,ES1 0 bat,0.0
mean,2025,21,78,ES1 0 bat,0.0
mean,2025,21,79,ES1 0 bat,0.0
mean,2025,21,80,ES1 0 bat,0.0
mean,2025,21,81,ES1 0 bat,0.0
mean,2025,21,82,ES1 0 bat,0.0
mean,2025,21,83,ES1 0 bat,0.0
mean,2025,21,84,ES1 0 bat,0.0
mean,2025,21,85,ES1 0 bat,0.0
mean,2025,21,86,ES1 0 bat,0.0
mean,2025,21,87,ES1 0 bat,0.0
mean,2025,21,88,ES1 0 bat,0.0
mean,2025,21,89,ES1 0 bat,0.0
mean,2025,21,90,ES1 0 bat,0.0
mean,2025,21,91,ES1 0 bat,0.0
mean,2025,21,92,ES1 0 bat,0.0
mean,2025,21,93,ES1 0 bat,0.0
mean,2025,21,94,ES1 0 bat,0.0
mean,2025,21,95,ES1 0 bat,0.0
mean,2025,21,96,ES1 0 bat,0.0
mean,2025,21,97,ES1 0 bat,0.0
mean,2025,21,98,ES1 0 bat,0.0
mean,2025,21,99,ES1 0 bat,0.0
mean,2025,21,100,ES1 0 bat,0.0
mean,2025,21,101,ES1 0 bat,0.0
mean,2025,21,102,ES1 0 bat,-0.36896899684579443
mean,2025,21,103,ES1 0 bat,0.0
mean,2025,21,104,ES1 0 bat,0.0
mean,2025,21,105,ES1 0 bat,0.0
mean,2025,21,106,ES1 0 bat,0.0
mean,2025,21,107,ES1 0 bat,0.0
mean,2025,21,108,ES1 0 bat,0.0
mean,2025,21,109,ES1 0 bat,0.0
mean,2025,21,110,ES1 0 bat,0.0
mean,2025,21,111,ES1 0 bat,0.0
mean,2025,21,112,ES1 0 bat,0.0
mean,2025,21,113,ES1 0 bat,0.0
mean,2025,21,114,ES1 0 bat,0.0
mean,2025,21,115,ES1 0 bat,0.0
mean,2025,21,116,ES1 0 bat,-0.03836466527552509
mean,2025,21,117,ES1 0 bat,0.0
mean,2025,21,118,ES1 0 bat,0.0
mean,2025,21,119,ES1 0 bat,0.0
mean,2025,21,120,ES1 0 bat,0.0
mean,2025,21,121,ES1 0 bat,0.0
mean,2025,21,122,ES1 0 bat,0.0
mean,2025,21,123,ES1 0 bat,0.0
mean,2025,21,124,ES1 0 bat,0.0
mean,2025,21,125,ES1 0 bat,0.0
mean,2025,21,126,ES1 0 bat,0.0
mean,2025,21,127,ES1 0 bat,0.0
mean,2025,21,128,ES1 0 bat,0.0
mean,2025,21,129,ES1 0 bat,0.0
mean,2025,21,130,ES1 0 bat,0.0
mean,2025,21,131,ES1 0 bat,0.0
mean,2025,21,132,ES1 0 bat,0.0
mean,2025,21,133,ES1 0 bat,0.0
mean,2025,21,134,ES1 0 bat,0.0
mean,2025,21,135,ES1 0 bat,0.0
mean,2025,21,136,ES1 0 bat,0.0
mean,2025,21,137,ES1 0 bat,0.0
mean,2025,21,138,ES1 0 bat,0.0
mean,2025,21,139,ES1 0 bat,0.0
mean,2025,21,140,ES1 0 bat,0.0
mean,2025,21,141,ES1 0 bat,0.0
mean,2025,21,142,ES1 0 bat,-0.0025416146202625074
mean,2025,21,143,ES1 0 bat,0.0
mean,2025,21,144,ES1 0 bat,0.0
mean,2025,21,145,ES1 0 bat,0.0
mean,2025,21,146,ES1 0 bat,0.0
mean,2025,21,147,ES1 0 bat,0.0
mean,2025,21,148,ES1 0 bat,0.0
mean,2025,21,149,ES1 0 bat,0.0
mean,2025,21,150,ES1 0 bat,0.0
mean,2025,21,151,ES1 0 bat,0.0
mean,2025,21,152,ES1 0 bat,0.0
mean,2025,21,153,ES1 0 bat,0.0
mean,2025,21,154,ES1 0 bat,0.0
mean,2025,21,155,ES1 0 bat,0.0
mean,2025,21,156,ES1 0 bat,0.0
mean,2025,21,157,ES1 0 bat,0.0
mean,2025,21,158,ES1 0 bat,0.0
mean,2025,21,159,ES1 0 bat,0.0
mean,2025,21,160,ES1 0 bat,0.0
mean,2025,21,161,ES1 0 bat,0.0
mean,2025,21,162,ES1 0 bat,0.0
mean,2025,21,163,ES1 0 bat,0.0
mean,2025,21,164,ES1 0 bat,0.0
mean,2025,21,165,ES1 0 bat,0.0
mean,2025,21,166,ES1 0 bat,0.0
mean,2025,21,167,ES1 0 bat,0.0
mean,2025,42,0,ES1 0 bat,-60.96951724137932
mean,2025,42,1,ES1 0 bat,0.0
mean,2025,42,2,ES1 0 bat,0.0
mean,2025,42,3,ES1 0 bat,0.0
mean,2025,42,4,ES1 0 bat,0.0
mean,2025,42,5,ES1 0 bat,0.0
mean,2025,42,6,ES1 0 bat,0.0
mean,2025,42,7,ES1 0 bat,0.0
mean,2025,42,8,ES1 0 bat,0.0
mean,2025,42,9,ES1 0 bat,0.0
mean,2025,42,10,ES1 0 bat,0.0
mean,2025,42,11,ES1 0 bat,0.0
mean,2025,42,12,ES1 0 bat,0.0
mean,2025,42,13,ES1 0 bat,0.0
mean,2025,42,14,ES1 0 bat,0.0
mean,2025,42,15,ES1 0 bat,0.0
mean,2025,42,16,ES1 0 bat,0.0
mean,2025,42,17,ES1 0 bat,0.0
mean,2025,42,18,ES1 0 bat,-0.7972123702284304
mean,2025,42,19,ES1 0 bat,0.0
mean,2025,42,20,ES1 0 bat,0.0
mean,2025,42,21,ES1 0 bat,0.0
mean,2025,42,22,ES1 0 bat,0.0
mean,2025,42,23,ES1 0 bat,0.0
mean,2025,42,24,ES1 0 bat,0.0
mean,2025,42,25,ES1 0 bat,0.0
mean,2025,42,26,ES1 0 bat,0.0
mean,2025,42,27,ES1 0 bat,0.0
mean,2025,42,28,ES1 0 bat,0.0
mean,2025,42,29,ES1 0 bat,0.0
mean,2025,42,30,ES1 0 bat,0.0
mean,2025,42,31,ES1 0 bat,0.0
mean,2025,42,32,ES1 0 bat,0.0
mean,2025,42,33,ES1 0 bat,0.0
mean,2025,42,34,ES1 0 bat,0.0
mean,2025,42,35,ES1 0 bat,0.0
mean,2025,42,36,ES1 0 bat,0.0
mean,2025,42,37,ES1 0 bat,0.0
mean,2025,42,38,ES1 0 bat,0.0
mean,2025,42,39,ES1 0 bat,0.0
mean,2025,42,40,ES1 0 bat,0.0
mean,2025,42,41,ES1 0 bat,0.0
mean,2025,42,42,ES1 0 bat,0.0
mean,2025,42,43,ES1 0 bat,0.0
mean,2025,42,44,ES1 0 bat,0.0
mean,2025,42,45,ES1 0 bat,0.0
mean,2025,42,46,ES1 0 bat,0.0
mean,2025,42,47,ES1 0 bat,0.0
mean,2025,42,48,ES1 0 bat,0.0
mean,2025,42,49,ES1 0 bat,0.0
mean,2025,42,50,ES1 0 bat,0.0
mean,2025,42,51,ES1 0 bat,0.0
mean,2025,42,52,ES1 0 bat,0.0
mean,2025,42,53,ES1 0 bat,0.0
mean,2025,42,54,ES1 0 bat,0.0
mean,2025,42,55,ES1 0 bat,0.0
mean,2025,42,56,ES1 0 bat,0.0
mean,2025,42,57,ES1 0 bat,0.0
mean,2025,42,58,ES1 0 bat,0.0
mean,2025,42,59,ES1 0 bat,0.0
mean,2025,42,60,ES1 0 bat,0.0
mean,2025,42,61,ES1 0 bat,0.0
mean,2025,42,62,ES1 0 bat,0.0
mean,2025,42,63,ES1 0 bat,0.0
mean,2025,42,64,ES1 0 bat,0.0
mean,2025,42,65,ES1 0 bat,0.0
mean,2025,42,66,ES1 0 bat,0.0
mean,2025,42,67,ES1 0 bat,0.0
mean,2025,42,68,ES1 0 bat,0.0
mean,2025,42,69,ES1 0 bat,0.0
mean,2025,42,70,ES1 0 bat,0.0
mean,2025,42,71,ES1 0 bat,0.0
mean,2025,42,72,ES1 0 bat,0.0
mean,2025,42,73,ES1 0 bat,0.0
mean,2025,42,74,ES1 0 bat,0.0
mean,2025,42,75,ES1 0 bat,0.0
mean,2025,42,76,ES1 0 bat,0.0
mean,2025,42,77,ES1 0 bat,0.0
mean,2025,42,78,ES1 0 bat,0.0
mean,2025,42,79,ES1 0 bat,0.0
mean,2025,42,80,ES1 0 bat,0.0
mean,2025,42,81,ES1 0 bat,0.0
mean,2025,42,82,ES1 0 bat,0.0
mean,2025,42,83,ES1 0 bat,0.0
mean,2025,42,84,ES1 0 bat,0.0
mean,2025,42,85,ES1 0 bat,0.0
mean,2025,42,86,ES1 0 bat,0.0
mean,2025,42,87,ES1 0 bat,0.0
mean,2025,42,88,ES1 0 bat,0.0
mean,2025,42,89,ES1 0 bat,0.0
mean,2025,42,90,ES1 0 bat,-1.1572436214962802
mean,2025,42,91,ES1 0 bat,0.0
mean,2025,42,92,ES1 0 bat,0.0
mean,2025,42,93,ES1 0 bat,0.0
mean,2025,42,94,ES1 0 bat,0.0
mean,2025,42,95,ES1 0 bat,0.0
mean,2025,42,96,ES1 0 bat,0.0
mean,2025,42,97,ES1 0 bat,0.0
mean,2025,42,98,ES1 0 bat,0.0
mean,2025,42,99,ES1 0 bat,0.0
mean,2025,42,100,ES1 0 bat,0.0
mean,2025,42,101,ES1 0 bat,0.0
mean,2025,42,102,ES1 0 bat,0.0
mean,2025,42,103,ES1 0 bat,0.0
mean,2025,42,104,ES1 0 bat,0.0
mean,2025,42,105,ES1 0 bat,0.0
mean,2025,42,106,ES1 0 bat,0.0
mean,2025,42,107,ES1 0 bat,0.0
mean,2025,42,108,ES1 0 bat,0.0
mean,2025,42,109,ES1 0 bat,0.0
mean,2025,42,110,ES1 0 bat,0.0
mean,2025,42,111,ES1 0 bat,0.0
mean,2025,42,112,ES1 0 bat,0.0
mean,2025,42,113,ES1 0 bat,0.0
mean,2025,42,114,ES1 0 bat,0.0
mean,2025,42,115,ES1 0 bat,0.0
mean,2025,42,116,ES1 0 bat,0.0
mean,2025,42,117,ES1 0 bat,0.0
mean,2025,42,118,ES1 0 bat,0.0
mean,2025,42,119,ES1 0 bat,0.0
mean,2025,42,120,ES1 0 bat,0.0
mean,2025,42,121,ES1 0 bat,0.0
mean,2025,42,122,ES1 0 bat,0.0
mean,2025,42,123,ES1 0 bat,0.0
mean,2025,42,124,ES1 0 bat,0.0
mean,2025,42,125,ES1 0 bat,0.0
mean,2025,42,126,ES1 0 bat,0.0
mean,2025,42,127,ES1 0 bat,0.0
mean,2025,42,128,ES1 0 bat,0.0
mean,2025,42,129,ES1 0 bat,0.0
mean,2025,42,130,ES1 0 bat,0.0
mean,2025,42,131,ES1 0 bat,0.0
mean,2025,42,132,ES1 0 bat,0.0
mean,2025,42,133,ES1 0 bat,0.0
mean,2025,42,134,ES1 0 bat,0.0
mean,2025,42,135,ES1 0 bat,0.0
mean,2025,42,136,ES1 0 bat,0.0
mean,2025,42,137,ES1 0 bat,0.0
mean,2025,42,138,ES1 0 bat,0.0
mean,2025,42,139,ES1 0 bat,0.0
mean,2025,42,140,ES1 0 bat,0.0
mean,2025,42,141,ES1 0 bat,0.0
mean,2025,42,142,ES1 0 bat,0.0
mean,2025,42,143,ES1 0 bat,0.0
mean,2025,42,144,ES1 0 bat,0.0
mean,2025,42,145,ES1 0 bat,0.0
mean,2025,42,146,ES1 0 bat,0.0
mean,2025,42,147,ES1 0 bat,0.0
mean,2025,42,148,ES1 0 bat,0.0
mean,2025,42,149,ES1 0 bat,0.0
mean,2025,42,150,ES1 0 bat,0.0
mean,2025,42,151,ES1 0 bat,0.0
mean,2025,42,152,ES1 0 bat,0.0
mean,2025,42,153,ES1 0 bat,0.0
mean,2025,42,154,ES1 0 bat,0.0
mean,2025,42,155,ES1 0 bat,0.0
mean,2025,42,156,ES1 0 bat,0.0
mean,2025,42,157,ES1 0 bat,0.0
mean,2025,42,158,ES1 0 bat,0.0
mean,2025,42,159,ES1 0 bat,0.0
mean,2025,42,160,ES1 0 bat,0.0
mean,2025,42,161,ES1 0 bat,0.0
mean,2025,42,162,ES1 0 bat,-0.0025416146202625074
mean,2025,42,163,ES1 0 bat,0.0
mean,2025,42,164,ES1 0 bat,0.0
mean,2025,42,165,ES1 0 bat,0.0
mean,2025,42,166,ES1 0 bat,0.0
mean,2025,42,167,ES1 0 bat,0.0
mean,2025,52,0,ES1 0 bat,-60.96951724137932
mean,2025,52,1,ES1 0 bat,0.0
mean,2025,52,2,ES1 0 bat,0.0
mean,2025,52,3,ES1 0 bat,0.0
mean,2025,52,4,ES1 0 bat,0.0
mean,2025,52,5,ES1 0 bat,0.0
mean,2025,52,6,ES1 0 bat,0.0
mean,2025,52,7,ES1 0 bat,0.0
mean,2025,52,8,ES1 0 bat,0.0
mean,2025,52,9,ES1 0 bat,0.0
mean,2025,52,10,ES1 0 bat,0.0
mean,2025,52,11,ES1 0 bat,0.0
mean,2025,52,12,ES1 0 bat,0.0
mean,2025,52,13,ES1 0 bat,0.0
mean,2025,52,14,ES1 0 bat,0.0
mean,2025,52,15,ES1 0 bat,0.0
mean,2025,52,16,ES1 0 bat,0.0
mean,2025,52,17,ES1 0 bat,0.0
mean,2025,52,18,ES1 0 bat,0.0
mean,2025,52,19,ES1 0 bat,0.0
mean,2025,52,20,ES1 0 bat,0.0
mean,2025,52,21,ES1 0 bat,0.0
mean,2025,52,22,ES1 0 bat,0.0
mean,2025,52,23,ES1 0 bat,0.0
mean,2025,52,24,ES1 0 bat,0.0
mean,2025,52,25,ES1 0 bat,0.0
mean,2025,52,26,ES1 0 bat,0.0
mean,2025,52,27,ES1 0 bat,0.0
mean,2025,52,28,ES1 0 bat,0.0
mean,2025,52,29,ES1 0 bat,0.0
mean,2025,52,30,ES1 0 bat,0.0
mean,2025,52,31,ES1 0 bat,0.0
mean,2025,52,32,ES1 0 bat,0.0
mean,2025,52,33,ES1 0 bat,0.0
mean,2025,52,34,ES1 0 bat,0.0
mean,2025,52,35,ES1 0 bat,0.0
mean,2025,52,36,ES1 0 bat,0.0
mean,2025,52,37,ES1 0 bat,0.0
mean,2025,52,38,ES1 0 bat,0.0
mean,2025,52,39,ES1 0 bat,0.0
mean,2025,52,40,ES1 0 bat,0.0
mean,2025,52,41,ES1 0 bat,0.0
mean,2025,52,42,ES1 0 bat,0.0
mean,2025,52,43,ES1 0 bat,0.0
mean,2025,52,44,ES1 0 bat,0.0
mean,2025,52,45,ES1 0 bat,0.0
mean,2025,52,46,ES1 0 bat,0.0
mean,2025,52,47,ES1 0 bat,0.0
mean,2025,52,48,ES1 0 bat,0.0
mean,2025,52,49,ES1 0 bat,0.0
mean,2025,52,50,ES1 0 bat,0.0
mean,2025,52,51,ES1 0 bat,0.0
mean,2025,52,52,ES1 0 bat,0.0
mean,2025,52,53,ES1 0 bat,0.0
mean,2025,52,54,ES1 0 bat,0.0
mean,2025,52,55,ES1 0 bat,0.0
mean,2025,52,56,ES1 0 bat,0.0
mean,2025,52,57,ES1 0 bat,0.0
mean,2025,52,58,ES1 0 bat,0.0
mean,2025,52,59,ES1 0 bat,0.0
mean,2025,52,60,ES1 0 bat,0.0
mean,2025,52,61,ES1 0 bat,0.0
mean,2025,52,62,ES1 0 bat,0.0
mean,2025,52,63,ES1 0 bat,0.0
mean,2025,52,64,ES1 0 bat,0.0
mean,2025,52,65,ES1 0 bat,0.0
mean,2025,52,66,ES1 0 bat,0.0
mean,2025,52,67,ES1 0 bat,0.0
mean,2025,52,68,ES1 0 bat,0.0
mean,2025,52,69,ES1 0 bat,0.0
mean,2025,52,70,ES1 0 bat,0.0
mean,2025,52,71,ES1 0 bat,0.0
mean,2025,52,72,ES1 0 bat,0.0
mean,2025,52,73,ES1 0 bat,0.0
mean,2025,52,74,ES1 0 bat,0.0
mean,2025,52,75,ES1 0 bat,0.0
mean,2025,52,76,ES1 0 bat,0.0
mean,2025,52,77,ES1 0 bat,0.0
mean,2025,52,78,ES1 0 bat,0.0
mean,2025,52,79,ES1 0 bat,0.0
mean,2025,52,80,ES1 0 bat,0.0
mean,2025,52,81,ES1 0 bat,0.0
mean,2025,52,82,ES1 0 bat,0.0
mean,2025,52,83,ES1 0 bat,0.0
mean,2025,52,84,ES1 0 bat,0.0
mean,2025,52,85,ES1 0 bat,0.0
mean,2025,52,86,ES1 0 bat,0.0
mean,2025,52,87,ES1 0 bat,0.0
mean,2025,52,88,ES1 0 bat,0.0
mean,2025,52,89,ES1 0 bat,0.0
mean,2025,52,90,ES1 0 bat,0.0
mean,2025,52,91,ES1 0 bat,0.0
mean,2025,52,92,ES1 0 bat,0.0
mean,2025,52,93,ES1 0 bat,0.0
mean,2025,52,94,ES1 0 bat,0.0
mean,2025,52,95,ES1 0 bat,0.0
mean,2025,52,96,ES1 0 bat,0.0
mean,2025,52,97,ES1 0 bat,0.0
mean,2025,52,98,ES1 0 bat,0.0
mean,2025,52,99,ES1 0 bat,0.0
mean,2025,52,100,ES1 0 bat,0.0
mean,2025,52,101,ES1 0 bat,0.0
mean,2025,52,102,ES1 0 bat,0.0
mean,2025,52,103,ES1 0 bat,0.0
mean,2025,52,104,ES1 0 bat,0.0
mean,2025,52,105,ES1 0 bat,0.0
mean,2025,52,106,ES1 0 bat,0.0
mean,2025,52,107,ES1 0 bat,0.0
mean,2025,52,108,ES1 0 bat,0.0
mean,2025,52,109,ES1 0 bat,0.0
mean,2025,52,110,ES1 0 bat,0.0
mean,2025,52,111,ES1 0 bat,0.0
mean,2025,52,112,ES1 0 bat,0.0
mean,2025,52,113,ES1 0 bat,0.0
mean,2025,52,114,ES1 0 bat,0.0
mean,2025,52,115,ES1 0 bat,0.0
mean,2025,52,116,ES1 0 bat,0.0
mean,2025,52,117,ES1 0 bat,0.0
mean,2025,52,118,ES1 0 bat,0.0
mean,2025,52,119,ES1 0 bat,0.0
mean,2025,52,120,ES1 0 bat,0.0
mean,2025,52,121,ES1 0 bat,0.0
mean,2025,52,122,ES1 0 bat,0.0
mean,2025,52,123,ES1 0 bat,0.0
mean,2025,52,124,ES1 0 bat,0.0
mean,2025,52,125,ES1 0 bat,0.0
mean,2025,52,126,ES1 0 bat,0.0
mean,2025,52,127,ES1 0 bat,0.0
mean,2025,52,128,ES1 0 bat,0.0
mean,2025,52,129,ES1 0 bat,0.0
mean,2025,52,130,ES1 0 bat,0.0
mean,2025,52,131,ES1 0 bat,0.0
mean,2025,52,132,ES1 0 bat,0.0
mean,2025,52,133,ES1 0 bat,0.0
mean,2025,52,134,ES1 0 bat,0.0
mean,2025,52,135,ES1 0 bat,0.0
mean,2025,52,136,ES1 0 bat,0.0
mean,2025,52,137,ES1 0 bat,0.0
mean,2025,52,138,ES1 0 bat,0.0
mean,2025,52,139,ES1 0 bat,0.0
mean,2025,52,140,ES1 0 bat,0.0
mean,2025,52,141,ES1 0 bat,0.0
mean,2025,52,142,ES1 0 bat,0.0
mean,2025,52,143,ES1 0 bat,0.0
mean,2025,52,144,ES1 0 bat,0.0
mean,2025,52,145,ES1 0 bat,0.0
mean,2025,52,146,ES1 0 bat,0.0
mean,2025,52,147,ES1 0 bat,0.0
mean,2025,52,148,ES1 0 bat,0.0
mean,2025,52,149,ES1 0 bat,0.0
mean,2025,52,150,ES1 0 bat,0.0
mean,2025,52,151,ES1 0 bat,0.0
mean,2025,52,152,ES1 0 bat,0.0
mean,2025,52,153,ES1 0 bat,0.0
mean,2025,52,154,ES1 0 bat,0.0
mean,2025,52,155,ES1 0 bat,0.0
mean,2025,52,156,ES1 0 bat,0.0
mean,2025,52,157,ES1 0 bat,0.0
mean,2025,52,158,ES1 0 bat,0.0
mean,2025,52,159,ES1 0 bat,0.0
mean,2025,52,160,ES1 0 bat,0.0
mean,2025,52,161,ES1 0 bat,-0.0025416146202625074
mean,2025,52,162,ES1 0 bat,0.0
mean,2025,52,163,ES1 0 bat,0.0
mean,2025,52,164,ES1 0 bat,0.0
mean,2025,52,165,ES1 0 bat,0.0
mean,2025,52,166,ES1 0 bat,0.0
mean,2025,52,167,ES1 0 bat,0.0
mean,2030,11,0,ES1 0 bat,-0.01459880000598983
mean,2030,11,1,ES1 0 bat,0.0
mean,2030,11,2,ES1 0 bat,0.0
mean,2030,11,3,ES1 0 bat,0.0
mean,2030,11,4,ES1 0 bat,0.0
mean,2030,11,5,ES1 0 bat,0.0
mean,2030,11,6,ES1 0 bat,0.0
mean,2030,11,7,ES1 0 bat,0.0
mean,2030,11,8,ES1 0 bat,0.0
mean,2030,11,9,ES1 0 bat,0.0
mean,2030,11,10,ES1 0 bat,0.0
mean,2030,11,11,ES1 0 bat,0.0
mean,2030,11,12,ES1 0 bat,0.0
mean,2030,11,13,ES1 0 bat,0.0
mean,2030,11,14,ES1 0 bat,0.0
mean,2030,11,15,ES1 0 bat,0.0
mean,2030,11,16,ES1 0 bat,0.0
mean,2030,11,17,ES1 0 bat,0.0
mean,2030,11,18,ES1 0 bat,0.0
mean,2030,11,19,ES1 0 bat,0.0
mean,2030,11,20,ES1 0 bat,0.0
mean,2030,11,21,ES1 0 bat,0.0
mean,2030,11,22,ES1 0 bat,0.0
mean,2030,11,23,ES1 0 bat,0.0
mean,2030,11,24,ES1 0 bat,0.0
mean,2030,11,25,ES1 0 bat,0.0
mean,2030,11,26,ES1 0 bat,0.0
mean,2030,11,27,ES1 0 bat,0.0
mean,2030,11,28,ES1 0 bat,0.0
mean,2030,11,29,ES1 0 bat,0.0
mean,2030,11,30,ES1 0 bat,0.0
mean,2030,11,31,ES1 0 bat,0.0
mean,2030,11,32,ES1 0 bat,0.0
mean,2030,11,33,ES1 0 bat,0.0
mean,2030,11,34,ES1 0 bat,0.0
mean,2030,11,35,ES1 0 bat,0.0
mean,2030,11,36,ES1 0 bat,0.0
mean,2030,11,37,ES1 0 bat,0.0
mean,2030,11,38,ES1 0 bat,0.0
mean,2030,11,39,ES1 0 bat,0.0
mean,2030,11,40,ES1 0 bat,0.0
mean,2030,11,41,ES1 0 bat,0.0
mean,2030,11,42,ES1 0 bat,0.0
mean,2030,11,43,ES1 0 bat,0.0
mean,2030,11,44,ES1 0 bat,0.0
mean,2030,11,45,ES1 0 bat,0.0
mean,2030,11,46,ES1 0 bat,0.0
mean,2030,11,47,ES1 0 bat,0.0
mean,2030,11,48,ES1 0 bat,0.0
mean,2030,11,49,ES1 0 bat,0.0
mean,2030,11,50,ES1 0 bat,0.0
mean,2030,11,51,ES1 0 bat,0.0
mean,2030,11,52,ES1 0 bat,0.0
mean,2030,11,53,ES1 0 bat,0.0
mean,2030,11,54,ES1 0 bat,0.0
mean,2030,11,55,ES1 0 bat,0.0
mean,2030,11,56,ES1 0 bat,0.0
mean,2030,11,57,ES1 0 bat,0.0
mean,2030,11,58,ES1 0 bat,0.0
mean,2030,11,59,ES1 0 bat,0.0
mean,2030,11,60,ES1 0 bat,0.0
mean,2030,11,61,ES1 0 bat,0.0
mean,2030,11,62,ES1 0 bat,0.0
mean,2030,11,63,ES1 0 bat,0.0
mean,2030,11,64,ES1 0 bat,0.0
mean,2030,11,65,ES1 0 bat,0.0
mean,2030,11,66,ES1 0 bat,0.0
mean,2030,11,67,ES1 0 bat,0.0
mean,2030,11,68,ES1 0 bat,0.0
mean,2030,11,69,ES1 0 bat,0.0
mean,2030,11,70,ES1 0 bat,0.0
mean,2030,11,71,ES1 0 bat,0.0
mean,2030,11,72,ES1 0 bat,0.0
mean,2030,11,73,ES1 0 bat,0.0
mean,2030,11,74,ES1 0 bat,0.0
mean,2030,11,75,ES1 0 bat,0.0
mean,2030,11,76,ES1 0 bat,0.0
mean,2030,11,77,ES1 0 bat,0.0
mean,2030,11,78,ES1 0 bat,0.0
mean,2030,11,79,ES1 0 bat,0.0
mean,2030,11,80,ES1 0 bat,0.0
mean,2030,11,81,ES1 0 bat,0.0
mean,2030,11,82,ES1 0 bat,0.0
mean,2030,11,83,ES1 0 bat,0.0
mean,2030,11,84,ES1 0 bat,0.0
mean,2030,11,85,ES1 0 bat,0.0
mean,2030,11,86,ES1 0 bat,0.0
mean,2030,11,87,ES1 0 bat,-0.0039011483539188813
mean,2030,11,88,ES1 0 bat,0.0
mean,2030,11,89,ES1 0 bat,0.0
mean,2030,11,90,ES1 0 bat,0.0
mean,2030,11,91,ES1 0 bat,0.0
mean,2030,11,92,ES1 0 bat,0.0
mean,2030,11,93,ES1 0 bat,0.0
mean,2030,11,94,ES1 0 bat,0.0
mean,2030,11,95,ES1 0 bat,0.0
mean,2030,11,96,ES1 0 bat,0.0
mean,2030,11,97,ES1 0 bat,0.0
mean,2030,11,98,ES1 0 bat,0.0
mean,2030,11,99,ES1 0 bat,0.0
mean,2030,11,100,ES1 0 bat,0.0
mean,2030,11,101,ES1 0 bat,0.0
mean,2030,11,102,ES1 0 bat,0.0
mean,2030,11,103,ES1 0 bat,0.0
mean,2030,11,104,ES1 0 bat,0.0
mean,2030,11,105,ES1 0 bat,0.0
mean,2030,11,106,ES1 0 bat,0.0
mean,2030,11,107,ES1 0 bat,0.0
mean,2030,11,108,ES1 0 bat,0.0
mean,2030,11,109,ES1 0 bat,0.0
mean,2030,11,110,ES1 0 bat,0.0
mean,2030,11,111,ES1 0 bat,0.0
mean,2030,11,112,ES1 0 bat,0.0
mean,2030,11,113,ES1 0 bat,0.0
mean,2030,11,114,ES1 0 bat,-0.0027899646155051475
mean,2030,11,115,ES1 0 bat,0.0
mean,2030,11,116,ES1 0 bat,0.0
mean,2030,11,117,ES1 0 bat,0.0
mean,2030,11,118,ES1 0 bat,0.0
mean,2030,11,119,ES1 0 bat,0.0
mean,2030,11,120,ES1 0 bat,0.0
mean,2030,11,121,ES1 0 bat,0.0
mean,2030,11,122,ES1 0 bat,0.0
mean,2030,11,123,ES1 0 bat,0.0
mean,2030,11,124,ES1 0 bat,0.0
mean,2030,11,125,ES1 0 bat,0.0
mean,2030,11,126,ES1 0 bat,0.0
mean,2030,11,127,ES1 0 bat,0.0
mean,2030,11,128,ES1 0 bat,0.0
mean,2030,11,129,ES1 0 bat,0.0
mean,2030,11,130,ES1 0 bat,0.0
mean,2030,11,131,ES1 0 bat,0.0
mean,2030,11,132,ES1 0 bat,0.0
mean,2030,11,133,ES1 0 bat,0.0
mean,2030,11,134,ES1 0 bat,0.0
mean,2030,11,135,ES1 0 bat,0.0
mean,2030,11,136,ES1 0 bat,0.0
mean,2030,11,137,ES1 0 bat,0.0
mean,2030,11,138,ES1 0 bat,0.0
mean,2030,11,139,ES1 0 bat,0.0
mean,2030,11,140,ES1 0 bat,0.0
mean,2030,11,141,ES1 0 bat,0.0
mean,2030,11,142,ES1 0 bat,0.0
mean,2030,11,143,ES1 0 bat,0.0
mean,2030,11,144,ES1 0 bat,0.0
mean,2030,11,145,ES1 0 bat,0.0
mean,2030,11,146,ES1 0 bat,0.0
mean,2030,11,147,ES1 0 bat,0.0
mean,2030,11,148,ES1 0 bat,0.0
mean,2030,11,149,ES1 0 bat,0.0
mean,2030,11,150,ES1 0 bat,0.0
mean,2030,11,151,ES1 0 bat,0.0
mean,2030,11,152,ES1 0 bat,0.0
mean,2030,11,153,ES1 0 bat,0.0
mean,2030,11,154,ES1 0 bat,0.0
mean,2030,11,155,ES1 0 bat,0.0
mean,2030,11,156,ES1 0 bat,0.0
mean,2030,11,157,ES1 0 bat,0.0
mean,2030,11,158,ES1 0 bat,0.0
mean,2030,11,159,ES1 0 bat,0.0
mean,2030,11,160,ES1 0 bat,0.0
mean,2030,11,161,ES1 0 bat,0.0
mean,2030,11,162,ES1 0 bat,0.0
mean,2030,11,163,ES1 0 bat,0.0
mean,2030,11,164,ES1 0 bat,0.0
mean,2030,11,165,ES1 0 bat,0.0
mean,2030,11,166,ES1 0 bat,0.0
mean,2030,11,167,ES1 0 bat,0.0
mean,2030,21,0,ES1 0 bat,-60.96951724137932
mean,2030,21,1,ES1 0 bat,0.0
mean,2030,21,2,ES1 0 bat,0.0
mean,2030,21,3,ES1 0 bat,0.0
mean,2030,21,4,ES1 0 bat,0.0
mean,2030,21,5,ES1 0 bat,0.0
mean,2030,21,6,ES1 0 bat,0.0
mean,2030,21,7,ES1 0 bat,0.0
mean,2030,21,8,ES1 0 bat,0.0
mean,2030,21,9,ES1 0 bat,0.0
mean,2030,21,10,ES1 0 bat,0.0
mean,2030,21,11,ES1 0 bat,0.0
mean,2030,21,12,ES1 0 bat,0.0
mean,2030,21,13,ES1 0 bat,0.0
mean,2030,21,14,ES1 0 bat,0.0
mean,2030,21,15,ES1 0 bat,0.0
mean,2030,21,16,ES1 0 bat,0.0
mean,2030,21,17,ES1 0 bat,0.0
mean,2030,21,18,ES1 0 bat,0.0
mean,2030,21,19,ES1 0 bat,0.0
mean,2030,21,20,ES1 0 bat,0.0
mean,2030,21,21,ES1 0 bat,0.0
mean,2030,21,22,ES1 0 bat,0.0
mean,2030,21,23,ES1 0 bat,0.0
mean,2030,21,24,ES1 0 bat,0.0
mean,2030,21,25,ES1 0 bat,0.0
mean,2030,21,26,ES1 0 bat,0.0
mean,2030,21,27,ES1 0 bat,0.0
mean,2030,21,28,ES1 0 bat,0.0
mean,2030,21,29,ES1 0 bat,0.0
mean,2030,21,30,ES1 0 bat,0.0
mean,2030,21,31,ES1 0 bat,0.0
mean,2030,21,32,ES1 0 bat,0.0
mean,2030,21,33,ES1 0 bat,0.0
mean,2030,21,34,ES1 0 bat,0.0
mean,2030,21,35,ES1 0 bat,0.0
mean,2030,21,36,ES1 0 bat,0.0
mean,2030,21,37,ES1 0 bat,0.0
mean,2030,21,38,ES1 0 bat,0.0
mean,2030,21,39,ES1 0 bat,0.0
mean,2030,21,40,ES1 0 bat,0.0
mean,2030,21,41,ES1 0 bat,0.0
mean,2030,21,42,ES1 0 bat,0.0
mean,2030,21,43,ES1 0 bat,0.0
mean,2030,21,44,ES1 0 bat,0.0
mean,2030,21,45,ES1 0 bat,0.0
mean,2030,21,46,ES1 0 bat,0.0
mean,2030,21,47,ES1 0 bat,0.0
mean,2030,21,48,ES1 0 bat,0.0
mean,2030,21,49,ES1 0 bat,0.0
mean,2030,21,50,ES1 0 bat,0.0
mean,2030,21,51,ES1 0 bat,0.0
mean,2030,21,52,ES1 0 bat,0.0
mean,2030,21,53,ES1 0 bat,0.0
mean,2030,21,54,ES1 0 bat,0.0
mean,2030,21,55,ES1 0 bat,0.0
mean,2030,21,56,ES1 0 bat,0.0
mean,2030,21,57,ES1 0 bat,0.0
mean,2030,21,58,ES1 0 bat,0.0
mean,2030,21,59,ES1 0 bat,0.0
mean,2030,21,60,ES1 0 bat,0.0
mean,2030,21,61,ES1 0 bat,0.0
mean,2030,21,62,ES1 0 bat,0.0
mean,2030,21,63,ES1 0 bat,0.0
mean,2030,21,64,ES1 0 bat,0.0
mean,2030,21,65,ES1 0 bat,0.0
mean,2030,21,66,ES1 0 bat,0.0
mean,2030,21,67,ES1 0 bat,0.0
mean,2030,21,68,ES1 0 bat,0.0
mean,2030,21,69,ES1 0 bat,0.0
mean,2030,21,70,ES1 0 bat,0.0
mean,2030,21,71,ES1 0 bat,0.0
mean,2030,21,72,ES1 0 bat,0.0
mean,2030,21,73,ES1 0 bat,0.0
mean,2030,21,74,ES1 0 bat,0.0
mean,2030,21,75,ES1 0 bat,0.0
mean,2030,21,76,ES1 0 bat,0.0
mean,2030,21,77,ES1 0 bat,-4.672054837838435e-05
mean,2030,21,78,ES1 0 bat,0.0
mean,2030,21,79,ES1 0 bat,0.0
mean,2030,21,80,ES1 0 bat,0.0
mean,2030,21,81,ES1 0 bat,0.0
mean,2030,21,82,ES1 0 bat,0.0
mean,2030,21,83,ES1 0 bat,0.0
mean,2030,21,84,ES1 0 bat,0.0
mean,2030,21,85,ES1 0 bat,0.0
mean,2030,21,86,ES1 0 bat,0.0
mean,2030,21,87,ES1 0 bat,0.0
mean,2030,21,88,ES1 0 bat,0.0
mean,2030,21,89,ES1 0 bat,0.0
mean,2030,21,90,ES1 0 bat,0.0
mean,2030,21,91,ES1 0 bat,0.0
mean,2030,21,92,ES1 0 bat,0.0
mean,2030,21,93,ES1 0 bat,0.0
mean,2030,21,94,ES1 0 bat,0.0
mean,2030,21,95,ES1 0 bat,0.0
mean,2030,21,96,ES1 0 bat,0.0
mean,2030,21,97,ES1 0 bat,0.0
mean,2030,21,98,ES1 0 bat,0.0
mean,2030,21,99,ES1 0 bat,0.0
mean,2030,21,100,ES1 0 bat,0.0
mean,2030,21,101,ES1 0 bat,0.0
mean,2030,21,102,ES1 0 bat,0.0
mean,2030,21,103,ES1 0 bat,0.0
mean,2030,21,104,ES1 0 bat,0.0
mean,2030,21,105,ES1 0 bat,0.0
mean,2030,21,106,ES1 0 bat,0.0
mean,2030,21,107,ES1 0 bat,0.0
mean,2030,21,108,ES1 0 bat,0.0
mean,2030,21,109,ES1 0 bat,0.0
mean,2030,21,110,ES1 0 bat,0.0
mean,2030,21,111,ES1 0 bat,0.0
mean,2030,21,112,ES1 0 bat,-6.085749930841593e-07
mean,2030,21,113,ES1 0 bat,0.0
mean,2030,21,114,ES1 0 bat,0.0
mean,2030,21,115,ES1 0 bat,0.0
mean,2030,21,116,ES1 0 bat,0.0
mean,2030,21,117,ES1 0 bat,0.0
mean,2030,21,118,ES1 0 bat,0.0
mean,2030,21,119,ES1 0 bat,0.0
mean,2030,21,120,ES1 0 bat,0.0
mean,2030,21,121,ES1 0 bat,0.0
mean,2030,21,122,ES1 0 bat,0.0
mean,2030,21,123,ES1 0 bat,0.0
mean,2030,21,124,ES1 0 bat,0.0
mean,2030,21,125,ES1 0 bat,0.0
mean,2030,21,126,ES1 0 bat,0.0
mean,2030,21,127,ES1 0 bat,0.0
mean,2030,21,128,ES1 0 bat,0.0
mean,2030,21,129,ES1 0 bat,0.0
mean,2030,21,130,ES1 0 bat,0.0
mean,2030,21,131,ES1 0 bat,0.0
mean,2030,21,132,ES1 0 bat,0.0
mean,2030,21,133,ES1 0 bat,0.0
mean,2030,21,134,ES1 0 bat,0.0
mean,2030,21,135,ES1 0 bat,0.0
mean,2030,21,136,ES1 0 bat,0.0
mean,2030,21,137,ES1 0 bat,0.0
mean,2030,21,138,ES1 0 bat,0.0
mean,2030,21,139,ES1 0 bat,0.0
mean,2030,21,140,ES1 0 bat,0.0
mean,2030,21,141,ES1 0 bat,0.0
mean,2030,21,142,ES1 0 bat,0.0
mean,2030,21,143,ES1 0 bat,0.0
mean,2030,21,144,ES1 0 bat,0.0
mean,2030,21,145,ES1 0 bat,0.0
mean,2030,21,146,ES1 0 bat,0.0
mean,2030,21,147,ES1 0 bat,0.0
mean,2030,21,148,ES1 0 bat,0.0
mean,2030,21,149,ES1 0 bat,0.0
mean,2030,21,150,ES1 0 bat,0.0
mean,2030,21,151,ES1 0 bat,0.0
mean,2030,21,152,ES1 0 bat,0.0
mean,2030,21,153,ES1 0 bat,0.0
mean,2030,21,154,ES1 0 bat,0.0
mean,2030,21,155,ES1 0 bat,0.0
mean,2030,21,156,ES1 0 bat,0.0
mean,2030,21,157,ES1 0 bat,0.0
mean,2030,21,158,ES1 0 bat,0.0
mean,2030,21,159,ES1 0 bat,-0.0038292356636558064
mean,2030,21,160,ES1 0 bat,0.0
mean,2030,21,161,ES1 0 bat,0.0
mean,2030,21,162,ES1 0 bat,0.0
mean,2030,21,163,ES1 0 bat,0.0
mean,2030,21,164,ES1 0 bat,0.0
mean,2030,21,165,ES1 0 bat,0.0
mean,2030,21,166,ES1 0 bat,0.0
mean,2030,21,167,ES1 0 bat,0.0
mean,2030,42,0,ES1 0 bat,-61.523611205692
mean,2030,42,1,ES1 0 bat,0.0
mean,2030,42,2,ES1 0 bat,0.0
mean,2030,42,3,ES1 0 bat,0.0
mean,2030,42,4,ES1 0 bat,0.0
mean,2030,42,5,ES1 0 bat,0.0
mean,2030,42,6,ES1 0 bat,0.0
mean,2030,42,7,ES1 0 bat,0.0
mean,2030,42,8,ES1 0 bat,0.0
mean,2030,42,9,ES1 0 bat,0.0
mean,2030,42,10,ES1 0 bat,0.0
mean,2030,42,11,ES1 0 bat,0.0
mean,2030,42,12,ES1 0 bat,0.0
mean,2030,42,13,ES1 0 bat,0.0
mean,2030,42,14,ES1 0 bat,0.0
mean,2030,42,15,ES1 0 bat,0.0
mean,2030,42,16,ES1 0 bat,0.0
mean,2030,42,17,ES1 0 bat,0.0
mean,2030,42,18,ES1 0 bat,0.0
mean,2030,42,19,ES1 0 bat,0.0
mean,2030,42,20,ES1 0 bat,0.0
mean,2030,42,21,ES1 0 bat,0.0
mean,2030,42,22,ES1 0 bat,0.0
mean,2030,42,23,ES1 0 bat,0.0
mean,2030,42,24,ES1 0 bat,0.0
mean,2030,42,25,ES1 0 bat,0.0
mean,2030,42,26,ES1 0 bat,0.0
mean,2030,42,27,ES1 0 bat,0.0
mean,2030,42,28,ES1 0 bat,0.0
mean,2030,42,29,ES1 0 bat,0.0
mean,2030,42,30,ES1 0 bat,0.0
mean,2030,42,31,ES1 0 bat,0.0
mean,2030,42,32,ES1 0 bat,0.0
mean,2030,42,33,ES1 0 bat,0.0
mean,2030,42,34,ES1 0 bat,0.0
mean,2030,42,35,ES1 0 bat,0.0
mean,2030,42,36,ES1 0 bat,0.0
mean,2030,42,37,ES1 0 bat,0.0
mean,2030,42,38,ES1 0 bat,0.0
mean,2030,42,39,ES1 0 bat,0.0
mean,2030,42,40,ES1 0 bat,0.0
mean,2030,42,41,ES1 0 bat,0.0
mean,2030,42,42,ES1 0 bat,0.0
mean,2030,42,43,ES1 0 bat,0.0
mean,2030,42,44,ES1 0 bat,0.0
mean,2030,42,45,ES1 0 bat,0.0
mean,2030,42,46,ES1 0 bat,0.0
mean,2030,42,47,ES1 0 bat,0.0
mean,2030,42,48,ES1 0 bat,0.0
mean,2030,42,49,ES1 0 bat,0.0
mean,2030,42,50,ES1 0 bat,0.0
mean,2030,42,51,ES1 0 bat,0.0
mean,2030,42,52,ES1 0 bat,0.0
mean,2030,42,53,ES1 0 bat,0.0
mean,2030,42,54,ES1 0 bat,0.0
mean,2030,42,55,ES1 0 bat,0.0
mean,2030,42,56,ES1 0 bat,0.0
mean,2030,42,57,ES1 0 bat,0.0
mean,2030,42,58,ES1 0 bat,0.0
mean,2030,42,59,ES1 0 bat,0.0
mean,2030,42,60,ES1 0 bat,0.0
mean,2030,42,61,ES1 0 bat,0.0
mean,2030,42,62,ES1 0 bat,0.0
mean,2030,42,63,ES1 0 bat,0.0
mean,2030,42,64,ES1 0 bat,0.0
mean,2030,42,65,ES1 0 bat,0.0
mean,2030,42,66,ES1 0 bat,-0.08023079379177843
mean,2030,42,67,ES1 0 bat,0.0
mean,2030,42,68,ES1 0 bat,0.0
mean,2030,42,69,ES1 0 bat,0.0
mean,2030,42,70,ES1 0 bat,0.0
mean,2030,42,71,ES1 0 bat,0.0
mean,2030,42,72,ES1 0 bat,0.0
mean,2030,42,73,ES1 0 bat,0.0
mean,2030,42,74,ES1 0 bat,0.0
mean,2030,42,75,ES1 0 bat,0.0
mean,2030,42,76,ES1 0 bat,0.0
mean,2030,42,77,ES1 0 bat,0.0
mean,2030,42,78,ES1 0 bat,-0.19065714708904496
mean,2030,42,79,ES1 0 bat,0.0
mean,2030,42,80,ES1 0 bat,0.0
mean,2030,42,81,ES1 0 bat,0.0
mean,2030,42,82,ES1 0 bat,0.0
mean,2030,42,83,ES1 0 bat,0.0
mean,2030,42,84,ES1 0 bat,0.0
mean,2030,42,85,ES1 0 bat,0.0
mean,2030,42,86,ES1 0 bat,0.0
mean,2030,42,87,ES1 0 bat,0.0
mean,2030,42,88,ES1 0 bat,0.0
mean,2030,42,89,ES1 0 bat,0.0
mean,2030,42,90,ES1 0 bat,-5.089193678913855
mean,2030,42,91,ES1 0 bat,0.0
mean,2030,42,92,ES1 0 bat,0.0
mean,2030,42,93,ES1 0 bat,0.0
mean,2030,42,94,ES1 0 bat,0.0
mean,2030,42,95,ES1 0 bat,0.0
mean,2030,42,96,ES1 0 bat,0.0
mean,2030,42,97,ES1 0 bat,0.0
mean,2030,42,98,ES1 0 bat,0.0
mean,2030,42,99,ES1 0 bat,0.0
mean,2030,42,100,ES1 0 bat,0.0
mean,2030,42,101,ES1 0 bat,0.0
mean,2030,42,102,ES1 0 bat,0.0
mean,2030,42,103,ES1 0 bat,0.0
mean,2030,42,104,ES1 0 bat,0.0
mean,2030,42,105,ES1 0 bat,0.0
mean,2030,42,106,ES1 0 bat,0.0
mean,2030,42,107,ES1 0 bat,0.0
mean,2030,42,108,ES1 0 bat,0.0
mean,2030,42,109,ES1 0 bat,0.0
mean,2030,42,110,ES1 0 bat,0.0
mean,2030,42,111,ES1 0 bat,0.0
mean,2030,42,112,ES1 0 bat,0.0
mean,2030,42,113,ES1 0 bat,0.0
mean,2030,42,114,ES1 0 bat,0.0
mean,2030,42,115,ES1 0 bat,0.0
mean,2030,42,116,ES1 0 bat,0.0
mean,2030,42,117,ES1 0 bat,0.0
mean,2030,42,118,ES1 0 bat,0.0
mean,2030,42,119,ES1 0 bat,0.0
mean,2030,42,120,ES1 0 bat,0.0
mean,2030,42,121,ES1 0 bat,0.0
mean,2030,42,122,ES1 0 bat,0.0
mean,2030,42,123,ES1 0 bat,0.0
mean,2030,42,124,ES1 0 bat,0.0
mean,2030,42,125,ES1 0 bat,0.0
mean,2030,42,126,ES1 0 bat,0.0
mean,2030,42,127,ES1 0 bat,0.0
mean,2030,42,128,ES1 0 bat,0.0
mean,2030,42,129,ES1 0 bat,0.0
mean,2030,42,130,ES1 0 bat,0.0
mean,2030,42,131,ES1 0 bat,0.0
mean,2030,42,132,ES1 0 bat,0.0
mean,2030,42,133,ES1 0 bat,0.0
mean,2030,42,134,ES1 0 bat,0.0
mean,2030,42,135,ES1 0 bat,0.0
mean,2030,42,136,ES1 0 bat,0.0
mean,2030,42,137,ES1 0 bat,0.0
mean,2030,42,138,ES1 0 bat,0.0
mean,2030,42,139,ES1 0 bat,0.0
mean,2030,42,140,ES1 0 bat,0.0
mean,2030,42,141,ES1 0 bat,0.0
mean,2030,42,142,ES1 0 bat,0.0
mean,2030,42,143,ES1 0 bat,0.0
mean,2030,42,144,ES1 0 bat,0.0
mean,2030,42,145,ES1 0 bat,0.0
mean,2030,42,146,ES1 0 bat,0.0
mean,2030,42,147,ES1 0 bat,0.0
mean,2030,42,148,ES1 0 bat,0.0
mean,2030,42,149,ES1 0 bat,0.0
mean,2030,42,150,ES1 0 bat,0.0
mean,2030,42,151,ES1 0 bat,0.0
mean,2030,42,152,ES1 0 bat,0.0
mean,2030,42,153,ES1 0 bat,0.0
mean,2030,42,154,ES1 0 bat,0.0
mean,2030,42,155,ES1 0 bat,0.0
mean,2030,42,156,ES1 0 bat,0.0
mean,2030,42,157,ES1 0 bat,0.0
mean,2030,42,158,ES1 0 bat,-0.003553286351388989
mean,2030,42,159,ES1 0 bat,-0.003966939993822287
mean,2030,42,160,ES1 0 bat,0.0
mean,2030,42,161,ES1 0 bat,0.0
mean,2030,42,162,ES1 0 bat,0.0
mean,2030,42,163,ES1 0 bat,0.0
mean,2030,42,164,ES1 0 bat,0.0
mean,2030,42,165,ES1 0 bat,0.0
mean,2030,42,166,ES1 0 bat,0.0
mean,2030,42,167,ES1 0 bat,0.0
mean,2030,52,0,ES1 0 bat,-60.78594686852865
mean,2030,52,1,ES1 0 bat,0.0
mean,2030,52,2,ES1 0 bat,0.0
mean,2030,52,3,ES1 0 bat,0.0
mean,2030,52,4,ES1 0 bat,0.0
mean,2030,52,5,ES1 0 bat,0.0
mean,2030,52,6,ES1 0 bat,0.0
mean,2030,52,7,ES1 0 bat,0.0
mean,2030,52,8,ES1 0 bat,0.0
mean,2030,52,9,ES1 0 bat,0.0
mean,2030,52,10,ES1 0 bat,0.0
mean,2030,52,11,ES1 0 bat,0.0
mean,2030,52,12,ES1 0 bat,0.0
mean,2030,52,13,ES1 0 bat,0.0
mean,2030,52,14,ES1 0 bat,0.0
mean,2030,52,15,ES1 0 bat,0.0
mean,2030,52,16,ES1 0 bat,0.0
mean,2030,52,17,ES1 0 bat,0.0
mean,2030,52,18,ES1 0 bat,0.0
mean,2030,52,19,ES1 0 bat,0.0
mean,2030,52,20,ES1 0 bat,0.0
mean,2030,52,21,ES1 0 bat,0.0
mean,2030,52,22,ES1 0 bat,0.0
mean,2030,52,23,ES1 0 bat,0.0
mean,2030,52,24,ES1 0 bat,0.0
mean,2030,52,25,ES1 0 bat,0.0
mean,2030,52,26,ES1 0 bat,0.0
mean,2030,52,27,ES1 0 bat,0.0
mean,2030,52,28,ES1 0 bat,0.0
mean,2030,52,29,ES1 0 bat,0.0
mean,2030,52,30,ES1 0 bat,0.0
mean,2030,52,31,ES1 0 bat,0.0
mean,2030,52,32,ES1 0 bat,0.0
mean,2030,52,33,ES1 0 bat,0.0
mean,2030,52,34,ES1 0 bat,0.0
mean,2030,52,35,ES1 0 bat,0.0
mean,2030,52,36,ES1 0 bat,0.0
mean,2030,52,37,ES1 0 bat,0.0
mean,2030,52,38,ES1 0 bat,0.0
mean,2030,52,39,ES1 0 bat,0.0
mean,2030,52,40,ES1 0 bat,0.0
mean,2030,52,41,ES1 0 bat,0.0
mean,2030,52,42,ES1 0 bat,0.0
mean,2030,52,43,ES1 0 bat,0.0
mean,2030,52,44,ES1 0 bat,0.0
mean,2030,52,45,ES1 0 bat,0.0
mean,2030,52,46,ES1 0 bat,0.0
mean,2030,52,47,ES1 0 bat,0.0
mean,2030,52,48,ES1 0 bat,0.0
mean,2030,52,49,ES1 0 bat,0.0
mean,2030,52,50,ES1 0 bat,0.0
mean,2030,52,51,ES1 0 bat,0.0
mean,2030,52,52,ES1 0 bat,0.0
mean,2030,52,53,ES1 0 bat,0.0
mean,2030,52,54,ES1 0 bat,0.0
mean,2030,52,55,ES1 0 bat,0.0
mean,2030,52,56,ES1 0 bat,0.0
mean,2030,52,57,ES1 0 bat,0.0
mean,2030,52,58,ES1 0 bat,0.0
mean,2030,52,59,ES1 0 bat,0.0
mean,2030,52,60,ES1 0 bat,0.0
mean,2030,52,61,ES1 0 bat,0.0
mean,2030,52,62,ES1 0 bat,0.0
mean,2030,52,63,ES1 0 bat,0.0
mean,2030,52,64,ES1 0 bat,0.0
mean,2030,52,65,ES1 0 bat,0.0
mean,2030,52,66,ES1 0 bat,0.0
mean,2030,52,67,ES1 0 bat,0.0
mean,2030,52,68,ES1 0 bat,0.0
mean,2030,52,69,ES1 0 bat,0.0
mean,2030,52,70,ES1 0 bat,0.0
mean,2030,52,71,ES1 0 bat,0.0
mean,2030,52,72,ES1 0 bat,0.0
mean,2030,52,73,ES1 0 bat,0.0
mean,2030,52,74,ES1 0 bat,0.0
mean,2030,52,75,ES1 0 bat,0.0
mean,2030,52,76,ES1 0 bat,0.0
mean,2030,52,77,ES1 0 bat,0.0
mean,2030,52,78,ES1 0 bat,0.0
mean,2030,52,79,ES1 0 bat,0.0
mean,2030,52,80,ES1 0 bat,0.0
mean,2030,52,81,ES1 0 bat,0.0
mean,2030,52,82,ES1 0 bat,0.0
mean,2030,52,83,ES1 0 bat,0.0
mean,2030,52,84,ES1 0 bat,0.0
mean,2030,52,85,ES1 0 bat,0.0
mean,2030,52,86,ES1 0 bat,0.0
mean,2030,52,87,ES1 0 bat,0.0
mean,2030,52,88,ES1 0 bat,0.0
mean,2030,52,89,ES1 0 bat,0.0
mean,2030,52,90,ES1 0 bat,0.0
mean,2030,52,91,ES1 0 bat,0.0
mean,2030,52,92,ES1 0 bat,0.0
mean,2030,52,93,ES1 0 bat,0.0
mean,2030,52,94,ES1 0 bat,0.0
mean,2030,52,95,ES1 0 bat,0.0
mean,2030,52,96,ES1 0 bat,0.0
mean,2030,52,97,ES1 0 bat,0.0
mean,2030,52,98,ES1 0 bat,0.0
mean,2030,52,99,ES1 0 bat,0.0
mean,2030,52,100,ES1 0 bat,0.0
mean,2030,52,101,ES1 0 bat,0.0
mean,2030,52,102,ES1 0 bat,0.0
mean,2030,52,103,ES1 0 bat,0.0
mean,2030,52,104,ES1 0 bat,0.0
mean,2030,52,105,ES1 0 bat,0.0
mean,2030,52,106,ES1 0 bat,0.0
mean,2030,52,107,ES1 0 bat,0.0
mean,2030,52,108,ES1 0 bat,0.0
mean,2030,52,109,ES1 0 bat,0.0
mean,2030,52,110,ES1 0 bat,0.0
mean,2030,52,111,ES1 0 bat,0.0
mean,2030,52,112,ES1 0 bat,-6.102503692911799e-07
mean,2030,52,113,ES1 0 bat,0.0
mean,2030,52,114,ES1 0 bat,0.0
mean,2030,52,115,ES1 0 bat,0.0
mean,2030,52,116,ES1 0 bat,0.0
mean,2030,52,117,ES1 0 bat,0.0
mean,2030,52,118,ES1 0 bat,0.0
mean,2030,52,119,ES1 0 bat,0.0
mean,2030,52,120,ES1 0 bat,0.0
mean,2030,52,121,ES1 0 bat,0.0
mean,2030,52,122,ES1 0 bat,0.0
mean,2030,52,123,ES1 0 bat,0.0
mean,2030,52,124,ES1 0 bat,0.0
mean,2030,52,125,ES1 0 bat,0.0
mean,2030,52,126,ES1 0 bat,0.0
mean,2030,52,127,ES1 0 bat,0.0
mean,2030,52,128,ES1 0 bat,0.0
mean,2030,52,129,ES1 0 bat,0.0
mean,2030,52,130,ES1 0 bat,0.0
mean,2030,52,131,ES1 0 bat,0.0
mean,2030,52,132,ES1 0 bat,0.0
mean,2030,52,133,ES1 0 bat,0.0
mean,2030,52,134,ES1 0 bat,0.0
mean,2030,52,135,ES1 0 bat,-0.003751414416696007
mean,2030,52,136,ES1 0 bat,0.0
mean,2030,52,137,ES1 0 bat,0.0
mean,2030,52,138,ES1 0 bat,0.0
mean,2030,52,139,ES1 0 bat,0.0
mean,2030,52,140,ES1 0 bat,0.0
mean,2030,52,141,ES1 0 bat,0.0
mean,2030,52,142,ES1 0 bat,0.0
mean,2030,52,143,ES1 0 bat,0.0
mean,2030,52,144,ES1 0 bat,0.0
mean,2030,52,145,ES1 0 bat,0.0
mean,2030,52,146,ES1 0 bat,0.0
mean,2030,52,147,ES1 0 bat,0.0
mean,2030,52,148,ES1 0 bat,0.0
mean,2030,52,149,ES1 0 bat,0.0
mean,2030,52,150,ES1 0 bat,0.0
mean,2030,52,151,ES1 0 bat,0.0
mean,2030,52,152,ES1 0 bat,0.0
mean,2030,52,153,ES1 0 bat,0.0
mean,2030,52,154,ES1 0 bat,0.0
mean,2030,52,155,ES1 0 bat,0.0
mean,2030,52,156,ES1 0 bat,0.0
mean,2030,52,157,ES1 0 bat,0.0
mean,2030,52,158,ES1 0 bat,0.0
mean,2030,52,159,ES1 0 bat,-0.003940193204272084
mean,2030,52,160,ES1 0 bat,-0.004118002279353889
mean,2030,52,161,ES1 0 bat,0.0
mean,2030,52,162,ES1 0 bat,0.0
mean,2030,52,163,ES1 0 bat,0.0
mean,2030,52,164,ES1 0 bat,0.0
mean,2030,52,165,ES1 0 bat,0.0
mean,2030,52,166,ES1 0 bat,0.0
mean,2030,52,167,ES1 0 bat,0.0
mean,2040,11,0,ES1 0 bat,-0.01459880000598983
mean,2040,11,1,ES1 0 bat,0.0
mean,2040,11,2,ES1 0 bat,0.0
mean,2040,11,3,ES1 0 bat,0.0
mean,2040,11,4,ES1 0 bat,0.0
mean,2040,11,5,ES1 0 bat,0.0
mean,2040,11,6,ES1 0 bat,0.0
mean,2040,11,7,ES1 0 bat,0.0
mean,2040,11,8,ES1 0 bat,0.0
mean,2040,11,9,ES1 0 bat,0.0
mean,2040,11,10,ES1 0 bat,0.0
mean,2040,11,11,ES1 0 bat,0.0
mean,2040,11,12,ES1 0 bat,0.0
mean,2040,11,13,ES1 0 bat,0.0
mean,2040,11,14,ES1 0 bat,0.0
mean,2040,11,15,ES1 0 bat,0.0
mean,2040,11,16,ES1 0 bat,0.0
mean,2040,11,17,ES1 0 bat,0.0
mean,2040,11,18,ES1 0 bat,0.0
mean,2040,11,19,ES1 0 bat,0.0
mean,2040,11,20,ES1 0 bat,0.0
mean,2040,11,21,ES1 0 bat,0.0
mean,2040,11,22,ES1 0 bat,0.0
mean,2040,11,23,ES1 0 bat,0.0
mean,2040,11,24,ES1 0 bat,0.0
mean,2040,11,25,ES1 0 bat,0.0
mean,2040,11,26,ES1 0 bat,0.0
mean,2040,11,27,ES1 0 bat,0.0
mean,2040,11,28,ES1 0 bat,0.0
mean,2040,11,29,ES1 0 bat,0.0
mean,2040,11,30,ES1 0 bat,0.0
mean,2040,11,31,ES1 0 bat,-60.579779814264256
mean,2040,11,32,ES1 0 bat,0.0
mean,2040,11,33,ES1 0 bat,0.0
mean,2040,11,34,ES1 0 bat,0.0
mean,2040,11,35,ES1 0 bat,0.0
mean,2040,11,36,ES1 0 bat,0.0
mean,2040,11,37,ES1 0 bat,0.0
mean,2040,11,38,ES1 0 bat,0.0
mean,2040,11,39,ES1 0 bat,0.0
mean,2040,11,40,ES1 0 bat,0.0
mean,2040,11,41,ES1 0 bat,0.0
mean,2040,11,42,ES1 0 bat,0.0
mean,2040,11,43,ES1 0 bat,0.0
mean,2040,11,44,ES1 0 bat,0.0
mean,2040,11,45,ES1 0 bat,0.0
mean,2040,11,46,ES1 0 bat,0.0
mean,2040,11,47,ES1 0 bat,0.0
mean,2040,11,48,ES1 0 bat,0.0
mean,2040,11,49,ES1 0 bat,0.0
mean,2040,11,50,ES1 0 bat,0.0
mean,2040,11,51,ES1 0 bat,0.0
mean,2040,11,52,ES1 0 bat,0.0
mean,2040,11,53,ES1 0 bat,0.0
mean,2040,11,54,ES1 0 bat,0.0
mean,2040,11,55,ES1 0 bat,0.0
mean,2040,11,56,ES1 0 bat,0.0
mean,2040,11,57,ES1 0 bat,0.0
mean,2040,11,58,ES1 0 bat,0.0
mean,2040,11,59,ES1 0 bat,0.0
mean,2040,11,60,ES1 0 bat,0.0
mean,2040,11,61,ES1 0 bat,0.0
mean,2040,11,62,ES1 0 bat,0.0
mean,2040,11,63,ES1 0 bat,0.0
mean,2040,11,64,ES1 0 bat,0.0
mean,2040,11,65,ES1 0 bat,0.0
mean,2040,11,66,ES1 0 bat,0.0
mean,2040,11,67,ES1 0 bat,0.0
mean,2040,11,68,ES1 0 bat,0.0
mean,2040,11,69,ES1 0 bat,0.0
mean,2040,11,70,ES1 0 bat,0.0
mean,2040,11,71,ES1 0 bat,0.0
mean,2040,11,72,ES1 0 bat,0.0
mean,2040,11,73,ES1 0 bat,0.0
mean,2040,11,74,ES1 0 bat,0.0
mean,2040,11,75,ES1 0 bat,0.0
mean,2040,11,76,ES1 0 bat,0.0
mean,2040,11,77,ES1 0 bat,0.0
mean,2040,11,78,ES1 0 bat,0.0
mean,2040,11,79,ES1 0 bat,0.0
mean,2040,11,80,ES1 0 bat,0.0
mean,2040,11,81,ES1 0 bat,0.0
mean,2040,11,82,ES1 0 bat,0.0
mean,2040,11,83,ES1 0 bat,0.0
mean,2040,11,84,ES1 0 bat,0.0
mean,2040,11,85,ES1 0 bat,0.0
mean,2040,11,86,ES1 0 bat,0.0
mean,2040,11,87,ES1 0 bat,0.0
mean,2040,11,88,ES1 0 bat,-6.085749930841593e-07
mean,2040,11,89,ES1 0 bat,0.0
mean,2040,11,90,ES1 0 bat,0.0
mean,2040,11,91,ES1 0 bat,0.0
mean,2040,11,92,ES1 0 bat,0.0
mean,2040,11,93,ES1 0 bat,0.0
mean,2040,11,94,ES1 0 bat,0.0
mean,2040,11,95,ES1 0 bat,0.0
mean,2040,11,96,ES1 0 bat,0.0
mean,2040,11,97,ES1 0 bat,0.0
mean,2040,11,98,ES1 0 bat,0.0
mean,2040,11,99,ES1 0 bat,0.0
mean,2040,11,100,ES1 0 bat,0.0
mean,2040,11,101,ES1 0 bat,0.0
mean,2040,11,102,ES1 0 bat,0.0
mean,2040,11,103,ES1 0 bat,0.0
mean,2040,11,104,ES1 0 bat,0.0
mean,2040,11,105,ES1 0 bat,0.0
mean,2040,11,106,ES1 0 bat,0.0
mean,2040,11,107,ES1 0 bat,0.0
mean,2040,11,108,ES1 0 bat,0.0
mean,2040,11,109,ES1 0 bat,0.0
mean,2040,11,110,ES1 0 bat,0.0
mean,2040,11,111,ES1 0 bat,-0.0040778125205875185
mean,2040,11,112,ES1 0 bat,0.0
mean,2040,11,113,ES1 0 bat,0.0
mean,2040,11,114,ES1 0 bat,1.7442364143590402e-14
mean,2040,11,115,ES1 0 bat,0.0
mean,2040,11,116,ES1 0 bat,0.0
mean,2040,11,117,ES1 0 bat,0.0
mean,2040,11,118,ES1 0 bat,0.0
mean,2040,11,119,ES1 0 bat,0.0
mean,2040,11,120,ES1 0 bat,0.0
mean,2040,11,121,ES1 0 bat,0.0
mean,2040,11,122,ES1 0 bat,0.0
mean,2040,11,123,ES1 0 bat,0.0
mean,2040,11,124,ES1 0 bat,0.0
mean,2040,11,125,ES1 0 bat,0.0
mean,2040,11,126,ES1 0 bat,0.0
mean,2040,11,127,ES1 0 bat,0.0
mean,2040,11,128,ES1 0 bat,0.0
mean,2040,11,129,ES1 0 bat,0.0
mean,2040,11,130,ES1 0 bat,0.0
mean,2040,11,131,ES1 0 bat,0.0
mean,2040,11,132,ES1 0 bat,0.0
mean,2040,11,133,ES1 0 bat,0.0
mean,2040,11,134,ES1 0 bat,0.0
mean,2040,11,135,ES1 0 bat,0.0
mean,2040,11,136,ES1 0 bat,0.0
mean,2040,11,137,ES1 0 bat,0.0
mean,2040,11,138,ES1 0 bat,0.0
mean,2040,11,139,ES1 0 bat,0.0
mean,2040,11,140,ES1 0 bat,0.0
mean,2040,11,141,ES1 0 bat,0.0
mean,2040,11,142,ES1 0 bat,0.0
mean,2040,11,143,ES1 0 bat,0.0
mean,2040,11,144,ES1 0 bat,0.0
mean,2040,11,145,ES1 0 bat,0.0
mean,2040,11,146,ES1 0 bat,0.0
mean,2040,11,147,ES1 0 bat,0.0
mean,2040,11,148,ES1 0 bat,0.0
mean,2040,11,149,ES1 0 bat,0.0
mean,2040,11,150,ES1 0 bat,0.0
mean,2040,11,151,ES1 0 bat,0.0
mean,2040,11,152,ES1 0 bat,0.0
mean,2040,11,153,ES1 0 bat,0.0
mean,2040,11,154,ES1 0 bat,0.0
mean,2040,11,155,ES1 0 bat,0.0
mean,2040,11,156,ES1 0 bat,0.0
mean,2040,11,157,ES1 0 bat,0.0
mean,2040,11,158,ES1 0 bat,0.0
mean,2040,11,159,ES1 0 bat,0.0
mean,2040,11,160,ES1 0 bat,0.0
mean,2040,11,161,ES1 0 bat,0.0
mean,2040,11,162,ES1 0 bat,0.0
mean,2040,11,163,ES1 0 bat,0.0
mean,2040,11,164,ES1 0 bat,0.0
mean,2040,11,165,ES1 0 bat,0.0
mean,2040,11,166,ES1 0 bat,0.0
mean,2040,11,167,ES1 0 bat,0.0
mean,2040,21,0,ES1 0 bat,-60.96951724137932
mean,2040,21,1,ES1 0 bat,0.0
mean,2040,21,2,ES1 0 bat,0.0
mean,2040,21,3,ES1 0 bat,0.0
mean,2040,21,4,ES1 0 bat,0.0
mean,2040,21,5,ES1 0 bat,0.0
mean,2040,21,6,ES1 0 bat,-0.19065714708904496
mean,2040,21,7,ES1 0 bat,0.0
mean,2040,21,8,ES1 0 bat,0.0
mean,2040,21,9,ES1 0 bat,0.0
mean,2040,21,10,ES1 0 bat,0.0
mean,2040,21,11,ES1 0 bat,0.0
mean,2040,21,12,ES1 0 bat,0.0
mean,2040,21,13,ES1 0 bat,0.0
mean,2040,21,14,ES1 0 bat,0.0
mean,2040,21,15,ES1 0 bat,0.0
mean,2040,21,16,ES1 0 bat,0.0
mean,2040,21,17,ES1 0 bat,0.0
mean,2040,21,18,ES1 0 bat,0.0
mean,2040,21,19,ES1 0 bat,0.0
mean,2040,21,20,ES1 0 bat,0.0
mean,2040,21,21,ES1 0 bat,0.0
mean,2040,21,22,ES1 0 bat,0.0
mean,2040,21,23,ES1 0 bat,0.0
mean,2040,21,24,ES1 0 bat,0.0
mean,2040,21,25,ES1 0 bat,0.0
mean,2040,21,26,ES1 0 bat,0.0
mean,2040,21,27,ES1 0 bat,0.0
mean,2040,21,28,ES1 0 bat,0.0
mean,2040,21,29,ES1 0 bat,0.0
mean,2040,21,30,ES1 0 bat,-0.5154835215726277
mean,2040,21,31,ES1 0 bat,0.0
mean,2040,21,32,ES1 0 bat,0.0
mean,2040,21,33,ES1 0 bat,0.0
mean,2040,21,34,ES1 0 bat,0.0
mean,2040,21,35,ES1 0 bat,0.0
mean,2040,21,36,ES1 0 bat,0.0
mean,2040,21,37,ES1 0 bat,0.0
mean,2040,21,38,ES1 0 bat,0.0
mean,2040,21,39,ES1 0 bat,0.0
mean,2040,21,40,ES1 0 bat,0.0
mean,2040,21,41,ES1 0 bat,0.0
mean,2040,21,42,ES1 0 bat,0.0
mean,2040,21,43,ES1 0 bat,0.0
mean,2040,21,44,ES1 0 bat,0.0
mean,2040,21,45,ES1 0 bat,0.0
mean,2040,21,46,ES1 0 bat,0.0
mean,2040,21,47,ES1 0 bat,0.0
mean,2040,21,48,ES1 0 bat,0.0
mean,2040,21,49,ES1 0 bat,0.0
mean,2040,21,50,ES1 0 bat,0.0
mean,2040,21,51,ES1 0 bat,0.0
mean,2040,21,52,ES1 0 bat,0.0
mean,2040,21,53,ES1 0 bat,0.0
mean,2040,21,54,ES1 0 bat,0.0
mean,2040,21,55,ES1 0 bat,0.0
mean,2040,21,56,ES1 0 bat,0.0
mean,2040,21,57,ES1 0 bat,0.0
mean,2040,21,58,ES1 0 bat,0.0
mean,2040,21,59,ES1 0 bat,0.0
mean,2040,21,60,ES1 0 bat,0.0
mean,2040,21,61,ES1 0 bat,0.0
mean,2040,21,62,ES1 0 bat,0.0
mean,2040,21,63,ES1 0 bat,0.0
mean,2040,21,64,ES1 0 bat,0.0
mean,2040,21,65,ES1 0 bat,0.0
mean,2040,21,66,ES1 0 bat,0.0
mean,2040,21,67,ES1 0 bat,0.0
mean,2040,21,68,ES1 0 bat,0.0
mean,2040,21,69,ES1 0 bat,0.0
mean,2040,21,70,ES1 0 bat,0.0
mean,2040,21,71,ES1 0 bat,0.0
mean,2040,21,72,ES1 0 bat,0.0
mean,2040,21,73,ES1 0 bat,0.0
mean,2040,21,74,ES1 0 bat,0.0
mean,2040,21,75,ES1 0 bat,0.0
mean,2040,21,76,ES1 0 bat,0.0
mean,2040,21,77,ES1 0 bat,0.0
mean,2040,21,78,ES1 0 bat,0.0
mean,2040,21,79,ES1 0 bat,0.0
mean,2040,21,80,ES1 0 bat,0.0
mean,2040,21,81,ES1 0 bat,0.0
mean,2040,21,82,ES1 0 bat,0.0
mean,2040,21,83,ES1 0 bat,0.0
mean,2040,21,84,ES1 0 bat,0.0
mean,2040,21,85,ES1 0 bat,0.0
mean,2040,21,86,ES1 0 bat,0.0
mean,2040,21,87,ES1 0 bat,0.0
mean,2040,21,88,ES1 0 bat,0.0
mean,2040,21,89,ES1 0 bat,0.0
mean,2040,21,90,ES1 0 bat,0.0
mean,2040,21,91,ES1 0 bat,0.0
mean,2040,21,92,ES1 0 bat,0.0
mean,2040,21,93,ES1 0 bat,0.0
mean,2040,21,94,ES1 0 bat,0.0
mean,2040,21,95,ES1 0 bat,0.0
mean,2040,21,96,ES1 0 bat,0.0
mean,2040,21,97,ES1 0 bat,0.0
mean,2040,21,98,ES1 0 bat,0.0
mean,2040,21,99,ES1 0 bat,0.0
mean,2040,21,100,ES1 0 bat,0.0
mean,2040,21,101,ES1 0 bat,-0.0025260229246706414
mean,2040,21,102,ES1 0 bat,0.0
mean,2040,21,103,ES1 0 bat,0.0
mean,2040,21,104,ES1 0 bat,0.0
mean,2040,21,105,ES1 0 bat,0.0
mean,2040,21,106,ES1 0 bat,0.0
mean,2040,21,107,ES1 0 bat,0.0
mean,2040,21,108,ES1 0 bat,0.0
mean,2040,21,109,ES1 0 bat,0.0
mean,2040,21,110,ES1 0 bat,0.0
mean,2040,21,111,ES1 0 bat,0.0
mean,2040,21,112,ES1 0 bat,0.0
mean,2040,21,113,ES1 0 bat,0.0
mean,2040,21,114,ES1 0 bat,-0.0001775469919610238
mean,2040,21,115,ES1 0 bat,0.0
mean,2040,21,116,ES1 0 bat,0.0
mean,2040,21,117,ES1 0 bat,0.0
mean,2040,21,118,ES1 0 bat,0.0
mean,2040,21,119,ES1 0 bat,0.0
mean,2040,21,120,ES1 0 bat,0.0
mean,2040,21,121,ES1 0 bat,0.0
mean,2040,21,122,ES1 0 bat,0.0
mean,2040,21,123,ES1 0 bat,0.0
mean,2040,21,124,ES1 0 bat,0.0
mean,2040,21,125,ES1 0 bat,0.0
mean,2040,21,126,ES1 0 bat,0.0
mean,2040,21,127,ES1 0 bat,0.0
mean,2040,21,128,ES1 0 bat,0.0
mean,2040,21,129,ES1 0 bat,0.0
mean,2040,21,130,ES1 0 bat,0.0
mean,2040,21,131,ES1 0 bat,0.0
mean,2040,21,132,ES1 0 bat,0.0
mean,2040,21,133,ES1 0 bat,0.0
mean,2040,21,134,ES1 0 bat,0.0
mean,2040,21,135,ES1 0 bat,0.0
mean,2040,21,136,ES1 0 bat,0.0
mean,2040,21,137,ES1 0 bat,0.0
mean,2040,21,138,ES1 0 bat,0.0
mean,2040,21,139,ES1 0 bat,0.0
mean,2040,21,140,ES1 0 bat,0.0
mean,2040,21,141,ES1 0 bat,0.0
mean,2040,21,142,ES1 0 bat,0.0
mean,2040,21,143,ES1 0 bat,0.0
mean,2040,21,144,ES1 0 bat,0.0
mean,2040,21,145,ES1 0 bat,0.0
mean,2040,21,146,ES1 0 bat,0.0
mean,2040,21,147,ES1 0 bat,0.0
mean,2040,21,148,ES1 0 bat,0.0
mean,2040,21,149,ES1 0 bat,0.0
mean,2040,21,150,ES1 0 bat,0.0
mean,2040,21,151,ES1 0 bat,0.0
mean,2040,21,152,ES1 0 bat,0.0
mean,2040,21,153,ES1 0 bat,0.0
mean,2040,21,154,ES1 0 bat,0.0
mean,2040,21,155,ES1 0 bat,0.0
mean,2040,21,156,ES1 0 bat,0.0
mean,2040,21,157,ES1 0 bat,0.0
mean,2040,21,158,ES1 0 bat,0.0
mean,2040,21,159,ES1 0 bat,0.0
mean,2040,21,160,ES1 0 bat,-6.102503692911799e-07
mean,2040,21,161,ES1 0 bat,0.0
mean,2040,21,162,ES1 0 bat,0.0
mean,2040,21,163,ES1 0 bat,0.0
mean,2040,21,164,ES1 0 bat,0.0
mean,2040,21,165,ES1 0 bat,0.0
mean,2040,21,166,ES1 0 bat,0.0
mean,2040,21,167,ES1 0 bat,0.0
mean,2040,42,0,ES1 0 bat,-61.250340216663275
mean,2040,42,1,ES1 0 bat,0.0
mean,2040,42,2,ES1 0 bat,0.0
mean,2040,42,3,ES1 0 bat,0.0
mean,2040,42,4,ES1 0 bat,0.0
mean,2040,42,5,ES1 0 bat,0.0
mean,2040,42,6,ES1 0 bat,-0.0030022323347572498
mean,2040,42,7,ES1 0 bat,0.0
mean,2040,42,8,ES1 0 bat,0.0
mean,2040,42,9,ES1 0 bat,0.0
mean,2040,42,10,ES1 0 bat,0.0
mean,2040,42,11,ES1 0 bat,0.0
mean,2040,42,12,ES1 0 bat,0.0
mean,2040,42,13,ES1 0 bat,0.0
mean,2040,42,14,ES1 0 bat,0.0
mean,2040,42,15,ES1 0 bat,0.0
mean,2040,42,16,ES1 0 bat,0.0
mean,2040,42,17,ES1 0 bat,0.0
mean,2040,42,18,ES1 0 bat,0.0
mean,2040,42,19,ES1 0 bat,0.0
mean,2040,42,20,ES1 0 bat,0.0
mean,2040,42,21,ES1 0 bat,0.0
mean,2040,42,22,ES1 0 bat,0.0
mean,2040,42,23,ES1 0 bat,0.0
mean,2040,42,24,ES1 0 bat,0.0
mean,2040,42,25,ES1 0 bat,0.0
mean,2040,42,26,ES1 0 bat,0.0
mean,2040,42,27,ES1 0 bat,0.0
mean,2040,42,28,ES1 0 bat,0.0
mean,2040,42,29,ES1 0 bat,0.0
mean,2040,42,30,ES1 0 bat,0.0
mean,2040,42,31,ES1 0 bat,0.0
mean,2040,42,32,ES1 0 bat,0.0
mean,2040,42,33,ES1 0 bat,0.0
mean,2040,42,34,ES1 0 bat,0.0
mean,2040,42,35,ES1 0 bat,0.0
mean,2040,42,36,ES1 0 bat,0.0
mean,2040,42,37,ES1 0 bat,0.0
mean,2040,42,38,ES1 0 bat,0.0
mean,2040,42,39,ES1 0 bat,0.0
mean,2040,42,40,ES1 0 bat,0.0
mean,2040,42,41,ES1 0 bat,0.0
mean,2040,42,42,ES1 0 bat,0.0
mean,2040,42,43,ES1 0 bat,0.0
mean,2040,42,44,ES1 0 bat,0.0
mean,2040,42,45,ES1 0 bat,0.0
mean,2040,42,46,ES1 0 bat,0.0
mean,2040,42,47,ES1 0 bat,0.0
mean,2040,42,48,ES1 0 bat,0.0
mean,2040,42,49,ES1 0 bat,0.0
mean,2040,42,50,ES1 0 bat,0.0
mean,2040,42,51,ES1 0 bat,0.0
mean,2040,42,52,ES1 0 bat,0.0
mean,2040,42,53,ES1 0 bat,0.0
mean,2040,42,54,ES1 0 bat,0.0
mean,2040,42,55,ES1 0 bat,0.0
mean,2040,42,56,ES1 0 bat,0.0
mean,2040,42,57,ES1 0 bat,0.0
mean,2040,42,58,ES1 0 bat,0.0
mean,2040,42,59,ES1 0 bat,0.0
mean,2040,42,60,ES1 0 bat,0.0
mean,2040,42,61,ES1 0 bat,0.0
mean,2040,42,62,ES1 0 bat,0.0
mean,2040,42,63,ES1 0 bat,0.0
mean,2040,42,64,ES1 0 bat,0.0
mean,2040,42,65,ES1 0 bat,8.721182071795201e-15
mean,2040,42,66,ES1 0 bat,0.0
mean,2040,42,67,ES1 0 bat,0.0
mean,2040,42,68,ES1 0 bat,0.0
mean,2040,42,69,ES1 0 bat,0.0
mean,2040,42,70,ES1 0 bat,0.0
mean,2040,42,71,ES1 0 bat,0.0
mean,2040,42,72,ES1 0 bat,0.0
mean,2040,42,73,ES1 0 bat,0.0
mean,2040,42,74,ES1 0 bat,0.0
mean,2040,42,75,ES1 0 bat,0.0
mean,2040,42,76,ES1 0 bat,0.0
mean,2040,42,77,ES1 0 bat,0.0
mean,2040,42,78,ES1 0 bat,0.0
mean,2040,42,79,ES1 0 bat,0.0
mean,2040,42,80,ES1 0 bat,0.0
mean,2040,42,81,ES1 0 bat,0.0
mean,2040,42,82,ES1 0 bat,0.0
mean,2040,42,83,ES1 0 bat,0.0
mean,2040,42,84,ES1 0 bat,0.0
mean,2040,42,85,ES1 0 bat,0.0
mean,2040,42,86,ES1 0 bat,0.0
mean,2040,42,87,ES1 0 bat,0.0
mean,2040,42,88,ES1 0 bat,0.0
mean,2040,42,89,ES1 0 bat,0.0
mean,2040,42,90,ES1 0 bat,-385.09157932801327
mean,2040,42,91,ES1 0 bat,0.0
mean,2040,42,92,ES1 0 bat,0.0
mean,2040,42,93,ES1 0 bat,0.0
mean,2040,42,94,ES1 0 bat,0.0
mean,2040,42,95,ES1 0 bat,0.0
mean,2040,42,96,ES1 0 bat,0.0
mean,2040,42,97,ES1 0 bat,0.0
mean,2040,42,98,ES1 0 bat,0.0
mean,2040,42,99,ES1 0 bat,0.0
mean,2040,42,100,ES1 0 bat,0.0
mean,2040,42,101,ES1 0 bat,0.0
mean,2040,42,102,ES1 0 bat,0.0
mean,2040,42,103,ES1 0 bat,0.0
mean,2040,42,104,ES1 0 bat,0.0
mean,2040,42,105,ES1 0 bat,0.0
mean,2040,42,106,ES1 0 bat,0.0
mean,2040,42,107,ES1 0 bat,0.0
mean,2040,42,108,ES1 0 bat,0.0
mean,2040,42,109,ES1 0 bat,0.0
mean,2040,42,110,ES1 0 bat,0.0
mean,2040,42,111,ES1 0 bat,0.0
mean,2040,42,112,ES1 0 bat,0.0
mean,2040,42,113,ES1 0 bat,0.0
mean,2040,42,114,ES1 0 bat,0.0
mean,2040,42,115,ES1 0 bat,0.0
mean,2040,42,116,ES1 0 bat,0.0
mean,2040,42,117,ES1 0 bat,0.0
mean,2040,42,118,ES1 0 bat,0.0
mean,2040,42,119,ES1 0 bat,0.0
mean,2040,42,120,ES1 0 bat,0.0
mean,2040,42,121,ES1 0 bat,0.0
mean,2040,42,122,ES1 0 bat,0.0
mean,2040,42,123,ES1 0 bat,0.0
mean,2040,42,124,ES1 0 bat,0.0
mean,2040,42,125,ES1 0 bat,0.0
mean,2040,42,126,ES1 0 bat,0.0
mean,2040,42,127,ES1 0 bat,0.0
mean,2040,42,128,ES1 0 bat,0.0
mean,2040,42,129,ES1 0 bat,0.0
mean,2040,42,130,ES1 0 bat,0.0
mean,2040,42,131,ES1 0 bat,0.0
mean,2040,42,132,ES1 0 bat,0.0
mean,2040,42,133,ES1 0 bat,0.0
mean,2040,42,134,ES1 0 bat,0.0
mean,2040,42,135,ES1 0 bat,0.0
mean,2040,42,136,ES1 0 bat,0.0
mean,2040,42,137,ES1 0 bat,0.0
mean,2040,42,138,ES1 0 bat,0.0
mean,2040,42,139,ES1 0 bat,0.0
mean,2040,42,140,ES1 0 bat,0.0
mean,2040,42,141,ES1 0 bat,0.0
mean,2040,42,142,ES1 0 bat,0.0
mean,2040,42,143,ES1 0 bat,0.0
mean,2040,42,144,ES1 0 bat,0.0
mean,2040,42,145,ES1 0 bat,0.0
mean,2040,42,146,ES1 0 bat,0.0
mean,2040,42,147,ES1 0 bat,0.0
mean,2040,42,148,ES1 0 bat,-0.0
mean,2040,42,149,ES1 0 bat,0.0
mean,2040,42,150,ES1 0 bat,0.0
mean,2040,42,151,ES1 0 bat,0.0
mean,2040,42,152,ES1 0 bat,0.0
mean,2040,42,153,ES1 0 bat,0.0
mean,2040,42,154,ES1 0 bat,0.0
mean,2040,42,155,ES1 0 bat,0.0
mean,2040,42,156,ES1 0 bat,0.0
mean,2040,42,157,ES1 0 bat,0.0
mean,2040,42,158,ES1 0 bat,0.0
mean,2040,42,159,ES1 0 bat,0.0
mean,2040,42,160,ES1 0 bat,0.0
mean,2040,42,161,ES1 0 bat,0.0
mean,2040,42,162,ES1 0 bat,0.0
mean,2040,42,163,ES1 0 bat,0.0
mean,2040,42,164,ES1 0 bat,0.0
mean,2040,42,165,ES1 0 bat,0.0
mean,2040,42,166,ES1 0 bat,0.0
mean,2040,42,167,ES1 0 bat,0.0
mean,2040,52,0,ES1 0 bat,-60.595495882762364
mean,2040,52,1,ES1 0 bat,0.0
mean,2040,52,2,ES1 0 bat,0.0
mean,2040,52,3,ES1 0 bat,0.0
mean,2040,52,4,ES1 0 bat,0.0
mean,2040,52,5,ES1 0 bat,0.0
mean,2040,52,6,ES1 0 bat,0.0
mean,2040,52,7,ES1 0 bat,0.0
mean,2040,52,8,ES1 0 bat,0.0
mean,2040,52,9,ES1 0 bat,0.0
mean,2040,52,10,ES1 0 bat,0.0
mean,2040,52,11,ES1 0 bat,0.0
mean,2040,52,12,ES1 0 bat,0.0
mean,2040,52,13,ES1 0 bat,0.0
mean,2040,52,14,ES1 0 bat,0.0
mean,2040,52,15,ES1 0 bat,0.0
mean,2040,52,16,ES1 0 bat,0.0
mean,2040,52,17,ES1 0 bat,0.0
mean,2040,52,18,ES1 0 bat,0.0
mean,2040,52,19,ES1 0 bat,0.0
mean,2040,52,20,ES1 0 bat,0.0
mean,2040,52,21,ES1 0 bat,0.0
mean,2040,52,22,ES1 0 bat,0.0
mean,2040,52,23,ES1 0 bat,0.0
mean,2040,52,24,ES1 0 bat,0.0
mean,2040,52,25,ES1 0 bat,0.0
mean,2040,52,26,ES1 0 bat,0.0
mean,2040,52,27,ES1 0 bat,0.0
mean,2040,52,28,ES1 0 bat,0.0
mean,2040,52,29,ES1 0 bat,0.0
mean,2040,52,30,ES1 0 bat,0.0
mean,2040,52,31,ES1 0 bat,0.0
mean,2040,52,32,ES1 0 bat,0.0
mean,2040,52,33,ES1 0 bat,0.0
mean,2040,52,34,ES1 0 bat,0.0
mean,2040,52,35,ES1 0 bat,0.0
mean,2040,52,36,ES1 0 bat,0.0
mean,2040,52,37,ES1 0 bat,0.0
mean,2040,52,38,ES1 0 bat,0.0
mean,2040,52,39,ES1 0 bat,0.0
mean,2040,52,40,ES1 0 bat,0.0
mean,2040,52,41,ES1 0 bat,0.0
mean,2040,52,42,ES1 0 bat,0.0
mean,2040,52,43,ES1 0 bat,0.0
mean,2040,52,44,ES1 0 bat,0.0
mean,2040,52,45,ES1 0 bat,0.0
mean,2040,52,46,ES1 0 bat,0.0
mean,2040,52,47,ES1 0 bat,0.0
mean,2040,52,48,ES1 0 bat,0.0
mean,2040,52,49,ES1 0 bat,0.0
mean,2040,52,50,ES1 0 bat,0.0
mean,2040,52,51,ES1 0 bat,0.0
mean,2040,52,52,ES1 0 bat,0.0
mean,2040,52,53,ES1 0 bat,0.0
mean,2040,52,54,ES1 0 bat,0.0
mean,2040,52,55,ES1 0 bat,0.0
mean,2040,52,56,ES1 0 bat,0.0
mean,2040,52,57,ES1 0 bat,0.0
mean,2040,52,58,ES1 0 bat,0.0
mean,2040,52,59,ES1 0 bat,0.0
mean,2040,52,60,ES1 0 bat,0.0
mean,2040,52,61,ES1 0 bat,0.0
mean,2040,52,62,ES1 0 bat,0.0
mean,2040,52,63,ES1 0 bat,0.0
mean,2040,52,64,ES1 0 bat,0.0
mean,2040,52,65,ES1 0 bat,0.0
mean,2040,52,66,ES1 0 bat,0.0
mean,2040,52,67,ES1 0 bat,0.0
mean,2040,52,68,ES1 0 bat,0.0
mean,2040,52,69,ES1 0 bat,0.0
mean,2040,52,70,ES1 0 bat,0.0
mean,2040,52,71,ES1 0 bat,0.0
mean,2040,52,72,ES1 0 bat,0.0
mean,2040,52,73,ES1 0 bat,0.0
mean,2040,52,74,ES1 0 bat,0.0
mean,2040,52,75,ES1 0 bat,0.0
mean,2040,52,76,ES1 0 bat,0.0
mean,2040,52,77,ES1 0 bat,0.0
mean,2040,52,78,ES1 0 bat,0.0
mean,2040,52,79,ES1 0 bat,0.0
mean,2040,52,80,ES1 0 bat,0.0
mean,2040,52,81,ES1 0 bat,0.0
mean,2040,52,82,ES1 0 bat,0.0
mean,2040,52,83,ES1 0 bat,0.0
mean,2040,52,84,ES1 0 bat,0.0
mean,2040,52,85,ES1 0 bat,0.0
mean,2040,52,86,ES1 0 bat,0.0
mean,2040,52,87,ES1 0 bat,0.0
mean,2040,52,88,ES1 0 bat,0.0
mean,2040,52,89,ES1 0 bat,0.0
mean,2040,52,90,ES1 0 bat,0.0
mean,2040,52,91,ES1 0 bat,0.0
mean,2040,52,92,ES1 0 bat,0.0
mean,2040,52,93,ES1 0 bat,0.0
mean,2040,52,94,ES1 0 bat,0.0
mean,2040,52,95,ES1 0 bat,0.0
mean,2040,52,96,ES1 0 bat,0.0
mean,2040,52,97,ES1 0 bat,0.0
mean,2040,52,98,ES1 0 bat,0.0
mean,2040,52,99,ES1 0 bat,0.0
mean,2040,52,100,ES1 0 bat,0.0
mean,2040,52,101,ES1 0 bat,0.0
mean,2040,52,102,ES1 0 bat,0.0
mean,2040,52,103,ES1 0 bat,0.0
mean,2040,52,104,ES1 0 bat,0.0
mean,2040,52,105,ES1 0 bat,0.0
mean,2040,52,106,ES1 0 bat,0.0
mean,2040,52,107,ES1 0 bat,0.0
mean,2040,52,108,ES1 0 bat,0.0
mean,2040,52,109,ES1 0 bat,0.0
mean,2040,52,110,ES1 0 bat,0.0
mean,2040,52,111,ES1 0 bat,0.0
mean,2040,52,112,ES1 0 bat,0.0
mean,2040,52,113,ES1 0 bat,0.0
mean,2040,52,114,ES1 0 bat,0.0
mean,2040,52,115,ES1 0 bat,0.0
mean,2040,52,116,ES1 0 bat,0.0
mean,2040,52,117,ES1 0 bat,0.0
mean,2040,52,118,ES1 0 bat,0.0
mean,2040,52,119,ES1 0 bat,0.0
mean,2040,52,120,ES1 0 bat,0.0
mean,2040,52,121,ES1 0 bat,0.0
mean,2040,52,122,ES1 0 bat,0.0
mean,2040,52,123,ES1 0 bat,0.0
mean,2040,52,124,ES1 0 bat,0.0
mean,2040,52,125,ES1 0 bat,0.0
mean,2040,52,126,ES1 0 bat,0.0
mean,2040,52,127,ES1 0 bat,0.0
mean,2040,52,128,ES1 0 bat,0.0
mean,2040,52,129,ES1 0 bat,0.0
mean,2040,52,130,ES1 0 bat,0.0
mean,2040,52,131,ES1 0 bat,0.0
mean,2040,52,132,ES1 0 bat,0.0
mean,2040,52,133,ES1 0 bat,0.0
mean,2040,52,134,ES1 0 bat,0.0
mean,2040,52,135,ES1 0 bat,0.0
mean,2040,52,136,ES1 0 bat,0.0
mean,2040,52,137,ES1 0 bat,0.0
mean,2040,52,138,ES1 0 bat,0.0
mean,2040,52,139,ES1 0 bat,-1.865263114703035e-05
mean,2040,52,140,ES1 0 bat,0.0
mean,2040,52,141,ES1 0 bat,0.0
mean,2040,52,142,ES1 0 bat,0.0
mean,2040,52,143,ES1 0 bat,0.0
mean,2040,52,144,ES1 0 bat,0.0
mean,2040,52,145,ES1 0 bat,0.0
mean,2040,52,146,ES1 0 bat,0.0
mean,2040,52,147,ES1 0 bat,0.0
mean,2040,52,148,ES1 0 bat,0.0
mean,2040,52,149,ES1 0 bat,0.0
mean,2040,52,150,ES1 0 bat,0.0
mean,2040,52,151,ES1 0 bat,0.0
mean,2040,52,152,ES1 0 bat,0.0
mean,2040,52,153,ES1 0 bat,0.0
mean,2040,52,154,ES1 0 bat,0.0
mean,2040,52,155,ES1 0 bat,0.0
mean,2040,52,156,ES1 0 bat,0.0
mean,2040,52,157,ES1 0 bat,0.0
mean,2040,52,158,ES1 0 bat,0.0
mean,2040,52,159,ES1 0 bat,0.0
mean,2040,52,160,ES1 0 bat,0.0
mean,2040,52,161,ES1 0 bat,0.0
mean,2040,52,162,ES1 0 bat,0.0
mean,2040,52,163,ES1 0 bat,0.0
mean,2040,52,164,ES1 0 bat,0.0
mean,2040,52,165,ES1 0 bat,0.0
mean,2040,52,166,ES1 0 bat,0.0
mean,2040,52,167,ES1 0 bat,0.0
mean,2050,11,0,ES1 0 bat,-0.014502437092393574
mean,2050,11,1,ES1 0 bat,0.0
mean,2050,11,2,ES1 0 bat,0.0
mean,2050,11,3,ES1 0 bat,0.0
mean,2050,11,4,ES1 0 bat,0.0
mean,2050,11,5,ES1 0 bat,0.0
mean,2050,11,6,ES1 0 bat,0.0
mean,2050,11,7,ES1 0 bat,0.0
mean,2050,11,8,ES1 0 bat,0.0
mean,2050,11,9,ES1 0 bat,0.0
mean,2050,11,10,ES1 0 bat,0.0
mean,2050,11,11,ES1 0 bat,0.0
mean,2050,11,12,ES1 0 bat,0.0
mean,2050,11,13,ES1 0 bat,0.0
mean,2050,11,14,ES1 0 bat,0.0
mean,2050,11,15,ES1 0 bat,0.0
mean,2050,11,16,ES1 0 bat,0.0
mean,2050,11,17,ES1 0 bat,0.0
mean,2050,11,18,ES1 0 bat,0.0
mean,2050,11,19,ES1 0 bat,0.0
mean,2050,11,20,ES1 0 bat,0.0
mean,2050,11,21,ES1 0 bat,0.0
mean,2050,11,22,ES1 0 bat,0.0
mean,2050,11,23,ES1 0 bat,0.0
mean,2050,11,24,ES1 0 bat,0.0
mean,2050,11,25,ES1 0 bat,0.0
mean,2050,11,26,ES1 0 bat,0.0
mean,2050,11,27,ES1 0 bat,0.0
mean,2050,11,28,ES1 0 bat,0.0
mean,2050,11,29,ES1 0 bat,0.0
mean,2050,11,30,ES1 0 bat,0.0
mean,2050,11,31,ES1 0 bat,-0.0
mean,2050,11,32,ES1 0 bat,0.0
mean,2050,11,33,ES1 0 bat,0.0
mean,2050,11,34,ES1 0 bat,0.0
mean,2050,11,35,ES1 0 bat,0.0
mean,2050,11,36,ES1 0 bat,0.0
mean,2050,11,37,ES1 0 bat,0.0
mean,2050,11,38,ES1 0 bat,0.0
mean,2050,11,39,ES1 0 bat,0.0
mean,2050,11,40,ES1 0 bat,0.0
mean,2050,11,41,ES1 0 bat,0.0
mean,2050,11,42,ES1 0 bat,0.0
mean,2050,11,43,ES1 0 bat,0.0
mean,2050,11,44,ES1 0 bat,0.0
mean,2050,11,45,ES1 0 bat,0.0
mean,2050,11,46,ES1 0 bat,0.0
mean,2050,11,47,ES1 0 bat,0.0
mean,2050,11,48,ES1 0 bat,0.0
mean,2050,11,49,ES1 0 bat,0.0
mean,2050,11,50,ES1 0 bat,0.0
mean,2050,11,51,ES1 0 bat,0.0
mean,2050,11,52,ES1 0 bat,0.0
mean,2050,11,53,ES1 0 bat,0.0
mean,2050,11,54,ES1 0 bat,0.0
mean,2050,11,55,ES1 0 bat,0.0
mean,2050,11,56,ES1 0 bat,0.0
mean,2050,11,57,ES1 0 bat,0.0
mean,2050,11,58,ES1 0 bat,0.0
mean,2050,11,59,ES1 0 bat,0.0
mean,2050,11,60,ES1 0 bat,0.0
mean,2050,11,61,ES1 0 bat,0.0
mean,2050,11,62,ES1 0 bat,0.0
mean,2050,11,63,ES1 0 bat,0.0
mean,2050,11,64,ES1 0 bat,0.0
mean,2050,11,65,ES1 0 bat,0.0
mean,2050,11,66,ES1 0 bat,0.0
mean,2050,11,67,ES1 0 bat,0.0
mean,2050,11,68,ES1 0 bat,0.0
mean,2050,11,69,ES1 0 bat,0.0
mean,2050,11,70,ES1 0 bat,0.0
mean,2050,11,71,ES1 0 bat,0.0
mean,2050,11,72,ES1 0 bat,0.0
mean,2050,11,73,ES1 0 bat,0.0
mean,2050,11,74,ES1 0 bat,0.0
mean,2050,11,75,ES1 0 bat,0.0
mean,2050,11,76,ES1 0 bat,0.0
mean,2050,11,77,ES1 0 bat,0.0
mean,2050,11,78,ES1 0 bat,0.0
mean,2050,11,79,ES1 0 bat,0.0
mean,2050,11,80,ES1 0 bat,0.0
mean,2050,11,81,ES1 0 bat,0.0
mean,2050,11,82,ES1 0 bat,0.0
mean,2050,11,83,ES1 0 bat,0.0
mean,2050,11,84,ES1 0 bat,0.0
mean,2050,11,85,ES1 0 bat,0.0
mean,2050,11,86,ES1 0 bat,0.0
mean,2050,11,87,ES1 0 bat,0.0
mean,2050,11,88,ES1 0 bat,0.0
mean,2050,11,89,ES1 0 bat,0.0
mean,2050,11,90,ES1 0 bat,0.0
mean,2050,11,91,ES1 0 bat,0.0
mean,2050,11,92,ES1 0 bat,0.0
mean,2050,11,93,ES1 0 bat,0.0
mean,2050,11,94,ES1 0 bat,0.0
mean,2050,11,95,ES1 0 bat,0.0
mean,2050,11,96,ES1 0 bat,0.0
mean,2050,11,97,ES1 0 bat,0.0
mean,2050,11,98,ES1 0 bat,0.0
mean,2050,11,99,ES1 0 bat,0.0
mean,2050,11,100,ES1 0 bat,0.0
mean,2050,11,101,ES1 0 bat,0.0
mean,2050,11,102,ES1 0 bat,0.0
mean,2050,11,103,ES1 0 bat,0.0
mean,2050,11,104,ES1 0 bat,0.0
mean,2050,11,105,ES1 0 bat,0.0
mean,2050,11,106,ES1 0 bat,0.0
mean,2050,11,107,ES1 0 bat,0.0
mean,2050,11,108,ES1 0 bat,0.0
mean,2050,11,109,ES1 0 bat,0.0
mean,2050,11,110,ES1 0 bat,0.0
mean,2050,11,111,ES1 0 bat,0.0
mean,2050,11,112,ES1 0 bat,0.0
mean,2050,11,113,ES1 0 bat,0.0
mean,2050,11,114,ES1 0 bat,0.0
mean,2050,11,115,ES1 0 bat,0.0
mean,2050,11,116,ES1 0 bat,0.0
mean,2050,11,117,ES1 0 bat,0.0
mean,2050,11,118,ES1 0 bat,0.0
mean,2050,11,119,ES1 0 bat,0.0
mean,2050,11,120,ES1 0 bat,0.0
mean,2050,11,121,ES1 0 bat,0.0
mean,2050,11,122,ES1 0 bat,0.0
mean,2050,11,123,ES1 0 bat,0.0
mean,2050,11,124,ES1 0 bat,0.0
mean,2050,11,125,ES1 0 bat,0.0
mean,2050,11,126,ES1 0 bat,0.0
mean,2050,11,127,ES1 0 bat,0.0
mean,2050,11,128,ES1 0 bat,0.0
mean,2050,11,129,ES1 0 bat,0.0
mean,2050,11,130,ES1 0 bat,0.0
mean,2050,11,131,ES1 0 bat,0.0
mean,2050,11,132,ES1 0 bat,0.0
mean,2050,11,133,ES1 0 bat,0.0
mean,2050,11,134,ES1 0 bat,0.0
mean,2050,11,135,ES1 0 bat,0.0
mean,2050,11,136,ES1 0 bat,0.0
mean,2050,11,137,ES1 0 bat,0.0
mean,2050,11,138,ES1 0 bat,0.0
mean,2050,11,139,ES1 0 bat,0.0
mean,2050,11,140,ES1 0 bat,0.0
mean,2050,11,141,ES1 0 bat,0.0
mean,2050,11,142,ES1 0 bat,0.0
mean,2050,11,143,ES1 0 bat,0.0
mean,2050,11,144,ES1 0 bat,0.0
mean,2050,11,145,ES1 0 bat,0.0
mean,2050,11,146,ES1 0 bat,0.0
mean,2050,11,147,ES1 0 bat,0.0
mean,2050,11,148,ES1 0 bat,0.0
mean,2050,11,149,ES1 0 bat,0.0
mean,2050,11,150,ES1 0 bat,0.0
mean,2050,11,151,ES1 0 bat,0.0
mean,2050,11,152,ES1 0 bat,0.0
mean,2050,11,153,ES1 0 bat,0.0
mean,2050,11,154,ES1 0 bat,0.0
mean,2050,11,155,ES1 0 bat,0.0
mean,2050,11,156,ES1 0 bat,0.0
mean,2050,11,157,ES1 0 bat,0.0
mean,2050,11,158,ES1 0 bat,0.0
mean,2050,11,159,ES1 0 bat,0.0
mean,2050,11,160,ES1 0 bat,0.0
mean,2050,11,161,ES1 0 bat,0.0
mean,2050,11,162,ES1 0 bat,0.0
mean,2050,11,163,ES1 0 bat,0.0
mean,2050,11,164,ES1 0 bat,0.0
mean,2050,11,165,ES1 0 bat,0.0
mean,2050,11,166,ES1 0 bat,0.0
mean,2050,11,167,ES1 0 bat,0.0
mean,2050,21,0,ES1 0 bat,-60.96951724137932
mean,2050,21,1,ES1 0 bat,0.0
mean,2050,21,2,ES1 0 bat,0.0
mean,2050,21,3,ES1 0 bat,0.0
mean,2050,21,4,ES1 0 bat,0.0
mean,2050,21,5,ES1 0 bat,0.0
mean,2050,21,6,ES1 0 bat,0.0
mean,2050,21,7,ES1 0 bat,0.0
mean,2050,21,8,ES1 0 bat,0.0
mean,2050,21,9,ES1 0 bat,0.0
mean,2050,21,10,ES1 0 bat,0.0
mean,2050,21,11,ES1 0 bat,0.0
mean,2050,21,12,ES1 0 bat,0.0
mean,2050,21,13,ES1 0 bat,0.0
mean,2050,21,14,ES1 0 bat,0.0
mean,2050,21,15,ES1 0 bat,0.0
mean,2050,21,16,ES1 0 bat,0.0
mean,2050,21,17,ES1 0 bat,0.0
mean,2050,21,18,ES1 0 bat,0.0
mean,2050,21,19,ES1 0 bat,0.0
mean,2050,21,20,ES1 0 bat,0.0
mean,2050,21,21,ES1 0 bat,0.0
mean,2050,21,22,ES1 0 bat,0.0
mean,2050,21,23,ES1 0 bat,0.0
mean,2050,21,24,ES1 0 bat,0.0
mean,2050,21,25,ES1 0 bat,0.0
mean,2050,21,26,ES1 0 bat,0.0
mean,2050,21,27,ES1 0 bat,0.0
mean,2050,21,28,ES1 0 bat,0.0
mean,2050,21,29,ES1 0 bat,0.0
mean,2050,21,30,ES1 0 bat,0.0
mean,2050,21,31,ES1 0 bat,0.0
mean,2050,21,32,ES1 0 bat,0.0
mean,2050,21,33,ES1 0 bat,0.0
mean,2050,21,34,ES1 0 bat,0.0
mean,2050,21,35,ES1 0 bat,0.0
mean,2050,21,36,ES1 0 bat,0.0
mean,2050,21,37,ES1 0 bat,0.0
mean,2050,21,38,ES1 0 bat,0.0
mean,2050,21,39,ES1 0 bat,0.0
mean,2050,21,40,ES1 0 bat,0.0
mean,2050,21,41,ES1 0 bat,0.0
mean,2050,21,42,ES1 0 bat,0.0
mean,2050,21,43,ES1 0 bat,0.0
mean,2050,21,44,ES1 0 bat,0.0
mean,2050,21,45,ES1 0 bat,0.0
mean,2050,21,46,ES1 0 bat,0.0
mean,2050,21,47,ES1 0 bat,0.0
mean,2050,21,48,ES1 0 bat,0.0
mean,2050,21,49,ES1 0 bat,0.0
mean,2050,21,50,ES1 0 bat,0.0
mean,2050,21,51,ES1 0 bat,0.0
mean,2050,21,52,ES1 0 bat,0.0
mean,2050,21,53,ES1 0 bat,0.0
mean,2050,21,54,ES1 0 bat,0.0
mean,2050,21,55,ES1 0 bat,0.0
mean,2050,21,56,ES1 0 bat,0.0
mean,2050,21,57,ES1 0 bat,0.0
mean,2050,21,58,ES1 0 bat,0.0
mean,2050,21,59,ES1 0 bat,0.0
mean,2050,21,60,ES1 0 bat,0.0
mean,2050,21,61,ES1 0 bat,0.0
mean,2050,21,62,ES1 0 bat,0.0
mean,2050,21,63,ES1 0 bat,0.0
mean,2050,21,64,ES1 0 bat,0.0
mean,2050,21,65,ES1 0 bat,0.0
mean,2050,21,66,ES1 0 bat,0.0
mean,2050,21,67,ES1 0 bat,0.0
mean,2050,21,68,ES1 0 bat,0.0
mean,2050,21,69,ES1 0 bat,0.0
mean,2050,21,70,ES1 0 bat,0.0
mean,2050,21,71,ES1 0 bat,0.0
mean,2050,21,72,ES1 0 bat,0.0
mean,2050,21,73,ES1 0 bat,0.0
mean,2050,21,74,ES1 0 bat,0.0
mean,2050,21,75,ES1 0 bat,0.0
mean,2050,21,76,ES1 0 bat,0.0
mean,2050,21,77,ES1 0 bat,0.0
mean,2050,21,78,ES1 0 bat,0.0
mean,2050,21,79,ES1 0 bat,0.0
mean,2050,21,80,ES1 0 bat,0.0
mean,2050,21,81,ES1 0 bat,0.0
mean,2050,21,82,ES1 0 bat,0.0
mean,2050,21,83,ES1 0 bat,0.0
mean,2050,21,84,ES1 0 bat,0.0
mean,2050,21,85,ES1 0 bat,0.0
mean,2050,21,86,ES1 0 bat,0.0
mean,2050,21,87,ES1 0 bat,0.0
mean,2050,21,88,ES1 0 bat,0.0
mean,2050,21,89,ES1 0 bat,0.0
mean,2050,21,90,ES1 0 bat,0.0
mean,2050,21,91,ES1 0 bat,0.0
mean,2050,21,92,ES1 0 bat,0.0
mean,2050,21,93,ES1 0 bat,0.0
mean,2050,21,94,ES1 0 bat,0.0
mean,2050,21,95,ES1 0 bat,0.0
mean,2050,21,96,ES1 0 bat,0.0
mean,2050,21,97,ES1 0 bat,0.0
mean,2050,21,98,ES1 0 bat,0.0
mean,2050,21,99,ES1 0 bat,0.0
mean,2050,21,100,ES1 0 bat,0.0
mean,2050,21,101,ES1 0 bat,0.0
mean,2050,21,102,ES1 0 bat,0.0
mean,2050,21,103,ES1 0 bat,0.0
mean,2050,21,104,ES1 0 bat,0.0
mean,2050,21,105,ES1 0 bat,0.0
mean,2050,21,106,ES1 0 bat,0.0
mean,2050,21,107,ES1 0 bat,0.0
mean,2050,21,108,ES1 0 bat,0.0
mean,2050,21,109,ES1 0 bat,0.0
mean,2050,21,110,ES1 0 bat,0.0
mean,2050,21,111,ES1 0 bat,0.0
mean,2050,21,112,ES1 0 bat,0.0
mean,2050,21,113,ES1 0 bat,0.0
mean,2050,21,114,ES1 0 bat,0.0
mean,2050,21,115,ES1 0 bat,0.0
mean,2050,21,116,ES1 0 bat,0.0
mean,2050,21,117,ES1 0 bat,0.0
mean,2050,21,118,ES1 0 bat,0.0
mean,2050,21,119,ES1 0 bat,0.0
mean,2050,21,120,ES1 0 bat,0.0
mean,2050,21,121,ES1 0 bat,0.0
mean,2050,21,122,ES1 0 bat,0.0
mean,2050,21,123,ES1 0 bat,0.0
mean,2050,21,124,ES1 0 bat,0.0
mean,2050,21,125,ES1 0 bat,0.0
mean,2050,21,126,ES1 0 bat,0.0
mean,2050,21,127,ES1 0 bat,0.0
mean,2050,21,128,ES1 0 bat,0.0
mean,2050,21,129,ES1 0 bat,0.0
mean,2050,21,130,ES1 0 bat,0.0
mean,2050,21,131,ES1 0 bat,0.0
mean,2050,21,132,ES1 0 bat,0.0
mean,2050,21,133,ES1 0 bat,0.0
mean,2050,21,134,ES1 0 bat,0.0
mean,2050,21,135,ES1 0 bat,0.0
mean,2050,21,136,ES1 0 bat,-6.085749930841593e-07
mean,2050,21,137,ES1 0 bat,0.0
mean,2050,21,138,ES1 0 bat,0.0
mean,2050,21,139,ES1 0 bat,0.0
mean,2050,21,140,ES1 0 bat,0.0
mean,2050,21,141,ES1 0 bat,0.0
mean,2050,21,142,ES1 0 bat,0.0
mean,2050,21,143,ES1 0 bat,0.0
mean,2050,21,144,ES1 0 bat,0.0
mean,2050,21,145,ES1 0 bat,0.0
mean,2050,21,146,ES1 0 bat,0.0
mean,2050,21,147,ES1 0 bat,0.0
mean,2050,21,148,ES1 0 bat,0.0
mean,2050,21,149,ES1 0 bat,0.0
mean,2050,21,150,ES1 0 bat,0.0
mean,2050,21,151,ES1 0 bat,0.0
mean,2050,21,152,ES1 0 bat,0.0
mean,2050,21,153,ES1 0 bat,0.0
mean,2050,21,154,ES1 0 bat,0.0
mean,2050,21,155,ES1 0 bat,0.0
mean,2050,21,156,ES1 0 bat,0.0
mean,2050,21,157,ES1 0 bat,0.0
mean,2050,21,158,ES1 0 bat,-0.0035389084397350677
mean,2050,21,159,ES1 0 bat,0.0
mean,2050,21,160,ES1 0 bat,0.0
mean,2050,21,161,ES1 0 bat,0.0
mean,2050,21,162,ES1 0 bat,0.0
mean,2050,21,163,ES1 0 bat,0.0
mean,2050,21,164,ES1 0 bat,0.0
mean,2050,21,165,ES1 0 bat,0.0
mean,2050,21,166,ES1 0 bat,0.0
mean,2050,21,167,ES1 0 bat,0.0
mean,2050,42,0,ES1 0 bat,-60.96951724137932
mean,2050,42,1,ES1 0 bat,0.0
mean,2050,42,2,ES1 0 bat,0.0
mean,2050,42,3,ES1 0 bat,0.0
mean,2050,42,4,ES1 0 bat,0.0
mean,2050,42,5,ES1 0 bat,0.0
mean,2050,42,6,ES1 0 bat,0.0
mean,2050,42,7,ES1 0 bat,0.0
mean,2050,42,8,ES1 0 bat,0.0
mean,2050,42,9,ES1 0 bat,0.0
mean,2050,42,10,ES1 0 bat,0.0
mean,2050,42,11,ES1 0 bat,0.0
mean,2050,42,12,ES1 0 bat,0.0
mean,2050,42,13,ES1 0 bat,0.0
mean,2050,42,14,ES1 0 bat,0.0
mean,2050,42,15,ES1 0 bat,0.0
mean,2050,42,16,ES1 0 bat,0.0
mean,2050,42,17,ES1 0 bat,-0.0027899646155051475
mean,2050,42,18,ES1 0 bat,0.0
mean,2050,42,19,ES1 0 bat,0.0
mean,2050,42,20,ES1 0 bat,0.0
mean,2050,42,21,ES1 0 bat,0.0
mean,2050,42,22,ES1 0 bat,0.0
mean,2050,42,23,ES1 0 bat,0.0
mean,2050,42,24,ES1 0 bat,0.0
mean,2050,42,25,ES1 0 bat,0.0
mean,2050,42,26,ES1 0 bat,0.0
mean,2050,42,27,ES1 0 bat,0.0
mean,2050,42,28,ES1 0 bat,0.0
mean,2050,42,29,ES1 0 bat,0.0
mean,2050,42,30,ES1 0 bat,0.0
mean,2050,42,31,ES1 0 bat,0.0
mean,2050,42,32,ES1 0 bat,0.0
mean,2050,42,33,ES1 0 bat,0.0
mean,2050,42,34,ES1 0 bat,0.0
mean,2050,42,35,ES1 0 bat,0.0
mean,2050,42,36,ES1 0 bat,0.0
mean,2050,42,37,ES1 0 bat,0.0
mean,2050,42,38,ES1 0 bat,0.0
mean,2050,42,39,ES1 0 bat,0.0
mean,2050,42,40,ES1 0 bat,0.0
mean,2050,42,41,ES1 0 bat,0.0
mean,2050,42,42,ES1 0 bat,0.0
mean,2050,42,43,ES1 0 bat,0.0
mean,2050,42,44,ES1 0 bat,0.0
mean,2050,42,45,ES1 0 bat,0.0
mean,2050,42,46,ES1 0 bat,0.0
mean,2050,42,47,ES1 0 bat,0.0
mean,2050,42,48,ES1 0 bat,0.0
mean,2050,42,49,ES1 0 bat,0.0
mean,2050,42,50,ES1 0 bat,0.0
mean,2050,42,51,ES1 0 bat,0.0
mean,2050,42,52,ES1 0 bat,0.0
mean,2050,42,53,ES1 0 bat,0.0
mean,2050,42,54,ES1 0 bat,0.0
mean,2050,42,55,ES1 0 bat,0.0
mean,2050,42,56,ES1 0 bat,0.0
mean,2050,42,57,ES1 0 bat,0.0
mean,2050,42,58,ES1 0 bat,0.0
mean,2050,42,59,ES1 0 bat,0.0
mean,2050,42,60,ES1 0 bat,0.0
mean,2050,42,61,ES1 0 bat,0.0
mean,2050,42,62,ES1 0 bat,0.0
mean,2050,42,63,ES1 0 bat,0.0
mean,2050,42,64,ES1 0 bat,0.0
mean,2050,42,65,ES1 0 bat,2.6163546215385607e-14
mean,2050,42,66,ES1 0 bat,0.0
mean,2050,42,67,ES1 0 bat,0.0
mean,2050,42,68,ES1 0 bat,0.0
mean,2050,42,69,ES1 0 bat,0.0
mean,2050,42,70,ES1 0 bat,0.0
mean,2050,42,71,ES1 0 bat,0.0
mean,2050,42,72,ES1 0 bat,0.0
mean,2050,42,73,ES1 0 bat,0.0
mean,2050,42,74,ES1 0 bat,0.0
mean,2050,42,75,ES1 0 bat,0.0
mean,2050,42,76,ES1 0 bat,0.0
mean,2050,42,77,ES1 0 bat,0.0
mean,2050,42,78,ES1 0 bat,0.0
mean,2050,42,79,ES1 0 bat,0.0
mean,2050,42,80,ES1 0 bat,0.0
mean,2050,42,81,ES1 0 bat,0.0
mean,2050,42,82,ES1 0 bat,0.0
mean,2050,42,83,ES1 0 bat,0.0
mean,2050,42,84,ES1 0 bat,0.0
mean,2050,42,85,ES1 0 bat,0.0
mean,2050,42,86,ES1 0 bat,0.0
mean,2050,42,87,ES1 0 bat,0.0
mean,2050,42,88,ES1 0 bat,0.0
mean,2050,42,89,ES1 0 bat,0.0
mean,2050,42,90,ES1 0 bat,0.0
mean,2050,42,91,ES1 0 bat,0.0
mean,2050,42,92,ES1 0 bat,0.0
mean,2050,42,93,ES1 0 bat,0.0
mean,2050,42,94,ES1 0 bat,0.0
mean,2050,42,95,ES1 0 bat,0.0
mean,2050,42,96,ES1 0 bat,0.0
mean,2050,42,97,ES1 0 bat,0.0
mean,2050,42,98,ES1 0 bat,0.0
mean,2050,42,99,ES1 0 bat,0.0
mean,2050,42,100,ES1 0 bat,0.0
mean,2050,42,101,ES1 0 bat,0.0
mean,2050,42,102,ES1 0 bat,0.0
mean,2050,42,103,ES1 0 bat,0.0
mean,2050,42,104,ES1 0 bat,0.0
mean,2050,42,105,ES1 0 bat,0.0
mean,2050,42,106,ES1 0 bat,0.0
mean,2050,42,107,ES1 0 bat,0.0
mean,2050,42,108,ES1 0 bat,0.0
mean,2050,42,109,ES1 0 bat,0.0
mean,2050,42,110,ES1 0 bat,0.0
mean,2050,42,111,ES1 0 bat,0.0
mean,2050,42,112,ES1 0 bat,0.0
mean,2050,42,113,ES1 0 bat,0.0
mean,2050,42,114,ES1 0 bat,0.0
mean,2050,42,115,ES1 0 bat,0.0
mean,2050,42,116,ES1 0 bat,0.0
mean,2050,42,117,ES1 0 bat,0.0
mean,2050,42,118,ES1 0 bat,0.0
mean,2050,42,119,ES1 0 bat,0.0
mean,2050,42,120,ES1 0 bat,0.0
mean,2050,42,121,ES1 0 bat,0.0
mean,2050,42,122,ES1 0 bat,0.0
mean,2050,42,123,ES1 0 bat,0.0
mean,2050,42,124,ES1 0 bat,0.0
mean,2050,42,125,ES1 0 bat,0.0
mean,2050,42,126,ES1 0 bat,0.0
mean,2050,42,127,ES1 0 bat,0.0
mean,2050,42,128,ES1 0 bat,0.0
mean,2050,42,129,ES1 0 bat,0.0
mean,2050,42,130,ES1 0 bat,0.0
mean,2050,42,131,ES1 0 bat,0.0
mean,2050,42,132,ES1 0 bat,0.0
mean,2050,42,133,ES1 0 bat,0.0
mean,2050,42,134,ES1 0 bat,0.0
mean,2050,42,135,ES1 0 bat,0.0
mean,2050,42,136,ES1 0 bat,0.0
mean,2050,42,137,ES1 0 bat,0.0
mean,2050,42,138,ES1 0 bat,0.0
mean,2050,42,139,ES1 0 bat,0.0
mean,2050,42,140,ES1 0 bat,0.0
mean,2050,42,141,ES1 0 bat,0.0
mean,2050,42,142,ES1 0 bat,0.0
mean,2050,42,143,ES1 0 bat,0.0
mean,2050,42,144,ES1 0 bat,0.0
mean,2050,42,145,ES1 0 bat,0.0
mean,2050,42,146,ES1 0 bat,0.0
mean,2050,42,147,ES1 0 bat,0.0
mean,2050,42,148,ES1 0 bat,0.0
mean,2050,42,149,ES1 0 bat,0.0
mean,2050,42,150,ES1 0 bat,0.0
mean,2050,42,151,ES1 0 bat,0.0
mean,2050,42,152,ES1 0 bat,0.0
mean,2050,42,153,ES1 0 bat,0.0
mean,2050,42,154,ES1 0 bat,0.0
mean,2050,42,155,ES1 0 bat,0.0
mean,2050,42,156,ES1 0 bat,0.0
mean,2050,42,157,ES1 0 bat,0.0
mean,2050,42,158,ES1 0 bat,0.0
mean,2050,42,159,ES1 0 bat,0.0
mean,2050,42,160,ES1 0 bat,0.0
mean,2050,42,161,ES1 0 bat,0.0
mean,2050,42,162,ES1 0 bat,0.0
mean,2050,42,163,ES1 0 bat,0.0
mean,2050,42,164,ES1 0 bat,0.0
mean,2050,42,165,ES1 0 bat,0.0
mean,2050,42,166,ES1 0 bat,0.0
mean,2050,42,167,ES1 0 bat,0.0
mean,2050,52,0,ES1 0 bat,-60.16474249643028
mean,2050,52,1,ES1 0 bat,0.0
mean,2050,52,2,ES1 0 bat,0.0
mean,2050,52,3,ES1 0 bat,0.0
mean,2050,52,4,ES1 0 bat,0.0
mean,2050,52,5,ES1 0 bat,0.0
mean,2050,52,6,ES1 0 bat,0.0
mean,2050,52,7,ES1 0 bat,0.0
mean,2050,52,8,ES1 0 bat,0.0
mean,2050,52,9,ES1 0 bat,0.0
mean,2050,52,10,ES1 0 bat,0.0
mean,2050,52,11,ES1 0 bat,0.0
mean,2050,52,12,ES1 0 bat,0.0
mean,2050,52,13,ES1 0 bat,0.0
mean,2050,52,14,ES1 0 bat,0.0
mean,2050,52,15,ES1 0 bat,0.0
mean,2050,52,16,ES1 0 bat,0.0
mean,2050,52,17,ES1 0 bat,0.0
mean,2050,52,18,ES1 0 bat,0.0
mean,2050,52,19,ES1 0 bat,0.0
mean,2050,52,20,ES1 0 bat,0.0
mean,2050,52,21,ES1 0 bat,0.0
mean,2050,52,22,ES1 0 bat,0.0
mean,2050,52,23,ES1 0 bat,0.0
mean,2050,52,24,ES1 0 bat,0.0
mean,2050,52,25,ES1 0 bat,0.0
mean,2050,52,26,ES1 0 bat,0.0
mean,2050,52,27,ES1 0 bat,0.0
mean,2050,52,28,ES1 0 bat,0.0
mean,2050,52,29,ES1 0 bat,0.0
mean,2050,52,30,ES1 0 bat,0.0
mean,2050,52,31,ES1 0 bat,0.0
mean,2050,52,32,ES1 0 bat,0.0
mean,2050,52,33,ES1 0 bat,0.0
mean,2050,52,34,ES1 0 bat,0.0
mean,2050,52,35,ES1 0 bat,0.0
mean,2050,52,36,ES1 0 bat,0.0
mean,2050,52,37,ES1 0 bat,0.0
mean,2050,52,38,ES1 0 bat,0.0
mean,2050,52,39,ES1 0 bat,0.0
mean,2050,52,40,ES1 0 bat,0.0
mean,2050,52,41,ES1 0 bat,0.0
mean,2050,52,42,ES1 0 bat,0.0
mean,2050,52,43,ES1 0 bat,0.0
mean,2050,52,44,ES1 0 bat,0.0
mean,2050,52,45,ES1 0 bat,0.0
mean,2050,52,46,ES1 0 bat,0.0
mean,2050,52,47,ES1 0 bat,0.0
mean,2050,52,48,ES1 0 bat,0.0
mean,2050,52,49,ES1 0 bat,0.0
mean,2050,52,50,ES1 0 bat,0.0
mean,2050,52,51,ES1 0 bat,0.0
mean,2050,52,52,ES1 0 bat,0.0
mean,2050,52,53,ES1 0 bat,0.0
mean,2050,52,54,ES1 0 bat,0.0
mean,2050,52,55,ES1 0 bat,0.0
mean,2050,52,56,ES1 0 bat,0.0
mean,2050,52,57,ES1 0 bat,0.0
mean,2050,52,58,ES1 0 bat,0.0
mean,2050,52,59,ES1 0 bat,0.0
mean,2050,52,60,ES1 0 bat,0.0
mean,2050,52,61,ES1 0 bat,0.0
mean,2050,52,62,ES1 0 bat,0.0
mean,2050,52,63,ES1 0 bat,0.0
mean,2050,52,64,ES1 0 bat,0.0
mean,2050,52,65,ES1 0 bat,0.0
mean,2050,52,66,ES1 0 bat,0.0
mean,2050,52,67,ES1 0 bat,0.0
mean,2050,52,68,ES1 0 bat,0.0
mean,2050,52,69,ES1 0 bat,0.0
mean,2050,52,70,ES1 0 bat,0.0
mean,2050,52,71,ES1 0 bat,0.0
mean,2050,52,72,ES1 0 bat,0.0
mean,2050,52,73,ES1 0 bat,0.0
mean,2050,52,74,ES1 0 bat,0.0
mean,2050,52,75,ES1 0 bat,0.0
mean,2050,52,76,ES1 0 bat,0.0
mean,2050,52,77,ES1 0 bat,0.0
mean,2050,52,78,ES1 0 bat,0.0
mean,2050,52,79,ES1 0 bat,0.0
mean,2050,52,80,ES1 0 bat,0.0
mean,2050,52,81,ES1 0 bat,0.0
mean,2050,52,82,ES1 0 bat,0.0
mean,2050,52,83,ES1 0 bat,0.0
mean,2050,52,84,ES1 0 bat,0.0
mean,2050,52,85,ES1 0 bat,0.0
mean,2050,52,86,ES1 0 bat,0.0
mean,2050,52,87,ES1 0 bat,0.0
mean,2050,52,88,ES1 0 bat,0.0
mean,2050,52,89,ES1 0 bat,0.0
mean,2050,52,90,ES1 0 bat,0.0
mean,2050,52,91,ES1 0 bat,0.0
mean,2050,52,92,ES1 0 bat,0.0
mean,2050,52,93,ES1 0 bat,0.0
mean,2050,52,94,ES1 0 bat,0.0
mean,2050,52,95,ES1 0 bat,0.0
mean,2050,52,96,ES1 0 bat,0.0
mean,2050,52,97,ES1 0 bat,0.0
mean,2050,52,98,ES1 0 bat,0.0
mean,2050,52,99,ES1 0 bat,0.0
mean,2050,52,100,ES1 0 bat,0.0
mean,2050,52,101,ES1 0 bat,0.0
mean,2050,52,102,ES1 0 bat,0.0
mean,2050,52,103,ES1 0 bat,0.0
mean,2050,52,104,ES1 0 bat,0.0
mean,2050,52,105,ES1 0 bat,0.0
mean,2050,52,106,ES1 0 bat,0.0
mean,2050,52,107,ES1 0 bat,0.0
mean,2050,52,108,ES1 0 bat,0.0
mean,2050,52,109,ES1 0 bat,0.0
mean,2050,52,110,ES1 0 bat,0.0
mean,2050,52,111,ES1 0 bat,0.0
mean,2050,52,112,ES1 0 bat,0.0
mean,2050,52,113,ES1 0 bat,0.0
mean,2050,52,114,ES1 0 bat,0.0
mean,2050,52,115,ES1 0 bat,0.0
mean,2050,52,116,ES1 0 bat,0.0
mean,2050,52,117,ES1 0 bat,0.0
mean,2050,52,118,ES1 0 bat,0.0
mean,2050,52,119,ES1 0 bat,0.0
mean,2050,52,120,ES1 0 bat,0.0
mean,2050,52,121,ES1 0 bat,0.0
mean,2050,52,122,ES1 0 bat,0.0
mean,2050,52,123,ES1 0 bat,0.0
mean,2050,52,124,ES1 0 bat,0.0
mean,2050,52,125,ES1 0 bat,0.0
mean,2050,52,126,ES1 0 bat,0.0
mean,2050,52,127,ES1 0 bat,0.0
mean,2050,52,128,ES1 0 bat,0.0
mean,2050,52,129,ES1 0 bat,0.0
mean,2050,52,130,ES1 0 bat,0.0
mean,2050,52,131,ES1 0 bat,0.0
mean,2050,52,132,ES1 0 bat,0.0
mean,2050,52,133,ES1 0 bat,0.0
mean,2050,52,134,ES1 0 bat,0.0
mean,2050,52,135,ES1 0 bat,0.0
mean,2050,52,136,ES1 0 bat,0.0
mean,2050,52,137,ES1 0 bat,0.0
mean,2050,52,138,ES1 0 bat,0.0
mean,2050,52,139,ES1 0 bat,0.0
mean,2050,52,140,ES1 0 bat,0.0
mean,2050,52,141,ES1 0 bat,0.0
mean,2050,52,142,ES1 0 bat,0.0
mean,2050,52,143,ES1 0 bat,0.0
mean,2050,52,144,ES1 0 bat,0.0
mean,2050,52,145,ES1 0 bat,0.0
mean,2050,52,146,ES1 0 bat,0.0
mean,2050,52,147,ES1 0 bat,0.0
mean,2050,52,148,ES1 0 bat,0.0
mean,2050,52,149,ES1 0 bat,0.0
mean,2050,52,150,ES1 0 bat,0.0
mean,2050,52,151,ES1 0 bat,0.0
mean,2050,52,152,ES1 0 bat,0.0
mean,2050,52,153,ES1 0 bat,0.0
mean,2050,52,154,ES1 0 bat,0.0
mean,2050,52,155,ES1 0 bat,0.0
mean,2050,52,156,ES1 0 bat,0.0
mean,2050,52,157,ES1 0 bat,0.0
mean,2050,52,158,ES1 0 bat,0.0
mean,2050,52,159,ES1 0 bat,0.0
mean,2050,52,160,ES1 0 bat,0.0
mean,2050,52,161,ES1 0 bat,0.0
mean,2050,52,162,ES1 0 bat,0.0
mean,2050,52,163,ES1 0 bat,0.0
mean,2050,52,164,ES1 0 bat,0.0
mean,2050,52,165,ES1 0 bat,0.0
mean,2050,52,166,ES1 0 bat,0.0
mean,2050,52,167,ES1 0 bat,0.0
mean,2025,11,0,ES1 1 bat,-0.014373988626722616
mean,2025,11,1,ES1 1 bat,0.0
mean,2025,11,2,ES1 1 bat,0.0
mean,2025,11,3,ES1 1 bat,0.0
mean,2025,11,4,ES1 1 bat,0.0
mean,2025,11,5,ES1 1 bat,0.0
mean,2025,11,6,ES1 1 bat,0.0
mean,2025,11,7,ES1 1 bat,0.0
mean,2025,11,8,ES1 1 bat,0.0
mean,2025,11,9,ES1 1 bat,0.0
mean,2025,11,10,ES1 1 bat,0.0
mean,2025,11,11,ES1 1 bat,0.0
mean,2025,11,12,ES1 1 bat,0.0
mean,2025,11,13,ES1 1 bat,0.0
mean,2025,11,14,ES1 1 bat,0.0
mean,2025,11,15,ES1 1 bat,0.0
mean,2025,11,16,ES1 1 bat,0.0
mean,2025,11,17,ES1 1 bat,0.0
mean,2025,11,18,ES1 1 bat,0.0
mean,2025,11,19,ES1 1 bat,0.0
mean,2025,11,20,ES1 1 bat,0.0
mean,2025,11,21,ES1 1 bat,0.0
mean,2025,11,22,ES1 1 bat,0.0
mean,2025,11,23,ES1 1 bat,0.0
mean,2025,11,24,ES1 1 bat,0.0
mean,2025,11,25,ES1 1 bat,0.0
mean,2025,11,26,ES1 1 bat,0.0
mean,2025,11,27,ES1 1 bat,0.0
mean,2025,11,28,ES1 1 bat,0.0
mean,2025,11,29,ES1 1 bat,0.0
mean,2025,11,30,ES1 1 bat,0.0
mean,2025,11,31,ES1 1 bat,-59.646955328416595
mean,2025,11,32,ES1 1 bat,0.0
mean,2025,11,33,ES1 1 bat,0.0
mean,2025,11,34,ES1 1 bat,0.0
mean,2025,11,35,ES1 1 bat,0.0
mean,2025,11,36,ES1 1 bat,0.0
mean,2025,11,37,ES1 1 bat,0.0
mean,2025,11,38,ES1 1 bat,0.0
mean,2025,11,39,ES1 1 bat,0.0
mean,2025,11,40,ES1 1 bat,0.0
mean,2025,11,41,ES1 1 bat,0.0
mean,2025,11,42,ES1 1 bat,0.0
mean,2025,11,43,ES1 1 bat,-0.1997994974285824
mean,2025,11,44,ES1 1 bat,0.0
mean,2025,11,45,ES1 1 bat,0.0
mean,2025,11,46,ES1 1 bat,0.0
mean,2025,11,47,ES1 1 bat,0.0
mean,2025,11,48,ES1 1 bat,0.0
mean,2025,11,49,ES1 1 bat,0.0
mean,2025,11,50,ES1 1 bat,0.0
mean,2025,11,51,ES1 1 bat,0.0
mean,2025,11,52,ES1 1 bat,0.0
mean,2025,11,53,ES1 1 bat,0.0
mean,2025,11,54,ES1 1 bat,0.0
mean,2025,11,55,ES1 1 bat,0.0
mean,2025,11,56,ES1 1 bat,0.0
mean,2025,11,57,ES1 1 bat,0.0
mean,2025,11,58,ES1 1 bat,0.0
mean,2025,11,59,ES1 1 bat,0.0
mean,2025,11,60,ES1 1 bat,0.0
mean,2025,11,61,ES1 1 bat,0.0
mean,2025,11,62,ES1 1 bat,0.0
mean,2025,11,63,ES1 1 bat,0.0
mean,2025,11,64,ES1 1 bat,0.0
mean,2025,11,65,ES1 1 bat,0.0
mean,2025,11,66,ES1 1 bat,0.0
mean,2025,11,67,ES1 1 bat,0.0
mean,2025,11,68,ES1 1 bat,0.0
mean,2025,11,69,ES1 1 bat,0.0
mean,2025,11,70,ES1 1 bat,0.0
mean,2025,11,71,ES1 1 bat,0.0
mean,2025,11,72,ES1 1 bat,0.0
mean,2025,11,73,ES1 1 bat,0.0
mean,2025,11,74,ES1 1 bat,0.0
mean,2025,11,75,ES1 1 bat,0.0
mean,2025,11,76,ES1 1 bat,0.0
mean,2025,11,77,ES1 1 bat,0.0
mean,2025,11,78,ES1 1 bat,0.0
mean,2025,11,79,ES1 1 bat,-58.794598841428794
mean,2025,11,80,ES1 1 bat,0.0
mean,2025,11,81,ES1 1 bat,0.0
mean,2025,11,82,ES1 1 bat,0.0
mean,2025,11,83,ES1 1 bat,0.0
mean,2025,11,84,ES1 1 bat,0.0
mean,2025,11,85,ES1 1 bat,0.0
mean,2025,11,86,ES1 1 bat,0.0
mean,2025,11,87,ES1 1 bat,0.0
mean,2025,11,88,ES1 1 bat,0.0
mean,2025,11,89,ES1 1 bat,0.0
mean,2025,11,90,ES1 1 bat,0.0
mean,2025,11,91,ES1 1 bat,0.0
mean,2025,11,92,ES1 1 bat,0.0
mean,2025,11,93,ES1 1 bat,0.0
mean,2025,11,94,ES1 1 bat,0.0
mean,2025,11,95,ES1 1 bat,0.0
mean,2025,11,96,ES1 1 bat,0.0
mean,2025,11,97,ES1 1 bat,0.0
mean,2025,11,98,ES1 1 bat,0.0
mean,2025,11,99,ES1 1 bat,0.0
mean,2025,11,100,ES1 1 bat,0.0
mean,2025,11,101,ES1 1 bat,0.0
mean,2025,11,102,ES1 1 bat,0.0
mean,2025,11,103,ES1 1 bat,0.0
mean,2025,11,104,ES1 1 bat,0.0
mean,2025,11,105,ES1 1 bat,0.0
mean,2025,11,106,ES1 1 bat,0.0
mean,2025,11,107,ES1 1 bat,0.0
mean,2025,11,108,ES1 1 bat,0.0
mean,2025,11,109,ES1 1 bat,0.0
mean,2025,11,110,ES1 1 bat,0.0
mean,2025,11,111,ES1 1 bat,0.0
mean,2025,11,112,ES1 1 bat,0.0
mean,2025,11,113,ES1 1 bat,0.0
mean,2025,11,114,ES1 1 bat,0.0
mean,2025,11,115,ES1 1 bat,-3.2818067858768076
mean,2025,11,116,ES1 1 bat,0.0
mean,2025,11,117,ES1 1 bat,0.0
mean,2025,11,118,ES1 1 bat,0.0
mean,2025,11,119,ES1 1 bat,0.0
mean,2025,11,120,ES1 1 bat,0.0
mean,2025,11,121,ES1 1 bat,0.0
mean,2025,11,122,ES1 1 bat,0.0
mean,2025,11,123,ES1 1 bat,0.0
mean,2025,11,124,ES1 1 bat,0.0
mean,2025,11,125,ES1 1 bat,0.0
mean,2025,11,126,ES1 1 bat,0.0
mean,2025,11,127,ES1 1 bat,0.0
mean,2025,11,128,ES1 1 bat,0.0
mean,2025,11,129,ES1 1 bat,0.0
mean,2025,11,130,ES1 1 bat,0.0
mean,2025,11,131,ES1 1 bat,0.0
mean,2025,11,132,ES1 1 bat,0.0
mean,2025,11,133,ES1 1 bat,0.0
mean,2025,11,134,ES1 1 bat,0.0
mean,2025,11,135,ES1 1 bat,0.0
mean,2025,11,136,ES1 1 bat,0.0
mean,2025,11,137,ES1 1 bat,0.0
mean,2025,11,138,ES1 1 bat,0.0
mean,2025,11,139,ES1 1 bat,0.0
mean,2025,11,140,ES1 1 bat,-0.2743410210253275
mean,2025,11,141,ES1 1 bat,0.0
mean,2025,11,142,ES1 1 bat,0.0
mean,2025,11,143,ES1 1 bat,0.0
mean,2025,11,144,ES1 1 bat,0.0
mean,2025,11,145,ES1 1 bat,0.0
mean,2025,11,146,ES1 1 bat,0.0
mean,2025,11,147,ES1 1 bat,0.0
mean,2025,11,148,ES1 1 bat,0.0
mean,2025,11,149,ES1 1 bat,0.0
mean,2025,11,150,ES1 1 bat,0.0
mean,2025,11,151,ES1 1 bat,0.0
mean,2025,11,152,ES1 1 bat,0.0
mean,2025,11,153,ES1 1 bat,0.0
mean,2025,11,154,ES1 1 bat,0.0
mean,2025,11,155,ES1 1 bat,0.0
mean,2025,11,156,ES1 1 bat,0.0
mean,2025,11,157,ES1 1 bat,0.0
mean,2025,11,158,ES1 1 bat,0.0
mean,2025,11,159,ES1 1 bat,0.0
mean,2025,11,160,ES1 1 bat,0.0
mean,2025,11,161,ES1 1 bat,0.0
mean,2025,11,162,ES1 1 bat,-0.002487123926295855
mean,2025,11,163,ES1 1 bat,0.0
mean,2025,11,164,ES1 1 bat,0.0
mean,2025,11,165,ES1 1 bat,0.0
mean,2025,11,166,ES1 1 bat,0.0
mean,2025,11,167,ES1 1 bat,0.0
mean,2025,21,0,ES1 1 bat,-60.96951724137932
mean,2025,21,1,ES1 1 bat,0.0
mean,2025,21,2,ES1 1 bat,0.0
mean,2025,21,3,ES1 1 bat,0.0
mean,2025,21,4,ES1 1 bat,0.0
mean,2025,21,5,ES1 1 bat,0.0
mean,2025,21,6,ES1 1 bat,0.0
mean,2025,21,7,ES1 1 bat,0.0
mean,2025,21,8,ES1 1 bat,0.0
mean,2025,21,9,ES1 1 bat,0.0
mean,2025,21,10,ES1 1 bat,0.0
mean,2025,21,11,ES1 1 bat,0.0
mean,2025,21,12,ES1 1 bat,0.0
mean,2025,21,13,ES1 1 bat,0.0
mean,2025,21,14,ES1 1 bat,0.0
mean,2025,21,15,ES1 1 bat,0.0
mean,2025,21,16,ES1 1 bat,0.0
mean,2025,21,17,ES1 1 bat,0.0
mean,2025,21,18,ES1 1 bat,0.0
mean,2025,21,19,ES1 1 bat,0.0
mean,2025,21,20,ES1 1 bat,0.0
mean,2025,21,21,ES1 1 bat,0.0
mean,2025,21,22,ES1 1 bat,0.0
mean,2025,21,23,ES1 1 bat,0.0
mean,2025,21,24,ES1 1 bat,0.0
mean,2025,21,25,ES1 1 bat,0.0
mean,2025,21,26,ES1 1 bat,0.0
mean,2025,21,27,ES1 1 bat,0.0
mean,2025,21,28,ES1 1 bat,0.0
mean,2025,21,29,ES1 1 bat,0.0
mean,2025,21,30,ES1 1 bat,0.0
mean,2025,21,31,ES1 1 bat,0.0
mean,2025,21,32,ES1 1 bat,0.0
mean,2025,21,33,ES1 1 bat,0.0
mean,2025,21,34,ES1 1 bat,0.0
mean,2025,21,35,ES1 1 bat,0.0
mean,2025,21,36,ES1 1 bat,0.0
mean,2025,21,37,ES1 1 bat,0.0
mean,2025,21,38,ES1 1 bat,0.0
mean,2025,21,39,ES1 1 bat,0.0
mean,2025,21,40,ES1 1 bat,0.0
mean,2025,21,41,ES1 1 bat,0.0
mean,2025,21,42,ES1 1 bat,0.0
mean,2025,21,43,ES1 1 bat,0.0
mean,2025,21,44,ES1 1 bat,0.0
mean,2025,21,45,ES1 1 bat,0.0
mean,2025,21,46,ES1 1 bat,0.0
mean,2025,21,47,ES1 1 bat,0.0
mean,2025,21,48,ES1 1 bat,0.0
mean,2025,21,49,ES1 1 bat,0.0
mean,2025,21,50,ES1 1 bat,0.0
mean,2025,21,51,ES1 1 bat,0.0
mean,2025,21,52,ES1 1 bat,0.0
mean,2025,21,53,ES1 1 bat,0.0
mean,2025,21,54,ES1 1 bat,0.0
mean,2025,21,55,ES1 1 bat,0.0
mean,2025,21,56,ES1 1 bat,0.0
mean,2025,21,57,ES1 1 bat,0.0
mean,2025,21,58,ES1 1 bat,0.0
mean,2025,21,59,ES1 1 bat,0.0
mean,2025,21,60,ES1 1 bat,0.0
mean,2025,21,61,ES1 1 bat,0.0
mean,2025,21,62,ES1 1 bat,0.0
mean,2025,21,63,ES1 1 bat,0.0
mean,2025,21,64,ES1 1 bat,0.0
mean,2025,21,65,ES1 1 bat,0.0
mean,2025,21,66,ES1 1 bat,0.0
mean,2025,21,67,ES1 1 bat,-58.79442035248172
mean,2025,21,68,ES1 1 bat,0.0
mean,2025,21,69,ES1 1 bat,0.0
mean,2025,21,70,ES1 1 bat,0.0
mean,2025,21,71,ES1 1 bat,0.0
mean,2025,21,72,ES1 1 bat,0.0
mean,2025,21,73,ES1 1 bat,0.0
mean,2025,21,74,ES1 1 bat,0.0
mean,2025,21,75,ES1 1 bat,0.0
mean,2025,21,76,ES1 1 bat,0.0
mean,2025,21,77,ES1 1 bat,-0.002487123926295855
mean,2025,21,78,ES1 1 bat,0.0
mean,2025,21,79,ES1 1 bat,0.0
mean,2025,21,80,ES1 1 bat,0.0
mean,2025,21,81,ES1 1 bat,0.0
mean,2025,21,82,ES1 1 bat,0.0
mean,2025,21,83,ES1 1 bat,0.0
mean,2025,21,84,ES1 1 bat,0.0
mean,2025,21,85,ES1 1 bat,0.0
mean,2025,21,86,ES1 1 bat,0.0
mean,2025,21,87,ES1 1 bat,0.0
mean,2025,21,88,ES1 1 bat,0.0
mean,2025,21,89,ES1 1 bat,0.0
mean,2025,21,90,ES1 1 bat,0.0
mean,2025,21,91,ES1 1 bat,0.0
mean,2025,21,92,ES1 1 bat,0.0
mean,2025,21,93,ES1 1 bat,0.0
mean,2025,21,94,ES1 1 bat,0.0
mean,2025,21,95,ES1 1 bat,0.0
mean,2025,21,96,ES1 1 bat,0.0
mean,2025,21,97,ES1 1 bat,0.0
mean,2025,21,98,ES1 1 bat,0.0
mean,2025,21,99,ES1 1 bat,0.0
mean,2025,21,100,ES1 1 bat,0.0
mean,2025,21,101,ES1 1 bat,0.0
mean,2025,21,102,ES1 1 bat,-0.36328713059282725
mean,2025,21,103,ES1 1 bat,0.0
mean,2025,21,104,ES1 1 bat,0.0
mean,2025,21,105,ES1 1 bat,0.0
mean,2025,21,106,ES1 1 bat,0.0
mean,2025,21,107,ES1 1 bat,0.0
mean,2025,21,108,ES1 1 bat,0.0
mean,2025,21,109,ES1 1 bat,0.0
mean,2025,21,110,ES1 1 bat,0.0
mean,2025,21,111,ES1 1 bat,0.0
mean,2025,21,112,ES1 1 bat,0.0
mean,2025,21,113,ES1 1 bat,0.0
mean,2025,21,114,ES1 1 bat,0.0
mean,2025,21,115,ES1 1 bat,0.0
mean,2025,21,116,ES1 1 bat,0.0
mean,2025,21,117,ES1 1 bat,0.0
mean,2025,21,118,ES1 1 bat,0.0
mean,2025,21,119,ES1 1 bat,0.0
mean,2025,21,120,ES1 1 bat,0.0
mean,2025,21,121,ES1 1 bat,0.0
mean,2025,21,122,ES1 1 bat,0.0
mean,2025,21,123,ES1 1 bat,0.0
mean,2025,21,124,ES1 1 bat,0.0
mean,2025,21,125,ES1 1 bat,0.0
mean,2025,21,126,ES1 1 bat,0.0
mean,2025,21,127,ES1 1 bat,0.0
mean,2025,21,128,ES1 1 bat,0.0
mean,2025,21,129,ES1 1 bat,0.0
mean,2025,21,130,ES1 1 bat,0.0
mean,2025,21,131,ES1 1 bat,0.0
mean,2025,21,132,ES1 1 bat,0.0
mean,2025,21,133,ES1 1 bat,0.0
mean,2025,21,134,ES1 1 bat,0.0
mean,2025,21,135,ES1 1 bat,0.0
mean,2025,21,136,ES1 1 bat,0.0
mean,2025,21,137,ES1 1 bat,0.0
mean,2025,21,138,ES1 1 bat,0.0
mean,2025,21,139,ES1 1 bat,0.0
mean,2025,21,140,ES1 1 bat,0.0
mean,2025,21,141,ES1 1 bat,0.0
mean,2025,21,142,ES1 1 bat,-0.0025024755206026358
mean,2025,21,143,ES1 1 bat,0.0
mean,2025,21,144,ES1 1 bat,0.0
mean,2025,21,145,ES1 1 bat,0.0
mean,2025,21,146,ES1 1 bat,0.0
mean,2025,21,147,ES1 1 bat,0.0
mean,2025,21,148,ES1 1 bat,0.0
mean,2025,21,149,ES1 1 bat,0.0
mean,2025,21,150,ES1 1 bat,0.0
mean,2025,21,151,ES1 1 bat,0.0
mean,2025,21,152,ES1 1 bat,0.0
mean,2025,21,153,ES1 1 bat,0.0
mean,2025,21,154,ES1 1 bat,0.0
mean,2025,21,155,ES1 1 bat,0.0
mean,2025,21,156,ES1 1 bat,0.0
mean,2025,21,157,ES1 1 bat,0.0
mean,2025,21,158,ES1 1 bat,0.0
mean,2025,21,159,ES1 1 bat,0.0
mean,2025,21,160,ES1 1 bat,0.0
mean,2025,21,161,ES1 1 bat,0.0
mean,2025,21,162,ES1 1 bat,0.0
mean,2025,21,163,ES1 1 bat,-0.0025024755206026358
mean,2025,21,164,ES1 1 bat,0.0
mean,2025,21,165,ES1 1 bat,0.0
mean,2025,21,166,ES1 1 bat,0.0
mean,2025,21,167,ES1 1 bat,0.0
mean,2025,42,0,ES1 1 bat,-61.51091622997971
mean,2025,42,1,ES1 1 bat,0.0
mean,2025,42,2,ES1 1 bat,0.0
mean,2025,42,3,ES1 1 bat,0.0
mean,2025,42,4,ES1 1 bat,0.0
mean,2025,42,5,ES1 1 bat,0.0
mean,2025,42,6,ES1 1 bat,0.0
mean,2025,42,7,ES1 1 bat,0.0
mean,2025,42,8,ES1 1 bat,0.0
mean,2025,42,9,ES1 1 bat,0.0
mean,2025,42,10,ES1 1 bat,0.0
mean,2025,42,11,ES1 1 bat,0.0
mean,2025,42,12,ES1 1 bat,0.0
mean,2025,42,13,ES1 1 bat,0.0
mean,2025,42,14,ES1 1 bat,0.0
mean,2025,42,15,ES1 1 bat,0.0
mean,2025,42,16,ES1 1 bat,0.0
mean,2025,42,17,ES1 1 bat,0.0
mean,2025,42,18,ES1 1 bat,0.0
mean,2025,42,19,ES1 1 bat,0.0
mean,2025,42,20,ES1 1 bat,0.0
mean,2025,42,21,ES1 1 bat,0.0
mean,2025,42,22,ES1 1 bat,0.0
mean,2025,42,23,ES1 1 bat,0.0
mean,2025,42,24,ES1 1 bat,0.0
mean,2025,42,25,ES1 1 bat,0.0
mean,2025,42,26,ES1 1 bat,0.0
mean,2025,42,27,ES1 1 bat,0.0
mean,2025,42,28,ES1 1 bat,0.0
mean,2025,42,29,ES1 1 bat,0.0
mean,2025,42,30,ES1 1 bat,0.0
mean,2025,42,31,ES1 1 bat,0.0
mean,2025,42,32,ES1 1 bat,0.0
mean,2025,42,33,ES1 1 bat,0.0
mean,2025,42,34,ES1 1 bat,0.0
mean,2025,42,35,ES1 1 bat,0.0
mean,2025,42,36,ES1 1 bat,0.0
mean,2025,42,37,ES1 1 bat,0.0
mean,2025,42,38,ES1 1 bat,0.0
mean,2025,42,39,ES1 1 bat,0.0
mean,2025,42,40,ES1 1 bat,0.0
mean,2025,42,41,ES1 1 bat,0.0
mean,2025,42,42,ES1 1 bat,0.0
mean,2025,42,43,ES1 1 bat,0.0
mean,2025,42,44,ES1 1 bat,0.0
mean,2025,42,45,ES1 1 bat,0.0
mean,2025,42,46,ES1 1 bat,0.0
mean,2025,42,47,ES1 1 bat,0.0
mean,2025,42,48,ES1 1 bat,0.0
mean,2025,42,49,ES1 1 bat,0.0
mean,2025,42,50,ES1 1 bat,0.0
mean,2025,42,51,ES1 1 bat,0.0
mean,2025,42,52,ES1 1 bat,0.0
mean,2025,42,53,ES1 1 bat,0.0
mean,2025,42,54,ES1 1 bat,0.0
mean,2025,42,55,ES1 1 bat,0.0
mean,2025,42,56,ES1 1 bat,0.0
mean,2025,42,57,ES1 1 bat,0.0
mean,2025,42,58,ES1 1 bat,0.0
mean,2025,42,59,ES1 1 bat,0.0
mean,2025,42,60,ES1 1 bat,0.0
mean,2025,42,61,ES1 1 bat,0.0
mean,2025,42,62,ES1 1 bat,0.0
mean,2025,42,63,ES1 1 bat,0.0
mean,2025,42,64,ES1 1 bat,0.0
mean,2025,42,65,ES1 1 bat,0.0
mean,2025,42,66,ES1 1 bat,0.0
mean,2025,42,67,ES1 1 bat,0.0
mean,2025,42,68,ES1 1 bat,0.0
mean,2025,42,69,ES1 1 bat,0.0
mean,2025,42,70,ES1 1 bat,0.0
mean,2025,42,71,ES1 1 bat,0.0
mean,2025,42,72,ES1 1 bat,0.0
mean,2025,42,73,ES1 1 bat,0.0
mean,2025,42,74,ES1 1 bat,0.0
mean,2025,42,75,ES1 1 bat,0.0
mean,2025,42,76,ES1 1 bat,0.0
mean,2025,42,77,ES1 1 bat,0.0
mean,2025,42,78,ES1 1 bat,-0.0027562144090839016
mean,2025,42,79,ES1 1 bat,0.0
mean,2025,42,80,ES1 1 bat,0.0
mean,2025,42,81,ES1 1 bat,0.0
mean,2025,42,82,ES1 1 bat,0.0
mean,2025,42,83,ES1 1 bat,0.0
mean,2025,42,84,ES1 1 bat,0.0
mean,2025,42,85,ES1 1 bat,0.0
mean,2025,42,86,ES1 1 bat,0.0
mean,2025,42,87,ES1 1 bat,0.0
mean,2025,42,88,ES1 1 bat,0.0
mean,2025,42,89,ES1 1 bat,0.0
mean,2025,42,90,ES1 1 bat,-1.1675197488889775
mean,2025,42,91,ES1 1 bat,0.0
mean,2025,42,92,ES1 1 bat,0.0
mean,2025,42,93,ES1 1 bat,0.0
mean,2025,42,94,ES1 1 bat,0.0
mean,2025,42,95,ES1 1 bat,0.0
mean,2025,42,96,ES1 1 bat,0.0
mean,2025,42,97,ES1 1 bat,0.0
mean,2025,42,98,ES1 1 bat,0.0
mean,2025,42,99,ES1 1 bat,0.0
mean,2025,42,100,ES1 1 bat,0.0
mean,2025,42,101,ES1 1 bat,0.0
mean,2025,42,102,ES1 1 bat,0.0
mean,2025,42,103,ES1 1 bat,0.0
mean,2025,42,104,ES1 1 bat,0.0
mean,2025,42,105,ES1 1 bat,0.0
mean,2025,42,106,ES1 1 bat,0.0
mean,2025,42,107,ES1 1 bat,0.0
mean,2025,42,108,ES1 1 bat,0.0
mean,2025,42,109,ES1 1 bat,0.0
mean,2025,42,110,ES1 1 bat,0.0
mean,2025,42,111,ES1 1 bat,0.0
mean,2025,42,112,ES1 1 bat,0.0
mean,2025,42,113,ES1 1 bat,0.0
mean,2025,42,114,ES1 1 bat,0.0
mean,2025,42,115,ES1 1 bat,0.0
mean,2025,42,116,ES1 1 bat,0.0
mean,2025,42,117,ES1 1 bat,0.0
mean,2025,42,118,ES1 1 bat,0.0
mean,2025,42,119,ES1 1 bat,0.0
mean,2025,42,120,ES1 1 bat,0.0
mean,2025,42,121,ES1 1 bat,0.0
mean,2025,42,122,ES1 1 bat,0.0
mean,2025,42,123,ES1 1 bat,0.0
mean,2025,42,124,ES1 1 bat,-0.0024694437829516757
mean,2025,42,125,ES1 1 bat,0.0
mean,2025,42,126,ES1 1 bat,0.0
mean,2025,42,127,ES1 1 bat,0.0
mean,2025,42,128,ES1 1 bat,0.0
mean,2025,42,129,ES1 1 bat,0.0
mean,2025,42,130,ES1 1 bat,0.0
mean,2025,42,131,ES1 1 bat,0.0
mean,2025,42,132,ES1 1 bat,0.0
mean,2025,42,133,ES1 1 bat,0.0
mean,2025,42,134,ES1 1 bat,0.0
mean,2025,42,135,ES1 1 bat,0.0
mean,2025,42,136,ES1 1 bat,0.0
mean,2025,42,137,ES1 1 bat,0.0
mean,2025,42,138,ES1 1 bat,-0.0025024755206026358
mean,2025,42,139,ES1 1 bat,0.0
mean,2025,42,140,ES1 1 bat,0.0
mean,2025,42,141,ES1 1 bat,0.0
mean,2025,42,142,ES1 1 bat,0.0
mean,2025,42,143,ES1 1 bat,0.0
mean,2025,42,144,ES1 1 bat,0.0
mean,2025,42,145,ES1 1 bat,0.0
mean,2025,42,146,ES1 1 bat,0.0
mean,2025,42,147,ES1 1 bat,0.0
mean,2025,42,148,ES1 1 bat,0.0
mean,2025,42,149,ES1 1 bat,0.0
mean,2025,42,150,ES1 1 bat,0.0
mean,2025,42,151,ES1 1 bat,0.0
mean,2025,42,152,ES1 1 bat,0.0
mean,2025,42,153,ES1 1 bat,0.0
mean,2025,42,154,ES1 1 bat,0.0
mean,2025,42,155,ES1 1 bat,0.0
mean,2025,42,156,ES1 1 bat,0.0
mean,2025,42,157,ES1 1 bat,0.0
mean,2025,42,158,ES1 1 bat,0.0
mean,2025,42,159,ES1 1 bat,0.0
mean,2025,42,160,ES1 1 bat,0.0
mean,2025,42,161,ES1 1 bat,0.0
mean,2025,42,162,ES1 1 bat,0.0
mean,2025,42,163,ES1 1 bat,-0.10569547637537091
mean,2025,42,164,ES1 1 bat,0.0
mean,2025,42,165,ES1 1 bat,0.0
mean,2025,42,166,ES1 1 bat,0.0
mean,2025,42,167,ES1 1 bat,0.0
mean,2025,52,0,ES1 1 bat,-60.23293110464419
mean,2025,52,1,ES1 1 bat,0.0
mean,2025,52,2,ES1 1 bat,0.0
mean,2025,52,3,ES1 1 bat,0.0
mean,2025,52,4,ES1 1 bat,0.0
mean,2025,52,5,ES1 1 bat,0.0
mean,2025,52,6,ES1 1 bat,0.0
mean,2025,52,7,ES1 1 bat,0.0
mean,2025,52,8,ES1 1 bat,0.0
mean,2025,52,9,ES1 1 bat,0.0
mean,2025,52,10,ES1 1 bat,0.0
mean,2025,52,11,ES1 1 bat,0.0
mean,2025,52,12,ES1 1 bat,0.0
mean,2025,52,13,ES1 1 bat,0.0
mean,2025,52,14,ES1 1 bat,0.0
mean,2025,52,15,ES1 1 bat,0.0
mean,2025,52,16,ES1 1 bat,0.0
mean,2025,52,17,ES1 1 bat,-0.0024694437829516757
mean,2025,52,18,ES1 1 bat,0.0
mean,2025,52,19,ES1 1 bat,0.0
mean,2025,52,20,ES1 1 bat,0.0
mean,2025,52,21,ES1 1 bat,0.0
mean,2025,52,22,ES1 1 bat,0.0
mean,2025,52,23,ES1 1 bat,0.0
mean,2025,52,24,ES1 1 bat,0.0
mean,2025,52,25,ES1 1 bat,0.0
mean,2025,52,26,ES1 1 bat,0.0
mean,2025,52,27,ES1 1 bat,0.0
mean,2025,52,28,ES1 1 bat,0.0
mean,2025,52,29,ES1 1 bat,0.0
mean,2025,52,30,ES1 1 bat,0.0
mean,2025,52,31,ES1 1 bat,0.0
mean,2025,52,32,ES1 1 bat,0.0
mean,2025,52,33,ES1 1 bat,0.0
mean,2025,52,34,ES1 1 bat,0.0
mean,2025,52,35,ES1 1 bat,0.0
mean,2025,52,36,ES1 1 bat,0.0
mean,2025,52,37,ES1 1 bat,0.0
mean,2025,52,38,ES1 1 bat,0.0
mean,2025,52,39,ES1 1 bat,0.0
mean,2025,52,40,ES1 1 bat,0.0
mean,2025,52,41,ES1 1 bat,0.0
mean,2025,52,42,ES1 1 bat,0.0
mean,2025,52,43,ES1 1 bat,0.0
mean,2025,52,44,ES1 1 bat,0.0
mean,2025,52,45,ES1 1 bat,0.0
mean,2025,52,46,ES1 1 bat,0.0
mean,2025,52,47,ES1 1 bat,0.0
mean,2025,52,48,ES1 1 bat,0.0
mean,2025,52,49,ES1 1 bat,0.0
mean,2025,52,50,ES1 1 bat,0.0
mean,2025,52,51,ES1 1 bat,0.0
mean,2025,52,52,ES1 1 bat,0.0
mean,2025,52,53,ES1 1 bat,0.0
mean,2025,52,54,ES1 1 bat,0.0
mean,2025,52,55,ES1 1 bat,0.0
mean,2025,52,56,ES1 1 bat,0.0
mean,2025,52,57,ES1 1 bat,0.0
mean,2025,52,58,ES1 1 bat,0.0
mean,2025,52,59,ES1 1 bat,0.0
mean,2025,52,60,ES1 1 bat,0.0
mean,2025,52,61,ES1 1 bat,0.0
mean,2025,52,62,ES1 1 bat,0.0
mean,2025,52,63,ES1 1 bat,0.0
mean,2025,52,64,ES1 1 bat,0.0
mean,2025,52,65,ES1 1 bat,0.0
mean,2025,52,66,ES1 1 bat,0.0
mean,2025,52,67,ES1 1 bat,0.0
mean,2025,52,68,ES1 1 bat,0.0
mean,2025,52,69,ES1 1 bat,0.0
mean,2025,52,70,ES1 1 bat,0.0
mean,2025,52,71,ES1 1 bat,0.0
mean,2025,52,72,ES1 1 bat,0.0
mean,2025,52,73,ES1 1 bat,0.0
mean,2025,52,74,ES1 1 bat,0.0
mean,2025,52,75,ES1 1 bat,0.0
mean,2025,52,76,ES1 1 bat,0.0
mean,2025,52,77,ES1 1 bat,0.0
mean,2025,52,78,ES1 1 bat,0.0
mean,2025,52,79,ES1 1 bat,0.0
mean,2025,52,80,ES1 1 bat,0.0
mean,2025,52,81,ES1 1 bat,0.0
mean,2025,52,82,ES1 1 bat,0.0
mean,2025,52,83,ES1 1 bat,0.0
mean,2025,52,84,ES1 1 bat,0.0
mean,2025,52,85,ES1 1 bat,0.0
mean,2025,52,86,ES1 1 bat,0.0
mean,2025,52,87,ES1 1 bat,0.0
mean,2025,52,88,ES1 1 bat,0.0
mean,2025,52,89,ES1 1 bat,0.0
mean,2025,52,90,ES1 1 bat,0.0
mean,2025,52,91,ES1 1 bat,0.0
mean,2025,52,92,ES1 1 bat,0.0
mean,2025,52,93,ES1 1 bat,0.0
mean,2025,52,94,ES1 1 bat,0.0
mean,2025,52,95,ES1 1 bat,0.0
mean,2025,52,96,ES1 1 bat,0.0
mean,2025,52,97,ES1 1 bat,0.0
mean,2025,52,98,ES1 1 bat,0.0
mean,2025,52,99,ES1 1 bat,0.0
mean,2025,52,100,ES1 1 bat,0.0
mean,2025,52,101,ES1 1 bat,0.0
mean,2025,52,102,ES1 1 bat,0.0
mean,2025,52,103,ES1 1 bat,0.0
mean,2025,52,104,ES1 1 bat,0.0
mean,2025,52,105,ES1 1 bat,0.0
mean,2025,52,106,ES1 1 bat,0.0
mean,2025,52,107,ES1 1 bat,0.0
mean,2025,52,108,ES1 1 bat,0.0
mean,2025,52,109,ES1 1 bat,0.0
mean,2025,52,110,ES1 1 bat,0.0
mean,2025,52,111,ES1 1 bat,0.0
mean,2025,52,112,ES1 1 bat,0.0
mean,2025,52,113,ES1 1 bat,0.0
mean,2025,52,114,ES1 1 bat,0.0
mean,2025,52,115,ES1 1 bat,0.0
mean,2025,52,116,ES1 1 bat,0.0
mean,2025,52,117,ES1 1 bat,0.0
mean,2025,52,118,ES1 1 bat,0.0
mean,2025,52,119,ES1 1 bat,0.0
mean,2025,52,120,ES1 1 bat,0.0
mean,2025,52,121,ES1 1 bat,0.0
mean,2025,52,122,ES1 1 bat,0.0
mean,2025,52,123,ES1 1 bat,0.0
mean,2025,52,124,ES1 1 bat,0.0
mean,2025,52,125,ES1 1 bat,0.0
mean,2025,52,126,ES1 1 bat,0.0
mean,2025,52,127,ES1 1 bat,0.0
mean,2025,52,128,ES1 1 bat,0.0
mean,2025,52,129,ES1 1 bat,0.0
mean,2025,52,130,ES1 1 bat,0.0
mean,2025,52,131,ES1 1 bat,0.0
mean,2025,52,132,ES1 1 bat,0.0
mean,2025,52,133,ES1 1 bat,0.0
mean,2025,52,134,ES1 1 bat,0.0
mean,2025,52,135,ES1 1 bat,0.0
mean,2025,52,136,ES1 1 bat,0.0
mean,2025,52,137,ES1 1 bat,0.0
mean,2025,52,138,ES1 1 bat,0.0
mean,2025,52,139,ES1 1 bat,0.0
mean,2025,52,140,ES1 1 bat,0.0
mean,2025,52,141,ES1 1 bat,0.0
mean,2025,52,142,ES1 1 bat,0.0
mean,2025,52,143,ES1 1 bat,0.0
mean,2025,52,144,ES1 1 bat,0.0
mean,2025,52,145,ES1 1 bat,0.0
mean,2025,52,146,ES1 1 bat,0.0
mean,2025,52,147,ES1 1 bat,0.0
mean,2025,52,148,ES1 1 bat,0.0
mean,2025,52,149,ES1 1 bat,0.0
mean,2025,52,150,ES1 1 bat,-0.002487123926295855
mean,2025,52,151,ES1 1 bat,0.0
mean,2025,52,152,ES1 1 bat,0.0
mean,2025,52,153,ES1 1 bat,0.0
mean,2025,52,154,ES1 1 bat,0.0
mean,2025,52,155,ES1 1 bat,0.0
mean,2025,52,156,ES1 1 bat,0.0
mean,2025,52,157,ES1 1 bat,0.0
mean,2025,52,158,ES1 1 bat,0.0
mean,2025,52,159,ES1 1 bat,0.0
mean,2025,52,160,ES1 1 bat,0.0
mean,2025,52,161,ES1 1 bat,-0.0025024755206026358
mean,2025,52,162,ES1 1 bat,0.0
mean,2025,52,163,ES1 1 bat,0.0
mean,2025,52,164,ES1 1 bat,0.0
mean,2025,52,165,ES1 1 bat,0.0
mean,2025,52,166,ES1 1 bat,0.0
mean,2025,52,167,ES1 1 bat,0.0
mean,2030,11,0,ES1 1 bat,-0.014373988626722616
mean,2030,11,1,ES1 1 bat,0.0
mean,2030,11,2,ES1 1 bat,0.0
mean,2030,11,3,ES1 1 bat,0.0
mean,2030,11,4,ES1 1 bat,0.0
mean,2030,11,5,ES1 1 bat,0.0
mean,2030,11,6,ES1 1 bat,0.0
mean,2030,11,7,ES1 1 bat,0.0
mean,2030,11,8,ES1 1 bat,0.0
mean,2030,11,9,ES1 1 bat,0.0
mean,2030,11,10,ES1 1 bat,0.0
mean,2030,11,11,ES1 1 bat,0.0
mean,2030,11,12,ES1 1 bat,0.0
mean,2030,11,13,ES1 1 bat,0.0
mean,2030,11,14,ES1 1 bat,0.0
mean,2030,11,15,ES1 1 bat,0.0
mean,2030,11,16,ES1 1 bat,0.0
mean,2030,11,17,ES1 1 bat,0.0
mean,2030,11,18,ES1 1 bat,0.0
mean,2030,11,19,ES1 1 bat,0.0
mean,2030,11,20,ES1 1 bat,0.0
mean,2030,11,21,ES1 1 bat,0.0
mean,2030,11,22,ES1 1 bat,0.0
mean,2030,11,23,ES1 1 bat,0.0
mean,2030,11,24,ES1 1 bat,0.0
mean,2030,11,25,ES1 1 bat,0.0
mean,2030,11,26,ES1 1 bat,0.0
mean,2030,11,27,ES1 1 bat,0.0
mean,2030,11,28,ES1 1 bat,0.0
mean,2030,11,29,ES1 1 bat,0.0
mean,2030,11,30,ES1 1 bat,0.0
mean,2030,11,31,ES1 1 bat,0.0
mean,2030,11,32,ES1 1 bat,0.0
mean,2030,11,33,ES1 1 bat,0.0
mean,2030,11,34,ES1 1 bat,0.0
mean,2030,11,35,ES1 1 bat,0.0
mean,2030,11,36,ES1 1 bat,0.0
mean,2030,11,37,ES1 1 bat,0.0
mean,2030,11,38,ES1 1 bat,0.0
mean,2030,11,39,ES1 1 bat,0.0
mean,2030,11,40,ES1 1 bat,0.0
mean,2030,11,41,ES1 1 bat,0.0
mean,2030,11,42,ES1 1 bat,0.0
mean,2030,11,43,ES1 1 bat,0.0
mean,2030,11,44,ES1 1 bat,0.0
mean,2030,11,45,ES1 1 bat,0.0
mean,2030,11,46,ES1 1 bat,0.0
mean,2030,11,47,ES1 1 bat,0.0
mean,2030,11,48,ES1 1 bat,0.0
mean,2030,11,49,ES1 1 bat,0.0
mean,2030,11,50,ES1 1 bat,0.0
mean,2030,11,51,ES1 1 bat,0.0
mean,2030,11,52,ES1 1 bat,0.0
mean,2030,11,53,ES1 1 bat,0.0
mean,2030,11,54,ES1 1 bat,0.0
mean,2030,11,55,ES1 1 bat,0.0
mean,2030,11,56,ES1 1 bat,0.0
mean,2030,11,57,ES1 1 bat,0.0
mean,2030,11,58,ES1 1 bat,0.0
mean,2030,11,59,ES1 1 bat,0.0
mean,2030,11,60,ES1 1 bat,0.0
mean,2030,11,61,ES1 1 bat,0.0
mean,2030,11,62,ES1 1 bat,0.0
mean,2030,11,63,ES1 1 bat,0.0
mean,2030,11,64,ES1 1 bat,0.0
mean,2030,11,65,ES1 1 bat,0.0
mean,2030,11,66,ES1 1 bat,0.0
mean,2030,11,67,ES1 1 bat,0.0
mean,2030,11,68,ES1 1 bat,0.0
mean,2030,11,69,ES1 1 bat,0.0
mean,2030,11,70,ES1 1 bat,0.0
mean,2030,11,71,ES1 1 bat,0.0
mean,2030,11,72,ES1 1 bat,0.0
mean,2030,11,73,ES1 1 bat,0.0
mean,2030,11,74,ES1 1 bat,0.0
mean,2030,11,75,ES1 1 bat,0.0
mean,2030,11,76,ES1 1 bat,0.0
mean,2030,11,77,ES1 1 bat,0.0
mean,2030,11,78,ES1 1 bat,0.0
mean,2030,11,79,ES1 1 bat,0.0
mean,2030,11,80,ES1 1 bat,0.0
mean,2030,11,81,ES1 1 bat,0.0
mean,2030,11,82,ES1 1 bat,0.0
mean,2030,11,83,ES1 1 bat,0.0
mean,2030,11,84,ES1 1 bat,0.0
mean,2030,11,85,ES1 1 bat,0.0
mean,2030,11,86,ES1 1 bat,0.0
mean,2030,11,87,ES1 1 bat,0.0
mean,2030,11,88,ES1 1 bat,0.0
mean,2030,11,89,ES1 1 bat,0.0
mean,2030,11,90,ES1 1 bat,0.0
mean,2030,11,91,ES1 1 bat,0.0
mean,2030,11,92,ES1 1 bat,0.0
mean,2030,11,93,ES1 1 bat,0.0
mean,2030,11,94,ES1 1 bat,0.0
mean,2030,11,95,ES1 1 bat,0.0
mean,2030,11,96,ES1 1 bat,0.0
mean,2030,11,97,ES1 1 bat,0.0
mean,2030,11,98,ES1 1 bat,0.0
mean,2030,11,99,ES1 1 bat,0.0
mean,2030,11,100,ES1 1 bat,0.0
mean,2030,11,101,ES1 1 bat,0.0
mean,2030,11,102,ES1 1 bat,0.0
mean,2030,11,103,ES1 1 bat,0.0
mean,2030,11,104,ES1 1 bat,0.0
mean,2030,11,105,ES1 1 bat,0.0
mean,2030,11,106,ES1 1 bat,0.0
mean,2030,11,107,ES1 1 bat,0.0
mean,2030,11,108,ES1 1 bat,0.0
mean,2030,11,109,ES1 1 bat,0.0
mean,2030,11,110,ES1 1 bat,0.0
mean,2030,11,111,ES1 1 bat,0.0
mean,2030,11,112,ES1 1 bat,0.0
mean,2030,11,113,ES1 1 bat,0.0
mean,2030,11,114,ES1 1 bat,0.0
mean,2030,11,115,ES1 1 bat,0.0
mean,2030,11,116,ES1 1 bat,0.0
mean,2030,11,117,ES1 1 bat,0.0
mean,2030,11,118,ES1 1 bat,0.0
mean,2030,11,119,ES1 1 bat,0.0
mean,2030,11,120,ES1 1 bat,0.0
mean,2030,11,121,ES1 1 bat,0.0
mean,2030,11,122,ES1 1 bat,0.0
mean,2030,11,123,ES1 1 bat,0.0
mean,2030,11,124,ES1 1 bat,0.0
mean,2030,11,125,ES1 1 bat,0.0
mean,2030,11,126,ES1 1 bat,0.0
mean,2030,11,127,ES1 1 bat,0.0
mean,2030,11,128,ES1 1 bat,0.0
mean,2030,11,129,ES1 1 bat,0.0
mean,2030,11,130,ES1 1 bat,0.0
mean,2030,11,131,ES1 1 bat,0.0
mean,2030,11,132,ES1 1 bat,0.0
mean,2030,11,133,ES1 1 bat,0.0
mean,2030,11,134,ES1 1 bat,0.0
mean,2030,11,135,ES1 1 bat,0.0
mean,2030,11,136,ES1 1 bat,0.0
mean,2030,11,137,ES1 1 bat,0.0
mean,2030,11,138,ES1 1 bat,0.0
mean,2030,11,139,ES1 1 bat,0.0
mean,2030,11,140,ES1 1 bat,0.0
mean,2030,11,141,ES1 1 bat,0.0
mean,2030,11,142,ES1 1 bat,0.0
mean,2030,11,143,ES1 1 bat,0.0
mean,2030,11,144,ES1 1 bat,0.0
mean,2030,11,145,ES1 1 bat,0.0
mean,2030,11,146,ES1 1 bat,0.0
mean,2030,11,147,ES1 1 bat,0.0
mean,2030,11,148,ES1 1 bat,0.0
mean,2030,11,149,ES1 1 bat,0.0
mean,2030,11,150,ES1 1 bat,0.0
mean,2030,11,151,ES1 1 bat,0.0
mean,2030,11,152,ES1 1 bat,0.0
mean,2030,11,153,ES1 1 bat,0.0
mean,2030,11,154,ES1 1 bat,0.0
mean,2030,11,155,ES1 1 bat,0.0
mean,2030,11,156,ES1 1 bat,0.0
mean,2030,11,157,ES1 1 bat,0.0
mean,2030,11,158,ES1 1 bat,0.0
mean,2030,11,159,ES1 1 bat,0.0
mean,2030,11,160,ES1 1 bat,0.0
mean,2030,11,161,ES1 1 bat,0.0
mean,2030,11,162,ES1 1 bat,0.0
mean,2030,11,163,ES1 1 bat,0.0
mean,2030,11,164,ES1 1 bat,0.0
mean,2030,11,165,ES1 1 bat,0.0
mean,2030,11,166,ES1 1 bat,0.0
mean,2030,11,167,ES1 1 bat,0.0
mean,2030,21,0,ES1 1 bat,-60.96951724137932
mean,2030,21,1,ES1 1 bat,0.0
mean,2030,21,2,ES1 1 bat,0.0
mean,2030,21,3,ES1 1 bat,0.0
mean,2030,21,4,ES1 1 bat,0.0
mean,2030,21,5,ES1 1 bat,0.0
mean,2030,21,6,ES1 1 bat,0.0
mean,2030,21,7,ES1 1 bat,0.0
mean,2030,21,8,ES1 1 bat,0.0
mean,2030,21,9,ES1 1 bat,0.0
mean,2030,21,10,ES1 1 bat,0.0
mean,2030,21,11,ES1 1 bat,0.0
mean,2030,21,12,ES1 1 bat,0.0
mean,2030,21,13,ES1 1 bat,0.0
mean,2030,21,14,ES1 1 bat,0.0
mean,2030,21,15,ES1 1 bat,0.0
mean,2030,21,16,ES1 1 bat,0.0
mean,2030,21,17,ES1 1 bat,0.0
mean,2030,21,18,ES1 1 bat,0.0
mean,2030,21,19,ES1 1 bat,0.0
mean,2030,21,20,ES1 1 bat,0.0
mean,2030,21,21,ES1 1 bat,0.0
mean,2030,21,22,ES1 1 bat,0.0
mean,2030,21,23,ES1 1 bat,0.0
mean,2030,21,24,ES1 1 bat,0.0
mean,2030,21,25,ES1 1 bat,0.0
mean,2030,21,26,ES1 1 bat,0.0
mean,2030,21,27,ES1 1 bat,0.0
mean,2030,21,28,ES1 1 bat,0.0
mean,2030,21,29,ES1 1 bat,0.0
mean,2030,21,30,ES1 1 bat,0.0
mean,2030,21,31,ES1 1 bat,0.0
mean,2030,21,32,ES1 1 bat,0.0
mean,2030,21,33,ES1 1 bat,0.0
mean,2030,21,34,ES1 1 bat,0.0
mean,2030,21,35,ES1 1 bat,0.0
mean,2030,21,36,ES1 1 bat,0.0
mean,2030,21,37,ES1 1 bat,0.0
mean,2030,21,38,ES1 1 bat,0.0
mean,2030,21,39,ES1 1 bat,0.0
mean,2030,21,40,ES1 1 bat,0.0
mean,2030,21,41,ES1 1 bat,0.0
mean,2030,21,42,ES1 1 bat,0.0
mean,2030,21,43,ES1 1 bat,0.0
mean,2030,21,44,ES1 1 bat,0.0
mean,2030,21,45,ES1 1 bat,0.0
mean,2030,21,46,ES1 1 bat,0.0
mean,2030,21,47,ES1 1 bat,0.0
mean,2030,21,48,ES1 1 bat,0.0
mean,2030,21,49,ES1 1 bat,0.0
mean,2030,21,50,ES1 1 bat,0.0
mean,2030,21,51,ES1 1 bat,0.0
mean,2030,21,52,ES1 1 bat,0.0
mean,2030,21,53,ES1 1 bat,0.0
mean,2030,21,54,ES1 1 bat,0.0
mean,2030,21,55,ES1 1 bat,0.0
mean,2030,21,56,ES1 1 bat,0.0
mean,2030,21,57,ES1 1 bat,0.0
mean,2030,21,58,ES1 1 bat,0.0
mean,2030,21,59,ES1 1 bat,0.0
mean,2030,21,60,ES1 1 bat,0.0
mean,2030,21,61,ES1 1 bat,0.0
mean,2030,21,62,ES1 1 bat,0.0
mean,2030,21,63,ES1 1 bat,0.0
mean,2030,21,64,ES1 1 bat,0.0
mean,2030,21,65,ES1 1 bat,0.0
mean,2030,21,66,ES1 1 bat,0.0
mean,2030,21,67,ES1 1 bat,0.0
mean,2030,21,68,ES1 1 bat,0.0
mean,2030,21,69,ES1 1 bat,0.0
mean,2030,21,70,ES1 1 bat,0.0
mean,2030,21,71,ES1 1 bat,0.0
mean,2030,21,72,ES1 1 bat,0.0
mean,2030,21,73,ES1 1 bat,0.0
mean,2030,21,74,ES1 1 bat,0.0
mean,2030,21,75,ES1 1 bat,0.0
mean,2030,21,76,ES1 1 bat,0.0
mean,2030,21,77,ES1 1 bat,0.0
mean,2030,21,78,ES1 1 bat,0.0
mean,2030,21,79,ES1 1 bat,0.0
mean,2030,21,80,ES1 1 bat,0.0
mean,2030,21,81,ES1 1 bat,0.0
mean,2030,21,82,ES1 1 bat,0.0
mean,2030,21,83,ES1 1 bat,0.0
mean,2030,21,84,ES1 1 bat,0.0
mean,2030,21,85,ES1 1 bat,0.0
mean,2030,21,86,ES1 1 bat,0.0
mean,2030,21,87,ES1 1 bat,0.0
mean,2030,21,88,ES1 1 bat,0.0
mean,2030,21,89,ES1 1 bat,0.0
mean,2030,21,90,ES1 1 bat,0.0
mean,2030,21,91,ES1 1 bat,0.0
mean,2030,21,92,ES1 1 bat,0.0
mean,2030,21,93,ES1 1 bat,0.0
mean,2030,21,94,ES1 1 bat,0.0
mean,2030,21,95,ES1 1 bat,0.0
mean,2030,21,96,ES1 1 bat,0.0
mean,2030,21,97,ES1 1 bat,0.0
mean,2030,21,98,ES1 1 bat,0.0
mean,2030,21,99,ES1 1 bat,0.0
mean,2030,21,100,ES1 1 bat,0.0
mean,2030,21,101,ES1 1 bat,0.0
mean,2030,21,102,ES1 1 bat,0.0
mean,2030,21,103,ES1 1 bat,0.0
mean,2030,21,104,ES1 1 bat,0.0
mean,2030,21,105,ES1 1 bat,0.0
mean,2030,21,106,ES1 1 bat,0.0
mean,2030,21,107,ES1 1 bat,0.0
mean,2030,21,108,ES1 1 bat,0.0
mean,2030,21,109,ES1 1 bat,0.0
mean,2030,21,110,ES1 1 bat,0.0
mean,2030,21,111,ES1 1 bat,0.0
mean,2030,21,112,ES1 1 bat,-5.992033609295276e-07
mean,2030,21,113,ES1 1 bat,0.0
mean,2030,21,114,ES1 1 bat,0.0
mean,2030,21,115,ES1 1 bat,0.0
mean,2030,21,116,ES1 1 bat,0.0
mean,2030,21,117,ES1 1 bat,0.0
mean,2030,21,118,ES1 1 bat,0.0
mean,2030,21,119,ES1 1 bat,0.0
mean,2030,21,120,ES1 1 bat,0.0
mean,2030,21,121,ES1 1 bat,0.0
mean,2030,21,122,ES1 1 bat,0.0
mean,2030,21,123,ES1 1 bat,0.0
mean,2030,21,124,ES1 1 bat,0.0
mean,2030,21,125,ES1 1 bat,0.0
mean,2030,21,126,ES1 1 bat,0.0
mean,2030,21,127,ES1 1 bat,0.0
mean,2030,21,128,ES1 1 bat,0.0
mean,2030,21,129,ES1 1 bat,0.0
mean,2030,21,130,ES1 1 bat,0.0
mean,2030,21,131,ES1 1 bat,0.0
mean,2030,21,132,ES1 1 bat,0.0
mean,2030,21,133,ES1 1 bat,0.0
mean,2030,21,134,ES1 1 bat,0.0
mean,2030,21,135,ES1 1 bat,0.0
mean,2030,21,136,ES1 1 bat,0.0
mean,2030,21,137,ES1 1 bat,0.0
mean,2030,21,138,ES1 1 bat,0.0
mean,2030,21,139,ES1 1 bat,0.0
mean,2030,21,140,ES1 1 bat,0.0
mean,2030,21,141,ES1 1 bat,0.0
mean,2030,21,142,ES1 1 bat,0.0
mean,2030,21,143,ES1 1 bat,0.0
mean,2030,21,144,ES1 1 bat,0.0
mean,2030,21,145,ES1 1 bat,0.0
mean,2030,21,146,ES1 1 bat,0.0
mean,2030,21,147,ES1 1 bat,0.0
mean,2030,21,148,ES1 1 bat,0.0
mean,2030,21,149,ES1 1 bat,0.0
mean,2030,21,150,ES1 1 bat,0.0
mean,2030,21,151,ES1 1 bat,0.0
mean,2030,21,152,ES1 1 bat,0.0
mean,2030,21,153,ES1 1 bat,0.0
mean,2030,21,154,ES1 1 bat,0.0
mean,2030,21,155,ES1 1 bat,0.0
mean,2030,21,156,ES1 1 bat,0.0
mean,2030,21,157,ES1 1 bat,0.0
mean,2030,21,158,ES1 1 bat,0.0
mean,2030,21,159,ES1 1 bat,-0.003734660954217643
mean,2030,21,160,ES1 1 bat,0.0
mean,2030,21,161,ES1 1 bat,0.0
mean,2030,21,162,ES1 1 bat,0.0
mean,2030,21,163,ES1 1 bat,0.0
mean,2030,21,164,ES1 1 bat,0.0
mean,2030,21,165,ES1 1 bat,0.0
mean,2030,21,166,ES1 1 bat,0.0
mean,2030,21,167,ES1 1 bat,0.0
mean,2030,42,0,ES1 1 bat,-62.0699304548659
mean,2030,42,1,ES1 1 bat,0.0
mean,2030,42,2,ES1 1 bat,0.0
mean,2030,42,3,ES1 1 bat,0.0
mean,2030,42,4,ES1 1 bat,0.0
mean,2030,42,5,ES1 1 bat,0.0
mean,2030,42,6,ES1 1 bat,0.0
mean,2030,42,7,ES1 1 bat,0.0
mean,2030,42,8,ES1 1 bat,0.0
mean,2030,42,9,ES1 1 bat,0.0
mean,2030,42,10,ES1 1 bat,0.0
mean,2030,42,11,ES1 1 bat,0.0
mean,2030,42,12,ES1 1 bat,0.0
mean,2030,42,13,ES1 1 bat,0.0
mean,2030,42,14,ES1 1 bat,0.0
mean,2030,42,15,ES1 1 bat,0.0
mean,2030,42,16,ES1 1 bat,0.0
mean,2030,42,17,ES1 1 bat,0.0
mean,2030,42,18,ES1 1 bat,0.0
mean,2030,42,19,ES1 1 bat,0.0
mean,2030,42,20,ES1 1 bat,0.0
mean,2030,42,21,ES1 1 bat,0.0
mean,2030,42,22,ES1 1 bat,0.0
mean,2030,42,23,ES1 1 bat,0.0
mean,2030,42,24,ES1 1 bat,0.0
mean,2030,42,25,ES1 1 bat,0.0
mean,2030,42,26,ES1 1 bat,0.0
mean,2030,42,27,ES1 1 bat,0.0
mean,2030,42,28,ES1 1 bat,0.0
mean,2030,42,29,ES1 1 bat,0.0
mean,2030,42,30,ES1 1 bat,0.0
mean,2030,42,31,ES1 1 bat,0.0
mean,2030,42,32,ES1 1 bat,0.0
mean,2030,42,33,ES1 1 bat,0.0
mean,2030,42,34,ES1 1 bat,0.0
mean,2030,42,35,ES1 1 bat,0.0
mean,2030,42,36,ES1 1 bat,0.0
mean,2030,42,37,ES1 1 bat,0.0
mean,2030,42,38,ES1 1 bat,0.0
mean,2030,42,39,ES1 1 bat,0.0
mean,2030,42,40,ES1 1 bat,0.0
mean,2030,42,41,ES1 1 bat,0.0
mean,2030,42,42,ES1 1 bat,0.0
mean,2030,42,43,ES1 1 bat,0.0
mean,2030,42,44,ES1 1 bat,0.0
mean,2030,42,45,ES1 1 bat,0.0
mean,2030,42,46,ES1 1 bat,0.0
mean,2030,42,47,ES1 1 bat,0.0
mean,2030,42,48,ES1 1 bat,0.0
mean,2030,42,49,ES1 1 bat,0.0
mean,2030,42,50,ES1 1 bat,0.0
mean,2030,42,51,ES1 1 bat,0.0
mean,2030,42,52,ES1 1 bat,0.0
mean,2030,42,53,ES1 1 bat,0.0
mean,2030,42,54,ES1 1 bat,0.0
mean,2030,42,55,ES1 1 bat,0.0
mean,2030,42,56,ES1 1 bat,0.0
mean,2030,42,57,ES1 1 bat,0.0
mean,2030,42,58,ES1 1 bat,0.0
mean,2030,42,59,ES1 1 bat,0.0
mean,2030,42,60,ES1 1 bat,0.0
mean,2030,42,61,ES1 1 bat,0.0
mean,2030,42,62,ES1 1 bat,0.0
mean,2030,42,63,ES1 1 bat,0.0
mean,2030,42,64,ES1 1 bat,0.0
mean,2030,42,65,ES1 1 bat,0.0
mean,2030,42,66,ES1 1 bat,0.0
mean,2030,42,67,ES1 1 bat,0.0
mean,2030,42,68,ES1 1 bat,0.0
mean,2030,42,69,ES1 1 bat,0.0
mean,2030,42,70,ES1 1 bat,0.0
mean,2030,42,71,ES1 1 bat,0.0
mean,2030,42,72,ES1 1 bat,0.0
mean,2030,42,73,ES1 1 bat,0.0
mean,2030,42,74,ES1 1 bat,0.0
mean,2030,42,75,ES1 1 bat,0.0
mean,2030,42,76,ES1 1 bat,0.0
mean,2030,42,77,ES1 1 bat,0.0
mean,2030,42,78,ES1 1 bat,-0.49359956687319634
mean,2030,42,79,ES1 1 bat,0.0
mean,2030,42,80,ES1 1 bat,0.0
mean,2030,42,81,ES1 1 bat,0.0
mean,2030,42,82,ES1 1 bat,0.0
mean,2030,42,83,ES1 1 bat,0.0
mean,2030,42,84,ES1 1 bat,0.0
mean,2030,42,85,ES1 1 bat,0.0
mean,2030,42,86,ES1 1 bat,0.0
mean,2030,42,87,ES1 1 bat,0.0
mean,2030,42,88,ES1 1 bat,0.0
mean,2030,42,89,ES1 1 bat,0.0
mean,2030,42,90,ES1 1 bat,0.0
mean,2030,42,91,ES1 1 bat,0.0
mean,2030,42,92,ES1 1 bat,0.0
mean,2030,42,93,ES1 1 bat,0.0
mean,2030,42,94,ES1 1 bat,0.0
mean,2030,42,95,ES1 1 bat,0.0
mean,2030,42,96,ES1 1 bat,0.0
mean,2030,42,97,ES1 1 bat,0.0
mean,2030,42,98,ES1 1 bat,0.0
mean,2030,42,99,ES1 1 bat,0.0
mean,2030,42,100,ES1 1 bat,0.0
mean,2030,42,101,ES1 1 bat,0.0
mean,2030,42,102,ES1 1 bat,0.0
mean,2030,42,103,ES1 1 bat,0.0
mean,2030,42,104,ES1 1 bat,0.0
mean,2030,42,105,ES1 1 bat,0.0
mean,2030,42,106,ES1 1 bat,0.0
mean,2030,42,107,ES1 1 bat,0.0
mean,2030,42,108,ES1 1 bat,0.0
mean,2030,42,109,ES1 1 bat,0.0
mean,2030,42,110,ES1 1 bat,0.0
mean,2030,42,111,ES1 1 bat,0.0
mean,2030,42,112,ES1 1 bat,0.0
mean,2030,42,113,ES1 1 bat,0.0
mean,2030,42,114,ES1 1 bat,0.0
mean,2030,42,115,ES1 1 bat,0.0
mean,2030,42,116,ES1 1 bat,0.0
mean,2030,42,117,ES1 1 bat,0.0
mean,2030,42,118,ES1 1 bat,0.0
mean,2030,42,119,ES1 1 bat,0.0
mean,2030,42,120,ES1 1 bat,0.0
mean,2030,42,121,ES1 1 bat,0.0
mean,2030,42,122,ES1 1 bat,0.0
mean,2030,42,123,ES1 1 bat,0.0
mean,2030,42,124,ES1 1 bat,0.0
mean,2030,42,125,ES1 1 bat,0.0
mean,2030,42,126,ES1 1 bat,0.0
mean,2030,42,127,ES1 1 bat,0.0
mean,2030,42,128,ES1 1 bat,0.0
mean,2030,42,129,ES1 1 bat,0.0
mean,2030,42,130,ES1 1 bat,0.0
mean,2030,42,131,ES1 1 bat,0.0
mean,2030,42,132,ES1 1 bat,0.0
mean,2030,42,133,ES1 1 bat,0.0
mean,2030,42,134,ES1 1 bat,0.0
mean,2030,42,135,ES1 1 bat,0.0
mean,2030,42,136,ES1 1 bat,0.0
mean,2030,42,137,ES1 1 bat,0.0
mean,2030,42,138,ES1 1 bat,0.0
mean,2030,42,139,ES1 1 bat,0.0
mean,2030,42,140,ES1 1 bat,0.0
mean,2030,42,141,ES1 1 bat,0.0
mean,2030,42,142,ES1 1 bat,0.0
mean,2030,42,143,ES1 1 bat,0.0
mean,2030,42,144,ES1 1 bat,0.0
mean,2030,42,145,ES1 1 bat,0.0
mean,2030,42,146,ES1 1 bat,0.0
mean,2030,42,147,ES1 1 bat,0.0
mean,2030,42,148,ES1 1 bat,0.0
mean,2030,42,149,ES1 1 bat,0.0
mean,2030,42,150,ES1 1 bat,0.0
mean,2030,42,151,ES1 1 bat,0.0
mean,2030,42,152,ES1 1 bat,0.0
mean,2030,42,153,ES1 1 bat,0.0
mean,2030,42,154,ES1 1 bat,0.0
mean,2030,42,155,ES1 1 bat,0.0
mean,2030,42,156,ES1 1 bat,0.0
mean,2030,42,157,ES1 1 bat,0.0
mean,2030,42,158,ES1 1 bat,-0.0034990062226286788
mean,2030,42,159,ES1 1 bat,0.0
mean,2030,42,160,ES1 1 bat,0.0
mean,2030,42,161,ES1 1 bat,0.0
mean,2030,42,162,ES1 1 bat,0.0
mean,2030,42,163,ES1 1 bat,0.0
mean,2030,42,164,ES1 1 bat,0.0
mean,2030,42,165,ES1 1 bat,0.0
mean,2030,42,166,ES1 1 bat,0.0
mean,2030,42,167,ES1 1 bat,0.0
mean,2030,52,0,ES1 1 bat,-59.84988551074781
mean,2030,52,1,ES1 1 bat,0.0
mean,2030,52,2,ES1 1 bat,0.0
mean,2030,52,3,ES1 1 bat,0.0
mean,2030,52,4,ES1 1 bat,0.0
mean,2030,52,5,ES1 1 bat,0.0
mean,2030,52,6,ES1 1 bat,0.0
mean,2030,52,7,ES1 1 bat,0.0
mean,2030,52,8,ES1 1 bat,0.0
mean,2030,52,9,ES1 1 bat,0.0
mean,2030,52,10,ES1 1 bat,0.0
mean,2030,52,11,ES1 1 bat,0.0
mean,2030,52,12,ES1 1 bat,0.0
mean,2030,52,13,ES1 1 bat,0.0
mean,2030,52,14,ES1 1 bat,0.0
mean,2030,52,15,ES1 1 bat,0.0
mean,2030,52,16,ES1 1 bat,0.0
mean,2030,52,17,ES1 1 bat,0.0
mean,2030,52,18,ES1 1 bat,0.0
mean,2030,52,19,ES1 1 bat,0.0
mean,2030,52,20,ES1 1 bat,0.0
mean,2030,52,21,ES1 1 bat,0.0
mean,2030,52,22,ES1 1 bat,0.0
mean,2030,52,23,ES1 1 bat,0.0
mean,2030,52,24,ES1 1 bat,0.0
mean,2030,52,25,ES1 1 bat,0.0
mean,2030,52,26,ES1 1 bat,0.0
mean,2030,52,27,ES1 1 bat,0.0
mean,2030,52,28,ES1 1 bat,0.0
mean,2030,52,29,ES1 1 bat,0.0
mean,2030,52,30,ES1 1 bat,0.0
mean,2030,52,31,ES1 1 bat,0.0
mean,2030,52,32,ES1 1 bat,0.0
mean,2030,52,33,ES1 1 bat,0.0
mean,2030,52,34,ES1 1 bat,0.0
mean,2030,52,35,ES1 1 bat,0.0
mean,2030,52,36,ES1 1 bat,0.0
mean,2030,52,37,ES1 1 bat,0.0
mean,2030,52,38,ES1 1 bat,0.0
mean,2030,52,39,ES1 1 bat,0.0
mean,2030,52,40,ES1 1 bat,0.0
mean,2030,52,41,ES1 1 bat,0.0
mean,2030,52,42,ES1 1 bat,0.0
mean,2030,52,43,ES1 1 bat,0.0
mean,2030,52,44,ES1 1 bat,0.0
mean,2030,52,45,ES1 1 bat,0.0
mean,2030,52,46,ES1 1 bat,0.0
mean,2030,52,47,ES1 1 bat,0.0
mean,2030,52,48,ES1 1 bat,0.0
mean,2030,52,49,ES1 1 bat,0.0
mean,2030,52,50,ES1 1 bat,0.0
mean,2030,52,51,ES1 1 bat,0.0
mean,2030,52,52,ES1 1 bat,0.0
mean,2030,52,53,ES1 1 bat,0.0
mean,2030,52,54,ES1 1 bat,0.0
mean,2030,52,55,ES1 1 bat,0.0
mean,2030,52,56,ES1 1 bat,0.0
mean,2030,52,57,ES1 1 bat,0.0
mean,2030,52,58,ES1 1 bat,0.0
mean,2030,52,59,ES1 1 bat,0.0
mean,2030,52,60,ES1 1 bat,0.0
mean,2030,52,61,ES1 1 bat,0.0
mean,2030,52,62,ES1 1 bat,0.0
mean,2030,52,63,ES1 1 bat,0.0
mean,2030,52,64,ES1 1 bat,0.0
mean,2030,52,65,ES1 1 bat,0.0
mean,2030,52,66,ES1 1 bat,0.0
mean,2030,52,67,ES1 1 bat,0.0
mean,2030,52,68,ES1 1 bat,0.0
mean,2030,52,69,ES1 1 bat,0.0
mean,2030,52,70,ES1 1 bat,0.0
mean,2030,52,71,ES1 1 bat,0.0
mean,2030,52,72,ES1 1 bat,0.0
mean,2030,52,73,ES1 1 bat,0.0
mean,2030,52,74,ES1 1 bat,0.0
mean,2030,52,75,ES1 1 bat,0.0
mean,2030,52,76,ES1 1 bat,0.0
mean,2030,52,77,ES1 1 bat,0.0
mean,2030,52,78,ES1 1 bat,0.0
mean,2030,52,79,ES1 1 bat,0.0
mean,2030,52,80,ES1 1 bat,0.0
mean,2030,52,81,ES1 1 bat,0.0
mean,2030,52,82,ES1 1 bat,0.0
mean,2030,52,83,ES1 1 bat,0.0
mean,2030,52,84,ES1 1 bat,0.0
mean,2030,52,85,ES1 1 bat,0.0
mean,2030,52,86,ES1 1 bat,0.0
mean,2030,52,87,ES1 1 bat,0.0
mean,2030,52,88,ES1 1 bat,0.0
mean,2030,52,89,ES1 1 bat,0.0
mean,2030,52,90,ES1 1 bat,0.0
mean,2030,52,91,ES1 1 bat,0.0
mean,2030,52,92,ES1 1 bat,0.0
mean,2030,52,93,ES1 1 bat,0.0
mean,2030,52,94,ES1 1 bat,0.0
mean,2030,52,95,ES1 1 bat,0.0
mean,2030,52,96,ES1 1 bat,0.0
mean,2030,52,97,ES1 1 bat,0.0
mean,2030,52,98,ES1 1 bat,0.0
mean,2030,52,99,ES1 1 bat,0.0
mean,2030,52,100,ES1 1 bat,0.0
mean,2030,52,101,ES1 1 bat,0.0
mean,2030,52,102,ES1 1 bat,0.0
mean,2030,52,103,ES1 1 bat,0.0
mean,2030,52,104,ES1 1 bat,0.0
mean,2030,52,105,ES1 1 bat,0.0
mean,2030,52,106,ES1 1 bat,0.0
mean,2030,52,107,ES1 1 bat,0.0
mean,2030,52,108,ES1 1 bat,0.0
mean,2030,52,109,ES1 1 bat,0.0
mean,2030,52,110,ES1 1 bat,0.0
mean,2030,52,111,ES1 1 bat,0.0
mean,2030,52,112,ES1 1 bat,0.0
mean,2030,52,113,ES1 1 bat,0.0
mean,2030,52,114,ES1 1 bat,0.0
mean,2030,52,115,ES1 1 bat,0.0
mean,2030,52,116,ES1 1 bat,0.0
mean,2030,52,117,ES1 1 bat,0.0
mean,2030,52,118,ES1 1 bat,0.0
mean,2030,52,119,ES1 1 bat,0.0
mean,2030,52,120,ES1 1 bat,0.0
mean,2030,52,121,ES1 1 bat,0.0
mean,2030,52,122,ES1 1 bat,0.0
mean,2030,52,123,ES1 1 bat,0.0
mean,2030,52,124,ES1 1 bat,0.0
mean,2030,52,125,ES1 1 bat,0.0
mean,2030,52,126,ES1 1 bat,0.0
mean,2030,52,127,ES1 1 bat,0.0
mean,2030,52,128,ES1 1 bat,0.0
mean,2030,52,129,ES1 1 bat,0.0
mean,2030,52,130,ES1 1 bat,0.0
mean,2030,52,131,ES1 1 bat,0.0
mean,2030,52,132,ES1 1 bat,0.0
mean,2030,52,133,ES1 1 bat,0.0
mean,2030,52,134,ES1 1 bat,0.0
mean,2030,52,135,ES1 1 bat,0.0
mean,2030,52,136,ES1 1 bat,0.0
mean,2030,52,137,ES1 1 bat,0.0
mean,2030,52,138,ES1 1 bat,0.0
mean,2030,52,139,ES1 1 bat,0.0
mean,2030,52,140,ES1 1 bat,0.0
mean,2030,52,141,ES1 1 bat,0.0
mean,2030,52,142,ES1 1 bat,0.0
mean,2030,52,143,ES1 1 bat,0.0
mean,2030,52,144,ES1 1 bat,0.0
mean,2030,52,145,ES1 1 bat,0.0
mean,2030,52,146,ES1 1 bat,0.0
mean,2030,52,147,ES1 1 bat,0.0
mean,2030,52,148,ES1 1 bat,0.0
mean,2030,52,149,ES1 1 bat,0.0
mean,2030,52,150,ES1 1 bat,0.0
mean,2030,52,151,ES1 1 bat,0.0
mean,2030,52,152,ES1 1 bat,0.0
mean,2030,52,153,ES1 1 bat,0.0
mean,2030,52,154,ES1 1 bat,0.0
mean,2030,52,155,ES1 1 bat,0.0
mean,2030,52,156,ES1 1 bat,0.0
mean,2030,52,157,ES1 1 bat,0.0
mean,2030,52,158,ES1 1 bat,0.0
mean,2030,52,159,ES1 1 bat,0.0
mean,2030,52,160,ES1 1 bat,0.0
mean,2030,52,161,ES1 1 bat,0.0
mean,2030,52,162,ES1 1 bat,0.0
mean,2030,52,163,ES1 1 bat,0.0
mean,2030,52,164,ES1 1 bat,0.0
mean,2030,52,165,ES1 1 bat,0.0
mean,2030,52,166,ES1 1 bat,0.0
mean,2030,52,167,ES1 1 bat,0.0
mean,2040,11,0,ES1 1 bat,-0.014373988626722616
mean,2040,11,1,ES1 1 bat,0.0
mean,2040,11,2,ES1 1 bat,0.0
mean,2040,11,3,ES1 1 bat,0.0
mean,2040,11,4,ES1 1 bat,0.0
mean,2040,11,5,ES1 1 bat,0.0
mean,2040,11,6,ES1 1 bat,0.0
mean,2040,11,7,ES1 1 bat,0.0
mean,2040,11,8,ES1 1 bat,0.0
mean,2040,11,9,ES1 1 bat,0.0
mean,2040,11,10,ES1 1 bat,0.0
mean,2040,11,11,ES1 1 bat,0.0
mean,2040,11,12,ES1 1 bat,0.0
mean,2040,11,13,ES1 1 bat,0.0
mean,2040,11,14,ES1 1 bat,0.0
mean,2040,11,15,ES1 1 bat,0.0
mean,2040,11,16,ES1 1 bat,0.0
mean,2040,11,17,ES1 1 bat,0.0
mean,2040,11,18,ES1 1 bat,0.0
mean,2040,11,19,ES1 1 bat,0.0
mean,2040,11,20,ES1 1 bat,0.0
mean,2040,11,21,ES1 1 bat,0.0
mean,2040,11,22,ES1 1 bat,0.0
mean,2040,11,23,ES1 1 bat,0.0
mean,2040,11,24,ES1 1 bat,0.0
mean,2040,11,25,ES1 1 bat,0.0
mean,2040,11,26,ES1 1 bat,0.0
mean,2040,11,27,ES1 1 bat,0.0
mean,2040,11,28,ES1 1 bat,0.0
mean,2040,11,29,ES1 1 bat,0.0
mean,2040,11,30,ES1 1 bat,0.0
mean,2040,11,31,ES1 1 bat,-29.778263434936385
mean,2040,11,32,ES1 1 bat,0.0
mean,2040,11,33,ES1 1 bat,0.0
mean,2040,11,34,ES1 1 bat,0.0
mean,2040,11,35,ES1 1 bat,0.0
mean,2040,11,36,ES1 1 bat,0.0
mean,2040,11,37,ES1 1 bat,0.0
mean,2040,11,38,ES1 1 bat,0.0
mean,2040,11,39,ES1 1 bat,0.0
mean,2040,11,40,ES1 1 bat,0.0
mean,2040,11,41,ES1 1 bat,0.0
mean,2040,11,42,ES1 1 bat,0.0
mean,2040,11,43,ES1 1 bat,0.0
mean,2040,11,44,ES1 1 bat,0.0
mean,2040,11,45,ES1 1 bat,0.0
mean,2040,11,46,ES1 1 bat,0.0
mean,2040,11,47,ES1 1 bat,0.0
mean,2040,11,48,ES1 1 bat,0.0
mean,2040,11,49,ES1 1 bat,0.0
mean,2040,11,50,ES1 1 bat,0.0
mean,2040,11,51,ES1 1 bat,0.0
mean,2040,11,52,ES1 1 bat,0.0
mean,2040,11,53,ES1 1 bat,0.0
mean,2040,11,54,ES1 1 bat,0.0
mean,2040,11,55,ES1 1 bat,0.0
mean,2040,11,56,ES1 1 bat,0.0
mean,2040,11,57,ES1 1 bat,0.0
mean,2040,11,58,ES1 1 bat,0.0
mean,2040,11,59,ES1 1 bat,0.0
mean,2040,11,60,ES1 1 bat,0.0
mean,2040,11,61,ES1 1 bat,0.0
mean,2040,11,62,ES1 1 bat,0.0
mean,2040,11,63,ES1 1 bat,0.0
mean,2040,11,64,ES1 1 bat,0.0
mean,2040,11,65,ES1 1 bat,0.0
mean,2040,11,66,ES1 1 bat,0.0
mean,2040,11,67,ES1 1 bat,0.0
mean,2040,11,68,ES1 1 bat,0.0
mean,2040,11,69,ES1 1 bat,0.0
mean,2040,11,70,ES1 1 bat,0.0
mean,2040,11,71,ES1 1 bat,0.0
mean,2040,11,72,ES1 1 bat,0.0
mean,2040,11,73,ES1 1 bat,0.0
mean,2040,11,74,ES1 1 bat,0.0
mean,2040,11,75,ES1 1 bat,0.0
mean,2040,11,76,ES1 1 bat,0.0
mean,2040,11,77,ES1 1 bat,0.0
mean,2040,11,78,ES1 1 bat,0.0
mean,2040,11,79,ES1 1 bat,0.0
mean,2040,11,80,ES1 1 bat,0.0
mean,2040,11,81,ES1 1 bat,0.0
mean,2040,11,82,ES1 1 bat,0.0
mean,2040,11,83,ES1 1 bat,0.0
mean,2040,11,84,ES1 1 bat,0.0
mean,2040,11,85,ES1 1 bat,0.0
mean,2040,11,86,ES1 1 bat,0.0
mean,2040,11,87,ES1 1 bat,0.0
mean,2040,11,88,ES1 1 bat,0.0
mean,2040,11,89,ES1 1 bat,0.0
mean,2040,11,90,ES1 1 bat,0.0
mean,2040,11,91,ES1 1 bat,0.0
mean,2040,11,92,ES1 1 bat,0.0
mean,2040,11,93,ES1 1 bat,0.0
mean,2040,11,94,ES1 1 bat,0.0
mean,2040,11,95,ES1 1 bat,0.0
mean,2040,11,96,ES1 1 bat,0.0
mean,2040,11,97,ES1 1 bat,0.0
mean,2040,11,98,ES1 1 bat,0.0
mean,2040,11,99,ES1 1 bat,0.0
mean,2040,11,100,ES1 1 bat,0.0
mean,2040,11,101,ES1 1 bat,0.0
mean,2040,11,102,ES1 1 bat,0.0
mean,2040,11,103,ES1 1 bat,0.0
mean,2040,11,104,ES1 1 bat,0.0
mean,2040,11,105,ES1 1 bat,0.0
mean,2040,11,106,ES1 1 bat,0.0
mean,2040,11,107,ES1 1 bat,0.0
mean,2040,11,108,ES1 1 bat,0.0
mean,2040,11,109,ES1 1 bat,0.0
mean,2040,11,110,ES1 1 bat,0.0
mean,2040,11,111,ES1 1 bat,0.0
mean,2040,11,112,ES1 1 bat,0.0
mean,2040,11,113,ES1 1 bat,0.0
mean,2040,11,114,ES1 1 bat,0.0
mean,2040,11,115,ES1 1 bat,0.0
mean,2040,11,116,ES1 1 bat,0.0
mean,2040,11,117,ES1 1 bat,0.0
mean,2040,11,118,ES1 1 bat,0.0
mean,2040,11,119,ES1 1 bat,0.0
mean,2040,11,120,ES1 1 bat,0.0
mean,2040,11,121,ES1 1 bat,0.0
mean,2040,11,122,ES1 1 bat,0.0
mean,2040,11,123,ES1 1 bat,0.0
mean,2040,11,124,ES1 1 bat,0.0
mean,2040,11,125,ES1 1 bat,0.0
mean,2040,11,126,ES1 1 bat,0.0
mean,2040,11,127,ES1 1 bat,0.0
mean,2040,11,128,ES1 1 bat,0.0
mean,2040,11,129,ES1 1 bat,0.0
mean,2040,11,130,ES1 1 bat,0.0
mean,2040,11,131,ES1 1 bat,0.0
mean,2040,11,132,ES1 1 bat,0.0
mean,2040,11,133,ES1 1 bat,0.0
mean,2040,11,134,ES1 1 bat,0.0
mean,2040,11,135,ES1 1 bat,0.0
mean,2040,11,136,ES1 1 bat,0.0
mean,2040,11,137,ES1 1 bat,0.0
mean,2040,11,138,ES1 1 bat,0.0
mean,2040,11,139,ES1 1 bat,0.0
mean,2040,11,140,ES1 1 bat,0.0
mean,2040,11,141,ES1 1 bat,0.0
mean,2040,11,142,ES1 1 bat,0.0
mean,2040,11,143,ES1 1 bat,0.0
mean,2040,11,144,ES1 1 bat,0.0
mean,2040,11,145,ES1 1 bat,0.0
mean,2040,11,146,ES1 1 bat,0.0
mean,2040,11,147,ES1 1 bat,0.0
mean,2040,11,148,ES1 1 bat,0.0
mean,2040,11,149,ES1 1 bat,0.0
mean,2040,11,150,ES1 1 bat,0.0
mean,2040,11,151,ES1 1 bat,0.0
mean,2040,11,152,ES1 1 bat,0.0
mean,2040,11,153,ES1 1 bat,0.0
mean,2040,11,154,ES1 1 bat,0.0
mean,2040,11,155,ES1 1 bat,0.0
mean,2040,11,156,ES1 1 bat,0.0
mean,2040,11,157,ES1 1 bat,0.0
mean,2040,11,158,ES1 1 bat,0.0
mean,2040,11,159,ES1 1 bat,0.0
mean,2040,11,160,ES1 1 bat,0.0
mean,2040,11,161,ES1 1 bat,0.0
mean,2040,11,162,ES1 1 bat,0.0
mean,2040,11,163,ES1 1 bat,0.0
mean,2040,11,164,ES1 1 bat,0.0
mean,2040,11,165,ES1 1 bat,0.0
mean,2040,11,166,ES1 1 bat,0.0
mean,2040,11,167,ES1 1 bat,0.0
mean,2040,21,0,ES1 1 bat,-61.785349789936596
mean,2040,21,1,ES1 1 bat,0.0
mean,2040,21,2,ES1 1 bat,0.0
mean,2040,21,3,ES1 1 bat,0.0
mean,2040,21,4,ES1 1 bat,0.0
mean,2040,21,5,ES1 1 bat,0.0
mean,2040,21,6,ES1 1 bat,0.0
mean,2040,21,7,ES1 1 bat,0.0
mean,2040,21,8,ES1 1 bat,0.0
mean,2040,21,9,ES1 1 bat,0.0
mean,2040,21,10,ES1 1 bat,0.0
mean,2040,21,11,ES1 1 bat,0.0
mean,2040,21,12,ES1 1 bat,0.0
mean,2040,21,13,ES1 1 bat,0.0
mean,2040,21,14,ES1 1 bat,0.0
mean,2040,21,15,ES1 1 bat,0.0
mean,2040,21,16,ES1 1 bat,0.0
mean,2040,21,17,ES1 1 bat,0.0
mean,2040,21,18,ES1 1 bat,0.0
mean,2040,21,19,ES1 1 bat,0.0
mean,2040,21,20,ES1 1 bat,0.0
mean,2040,21,21,ES1 1 bat,0.0
mean,2040,21,22,ES1 1 bat,0.0
mean,2040,21,23,ES1 1 bat,0.0
mean,2040,21,24,ES1 1 bat,0.0
mean,2040,21,25,ES1 1 bat,0.0
mean,2040,21,26,ES1 1 bat,0.0
mean,2040,21,27,ES1 1 bat,0.0
mean,2040,21,28,ES1 1 bat,0.0
mean,2040,21,29,ES1 1 bat,0.0
mean,2040,21,30,ES1 1 bat,-0.5075454334128626
mean,2040,21,31,ES1 1 bat,0.0
mean,2040,21,32,ES1 1 bat,0.0
mean,2040,21,33,ES1 1 bat,0.0
mean,2040,21,34,ES1 1 bat,0.0
mean,2040,21,35,ES1 1 bat,0.0
mean,2040,21,36,ES1 1 bat,0.0
mean,2040,21,37,ES1 1 bat,0.0
mean,2040,21,38,ES1 1 bat,0.0
mean,2040,21,39,ES1 1 bat,0.0
mean,2040,21,40,ES1 1 bat,0.0
mean,2040,21,41,ES1 1 bat,0.0
mean,2040,21,42,ES1 1 bat,0.0
mean,2040,21,43,ES1 1 bat,0.0
mean,2040,21,44,ES1 1 bat,0.0
mean,2040,21,45,ES1 1 bat,0.0
mean,2040,21,46,ES1 1 bat,0.0
mean,2040,21,47,ES1 1 bat,0.0
mean,2040,21,48,ES1 1 bat,0.0
mean,2040,21,49,ES1 1 bat,0.0
mean,2040,21,50,ES1 1 bat,0.0
mean,2040,21,51,ES1 1 bat,0.0
mean,2040,21,52,ES1 1 bat,0.0
mean,2040,21,53,ES1 1 bat,0.0
mean,2040,21,54,ES1 1 bat,0.0
mean,2040,21,55,ES1 1 bat,0.0
mean,2040,21,56,ES1 1 bat,0.0
mean,2040,21,57,ES1 1 bat,0.0
mean,2040,21,58,ES1 1 bat,0.0
mean,2040,21,59,ES1 1 bat,0.0
mean,2040,21,60,ES1 1 bat,0.0
mean,2040,21,61,ES1 1 bat,0.0
mean,2040,21,62,ES1 1 bat,0.0
mean,2040,21,63,ES1 1 bat,0.0
mean,2040,21,64,ES1 1 bat,0.0
mean,2040,21,65,ES1 1 bat,0.0
mean,2040,21,66,ES1 1 bat,0.0
mean,2040,21,67,ES1 1 bat,0.0
mean,2040,21,68,ES1 1 bat,0.0
mean,2040,21,69,ES1 1 bat,0.0
mean,2040,21,70,ES1 1 bat,0.0
mean,2040,21,71,ES1 1 bat,0.0
mean,2040,21,72,ES1 1 bat,0.0
mean,2040,21,73,ES1 1 bat,0.0
mean,2040,21,74,ES1 1 bat,0.0
mean,2040,21,75,ES1 1 bat,0.0
mean,2040,21,76,ES1 1 bat,0.0
mean,2040,21,77,ES1 1 bat,0.0
mean,2040,21,78,ES1 1 bat,0.0
mean,2040,21,79,ES1 1 bat,0.0
mean,2040,21,80,ES1 1 bat,0.0
mean,2040,21,81,ES1 1 bat,0.0
mean,2040,21,82,ES1 1 bat,0.0
mean,2040,21,83,ES1 1 bat,0.0
mean,2040,21,84,ES1 1 bat,0.0
mean,2040,21,85,ES1 1 bat,0.0
mean,2040,21,86,ES1 1 bat,0.0
mean,2040,21,87,ES1 1 bat,0.0
mean,2040,21,88,ES1 1 bat,0.0
mean,2040,21,89,ES1 1 bat,0.0
mean,2040,21,90,ES1 1 bat,0.0
mean,2040,21,91,ES1 1 bat,0.0
mean,2040,21,92,ES1 1 bat,0.0
mean,2040,21,93,ES1 1 bat,0.0
mean,2040,21,94,ES1 1 bat,0.0
mean,2040,21,95,ES1 1 bat,0.0
mean,2040,21,96,ES1 1 bat,0.0
mean,2040,21,97,ES1 1 bat,0.0
mean,2040,21,98,ES1 1 bat,0.0
mean,2040,21,99,ES1 1 bat,0.0
mean,2040,21,100,ES1 1 bat,0.0
mean,2040,21,101,ES1 1 bat,0.0
mean,2040,21,102,ES1 1 bat,0.0
mean,2040,21,103,ES1 1 bat,0.0
mean,2040,21,104,ES1 1 bat,0.0
mean,2040,21,105,ES1 1 bat,0.0
mean,2040,21,106,ES1 1 bat,0.0
mean,2040,21,107,ES1 1 bat,0.0
mean,2040,21,108,ES1 1 bat,0.0
mean,2040,21,109,ES1 1 bat,0.0
mean,2040,21,110,ES1 1 bat,0.0
mean,2040,21,111,ES1 1 bat,0.0
mean,2040,21,112,ES1 1 bat,0.0
mean,2040,21,113,ES1 1 bat,0.0
mean,2040,21,114,ES1 1 bat,0.0
mean,2040,21,115,ES1 1 bat,0.0
mean,2040,21,116,ES1 1 bat,0.0
mean,2040,21,117,ES1 1 bat,0.0
mean,2040,21,118,ES1 1 bat,0.0
mean,2040,21,119,ES1 1 bat,0.0
mean,2040,21,120,ES1 1 bat,0.0
mean,2040,21,121,ES1 1 bat,0.0
mean,2040,21,122,ES1 1 bat,0.0
mean,2040,21,123,ES1 1 bat,0.0
mean,2040,21,124,ES1 1 bat,0.0
mean,2040,21,125,ES1 1 bat,0.0
mean,2040,21,126,ES1 1 bat,0.0
mean,2040,21,127,ES1 1 bat,0.0
mean,2040,21,128,ES1 1 bat,0.0
mean,2040,21,129,ES1 1 bat,0.0
mean,2040,21,130,ES1 1 bat,0.0
mean,2040,21,131,ES1 1 bat,0.0
mean,2040,21,132,ES1 1 bat,0.0
mean,2040,21,133,ES1 1 bat,0.0
mean,2040,21,134,ES1 1 bat,0.0
mean,2040,21,135,ES1 1 bat,0.0
mean,2040,21,136,ES1 1 bat,0.0
mean,2040,21,137,ES1 1 bat,0.0
mean,2040,21,138,ES1 1 bat,0.0
mean,2040,21,139,ES1 1 bat,0.0
mean,2040,21,140,ES1 1 bat,0.0
mean,2040,21,141,ES1 1 bat,0.0
mean,2040,21,142,ES1 1 bat,0.0
mean,2040,21,143,ES1 1 bat,0.0
mean,2040,21,144,ES1 1 bat,0.0
mean,2040,21,145,ES1 1 bat,0.0
mean,2040,21,146,ES1 1 bat,0.0
mean,2040,21,147,ES1 1 bat,0.0
mean,2040,21,148,ES1 1 bat,0.0
mean,2040,21,149,ES1 1 bat,0.0
mean,2040,21,150,ES1 1 bat,0.0
mean,2040,21,151,ES1 1 bat,0.0
mean,2040,21,152,ES1 1 bat,0.0
mean,2040,21,153,ES1 1 bat,0.0
mean,2040,21,154,ES1 1 bat,0.0
mean,2040,21,155,ES1 1 bat,0.0
mean,2040,21,156,ES1 1 bat,0.0
mean,2040,21,157,ES1 1 bat,0.0
mean,2040,21,158,ES1 1 bat,0.0
mean,2040,21,159,ES1 1 bat,0.0
mean,2040,21,160,ES1 1 bat,0.0
mean,2040,21,161,ES1 1 bat,0.0
mean,2040,21,162,ES1 1 bat,0.0
mean,2040,21,163,ES1 1 bat,0.0
mean,2040,21,164,ES1 1 bat,0.0
mean,2040,21,165,ES1 1 bat,0.0
mean,2040,21,166,ES1 1 bat,0.0
mean,2040,21,167,ES1 1 bat,0.0
mean,2040,42,0,ES1 1 bat,-62.0699304548659
mean,2040,42,1,ES1 1 bat,0.0
mean,2040,42,2,ES1 1 bat,0.0
mean,2040,42,3,ES1 1 bat,0.0
mean,2040,42,4,ES1 1 bat,0.0
mean,2040,42,5,ES1 1 bat,0.0
mean,2040,42,6,ES1 1 bat,0.0
mean,2040,42,7,ES1 1 bat,0.0
mean,2040,42,8,ES1 1 bat,0.0
mean,2040,42,9,ES1 1 bat,0.0
mean,2040,42,10,ES1 1 bat,0.0
mean,2040,42,11,ES1 1 bat,0.0
mean,2040,42,12,ES1 1 bat,0.0
mean,2040,42,13,ES1 1 bat,0.0
mean,2040,42,14,ES1 1 bat,0.0
mean,2040,42,15,ES1 1 bat,0.0
mean,2040,42,16,ES1 1 bat,0.0
mean,2040,42,17,ES1 1 bat,0.0
mean,2040,42,18,ES1 1 bat,0.0
mean,2040,42,19,ES1 1 bat,0.0
mean,2040,42,20,ES1 1 bat,0.0
mean,2040,42,21,ES1 1 bat,0.0
mean,2040,42,22,ES1 1 bat,0.0
mean,2040,42,23,ES1 1 bat,0.0
mean,2040,42,24,ES1 1 bat,0.0
mean,2040,42,25,ES1 1 bat,0.0
mean,2040,42,26,ES1 1 bat,0.0
mean,2040,42,27,ES1 1 bat,0.0
mean,2040,42,28,ES1 1 bat,0.0
mean,2040,42,29,ES1 1 bat,0.0
mean,2040,42,30,ES1 1 bat,0.0
mean,2040,42,31,ES1 1 bat,0.0
mean,2040,42,32,ES1 1 bat,0.0
mean,2040,42,33,ES1 1 bat,0.0
mean,2040,42,34,ES1 1 bat,0.0
mean,2040,42,35,ES1 1 bat,0.0
mean,2040,42,36,ES1 1 bat,0.0
mean,2040,42,37,ES1 1 bat,0.0
mean,2040,42,38,ES1 1 bat,0.0
mean,2040,42,39,ES1 1 bat,0.0
mean,2040,42,40,ES1 1 bat,0.0
mean,2040,42,41,ES1 1 bat,0.0
mean,2040,42,42,ES1 1 bat,0.0
mean,2040,42,43,ES1 1 bat,0.0
mean,2040,42,44,ES1 1 bat,0.0
mean,2040,42,45,ES1 1 bat,0.0
mean,2040,42,46,ES1 1 bat,0.0
mean,2040,42,47,ES1 1 bat,0.0
mean,2040,42,48,ES1 1 bat,0.0
mean,2040,42,49,ES1 1 bat,0.0
mean,2040,42,50,ES1 1 bat,0.0
mean,2040,42,51,ES1 1 bat,0.0
mean,2040,42,52,ES1 1 bat,0.0
mean,2040,42,53,ES1 1 bat,0.0
mean,2040,42,54,ES1 1 bat,0.0
mean,2040,42,55,ES1 1 bat,0.0
mean,2040,42,56,ES1 1 bat,0.0
mean,2040,42,57,ES1 1 bat,0.0
mean,2040,42,58,ES1 1 bat,0.0
mean,2040,42,59,ES1 1 bat,0.0
mean,2040,42,60,ES1 1 bat,0.0
mean,2040,42,61,ES1 1 bat,0.0
mean,2040,42,62,ES1 1 bat,0.0
mean,2040,42,63,ES1 1 bat,0.0
mean,2040,42,64,ES1 1 bat,0.0
mean,2040,42,65,ES1 1 bat,0.0
mean,2040,42,66,ES1 1 bat,0.0
mean,2040,42,67,ES1 1 bat,0.0
mean,2040,42,68,ES1 1 bat,0.0
mean,2040,42,69,ES1 1 bat,0.0
mean,2040,42,70,ES1 1 bat,0.0
mean,2040,42,71,ES1 1 bat,0.0
mean,2040,42,72,ES1 1 bat,0.0
mean,2040,42,73,ES1 1 bat,0.0
mean,2040,42,74,ES1 1 bat,0.0
mean,2040,42,75,ES1 1 bat,0.0
mean,2040,42,76,ES1 1 bat,0.0
mean,2040,42,77,ES1 1 bat,0.0
mean,2040,42,78,ES1 1 bat,0.0
mean,2040,42,79,ES1 1 bat,0.0
mean,2040,42,80,ES1 1 bat,0.0
mean,2040,42,81,ES1 1 bat,0.0
mean,2040,42,82,ES1 1 bat,0.0
mean,2040,42,83,ES1 1 bat,0.0
mean,2040,42,84,ES1 1 bat,0.0
mean,2040,42,85,ES1 1 bat,0.0
mean,2040,42,86,ES1 1 bat,0.0
mean,2040,42,87,ES1 1 bat,0.0
mean,2040,42,88,ES1 1 bat,0.0
mean,2040,42,89,ES1 1 bat,0.0
mean,2040,42,90,ES1 1 bat,-418.35145426585274
mean,2040,42,91,ES1 1 bat,0.0
mean,2040,42,92,ES1 1 bat,0.0
mean,2040,42,93,ES1 1 bat,0.0
mean,2040,42,94,ES1 1 bat,0.0
mean,2040,42,95,ES1 1 bat,0.0
mean,2040,42,96,ES1 1 bat,0.0
mean,2040,42,97,ES1 1 bat,0.0
mean,2040,42,98,ES1 1 bat,0.0
mean,2040,42,99,ES1 1 bat,0.0
mean,2040,42,100,ES1 1 bat,0.0
mean,2040,42,101,ES1 1 bat,0.0
mean,2040,42,102,ES1 1 bat,0.0
mean,2040,42,103,ES1 1 bat,0.0
mean,2040,42,104,ES1 1 bat,0.0
mean,2040,42,105,ES1 1 bat,0.0
mean,2040,42,106,ES1 1 bat,0.0
mean,2040,42,107,ES1 1 bat,0.0
mean,2040,42,108,ES1 1 bat,0.0
mean,2040,42,109,ES1 1 bat,0.0
mean,2040,42,110,ES1 1 bat,0.0
mean,2040,42,111,ES1 1 bat,0.0
mean,2040,42,112,ES1 1 bat,0.0
mean,2040,42,113,ES1 1 bat,0.0
mean,2040,42,114,ES1 1 bat,0.0
mean,2040,42,115,ES1 1 bat,0.0
mean,2040,42,116,ES1 1 bat,0.0
mean,2040,42,117,ES1 1 bat,0.0
mean,2040,42,118,ES1 1 bat,0.0
mean,2040,42,119,ES1 1 bat,0.0
mean,2040,42,120,ES1 1 bat,0.0
mean,2040,42,121,ES1 1 bat,0.0
mean,2040,42,122,ES1 1 bat,0.0
mean,2040,42,123,ES1 1 bat,0.0
mean,2040,42,124,ES1 1 bat,0.0
mean,2040,42,125,ES1 1 bat,0.0
mean,2040,42,126,ES1 1 bat,0.0
mean,2040,42,127,ES1 1 bat,0.0
mean,2040,42,128,ES1 1 bat,0.0
mean,2040,42,129,ES1 1 bat,0.0
mean,2040,42,130,ES1 1 bat,0.0
mean,2040,42,131,ES1 1 bat,0.0
mean,2040,42,132,ES1 1 bat,0.0
mean,2040,42,133,ES1 1 bat,0.0
mean,2040,42,134,ES1 1 bat,0.0
mean,2040,42,135,ES1 1 bat,0.0
mean,2040,42,136,ES1 1 bat,0.0
mean,2040,42,137,ES1 1 bat,0.0
mean,2040,42,138,ES1 1 bat,0.0
mean,2040,42,139,ES1 1 bat,0.0
mean,2040,42,140,ES1 1 bat,0.0
mean,2040,42,141,ES1 1 bat,0.0
mean,2040,42,142,ES1 1 bat,0.0
mean,2040,42,143,ES1 1 bat,0.0
mean,2040,42,144,ES1 1 bat,0.0
mean,2040,42,145,ES1 1 bat,0.0
mean,2040,42,146,ES1 1 bat,0.0
mean,2040,42,147,ES1 1 bat,0.0
mean,2040,42,148,ES1 1 bat,0.0
mean,2040,42,149,ES1 1 bat,0.0
mean,2040,42,150,ES1 1 bat,0.0
mean,2040,42,151,ES1 1 bat,0.0
mean,2040,42,152,ES1 1 bat,0.0
mean,2040,42,153,ES1 1 bat,0.0
mean,2040,42,154,ES1 1 bat,0.0
mean,2040,42,155,ES1 1 bat,0.0
mean,2040,42,156,ES1 1 bat,0.0
mean,2040,42,157,ES1 1 bat,0.0
mean,2040,42,158,ES1 1 bat,0.0
mean,2040,42,159,ES1 1 bat,0.0
mean,2040,42,160,ES1 1 bat,0.0
mean,2040,42,161,ES1 1 bat,0.0
mean,2040,42,162,ES1 1 bat,0.0
mean,2040,42,163,ES1 1 bat,0.0
mean,2040,42,164,ES1 1 bat,0.0
mean,2040,42,165,ES1 1 bat,0.0
mean,2040,42,166,ES1 1 bat,0.0
mean,2040,42,167,ES1 1 bat,0.0
mean,2040,52,0,ES1 1 bat,-59.662367337868574
mean,2040,52,1,ES1 1 bat,0.0
mean,2040,52,2,ES1 1 bat,0.0
mean,2040,52,3,ES1 1 bat,0.0
mean,2040,52,4,ES1 1 bat,0.0
mean,2040,52,5,ES1 1 bat,0.0
mean,2040,52,6,ES1 1 bat,0.0
mean,2040,52,7,ES1 1 bat,0.0
mean,2040,52,8,ES1 1 bat,0.0
mean,2040,52,9,ES1 1 bat,0.0
mean,2040,52,10,ES1 1 bat,0.0
mean,2040,52,11,ES1 1 bat,0.0
mean,2040,52,12,ES1 1 bat,0.0
mean,2040,52,13,ES1 1 bat,0.0
mean,2040,52,14,ES1 1 bat,0.0
mean,2040,52,15,ES1 1 bat,0.0
mean,2040,52,16,ES1 1 bat,0.0
mean,2040,52,17,ES1 1 bat,0.0
mean,2040,52,18,ES1 1 bat,0.0
mean,2040,52,19,ES1 1 bat,0.0
mean,2040,52,20,ES1 1 bat,0.0
mean,2040,52,21,ES1 1 bat,0.0
mean,2040,52,22,ES1 1 bat,0.0
mean,2040,52,23,ES1 1 bat,0.0
mean,2040,52,24,ES1 1 bat,0.0
mean,2040,52,25,ES1 1 bat,0.0
mean,2040,52,26,ES1 1 bat,0.0
mean,2040,52,27,ES1 1 bat,0.0
mean,2040,52,28,ES1 1 bat,0.0
mean,2040,52,29,ES1 1 bat,0.0
mean,2040,52,30,ES1 1 bat,0.0
mean,2040,52,31,ES1 1 bat,0.0
mean,2040,52,32,ES1 1 bat,0.0
mean,2040,52,33,ES1 1 bat,0.0
mean,2040,52,34,ES1 1 bat,0.0
mean,2040,52,35,ES1 1 bat,0.0
mean,2040,52,36,ES1 1 bat,0.0
mean,2040,52,37,ES1 1 bat,0.0
mean,2040,52,38,ES1 1 bat,0.0
mean,2040,52,39,ES1 1 bat,0.0
mean,2040,52,40,ES1 1 bat,0.0
mean,2040,52,41,ES1 1 bat,0.0
mean,2040,52,42,ES1 1 bat,0.0
mean,2040,52,43,ES1 1 bat,0.0
mean,2040,52,44,ES1 1 bat,0.0
mean,2040,52,45,ES1 1 bat,0.0
mean,2040,52,46,ES1 1 bat,0.0
mean,2040,52,47,ES1 1 bat,0.0
mean,2040,52,48,ES1 1 bat,0.0
mean,2040,52,49,ES1 1 bat,0.0
mean,2040,52,50,ES1 1 bat,0.0
mean,2040,52,51,ES1 1 bat,0.0
mean,2040,52,52,ES1 1 bat,0.0
mean,2040,52,53,ES1 1 bat,0.0
mean,2040,52,54,ES1 1 bat,0.0
mean,2040,52,55,ES1 1 bat,0.0
mean,2040,52,56,ES1 1 bat,0.0
mean,2040,52,57,ES1 1 bat,0.0
mean,2040,52,58,ES1 1 bat,0.0
mean,2040,52,59,ES1 1 bat,0.0
mean,2040,52,60,ES1 1 bat,0.0
mean,2040,52,61,ES1 1 bat,0.0
mean,2040,52,62,ES1 1 bat,0.0
mean,2040,52,63,ES1 1 bat,0.0
mean,2040,52,64,ES1 1 bat,0.0
mean,2040,52,65,ES1 1 bat,0.0
mean,2040,52,66,ES1 1 bat,0.0
mean,2040,52,67,ES1 1 bat,0.0
mean,2040,52,68,ES1 1 bat,0.0
mean,2040,52,69,ES1 1 bat,0.0
mean,2040,52,70,ES1 1 bat,0.0
mean,2040,52,71,ES1 1 bat,0.0
mean,2040,52,72,ES1 1 bat,0.0
mean,2040,52,73,ES1 1 bat,0.0
mean,2040,52,74,ES1 1 bat,0.0
mean,2040,52,75,ES1 1 bat,0.0
mean,2040,52,76,ES1 1 bat,0.0
mean,2040,52,77,ES1 1 bat,0.0
mean,2040,52,78,ES1 1 bat,0.0
mean,2040,52,79,ES1 1 bat,0.0
mean,2040,52,80,ES1 1 bat,0.0
mean,2040,52,81,ES1 1 bat,0.0
mean,2040,52,82,ES1 1 bat,0.0
mean,2040,52,83,ES1 1 bat,0.0
mean,2040,52,84,ES1 1 bat,0.0
mean,2040,52,85,ES1 1 bat,0.0
mean,2040,52,86,ES1 1 bat,0.0
mean,2040,52,87,ES1 1 bat,0.0
mean,2040,52,88,ES1 1 bat,0.0
mean,2040,52,89,ES1 1 bat,0.0
mean,2040,52,90,ES1 1 bat,0.0
mean,2040,52,91,ES1 1 bat,0.0
mean,2040,52,92,ES1 1 bat,0.0
mean,2040,52,93,ES1 1 bat,0.0
mean,2040,52,94,ES1 1 bat,0.0
mean,2040,52,95,ES1 1 bat,0.0
mean,2040,52,96,ES1 1 bat,0.0
mean,2040,52,97,ES1 1 bat,0.0
mean,2040,52,98,ES1 1 bat,0.0
mean,2040,52,99,ES1 1 bat,0.0
mean,2040,52,100,ES1 1 bat,0.0
mean,2040,52,101,ES1 1 bat,0.0
mean,2040,52,102,ES1 1 bat,0.0
mean,2040,52,103,ES1 1 bat,0.0
mean,2040,52,104,ES1 1 bat,0.0
mean,2040,52,105,ES1 1 bat,0.0
mean,2040,52,106,ES1 1 bat,0.0
mean,2040,52,107,ES1 1 bat,0.0
mean,2040,52,108,ES1 1 bat,0.0
mean,2040,52,109,ES1 1 bat,0.0
mean,2040,52,110,ES1 1 bat,0.0
mean,2040,52,111,ES1 1 bat,0.0
mean,2040,52,112,ES1 1 bat,0.0
mean,2040,52,113,ES1 1 bat,0.0
mean,2040,52,114,ES1 1 bat,0.0
mean,2040,52,115,ES1 1 bat,0.0
mean,2040,52,116,ES1 1 bat,0.0
mean,2040,52,117,ES1 1 bat,0.0
mean,2040,52,118,ES1 1 bat,0.0
mean,2040,52,119,ES1 1 bat,0.0
mean,2040,52,120,ES1 1 bat,0.0
mean,2040,52,121,ES1 1 bat,0.0
mean,2040,52,122,ES1 1 bat,0.0
mean,2040,52,123,ES1 1 bat,0.0
mean,2040,52,124,ES1 1 bat,0.0
mean,2040,52,125,ES1 1 bat,0.0
mean,2040,52,126,ES1 1 bat,0.0
mean,2040,52,127,ES1 1 bat,0.0
mean,2040,52,128,ES1 1 bat,0.0
mean,2040,52,129,ES1 1 bat,0.0
mean,2040,52,130,ES1 1 bat,0.0
mean,2040,52,131,ES1 1 bat,0.0
mean,2040,52,132,ES1 1 bat,0.0
mean,2040,52,133,ES1 1 bat,0.0
mean,2040,52,134,ES1 1 bat,0.0
mean,2040,52,135,ES1 1 bat,0.0
mean,2040,52,136,ES1 1 bat,0.0
mean,2040,52,137,ES1 1 bat,0.0
mean,2040,52,138,ES1 1 bat,0.0
mean,2040,52,139,ES1 1 bat,0.0
mean,2040,52,140,ES1 1 bat,0.0
mean,2040,52,141,ES1 1 bat,0.0
mean,2040,52,142,ES1 1 bat,0.0
mean,2040,52,143,ES1 1 bat,0.0
mean,2040,52,144,ES1 1 bat,0.0
mean,2040,52,145,ES1 1 bat,0.0
mean,2040,52,146,ES1 1 bat,0.0
mean,2040,52,147,ES1 1 bat,0.0
mean,2040,52,148,ES1 1 bat,0.0
mean,2040,52,149,ES1 1 bat,0.0
mean,2040,52,150,ES1 1 bat,0.0
mean,2040,52,151,ES1 1 bat,0.0
mean,2040,52,152,ES1 1 bat,0.0
mean,2040,52,153,ES1 1 bat,0.0
mean,2040,52,154,ES1 1 bat,0.0
mean,2040,52,155,ES1 1 bat,0.0
mean,2040,52,156,ES1 1 bat,0.0
mean,2040,52,157,ES1 1 bat,0.0
mean,2040,52,158,ES1 1 bat,0.0
mean,2040,52,159,ES1 1 bat,0.0
mean,2040,52,160,ES1 1 bat,0.0
mean,2040,52,161,ES1 1 bat,0.0
mean,2040,52,162,ES1 1 bat,0.0
mean,2040,52,163,ES1 1 bat,0.0
mean,2040,52,164,ES1 1 bat,0.0
mean,2040,52,165,ES1 1 bat,0.0
mean,2040,52,166,ES1 1 bat,0.0
mean,2040,52,167,ES1 1 bat,0.0
mean,2050,11,0,ES1 1 bat,-0.01427910963505877
mean,2050,11,1,ES1 1 bat,0.0
mean,2050,11,2,ES1 1 bat,0.0
mean,2050,11,3,ES1 1 bat,0.0
mean,2050,11,4,ES1 1 bat,0.0
mean,2050,11,5,ES1 1 bat,0.0
mean,2050,11,6,ES1 1 bat,0.0
mean,2050,11,7,ES1 1 bat,0.0
mean,2050,11,8,ES1 1 bat,0.0
mean,2050,11,9,ES1 1 bat,0.0
mean,2050,11,10,ES1 1 bat,0.0
mean,2050,11,11,ES1 1 bat,0.0
mean,2050,11,12,ES1 1 bat,0.0
mean,2050,11,13,ES1 1 bat,0.0
mean,2050,11,14,ES1 1 bat,0.0
mean,2050,11,15,ES1 1 bat,0.0
mean,2050,11,16,ES1 1 bat,0.0
mean,2050,11,17,ES1 1 bat,0.0
mean,2050,11,18,ES1 1 bat,0.0
mean,2050,11,19,ES1 1 bat,0.0
mean,2050,11,20,ES1 1 bat,0.0
mean,2050,11,21,ES1 1 bat,0.0
mean,2050,11,22,ES1 1 bat,0.0
mean,2050,11,23,ES1 1 bat,0.0
mean,2050,11,24,ES1 1 bat,0.0
mean,2050,11,25,ES1 1 bat,0.0
mean,2050,11,26,ES1 1 bat,0.0
mean,2050,11,27,ES1 1 bat,0.0
mean,2050,11,28,ES1 1 bat,0.0
mean,2050,11,29,ES1 1 bat,0.0
mean,2050,11,30,ES1 1 bat,0.0
mean,2050,11,31,ES1 1 bat,0.0
mean,2050,11,32,ES1 1 bat,0.0
mean,2050,11,33,ES1 1 bat,0.0
mean,2050,11,34,ES1 1 bat,0.0
mean,2050,11,35,ES1 1 bat,0.0
mean,2050,11,36,ES1 1 bat,0.0
mean,2050,11,37,ES1 1 bat,0.0
mean,2050,11,38,ES1 1 bat,0.0
mean,2050,11,39,ES1 1 bat,0.0
mean,2050,11,40,ES1 1 bat,0.0
mean,2050,11,41,ES1 1 bat,0.0
mean,2050,11,42,ES1 1 bat,0.0
mean,2050,11,43,ES1 1 bat,0.0
mean,2050,11,44,ES1 1 bat,0.0
mean,2050,11,45,ES1 1 bat,0.0
mean,2050,11,46,ES1 1 bat,0.0
mean,2050,11,47,ES1 1 bat,0.0
mean,2050,11,48,ES1 1 bat,0.0
mean,2050,11,49,ES1 1 bat,0.0
mean,2050,11,50,ES1 1 bat,0.0
mean,2050,11,51,ES1 1 bat,0.0
mean,2050,11,52,ES1 1 bat,0.0
mean,2050,11,53,ES1 1 bat,0.0
mean,2050,11,54,ES1 1 bat,0.0
mean,2050,11,55,ES1 1 bat,0.0
mean,2050,11,56,ES1 1 bat,0.0
mean,2050,11,57,ES1 1 bat,0.0
mean,2050,11,58,ES1 1 bat,0.0
mean,2050,11,59,ES1 1 bat,0.0
mean,2050,11,60,ES1 1 bat,0.0
mean,2050,11,61,ES1 1 bat,0.0
mean,2050,11,62,ES1 1 bat,0.0
mean,2050,11,63,ES1 1 bat,0.0
mean,2050,11,64,ES1 1 bat,0.0
mean,2050,11,65,ES1 1 bat,0.0
mean,2050,11,66,ES1 1 bat,0.0
mean,2050,11,67,ES1 1 bat,0.0
mean,2050,11,68,ES1 1 bat,0.0
mean,2050,11,69,ES1 1 bat,0.0
mean,2050,11,70,ES1 1 bat,0.0
mean,2050,11,71,ES1 1 bat,0.0
mean,2050,11,72,ES1 1 bat,0.0
mean,2050,11,73,ES1 1 bat,0.0
mean,2050,11,74,ES1 1 bat,0.0
mean,2050,11,75,ES1 1 bat,0.0
mean,2050,11,76,ES1 1 bat,0.0
mean,2050,11,77,ES1 1 bat,0.0
mean,2050,11,78,ES1 1 bat,0.0
mean,2050,11,79,ES1 1 bat,0.0
mean,2050,11,80,ES1 1 bat,0.0
mean,2050,11,81,ES1 1 bat,0.0
mean,2050,11,82,ES1 1 bat,0.0
mean,2050,11,83,ES1 1 bat,0.0
mean,2050,11,84,ES1 1 bat,0.0
mean,2050,11,85,ES1 1 bat,0.0
mean,2050,11,86,ES1 1 bat,0.0
mean,2050,11,87,ES1 1 bat,0.0
mean,2050,11,88,ES1 1 bat,0.0
mean,2050,11,89,ES1 1 bat,0.0
mean,2050,11,90,ES1 1 bat,0.0
mean,2050,11,91,ES1 1 bat,0.0
mean,2050,11,92,ES1 1 bat,0.0
mean,2050,11,93,ES1 1 bat,0.0
mean,2050,11,94,ES1 1 bat,0.0
mean,2050,11,95,ES1 1 bat,0.0
mean,2050,11,96,ES1 1 bat,0.0
mean,2050,11,97,ES1 1 bat,0.0
mean,2050,11,98,ES1 1 bat,0.0
mean,2050,11,99,ES1 1 bat,0.0
mean,2050,11,100,ES1 1 bat,0.0
mean,2050,11,101,ES1 1 bat,0.0
mean,2050,11,102,ES1 1 bat,0.0
mean,2050,11,103,ES1 1 bat,0.0
mean,2050,11,104,ES1 1 bat,0.0
mean,2050,11,105,ES1 1 bat,0.0
mean,2050,11,106,ES1 1 bat,0.0
mean,2050,11,107,ES1 1 bat,0.0
mean,2050,11,108,ES1 1 bat,0.0
mean,2050,11,109,ES1 1 bat,0.0
mean,2050,11,110,ES1 1 bat,0.0
mean,2050,11,111,ES1 1 bat,0.0
mean,2050,11,112,ES1 1 bat,0.0
mean,2050,11,113,ES1 1 bat,0.0
mean,2050,11,114,ES1 1 bat,0.0
mean,2050,11,115,ES1 1 bat,0.0
mean,2050,11,116,ES1 1 bat,0.0
mean,2050,11,117,ES1 1 bat,0.0
mean,2050,11,118,ES1 1 bat,0.0
mean,2050,11,119,ES1 1 bat,0.0
mean,2050,11,120,ES1 1 bat,0.0
mean,2050,11,121,ES1 1 bat,0.0
mean,2050,11,122,ES1 1 bat,0.0
mean,2050,11,123,ES1 1 bat,0.0
mean,2050,11,124,ES1 1 bat,0.0
mean,2050,11,125,ES1 1 bat,0.0
mean,2050,11,126,ES1 1 bat,0.0
mean,2050,11,127,ES1 1 bat,0.0
mean,2050,11,128,ES1 1 bat,0.0
mean,2050,11,129,ES1 1 bat,0.0
mean,2050,11,130,ES1 1 bat,0.0
mean,2050,11,131,ES1 1 bat,0.0
mean,2050,11,132,ES1 1 bat,0.0
mean,2050,11,133,ES1 1 bat,0.0
mean,2050,11,134,ES1 1 bat,0.0
mean,2050,11,135,ES1 1 bat,0.0
mean,2050,11,136,ES1 1 bat,0.0
mean,2050,11,137,ES1 1 bat,0.0
mean,2050,11,138,ES1 1 bat,0.0
mean,2050,11,139,ES1 1 bat,0.0
mean,2050,11,140,ES1 1 bat,0.0
mean,2050,11,141,ES1 1 bat,0.0
mean,2050,11,142,ES1 1 bat,0.0
mean,2050,11,143,ES1 1 bat,0.0
mean,2050,11,144,ES1 1 bat,0.0
mean,2050,11,145,ES1 1 bat,0.0
mean,2050,11,146,ES1 1 bat,0.0
mean,2050,11,147,ES1 1 bat,0.0
mean,2050,11,148,ES1 1 bat,0.0
mean,2050,11,149,ES1 1 bat,0.0
mean,2050,11,150,ES1 1 bat,0.0
mean,2050,11,151,ES1 1 bat,0.0
mean,2050,11,152,ES1 1 bat,0.0
mean,2050,11,153,ES1 1 bat,0.0
mean,2050,11,154,ES1 1 bat,0.0
mean,2050,11,155,ES1 1 bat,0.0
mean,2050,11,156,ES1 1 bat,0.0
mean,2050,11,157,ES1 1 bat,0.0
mean,2050,11,158,ES1 1 bat,0.0
mean,2050,11,159,ES1 1 bat,0.0
mean,2050,11,160,ES1 1 bat,0.0
mean,2050,11,161,ES1 1 bat,0.0
mean,2050,11,162,ES1 1 bat,0.0
mean,2050,11,163,ES1 1 bat,0.0
mean,2050,11,164,ES1 1 bat,0.0
mean,2050,11,165,ES1 1 bat,0.0
mean,2050,11,166,ES1 1 bat,0.0
mean,2050,11,167,ES1 1 bat,0.0
mean,2050,21,0,ES1 1 bat,-60.030629027370836
mean,2050,21,1,ES1 1 bat,0.0
mean,2050,21,2,ES1 1 bat,0.0
mean,2050,21,3,ES1 1 bat,0.0
mean,2050,21,4,ES1 1 bat,0.0
mean,2050,21,5,ES1 1 bat,0.0
mean,2050,21,6,ES1 1 bat,0.0
mean,2050,21,7,ES1 1 bat,0.0
mean,2050,21,8,ES1 1 bat,0.0
mean,2050,21,9,ES1 1 bat,0.0
mean,2050,21,10,ES1 1 bat,0.0
mean,2050,21,11,ES1 1 bat,0.0
mean,2050,21,12,ES1 1 bat,0.0
mean,2050,21,13,ES1 1 bat,0.0
mean,2050,21,14,ES1 1 bat,0.0
mean,2050,21,15,ES1 1 bat,0.0
mean,2050,21,16,ES1 1 bat,0.0
mean,2050,21,17,ES1 1 bat,0.0
mean,2050,21,18,ES1 1 bat,0.0
mean,2050,21,19,ES1 1 bat,0.0
mean,2050,21,20,ES1 1 bat,0.0
mean,2050,21,21,ES1 1 bat,0.0
mean,2050,21,22,ES1 1 bat,0.0
mean,2050,21,23,ES1 1 bat,0.0
mean,2050,21,24,ES1 1 bat,0.0
mean,2050,21,25,ES1 1 bat,0.0
mean,2050,21,26,ES1 1 bat,0.0
mean,2050,21,27,ES1 1 bat,0.0
mean,2050,21,28,ES1 1 bat,0.0
mean,2050,21,29,ES1 1 bat,0.0
mean,2050,21,30,ES1 1 bat,0.0
mean,2050,21,31,ES1 1 bat,0.0
mean,2050,21,32,ES1 1 bat,0.0
mean,2050,21,33,ES1 1 bat,0.0
mean,2050,21,34,ES1 1 bat,0.0
mean,2050,21,35,ES1 1 bat,0.0
mean,2050,21,36,ES1 1 bat,0.0
mean,2050,21,37,ES1 1 bat,0.0
mean,2050,21,38,ES1 1 bat,0.0
mean,2050,21,39,ES1 1 bat,0.0
mean,2050,21,40,ES1 1 bat,0.0
mean,2050,21,41,ES1 1 bat,0.0
mean,2050,21,42,ES1 1 bat,0.0
mean,2050,21,43,ES1 1 bat,0.0
mean,2050,21,44,ES1 1 bat,0.0
mean,2050,21,45,ES1 1 bat,0.0
mean,2050,21,46,ES1 1 bat,0.0
mean,2050,21,47,ES1 1 bat,0.0
mean,2050,21,48,ES1 1 bat,0.0
mean,2050,21,49,ES1 1 bat,0.0
mean,2050,21,50,ES1 1 bat,0.0
mean,2050,21,51,ES1 1 bat,0.0
mean,2050,21,52,ES1 1 bat,0.0
mean,2050,21,53,ES1 1 bat,0.0
mean,2050,21,54,ES1 1 bat,0.0
mean,2050,21,55,ES1 1 bat,0.0
mean,2050,21,56,ES1 1 bat,0.0
mean,2050,21,57,ES1 1 bat,0.0
mean,2050,21,58,ES1 1 bat,0.0
mean,2050,21,59,ES1 1 bat,0.0
mean,2050,21,60,ES1 1 bat,0.0
mean,2050,21,61,ES1 1 bat,0.0
mean,2050,21,62,ES1 1 bat,0.0
mean,2050,21,63,ES1 1 bat,0.0
mean,2050,21,64,ES1 1 bat,0.0
mean,2050,21,65,ES1 1 bat,0.0
mean,2050,21,66,ES1 1 bat,0.0
mean,2050,21,67,ES1 1 bat,0.0
mean,2050,21,68,ES1 1 bat,0.0
mean,2050,21,69,ES1 1 bat,0.0
mean,2050,21,70,ES1 1 bat,0.0
mean,2050,21,71,ES1 1 bat,0.0
mean,2050,21,72,ES1 1 bat,0.0
mean,2050,21,73,ES1 1 bat,0.0
mean,2050,21,74,ES1 1 bat,0.0
mean,2050,21,75,ES1 1 bat,0.0
mean,2050,21,76,ES1 1 bat,0.0
mean,2050,21,77,ES1 1 bat,0.0
mean,2050,21,78,ES1 1 bat,0.0
mean,2050,21,79,ES1 1 bat,0.0
mean,2050,21,80,ES1 1 bat,0.0
mean,2050,21,81,ES1 1 bat,0.0
mean,2050,21,82,ES1 1 bat,0.0
mean,2050,21,83,ES1 1 bat,0.0
mean,2050,21,84,ES1 1 bat,0.0
mean,2050,21,85,ES1 1 bat,0.0
mean,2050,21,86,ES1 1 bat,0.0
mean,2050,21,87,ES1 1 bat,0.0
mean,2050,21,88,ES1 1 bat,0.0
mean,2050,21,89,ES1 1 bat,0.0
mean,2050,21,90,ES1 1 bat,0.0
mean,2050,21,91,ES1 1 bat,0.0
mean,2050,21,92,ES1 1 bat,0.0
mean,2050,21,93,ES1 1 bat,0.0
mean,2050,21,94,ES1 1 bat,0.0
mean,2050,21,95,ES1 1 bat,0.0
mean,2050,21,96,ES1 1 bat,0.0
mean,2050,21,97,ES1 1 bat,0.0
mean,2050,21,98,ES1 1 bat,0.0
mean,2050,21,99,ES1 1 bat,0.0
mean,2050,21,100,ES1 1 bat,0.0
mean,2050,21,101,ES1 1 bat,0.0
mean,2050,21,102,ES1 1 bat,0.0
mean,2050,21,103,ES1 1 bat,0.0
mean,2050,21,104,ES1 1 bat,0.0
mean,2050,21,105,ES1 1 bat,0.0
mean,2050,21,106,ES1 1 bat,0.0
mean,2050,21,107,ES1 1 bat,0.0
mean,2050,21,108,ES1 1 bat,0.0
mean,2050,21,109,ES1 1 bat,0.0
mean,2050,21,110,ES1 1 bat,0.0
mean,2050,21,111,ES1 1 bat,0.0
mean,2050,21,112,ES1 1 bat,0.0
mean,2050,21,113,ES1 1 bat,0.0
mean,2050,21,114,ES1 1 bat,0.0
mean,2050,21,115,ES1 1 bat,0.0
mean,2050,21,116,ES1 1 bat,0.0
mean,2050,21,117,ES1 1 bat,0.0
mean,2050,21,118,ES1 1 bat,0.0
mean,2050,21,119,ES1 1 bat,0.0
mean,2050,21,120,ES1 1 bat,0.0
mean,2050,21,121,ES1 1 bat,0.0
mean,2050,21,122,ES1 1 bat,0.0
mean,2050,21,123,ES1 1 bat,0.0
mean,2050,21,124,ES1 1 bat,0.0
mean,2050,21,125,ES1 1 bat,0.0
mean,2050,21,126,ES1 1 bat,0.0
mean,2050,21,127,ES1 1 bat,0.0
mean,2050,21,128,ES1 1 bat,0.0
mean,2050,21,129,ES1 1 bat,0.0
mean,2050,21,130,ES1 1 bat,0.0
mean,2050,21,131,ES1 1 bat,0.0
mean,2050,21,132,ES1 1 bat,0.0
mean,2050,21,133,ES1 1 bat,0.0
mean,2050,21,134,ES1 1 bat,0.0
mean,2050,21,135,ES1 1 bat,0.0
mean,2050,21,136,ES1 1 bat,0.0
mean,2050,21,137,ES1 1 bat,0.0
mean,2050,21,138,ES1 1 bat,0.0
mean,2050,21,139,ES1 1 bat,0.0
mean,2050,21,140,ES1 1 bat,0.0
mean,2050,21,141,ES1 1 bat,0.0
mean,2050,21,142,ES1 1 bat,0.0
mean,2050,21,143,ES1 1 bat,0.0
mean,2050,21,144,ES1 1 bat,0.0
mean,2050,21,145,ES1 1 bat,0.0
mean,2050,21,146,ES1 1 bat,0.0
mean,2050,21,147,ES1 1 bat,0.0
mean,2050,21,148,ES1 1 bat,0.0
mean,2050,21,149,ES1 1 bat,0.0
mean,2050,21,150,ES1 1 bat,0.0
mean,2050,21,151,ES1 1 bat,0.0
mean,2050,21,152,ES1 1 bat,0.0
mean,2050,21,153,ES1 1 bat,0.0
mean,2050,21,154,ES1 1 bat,0.0
mean,2050,21,155,ES1 1 bat,0.0
mean,2050,21,156,ES1 1 bat,0.0
mean,2050,21,157,ES1 1 bat,0.0
mean,2050,21,158,ES1 1 bat,0.0
mean,2050,21,159,ES1 1 bat,0.0
mean,2050,21,160,ES1 1 bat,0.0
mean,2050,21,161,ES1 1 bat,0.0
mean,2050,21,162,ES1 1 bat,0.0
mean,2050,21,163,ES1 1 bat,0.0
mean,2050,21,164,ES1 1 bat,0.0
mean,2050,21,165,ES1 1 bat,0.0
mean,2050,21,166,ES1 1 bat,0.0
mean,2050,21,167,ES1 1 bat,0.0
mean,2050,42,0,ES1 1 bat,-60.030629027370836
mean,2050,42,1,ES1 1 bat,0.0
mean,2050,42,2,ES1 1 bat,0.0
mean,2050,42,3,ES1 1 bat,0.0
mean,2050,42,4,ES1 1 bat,0.0
mean,2050,42,5,ES1 1 bat,0.0
mean,2050,42,6,ES1 1 bat,0.0
mean,2050,42,7,ES1 1 bat,0.0
mean,2050,42,8,ES1 1 bat,0.0
mean,2050,42,9,ES1 1 bat,0.0
mean,2050,42,10,ES1 1 bat,0.0
mean,2050,42,11,ES1 1 bat,0.0
mean,2050,42,12,ES1 1 bat,0.0
mean,2050,42,13,ES1 1 bat,0.0
mean,2050,42,14,ES1 1 bat,0.0
mean,2050,42,15,ES1 1 bat,0.0
mean,2050,42,16,ES1 1 bat,0.0
mean,2050,42,17,ES1 1 bat,0.0
mean,2050,42,18,ES1 1 bat,0.0
mean,2050,42,19,ES1 1 bat,0.0
mean,2050,42,20,ES1 1 bat,0.0
mean,2050,42,21,ES1 1 bat,0.0
mean,2050,42,22,ES1 1 bat,0.0
mean,2050,42,23,ES1 1 bat,0.0
mean,2050,42,24,ES1 1 bat,0.0
mean,2050,42,25,ES1 1 bat,0.0
mean,2050,42,26,ES1 1 bat,0.0
mean,2050,42,27,ES1 1 bat,0.0
mean,2050,42,28,ES1 1 bat,0.0
mean,2050,42,29,ES1 1 bat,0.0
mean,2050,42,30,ES1 1 bat,0.0
mean,2050,42,31,ES1 1 bat,0.0
mean,2050,42,32,ES1 1 bat,0.0
mean,2050,42,33,ES1 1 bat,0.0
mean,2050,42,34,ES1 1 bat,0.0
mean,2050,42,35,ES1 1 bat,0.0
mean,2050,42,36,ES1 1 bat,0.0
mean,2050,42,37,ES1 1 bat,0.0
mean,2050,42,38,ES1 1 bat,0.0
mean,2050,42,39,ES1 1 bat,0.0
mean,2050,42,40,ES1 1 bat,0.0
mean,2050,42,41,ES1 1 bat,0.0
mean,2050,42,42,ES1 1 bat,0.0
mean,2050,42,43,ES1 1 bat,0.0
mean,2050,42,44,ES1 1 bat,0.0
mean,2050,42,45,ES1 1 bat,0.0
mean,2050,42,46,ES1 1 bat,0.0
mean,2050,42,47,ES1 1 bat,0.0
mean,2050,42,48,ES1 1 bat,0.0
mean,2050,42,49,ES1 1 bat,0.0
mean,2050,42,50,ES1 1 bat,0.0
mean,2050,42,51,ES1 1 bat,0.0
mean,2050,42,52,ES1 1 bat,0.0
mean,2050,42,53,ES1 1 bat,0.0
mean,2050,42,54,ES1 1 bat,0.0
mean,2050,42,55,ES1 1 bat,0.0
mean,2050,42,56,ES1 1 bat,0.0
mean,2050,42,57,ES1 1 bat,0.0
mean,2050,42,58,ES1 1 bat,0.0
mean,2050,42,59,ES1 1 bat,0.0
mean,2050,42,60,ES1 1 bat,0.0
mean,2050,42,61,ES1 1 bat,0.0
mean,2050,42,62,ES1 1 bat,0.0
mean,2050,42,63,ES1 1 bat,0.0
mean,2050,42,64,ES1 1 bat,0.0
mean,2050,42,65,ES1 1 bat,0.0
mean,2050,42,66,ES1 1 bat,0.0
mean,2050,42,67,ES1 1 bat,0.0
mean,2050,42,68,ES1 1 bat,0.0
mean,2050,42,69,ES1 1 bat,0.0
mean,2050,42,70,ES1 1 bat,0.0
mean,2050,42,71,ES1 1 bat,0.0
mean,2050,42,72,ES1 1 bat,0.0
mean,2050,42,73,ES1 1 bat,0.0
mean,2050,42,74,ES1 1 bat,0.0
mean,2050,42,75,ES1 1 bat,0.0
mean,2050,42,76,ES1 1 bat,0.0
mean,2050,42,77,ES1 1 bat,0.0
mean,2050,42,78,ES1 1 bat,0.0
mean,2050,42,79,ES1 1 bat,0.0
mean,2050,42,80,ES1 1 bat,0.0
mean,2050,42,81,ES1 1 bat,0.0
mean,2050,42,82,ES1 1 bat,0.0
mean,2050,42,83,ES1 1 bat,0.0
mean,2050,42,84,ES1 1 bat,0.0
mean,2050,42,85,ES1 1 bat,0.0
mean,2050,42,86,ES1 1 bat,0.0
mean,2050,42,87,ES1 1 bat,0.0
mean,2050,42,88,ES1 1 bat,0.0
mean,2050,42,89,ES1 1 bat,0.0
mean,2050,42,90,ES1 1 bat,0.0
mean,2050,42,91,ES1 1 bat,0.0
mean,2050,42,92,ES1 1 bat,0.0
mean,2050,42,93,ES1 1 bat,0.0
mean,2050,42,94,ES1 1 bat,0.0
mean,2050,42,95,ES1 1 bat,0.0
mean,2050,42,96,ES1 1 bat,0.0
mean,2050,42,97,ES1 1 bat,0.0
mean,2050,42,98,ES1 1 bat,0.0
mean,2050,42,99,ES1 1 bat,0.0
mean,2050,42,100,ES1 1 bat,0.0
mean,2050,42,101,ES1 1 bat,0.0
mean,2050,42,102,ES1 1 bat,0.0
mean,2050,42,103,ES1 1 bat,0.0
mean,2050,42,104,ES1 1 bat,0.0
mean,2050,42,105,ES1 1 bat,0.0
mean,2050,42,106,ES1 1 bat,0.0
mean,2050,42,107,ES1 1 bat,0.0
mean,2050,42,108,ES1 1 bat,0.0
mean,2050,42,109,ES1 1 bat,0.0
mean,2050,42,110,ES1 1 bat,0.0
mean,2050,42,111,ES1 1 bat,0.0
mean,2050,42,112,ES1 1 bat,0.0
mean,2050,42,113,ES1 1 bat,0.0
mean,2050,42,114,ES1 1 bat,0.0
mean,2050,42,115,ES1 1 bat,0.0
mean,2050,42,116,ES1 1 bat,0.0
mean,2050,42,117,ES1 1 bat,0.0
mean,2050,42,118,ES1 1 bat,0.0
mean,2050,42,119,ES1 1 bat,0.0
mean,2050,42,120,ES1 1 bat,0.0
mean,2050,42,121,ES1 1 bat,0.0
mean,2050,42,122,ES1 1 bat,0.0
mean,2050,42,123,ES1 1 bat,0.0
mean,2050,42,124,ES1 1 bat,0.0
mean,2050,42,125,ES1 1 bat,0.0
mean,2050,42,126,ES1 1 bat,0.0
mean,2050,42,127,ES1 1 bat,0.0
mean,2050,42,128,ES1 1 bat,0.0
mean,2050,42,129,ES1 1 bat,0.0
mean,2050,42,130,ES1 1 bat,0.0
mean,2050,42,131,ES1 1 bat,0.0
mean,2050,42,132,ES1 1 bat,0.0
mean,2050,42,133,ES1 1 bat,0.0
mean,2050,42,134,ES1 1 bat,0.0
mean,2050,42,135,ES1 1 bat,0.0
mean,2050,42,136,ES1 1 bat,0.0
mean,2050,42,137,ES1 1 bat,0.0
mean,2050,42,138,ES1 1 bat,0.0
mean,2050,42,139,ES1 1 bat,0.0
mean,2050,42,140,ES1 1 bat,0.0
mean,2050,42,141,ES1 1 bat,0.0
mean,2050,42,142,ES1 1 bat,0.0
mean,2050,42,143,ES1 1 bat,0.0
mean,2050,42,144,ES1 1 bat,0.0
mean,2050,42,145,ES1 1 bat,0.0
mean,2050,42,146,ES1 1 bat,0.0
mean,2050,42,147,ES1 1 bat,0.0
mean,2050,42,148,ES1 1 bat,0.0
mean,2050,42,149,ES1 1 bat,0.0
mean,2050,42,150,ES1 1 bat,0.0
mean,2050,42,151,ES1 1 bat,0.0
mean,2050,42,152,ES1 1 bat,0.0
mean,2050,42,153,ES1 1 bat,0.0
mean,2050,42,154,ES1 1 bat,0.0
mean,2050,42,155,ES1 1 bat,0.0
mean,2050,42,156,ES1 1 bat,0.0
mean,2050,42,157,ES1 1 bat,0.0
mean,2050,42,158,ES1 1 bat,0.0
mean,2050,42,159,ES1 1 bat,0.0
mean,2050,42,160,ES1 1 bat,0.0
mean,2050,42,161,ES1 1 bat,0.0
mean,2050,42,162,ES1 1 bat,0.0
mean,2050,42,163,ES1 1 bat,0.0
mean,2050,42,164,ES1 1 bat,0.0
mean,2050,42,165,ES1 1 bat,0.0
mean,2050,42,166,ES1 1 bat,0.0
mean,2050,42,167,ES1 1 bat,0.0
mean,2050,52,0,ES1 1 bat,-59.23824725447
mean,2050,52,1,ES1 1 bat,0.0
mean,2050,52,2,ES1 1 bat,0.0
mean,2050,52,3,ES1 1 bat,0.0
mean,2050,52,4,ES1 1 bat,0.0
mean,2050,52,5,ES1 1 bat,0.0
mean,2050,52,6,ES1 1 bat,0.0
mean,2050,52,7,ES1 1 bat,0.0
mean,2050,52,8,ES1 1 bat,0.0
mean,2050,52,9,ES1 1 bat,0.0
mean,2050,52,10,ES1 1 bat,0.0
mean,2050,52,11,ES1 1 bat,0.0
mean,2050,52,12,ES1 1 bat,0.0
mean,2050,52,13,ES1 1 bat,0.0
mean,2050,52,14,ES1 1 bat,0.0
mean,2050,52,15,ES1 1 bat,0.0
mean,2050,52,16,ES1 1 bat,0.0
mean,2050,52,17,ES1 1 bat,0.0
mean,2050,52,18,ES1 1 bat,0.0
mean,2050,52,19,ES1 1 bat,0.0
mean,2050,52,20,ES1 1 bat,0.0
mean,2050,52,21,ES1 1 bat,0.0
mean,2050,52,22,ES1 1 bat,0.0
mean,2050,52,23,ES1 1 bat,0.0
mean,2050,52,24,ES1 1 bat,0.0
mean,2050,52,25,ES1 1 bat,0.0
mean,2050,52,26,ES1 1 bat,0.0
mean,2050,52,27,ES1 1 bat,0.0
mean,2050,52,28,ES1 1 bat,0.0
mean,2050,52,29,ES1 1 bat,0.0
mean,2050,52,30,ES1 1 bat,0.0
mean,2050,52,31,ES1 1 bat,0.0
mean,2050,52,32,ES1 1 bat,0.0
mean,2050,52,33,ES1 1 bat,0.0
mean,2050,52,34,ES1 1 bat,0.0
mean,2050,52,35,ES1 1 bat,0.0
mean,2050,52,36,ES1 1 bat,0.0
mean,2050,52,37,ES1 1 bat,0.0
mean,2050,52,38,ES1 1 bat,0.0
mean,2050,52,39,ES1 1 bat,0.0
mean,2050,52,40,ES1 1 bat,0.0
mean,2050,52,41,ES1 1 bat,0.0
mean,2050,52,42,ES1 1 bat,0.0
mean,2050,52,43,ES1 1 bat,0.0
mean,2050,52,44,ES1 1 bat,0.0
mean,2050,52,45,ES1 1 bat,0.0
mean,2050,52,46,ES1 1 bat,0.0
mean,2050,52,47,ES1 1 bat,0.0
mean,2050,52,48,ES1 1 bat,0.0
mean,2050,52,49,ES1 1 bat,0.0
mean,2050,52,50,ES1 1 bat,0.0
mean,2050,52,51,ES1 1 bat,0.0
mean,2050,52,52,ES1 1 bat,0.0
mean,2050,52,53,ES1 1 bat,0.0
mean,2050,52,54,ES1 1 bat,0.0
mean,2050,52,55,ES1 1 bat,0.0
mean,2050,52,56,ES1 1 bat,0.0
mean,2050,52,57,ES1 1 bat,0.0
mean,2050,52,58,ES1 1 bat,0.0
mean,2050,52,59,ES1 1 bat,0.0
mean,2050,52,60,ES1 1 bat,0.0
mean,2050,52,61,ES1 1 bat,0.0
mean,2050,52,62,ES1 1 bat,0.0
mean,2050,52,63,ES1 1 bat,0.0
mean,2050,52,64,ES1 1 bat,0.0
mean,2050,52,65,ES1 1 bat,0.0
mean,2050,52,66,ES1 1 bat,0.0
mean,2050,52,67,ES1 1 bat,0.0
mean,2050,52,68,ES1 1 bat,0.0
mean,2050,52,69,ES1 1 bat,0.0
mean,2050,52,70,ES1 1 bat,0.0
mean,2050,52,71,ES1 1 bat,0.0
mean,2050,52,72,ES1 1 bat,0.0
mean,2050,52,73,ES1 1 bat,0.0
mean,2050,52,74,ES1 1 bat,0.0
mean,2050,52,75,ES1 1 bat,0.0
mean,2050,52,76,ES1 1 bat,0.0
mean,2050,52,77,ES1 1 bat,0.0
mean,2050,52,78,ES1 1 bat,0.0
mean,2050,52,79,ES1 1 bat,0.0
mean,2050,52,80,ES1 1 bat,0.0
mean,2050,52,81,ES1 1 bat,0.0
mean,2050,52,82,ES1 1 bat,0.0
mean,2050,52,83,ES1 1 bat,0.0
mean,2050,52,84,ES1 1 bat,0.0
mean,2050,52,85,ES1 1 bat,0.0
mean,2050,52,86,ES1 1 bat,0.0
mean,2050,52,87,ES1 1 bat,0.0
mean,2050,52,88,ES1 1 bat,0.0
mean,2050,52,89,ES1 1 bat,0.0
mean,2050,52,90,ES1 1 bat,0.0
mean,2050,52,91,ES1 1 bat,0.0
mean,2050,52,92,ES1 1 bat,0.0
mean,2050,52,93,ES1 1 bat,0.0
mean,2050,52,94,ES1 1 bat,0.0
mean,2050,52,95,ES1 1 bat,0.0
mean,2050,52,96,ES1 1 bat,0.0
mean,2050,52,97,ES1 1 bat,0.0
mean,2050,52,98,ES1 1 bat,0.0
mean,2050,52,99,ES1 1 bat,0.0
mean,2050,52,100,ES1 1 bat,0.0
mean,2050,52,101,ES1 1 bat,0.0
mean,2050,52,102,ES1 1 bat,0.0
mean,2050,52,103,ES1 1 bat,0.0
mean,2050,52,104,ES1 1 bat,0.0
mean,2050,52,105,ES1 1 bat,0.0
mean,2050,52,106,ES1 1 bat,0.0
mean,2050,52,107,ES1 1 bat,0.0
mean,2050,52,108,ES1 1 bat,0.0
mean,2050,52,109,ES1 1 bat,0.0
mean,2050,52,110,ES1 1 bat,0.0
mean,2050,52,111,ES1 1 bat,0.0
mean,2050,52,112,ES1 1 bat,0.0
mean,2050,52,113,ES1 1 bat,0.0
mean,2050,52,114,ES1 1 bat,0.0
mean,2050,52,115,ES1 1 bat,0.0
mean,2050,52,116,ES1 1 bat,0.0
mean,2050,52,117,ES1 1 bat,0.0
mean,2050,52,118,ES1 1 bat,0.0
mean,2050,52,119,ES1 1 bat,0.0
mean,2050,52,120,ES1 1 bat,0.0
mean,2050,52,121,ES1 1 bat,0.0
mean,2050,52,122,ES1 1 bat,0.0
mean,2050,52,123,ES1 1 bat,0.0
mean,2050,52,124,ES1 1 bat,0.0
mean,2050,52,125,ES1 1 bat,0.0
mean,2050,52,126,ES1 1 bat,0.0
mean,2050,52,127,ES1 1 bat,0.0
mean,2050,52,128,ES1 1 bat,0.0
mean,2050,52,129,ES1 1 bat,0.0
mean,2050,52,130,ES1 1 bat,0.0
mean,2050,52,131,ES1 1 bat,0.0
mean,2050,52,132,ES1 1 bat,0.0
mean,2050,52,133,ES1 1 bat,0.0
mean,2050,52,134,ES1 1 bat,0.0
mean,2050,52,135,ES1 1 bat,0.0
mean,2050,52,136,ES1 1 bat,0.0
mean,2050,52,137,ES1 1 bat,0.0
mean,2050,52,138,ES1 1 bat,0.0
mean,2050,52,139,ES1 1 bat,0.0
mean,2050,52,140,ES1 1 bat,0.0
mean,2050,52,141,ES1 1 bat,0.0
mean,2050,52,142,ES1 1 bat,0.0
mean,2050,52,143,ES1 1 bat,0.0
mean,2050,52,144,ES1 1 bat,0.0
mean,2050,52,145,ES1 1 bat,0.0
mean,2050,52,146,ES1 1 bat,0.0
mean,2050,52,147,ES1 1 bat,0.0
mean,2050,52,148,ES1 1 bat,0.0
mean,2050,52,149,ES1 1 bat,0.0
mean,2050,52,150,ES1 1 bat,0.0
mean,2050,52,151,ES1 1 bat,0.0
mean,2050,52,152,ES1 1 bat,0.0
mean,2050,52,153,ES1 1 bat,0.0
mean,2050,52,154,ES1 1 bat,0.0
mean,2050,52,155,ES1 1 bat,0.0
mean,2050,52,156,ES1 1 bat,0.0
mean,2050,52,157,ES1 1 bat,0.0
mean,2050,52,158,ES1 1 bat,0.0
mean,2050,52,159,ES1 1 bat,0.0
mean,2050,52,160,ES1 1 bat,0.0
mean,2050,52,161,ES1 1 bat,0.0
mean,2050,52,162,ES1 1 bat,0.0
mean,2050,52,163,ES1 1 bat,0.0
mean,2050,52,164,ES1 1 bat,0.0
mean,2050,52,165,ES1 1 bat,0.0
mean,2050,52,166,ES1 1 bat,0.0
mean,2050,52,167,ES1 1 bat,0.0
mean,2025,11,0,ES1 2 bat,-0.014549999999999999
mean,2025,11,1,ES1 2 bat,0.0
mean,2025,11,2,ES1 2 bat,0.0
mean,2025,11,3,ES1 2 bat,0.0
mean,2025,11,4,ES1 2 bat,0.0
mean,2025,11,5,ES1 2 bat,0.0
mean,2025,11,6,ES1 2 bat,0.0
mean,2025,11,7,ES1 2 bat,0.0
mean,2025,11,8,ES1 2 bat,0.0
mean,2025,11,9,ES1 2 bat,0.0
mean,2025,11,10,ES1 2 bat,0.0
mean,2025,11,11,ES1 2 bat,0.0
mean,2025,11,12,ES1 2 bat,0.0
mean,2025,11,13,ES1 2 bat,0.0
mean,2025,11,14,ES1 2 bat,0.0
mean,2025,11,15,ES1 2 bat,0.0
mean,2025,11,16,ES1 2 bat,0.0
mean,2025,11,17,ES1 2 bat,0.0
mean,2025,11,18,ES1 2 bat,0.0
mean,2025,11,19,ES1 2 bat,0.0
mean,2025,11,20,ES1 2 bat,0.0
mean,2025,11,21,ES1 2 bat,0.0
mean,2025,11,22,ES1 2 bat,0.0
mean,2025,11,23,ES1 2 bat,0.0
mean,2025,11,24,ES1 2 bat,0.0
mean,2025,11,25,ES1 2 bat,0.0
mean,2025,11,26,ES1 2 bat,0.0
mean,2025,11,27,ES1 2 bat,0.0
mean,2025,11,28,ES1 2 bat,0.0
mean,2025,11,29,ES1 2 bat,0.0
mean,2025,11,30,ES1 2 bat,0.0
mean,2025,11,31,ES1 2 bat,-60.377340691042306
mean,2025,11,32,ES1 2 bat,0.0
mean,2025,11,33,ES1 2 bat,0.0
mean,2025,11,34,ES1 2 bat,0.0
mean,2025,11,35,ES1 2 bat,0.0
mean,2025,11,36,ES1 2 bat,0.0
mean,2025,11,37,ES1 2 bat,0.0
mean,2025,11,38,ES1 2 bat,0.0
mean,2025,11,39,ES1 2 bat,0.0
mean,2025,11,40,ES1 2 bat,0.0
mean,2025,11,41,ES1 2 bat,0.0
mean,2025,11,42,ES1 2 bat,0.0
mean,2025,11,43,ES1 2 bat,-0.2022460684421014
mean,2025,11,44,ES1 2 bat,0.0
mean,2025,11,45,ES1 2 bat,0.0
mean,2025,11,46,ES1 2 bat,0.0
mean,2025,11,47,ES1 2 bat,0.0
mean,2025,11,48,ES1 2 bat,0.0
mean,2025,11,49,ES1 2 bat,0.0
mean,2025,11,50,ES1 2 bat,0.0
mean,2025,11,51,ES1 2 bat,0.0
mean,2025,11,52,ES1 2 bat,0.0
mean,2025,11,53,ES1 2 bat,0.0
mean,2025,11,54,ES1 2 bat,0.0
mean,2025,11,55,ES1 2 bat,0.0
mean,2025,11,56,ES1 2 bat,0.0
mean,2025,11,57,ES1 2 bat,0.0
mean,2025,11,58,ES1 2 bat,0.0
mean,2025,11,59,ES1 2 bat,0.0
mean,2025,11,60,ES1 2 bat,0.0
mean,2025,11,61,ES1 2 bat,0.0
mean,2025,11,62,ES1 2 bat,0.0
mean,2025,11,63,ES1 2 bat,0.0
mean,2025,11,64,ES1 2 bat,0.0
mean,2025,11,65,ES1 2 bat,0.0
mean,2025,11,66,ES1 2 bat,0.0
mean,2025,11,67,ES1 2 bat,0.0
mean,2025,11,68,ES1 2 bat,0.0
mean,2025,11,69,ES1 2 bat,0.0
mean,2025,11,70,ES1 2 bat,0.0
mean,2025,11,71,ES1 2 bat,0.0
mean,2025,11,72,ES1 2 bat,0.0
mean,2025,11,73,ES1 2 bat,0.0
mean,2025,11,74,ES1 2 bat,0.0
mean,2025,11,75,ES1 2 bat,0.0
mean,2025,11,76,ES1 2 bat,0.0
mean,2025,11,77,ES1 2 bat,0.0
mean,2025,11,78,ES1 2 bat,0.0
mean,2025,11,79,ES1 2 bat,-59.09606073571956
mean,2025,11,80,ES1 2 bat,0.0
mean,2025,11,81,ES1 2 bat,0.0
mean,2025,11,82,ES1 2 bat,0.0
mean,2025,11,83,ES1 2 bat,0.0
mean,2025,11,84,ES1 2 bat,0.0
mean,2025,11,85,ES1 2 bat,0.0
mean,2025,11,86,ES1 2 bat,0.0
mean,2025,11,87,ES1 2 bat,0.0
mean,2025,11,88,ES1 2 bat,0.0
mean,2025,11,89,ES1 2 bat,0.0
mean,2025,11,90,ES1 2 bat,0.0
mean,2025,11,91,ES1 2 bat,0.0
mean,2025,11,92,ES1 2 bat,0.0
mean,2025,11,93,ES1 2 bat,0.0
mean,2025,11,94,ES1 2 bat,0.0
mean,2025,11,95,ES1 2 bat,0.0
mean,2025,11,96,ES1 2 bat,0.0
mean,2025,11,97,ES1 2 bat,0.0
mean,2025,11,98,ES1 2 bat,0.0
mean,2025,11,99,ES1 2 bat,0.0
mean,2025,11,100,ES1 2 bat,0.0
mean,2025,11,101,ES1 2 bat,0.0
mean,2025,11,102,ES1 2 bat,-0.0025331186611042976
mean,2025,11,103,ES1 2 bat,0.0
mean,2025,11,104,ES1 2 bat,0.0
mean,2025,11,105,ES1 2 bat,0.0
mean,2025,11,106,ES1 2 bat,0.0
mean,2025,11,107,ES1 2 bat,0.0
mean,2025,11,108,ES1 2 bat,0.0
mean,2025,11,109,ES1 2 bat,0.0
mean,2025,11,110,ES1 2 bat,0.0
mean,2025,11,111,ES1 2 bat,0.0
mean,2025,11,112,ES1 2 bat,0.0
mean,2025,11,113,ES1 2 bat,0.0
mean,2025,11,114,ES1 2 bat,0.0
mean,2025,11,115,ES1 2 bat,-3.321992939783957
mean,2025,11,116,ES1 2 bat,0.0
mean,2025,11,117,ES1 2 bat,0.0
mean,2025,11,118,ES1 2 bat,0.0
mean,2025,11,119,ES1 2 bat,0.0
mean,2025,11,120,ES1 2 bat,0.0
mean,2025,11,121,ES1 2 bat,0.0
mean,2025,11,122,ES1 2 bat,0.0
mean,2025,11,123,ES1 2 bat,0.0
mean,2025,11,124,ES1 2 bat,0.0
mean,2025,11,125,ES1 2 bat,0.0
mean,2025,11,126,ES1 2 bat,0.0
mean,2025,11,127,ES1 2 bat,0.0
mean,2025,11,128,ES1 2 bat,0.0
mean,2025,11,129,ES1 2 bat,0.0
mean,2025,11,130,ES1 2 bat,0.0
mean,2025,11,131,ES1 2 bat,0.0
mean,2025,11,132,ES1 2 bat,0.0
mean,2025,11,133,ES1 2 bat,0.0
mean,2025,11,134,ES1 2 bat,0.0
mean,2025,11,135,ES1 2 bat,0.0
mean,2025,11,136,ES1 2 bat,0.0
mean,2025,11,137,ES1 2 bat,0.0
mean,2025,11,138,ES1 2 bat,0.0
mean,2025,11,139,ES1 2 bat,0.0
mean,2025,11,140,ES1 2 bat,-0.2777003627578679
mean,2025,11,141,ES1 2 bat,0.0
mean,2025,11,142,ES1 2 bat,0.0
mean,2025,11,143,ES1 2 bat,0.0
mean,2025,11,144,ES1 2 bat,0.0
mean,2025,11,145,ES1 2 bat,0.0
mean,2025,11,146,ES1 2 bat,0.0
mean,2025,11,147,ES1 2 bat,0.0
mean,2025,11,148,ES1 2 bat,0.0
mean,2025,11,149,ES1 2 bat,0.0
mean,2025,11,150,ES1 2 bat,0.0
mean,2025,11,151,ES1 2 bat,0.0
mean,2025,11,152,ES1 2 bat,0.0
mean,2025,11,153,ES1 2 bat,0.0
mean,2025,11,154,ES1 2 bat,0.0
mean,2025,11,155,ES1 2 bat,0.0
mean,2025,11,156,ES1 2 bat,0.0
mean,2025,11,157,ES1 2 bat,0.0
mean,2025,11,158,ES1 2 bat,0.0
mean,2025,11,159,ES1 2 bat,0.0
mean,2025,11,160,ES1 2 bat,0.0
mean,2025,11,161,ES1 2 bat,0.0
mean,2025,11,162,ES1 2 bat,-0.002517579084500016
mean,2025,11,163,ES1 2 bat,0.0
mean,2025,11,164,ES1 2 bat,0.0
mean,2025,11,165,ES1 2 bat,0.0
mean,2025,11,166,ES1 2 bat,0.0
mean,2025,11,167,ES1 2 bat,0.0
mean,2025,21,0,ES1 2 bat,-61.716096965100796
mean,2025,21,1,ES1 2 bat,0.0
mean,2025,21,2,ES1 2 bat,0.0
mean,2025,21,3,ES1 2 bat,0.0
mean,2025,21,4,ES1 2 bat,0.0
mean,2025,21,5,ES1 2 bat,0.0
mean,2025,21,6,ES1 2 bat,0.0
mean,2025,21,7,ES1 2 bat,0.0
mean,2025,21,8,ES1 2 bat,0.0
mean,2025,21,9,ES1 2 bat,0.0
mean,2025,21,10,ES1 2 bat,0.0
mean,2025,21,11,ES1 2 bat,0.0
mean,2025,21,12,ES1 2 bat,0.0
mean,2025,21,13,ES1 2 bat,0.0
mean,2025,21,14,ES1 2 bat,0.0
mean,2025,21,15,ES1 2 bat,0.0
mean,2025,21,16,ES1 2 bat,0.0
mean,2025,21,17,ES1 2 bat,0.0
mean,2025,21,18,ES1 2 bat,0.0
mean,2025,21,19,ES1 2 bat,0.0
mean,2025,21,20,ES1 2 bat,0.0
mean,2025,21,21,ES1 2 bat,0.0
mean,2025,21,22,ES1 2 bat,0.0
mean,2025,21,23,ES1 2 bat,0.0
mean,2025,21,24,ES1 2 bat,0.0
mean,2025,21,25,ES1 2 bat,0.0
mean,2025,21,26,ES1 2 bat,0.0
mean,2025,21,27,ES1 2 bat,0.0
mean,2025,21,28,ES1 2 bat,0.0
mean,2025,21,29,ES1 2 bat,0.0
mean,2025,21,30,ES1 2 bat,0.0
mean,2025,21,31,ES1 2 bat,0.0
mean,2025,21,32,ES1 2 bat,0.0
mean,2025,21,33,ES1 2 bat,0.0
mean,2025,21,34,ES1 2 bat,0.0
mean,2025,21,35,ES1 2 bat,0.0
mean,2025,21,36,ES1 2 bat,0.0
mean,2025,21,37,ES1 2 bat,0.0
mean,2025,21,38,ES1 2 bat,0.0
mean,2025,21,39,ES1 2 bat,0.0
mean,2025,21,40,ES1 2 bat,0.0
mean,2025,21,41,ES1 2 bat,0.0
mean,2025,21,42,ES1 2 bat,0.0
mean,2025,21,43,ES1 2 bat,0.0
mean,2025,21,44,ES1 2 bat,0.0
mean,2025,21,45,ES1 2 bat,0.0
mean,2025,21,46,ES1 2 bat,0.0
mean,2025,21,47,ES1 2 bat,0.0
mean,2025,21,48,ES1 2 bat,0.0
mean,2025,21,49,ES1 2 bat,0.0
mean,2025,21,50,ES1 2 bat,0.0
mean,2025,21,51,ES1 2 bat,0.0
mean,2025,21,52,ES1 2 bat,0.0
mean,2025,21,53,ES1 2 bat,0.0
mean,2025,21,54,ES1 2 bat,0.0
mean,2025,21,55,ES1 2 bat,0.0
mean,2025,21,56,ES1 2 bat,0.0
mean,2025,21,57,ES1 2 bat,0.0
mean,2025,21,58,ES1 2 bat,0.0
mean,2025,21,59,ES1 2 bat,0.0
mean,2025,21,60,ES1 2 bat,0.0
mean,2025,21,61,ES1 2 bat,0.0
mean,2025,21,62,ES1 2 bat,0.0
mean,2025,21,63,ES1 2 bat,0.0
mean,2025,21,64,ES1 2 bat,0.0
mean,2025,21,65,ES1 2 bat,0.0
mean,2025,21,66,ES1 2 bat,0.0
mean,2025,21,67,ES1 2 bat,-59.51440638075131
mean,2025,21,68,ES1 2 bat,0.0
mean,2025,21,69,ES1 2 bat,0.0
mean,2025,21,70,ES1 2 bat,0.0
mean,2025,21,71,ES1 2 bat,0.0
mean,2025,21,72,ES1 2 bat,0.0
mean,2025,21,73,ES1 2 bat,0.0
mean,2025,21,74,ES1 2 bat,0.0
mean,2025,21,75,ES1 2 bat,0.0
mean,2025,21,76,ES1 2 bat,0.0
mean,2025,21,77,ES1 2 bat,-0.002517579084500016
mean,2025,21,78,ES1 2 bat,0.0
mean,2025,21,79,ES1 2 bat,0.0
mean,2025,21,80,ES1 2 bat,0.0
mean,2025,21,81,ES1 2 bat,0.0
mean,2025,21,82,ES1 2 bat,0.0
mean,2025,21,83,ES1 2 bat,0.0
mean,2025,21,84,ES1 2 bat,0.0
mean,2025,21,85,ES1 2 bat,0.0
mean,2025,21,86,ES1 2 bat,0.0
mean,2025,21,87,ES1 2 bat,0.0
mean,2025,21,88,ES1 2 bat,0.0
mean,2025,21,89,ES1 2 bat,0.0
mean,2025,21,90,ES1 2 bat,0.0
mean,2025,21,91,ES1 2 bat,0.0
mean,2025,21,92,ES1 2 bat,0.0
mean,2025,21,93,ES1 2 bat,0.0
mean,2025,21,94,ES1 2 bat,0.0
mean,2025,21,95,ES1 2 bat,0.0
mean,2025,21,96,ES1 2 bat,0.0
mean,2025,21,97,ES1 2 bat,0.0
mean,2025,21,98,ES1 2 bat,0.0
mean,2025,21,99,ES1 2 bat,0.0
mean,2025,21,100,ES1 2 bat,0.0
mean,2025,21,101,ES1 2 bat,0.0
mean,2025,21,102,ES1 2 bat,-0.3702534180826735
mean,2025,21,103,ES1 2 bat,0.0
mean,2025,21,104,ES1 2 bat,0.0
mean,2025,21,105,ES1 2 bat,0.0
mean,2025,21,106,ES1 2 bat,0.0
mean,2025,21,107,ES1 2 bat,0.0
mean,2025,21,108,ES1 2 bat,0.0
mean,2025,21,109,ES1 2 bat,0.0
mean,2025,21,110,ES1 2 bat,0.0
mean,2025,21,111,ES1 2 bat,0.0
mean,2025,21,112,ES1 2 bat,0.0
mean,2025,21,113,ES1 2 bat,0.0
mean,2025,21,114,ES1 2 bat,0.0
mean,2025,21,115,ES1 2 bat,0.0
mean,2025,21,116,ES1 2 bat,0.0
mean,2025,21,117,ES1 2 bat,0.0
mean,2025,21,118,ES1 2 bat,0.0
mean,2025,21,119,ES1 2 bat,0.0
mean,2025,21,120,ES1 2 bat,0.0
mean,2025,21,121,ES1 2 bat,0.0
mean,2025,21,122,ES1 2 bat,0.0
mean,2025,21,123,ES1 2 bat,0.0
mean,2025,21,124,ES1 2 bat,0.0
mean,2025,21,125,ES1 2 bat,0.0
mean,2025,21,126,ES1 2 bat,0.0
mean,2025,21,127,ES1 2 bat,0.0
mean,2025,21,128,ES1 2 bat,0.0
mean,2025,21,129,ES1 2 bat,0.0
mean,2025,21,130,ES1 2 bat,0.0
mean,2025,21,131,ES1 2 bat,0.0
mean,2025,21,132,ES1 2 bat,0.0
mean,2025,21,133,ES1 2 bat,0.0
mean,2025,21,134,ES1 2 bat,0.0
mean,2025,21,135,ES1 2 bat,0.0
mean,2025,21,136,ES1 2 bat,0.0
mean,2025,21,137,ES1 2 bat,0.0
mean,2025,21,138,ES1 2 bat,0.0
mean,2025,21,139,ES1 2 bat,0.0
mean,2025,21,140,ES1 2 bat,0.0
mean,2025,21,141,ES1 2 bat,0.0
mean,2025,21,142,ES1 2 bat,-0.0025331186611042976
mean,2025,21,143,ES1 2 bat,0.0
mean,2025,21,144,ES1 2 bat,0.0
mean,2025,21,145,ES1 2 bat,0.0
mean,2025,21,146,ES1 2 bat,0.0
mean,2025,21,147,ES1 2 bat,0.0
mean,2025,21,148,ES1 2 bat,0.0
mean,2025,21,149,ES1 2 bat,0.0
mean,2025,21,150,ES1 2 bat,0.0
mean,2025,21,151,ES1 2 bat,0.0
mean,2025,21,152,ES1 2 bat,0.0
mean,2025,21,153,ES1 2 bat,0.0
mean,2025,21,154,ES1 2 bat,0.0
mean,2025,21,155,ES1 2 bat,0.0
mean,2025,21,156,ES1 2 bat,0.0
mean,2025,21,157,ES1 2 bat,0.0
mean,2025,21,158,ES1 2 bat,0.0
mean,2025,21,159,ES1 2 bat,0.0
mean,2025,21,160,ES1 2 bat,0.0
mean,2025,21,161,ES1 2 bat,0.0
mean,2025,21,162,ES1 2 bat,0.0
mean,2025,21,163,ES1 2 bat,0.0
mean,2025,21,164,ES1 2 bat,0.0
mean,2025,21,165,ES1 2 bat,0.0
mean,2025,21,166,ES1 2 bat,0.0
mean,2025,21,167,ES1 2 bat,0.0
mean,2025,42,0,ES1 2 bat,-62.26412545522295
mean,2025,42,1,ES1 2 bat,0.0
mean,2025,42,2,ES1 2 bat,0.0
mean,2025,42,3,ES1 2 bat,0.0
mean,2025,42,4,ES1 2 bat,0.0
mean,2025,42,5,ES1 2 bat,0.0
mean,2025,42,6,ES1 2 bat,0.0
mean,2025,42,7,ES1 2 bat,0.0
mean,2025,42,8,ES1 2 bat,0.0
mean,2025,42,9,ES1 2 bat,0.0
mean,2025,42,10,ES1 2 bat,0.0
mean,2025,42,11,ES1 2 bat,0.0
mean,2025,42,12,ES1 2 bat,0.0
mean,2025,42,13,ES1 2 bat,0.0
mean,2025,42,14,ES1 2 bat,0.0
mean,2025,42,15,ES1 2 bat,0.0
mean,2025,42,16,ES1 2 bat,0.0
mean,2025,42,17,ES1 2 bat,0.0
mean,2025,42,18,ES1 2 bat,0.0
mean,2025,42,19,ES1 2 bat,0.0
mean,2025,42,20,ES1 2 bat,0.0
mean,2025,42,21,ES1 2 bat,0.0
mean,2025,42,22,ES1 2 bat,0.0
mean,2025,42,23,ES1 2 bat,0.0
mean,2025,42,24,ES1 2 bat,0.0
mean,2025,42,25,ES1 2 bat,0.0
mean,2025,42,26,ES1 2 bat,0.0
mean,2025,42,27,ES1 2 bat,0.0
mean,2025,42,28,ES1 2 bat,0.0
mean,2025,42,29,ES1 2 bat,0.0
mean,2025,42,30,ES1 2 bat,0.0
mean,2025,42,31,ES1 2 bat,0.0
mean,2025,42,32,ES1 2 bat,0.0
mean,2025,42,33,ES1 2 bat,0.0
mean,2025,42,34,ES1 2 bat,0.0
mean,2025,42,35,ES1 2 bat,0.0
mean,2025,42,36,ES1 2 bat,0.0
mean,2025,42,37,ES1 2 bat,0.0
mean,2025,42,38,ES1 2 bat,0.0
mean,2025,42,39,ES1 2 bat,0.0
mean,2025,42,40,ES1 2 bat,0.0
mean,2025,42,41,ES1 2 bat,0.0
mean,2025,42,42,ES1 2 bat,0.0
mean,2025,42,43,ES1 2 bat,0.0
mean,2025,42,44,ES1 2 bat,0.0
mean,2025,42,45,ES1 2 bat,0.0
mean,2025,42,46,ES1 2 bat,0.0
mean,2025,42,47,ES1 2 bat,0.0
mean,2025,42,48,ES1 2 bat,0.0
mean,2025,42,49,ES1 2 bat,0.0
mean,2025,42,50,ES1 2 bat,0.0
mean,2025,42,51,ES1 2 bat,0.0
mean,2025,42,52,ES1 2 bat,0.0
mean,2025,42,53,ES1 2 bat,0.0
mean,2025,42,54,ES1 2 bat,0.0
mean,2025,42,55,ES1 2 bat,0.0
mean,2025,42,56,ES1 2 bat,0.0
mean,2025,42,57,ES1 2 bat,0.0
mean,2025,42,58,ES1 2 bat,0.0
mean,2025,42,59,ES1 2 bat,0.0
mean,2025,42,60,ES1 2 bat,0.0
mean,2025,42,61,ES1 2 bat,0.0
mean,2025,42,62,ES1 2 bat,0.0
mean,2025,42,63,ES1 2 bat,0.0
mean,2025,42,64,ES1 2 bat,0.0
mean,2025,42,65,ES1 2 bat,0.0
mean,2025,42,66,ES1 2 bat,0.0
mean,2025,42,67,ES1 2 bat,0.0
mean,2025,42,68,ES1 2 bat,0.0
mean,2025,42,69,ES1 2 bat,0.0
mean,2025,42,70,ES1 2 bat,0.0
mean,2025,42,71,ES1 2 bat,0.0
mean,2025,42,72,ES1 2 bat,0.0
mean,2025,42,73,ES1 2 bat,0.0
mean,2025,42,74,ES1 2 bat,0.0
mean,2025,42,75,ES1 2 bat,0.0
mean,2025,42,76,ES1 2 bat,0.0
mean,2025,42,77,ES1 2 bat,0.0
mean,2025,42,78,ES1 2 bat,-0.0027899646155051475
mean,2025,42,79,ES1 2 bat,0.0
mean,2025,42,80,ES1 2 bat,0.0
mean,2025,42,81,ES1 2 bat,0.0
mean,2025,42,82,ES1 2 bat,0.0
mean,2025,42,83,ES1 2 bat,0.0
mean,2025,42,84,ES1 2 bat,0.0
mean,2025,42,85,ES1 2 bat,0.0
mean,2025,42,86,ES1 2 bat,0.0
mean,2025,42,87,ES1 2 bat,0.0
mean,2025,42,88,ES1 2 bat,0.0
mean,2025,42,89,ES1 2 bat,0.0
mean,2025,42,90,ES1 2 bat,-1.181816181122696
mean,2025,42,91,ES1 2 bat,0.0
mean,2025,42,92,ES1 2 bat,0.0
mean,2025,42,93,ES1 2 bat,0.0
mean,2025,42,94,ES1 2 bat,0.0
mean,2025,42,95,ES1 2 bat,0.0
mean,2025,42,96,ES1 2 bat,0.0
mean,2025,42,97,ES1 2 bat,0.0
mean,2025,42,98,ES1 2 bat,0.0
mean,2025,42,99,ES1 2 bat,0.0
mean,2025,42,100,ES1 2 bat,0.0
mean,2025,42,101,ES1 2 bat,0.0
mean,2025,42,102,ES1 2 bat,0.0
mean,2025,42,103,ES1 2 bat,0.0
mean,2025,42,104,ES1 2 bat,0.0
mean,2025,42,105,ES1 2 bat,0.0
mean,2025,42,106,ES1 2 bat,0.0
mean,2025,42,107,ES1 2 bat,0.0
mean,2025,42,108,ES1 2 bat,0.0
mean,2025,42,109,ES1 2 bat,0.0
mean,2025,42,110,ES1 2 bat,0.0
mean,2025,42,111,ES1 2 bat,0.0
mean,2025,42,112,ES1 2 bat,0.0
mean,2025,42,113,ES1 2 bat,0.0
mean,2025,42,114,ES1 2 bat,-0.0025416552227721842
mean,2025,42,115,ES1 2 bat,0.0
mean,2025,42,116,ES1 2 bat,0.0
mean,2025,42,117,ES1 2 bat,0.0
mean,2025,42,118,ES1 2 bat,0.0
mean,2025,42,119,ES1 2 bat,0.0
mean,2025,42,120,ES1 2 bat,0.0
mean,2025,42,121,ES1 2 bat,0.0
mean,2025,42,122,ES1 2 bat,0.0
mean,2025,42,123,ES1 2 bat,0.0
mean,2025,42,124,ES1 2 bat,-0.0024996824455029874
mean,2025,42,125,ES1 2 bat,0.0
mean,2025,42,126,ES1 2 bat,0.0
mean,2025,42,127,ES1 2 bat,0.0
mean,2025,42,128,ES1 2 bat,0.0
mean,2025,42,129,ES1 2 bat,0.0
mean,2025,42,130,ES1 2 bat,0.0
mean,2025,42,131,ES1 2 bat,0.0
mean,2025,42,132,ES1 2 bat,0.0
mean,2025,42,133,ES1 2 bat,0.0
mean,2025,42,134,ES1 2 bat,0.0
mean,2025,42,135,ES1 2 bat,0.0
mean,2025,42,136,ES1 2 bat,0.0
mean,2025,42,137,ES1 2 bat,0.0
mean,2025,42,138,ES1 2 bat,-0.0025331186611042976
mean,2025,42,139,ES1 2 bat,0.0
mean,2025,42,140,ES1 2 bat,0.0
mean,2025,42,141,ES1 2 bat,0.0
mean,2025,42,142,ES1 2 bat,0.0
mean,2025,42,143,ES1 2 bat,0.0
mean,2025,42,144,ES1 2 bat,0.0
mean,2025,42,145,ES1 2 bat,0.0
mean,2025,42,146,ES1 2 bat,0.0
mean,2025,42,147,ES1 2 bat,0.0
mean,2025,42,148,ES1 2 bat,0.0
mean,2025,42,149,ES1 2 bat,0.0
mean,2025,42,150,ES1 2 bat,0.0
mean,2025,42,151,ES1 2 bat,0.0
mean,2025,42,152,ES1 2 bat,0.0
mean,2025,42,153,ES1 2 bat,0.0
mean,2025,42,154,ES1 2 bat,0.0
mean,2025,42,155,ES1 2 bat,0.0
mean,2025,42,156,ES1 2 bat,0.0
mean,2025,42,157,ES1 2 bat,0.0
mean,2025,42,158,ES1 2 bat,0.0
mean,2025,42,159,ES1 2 bat,0.0
mean,2025,42,160,ES1 2 bat,0.0
mean,2025,42,161,ES1 2 bat,0.0
mean,2025,42,162,ES1 2 bat,0.0
mean,2025,42,163,ES1 2 bat,-0.1069897313263812
mean,2025,42,164,ES1 2 bat,0.0
mean,2025,42,165,ES1 2 bat,0.0
mean,2025,42,166,ES1 2 bat,0.0
mean,2025,42,167,ES1 2 bat,0.0
mean,2025,52,0,ES1 2 bat,-60.97049123465159
mean,2025,52,1,ES1 2 bat,0.0
mean,2025,52,2,ES1 2 bat,0.0
mean,2025,52,3,ES1 2 bat,0.0
mean,2025,52,4,ES1 2 bat,0.0
mean,2025,52,5,ES1 2 bat,0.0
mean,2025,52,6,ES1 2 bat,0.0
mean,2025,52,7,ES1 2 bat,0.0
mean,2025,52,8,ES1 2 bat,0.0
mean,2025,52,9,ES1 2 bat,0.0
mean,2025,52,10,ES1 2 bat,0.0
mean,2025,52,11,ES1 2 bat,0.0
mean,2025,52,12,ES1 2 bat,0.0
mean,2025,52,13,ES1 2 bat,0.0
mean,2025,52,14,ES1 2 bat,0.0
mean,2025,52,15,ES1 2 bat,0.0
mean,2025,52,16,ES1 2 bat,0.0
mean,2025,52,17,ES1 2 bat,-0.002499682445485545
mean,2025,52,18,ES1 2 bat,0.0
mean,2025,52,19,ES1 2 bat,0.0
mean,2025,52,20,ES1 2 bat,0.0
mean,2025,52,21,ES1 2 bat,0.0
mean,2025,52,22,ES1 2 bat,0.0
mean,2025,52,23,ES1 2 bat,0.0
mean,2025,52,24,ES1 2 bat,0.0
mean,2025,52,25,ES1 2 bat,0.0
mean,2025,52,26,ES1 2 bat,0.0
mean,2025,52,27,ES1 2 bat,0.0
mean,2025,52,28,ES1 2 bat,0.0
mean,2025,52,29,ES1 2 bat,0.0
mean,2025,52,30,ES1 2 bat,0.0
mean,2025,52,31,ES1 2 bat,0.0
mean,2025,52,32,ES1 2 bat,0.0
mean,2025,52,33,ES1 2 bat,0.0
mean,2025,52,34,ES1 2 bat,0.0
mean,2025,52,35,ES1 2 bat,0.0
mean,2025,52,36,ES1 2 bat,0.0
mean,2025,52,37,ES1 2 bat,0.0
mean,2025,52,38,ES1 2 bat,0.0
mean,2025,52,39,ES1 2 bat,0.0
mean,2025,52,40,ES1 2 bat,0.0
mean,2025,52,41,ES1 2 bat,0.0
mean,2025,52,42,ES1 2 bat,0.0
mean,2025,52,43,ES1 2 bat,0.0
mean,2025,52,44,ES1 2 bat,0.0
mean,2025,52,45,ES1 2 bat,0.0
mean,2025,52,46,ES1 2 bat,0.0
mean,2025,52,47,ES1 2 bat,0.0
mean,2025,52,48,ES1 2 bat,0.0
mean,2025,52,49,ES1 2 bat,0.0
mean,2025,52,50,ES1 2 bat,0.0
mean,2025,52,51,ES1 2 bat,0.0
mean,2025,52,52,ES1 2 bat,0.0
mean,2025,52,53,ES1 2 bat,0.0
mean,2025,52,54,ES1 2 bat,0.0
mean,2025,52,55,ES1 2 bat,0.0
mean,2025,52,56,ES1 2 bat,0.0
mean,2025,52,57,ES1 2 bat,0.0
mean,2025,52,58,ES1 2 bat,0.0
mean,2025,52,59,ES1 2 bat,0.0
mean,2025,52,60,ES1 2 bat,0.0
mean,2025,52,61,ES1 2 bat,0.0
mean,2025,52,62,ES1 2 bat,0.0
mean,2025,52,63,ES1 2 bat,0.0
mean,2025,52,64,ES1 2 bat,0.0
mean,2025,52,65,ES1 2 bat,0.0
mean,2025,52,66,ES1 2 bat,0.0
mean,2025,52,67,ES1 2 bat,0.0
mean,2025,52,68,ES1 2 bat,0.0
mean,2025,52,69,ES1 2 bat,0.0
mean,2025,52,70,ES1 2 bat,0.0
mean,2025,52,71,ES1 2 bat,0.0
mean,2025,52,72,ES1 2 bat,0.0
mean,2025,52,73,ES1 2 bat,0.0
mean,2025,52,74,ES1 2 bat,0.0
mean,2025,52,75,ES1 2 bat,0.0
mean,2025,52,76,ES1 2 bat,0.0
mean,2025,52,77,ES1 2 bat,0.0
mean,2025,52,78,ES1 2 bat,0.0
mean,2025,52,79,ES1 2 bat,0.0
mean,2025,52,80,ES1 2 bat,0.0
mean,2025,52,81,ES1 2 bat,0.0
mean,2025,52,82,ES1 2 bat,0.0
mean,2025,52,83,ES1 2 bat,0.0
mean,2025,52,84,ES1 2 bat,0.0
mean,2025,52,85,ES1 2 bat,0.0
mean,2025,52,86,ES1 2 bat,0.0
mean,2025,52,87,ES1 2 bat,0.0
mean,2025,52,88,ES1 2 bat,0.0
mean,2025,52,89,ES1 2 bat,0.0
mean,2025,52,90,ES1 2 bat,0.0
mean,2025,52,91,ES1 2 bat,0.0
mean,2025,52,92,ES1 2 bat,0.0
mean,2025,52,93,ES1 2 bat,0.0
mean,2025,52,94,ES1 2 bat,0.0
mean,2025,52,95,ES1 2 bat,0.0
mean,2025,52,96,ES1 2 bat,0.0
mean,2025,52,97,ES1 2 bat,0.0
mean,2025,52,98,ES1 2 bat,0.0
mean,2025,52,99,ES1 2 bat,0.0
mean,2025,52,100,ES1 2 bat,0.0
mean,2025,52,101,ES1 2 bat,0.0
mean,2025,52,102,ES1 2 bat,0.0
mean,2025,52,103,ES1 2 bat,0.0
mean,2025,52,104,ES1 2 bat,0.0
mean,2025,52,105,ES1 2 bat,0.0
mean,2025,52,106,ES1 2 bat,0.0
mean,2025,52,107,ES1 2 bat,0.0
mean,2025,52,108,ES1 2 bat,0.0
mean,2025,52,109,ES1 2 bat,0.0
mean,2025,52,110,ES1 2 bat,0.0
mean,2025,52,111,ES1 2 bat,0.0
mean,2025,52,112,ES1 2 bat,0.0
mean,2025,52,113,ES1 2 bat,0.0
mean,2025,52,114,ES1 2 bat,0.0
mean,2025,52,115,ES1 2 bat,0.0
mean,2025,52,116,ES1 2 bat,0.0
mean,2025,52,117,ES1 2 bat,0.0
mean,2025,52,118,ES1 2 bat,0.0
mean,2025,52,119,ES1 2 bat,0.0
mean,2025,52,120,ES1 2 bat,0.0
mean,2025,52,121,ES1 2 bat,0.0
mean,2025,52,122,ES1 2 bat,0.0
mean,2025,52,123,ES1 2 bat,0.0
mean,2025,52,124,ES1 2 bat,0.0
mean,2025,52,125,ES1 2 bat,0.0
mean,2025,52,126,ES1 2 bat,0.0
mean,2025,52,127,ES1 2 bat,0.0
mean,2025,52,128,ES1 2 bat,0.0
mean,2025,52,129,ES1 2 bat,0.0
mean,2025,52,130,ES1 2 bat,0.0
mean,2025,52,131,ES1 2 bat,0.0
mean,2025,52,132,ES1 2 bat,0.0
mean,2025,52,133,ES1 2 bat,0.0
mean,2025,52,134,ES1 2 bat,0.0
mean,2025,52,135,ES1 2 bat,0.0
mean,2025,52,136,ES1 2 bat,0.0
mean,2025,52,137,ES1 2 bat,0.0
mean,2025,52,138,ES1 2 bat,0.0
mean,2025,52,139,ES1 2 bat,0.0
mean,2025,52,140,ES1 2 bat,-0.43556519052308057
mean,2025,52,141,ES1 2 bat,0.0
mean,2025,52,142,ES1 2 bat,0.0
mean,2025,52,143,ES1 2 bat,0.0
mean,2025,52,144,ES1 2 bat,0.0
mean,2025,52,145,ES1 2 bat,0.0
mean,2025,52,146,ES1 2 bat,0.0
mean,2025,52,147,ES1 2 bat,0.0
mean,2025,52,148,ES1 2 bat,0.0
mean,2025,52,149,ES1 2 bat,0.0
mean,2025,52,150,ES1 2 bat,0.0
mean,2025,52,151,ES1 2 bat,0.0
mean,2025,52,152,ES1 2 bat,0.0
mean,2025,52,153,ES1 2 bat,0.0
mean,2025,52,154,ES1 2 bat,0.0
mean,2025,52,155,ES1 2 bat,0.0
mean,2025,52,156,ES1 2 bat,0.0
mean,2025,52,157,ES1 2 bat,0.0
mean,2025,52,158,ES1 2 bat,0.0
mean,2025,52,159,ES1 2 bat,0.0
mean,2025,52,160,ES1 2 bat,0.0
mean,2025,52,161,ES1 2 bat,-0.0025331186611042976
mean,2025,52,162,ES1 2 bat,0.0
mean,2025,52,163,ES1 2 bat,0.0
mean,2025,52,164,ES1 2 bat,0.0
mean,2025,52,165,ES1 2 bat,0.0
mean,2025,52,166,ES1 2 bat,0.0
mean,2025,52,167,ES1 2 bat,0.0
mean,2030,11,0,ES1 2 bat,-0.014549999999999999
mean,2030,11,1,ES1 2 bat,0.0
mean,2030,11,2,ES1 2 bat,0.0
mean,2030,11,3,ES1 2 bat,0.0
mean,2030,11,4,ES1 2 bat,0.0
mean,2030,11,5,ES1 2 bat,0.0
mean,2030,11,6,ES1 2 bat,0.0
mean,2030,11,7,ES1 2 bat,0.0
mean,2030,11,8,ES1 2 bat,0.0
mean,2030,11,9,ES1 2 bat,0.0
mean,2030,11,10,ES1 2 bat,0.0
mean,2030,11,11,ES1 2 bat,0.0
mean,2030,11,12,ES1 2 bat,0.0
mean,2030,11,13,ES1 2 bat,0.0
mean,2030,11,14,ES1 2 bat,0.0
mean,2030,11,15,ES1 2 bat,0.0
mean,2030,11,16,ES1 2 bat,0.0
mean,2030,11,17,ES1 2 bat,0.0
mean,2030,11,18,ES1 2 bat,0.0
mean,2030,11,19,ES1 2 bat,0.0
mean,2030,11,20,ES1 2 bat,0.0
mean,2030,11,21,ES1 2 bat,0.0
mean,2030,11,22,ES1 2 bat,0.0
mean,2030,11,23,ES1 2 bat,0.0
mean,2030,11,24,ES1 2 bat,0.0
mean,2030,11,25,ES1 2 bat,0.0
mean,2030,11,26,ES1 2 bat,0.0
mean,2030,11,27,ES1 2 bat,0.0
mean,2030,11,28,ES1 2 bat,0.0
mean,2030,11,29,ES1 2 bat,0.0
mean,2030,11,30,ES1 2 bat,0.0
mean,2030,11,31,ES1 2 bat,0.0
mean,2030,11,32,ES1 2 bat,0.0
mean,2030,11,33,ES1 2 bat,0.0
mean,2030,11,34,ES1 2 bat,0.0
mean,2030,11,35,ES1 2 bat,0.0
mean,2030,11,36,ES1 2 bat,0.0
mean,2030,11,37,ES1 2 bat,0.0
mean,2030,11,38,ES1 2 bat,0.0
mean,2030,11,39,ES1 2 bat,0.0
mean,2030,11,40,ES1 2 bat,0.0
mean,2030,11,41,ES1 2 bat,0.0
mean,2030,11,42,ES1 2 bat,0.0
mean,2030,11,43,ES1 2 bat,0.0
mean,2030,11,44,ES1 2 bat,0.0
mean,2030,11,45,ES1 2 bat,0.0
mean,2030,11,46,ES1 2 bat,0.0
mean,2030,11,47,ES1 2 bat,0.0
mean,2030,11,48,ES1 2 bat,0.0
mean,2030,11,49,ES1 2 bat,0.0
mean,2030,11,50,ES1 2 bat,0.0
mean,2030,11,51,ES1 2 bat,0.0
mean,2030,11,52,ES1 2 bat,0.0
mean,2030,11,53,ES1 2 bat,0.0
mean,2030,11,54,ES1 2 bat,0.0
mean,2030,11,55,ES1 2 bat,0.0
mean,2030,11,56,ES1 2 bat,0.0
mean,2030,11,57,ES1 2 bat,0.0
mean,2030,11,58,ES1 2 bat,0.0
mean,2030,11,59,ES1 2 bat,0.0
mean,2030,11,60,ES1 2 bat,0.0
mean,2030,11,61,ES1 2 bat,0.0
mean,2030,11,62,ES1 2 bat,0.0
mean,2030,11,63,ES1 2 bat,0.0
mean,2030,11,64,ES1 2 bat,0.0
mean,2030,11,65,ES1 2 bat,0.0
mean,2030,11,66,ES1 2 bat,0.0
mean,2030,11,67,ES1 2 bat,0.0
mean,2030,11,68,ES1 2 bat,0.0
mean,2030,11,69,ES1 2 bat,0.0
mean,2030,11,70,ES1 2 bat,0.0
mean,2030,11,71,ES1 2 bat,0.0
mean,2030,11,72,ES1 2 bat,0.0
mean,2030,11,73,ES1 2 bat,0.0
mean,2030,11,74,ES1 2 bat,0.0
mean,2030,11,75,ES1 2 bat,0.0
mean,2030,11,76,ES1 2 bat,0.0
mean,2030,11,77,ES1 2 bat,0.0
mean,2030,11,78,ES1 2 bat,0.0
mean,2030,11,79,ES1 2 bat,0.0
mean,2030,11,80,ES1 2 bat,0.0
mean,2030,11,81,ES1 2 bat,0.0
mean,2030,11,82,ES1 2 bat,0.0
mean,2030,11,83,ES1 2 bat,0.0
mean,2030,11,84,ES1 2 bat,0.0
mean,2030,11,85,ES1 2 bat,0.0
mean,2030,11,86,ES1 2 bat,0.0
mean,2030,11,87,ES1 2 bat,0.0
mean,2030,11,88,ES1 2 bat,0.0
mean,2030,11,89,ES1 2 bat,0.0
mean,2030,11,90,ES1 2 bat,0.0
mean,2030,11,91,ES1 2 bat,0.0
mean,2030,11,92,ES1 2 bat,0.0
mean,2030,11,93,ES1 2 bat,0.0
mean,2030,11,94,ES1 2 bat,0.0
mean,2030,11,95,ES1 2 bat,0.0
mean,2030,11,96,ES1 2 bat,0.0
mean,2030,11,97,ES1 2 bat,0.0
mean,2030,11,98,ES1 2 bat,0.0
mean,2030,11,99,ES1 2 bat,0.0
mean,2030,11,100,ES1 2 bat,0.0
mean,2030,11,101,ES1 2 bat,0.0
mean,2030,11,102,ES1 2 bat,0.0
mean,2030,11,103,ES1 2 bat,0.0
mean,2030,11,104,ES1 2 bat,0.0
mean,2030,11,105,ES1 2 bat,0.0
mean,2030,11,106,ES1 2 bat,0.0
mean,2030,11,107,ES1 2 bat,0.0
mean,2030,11,108,ES1 2 bat,0.0
mean,2030,11,109,ES1 2 bat,0.0
mean,2030,11,110,ES1 2 bat,0.0
mean,2030,11,111,ES1 2 bat,0.0
mean,2030,11,112,ES1 2 bat,0.0
mean,2030,11,113,ES1 2 bat,0.0
mean,2030,11,114,ES1 2 bat,0.0
mean,2030,11,115,ES1 2 bat,0.0
mean,2030,11,116,ES1 2 bat,0.0
mean,2030,11,117,ES1 2 bat,0.0
mean,2030,11,118,ES1 2 bat,0.0
mean,2030,11,119,ES1 2 bat,0.0
mean,2030,11,120,ES1 2 bat,0.0
mean,2030,11,121,ES1 2 bat,0.0
mean,2030,11,122,ES1 2 bat,0.0
mean,2030,11,123,ES1 2 bat,0.0
mean,2030,11,124,ES1 2 bat,0.0
mean,2030,11,125,ES1 2 bat,0.0
mean,2030,11,126,ES1 2 bat,0.0
mean,2030,11,127,ES1 2 bat,0.0
mean,2030,11,128,ES1 2 bat,0.0
mean,2030,11,129,ES1 2 bat,0.0
mean,2030,11,130,ES1 2 bat,0.0
mean,2030,11,131,ES1 2 bat,0.0
mean,2030,11,132,ES1 2 bat,0.0
mean,2030,11,133,ES1 2 bat,0.0
mean,2030,11,134,ES1 2 bat,0.0
mean,2030,11,135,ES1 2 bat,0.0
mean,2030,11,136,ES1 2 bat,0.0
mean,2030,11,137,ES1 2 bat,0.0
mean,2030,11,138,ES1 2 bat,0.0
mean,2030,11,139,ES1 2 bat,0.0
mean,2030,11,140,ES1 2 bat,0.0
mean,2030,11,141,ES1 2 bat,0.0
mean,2030,11,142,ES1 2 bat,0.0
mean,2030,11,143,ES1 2 bat,0.0
mean,2030,11,144,ES1 2 bat,0.0
mean,2030,11,145,ES1 2 bat,0.0
mean,2030,11,146,ES1 2 bat,0.0
mean,2030,11,147,ES1 2 bat,0.0
mean,2030,11,148,ES1 2 bat,0.0
mean,2030,11,149,ES1 2 bat,0.0
mean,2030,11,150,ES1 2 bat,0.0
mean,2030,11,151,ES1 2 bat,0.0
mean,2030,11,152,ES1 2 bat,0.0
mean,2030,11,153,ES1 2 bat,0.0
mean,2030,11,154,ES1 2 bat,0.0
mean,2030,11,155,ES1 2 bat,0.0
mean,2030,11,156,ES1 2 bat,0.0
mean,2030,11,157,ES1 2 bat,0.0
mean,2030,11,158,ES1 2 bat,0.0
mean,2030,11,159,ES1 2 bat,0.0
mean,2030,11,160,ES1 2 bat,0.0
mean,2030,11,161,ES1 2 bat,0.0
mean,2030,11,162,ES1 2 bat,0.0
mean,2030,11,163,ES1 2 bat,0.0
mean,2030,11,164,ES1 2 bat,0.0
mean,2030,11,165,ES1 2 bat,0.0
mean,2030,11,166,ES1 2 bat,0.0
mean,2030,11,167,ES1 2 bat,0.0
mean,2030,21,0,ES1 2 bat,-61.716096965100796
mean,2030,21,1,ES1 2 bat,0.0
mean,2030,21,2,ES1 2 bat,0.0
mean,2030,21,3,ES1 2 bat,0.0
mean,2030,21,4,ES1 2 bat,0.0
mean,2030,21,5,ES1 2 bat,0.0
mean,2030,21,6,ES1 2 bat,0.0
mean,2030,21,7,ES1 2 bat,0.0
mean,2030,21,8,ES1 2 bat,0.0
mean,2030,21,9,ES1 2 bat,0.0
mean,2030,21,10,ES1 2 bat,0.0
mean,2030,21,11,ES1 2 bat,0.0
mean,2030,21,12,ES1 2 bat,0.0
mean,2030,21,13,ES1 2 bat,0.0
mean,2030,21,14,ES1 2 bat,0.0
mean,2030,21,15,ES1 2 bat,0.0
mean,2030,21,16,ES1 2 bat,0.0
mean,2030,21,17,ES1 2 bat,0.0
mean,2030,21,18,ES1 2 bat,0.0
mean,2030,21,19,ES1 2 bat,0.0
mean,2030,21,20,ES1 2 bat,0.0
mean,2030,21,21,ES1 2 bat,0.0
mean,2030,21,22,ES1 2 bat,0.0
mean,2030,21,23,ES1 2 bat,0.0
mean,2030,21,24,ES1 2 bat,0.0
mean,2030,21,25,ES1 2 bat,0.0
mean,2030,21,26,ES1 2 bat,0.0
mean,2030,21,27,ES1 2 bat,0.0
mean,2030,21,28,ES1 2 bat,0.0
mean,2030,21,29,ES1 2 bat,0.0
mean,2030,21,30,ES1 2 bat,0.0
mean,2030,21,31,ES1 2 bat,0.0
mean,2030,21,32,ES1 2 bat,0.0
mean,2030,21,33,ES1 2 bat,0.0
mean,2030,21,34,ES1 2 bat,0.0
mean,2030,21,35,ES1 2 bat,0.0
mean,2030,21,36,ES1 2 bat,0.0
mean,2030,21,37,ES1 2 bat,0.0
mean,2030,21,38,ES1 2 bat,0.0
mean,2030,21,39,ES1 2 bat,0.0
mean,2030,21,40,ES1 2 bat,0.0
mean,2030,21,41,ES1 2 bat,0.0
mean,2030,21,42,ES1 2 bat,0.0
mean,2030,21,43,ES1 2 bat,0.0
mean,2030,21,44,ES1 2 bat,0.0
mean,2030,21,45,ES1 2 bat,0.0
mean,2030,21,46,ES1 2 bat,0.0
mean,2030,21,47,ES1 2 bat,0.0
mean,2030,21,48,ES1 2 bat,0.0
mean,2030,21,49,ES1 2 bat,0.0
mean,2030,21,50,ES1 2 bat,0.0
mean,2030,21,51,ES1 2 bat,0.0
mean,2030,21,52,ES1 2 bat,0.0
mean,2030,21,53,ES1 2 bat,0.0
mean,2030,21,54,ES1 2 bat,0.0
mean,2030,21,55,ES1 2 bat,0.0
mean,2030,21,56,ES1 2 bat,0.0
mean,2030,21,57,ES1 2 bat,0.0
mean,2030,21,58,ES1 2 bat,0.0
mean,2030,21,59,ES1 2 bat,0.0
mean,2030,21,60,ES1 2 bat,0.0
mean,2030,21,61,ES1 2 bat,0.0
mean,2030,21,62,ES1 2 bat,0.0
mean,2030,21,63,ES1 2 bat,0.0
mean,2030,21,64,ES1 2 bat,0.0
mean,2030,21,65,ES1 2 bat,0.0
mean,2030,21,66,ES1 2 bat,0.0
mean,2030,21,67,ES1 2 bat,0.0
mean,2030,21,68,ES1 2 bat,0.0
mean,2030,21,69,ES1 2 bat,0.0
mean,2030,21,70,ES1 2 bat,0.0
mean,2030,21,71,ES1 2 bat,0.0
mean,2030,21,72,ES1 2 bat,0.0
mean,2030,21,73,ES1 2 bat,0.0
mean,2030,21,74,ES1 2 bat,0.0
mean,2030,21,75,ES1 2 bat,0.0
mean,2030,21,76,ES1 2 bat,0.0
mean,2030,21,77,ES1 2 bat,0.0
mean,2030,21,78,ES1 2 bat,-24.57081324006665
mean,2030,21,79,ES1 2 bat,0.0
mean,2030,21,80,ES1 2 bat,0.0
mean,2030,21,81,ES1 2 bat,0.0
mean,2030,21,82,ES1 2 bat,0.0
mean,2030,21,83,ES1 2 bat,0.0
mean,2030,21,84,ES1 2 bat,0.0
mean,2030,21,85,ES1 2 bat,0.0
mean,2030,21,86,ES1 2 bat,0.0
mean,2030,21,87,ES1 2 bat,0.0
mean,2030,21,88,ES1 2 bat,0.0
mean,2030,21,89,ES1 2 bat,0.0
mean,2030,21,90,ES1 2 bat,0.0
mean,2030,21,91,ES1 2 bat,0.0
mean,2030,21,92,ES1 2 bat,0.0
mean,2030,21,93,ES1 2 bat,0.0
mean,2030,21,94,ES1 2 bat,0.0
mean,2030,21,95,ES1 2 bat,0.0
mean,2030,21,96,ES1 2 bat,0.0
mean,2030,21,97,ES1 2 bat,0.0
mean,2030,21,98,ES1 2 bat,0.0
mean,2030,21,99,ES1 2 bat,0.0
mean,2030,21,100,ES1 2 bat,0.0
mean,2030,21,101,ES1 2 bat,0.0
mean,2030,21,102,ES1 2 bat,0.0
mean,2030,21,103,ES1 2 bat,0.0
mean,2030,21,104,ES1 2 bat,0.0
mean,2030,21,105,ES1 2 bat,0.0
mean,2030,21,106,ES1 2 bat,0.0
mean,2030,21,107,ES1 2 bat,0.0
mean,2030,21,108,ES1 2 bat,0.0
mean,2030,21,109,ES1 2 bat,0.0
mean,2030,21,110,ES1 2 bat,0.0
mean,2030,21,111,ES1 2 bat,0.0
mean,2030,21,112,ES1 2 bat,0.0
mean,2030,21,113,ES1 2 bat,0.0
mean,2030,21,114,ES1 2 bat,0.0
mean,2030,21,115,ES1 2 bat,0.0
mean,2030,21,116,ES1 2 bat,0.0
mean,2030,21,117,ES1 2 bat,0.0
mean,2030,21,118,ES1 2 bat,0.0
mean,2030,21,119,ES1 2 bat,0.0
mean,2030,21,120,ES1 2 bat,0.0
mean,2030,21,121,ES1 2 bat,0.0
mean,2030,21,122,ES1 2 bat,0.0
mean,2030,21,123,ES1 2 bat,0.0
mean,2030,21,124,ES1 2 bat,0.0
mean,2030,21,125,ES1 2 bat,0.0
mean,2030,21,126,ES1 2 bat,0.0
mean,2030,21,127,ES1 2 bat,0.0
mean,2030,21,128,ES1 2 bat,0.0
mean,2030,21,129,ES1 2 bat,0.0
mean,2030,21,130,ES1 2 bat,0.0
mean,2030,21,131,ES1 2 bat,0.0
mean,2030,21,132,ES1 2 bat,0.0
mean,2030,21,133,ES1 2 bat,0.0
mean,2030,21,134,ES1 2 bat,0.0
mean,2030,21,135,ES1 2 bat,0.0
mean,2030,21,136,ES1 2 bat,0.0
mean,2030,21,137,ES1 2 bat,0.0
mean,2030,21,138,ES1 2 bat,0.0
mean,2030,21,139,ES1 2 bat,0.0
mean,2030,21,140,ES1 2 bat,0.0
mean,2030,21,141,ES1 2 bat,0.0
mean,2030,21,142,ES1 2 bat,0.0
mean,2030,21,143,ES1 2 bat,0.0
mean,2030,21,144,ES1 2 bat,0.0
mean,2030,21,145,ES1 2 bat,0.0
mean,2030,21,146,ES1 2 bat,0.0
mean,2030,21,147,ES1 2 bat,0.0
mean,2030,21,148,ES1 2 bat,0.0
mean,2030,21,149,ES1 2 bat,0.0
mean,2030,21,150,ES1 2 bat,0.0
mean,2030,21,151,ES1 2 bat,0.0
mean,2030,21,152,ES1 2 bat,0.0
mean,2030,21,153,ES1 2 bat,0.0
mean,2030,21,154,ES1 2 bat,0.0
mean,2030,21,155,ES1 2 bat,0.0
mean,2030,21,156,ES1 2 bat,0.0
mean,2030,21,157,ES1 2 bat,0.0
mean,2030,21,158,ES1 2 bat,0.0
mean,2030,21,159,ES1 2 bat,-0.003780392366725869
mean,2030,21,160,ES1 2 bat,-0.0038909775024512485
mean,2030,21,161,ES1 2 bat,-0.0040681907052203935
mean,2030,21,162,ES1 2 bat,0.0
mean,2030,21,163,ES1 2 bat,0.0
mean,2030,21,164,ES1 2 bat,0.0
mean,2030,21,165,ES1 2 bat,0.0
mean,2030,21,166,ES1 2 bat,0.0
mean,2030,21,167,ES1 2 bat,0.0
mean,2030,42,0,ES1 2 bat,-62.829984882506245
mean,2030,42,1,ES1 2 bat,0.0
mean,2030,42,2,ES1 2 bat,0.0
mean,2030,42,3,ES1 2 bat,0.0
mean,2030,42,4,ES1 2 bat,0.0
mean,2030,42,5,ES1 2 bat,0.0
mean,2030,42,6,ES1 2 bat,0.0
mean,2030,42,7,ES1 2 bat,0.0
mean,2030,42,8,ES1 2 bat,0.0
mean,2030,42,9,ES1 2 bat,0.0
mean,2030,42,10,ES1 2 bat,0.0
mean,2030,42,11,ES1 2 bat,0.0
mean,2030,42,12,ES1 2 bat,0.0
mean,2030,42,13,ES1 2 bat,0.0
mean,2030,42,14,ES1 2 bat,0.0
mean,2030,42,15,ES1 2 bat,0.0
mean,2030,42,16,ES1 2 bat,0.0
mean,2030,42,17,ES1 2 bat,0.0
mean,2030,42,18,ES1 2 bat,0.0
mean,2030,42,19,ES1 2 bat,0.0
mean,2030,42,20,ES1 2 bat,0.0
mean,2030,42,21,ES1 2 bat,0.0
mean,2030,42,22,ES1 2 bat,0.0
mean,2030,42,23,ES1 2 bat,0.0
mean,2030,42,24,ES1 2 bat,0.0
mean,2030,42,25,ES1 2 bat,0.0
mean,2030,42,26,ES1 2 bat,0.0
mean,2030,42,27,ES1 2 bat,0.0
mean,2030,42,28,ES1 2 bat,0.0
mean,2030,42,29,ES1 2 bat,0.0
mean,2030,42,30,ES1 2 bat,0.0
mean,2030,42,31,ES1 2 bat,0.0
mean,2030,42,32,ES1 2 bat,0.0
mean,2030,42,33,ES1 2 bat,0.0
mean,2030,42,34,ES1 2 bat,0.0
mean,2030,42,35,ES1 2 bat,0.0
mean,2030,42,36,ES1 2 bat,0.0
mean,2030,42,37,ES1 2 bat,0.0
mean,2030,42,38,ES1 2 bat,0.0
mean,2030,42,39,ES1 2 bat,0.0
mean,2030,42,40,ES1 2 bat,0.0
mean,2030,42,41,ES1 2 bat,0.0
mean,2030,42,42,ES1 2 bat,0.0
mean,2030,42,43,ES1 2 bat,0.0
mean,2030,42,44,ES1 2 bat,0.0
mean,2030,42,45,ES1 2 bat,0.0
mean,2030,42,46,ES1 2 bat,0.0
mean,2030,42,47,ES1 2 bat,0.0
mean,2030,42,48,ES1 2 bat,0.0
mean,2030,42,49,ES1 2 bat,0.0
mean,2030,42,50,ES1 2 bat,0.0
mean,2030,42,51,ES1 2 bat,0.0
mean,2030,42,52,ES1 2 bat,0.0
mean,2030,42,53,ES1 2 bat,0.0
mean,2030,42,54,ES1 2 bat,0.0
mean,2030,42,55,ES1 2 bat,0.0
mean,2030,42,56,ES1 2 bat,0.0
mean,2030,42,57,ES1 2 bat,0.0
mean,2030,42,58,ES1 2 bat,0.0
mean,2030,42,59,ES1 2 bat,0.0
mean,2030,42,60,ES1 2 bat,0.0
mean,2030,42,61,ES1 2 bat,0.0
mean,2030,42,62,ES1 2 bat,0.0
mean,2030,42,63,ES1 2 bat,0.0
mean,2030,42,64,ES1 2 bat,0.0
mean,2030,42,65,ES1 2 bat,0.0
mean,2030,42,66,ES1 2 bat,0.0
mean,2030,42,67,ES1 2 bat,0.0
mean,2030,42,68,ES1 2 bat,0.0
mean,2030,42,69,ES1 2 bat,0.0
mean,2030,42,70,ES1 2 bat,0.0
mean,2030,42,71,ES1 2 bat,0.0
mean,2030,42,72,ES1 2 bat,0.0
mean,2030,42,73,ES1 2 bat,0.0
mean,2030,42,74,ES1 2 bat,0.0
mean,2030,42,75,ES1 2 bat,0.0
mean,2030,42,76,ES1 2 bat,0.0
mean,2030,42,77,ES1 2 bat,0.0
mean,2030,42,78,ES1 2 bat,0.0
mean,2030,42,79,ES1 2 bat,0.0
mean,2030,42,80,ES1 2 bat,0.0
mean,2030,42,81,ES1 2 bat,0.0
mean,2030,42,82,ES1 2 bat,0.0
mean,2030,42,83,ES1 2 bat,0.0
mean,2030,42,84,ES1 2 bat,0.0
mean,2030,42,85,ES1 2 bat,0.0
mean,2030,42,86,ES1 2 bat,0.0
mean,2030,42,87,ES1 2 bat,0.0
mean,2030,42,88,ES1 2 bat,0.0
mean,2030,42,89,ES1 2 bat,0.0
mean,2030,42,90,ES1 2 bat,0.0
mean,2030,42,91,ES1 2 bat,0.0
mean,2030,42,92,ES1 2 bat,0.0
mean,2030,42,93,ES1 2 bat,0.0
mean,2030,42,94,ES1 2 bat,0.0
mean,2030,42,95,ES1 2 bat,0.0
mean,2030,42,96,ES1 2 bat,0.0
mean,2030,42,97,ES1 2 bat,0.0
mean,2030,42,98,ES1 2 bat,0.0
mean,2030,42,99,ES1 2 bat,0.0
mean,2030,42,100,ES1 2 bat,0.0
mean,2030,42,101,ES1 2 bat,0.0
mean,2030,42,102,ES1 2 bat,0.0
mean,2030,42,103,ES1 2 bat,0.0
mean,2030,42,104,ES1 2 bat,0.0
mean,2030,42,105,ES1 2 bat,0.0
mean,2030,42,106,ES1 2 bat,0.0
mean,2030,42,107,ES1 2 bat,0.0
mean,2030,42,108,ES1 2 bat,0.0
mean,2030,42,109,ES1 2 bat,0.0
mean,2030,42,110,ES1 2 bat,0.0
mean,2030,42,111,ES1 2 bat,0.0
mean,2030,42,112,ES1 2 bat,0.0
mean,2030,42,113,ES1 2 bat,0.0
mean,2030,42,114,ES1 2 bat,0.0
mean,2030,42,115,ES1 2 bat,0.0
mean,2030,42,116,ES1 2 bat,0.0
mean,2030,42,117,ES1 2 bat,0.0
mean,2030,42,118,ES1 2 bat,0.0
mean,2030,42,119,ES1 2 bat,0.0
mean,2030,42,120,ES1 2 bat,0.0
mean,2030,42,121,ES1 2 bat,0.0
mean,2030,42,122,ES1 2 bat,0.0
mean,2030,42,123,ES1 2 bat,0.0
mean,2030,42,124,ES1 2 bat,0.0
mean,2030,42,125,ES1 2 bat,0.0
mean,2030,42,126,ES1 2 bat,0.0
mean,2030,42,127,ES1 2 bat,0.0
mean,2030,42,128,ES1 2 bat,0.0
mean,2030,42,129,ES1 2 bat,0.0
mean,2030,42,130,ES1 2 bat,0.0
mean,2030,42,131,ES1 2 bat,0.0
mean,2030,42,132,ES1 2 bat,0.0
mean,2030,42,133,ES1 2 bat,0.0
mean,2030,42,134,ES1 2 bat,0.0
mean,2030,42,135,ES1 2 bat,0.0
mean,2030,42,136,ES1 2 bat,0.0
mean,2030,42,137,ES1 2 bat,0.0
mean,2030,42,138,ES1 2 bat,0.0
mean,2030,42,139,ES1 2 bat,0.0
mean,2030,42,140,ES1 2 bat,0.0
mean,2030,42,141,ES1 2 bat,0.0
mean,2030,42,142,ES1 2 bat,0.0
mean,2030,42,143,ES1 2 bat,0.0
mean,2030,42,144,ES1 2 bat,0.0
mean,2030,42,145,ES1 2 bat,0.0
mean,2030,42,146,ES1 2 bat,0.0
mean,2030,42,147,ES1 2 bat,0.0
mean,2030,42,148,ES1 2 bat,0.0
mean,2030,42,149,ES1 2 bat,0.0
mean,2030,42,150,ES1 2 bat,0.0
mean,2030,42,151,ES1 2 bat,0.0
mean,2030,42,152,ES1 2 bat,0.0
mean,2030,42,153,ES1 2 bat,0.0
mean,2030,42,154,ES1 2 bat,0.0
mean,2030,42,155,ES1 2 bat,0.0
mean,2030,42,156,ES1 2 bat,0.0
mean,2030,42,157,ES1 2 bat,0.0
mean,2030,42,158,ES1 2 bat,0.0
mean,2030,42,159,ES1 2 bat,0.0
mean,2030,42,160,ES1 2 bat,0.0
mean,2030,42,161,ES1 2 bat,0.0
mean,2030,42,162,ES1 2 bat,0.0
mean,2030,42,163,ES1 2 bat,0.0
mean,2030,42,164,ES1 2 bat,0.0
mean,2030,42,165,ES1 2 bat,0.0
mean,2030,42,166,ES1 2 bat,0.0
mean,2030,42,167,ES1 2 bat,0.0
mean,2030,52,0,ES1 2 bat,-60.58275519729095
mean,2030,52,1,ES1 2 bat,0.0
mean,2030,52,2,ES1 2 bat,0.0
mean,2030,52,3,ES1 2 bat,0.0
mean,2030,52,4,ES1 2 bat,0.0
mean,2030,52,5,ES1 2 bat,0.0
mean,2030,52,6,ES1 2 bat,0.0
mean,2030,52,7,ES1 2 bat,0.0
mean,2030,52,8,ES1 2 bat,0.0
mean,2030,52,9,ES1 2 bat,0.0
mean,2030,52,10,ES1 2 bat,0.0
mean,2030,52,11,ES1 2 bat,0.0
mean,2030,52,12,ES1 2 bat,0.0
mean,2030,52,13,ES1 2 bat,0.0
mean,2030,52,14,ES1 2 bat,0.0
mean,2030,52,15,ES1 2 bat,0.0
mean,2030,52,16,ES1 2 bat,0.0
mean,2030,52,17,ES1 2 bat,0.0
mean,2030,52,18,ES1 2 bat,0.0
mean,2030,52,19,ES1 2 bat,0.0
mean,2030,52,20,ES1 2 bat,0.0
mean,2030,52,21,ES1 2 bat,0.0
mean,2030,52,22,ES1 2 bat,0.0
mean,2030,52,23,ES1 2 bat,0.0
mean,2030,52,24,ES1 2 bat,0.0
mean,2030,52,25,ES1 2 bat,0.0
mean,2030,52,26,ES1 2 bat,0.0
mean,2030,52,27,ES1 2 bat,0.0
mean,2030,52,28,ES1 2 bat,0.0
mean,2030,52,29,ES1 2 bat,0.0
mean,2030,52,30,ES1 2 bat,0.0
mean,2030,52,31,ES1 2 bat,0.0
mean,2030,52,32,ES1 2 bat,0.0
mean,2030,52,33,ES1 2 bat,0.0
mean,2030,52,34,ES1 2 bat,0.0
mean,2030,52,35,ES1 2 bat,0.0
mean,2030,52,36,ES1 2 bat,0.0
mean,2030,52,37,ES1 2 bat,0.0
mean,2030,52,38,ES1 2 bat,0.0
mean,2030,52,39,ES1 2 bat,0.0
mean,2030,52,40,ES1 2 bat,0.0
mean,2030,52,41,ES1 2 bat,0.0
mean,2030,52,42,ES1 2 bat,0.0
mean,2030,52,43,ES1 2 bat,0.0
mean,2030,52,44,ES1 2 bat,0.0
mean,2030,52,45,ES1 2 bat,0.0
mean,2030,52,46,ES1 2 bat,0.0
mean,2030,52,47,ES1 2 bat,0.0
mean,2030,52,48,ES1 2 bat,0.0
mean,2030,52,49,ES1 2 bat,0.0
mean,2030,52,50,ES1 2 bat,0.0
mean,2030,52,51,ES1 2 bat,0.0
mean,2030,52,52,ES1 2 bat,0.0
mean,2030,52,53,ES1 2 bat,0.0
mean,2030,52,54,ES1 2 bat,0.0
mean,2030,52,55,ES1 2 bat,0.0
mean,2030,52,56,ES1 2 bat,0.0
mean,2030,52,57,ES1 2 bat,0.0
mean,2030,52,58,ES1 2 bat,0.0
mean,2030,52,59,ES1 2 bat,0.0
mean,2030,52,60,ES1 2 bat,0.0
mean,2030,52,61,ES1 2 bat,0.0
mean,2030,52,62,ES1 2 bat,0.0
mean,2030,52,63,ES1 2 bat,0.0
mean,2030,52,64,ES1 2 bat,0.0
mean,2030,52,65,ES1 2 bat,0.0
mean,2030,52,66,ES1 2 bat,0.0
mean,2030,52,67,ES1 2 bat,0.0
mean,2030,52,68,ES1 2 bat,0.0
mean,2030,52,69,ES1 2 bat,0.0
mean,2030,52,70,ES1 2 bat,0.0
mean,2030,52,71,ES1 2 bat,0.0
mean,2030,52,72,ES1 2 bat,0.0
mean,2030,52,73,ES1 2 bat,0.0
mean,2030,52,74,ES1 2 bat,0.0
mean,2030,52,75,ES1 2 bat,0.0
mean,2030,52,76,ES1 2 bat,0.0
mean,2030,52,77,ES1 2 bat,0.0
mean,2030,52,78,ES1 2 bat,0.0
mean,2030,52,79,ES1 2 bat,0.0
mean,2030,52,80,ES1 2 bat,0.0
mean,2030,52,81,ES1 2 bat,0.0
mean,2030,52,82,ES1 2 bat,0.0
mean,2030,52,83,ES1 2 bat,0.0
mean,2030,52,84,ES1 2 bat,0.0
mean,2030,52,85,ES1 2 bat,0.0
mean,2030,52,86,ES1 2 bat,0.0
mean,2030,52,87,ES1 2 bat,0.0
mean,2030,52,88,ES1 2 bat,0.0
mean,2030,52,89,ES1 2 bat,0.0
mean,2030,52,90,ES1 2 bat,0.0
mean,2030,52,91,ES1 2 bat,0.0
mean,2030,52,92,ES1 2 bat,0.0
mean,2030,52,93,ES1 2 bat,0.0
mean,2030,52,94,ES1 2 bat,0.0
mean,2030,52,95,ES1 2 bat,0.0
mean,2030,52,96,ES1 2 bat,0.0
mean,2030,52,97,ES1 2 bat,0.0
mean,2030,52,98,ES1 2 bat,0.0
mean,2030,52,99,ES1 2 bat,0.0
mean,2030,52,100,ES1 2 bat,0.0
mean,2030,52,101,ES1 2 bat,0.0
mean,2030,52,102,ES1 2 bat,0.0
mean,2030,52,103,ES1 2 bat,0.0
mean,2030,52,104,ES1 2 bat,0.0
mean,2030,52,105,ES1 2 bat,0.0
mean,2030,52,106,ES1 2 bat,0.0
mean,2030,52,107,ES1 2 bat,0.0
mean,2030,52,108,ES1 2 bat,0.0
mean,2030,52,109,ES1 2 bat,0.0
mean,2030,52,110,ES1 2 bat,0.0
mean,2030,52,111,ES1 2 bat,0.0
mean,2030,52,112,ES1 2 bat,0.0
mean,2030,52,113,ES1 2 bat,0.0
mean,2030,52,114,ES1 2 bat,0.0
mean,2030,52,115,ES1 2 bat,0.0
mean,2030,52,116,ES1 2 bat,0.0
mean,2030,52,117,ES1 2 bat,0.0
mean,2030,52,118,ES1 2 bat,0.0
mean,2030,52,119,ES1 2 bat,0.0
mean,2030,52,120,ES1 2 bat,0.0
mean,2030,52,121,ES1 2 bat,0.0
mean,2030,52,122,ES1 2 bat,0.0
mean,2030,52,123,ES1 2 bat,0.0
mean,2030,52,124,ES1 2 bat,0.0
mean,2030,52,125,ES1 2 bat,0.0
mean,2030,52,126,ES1 2 bat,0.0
mean,2030,52,127,ES1 2 bat,0.0
mean,2030,52,128,ES1 2 bat,0.0
mean,2030,52,129,ES1 2 bat,0.0
mean,2030,52,130,ES1 2 bat,0.0
mean,2030,52,131,ES1 2 bat,0.0
mean,2030,52,132,ES1 2 bat,0.0
mean,2030,52,133,ES1 2 bat,0.0
mean,2030,52,134,ES1 2 bat,0.0
mean,2030,52,135,ES1 2 bat,0.0
mean,2030,52,136,ES1 2 bat,0.0
mean,2030,52,137,ES1 2 bat,0.0
mean,2030,52,138,ES1 2 bat,0.0
mean,2030,52,139,ES1 2 bat,0.0
mean,2030,52,140,ES1 2 bat,0.0
mean,2030,52,141,ES1 2 bat,0.0
mean,2030,52,142,ES1 2 bat,0.0
mean,2030,52,143,ES1 2 bat,0.0
mean,2030,52,144,ES1 2 bat,0.0
mean,2030,52,145,ES1 2 bat,0.0
mean,2030,52,146,ES1 2 bat,0.0
mean,2030,52,147,ES1 2 bat,0.0
mean,2030,52,148,ES1 2 bat,0.0
mean,2030,52,149,ES1 2 bat,0.0
mean,2030,52,150,ES1 2 bat,0.0
mean,2030,52,151,ES1 2 bat,0.0
mean,2030,52,152,ES1 2 bat,0.0
mean,2030,52,153,ES1 2 bat,0.0
mean,2030,52,154,ES1 2 bat,0.0
mean,2030,52,155,ES1 2 bat,0.0
mean,2030,52,156,ES1 2 bat,0.0
mean,2030,52,157,ES1 2 bat,0.0
mean,2030,52,158,ES1 2 bat,0.0
mean,2030,52,159,ES1 2 bat,-0.0038916866234036747
mean,2030,52,160,ES1 2 bat,0.0
mean,2030,52,161,ES1 2 bat,0.0
mean,2030,52,162,ES1 2 bat,0.0
mean,2030,52,163,ES1 2 bat,0.0
mean,2030,52,164,ES1 2 bat,0.0
mean,2030,52,165,ES1 2 bat,0.0
mean,2030,52,166,ES1 2 bat,0.0
mean,2030,52,167,ES1 2 bat,0.0
mean,2040,11,0,ES1 2 bat,-0.014549999999999999
mean,2040,11,1,ES1 2 bat,0.0
mean,2040,11,2,ES1 2 bat,0.0
mean,2040,11,3,ES1 2 bat,0.0
mean,2040,11,4,ES1 2 bat,0.0
mean,2040,11,5,ES1 2 bat,0.0
mean,2040,11,6,ES1 2 bat,0.0
mean,2040,11,7,ES1 2 bat,0.0
mean,2040,11,8,ES1 2 bat,0.0
mean,2040,11,9,ES1 2 bat,0.0
mean,2040,11,10,ES1 2 bat,0.0
mean,2040,11,11,ES1 2 bat,0.0
mean,2040,11,12,ES1 2 bat,0.0
mean,2040,11,13,ES1 2 bat,0.0
mean,2040,11,14,ES1 2 bat,0.0
mean,2040,11,15,ES1 2 bat,0.0
mean,2040,11,16,ES1 2 bat,0.0
mean,2040,11,17,ES1 2 bat,0.0
mean,2040,11,18,ES1 2 bat,0.0
mean,2040,11,19,ES1 2 bat,0.0
mean,2040,11,20,ES1 2 bat,0.0
mean,2040,11,21,ES1 2 bat,0.0
mean,2040,11,22,ES1 2 bat,0.0
mean,2040,11,23,ES1 2 bat,0.0
mean,2040,11,24,ES1 2 bat,0.0
mean,2040,11,25,ES1 2 bat,0.0
mean,2040,11,26,ES1 2 bat,0.0
mean,2040,11,27,ES1 2 bat,0.0
mean,2040,11,28,ES1 2 bat,0.0
mean,2040,11,29,ES1 2 bat,0.0
mean,2040,11,30,ES1 2 bat,-6.34499238480202e-05
mean,2040,11,31,ES1 2 bat,-60.377340758641736
mean,2040,11,32,ES1 2 bat,0.0
mean,2040,11,33,ES1 2 bat,0.0
mean,2040,11,34,ES1 2 bat,0.0
mean,2040,11,35,ES1 2 bat,0.0
mean,2040,11,36,ES1 2 bat,0.0
mean,2040,11,37,ES1 2 bat,0.0
mean,2040,11,38,ES1 2 bat,0.0
mean,2040,11,39,ES1 2 bat,0.0
mean,2040,11,40,ES1 2 bat,0.0
mean,2040,11,41,ES1 2 bat,0.0
mean,2040,11,42,ES1 2 bat,0.0
mean,2040,11,43,ES1 2 bat,0.0
mean,2040,11,44,ES1 2 bat,0.0
mean,2040,11,45,ES1 2 bat,0.0
mean,2040,11,46,ES1 2 bat,0.0
mean,2040,11,47,ES1 2 bat,0.0
mean,2040,11,48,ES1 2 bat,0.0
mean,2040,11,49,ES1 2 bat,0.0
mean,2040,11,50,ES1 2 bat,0.0
mean,2040,11,51,ES1 2 bat,0.0
mean,2040,11,52,ES1 2 bat,0.0
mean,2040,11,53,ES1 2 bat,0.0
mean,2040,11,54,ES1 2 bat,0.0
mean,2040,11,55,ES1 2 bat,0.0
mean,2040,11,56,ES1 2 bat,0.0
mean,2040,11,57,ES1 2 bat,0.0
mean,2040,11,58,ES1 2 bat,0.0
mean,2040,11,59,ES1 2 bat,0.0
mean,2040,11,60,ES1 2 bat,0.0
mean,2040,11,61,ES1 2 bat,0.0
mean,2040,11,62,ES1 2 bat,0.0
mean,2040,11,63,ES1 2 bat,0.0
mean,2040,11,64,ES1 2 bat,0.0
mean,2040,11,65,ES1 2 bat,0.0
mean,2040,11,66,ES1 2 bat,0.0
mean,2040,11,67,ES1 2 bat,0.0
mean,2040,11,68,ES1 2 bat,0.0
mean,2040,11,69,ES1 2 bat,0.0
mean,2040,11,70,ES1 2 bat,0.0
mean,2040,11,71,ES1 2 bat,0.0
mean,2040,11,72,ES1 2 bat,0.0
mean,2040,11,73,ES1 2 bat,0.0
mean,2040,11,74,ES1 2 bat,0.0
mean,2040,11,75,ES1 2 bat,0.0
mean,2040,11,76,ES1 2 bat,0.0
mean,2040,11,77,ES1 2 bat,0.0
mean,2040,11,78,ES1 2 bat,0.0
mean,2040,11,79,ES1 2 bat,0.0
mean,2040,11,80,ES1 2 bat,0.0
mean,2040,11,81,ES1 2 bat,0.0
mean,2040,11,82,ES1 2 bat,0.0
mean,2040,11,83,ES1 2 bat,0.0
mean,2040,11,84,ES1 2 bat,0.0
mean,2040,11,85,ES1 2 bat,0.0
mean,2040,11,86,ES1 2 bat,0.0
mean,2040,11,87,ES1 2 bat,0.0
mean,2040,11,88,ES1 2 bat,0.0
mean,2040,11,89,ES1 2 bat,0.0
mean,2040,11,90,ES1 2 bat,0.0
mean,2040,11,91,ES1 2 bat,0.0
mean,2040,11,92,ES1 2 bat,0.0
mean,2040,11,93,ES1 2 bat,0.0
mean,2040,11,94,ES1 2 bat,0.0
mean,2040,11,95,ES1 2 bat,0.0
mean,2040,11,96,ES1 2 bat,0.0
mean,2040,11,97,ES1 2 bat,0.0
mean,2040,11,98,ES1 2 bat,0.0
mean,2040,11,99,ES1 2 bat,0.0
mean,2040,11,100,ES1 2 bat,0.0
mean,2040,11,101,ES1 2 bat,0.0
mean,2040,11,102,ES1 2 bat,0.0
mean,2040,11,103,ES1 2 bat,0.0
mean,2040,11,104,ES1 2 bat,0.0
mean,2040,11,105,ES1 2 bat,0.0
mean,2040,11,106,ES1 2 bat,0.0
mean,2040,11,107,ES1 2 bat,0.0
mean,2040,11,108,ES1 2 bat,0.0
mean,2040,11,109,ES1 2 bat,0.0
mean,2040,11,110,ES1 2 bat,0.0
mean,2040,11,111,ES1 2 bat,0.0
mean,2040,11,112,ES1 2 bat,0.0
mean,2040,11,113,ES1 2 bat,0.0
mean,2040,11,114,ES1 2 bat,-0.0
mean,2040,11,115,ES1 2 bat,0.0
mean,2040,11,116,ES1 2 bat,0.0
mean,2040,11,117,ES1 2 bat,0.0
mean,2040,11,118,ES1 2 bat,0.0
mean,2040,11,119,ES1 2 bat,0.0
mean,2040,11,120,ES1 2 bat,0.0
mean,2040,11,121,ES1 2 bat,0.0
mean,2040,11,122,ES1 2 bat,0.0
mean,2040,11,123,ES1 2 bat,0.0
mean,2040,11,124,ES1 2 bat,0.0
mean,2040,11,125,ES1 2 bat,0.0
mean,2040,11,126,ES1 2 bat,0.0
mean,2040,11,127,ES1 2 bat,0.0
mean,2040,11,128,ES1 2 bat,0.0
mean,2040,11,129,ES1 2 bat,0.0
mean,2040,11,130,ES1 2 bat,0.0
mean,2040,11,131,ES1 2 bat,0.0
mean,2040,11,132,ES1 2 bat,0.0
mean,2040,11,133,ES1 2 bat,0.0
mean,2040,11,134,ES1 2 bat,0.0
mean,2040,11,135,ES1 2 bat,0.0
mean,2040,11,136,ES1 2 bat,0.0
mean,2040,11,137,ES1 2 bat,0.0
mean,2040,11,138,ES1 2 bat,0.0
mean,2040,11,139,ES1 2 bat,0.0
mean,2040,11,140,ES1 2 bat,0.0
mean,2040,11,141,ES1 2 bat,0.0
mean,2040,11,142,ES1 2 bat,0.0
mean,2040,11,143,ES1 2 bat,0.0
mean,2040,11,144,ES1 2 bat,0.0
mean,2040,11,145,ES1 2 bat,0.0
mean,2040,11,146,ES1 2 bat,0.0
mean,2040,11,147,ES1 2 bat,0.0
mean,2040,11,148,ES1 2 bat,0.0
mean,2040,11,149,ES1 2 bat,0.0
mean,2040,11,150,ES1 2 bat,0.0
mean,2040,11,151,ES1 2 bat,0.0
mean,2040,11,152,ES1 2 bat,0.0
mean,2040,11,153,ES1 2 bat,0.0
mean,2040,11,154,ES1 2 bat,0.0
mean,2040,11,155,ES1 2 bat,0.0
mean,2040,11,156,ES1 2 bat,0.0
mean,2040,11,157,ES1 2 bat,0.0
mean,2040,11,158,ES1 2 bat,0.0
mean,2040,11,159,ES1 2 bat,0.0
mean,2040,11,160,ES1 2 bat,0.0
mean,2040,11,161,ES1 2 bat,0.0
mean,2040,11,162,ES1 2 bat,0.0
mean,2040,11,163,ES1 2 bat,0.0
mean,2040,11,164,ES1 2 bat,0.0
mean,2040,11,165,ES1 2 bat,0.0
mean,2040,11,166,ES1 2 bat,0.0
mean,2040,11,167,ES1 2 bat,0.0
mean,2040,21,0,ES1 2 bat,-62.54191949006373
mean,2040,21,1,ES1 2 bat,0.0
mean,2040,21,2,ES1 2 bat,0.0
mean,2040,21,3,ES1 2 bat,0.0
mean,2040,21,4,ES1 2 bat,0.0
mean,2040,21,5,ES1 2 bat,0.0
mean,2040,21,6,ES1 2 bat,0.0
mean,2040,21,7,ES1 2 bat,0.0
mean,2040,21,8,ES1 2 bat,0.0
mean,2040,21,9,ES1 2 bat,0.0
mean,2040,21,10,ES1 2 bat,0.0
mean,2040,21,11,ES1 2 bat,0.0
mean,2040,21,12,ES1 2 bat,0.0
mean,2040,21,13,ES1 2 bat,0.0
mean,2040,21,14,ES1 2 bat,0.0
mean,2040,21,15,ES1 2 bat,0.0
mean,2040,21,16,ES1 2 bat,0.0
mean,2040,21,17,ES1 2 bat,0.0
mean,2040,21,18,ES1 2 bat,0.0
mean,2040,21,19,ES1 2 bat,0.0
mean,2040,21,20,ES1 2 bat,0.0
mean,2040,21,21,ES1 2 bat,0.0
mean,2040,21,22,ES1 2 bat,0.0
mean,2040,21,23,ES1 2 bat,0.0
mean,2040,21,24,ES1 2 bat,0.0
mean,2040,21,25,ES1 2 bat,0.0
mean,2040,21,26,ES1 2 bat,0.0
mean,2040,21,27,ES1 2 bat,0.0
mean,2040,21,28,ES1 2 bat,0.0
mean,2040,21,29,ES1 2 bat,0.0
mean,2040,21,30,ES1 2 bat,-0.513760393717591
mean,2040,21,31,ES1 2 bat,0.0
mean,2040,21,32,ES1 2 bat,0.0
mean,2040,21,33,ES1 2 bat,0.0
mean,2040,21,34,ES1 2 bat,0.0
mean,2040,21,35,ES1 2 bat,0.0
mean,2040,21,36,ES1 2 bat,0.0
mean,2040,21,37,ES1 2 bat,0.0
mean,2040,21,38,ES1 2 bat,0.0
mean,2040,21,39,ES1 2 bat,0.0
mean,2040,21,40,ES1 2 bat,0.0
mean,2040,21,41,ES1 2 bat,0.0
mean,2040,21,42,ES1 2 bat,0.0
mean,2040,21,43,ES1 2 bat,0.0
mean,2040,21,44,ES1 2 bat,0.0
mean,2040,21,45,ES1 2 bat,0.0
mean,2040,21,46,ES1 2 bat,0.0
mean,2040,21,47,ES1 2 bat,0.0
mean,2040,21,48,ES1 2 bat,0.0
mean,2040,21,49,ES1 2 bat,0.0
mean,2040,21,50,ES1 2 bat,0.0
mean,2040,21,51,ES1 2 bat,0.0
mean,2040,21,52,ES1 2 bat,0.0
mean,2040,21,53,ES1 2 bat,0.0
mean,2040,21,54,ES1 2 bat,0.0
mean,2040,21,55,ES1 2 bat,0.0
mean,2040,21,56,ES1 2 bat,0.0
mean,2040,21,57,ES1 2 bat,0.0
mean,2040,21,58,ES1 2 bat,0.0
mean,2040,21,59,ES1 2 bat,0.0
mean,2040,21,60,ES1 2 bat,0.0
mean,2040,21,61,ES1 2 bat,0.0
mean,2040,21,62,ES1 2 bat,0.0
mean,2040,21,63,ES1 2 bat,0.0
mean,2040,21,64,ES1 2 bat,0.0
mean,2040,21,65,ES1 2 bat,0.0
mean,2040,21,66,ES1 2 bat,0.0
mean,2040,21,67,ES1 2 bat,0.0
mean,2040,21,68,ES1 2 bat,0.0
mean,2040,21,69,ES1 2 bat,0.0
mean,2040,21,70,ES1 2 bat,0.0
mean,2040,21,71,ES1 2 bat,0.0
mean,2040,21,72,ES1 2 bat,0.0
mean,2040,21,73,ES1 2 bat,0.0
mean,2040,21,74,ES1 2 bat,0.0
mean,2040,21,75,ES1 2 bat,0.0
mean,2040,21,76,ES1 2 bat,0.0
mean,2040,21,77,ES1 2 bat,-0.0
mean,2040,21,78,ES1 2 bat,0.0
mean,2040,21,79,ES1 2 bat,0.0
mean,2040,21,80,ES1 2 bat,0.0
mean,2040,21,81,ES1 2 bat,0.0
mean,2040,21,82,ES1 2 bat,0.0
mean,2040,21,83,ES1 2 bat,0.0
mean,2040,21,84,ES1 2 bat,0.0
mean,2040,21,85,ES1 2 bat,0.0
mean,2040,21,86,ES1 2 bat,0.0
mean,2040,21,87,ES1 2 bat,0.0
mean,2040,21,88,ES1 2 bat,0.0
mean,2040,21,89,ES1 2 bat,0.0
mean,2040,21,90,ES1 2 bat,0.0
mean,2040,21,91,ES1 2 bat,0.0
mean,2040,21,92,ES1 2 bat,0.0
mean,2040,21,93,ES1 2 bat,0.0
mean,2040,21,94,ES1 2 bat,-0.000226337625069507
mean,2040,21,95,ES1 2 bat,0.0
mean,2040,21,96,ES1 2 bat,0.0
mean,2040,21,97,ES1 2 bat,0.0
mean,2040,21,98,ES1 2 bat,0.0
mean,2040,21,99,ES1 2 bat,0.0
mean,2040,21,100,ES1 2 bat,0.0
mean,2040,21,101,ES1 2 bat,0.0
mean,2040,21,102,ES1 2 bat,0.0
mean,2040,21,103,ES1 2 bat,0.0
mean,2040,21,104,ES1 2 bat,0.0
mean,2040,21,105,ES1 2 bat,0.0
mean,2040,21,106,ES1 2 bat,0.0
mean,2040,21,107,ES1 2 bat,0.0
mean,2040,21,108,ES1 2 bat,0.0
mean,2040,21,109,ES1 2 bat,0.0
mean,2040,21,110,ES1 2 bat,0.0
mean,2040,21,111,ES1 2 bat,0.0
mean,2040,21,112,ES1 2 bat,0.0
mean,2040,21,113,ES1 2 bat,0.0
mean,2040,21,114,ES1 2 bat,0.0
mean,2040,21,115,ES1 2 bat,0.0
mean,2040,21,116,ES1 2 bat,0.0
mean,2040,21,117,ES1 2 bat,0.0
mean,2040,21,118,ES1 2 bat,0.0
mean,2040,21,119,ES1 2 bat,0.0
mean,2040,21,120,ES1 2 bat,0.0
mean,2040,21,121,ES1 2 bat,0.0
mean,2040,21,122,ES1 2 bat,0.0
mean,2040,21,123,ES1 2 bat,0.0
mean,2040,21,124,ES1 2 bat,0.0
mean,2040,21,125,ES1 2 bat,0.0
mean,2040,21,126,ES1 2 bat,0.0
mean,2040,21,127,ES1 2 bat,0.0
mean,2040,21,128,ES1 2 bat,0.0
mean,2040,21,129,ES1 2 bat,0.0
mean,2040,21,130,ES1 2 bat,0.0
mean,2040,21,131,ES1 2 bat,0.0
mean,2040,21,132,ES1 2 bat,0.0
mean,2040,21,133,ES1 2 bat,0.0
mean,2040,21,134,ES1 2 bat,0.0
mean,2040,21,135,ES1 2 bat,0.0
mean,2040,21,136,ES1 2 bat,0.0
mean,2040,21,137,ES1 2 bat,0.0
mean,2040,21,138,ES1 2 bat,0.0
mean,2040,21,139,ES1 2 bat,0.0
mean,2040,21,140,ES1 2 bat,0.0
mean,2040,21,141,ES1 2 bat,0.0
mean,2040,21,142,ES1 2 bat,0.0
mean,2040,21,143,ES1 2 bat,0.0
mean,2040,21,144,ES1 2 bat,0.0
mean,2040,21,145,ES1 2 bat,0.0
mean,2040,21,146,ES1 2 bat,0.0
mean,2040,21,147,ES1 2 bat,0.0
mean,2040,21,148,ES1 2 bat,0.0
mean,2040,21,149,ES1 2 bat,0.0
mean,2040,21,150,ES1 2 bat,0.0
mean,2040,21,151,ES1 2 bat,0.0
mean,2040,21,152,ES1 2 bat,0.0
mean,2040,21,153,ES1 2 bat,0.0
mean,2040,21,154,ES1 2 bat,0.0
mean,2040,21,155,ES1 2 bat,0.0
mean,2040,21,156,ES1 2 bat,0.0
mean,2040,21,157,ES1 2 bat,0.0
mean,2040,21,158,ES1 2 bat,0.0
mean,2040,21,159,ES1 2 bat,0.0
mean,2040,21,160,ES1 2 bat,0.0
mean,2040,21,161,ES1 2 bat,0.0
mean,2040,21,162,ES1 2 bat,0.0
mean,2040,21,163,ES1 2 bat,0.0
mean,2040,21,164,ES1 2 bat,0.0
mean,2040,21,165,ES1 2 bat,0.0
mean,2040,21,166,ES1 2 bat,0.0
mean,2040,21,167,ES1 2 bat,0.0
mean,2040,42,0,ES1 2 bat,-62.829984882506245
mean,2040,42,1,ES1 2 bat,0.0
mean,2040,42,2,ES1 2 bat,0.0
mean,2040,42,3,ES1 2 bat,0.0
mean,2040,42,4,ES1 2 bat,0.0
mean,2040,42,5,ES1 2 bat,0.0
mean,2040,42,6,ES1 2 bat,-0.0030796598278631216
mean,2040,42,7,ES1 2 bat,0.0
mean,2040,42,8,ES1 2 bat,0.0
mean,2040,42,9,ES1 2 bat,0.0
mean,2040,42,10,ES1 2 bat,0.0
mean,2040,42,11,ES1 2 bat,0.0
mean,2040,42,12,ES1 2 bat,0.0
mean,2040,42,13,ES1 2 bat,0.0
mean,2040,42,14,ES1 2 bat,0.0
mean,2040,42,15,ES1 2 bat,0.0
mean,2040,42,16,ES1 2 bat,0.0
mean,2040,42,17,ES1 2 bat,0.0
mean,2040,42,18,ES1 2 bat,0.0
mean,2040,42,19,ES1 2 bat,0.0
mean,2040,42,20,ES1 2 bat,0.0
mean,2040,42,21,ES1 2 bat,0.0
mean,2040,42,22,ES1 2 bat,0.0
mean,2040,42,23,ES1 2 bat,0.0
mean,2040,42,24,ES1 2 bat,0.0
mean,2040,42,25,ES1 2 bat,0.0
mean,2040,42,26,ES1 2 bat,0.0
mean,2040,42,27,ES1 2 bat,0.0
mean,2040,42,28,ES1 2 bat,0.0
mean,2040,42,29,ES1 2 bat,-0.5262958398512189
mean,2040,42,30,ES1 2 bat,-0.5238000962353634
mean,2040,42,31,ES1 2 bat,-0.5213042485759977
mean,2040,42,32,ES1 2 bat,0.0
mean,2040,42,33,ES1 2 bat,0.0
mean,2040,42,34,ES1 2 bat,0.0
mean,2040,42,35,ES1 2 bat,0.0
mean,2040,42,36,ES1 2 bat,0.0
mean,2040,42,37,ES1 2 bat,0.0
mean,2040,42,38,ES1 2 bat,0.0
mean,2040,42,39,ES1 2 bat,0.0
mean,2040,42,40,ES1 2 bat,0.0
mean,2040,42,41,ES1 2 bat,0.0
mean,2040,42,42,ES1 2 bat,0.0
mean,2040,42,43,ES1 2 bat,0.0
mean,2040,42,44,ES1 2 bat,0.0
mean,2040,42,45,ES1 2 bat,0.0
mean,2040,42,46,ES1 2 bat,0.0
mean,2040,42,47,ES1 2 bat,0.0
mean,2040,42,48,ES1 2 bat,0.0
mean,2040,42,49,ES1 2 bat,0.0
mean,2040,42,50,ES1 2 bat,0.0
mean,2040,42,51,ES1 2 bat,0.0
mean,2040,42,52,ES1 2 bat,0.0
mean,2040,42,53,ES1 2 bat,0.0
mean,2040,42,54,ES1 2 bat,-0.42931348936625696
mean,2040,42,55,ES1 2 bat,0.0
mean,2040,42,56,ES1 2 bat,0.0
mean,2040,42,57,ES1 2 bat,0.0
mean,2040,42,58,ES1 2 bat,0.0
mean,2040,42,59,ES1 2 bat,0.0
mean,2040,42,60,ES1 2 bat,0.0
mean,2040,42,61,ES1 2 bat,0.0
mean,2040,42,62,ES1 2 bat,0.0
mean,2040,42,63,ES1 2 bat,0.0
mean,2040,42,64,ES1 2 bat,0.0
mean,2040,42,65,ES1 2 bat,0.0
mean,2040,42,66,ES1 2 bat,0.0
mean,2040,42,67,ES1 2 bat,0.0
mean,2040,42,68,ES1 2 bat,0.0
mean,2040,42,69,ES1 2 bat,0.0
mean,2040,42,70,ES1 2 bat,0.0
mean,2040,42,71,ES1 2 bat,0.0
mean,2040,42,72,ES1 2 bat,0.0
mean,2040,42,73,ES1 2 bat,0.0
mean,2040,42,74,ES1 2 bat,0.0
mean,2040,42,75,ES1 2 bat,0.0
mean,2040,42,76,ES1 2 bat,0.0
mean,2040,42,77,ES1 2 bat,8.721182071795201e-15
mean,2040,42,78,ES1 2 bat,0.0
mean,2040,42,79,ES1 2 bat,0.0
mean,2040,42,80,ES1 2 bat,0.0
mean,2040,42,81,ES1 2 bat,0.0
mean,2040,42,82,ES1 2 bat,0.0
mean,2040,42,83,ES1 2 bat,0.0
mean,2040,42,84,ES1 2 bat,0.0
mean,2040,42,85,ES1 2 bat,0.0
mean,2040,42,86,ES1 2 bat,0.0
mean,2040,42,87,ES1 2 bat,0.0
mean,2040,42,88,ES1 2 bat,0.0
mean,2040,42,89,ES1 2 bat,0.0
mean,2040,42,90,ES1 2 bat,-452.3309081237787
mean,2040,42,91,ES1 2 bat,0.0
mean,2040,42,92,ES1 2 bat,0.0
mean,2040,42,93,ES1 2 bat,0.0
mean,2040,42,94,ES1 2 bat,0.0
mean,2040,42,95,ES1 2 bat,0.0
mean,2040,42,96,ES1 2 bat,0.0
mean,2040,42,97,ES1 2 bat,0.0
mean,2040,42,98,ES1 2 bat,0.0
mean,2040,42,99,ES1 2 bat,0.0
mean,2040,42,100,ES1 2 bat,0.0
mean,2040,42,101,ES1 2 bat,0.0
mean,2040,42,102,ES1 2 bat,0.0
mean,2040,42,103,ES1 2 bat,0.0
mean,2040,42,104,ES1 2 bat,0.0
mean,2040,42,105,ES1 2 bat,0.0
mean,2040,42,106,ES1 2 bat,0.0
mean,2040,42,107,ES1 2 bat,0.0
mean,2040,42,108,ES1 2 bat,0.0
mean,2040,42,109,ES1 2 bat,0.0
mean,2040,42,110,ES1 2 bat,0.0
mean,2040,42,111,ES1 2 bat,0.0
mean,2040,42,112,ES1 2 bat,0.0
mean,2040,42,113,ES1 2 bat,0.0
mean,2040,42,114,ES1 2 bat,0.0
mean,2040,42,115,ES1 2 bat,0.0
mean,2040,42,116,ES1 2 bat,0.0
mean,2040,42,117,ES1 2 bat,0.0
mean,2040,42,118,ES1 2 bat,0.0
mean,2040,42,119,ES1 2 bat,0.0
mean,2040,42,120,ES1 2 bat,0.0
mean,2040,42,121,ES1 2 bat,0.0
mean,2040,42,122,ES1 2 bat,0.0
mean,2040,42,123,ES1 2 bat,0.0
mean,2040,42,124,ES1 2 bat,0.0
mean,2040,42,125,ES1 2 bat,0.0
mean,2040,42,126,ES1 2 bat,0.0
mean,2040,42,127,ES1 2 bat,0.0
mean,2040,42,128,ES1 2 bat,0.0
mean,2040,42,129,ES1 2 bat,0.0
mean,2040,42,130,ES1 2 bat,0.0
mean,2040,42,131,ES1 2 bat,0.0
mean,2040,42,132,ES1 2 bat,0.0
mean,2040,42,133,ES1 2 bat,0.0
mean,2040,42,134,ES1 2 bat,0.0
mean,2040,42,135,ES1 2 bat,0.0
mean,2040,42,136,ES1 2 bat,0.0
mean,2040,42,137,ES1 2 bat,0.0
mean,2040,42,138,ES1 2 bat,0.0
mean,2040,42,139,ES1 2 bat,0.0
mean,2040,42,140,ES1 2 bat,0.0
mean,2040,42,141,ES1 2 bat,0.0
mean,2040,42,142,ES1 2 bat,0.0
mean,2040,42,143,ES1 2 bat,0.0
mean,2040,42,144,ES1 2 bat,0.0
mean,2040,42,145,ES1 2 bat,0.0
mean,2040,42,146,ES1 2 bat,0.0
mean,2040,42,147,ES1 2 bat,0.0
mean,2040,42,148,ES1 2 bat,0.0
mean,2040,42,149,ES1 2 bat,-8.721182071795201e-15
mean,2040,42,150,ES1 2 bat,0.0
mean,2040,42,151,ES1 2 bat,0.0
mean,2040,42,152,ES1 2 bat,0.0
mean,2040,42,153,ES1 2 bat,0.0
mean,2040,42,154,ES1 2 bat,0.0
mean,2040,42,155,ES1 2 bat,0.0
mean,2040,42,156,ES1 2 bat,0.0
mean,2040,42,157,ES1 2 bat,0.0
mean,2040,42,158,ES1 2 bat,0.0
mean,2040,42,159,ES1 2 bat,0.0
mean,2040,42,160,ES1 2 bat,0.0
mean,2040,42,161,ES1 2 bat,0.0
mean,2040,42,162,ES1 2 bat,0.0
mean,2040,42,163,ES1 2 bat,0.0
mean,2040,42,164,ES1 2 bat,0.0
mean,2040,42,165,ES1 2 bat,0.0
mean,2040,42,166,ES1 2 bat,0.0
mean,2040,42,167,ES1 2 bat,0.0
mean,2040,52,0,ES1 2 bat,-60.39294083982579
mean,2040,52,1,ES1 2 bat,0.0
mean,2040,52,2,ES1 2 bat,0.0
mean,2040,52,3,ES1 2 bat,0.0
mean,2040,52,4,ES1 2 bat,0.0
mean,2040,52,5,ES1 2 bat,0.0
mean,2040,52,6,ES1 2 bat,0.0
mean,2040,52,7,ES1 2 bat,0.0
mean,2040,52,8,ES1 2 bat,0.0
mean,2040,52,9,ES1 2 bat,0.0
mean,2040,52,10,ES1 2 bat,0.0
mean,2040,52,11,ES1 2 bat,0.0
mean,2040,52,12,ES1 2 bat,0.0
mean,2040,52,13,ES1 2 bat,0.0
mean,2040,52,14,ES1 2 bat,0.0
mean,2040,52,15,ES1 2 bat,0.0
mean,2040,52,16,ES1 2 bat,0.0
mean,2040,52,17,ES1 2 bat,0.0
mean,2040,52,18,ES1 2 bat,0.0
mean,2040,52,19,ES1 2 bat,0.0
mean,2040,52,20,ES1 2 bat,0.0
mean,2040,52,21,ES1 2 bat,0.0
mean,2040,52,22,ES1 2 bat,0.0
mean,2040,52,23,ES1 2 bat,0.0
mean,2040,52,24,ES1 2 bat,0.0
mean,2040,52,25,ES1 2 bat,0.0
mean,2040,52,26,ES1 2 bat,0.0
mean,2040,52,27,ES1 2 bat,0.0
mean,2040,52,28,ES1 2 bat,0.0
mean,2040,52,29,ES1 2 bat,0.0
mean,2040,52,30,ES1 2 bat,0.0
mean,2040,52,31,ES1 2 bat,0.0
mean,2040,52,32,ES1 2 bat,0.0
mean,2040,52,33,ES1 2 bat,0.0
mean,2040,52,34,ES1 2 bat,0.0
mean,2040,52,35,ES1 2 bat,0.0
mean,2040,52,36,ES1 2 bat,0.0
mean,2040,52,37,ES1 2 bat,0.0
mean,2040,52,38,ES1 2 bat,0.0
mean,2040,52,39,ES1 2 bat,0.0
mean,2040,52,40,ES1 2 bat,0.0
mean,2040,52,41,ES1 2 bat,0.0
mean,2040,52,42,ES1 2 bat,0.0
mean,2040,52,43,ES1 2 bat,0.0
mean,2040,52,44,ES1 2 bat,0.0
mean,2040,52,45,ES1 2 bat,0.0
mean,2040,52,46,ES1 2 bat,0.0
mean,2040,52,47,ES1 2 bat,0.0
mean,2040,52,48,ES1 2 bat,0.0
mean,2040,52,49,ES1 2 bat,0.0
mean,2040,52,50,ES1 2 bat,0.0
mean,2040,52,51,ES1 2 bat,0.0
mean,2040,52,52,ES1 2 bat,0.0
mean,2040,52,53,ES1 2 bat,0.0
mean,2040,52,54,ES1 2 bat,0.0
mean,2040,52,55,ES1 2 bat,0.0
mean,2040,52,56,ES1 2 bat,0.0
mean,2040,52,57,ES1 2 bat,0.0
mean,2040,52,58,ES1 2 bat,0.0
mean,2040,52,59,ES1 2 bat,0.0
mean,2040,52,60,ES1 2 bat,0.0
mean,2040,52,61,ES1 2 bat,0.0
mean,2040,52,62,ES1 2 bat,0.0
mean,2040,52,63,ES1 2 bat,0.0
mean,2040,52,64,ES1 2 bat,0.0
mean,2040,52,65,ES1 2 bat,0.0
mean,2040,52,66,ES1 2 bat,0.0
mean,2040,52,67,ES1 2 bat,0.0
mean,2040,52,68,ES1 2 bat,0.0
mean,2040,52,69,ES1 2 bat,0.0
mean,2040,52,70,ES1 2 bat,0.0
mean,2040,52,71,ES1 2 bat,0.0
mean,2040,52,72,ES1 2 bat,0.0
mean,2040,52,73,ES1 2 bat,0.0
mean,2040,52,74,ES1 2 bat,0.0
mean,2040,52,75,ES1 2 bat,0.0
mean,2040,52,76,ES1 2 bat,0.0
mean,2040,52,77,ES1 2 bat,0.0
mean,2040,52,78,ES1 2 bat,0.0
mean,2040,52,79,ES1 2 bat,0.0
mean,2040,52,80,ES1 2 bat,0.0
mean,2040,52,81,ES1 2 bat,0.0
mean,2040,52,82,ES1 2 bat,0.0
mean,2040,52,83,ES1 2 bat,0.0
mean,2040,52,84,ES1 2 bat,0.0
mean,2040,52,85,ES1 2 bat,0.0
mean,2040,52,86,ES1 2 bat,0.0
mean,2040,52,87,ES1 2 bat,0.0
mean,2040,52,88,ES1 2 bat,0.0
mean,2040,52,89,ES1 2 bat,0.0
mean,2040,52,90,ES1 2 bat,0.0
mean,2040,52,91,ES1 2 bat,0.0
mean,2040,52,92,ES1 2 bat,0.0
mean,2040,52,93,ES1 2 bat,0.0
mean,2040,52,94,ES1 2 bat,0.0
mean,2040,52,95,ES1 2 bat,0.0
mean,2040,52,96,ES1 2 bat,0.0
mean,2040,52,97,ES1 2 bat,0.0
mean,2040,52,98,ES1 2 bat,0.0
mean,2040,52,99,ES1 2 bat,0.0
mean,2040,52,100,ES1 2 bat,0.0
mean,2040,52,101,ES1 2 bat,0.0
mean,2040,52,102,ES1 2 bat,0.0
mean,2040,52,103,ES1 2 bat,0.0
mean,2040,52,104,ES1 2 bat,0.0
mean,2040,52,105,ES1 2 bat,0.0
mean,2040,52,106,ES1 2 bat,0.0
mean,2040,52,107,ES1 2 bat,0.0
mean,2040,52,108,ES1 2 bat,0.0
mean,2040,52,109,ES1 2 bat,0.0
mean,2040,52,110,ES1 2 bat,0.0
mean,2040,52,111,ES1 2 bat,0.0
mean,2040,52,112,ES1 2 bat,0.0
mean,2040,52,113,ES1 2 bat,0.0
mean,2040,52,114,ES1 2 bat,0.0
mean,2040,52,115,ES1 2 bat,0.0
mean,2040,52,116,ES1 2 bat,0.0
mean,2040,52,117,ES1 2 bat,0.0
mean,2040,52,118,ES1 2 bat,0.0
mean,2040,52,119,ES1 2 bat,0.0
mean,2040,52,120,ES1 2 bat,0.0
mean,2040,52,121,ES1 2 bat,0.0
mean,2040,52,122,ES1 2 bat,0.0
mean,2040,52,123,ES1 2 bat,0.0
mean,2040,52,124,ES1 2 bat,0.0
mean,2040,52,125,ES1 2 bat,0.0
mean,2040,52,126,ES1 2 bat,0.0
mean,2040,52,127,ES1 2 bat,0.0
mean,2040,52,128,ES1 2 bat,0.0
mean,2040,52,129,ES1 2 bat,0.0
mean,2040,52,130,ES1 2 bat,0.0
mean,2040,52,131,ES1 2 bat,0.0
mean,2040,52,132,ES1 2 bat,0.0
mean,2040,52,133,ES1 2 bat,0.0
mean,2040,52,134,ES1 2 bat,0.0
mean,2040,52,135,ES1 2 bat,0.0
mean,2040,52,136,ES1 2 bat,0.0
mean,2040,52,137,ES1 2 bat,0.0
mean,2040,52,138,ES1 2 bat,0.0
mean,2040,52,139,ES1 2 bat,0.0
mean,2040,52,140,ES1 2 bat,-8.721182071795201e-15
mean,2040,52,141,ES1 2 bat,0.0
mean,2040,52,142,ES1 2 bat,0.0
mean,2040,52,143,ES1 2 bat,0.0
mean,2040,52,144,ES1 2 bat,0.0
mean,2040,52,145,ES1 2 bat,0.0
mean,2040,52,146,ES1 2 bat,0.0
mean,2040,52,147,ES1 2 bat,0.0
mean,2040,52,148,ES1 2 bat,0.0
mean,2040,52,149,ES1 2 bat,0.0
mean,2040,52,150,ES1 2 bat,-0.002517579084500016
mean,2040,52,151,ES1 2 bat,0.0
mean,2040,52,152,ES1 2 bat,0.0
mean,2040,52,153,ES1 2 bat,0.0
mean,2040,52,154,ES1 2 bat,0.0
mean,2040,52,155,ES1 2 bat,0.0
mean,2040,52,156,ES1 2 bat,0.0
mean,2040,52,157,ES1 2 bat,0.0
mean,2040,52,158,ES1 2 bat,0.0
mean,2040,52,159,ES1 2 bat,-0.0040294510992679045
mean,2040,52,160,ES1 2 bat,0.0
mean,2040,52,161,ES1 2 bat,-0.002517579084500016
mean,2040,52,162,ES1 2 bat,0.0
mean,2040,52,163,ES1 2 bat,0.0
mean,2040,52,164,ES1 2 bat,0.0
mean,2040,52,165,ES1 2 bat,0.0
mean,2040,52,166,ES1 2 bat,0.0
mean,2040,52,167,ES1 2 bat,0.0
mean,2050,11,0,ES1 2 bat,-0.014453959202657048
mean,2050,11,1,ES1 2 bat,0.0
mean,2050,11,2,ES1 2 bat,0.0
mean,2050,11,3,ES1 2 bat,0.0
mean,2050,11,4,ES1 2 bat,0.0
mean,2050,11,5,ES1 2 bat,0.0
mean,2050,11,6,ES1 2 bat,0.0
mean,2050,11,7,ES1 2 bat,0.0
mean,2050,11,8,ES1 2 bat,0.0
mean,2050,11,9,ES1 2 bat,0.0
mean,2050,11,10,ES1 2 bat,0.0
mean,2050,11,11,ES1 2 bat,0.0
mean,2050,11,12,ES1 2 bat,0.0
mean,2050,11,13,ES1 2 bat,0.0
mean,2050,11,14,ES1 2 bat,0.0
mean,2050,11,15,ES1 2 bat,0.0
mean,2050,11,16,ES1 2 bat,0.0
mean,2050,11,17,ES1 2 bat,0.0
mean,2050,11,18,ES1 2 bat,0.0
mean,2050,11,19,ES1 2 bat,0.0
mean,2050,11,20,ES1 2 bat,0.0
mean,2050,11,21,ES1 2 bat,0.0
mean,2050,11,22,ES1 2 bat,0.0
mean,2050,11,23,ES1 2 bat,0.0
mean,2050,11,24,ES1 2 bat,0.0
mean,2050,11,25,ES1 2 bat,0.0
mean,2050,11,26,ES1 2 bat,0.0
mean,2050,11,27,ES1 2 bat,0.0
mean,2050,11,28,ES1 2 bat,0.0
mean,2050,11,29,ES1 2 bat,0.0
mean,2050,11,30,ES1 2 bat,-7.007363318375324e-05
mean,2050,11,31,ES1 2 bat,-7.007655444020033e-05
mean,2050,11,32,ES1 2 bat,0.0
mean,2050,11,33,ES1 2 bat,0.0
mean,2050,11,34,ES1 2 bat,0.0
mean,2050,11,35,ES1 2 bat,0.0
mean,2050,11,36,ES1 2 bat,0.0
mean,2050,11,37,ES1 2 bat,0.0
mean,2050,11,38,ES1 2 bat,0.0
mean,2050,11,39,ES1 2 bat,0.0
mean,2050,11,40,ES1 2 bat,0.0
mean,2050,11,41,ES1 2 bat,0.0
mean,2050,11,42,ES1 2 bat,0.0
mean,2050,11,43,ES1 2 bat,0.0
mean,2050,11,44,ES1 2 bat,0.0
mean,2050,11,45,ES1 2 bat,0.0
mean,2050,11,46,ES1 2 bat,0.0
mean,2050,11,47,ES1 2 bat,0.0
mean,2050,11,48,ES1 2 bat,0.0
mean,2050,11,49,ES1 2 bat,0.0
mean,2050,11,50,ES1 2 bat,0.0
mean,2050,11,51,ES1 2 bat,0.0
mean,2050,11,52,ES1 2 bat,0.0
mean,2050,11,53,ES1 2 bat,0.0
mean,2050,11,54,ES1 2 bat,0.0
mean,2050,11,55,ES1 2 bat,0.0
mean,2050,11,56,ES1 2 bat,0.0
mean,2050,11,57,ES1 2 bat,0.0
mean,2050,11,58,ES1 2 bat,0.0
mean,2050,11,59,ES1 2 bat,0.0
mean,2050,11,60,ES1 2 bat,0.0
mean,2050,11,61,ES1 2 bat,0.0
mean,2050,11,62,ES1 2 bat,0.0
mean,2050,11,63,ES1 2 bat,0.0
mean,2050,11,64,ES1 2 bat,0.0
mean,2050,11,65,ES1 2 bat,0.0
mean,2050,11,66,ES1 2 bat,0.0
mean,2050,11,67,ES1 2 bat,0.0
mean,2050,11,68,ES1 2 bat,0.0
mean,2050,11,69,ES1 2 bat,0.0
mean,2050,11,70,ES1 2 bat,0.0
mean,2050,11,71,ES1 2 bat,0.0
mean,2050,11,72,ES1 2 bat,0.0
mean,2050,11,73,ES1 2 bat,0.0
mean,2050,11,74,ES1 2 bat,0.0
mean,2050,11,75,ES1 2 bat,0.0
mean,2050,11,76,ES1 2 bat,0.0
mean,2050,11,77,ES1 2 bat,0.0
mean,2050,11,78,ES1 2 bat,0.0
mean,2050,11,79,ES1 2 bat,0.0
mean,2050,11,80,ES1 2 bat,0.0
mean,2050,11,81,ES1 2 bat,0.0
mean,2050,11,82,ES1 2 bat,0.0
mean,2050,11,83,ES1 2 bat,0.0
mean,2050,11,84,ES1 2 bat,0.0
mean,2050,11,85,ES1 2 bat,0.0
mean,2050,11,86,ES1 2 bat,0.0
mean,2050,11,87,ES1 2 bat,0.0
mean,2050,11,88,ES1 2 bat,0.0
mean,2050,11,89,ES1 2 bat,0.0
mean,2050,11,90,ES1 2 bat,0.0
mean,2050,11,91,ES1 2 bat,0.0
mean,2050,11,92,ES1 2 bat,0.0
mean,2050,11,93,ES1 2 bat,0.0
mean,2050,11,94,ES1 2 bat,0.0
mean,2050,11,95,ES1 2 bat,0.0
mean,2050,11,96,ES1 2 bat,0.0
mean,2050,11,97,ES1 2 bat,0.0
mean,2050,11,98,ES1 2 bat,0.0
mean,2050,11,99,ES1 2 bat,0.0
mean,2050,11,100,ES1 2 bat,0.0
mean,2050,11,101,ES1 2 bat,0.0
mean,2050,11,102,ES1 2 bat,0.0
mean,2050,11,103,ES1 2 bat,0.0
mean,2050,11,104,ES1 2 bat,0.0
mean,2050,11,105,ES1 2 bat,0.0
mean,2050,11,106,ES1 2 bat,0.0
mean,2050,11,107,ES1 2 bat,0.0
mean,2050,11,108,ES1 2 bat,0.0
mean,2050,11,109,ES1 2 bat,0.0
mean,2050,11,110,ES1 2 bat,0.0
mean,2050,11,111,ES1 2 bat,0.0
mean,2050,11,112,ES1 2 bat,0.0
mean,2050,11,113,ES1 2 bat,0.0
mean,2050,11,114,ES1 2 bat,0.0
mean,2050,11,115,ES1 2 bat,0.0
mean,2050,11,116,ES1 2 bat,0.0
mean,2050,11,117,ES1 2 bat,0.0
mean,2050,11,118,ES1 2 bat,0.0
mean,2050,11,119,ES1 2 bat,0.0
mean,2050,11,120,ES1 2 bat,0.0
mean,2050,11,121,ES1 2 bat,0.0
mean,2050,11,122,ES1 2 bat,0.0
mean,2050,11,123,ES1 2 bat,0.0
mean,2050,11,124,ES1 2 bat,0.0
mean,2050,11,125,ES1 2 bat,0.0
mean,2050,11,126,ES1 2 bat,0.0
mean,2050,11,127,ES1 2 bat,0.0
mean,2050,11,128,ES1 2 bat,0.0
mean,2050,11,129,ES1 2 bat,0.0
mean,2050,11,130,ES1 2 bat,0.0
mean,2050,11,131,ES1 2 bat,0.0
mean,2050,11,132,ES1 2 bat,0.0
mean,2050,11,133,ES1 2 bat,0.0
mean,2050,11,134,ES1 2 bat,0.0
mean,2050,11,135,ES1 2 bat,0.0
mean,2050,11,136,ES1 2 bat,0.0
mean,2050,11,137,ES1 2 bat,0.0
mean,2050,11,138,ES1 2 bat,0.0
mean,2050,11,139,ES1 2 bat,0.0
mean,2050,11,140,ES1 2 bat,0.0
mean,2050,11,141,ES1 2 bat,0.0
mean,2050,11,142,ES1 2 bat,0.0
mean,2050,11,143,ES1 2 bat,0.0
mean,2050,11,144,ES1 2 bat,0.0
mean,2050,11,145,ES1 2 bat,0.0
mean,2050,11,146,ES1 2 bat,0.0
mean,2050,11,147,ES1 2 bat,0.0
mean,2050,11,148,ES1 2 bat,0.0
mean,2050,11,149,ES1 2 bat,0.0
mean,2050,11,150,ES1 2 bat,0.0
mean,2050,11,151,ES1 2 bat,0.0
mean,2050,11,152,ES1 2 bat,0.0
mean,2050,11,153,ES1 2 bat,0.0
mean,2050,11,154,ES1 2 bat,0.0
mean,2050,11,155,ES1 2 bat,0.0
mean,2050,11,156,ES1 2 bat,0.0
mean,2050,11,157,ES1 2 bat,0.0
mean,2050,11,158,ES1 2 bat,0.0
mean,2050,11,159,ES1 2 bat,0.0
mean,2050,11,160,ES1 2 bat,0.0
mean,2050,11,161,ES1 2 bat,0.0
mean,2050,11,162,ES1 2 bat,0.0
mean,2050,11,163,ES1 2 bat,0.0
mean,2050,11,164,ES1 2 bat,0.0
mean,2050,11,165,ES1 2 bat,0.0
mean,2050,11,166,ES1 2 bat,0.0
mean,2050,11,167,ES1 2 bat,0.0
mean,2050,21,0,ES1 2 bat,-60.765711941946776
mean,2050,21,1,ES1 2 bat,0.0
mean,2050,21,2,ES1 2 bat,0.0
mean,2050,21,3,ES1 2 bat,0.0
mean,2050,21,4,ES1 2 bat,0.0
mean,2050,21,5,ES1 2 bat,0.0
mean,2050,21,6,ES1 2 bat,0.0
mean,2050,21,7,ES1 2 bat,0.0
mean,2050,21,8,ES1 2 bat,0.0
mean,2050,21,9,ES1 2 bat,0.0
mean,2050,21,10,ES1 2 bat,0.0
mean,2050,21,11,ES1 2 bat,0.0
mean,2050,21,12,ES1 2 bat,0.0
mean,2050,21,13,ES1 2 bat,0.0
mean,2050,21,14,ES1 2 bat,0.0
mean,2050,21,15,ES1 2 bat,0.0
mean,2050,21,16,ES1 2 bat,0.0
mean,2050,21,17,ES1 2 bat,0.0
mean,2050,21,18,ES1 2 bat,0.0
mean,2050,21,19,ES1 2 bat,0.0
mean,2050,21,20,ES1 2 bat,0.0
mean,2050,21,21,ES1 2 bat,0.0
mean,2050,21,22,ES1 2 bat,0.0
mean,2050,21,23,ES1 2 bat,0.0
mean,2050,21,24,ES1 2 bat,0.0
mean,2050,21,25,ES1 2 bat,0.0
mean,2050,21,26,ES1 2 bat,0.0
mean,2050,21,27,ES1 2 bat,0.0
mean,2050,21,28,ES1 2 bat,0.0
mean,2050,21,29,ES1 2 bat,0.0
mean,2050,21,30,ES1 2 bat,0.0
mean,2050,21,31,ES1 2 bat,0.0
mean,2050,21,32,ES1 2 bat,0.0
mean,2050,21,33,ES1 2 bat,0.0
mean,2050,21,34,ES1 2 bat,0.0
mean,2050,21,35,ES1 2 bat,0.0
mean,2050,21,36,ES1 2 bat,0.0
mean,2050,21,37,ES1 2 bat,0.0
mean,2050,21,38,ES1 2 bat,0.0
mean,2050,21,39,ES1 2 bat,0.0
mean,2050,21,40,ES1 2 bat,0.0
mean,2050,21,41,ES1 2 bat,0.0
mean,2050,21,42,ES1 2 bat,0.0
mean,2050,21,43,ES1 2 bat,0.0
mean,2050,21,44,ES1 2 bat,0.0
mean,2050,21,45,ES1 2 bat,0.0
mean,2050,21,46,ES1 2 bat,0.0
mean,2050,21,47,ES1 2 bat,0.0
mean,2050,21,48,ES1 2 bat,0.0
mean,2050,21,49,ES1 2 bat,0.0
mean,2050,21,50,ES1 2 bat,0.0
mean,2050,21,51,ES1 2 bat,0.0
mean,2050,21,52,ES1 2 bat,0.0
mean,2050,21,53,ES1 2 bat,0.0
mean,2050,21,54,ES1 2 bat,0.0
mean,2050,21,55,ES1 2 bat,0.0
mean,2050,21,56,ES1 2 bat,0.0
mean,2050,21,57,ES1 2 bat,0.0
mean,2050,21,58,ES1 2 bat,0.0
mean,2050,21,59,ES1 2 bat,0.0
mean,2050,21,60,ES1 2 bat,0.0
mean,2050,21,61,ES1 2 bat,0.0
mean,2050,21,62,ES1 2 bat,0.0
mean,2050,21,63,ES1 2 bat,0.0
mean,2050,21,64,ES1 2 bat,0.0
mean,2050,21,65,ES1 2 bat,0.0
mean,2050,21,66,ES1 2 bat,0.0
mean,2050,21,67,ES1 2 bat,0.0
mean,2050,21,68,ES1 2 bat,0.0
mean,2050,21,69,ES1 2 bat,0.0
mean,2050,21,70,ES1 2 bat,0.0
mean,2050,21,71,ES1 2 bat,0.0
mean,2050,21,72,ES1 2 bat,0.0
mean,2050,21,73,ES1 2 bat,0.0
mean,2050,21,74,ES1 2 bat,0.0
mean,2050,21,75,ES1 2 bat,0.0
mean,2050,21,76,ES1 2 bat,0.0
mean,2050,21,77,ES1 2 bat,0.0
mean,2050,21,78,ES1 2 bat,0.0
mean,2050,21,79,ES1 2 bat,0.0
mean,2050,21,80,ES1 2 bat,0.0
mean,2050,21,81,ES1 2 bat,0.0
mean,2050,21,82,ES1 2 bat,0.0
mean,2050,21,83,ES1 2 bat,0.0
mean,2050,21,84,ES1 2 bat,0.0
mean,2050,21,85,ES1 2 bat,0.0
mean,2050,21,86,ES1 2 bat,0.0
mean,2050,21,87,ES1 2 bat,0.0
mean,2050,21,88,ES1 2 bat,0.0
mean,2050,21,89,ES1 2 bat,0.0
mean,2050,21,90,ES1 2 bat,0.0
mean,2050,21,91,ES1 2 bat,0.0
mean,2050,21,92,ES1 2 bat,0.0
mean,2050,21,93,ES1 2 bat,0.0
mean,2050,21,94,ES1 2 bat,0.0
mean,2050,21,95,ES1 2 bat,0.0
mean,2050,21,96,ES1 2 bat,0.0
mean,2050,21,97,ES1 2 bat,0.0
mean,2050,21,98,ES1 2 bat,0.0
mean,2050,21,99,ES1 2 bat,0.0
mean,2050,21,100,ES1 2 bat,0.0
mean,2050,21,101,ES1 2 bat,0.0
mean,2050,21,102,ES1 2 bat,0.0
mean,2050,21,103,ES1 2 bat,0.0
mean,2050,21,104,ES1 2 bat,0.0
mean,2050,21,105,ES1 2 bat,0.0
mean,2050,21,106,ES1 2 bat,0.0
mean,2050,21,107,ES1 2 bat,0.0
mean,2050,21,108,ES1 2 bat,0.0
mean,2050,21,109,ES1 2 bat,0.0
mean,2050,21,110,ES1 2 bat,0.0
mean,2050,21,111,ES1 2 bat,0.0
mean,2050,21,112,ES1 2 bat,0.0
mean,2050,21,113,ES1 2 bat,0.0
mean,2050,21,114,ES1 2 bat,0.0
mean,2050,21,115,ES1 2 bat,0.0
mean,2050,21,116,ES1 2 bat,0.0
mean,2050,21,117,ES1 2 bat,0.0
mean,2050,21,118,ES1 2 bat,0.0
mean,2050,21,119,ES1 2 bat,0.0
mean,2050,21,120,ES1 2 bat,0.0
mean,2050,21,121,ES1 2 bat,0.0
mean,2050,21,122,ES1 2 bat,0.0
mean,2050,21,123,ES1 2 bat,0.0
mean,2050,21,124,ES1 2 bat,0.0
mean,2050,21,125,ES1 2 bat,0.0
mean,2050,21,126,ES1 2 bat,0.0
mean,2050,21,127,ES1 2 bat,0.0
mean,2050,21,128,ES1 2 bat,0.0
mean,2050,21,129,ES1 2 bat,0.0
mean,2050,21,130,ES1 2 bat,0.0
mean,2050,21,131,ES1 2 bat,0.0
mean,2050,21,132,ES1 2 bat,0.0
mean,2050,21,133,ES1 2 bat,0.0
mean,2050,21,134,ES1 2 bat,0.0
mean,2050,21,135,ES1 2 bat,0.0
mean,2050,21,136,ES1 2 bat,0.0
mean,2050,21,137,ES1 2 bat,0.0
mean,2050,21,138,ES1 2 bat,0.0
mean,2050,21,139,ES1 2 bat,0.0
mean,2050,21,140,ES1 2 bat,0.0
mean,2050,21,141,ES1 2 bat,0.0
mean,2050,21,142,ES1 2 bat,0.0
mean,2050,21,143,ES1 2 bat,0.0
mean,2050,21,144,ES1 2 bat,0.0
mean,2050,21,145,ES1 2 bat,0.0
mean,2050,21,146,ES1 2 bat,0.0
mean,2050,21,147,ES1 2 bat,0.0
mean,2050,21,148,ES1 2 bat,0.0
mean,2050,21,149,ES1 2 bat,0.0
mean,2050,21,150,ES1 2 bat,0.0
mean,2050,21,151,ES1 2 bat,0.0
mean,2050,21,152,ES1 2 bat,0.0
mean,2050,21,153,ES1 2 bat,0.0
mean,2050,21,154,ES1 2 bat,0.0
mean,2050,21,155,ES1 2 bat,0.0
mean,2050,21,156,ES1 2 bat,0.0
mean,2050,21,157,ES1 2 bat,0.0
mean,2050,21,158,ES1 2 bat,0.0
mean,2050,21,159,ES1 2 bat,0.0
mean,2050,21,160,ES1 2 bat,0.0
mean,2050,21,161,ES1 2 bat,0.0
mean,2050,21,162,ES1 2 bat,0.0
mean,2050,21,163,ES1 2 bat,0.0
mean,2050,21,164,ES1 2 bat,0.0
mean,2050,21,165,ES1 2 bat,0.0
mean,2050,21,166,ES1 2 bat,0.0
mean,2050,21,167,ES1 2 bat,0.0
mean,2050,42,0,ES1 2 bat,-60.765711941946776
mean,2050,42,1,ES1 2 bat,0.0
mean,2050,42,2,ES1 2 bat,0.0
mean,2050,42,3,ES1 2 bat,0.0
mean,2050,42,4,ES1 2 bat,0.0
mean,2050,42,5,ES1 2 bat,0.0
mean,2050,42,6,ES1 2 bat,0.0
mean,2050,42,7,ES1 2 bat,0.0
mean,2050,42,8,ES1 2 bat,0.0
mean,2050,42,9,ES1 2 bat,0.0
mean,2050,42,10,ES1 2 bat,0.0
mean,2050,42,11,ES1 2 bat,0.0
mean,2050,42,12,ES1 2 bat,0.0
mean,2050,42,13,ES1 2 bat,0.0
mean,2050,42,14,ES1 2 bat,0.0
mean,2050,42,15,ES1 2 bat,0.0
mean,2050,42,16,ES1 2 bat,0.0
mean,2050,42,17,ES1 2 bat,0.0
mean,2050,42,18,ES1 2 bat,0.0
mean,2050,42,19,ES1 2 bat,0.0
mean,2050,42,20,ES1 2 bat,0.0
mean,2050,42,21,ES1 2 bat,0.0
mean,2050,42,22,ES1 2 bat,0.0
mean,2050,42,23,ES1 2 bat,0.0
mean,2050,42,24,ES1 2 bat,0.0
mean,2050,42,25,ES1 2 bat,0.0
mean,2050,42,26,ES1 2 bat,0.0
mean,2050,42,27,ES1 2 bat,0.0
mean,2050,42,28,ES1 2 bat,0.0
mean,2050,42,29,ES1 2 bat,0.0
mean,2050,42,30,ES1 2 bat,0.0
mean,2050,42,31,ES1 2 bat,0.0
mean,2050,42,32,ES1 2 bat,0.0
mean,2050,42,33,ES1 2 bat,0.0
mean,2050,42,34,ES1 2 bat,0.0
mean,2050,42,35,ES1 2 bat,0.0
mean,2050,42,36,ES1 2 bat,0.0
mean,2050,42,37,ES1 2 bat,0.0
mean,2050,42,38,ES1 2 bat,0.0
mean,2050,42,39,ES1 2 bat,0.0
mean,2050,42,40,ES1 2 bat,0.0
mean,2050,42,41,ES1 2 bat,0.0
mean,2050,42,42,ES1 2 bat,0.0
mean,2050,42,43,ES1 2 bat,0.0
mean,2050,42,44,ES1 2 bat,0.0
mean,2050,42,45,ES1 2 bat,0.0
mean,2050,42,46,ES1 2 bat,0.0
mean,2050,42,47,ES1 2 bat,0.0
mean,2050,42,48,ES1 2 bat,0.0
mean,2050,42,49,ES1 2 bat,0.0
mean,2050,42,50,ES1 2 bat,0.0
mean,2050,42,51,ES1 2 bat,0.0
mean,2050,42,52,ES1 2 bat,0.0
mean,2050,42,53,ES1 2 bat,0.0
mean,2050,42,54,ES1 2 bat,0.0
mean,2050,42,55,ES1 2 bat,0.0
mean,2050,42,56,ES1 2 bat,0.0
mean,2050,42,57,ES1 2 bat,0.0
mean,2050,42,58,ES1 2 bat,0.0
mean,2050,42,59,ES1 2 bat,0.0
mean,2050,42,60,ES1 2 bat,0.0
mean,2050,42,61,ES1 2 bat,0.0
mean,2050,42,62,ES1 2 bat,0.0
mean,2050,42,63,ES1 2 bat,0.0
mean,2050,42,64,ES1 2 bat,0.0
mean,2050,42,65,ES1 2 bat,0.0
mean,2050,42,66,ES1 2 bat,0.0
mean,2050,42,67,ES1 2 bat,0.0
mean,2050,42,68,ES1 2 bat,0.0
mean,2050,42,69,ES1 2 bat,0.0
mean,2050,42,70,ES1 2 bat,0.0
mean,2050,42,71,ES1 2 bat,0.0
mean,2050,42,72,ES1 2 bat,0.0
mean,2050,42,73,ES1 2 bat,0.0
mean,2050,42,74,ES1 2 bat,0.0
mean,2050,42,75,ES1 2 bat,0.0
mean,2050,42,76,ES1 2 bat,0.0
mean,2050,42,77,ES1 2 bat,0.0
mean,2050,42,78,ES1 2 bat,0.0
mean,2050,42,79,ES1 2 bat,0.0
mean,2050,42,80,ES1 2 bat,0.0
mean,2050,42,81,ES1 2 bat,0.0
mean,2050,42,82,ES1 2 bat,0.0
mean,2050,42,83,ES1 2 bat,0.0
mean,2050,42,84,ES1 2 bat,0.0
mean,2050,42,85,ES1 2 bat,0.0
mean,2050,42,86,ES1 2 bat,0.0
mean,2050,42,87,ES1 2 bat,0.0
mean,2050,42,88,ES1 2 bat,0.0
mean,2050,42,89,ES1 2 bat,0.0
mean,2050,42,90,ES1 2 bat,0.0
mean,2050,42,91,ES1 2 bat,0.0
mean,2050,42,92,ES1 2 bat,0.0
mean,2050,42,93,ES1 2 bat,0.0
mean,2050,42,94,ES1 2 bat,0.0
mean,2050,42,95,ES1 2 bat,0.0
mean,2050,42,96,ES1 2 bat,0.0
mean,2050,42,97,ES1 2 bat,0.0
mean,2050,42,98,ES1 2 bat,0.0
mean,2050,42,99,ES1 2 bat,0.0
mean,2050,42,100,ES1 2 bat,0.0
mean,2050,42,101,ES1 2 bat,0.0
mean,2050,42,102,ES1 2 bat,0.0
mean,2050,42,103,ES1 2 bat,0.0
mean,2050,42,104,ES1 2 bat,0.0
mean,2050,42,105,ES1 2 bat,0.0
mean,2050,42,106,ES1 2 bat,0.0
mean,2050,42,107,ES1 2 bat,0.0
mean,2050,42,108,ES1 2 bat,0.0
mean,2050,42,109,ES1 2 bat,0.0
mean,2050,42,110,ES1 2 bat,0.0
mean,2050,42,111,ES1 2 bat,0.0
mean,2050,42,112,ES1 2 bat,0.0
mean,2050,42,113,ES1 2 bat,0.0
mean,2050,42,114,ES1 2 bat,0.0
mean,2050,42,115,ES1 2 bat,0.0
mean,2050,42,116,ES1 2 bat,0.0
mean,2050,42,117,ES1 2 bat,0.0
mean,2050,42,118,ES1 2 bat,0.0
mean,2050,42,119,ES1 2 bat,0.0
mean,2050,42,120,ES1 2 bat,0.0
mean,2050,42,121,ES1 2 bat,0.0
mean,2050,42,122,ES1 2 bat,0.0
mean,2050,42,123,ES1 2 bat,0.0
mean,2050,42,124,ES1 2 bat,0.0
mean,2050,42,125,ES1 2 bat,0.0
mean,2050,42,126,ES1 2 bat,0.0
mean,2050,42,127,ES1 2 bat,0.0
mean,2050,42,128,ES1 2 bat,0.0
mean,2050,42,129,ES1 2 bat,0.0
mean,2050,42,130,ES1 2 bat,0.0
mean,2050,42,131,ES1 2 bat,0.0
mean,2050,42,132,ES1 2 bat,0.0
mean,2050,42,133,ES1 2 bat,0.0
mean,2050,42,134,ES1 2 bat,0.0
mean,2050,42,135,ES1 2 bat,0.0
mean,2050,42,136,ES1 2 bat,0.0
mean,2050,42,137,ES1 2 bat,0.0
mean,2050,42,138,ES1 2 bat,0.0
mean,2050,42,139,ES1 2 bat,0.0
mean,2050,42,140,ES1 2 bat,0.0
mean,2050,42,141,ES1 2 bat,0.0
mean,2050,42,142,ES1 2 bat,0.0
mean,2050,42,143,ES1 2 bat,0.0
mean,2050,42,144,ES1 2 bat,0.0
mean,2050,42,145,ES1 2 bat,0.0
mean,2050,42,146,ES1 2 bat,0.0
mean,2050,42,147,ES1 2 bat,0.0
mean,2050,42,148,ES1 2 bat,0.0
mean,2050,42,149,ES1 2 bat,0.0
mean,2050,42,150,ES1 2 bat,0.0
mean,2050,42,151,ES1 2 bat,0.0
mean,2050,42,152,ES1 2 bat,0.0
mean,2050,42,153,ES1 2 bat,0.0
mean,2050,42,154,ES1 2 bat,0.0
mean,2050,42,155,ES1 2 bat,0.0
mean,2050,42,156,ES1 2 bat,0.0
mean,2050,42,157,ES1 2 bat,0.0
mean,2050,42,158,ES1 2 bat,0.0
mean,2050,42,159,ES1 2 bat,0.0
mean,2050,42,160,ES1 2 bat,0.0
mean,2050,42,161,ES1 2 bat,0.0
mean,2050,42,162,ES1 2 bat,0.0
mean,2050,42,163,ES1 2 bat,0.0
mean,2050,42,164,ES1 2 bat,0.0
mean,2050,42,165,ES1 2 bat,0.0
mean,2050,42,166,ES1 2 bat,0.0
mean,2050,42,167,ES1 2 bat,0.0
mean,2050,52,0,ES1 2 bat,-59.963627350459525
mean,2050,52,1,ES1 2 bat,0.0
mean,2050,52,2,ES1 2 bat,0.0
mean,2050,52,3,ES1 2 bat,0.0
mean,2050,52,4,ES1 2 bat,0.0
mean,2050,52,5,ES1 2 bat,0.0
mean,2050,52,6,ES1 2 bat,0.0
mean,2050,52,7,ES1 2 bat,0.0
mean,2050,52,8,ES1 2 bat,0.0
mean,2050,52,9,ES1 2 bat,0.0
mean,2050,52,10,ES1 2 bat,0.0
mean,2050,52,11,ES1 2 bat,0.0
mean,2050,52,12,ES1 2 bat,0.0
mean,2050,52,13,ES1 2 bat,0.0
mean,2050,52,14,ES1 2 bat,0.0
mean,2050,52,15,ES1 2 bat,0.0
mean,2050,52,16,ES1 2 bat,0.0
mean,2050,52,17,ES1 2 bat,0.0
mean,2050,52,18,ES1 2 bat,0.0
mean,2050,52,19,ES1 2 bat,0.0
mean,2050,52,20,ES1 2 bat,0.0
mean,2050,52,21,ES1 2 bat,0.0
mean,2050,52,22,ES1 2 bat,0.0
mean,2050,52,23,ES1 2 bat,0.0
mean,2050,52,24,ES1 2 bat,0.0
mean,2050,52,25,ES1 2 bat,0.0
mean,2050,52,26,ES1 2 bat,0.0
mean,2050,52,27,ES1 2 bat,0.0
mean,2050,52,28,ES1 2 bat,0.0
mean,2050,52,29,ES1 2 bat,0.0
mean,2050,52,30,ES1 2 bat,0.0
mean,2050,52,31,ES1 2 bat,0.0
mean,2050,52,32,ES1 2 bat,0.0
mean,2050,52,33,ES1 2 bat,0.0
mean,2050,52,34,ES1 2 bat,0.0
mean,2050,52,35,ES1 2 bat,0.0
mean,2050,52,36,ES1 2 bat,0.0
mean,2050,52,37,ES1 2 bat,0.0
mean,2050,52,38,ES1 2 bat,0.0
mean,2050,52,39,ES1 2 bat,0.0
mean,2050,52,40,ES1 2 bat,0.0
mean,2050,52,41,ES1 2 bat,0.0
mean,2050,52,42,ES1 2 bat,0.0
mean,2050,52,43,ES1 2 bat,0.0
mean,2050,52,44,ES1 2 bat,0.0
mean,2050,52,45,ES1 2 bat,0.0
mean,2050,52,46,ES1 2 bat,0.0
mean,2050,52,47,ES1 2 bat,0.0
mean,2050,52,48,ES1 2 bat,0.0
mean,2050,52,49,ES1 2 bat,0.0
mean,2050,52,50,ES1 2 bat,0.0
mean,2050,52,51,ES1 2 bat,0.0
mean,2050,52,52,ES1 2 bat,0.0
mean,2050,52,53,ES1 2 bat,0.0
mean,2050,52,54,ES1 2 bat,0.0
mean,2050,52,55,ES1 2 bat,0.0
mean,2050,52,56,ES1 2 bat,0.0
mean,2050,52,57,ES1 2 bat,0.0
mean,2050,52,58,ES1 2 bat,0.0
mean,2050,52,59,ES1 2 bat,0.0
mean,2050,52,60,ES1 2 bat,0.0
mean,2050,52,61,ES1 2 bat,0.0
mean,2050,52,62,ES1 2 bat,0.0
mean,2050,52,63,ES1 2 bat,0.0
mean,2050,52,64,ES1 2 bat,0.0
mean,2050,52,65,ES1 2 bat,0.0
mean,2050,52,66,ES1 2 bat,0.0
mean,2050,52,67,ES1 2 bat,0.0
mean,2050,52,68,ES1 2 bat,0.0
mean,2050,52,69,ES1 2 bat,0.0
mean,2050,52,70,ES1 2 bat,0.0
mean,2050,52,71,ES1 2 bat,0.0
mean,2050,52,72,ES1 2 bat,0.0
mean,2050,52,73,ES1 2 bat,0.0
mean,2050,52,74,ES1 2 bat,0.0
mean,2050,52,75,ES1 2 bat,0.0
mean,2050,52,76,ES1 2 bat,0.0
mean,2050,52,77,ES1 2 bat,0.0
mean,2050,52,78,ES1 2 bat,0.0
mean,2050,52,79,ES1 2 bat,0.0
mean,2050,52,80,ES1 2 bat,0.0
mean,2050,52,81,ES1 2 bat,0.0
mean,2050,52,82,ES1 2 bat,0.0
mean,2050,52,83,ES1 2 bat,0.0
mean,2050,52,84,ES1 2 bat,0.0
mean,2050,52,85,ES1 2 bat,0.0
mean,2050,52,86,ES1 2 bat,0.0
mean,2050,52,87,ES1 2 bat,0.0
mean,2050,52,88,ES1 2 bat,0.0
mean,2050,52,89,ES1 2 bat,0.0
mean,2050,52,90,ES1 2 bat,0.0
mean,2050,52,91,ES1 2 bat,0.0
mean,2050,52,92,ES1 2 bat,0.0
mean,2050,52,93,ES1 2 bat,0.0
mean,2050,52,94,ES1 2 bat,0.0
mean,2050,52,95,ES1 2 bat,0.0
mean,2050,52,96,ES1 2 bat,0.0
mean,2050,52,97,ES1 2 bat,0.0
mean,2050,52,98,ES1 2 bat,0.0
mean,2050,52,99,ES1 2 bat,0.0
mean,2050,52,100,ES1 2 bat,0.0
mean,2050,52,101,ES1 2 bat,0.0
mean,2050,52,102,ES1 2 bat,0.0
mean,2050,52,103,ES1 2 bat,0.0
mean,2050,52,104,ES1 2 bat,0.0
mean,2050,52,105,ES1 2 bat,0.0
mean,2050,52,106,ES1 2 bat,0.0
mean,2050,52,107,ES1 2 bat,0.0
mean,2050,52,108,ES1 2 bat,0.0
mean,2050,52,109,ES1 2 bat,0.0
mean,2050,52,110,ES1 2 bat,0.0
mean,2050,52,111,ES1 2 bat,0.0
mean,2050,52,112,ES1 2 bat,0.0
mean,2050,52,113,ES1 2 bat,0.0
mean,2050,52,114,ES1 2 bat,0.0
mean,2050,52,115,ES1 2 bat,0.0
mean,2050,52,116,ES1 2 bat,0.0
mean,2050,52,117,ES1 2 bat,0.0
mean,2050,52,118,ES1 2 bat,0.0
mean,2050,52,119,ES1 2 bat,0.0
mean,2050,52,120,ES1 2 bat,0.0
mean,2050,52,121,ES1 2 bat,0.0
mean,2050,52,122,ES1 2 bat,0.0
mean,2050,52,123,ES1 2 bat,0.0
mean,2050,52,124,ES1 2 bat,0.0
mean,2050,52,125,ES1 2 bat,0.0
mean,2050,52,126,ES1 2 bat,0.0
mean,2050,52,127,ES1 2 bat,0.0
mean,2050,52,128,ES1 2 bat,0.0
mean,2050,52,129,ES1 2 bat,0.0
mean,2050,52,130,ES1 2 bat,0.0
mean,2050,52,131,ES1 2 bat,0.0
mean,2050,52,132,ES1 2 bat,0.0
mean,2050,52,133,ES1 2 bat,0.0
mean,2050,52,134,ES1 2 bat,0.0
mean,2050,52,135,ES1 2 bat,0.0
mean,2050,52,136,ES1 2 bat,0.0
mean,2050,52,137,ES1 2 bat,0.0
mean,2050,52,138,ES1 2 bat,0.0
mean,2050,52,139,ES1 2 bat,0.0
mean,2050,52,140,ES1 2 bat,0.0
mean,2050,52,141,ES1 2 bat,0.0
mean,2050,52,142,ES1 2 bat,0.0
mean,2050,52,143,ES1 2 bat,0.0
mean,2050,52,144,ES1 2 bat,0.0
mean,2050,52,145,ES1 2 bat,0.0
mean,2050,52,146,ES1 2 bat,0.0
mean,2050,52,147,ES1 2 bat,0.0
mean,2050,52,148,ES1 2 bat,0.0
mean,2050,52,149,ES1 2 bat,0.0
mean,2050,52,150,ES1 2 bat,0.0
mean,2050,52,151,ES1 2 bat,0.0
mean,2050,52,152,ES1 2 bat,0.0
mean,2050,52,153,ES1 2 bat,0.0
mean,2050,52,154,ES1 2 bat,0.0
mean,2050,52,155,ES1 2 bat,0.0
mean,2050,52,156,ES1 2 bat,0.0
mean,2050,52,157,ES1 2 bat,0.0
mean,2050,52,158,ES1 2 bat,0.0
mean,2050,52,159,ES1 2 bat,0.0
mean,2050,52,160,ES1 2 bat,0.0
mean,2050,52,161,ES1 2 bat,0.0
mean,2050,52,162,ES1 2 bat,0.0
mean,2050,52,163,ES1 2 bat,0.0
mean,2050,52,164,ES1 2 bat,0.0
mean,2050,52,165,ES1 2 bat,0.0
mean,2050,52,166,ES1 2 bat,0.0
mean,2050,52,167,ES1 2 bat,0.0
mean,2025,11,0,ES1 3 bat,-0.014392754769572155
mean,2025,11,1,ES1 3 bat,0.0
mean,2025,11,2,ES1 3 bat,0.0
mean,2025,11,3,ES1 3 bat,0.0
mean,2025,11,4,ES1 3 bat,0.0
mean,2025,11,5,ES1 3 bat,0.0
mean,2025,11,6,ES1 3 bat,0.0
mean,2025,11,7,ES1 3 bat,0.0
mean,2025,11,8,ES1 3 bat,0.0
mean,2025,11,9,ES1 3 bat,0.0
mean,2025,11,10,ES1 3 bat,0.0
mean,2025,11,11,ES1 3 bat,0.0
mean,2025,11,12,ES1 3 bat,0.0
mean,2025,11,13,ES1 3 bat,0.0
mean,2025,11,14,ES1 3 bat,0.0
mean,2025,11,15,ES1 3 bat,0.0
mean,2025,11,16,ES1 3 bat,0.0
mean,2025,11,17,ES1 3 bat,0.0
mean,2025,11,18,ES1 3 bat,0.0
mean,2025,11,19,ES1 3 bat,0.0
mean,2025,11,20,ES1 3 bat,0.0
mean,2025,11,21,ES1 3 bat,0.0
mean,2025,11,22,ES1 3 bat,0.0
mean,2025,11,23,ES1 3 bat,0.0
mean,2025,11,24,ES1 3 bat,0.0
mean,2025,11,25,ES1 3 bat,0.0
mean,2025,11,26,ES1 3 bat,0.0
mean,2025,11,27,ES1 3 bat,0.0
mean,2025,11,28,ES1 3 bat,0.0
mean,2025,11,29,ES1 3 bat,0.0
mean,2025,11,30,ES1 3 bat,0.0
mean,2025,11,31,ES1 3 bat,-59.892514166961554
mean,2025,11,32,ES1 3 bat,0.0
mean,2025,11,33,ES1 3 bat,0.0
mean,2025,11,34,ES1 3 bat,0.0
mean,2025,11,35,ES1 3 bat,0.0
mean,2025,11,36,ES1 3 bat,0.0
mean,2025,11,37,ES1 3 bat,0.0
mean,2025,11,38,ES1 3 bat,0.0
mean,2025,11,39,ES1 3 bat,0.0
mean,2025,11,40,ES1 3 bat,0.0
mean,2025,11,41,ES1 3 bat,0.0
mean,2025,11,42,ES1 3 bat,0.0
mean,2025,11,43,ES1 3 bat,-0.20006034819224536
mean,2025,11,44,ES1 3 bat,0.0
mean,2025,11,45,ES1 3 bat,0.0
mean,2025,11,46,ES1 3 bat,0.0
mean,2025,11,47,ES1 3 bat,0.0
mean,2025,11,48,ES1 3 bat,0.0
mean,2025,11,49,ES1 3 bat,0.0
mean,2025,11,50,ES1 3 bat,0.0
mean,2025,11,51,ES1 3 bat,0.0
mean,2025,11,52,ES1 3 bat,0.0
mean,2025,11,53,ES1 3 bat,0.0
mean,2025,11,54,ES1 3 bat,0.0
mean,2025,11,55,ES1 3 bat,0.0
mean,2025,11,56,ES1 3 bat,0.0
mean,2025,11,57,ES1 3 bat,0.0
mean,2025,11,58,ES1 3 bat,0.0
mean,2025,11,59,ES1 3 bat,0.0
mean,2025,11,60,ES1 3 bat,0.0
mean,2025,11,61,ES1 3 bat,0.0
mean,2025,11,62,ES1 3 bat,0.0
mean,2025,11,63,ES1 3 bat,0.0
mean,2025,11,64,ES1 3 bat,0.0
mean,2025,11,65,ES1 3 bat,0.0
mean,2025,11,66,ES1 3 bat,0.0
mean,2025,11,67,ES1 3 bat,0.0
mean,2025,11,68,ES1 3 bat,0.0
mean,2025,11,69,ES1 3 bat,0.0
mean,2025,11,70,ES1 3 bat,0.0
mean,2025,11,71,ES1 3 bat,0.0
mean,2025,11,72,ES1 3 bat,0.0
mean,2025,11,73,ES1 3 bat,0.0
mean,2025,11,74,ES1 3 bat,0.0
mean,2025,11,75,ES1 3 bat,0.0
mean,2025,11,76,ES1 3 bat,0.0
mean,2025,11,77,ES1 3 bat,0.0
mean,2025,11,78,ES1 3 bat,0.0
mean,2025,11,79,ES1 3 bat,-59.300154367428924
mean,2025,11,80,ES1 3 bat,0.0
mean,2025,11,81,ES1 3 bat,0.0
mean,2025,11,82,ES1 3 bat,0.0
mean,2025,11,83,ES1 3 bat,0.0
mean,2025,11,84,ES1 3 bat,0.0
mean,2025,11,85,ES1 3 bat,0.0
mean,2025,11,86,ES1 3 bat,0.0
mean,2025,11,87,ES1 3 bat,0.0
mean,2025,11,88,ES1 3 bat,0.0
mean,2025,11,89,ES1 3 bat,0.0
mean,2025,11,90,ES1 3 bat,0.0
mean,2025,11,91,ES1 3 bat,0.0
mean,2025,11,92,ES1 3 bat,0.0
mean,2025,11,93,ES1 3 bat,0.0
mean,2025,11,94,ES1 3 bat,0.0
mean,2025,11,95,ES1 3 bat,0.0
mean,2025,11,96,ES1 3 bat,0.0
mean,2025,11,97,ES1 3 bat,0.0
mean,2025,11,98,ES1 3 bat,0.0
mean,2025,11,99,ES1 3 bat,0.0
mean,2025,11,100,ES1 3 bat,0.0
mean,2025,11,101,ES1 3 bat,0.0
mean,2025,11,102,ES1 3 bat,0.0
mean,2025,11,103,ES1 3 bat,0.0
mean,2025,11,104,ES1 3 bat,0.0
mean,2025,11,105,ES1 3 bat,0.0
mean,2025,11,106,ES1 3 bat,0.0
mean,2025,11,107,ES1 3 bat,0.0
mean,2025,11,108,ES1 3 bat,0.0
mean,2025,11,109,ES1 3 bat,0.0
mean,2025,11,110,ES1 3 bat,0.0
mean,2025,11,111,ES1 3 bat,0.0
mean,2025,11,112,ES1 3 bat,0.0
mean,2025,11,113,ES1 3 bat,0.0
mean,2025,11,114,ES1 3 bat,0.0
mean,2025,11,115,ES1 3 bat,-3.2953175302415443
mean,2025,11,116,ES1 3 bat,0.0
mean,2025,11,117,ES1 3 bat,0.0
mean,2025,11,118,ES1 3 bat,0.0
mean,2025,11,119,ES1 3 bat,0.0
mean,2025,11,120,ES1 3 bat,0.0
mean,2025,11,121,ES1 3 bat,0.0
mean,2025,11,122,ES1 3 bat,0.0
mean,2025,11,123,ES1 3 bat,0.0
mean,2025,11,124,ES1 3 bat,0.0
mean,2025,11,125,ES1 3 bat,0.0
mean,2025,11,126,ES1 3 bat,0.0
mean,2025,11,127,ES1 3 bat,0.0
mean,2025,11,128,ES1 3 bat,0.0
mean,2025,11,129,ES1 3 bat,0.0
mean,2025,11,130,ES1 3 bat,0.0
mean,2025,11,131,ES1 3 bat,0.0
mean,2025,11,132,ES1 3 bat,0.0
mean,2025,11,133,ES1 3 bat,0.0
mean,2025,11,134,ES1 3 bat,0.0
mean,2025,11,135,ES1 3 bat,0.0
mean,2025,11,136,ES1 3 bat,0.0
mean,2025,11,137,ES1 3 bat,0.0
mean,2025,11,138,ES1 3 bat,0.0
mean,2025,11,139,ES1 3 bat,0.0
mean,2025,11,140,ES1 3 bat,-0.10583346844283144
mean,2025,11,141,ES1 3 bat,0.0
mean,2025,11,142,ES1 3 bat,0.0
mean,2025,11,143,ES1 3 bat,0.0
mean,2025,11,144,ES1 3 bat,0.0
mean,2025,11,145,ES1 3 bat,0.0
mean,2025,11,146,ES1 3 bat,0.0
mean,2025,11,147,ES1 3 bat,0.0
mean,2025,11,148,ES1 3 bat,0.0
mean,2025,11,149,ES1 3 bat,0.0
mean,2025,11,150,ES1 3 bat,0.0
mean,2025,11,151,ES1 3 bat,0.0
mean,2025,11,152,ES1 3 bat,0.0
mean,2025,11,153,ES1 3 bat,0.0
mean,2025,11,154,ES1 3 bat,0.0
mean,2025,11,155,ES1 3 bat,0.0
mean,2025,11,156,ES1 3 bat,0.0
mean,2025,11,157,ES1 3 bat,0.0
mean,2025,11,158,ES1 3 bat,0.0
mean,2025,11,159,ES1 3 bat,0.0
mean,2025,11,160,ES1 3 bat,0.0
mean,2025,11,161,ES1 3 bat,0.0
mean,2025,11,162,ES1 3 bat,-0.0024903710224276586
mean,2025,11,163,ES1 3 bat,0.0
mean,2025,11,164,ES1 3 bat,0.0
mean,2025,11,165,ES1 3 bat,0.0
mean,2025,11,166,ES1 3 bat,0.0
mean,2025,11,167,ES1 3 bat,0.0
mean,2025,21,0,ES1 3 bat,-61.22052030622587
mean,2025,21,1,ES1 3 bat,0.0
mean,2025,21,2,ES1 3 bat,0.0
mean,2025,21,3,ES1 3 bat,0.0
mean,2025,21,4,ES1 3 bat,0.0
mean,2025,21,5,ES1 3 bat,0.0
mean,2025,21,6,ES1 3 bat,0.0
mean,2025,21,7,ES1 3 bat,0.0
mean,2025,21,8,ES1 3 bat,0.0
mean,2025,21,9,ES1 3 bat,0.0
mean,2025,21,10,ES1 3 bat,0.0
mean,2025,21,11,ES1 3 bat,0.0
mean,2025,21,12,ES1 3 bat,0.0
mean,2025,21,13,ES1 3 bat,0.0
mean,2025,21,14,ES1 3 bat,0.0
mean,2025,21,15,ES1 3 bat,0.0
mean,2025,21,16,ES1 3 bat,0.0
mean,2025,21,17,ES1 3 bat,0.0
mean,2025,21,18,ES1 3 bat,0.0
mean,2025,21,19,ES1 3 bat,0.0
mean,2025,21,20,ES1 3 bat,0.0
mean,2025,21,21,ES1 3 bat,0.0
mean,2025,21,22,ES1 3 bat,0.0
mean,2025,21,23,ES1 3 bat,0.0
mean,2025,21,24,ES1 3 bat,0.0
mean,2025,21,25,ES1 3 bat,0.0
mean,2025,21,26,ES1 3 bat,0.0
mean,2025,21,27,ES1 3 bat,0.0
mean,2025,21,28,ES1 3 bat,0.0
mean,2025,21,29,ES1 3 bat,0.0
mean,2025,21,30,ES1 3 bat,0.0
mean,2025,21,31,ES1 3 bat,0.0
mean,2025,21,32,ES1 3 bat,0.0
mean,2025,21,33,ES1 3 bat,0.0
mean,2025,21,34,ES1 3 bat,0.0
mean,2025,21,35,ES1 3 bat,0.0
mean,2025,21,36,ES1 3 bat,0.0
mean,2025,21,37,ES1 3 bat,0.0
mean,2025,21,38,ES1 3 bat,0.0
mean,2025,21,39,ES1 3 bat,0.0
mean,2025,21,40,ES1 3 bat,0.0
mean,2025,21,41,ES1 3 bat,0.0
mean,2025,21,42,ES1 3 bat,0.0
mean,2025,21,43,ES1 3 bat,0.0
mean,2025,21,44,ES1 3 bat,0.0
mean,2025,21,45,ES1 3 bat,0.0
mean,2025,21,46,ES1 3 bat,0.0
mean,2025,21,47,ES1 3 bat,0.0
mean,2025,21,48,ES1 3 bat,0.0
mean,2025,21,49,ES1 3 bat,0.0
mean,2025,21,50,ES1 3 bat,0.0
mean,2025,21,51,ES1 3 bat,0.0
mean,2025,21,52,ES1 3 bat,0.0
mean,2025,21,53,ES1 3 bat,0.0
mean,2025,21,54,ES1 3 bat,0.0
mean,2025,21,55,ES1 3 bat,0.0
mean,2025,21,56,ES1 3 bat,0.0
mean,2025,21,57,ES1 3 bat,0.0
mean,2025,21,58,ES1 3 bat,0.0
mean,2025,21,59,ES1 3 bat,0.0
mean,2025,21,60,ES1 3 bat,0.0
mean,2025,21,61,ES1 3 bat,0.0
mean,2025,21,62,ES1 3 bat,0.0
mean,2025,21,63,ES1 3 bat,0.0
mean,2025,21,64,ES1 3 bat,0.0
mean,2025,21,65,ES1 3 bat,0.0
mean,2025,21,66,ES1 3 bat,0.0
mean,2025,21,67,ES1 3 bat,-59.29997271836356
mean,2025,21,68,ES1 3 bat,0.0
mean,2025,21,69,ES1 3 bat,0.0
mean,2025,21,70,ES1 3 bat,0.0
mean,2025,21,71,ES1 3 bat,0.0
mean,2025,21,72,ES1 3 bat,0.0
mean,2025,21,73,ES1 3 bat,0.0
mean,2025,21,74,ES1 3 bat,0.0
mean,2025,21,75,ES1 3 bat,0.0
mean,2025,21,76,ES1 3 bat,0.0
mean,2025,21,77,ES1 3 bat,0.0
mean,2025,21,78,ES1 3 bat,-0.017536771930060726
mean,2025,21,79,ES1 3 bat,0.0
mean,2025,21,80,ES1 3 bat,0.0
mean,2025,21,81,ES1 3 bat,0.0
mean,2025,21,82,ES1 3 bat,0.0
mean,2025,21,83,ES1 3 bat,0.0
mean,2025,21,84,ES1 3 bat,0.0
mean,2025,21,85,ES1 3 bat,0.0
mean,2025,21,86,ES1 3 bat,0.0
mean,2025,21,87,ES1 3 bat,0.0
mean,2025,21,88,ES1 3 bat,0.0
mean,2025,21,89,ES1 3 bat,0.0
mean,2025,21,90,ES1 3 bat,0.0
mean,2025,21,91,ES1 3 bat,0.0
mean,2025,21,92,ES1 3 bat,0.0
mean,2025,21,93,ES1 3 bat,0.0
mean,2025,21,94,ES1 3 bat,0.0
mean,2025,21,95,ES1 3 bat,0.0
mean,2025,21,96,ES1 3 bat,0.0
mean,2025,21,97,ES1 3 bat,0.0
mean,2025,21,98,ES1 3 bat,0.0
mean,2025,21,99,ES1 3 bat,0.0
mean,2025,21,100,ES1 3 bat,0.0
mean,2025,21,101,ES1 3 bat,0.0
mean,2025,21,102,ES1 3 bat,0.0
mean,2025,21,103,ES1 3 bat,0.0
mean,2025,21,104,ES1 3 bat,0.0
mean,2025,21,105,ES1 3 bat,0.0
mean,2025,21,106,ES1 3 bat,0.0
mean,2025,21,107,ES1 3 bat,0.0
mean,2025,21,108,ES1 3 bat,0.0
mean,2025,21,109,ES1 3 bat,0.0
mean,2025,21,110,ES1 3 bat,0.0
mean,2025,21,111,ES1 3 bat,0.0
mean,2025,21,112,ES1 3 bat,0.0
mean,2025,21,113,ES1 3 bat,0.0
mean,2025,21,114,ES1 3 bat,0.0
mean,2025,21,115,ES1 3 bat,0.0
mean,2025,21,116,ES1 3 bat,0.0
mean,2025,21,117,ES1 3 bat,0.0
mean,2025,21,118,ES1 3 bat,0.0
mean,2025,21,119,ES1 3 bat,0.0
mean,2025,21,120,ES1 3 bat,0.0
mean,2025,21,121,ES1 3 bat,0.0
mean,2025,21,122,ES1 3 bat,0.0
mean,2025,21,123,ES1 3 bat,0.0
mean,2025,21,124,ES1 3 bat,0.0
mean,2025,21,125,ES1 3 bat,0.0
mean,2025,21,126,ES1 3 bat,0.0
mean,2025,21,127,ES1 3 bat,0.0
mean,2025,21,128,ES1 3 bat,0.0
mean,2025,21,129,ES1 3 bat,0.0
mean,2025,21,130,ES1 3 bat,0.0
mean,2025,21,131,ES1 3 bat,0.0
mean,2025,21,132,ES1 3 bat,0.0
mean,2025,21,133,ES1 3 bat,0.0
mean,2025,21,134,ES1 3 bat,0.0
mean,2025,21,135,ES1 3 bat,0.0
mean,2025,21,136,ES1 3 bat,0.0
mean,2025,21,137,ES1 3 bat,0.0
mean,2025,21,138,ES1 3 bat,0.0
mean,2025,21,139,ES1 3 bat,0.0
mean,2025,21,140,ES1 3 bat,0.0
mean,2025,21,141,ES1 3 bat,0.0
mean,2025,21,142,ES1 3 bat,-0.020099290192739903
mean,2025,21,143,ES1 3 bat,0.0
mean,2025,21,144,ES1 3 bat,0.0
mean,2025,21,145,ES1 3 bat,0.0
mean,2025,21,146,ES1 3 bat,0.0
mean,2025,21,147,ES1 3 bat,0.0
mean,2025,21,148,ES1 3 bat,0.0
mean,2025,21,149,ES1 3 bat,0.0
mean,2025,21,150,ES1 3 bat,0.0
mean,2025,21,151,ES1 3 bat,0.0
mean,2025,21,152,ES1 3 bat,0.0
mean,2025,21,153,ES1 3 bat,0.0
mean,2025,21,154,ES1 3 bat,0.0
mean,2025,21,155,ES1 3 bat,0.0
mean,2025,21,156,ES1 3 bat,0.0
mean,2025,21,157,ES1 3 bat,0.0
mean,2025,21,158,ES1 3 bat,0.0
mean,2025,21,159,ES1 3 bat,0.0
mean,2025,21,160,ES1 3 bat,0.0
mean,2025,21,161,ES1 3 bat,0.0
mean,2025,21,162,ES1 3 bat,0.0
mean,2025,21,163,ES1 3 bat,0.0
mean,2025,21,164,ES1 3 bat,0.0
mean,2025,21,165,ES1 3 bat,0.0
mean,2025,21,166,ES1 3 bat,0.0
mean,2025,21,167,ES1 3 bat,0.0
mean,2025,42,0,ES1 3 bat,-62.03971152448163
mean,2025,42,1,ES1 3 bat,0.0
mean,2025,42,2,ES1 3 bat,0.0
mean,2025,42,3,ES1 3 bat,0.0
mean,2025,42,4,ES1 3 bat,0.0
mean,2025,42,5,ES1 3 bat,0.0
mean,2025,42,6,ES1 3 bat,0.0
mean,2025,42,7,ES1 3 bat,0.0
mean,2025,42,8,ES1 3 bat,0.0
mean,2025,42,9,ES1 3 bat,0.0
mean,2025,42,10,ES1 3 bat,0.0
mean,2025,42,11,ES1 3 bat,0.0
mean,2025,42,12,ES1 3 bat,0.0
mean,2025,42,13,ES1 3 bat,0.0
mean,2025,42,14,ES1 3 bat,0.0
mean,2025,42,15,ES1 3 bat,0.0
mean,2025,42,16,ES1 3 bat,0.0
mean,2025,42,17,ES1 3 bat,0.0
mean,2025,42,18,ES1 3 bat,0.0
mean,2025,42,19,ES1 3 bat,0.0
mean,2025,42,20,ES1 3 bat,0.0
mean,2025,42,21,ES1 3 bat,0.0
mean,2025,42,22,ES1 3 bat,0.0
mean,2025,42,23,ES1 3 bat,0.0
mean,2025,42,24,ES1 3 bat,0.0
mean,2025,42,25,ES1 3 bat,0.0
mean,2025,42,26,ES1 3 bat,0.0
mean,2025,42,27,ES1 3 bat,0.0
mean,2025,42,28,ES1 3 bat,0.0
mean,2025,42,29,ES1 3 bat,0.0
mean,2025,42,30,ES1 3 bat,0.0
mean,2025,42,31,ES1 3 bat,0.0
mean,2025,42,32,ES1 3 bat,0.0
mean,2025,42,33,ES1 3 bat,0.0
mean,2025,42,34,ES1 3 bat,0.0
mean,2025,42,35,ES1 3 bat,0.0
mean,2025,42,36,ES1 3 bat,0.0
mean,2025,42,37,ES1 3 bat,0.0
mean,2025,42,38,ES1 3 bat,0.0
mean,2025,42,39,ES1 3 bat,0.0
mean,2025,42,40,ES1 3 bat,0.0
mean,2025,42,41,ES1 3 bat,0.0
mean,2025,42,42,ES1 3 bat,0.0
mean,2025,42,43,ES1 3 bat,0.0
mean,2025,42,44,ES1 3 bat,0.0
mean,2025,42,45,ES1 3 bat,0.0
mean,2025,42,46,ES1 3 bat,0.0
mean,2025,42,47,ES1 3 bat,0.0
mean,2025,42,48,ES1 3 bat,0.0
mean,2025,42,49,ES1 3 bat,0.0
mean,2025,42,50,ES1 3 bat,0.0
mean,2025,42,51,ES1 3 bat,0.0
mean,2025,42,52,ES1 3 bat,0.0
mean,2025,42,53,ES1 3 bat,0.0
mean,2025,42,54,ES1 3 bat,0.0
mean,2025,42,55,ES1 3 bat,0.0
mean,2025,42,56,ES1 3 bat,0.0
mean,2025,42,57,ES1 3 bat,0.0
mean,2025,42,58,ES1 3 bat,0.0
mean,2025,42,59,ES1 3 bat,0.0
mean,2025,42,60,ES1 3 bat,0.0
mean,2025,42,61,ES1 3 bat,0.0
mean,2025,42,62,ES1 3 bat,0.0
mean,2025,42,63,ES1 3 bat,0.0
mean,2025,42,64,ES1 3 bat,0.0
mean,2025,42,65,ES1 3 bat,0.0
mean,2025,42,66,ES1 3 bat,-0.029582840677696915
mean,2025,42,67,ES1 3 bat,0.0
mean,2025,42,68,ES1 3 bat,0.0
mean,2025,42,69,ES1 3 bat,0.0
mean,2025,42,70,ES1 3 bat,0.0
mean,2025,42,71,ES1 3 bat,0.0
mean,2025,42,72,ES1 3 bat,0.0
mean,2025,42,73,ES1 3 bat,0.0
mean,2025,42,74,ES1 3 bat,0.0
mean,2025,42,75,ES1 3 bat,0.0
mean,2025,42,76,ES1 3 bat,0.0
mean,2025,42,77,ES1 3 bat,0.0
mean,2025,42,78,ES1 3 bat,0.0
mean,2025,42,79,ES1 3 bat,0.0
mean,2025,42,80,ES1 3 bat,0.0
mean,2025,42,81,ES1 3 bat,0.0
mean,2025,42,82,ES1 3 bat,0.0
mean,2025,42,83,ES1 3 bat,0.0
mean,2025,42,84,ES1 3 bat,0.0
mean,2025,42,85,ES1 3 bat,0.0
mean,2025,42,86,ES1 3 bat,0.0
mean,2025,42,87,ES1 3 bat,0.0
mean,2025,42,88,ES1 3 bat,0.0
mean,2025,42,89,ES1 3 bat,0.0
mean,2025,42,90,ES1 3 bat,-1.17755664944726
mean,2025,42,91,ES1 3 bat,0.0
mean,2025,42,92,ES1 3 bat,0.0
mean,2025,42,93,ES1 3 bat,0.0
mean,2025,42,94,ES1 3 bat,0.0
mean,2025,42,95,ES1 3 bat,0.0
mean,2025,42,96,ES1 3 bat,0.0
mean,2025,42,97,ES1 3 bat,0.0
mean,2025,42,98,ES1 3 bat,0.0
mean,2025,42,99,ES1 3 bat,0.0
mean,2025,42,100,ES1 3 bat,0.0
mean,2025,42,101,ES1 3 bat,0.0
mean,2025,42,102,ES1 3 bat,0.0
mean,2025,42,103,ES1 3 bat,0.0
mean,2025,42,104,ES1 3 bat,0.0
mean,2025,42,105,ES1 3 bat,0.0
mean,2025,42,106,ES1 3 bat,0.0
mean,2025,42,107,ES1 3 bat,0.0
mean,2025,42,108,ES1 3 bat,0.0
mean,2025,42,109,ES1 3 bat,0.0
mean,2025,42,110,ES1 3 bat,0.0
mean,2025,42,111,ES1 3 bat,0.0
mean,2025,42,112,ES1 3 bat,0.0
mean,2025,42,113,ES1 3 bat,0.0
mean,2025,42,114,ES1 3 bat,0.0
mean,2025,42,115,ES1 3 bat,0.0
mean,2025,42,116,ES1 3 bat,0.0
mean,2025,42,117,ES1 3 bat,0.0
mean,2025,42,118,ES1 3 bat,0.0
mean,2025,42,119,ES1 3 bat,0.0
mean,2025,42,120,ES1 3 bat,0.0
mean,2025,42,121,ES1 3 bat,0.0
mean,2025,42,122,ES1 3 bat,0.0
mean,2025,42,123,ES1 3 bat,0.0
mean,2025,42,124,ES1 3 bat,0.0
mean,2025,42,125,ES1 3 bat,0.0
mean,2025,42,126,ES1 3 bat,0.0
mean,2025,42,127,ES1 3 bat,0.0
mean,2025,42,128,ES1 3 bat,0.0
mean,2025,42,129,ES1 3 bat,0.0
mean,2025,42,130,ES1 3 bat,0.0
mean,2025,42,131,ES1 3 bat,0.0
mean,2025,42,132,ES1 3 bat,0.0
mean,2025,42,133,ES1 3 bat,0.0
mean,2025,42,134,ES1 3 bat,0.0
mean,2025,42,135,ES1 3 bat,0.0
mean,2025,42,136,ES1 3 bat,0.0
mean,2025,42,137,ES1 3 bat,0.0
mean,2025,42,138,ES1 3 bat,-0.0025057426592056424
mean,2025,42,139,ES1 3 bat,0.0
mean,2025,42,140,ES1 3 bat,0.0
mean,2025,42,141,ES1 3 bat,0.0
mean,2025,42,142,ES1 3 bat,0.0
mean,2025,42,143,ES1 3 bat,0.0
mean,2025,42,144,ES1 3 bat,0.0
mean,2025,42,145,ES1 3 bat,0.0
mean,2025,42,146,ES1 3 bat,0.0
mean,2025,42,147,ES1 3 bat,0.0
mean,2025,42,148,ES1 3 bat,0.0
mean,2025,42,149,ES1 3 bat,0.0
mean,2025,42,150,ES1 3 bat,0.0
mean,2025,42,151,ES1 3 bat,0.0
mean,2025,42,152,ES1 3 bat,0.0
mean,2025,42,153,ES1 3 bat,0.0
mean,2025,42,154,ES1 3 bat,0.0
mean,2025,42,155,ES1 3 bat,0.0
mean,2025,42,156,ES1 3 bat,0.0
mean,2025,42,157,ES1 3 bat,0.0
mean,2025,42,158,ES1 3 bat,0.0
mean,2025,42,159,ES1 3 bat,0.0
mean,2025,42,160,ES1 3 bat,0.0
mean,2025,42,161,ES1 3 bat,0.0
mean,2025,42,162,ES1 3 bat,0.0
mean,2025,42,163,ES1 3 bat,-0.10583346844283144
mean,2025,42,164,ES1 3 bat,0.0
mean,2025,42,165,ES1 3 bat,0.0
mean,2025,42,166,ES1 3 bat,0.0
mean,2025,42,167,ES1 3 bat,0.0
mean,2025,52,0,ES1 3 bat,-60.31156897049409
mean,2025,52,1,ES1 3 bat,0.0
mean,2025,52,2,ES1 3 bat,0.0
mean,2025,52,3,ES1 3 bat,0.0
mean,2025,52,4,ES1 3 bat,0.0
mean,2025,52,5,ES1 3 bat,0.0
mean,2025,52,6,ES1 3 bat,0.0
mean,2025,52,7,ES1 3 bat,0.0
mean,2025,52,8,ES1 3 bat,0.0
mean,2025,52,9,ES1 3 bat,0.0
mean,2025,52,10,ES1 3 bat,0.0
mean,2025,52,11,ES1 3 bat,0.0
mean,2025,52,12,ES1 3 bat,0.0
mean,2025,52,13,ES1 3 bat,0.0
mean,2025,52,14,ES1 3 bat,0.0
mean,2025,52,15,ES1 3 bat,0.0
mean,2025,52,16,ES1 3 bat,0.0
mean,2025,52,17,ES1 3 bat,-0.002472667796539024
mean,2025,52,18,ES1 3 bat,0.0
mean,2025,52,19,ES1 3 bat,0.0
mean,2025,52,20,ES1 3 bat,0.0
mean,2025,52,21,ES1 3 bat,0.0
mean,2025,52,22,ES1 3 bat,0.0
mean,2025,52,23,ES1 3 bat,0.0
mean,2025,52,24,ES1 3 bat,0.0
mean,2025,52,25,ES1 3 bat,0.0
mean,2025,52,26,ES1 3 bat,0.0
mean,2025,52,27,ES1 3 bat,0.0
mean,2025,52,28,ES1 3 bat,0.0
mean,2025,52,29,ES1 3 bat,0.0
mean,2025,52,30,ES1 3 bat,0.0
mean,2025,52,31,ES1 3 bat,0.0
mean,2025,52,32,ES1 3 bat,0.0
mean,2025,52,33,ES1 3 bat,0.0
mean,2025,52,34,ES1 3 bat,0.0
mean,2025,52,35,ES1 3 bat,0.0
mean,2025,52,36,ES1 3 bat,0.0
mean,2025,52,37,ES1 3 bat,0.0
mean,2025,52,38,ES1 3 bat,0.0
mean,2025,52,39,ES1 3 bat,0.0
mean,2025,52,40,ES1 3 bat,0.0
mean,2025,52,41,ES1 3 bat,0.0
mean,2025,52,42,ES1 3 bat,0.0
mean,2025,52,43,ES1 3 bat,0.0
mean,2025,52,44,ES1 3 bat,0.0
mean,2025,52,45,ES1 3 bat,0.0
mean,2025,52,46,ES1 3 bat,0.0
mean,2025,52,47,ES1 3 bat,0.0
mean,2025,52,48,ES1 3 bat,0.0
mean,2025,52,49,ES1 3 bat,0.0
mean,2025,52,50,ES1 3 bat,0.0
mean,2025,52,51,ES1 3 bat,0.0
mean,2025,52,52,ES1 3 bat,0.0
mean,2025,52,53,ES1 3 bat,0.0
mean,2025,52,54,ES1 3 bat,0.0
mean,2025,52,55,ES1 3 bat,0.0
mean,2025,52,56,ES1 3 bat,0.0
mean,2025,52,57,ES1 3 bat,0.0
mean,2025,52,58,ES1 3 bat,0.0
mean,2025,52,59,ES1 3 bat,0.0
mean,2025,52,60,ES1 3 bat,0.0
mean,2025,52,61,ES1 3 bat,0.0
mean,2025,52,62,ES1 3 bat,0.0
mean,2025,52,63,ES1 3 bat,0.0
mean,2025,52,64,ES1 3 bat,0.0
mean,2025,52,65,ES1 3 bat,0.0
mean,2025,52,66,ES1 3 bat,0.0
mean,2025,52,67,ES1 3 bat,0.0
mean,2025,52,68,ES1 3 bat,0.0
mean,2025,52,69,ES1 3 bat,0.0
mean,2025,52,70,ES1 3 bat,0.0
mean,2025,52,71,ES1 3 bat,0.0
mean,2025,52,72,ES1 3 bat,0.0
mean,2025,52,73,ES1 3 bat,0.0
mean,2025,52,74,ES1 3 bat,0.0
mean,2025,52,75,ES1 3 bat,0.0
mean,2025,52,76,ES1 3 bat,0.0
mean,2025,52,77,ES1 3 bat,0.0
mean,2025,52,78,ES1 3 bat,0.0
mean,2025,52,79,ES1 3 bat,0.0
mean,2025,52,80,ES1 3 bat,0.0
mean,2025,52,81,ES1 3 bat,0.0
mean,2025,52,82,ES1 3 bat,0.0
mean,2025,52,83,ES1 3 bat,0.0
mean,2025,52,84,ES1 3 bat,0.0
mean,2025,52,85,ES1 3 bat,0.0
mean,2025,52,86,ES1 3 bat,0.0
mean,2025,52,87,ES1 3 bat,0.0
mean,2025,52,88,ES1 3 bat,0.0
mean,2025,52,89,ES1 3 bat,0.0
mean,2025,52,90,ES1 3 bat,0.0
mean,2025,52,91,ES1 3 bat,0.0
mean,2025,52,92,ES1 3 bat,0.0
mean,2025,52,93,ES1 3 bat,0.0
mean,2025,52,94,ES1 3 bat,0.0
mean,2025,52,95,ES1 3 bat,0.0
mean,2025,52,96,ES1 3 bat,0.0
mean,2025,52,97,ES1 3 bat,0.0
mean,2025,52,98,ES1 3 bat,0.0
mean,2025,52,99,ES1 3 bat,0.0
mean,2025,52,100,ES1 3 bat,0.0
mean,2025,52,101,ES1 3 bat,0.0
mean,2025,52,102,ES1 3 bat,0.0
mean,2025,52,103,ES1 3 bat,0.0
mean,2025,52,104,ES1 3 bat,0.0
mean,2025,52,105,ES1 3 bat,0.0
mean,2025,52,106,ES1 3 bat,0.0
mean,2025,52,107,ES1 3 bat,0.0
mean,2025,52,108,ES1 3 bat,0.0
mean,2025,52,109,ES1 3 bat,0.0
mean,2025,52,110,ES1 3 bat,0.0
mean,2025,52,111,ES1 3 bat,0.0
mean,2025,52,112,ES1 3 bat,0.0
mean,2025,52,113,ES1 3 bat,0.0
mean,2025,52,114,ES1 3 bat,0.0
mean,2025,52,115,ES1 3 bat,0.0
mean,2025,52,116,ES1 3 bat,0.0
mean,2025,52,117,ES1 3 bat,0.0
mean,2025,52,118,ES1 3 bat,0.0
mean,2025,52,119,ES1 3 bat,0.0
mean,2025,52,120,ES1 3 bat,0.0
mean,2025,52,121,ES1 3 bat,0.0
mean,2025,52,122,ES1 3 bat,0.0
mean,2025,52,123,ES1 3 bat,0.0
mean,2025,52,124,ES1 3 bat,0.0
mean,2025,52,125,ES1 3 bat,0.0
mean,2025,52,126,ES1 3 bat,0.0
mean,2025,52,127,ES1 3 bat,0.0
mean,2025,52,128,ES1 3 bat,0.0
mean,2025,52,129,ES1 3 bat,0.0
mean,2025,52,130,ES1 3 bat,0.0
mean,2025,52,131,ES1 3 bat,0.0
mean,2025,52,132,ES1 3 bat,0.0
mean,2025,52,133,ES1 3 bat,0.0
mean,2025,52,134,ES1 3 bat,0.0
mean,2025,52,135,ES1 3 bat,0.0
mean,2025,52,136,ES1 3 bat,0.0
mean,2025,52,137,ES1 3 bat,0.0
mean,2025,52,138,ES1 3 bat,0.0
mean,2025,52,139,ES1 3 bat,0.0
mean,2025,52,140,ES1 3 bat,0.0
mean,2025,52,141,ES1 3 bat,0.0
mean,2025,52,142,ES1 3 bat,0.0
mean,2025,52,143,ES1 3 bat,0.0
mean,2025,52,144,ES1 3 bat,0.0
mean,2025,52,145,ES1 3 bat,0.0
mean,2025,52,146,ES1 3 bat,0.0
mean,2025,52,147,ES1 3 bat,0.0
mean,2025,52,148,ES1 3 bat,0.0
mean,2025,52,149,ES1 3 bat,0.0
mean,2025,52,150,ES1 3 bat,-0.002497363071297389
mean,2025,52,151,ES1 3 bat,0.0
mean,2025,52,152,ES1 3 bat,0.0
mean,2025,52,153,ES1 3 bat,0.0
mean,2025,52,154,ES1 3 bat,0.0
mean,2025,52,155,ES1 3 bat,0.0
mean,2025,52,156,ES1 3 bat,0.0
mean,2025,52,157,ES1 3 bat,0.0
mean,2025,52,158,ES1 3 bat,0.0
mean,2025,52,159,ES1 3 bat,0.0
mean,2025,52,160,ES1 3 bat,0.0
mean,2025,52,161,ES1 3 bat,-0.0025057426592056424
mean,2025,52,162,ES1 3 bat,0.0
mean,2025,52,163,ES1 3 bat,0.0
mean,2025,52,164,ES1 3 bat,0.0
mean,2025,52,165,ES1 3 bat,0.0
mean,2025,52,166,ES1 3 bat,0.0
mean,2025,52,167,ES1 3 bat,0.0
mean,2030,11,0,ES1 3 bat,-0.014392754769572155
mean,2030,11,1,ES1 3 bat,0.0
mean,2030,11,2,ES1 3 bat,0.0
mean,2030,11,3,ES1 3 bat,0.0
mean,2030,11,4,ES1 3 bat,0.0
mean,2030,11,5,ES1 3 bat,0.0
mean,2030,11,6,ES1 3 bat,0.0
mean,2030,11,7,ES1 3 bat,0.0
mean,2030,11,8,ES1 3 bat,0.0
mean,2030,11,9,ES1 3 bat,0.0
mean,2030,11,10,ES1 3 bat,0.0
mean,2030,11,11,ES1 3 bat,0.0
mean,2030,11,12,ES1 3 bat,0.0
mean,2030,11,13,ES1 3 bat,0.0
mean,2030,11,14,ES1 3 bat,0.0
mean,2030,11,15,ES1 3 bat,0.0
mean,2030,11,16,ES1 3 bat,0.0
mean,2030,11,17,ES1 3 bat,0.0
mean,2030,11,18,ES1 3 bat,0.0
mean,2030,11,19,ES1 3 bat,0.0
mean,2030,11,20,ES1 3 bat,0.0
mean,2030,11,21,ES1 3 bat,0.0
mean,2030,11,22,ES1 3 bat,0.0
mean,2030,11,23,ES1 3 bat,0.0
mean,2030,11,24,ES1 3 bat,0.0
mean,2030,11,25,ES1 3 bat,0.0
mean,2030,11,26,ES1 3 bat,0.0
mean,2030,11,27,ES1 3 bat,0.0
mean,2030,11,28,ES1 3 bat,0.0
mean,2030,11,29,ES1 3 bat,0.0
mean,2030,11,30,ES1 3 bat,0.0
mean,2030,11,31,ES1 3 bat,0.0
mean,2030,11,32,ES1 3 bat,0.0
mean,2030,11,33,ES1 3 bat,0.0
mean,2030,11,34,ES1 3 bat,0.0
mean,2030,11,35,ES1 3 bat,0.0
mean,2030,11,36,ES1 3 bat,0.0
mean,2030,11,37,ES1 3 bat,0.0
mean,2030,11,38,ES1 3 bat,0.0
mean,2030,11,39,ES1 3 bat,0.0
mean,2030,11,40,ES1 3 bat,0.0
mean,2030,11,41,ES1 3 bat,0.0
mean,2030,11,42,ES1 3 bat,0.0
mean,2030,11,43,ES1 3 bat,0.0
mean,2030,11,44,ES1 3 bat,0.0
mean,2030,11,45,ES1 3 bat,0.0
mean,2030,11,46,ES1 3 bat,0.0
mean,2030,11,47,ES1 3 bat,0.0
mean,2030,11,48,ES1 3 bat,0.0
mean,2030,11,49,ES1 3 bat,0.0
mean,2030,11,50,ES1 3 bat,0.0
mean,2030,11,51,ES1 3 bat,0.0
mean,2030,11,52,ES1 3 bat,0.0
mean,2030,11,53,ES1 3 bat,0.0
mean,2030,11,54,ES1 3 bat,0.0
mean,2030,11,55,ES1 3 bat,0.0
mean,2030,11,56,ES1 3 bat,0.0
mean,2030,11,57,ES1 3 bat,0.0
mean,2030,11,58,ES1 3 bat,0.0
mean,2030,11,59,ES1 3 bat,0.0
mean,2030,11,60,ES1 3 bat,0.0
mean,2030,11,61,ES1 3 bat,0.0
mean,2030,11,62,ES1 3 bat,0.0
mean,2030,11,63,ES1 3 bat,0.0
mean,2030,11,64,ES1 3 bat,0.0
mean,2030,11,65,ES1 3 bat,0.0
mean,2030,11,66,ES1 3 bat,0.0
mean,2030,11,67,ES1 3 bat,0.0
mean,2030,11,68,ES1 3 bat,0.0
mean,2030,11,69,ES1 3 bat,0.0
mean,2030,11,70,ES1 3 bat,0.0
mean,2030,11,71,ES1 3 bat,0.0
mean,2030,11,72,ES1 3 bat,0.0
mean,2030,11,73,ES1 3 bat,0.0
mean,2030,11,74,ES1 3 bat,0.0
mean,2030,11,75,ES1 3 bat,0.0
mean,2030,11,76,ES1 3 bat,0.0
mean,2030,11,77,ES1 3 bat,0.0
mean,2030,11,78,ES1 3 bat,0.0
mean,2030,11,79,ES1 3 bat,0.0
mean,2030,11,80,ES1 3 bat,0.0
mean,2030,11,81,ES1 3 bat,0.0
mean,2030,11,82,ES1 3 bat,0.0
mean,2030,11,83,ES1 3 bat,0.0
mean,2030,11,84,ES1 3 bat,0.0
mean,2030,11,85,ES1 3 bat,0.0
mean,2030,11,86,ES1 3 bat,0.0
mean,2030,11,87,ES1 3 bat,-0.003697590338226436
mean,2030,11,88,ES1 3 bat,-0.003863053310169871
mean,2030,11,89,ES1 3 bat,-0.003910860999547965
mean,2030,11,90,ES1 3 bat,0.0
mean,2030,11,91,ES1 3 bat,0.0
mean,2030,11,92,ES1 3 bat,0.0
mean,2030,11,93,ES1 3 bat,0.0
mean,2030,11,94,ES1 3 bat,0.0
mean,2030,11,95,ES1 3 bat,0.0
mean,2030,11,96,ES1 3 bat,0.0
mean,2030,11,97,ES1 3 bat,0.0
mean,2030,11,98,ES1 3 bat,0.0
mean,2030,11,99,ES1 3 bat,0.0
mean,2030,11,100,ES1 3 bat,0.0
mean,2030,11,101,ES1 3 bat,0.0
mean,2030,11,102,ES1 3 bat,0.0
mean,2030,11,103,ES1 3 bat,0.0
mean,2030,11,104,ES1 3 bat,0.0
mean,2030,11,105,ES1 3 bat,0.0
mean,2030,11,106,ES1 3 bat,0.0
mean,2030,11,107,ES1 3 bat,0.0
mean,2030,11,108,ES1 3 bat,0.0
mean,2030,11,109,ES1 3 bat,0.0
mean,2030,11,110,ES1 3 bat,0.0
mean,2030,11,111,ES1 3 bat,0.0
mean,2030,11,112,ES1 3 bat,0.0
mean,2030,11,113,ES1 3 bat,0.0
mean,2030,11,114,ES1 3 bat,0.0
mean,2030,11,115,ES1 3 bat,-0.006387692730734433
mean,2030,11,116,ES1 3 bat,0.0
mean,2030,11,117,ES1 3 bat,0.0
mean,2030,11,118,ES1 3 bat,0.0
mean,2030,11,119,ES1 3 bat,0.0
mean,2030,11,120,ES1 3 bat,0.0
mean,2030,11,121,ES1 3 bat,0.0
mean,2030,11,122,ES1 3 bat,0.0
mean,2030,11,123,ES1 3 bat,0.0
mean,2030,11,124,ES1 3 bat,0.0
mean,2030,11,125,ES1 3 bat,0.0
mean,2030,11,126,ES1 3 bat,0.0
mean,2030,11,127,ES1 3 bat,0.0
mean,2030,11,128,ES1 3 bat,0.0
mean,2030,11,129,ES1 3 bat,0.0
mean,2030,11,130,ES1 3 bat,0.0
mean,2030,11,131,ES1 3 bat,0.0
mean,2030,11,132,ES1 3 bat,0.0
mean,2030,11,133,ES1 3 bat,0.0
mean,2030,11,134,ES1 3 bat,0.0
mean,2030,11,135,ES1 3 bat,0.0
mean,2030,11,136,ES1 3 bat,0.0
mean,2030,11,137,ES1 3 bat,0.0
mean,2030,11,138,ES1 3 bat,0.0
mean,2030,11,139,ES1 3 bat,0.0
mean,2030,11,140,ES1 3 bat,0.0
mean,2030,11,141,ES1 3 bat,0.0
mean,2030,11,142,ES1 3 bat,0.0
mean,2030,11,143,ES1 3 bat,0.0
mean,2030,11,144,ES1 3 bat,0.0
mean,2030,11,145,ES1 3 bat,0.0
mean,2030,11,146,ES1 3 bat,0.0
mean,2030,11,147,ES1 3 bat,0.0
mean,2030,11,148,ES1 3 bat,0.0
mean,2030,11,149,ES1 3 bat,0.0
mean,2030,11,150,ES1 3 bat,0.0
mean,2030,11,151,ES1 3 bat,0.0
mean,2030,11,152,ES1 3 bat,0.0
mean,2030,11,153,ES1 3 bat,0.0
mean,2030,11,154,ES1 3 bat,0.0
mean,2030,11,155,ES1 3 bat,0.0
mean,2030,11,156,ES1 3 bat,0.0
mean,2030,11,157,ES1 3 bat,0.0
mean,2030,11,158,ES1 3 bat,0.0
mean,2030,11,159,ES1 3 bat,0.0
mean,2030,11,160,ES1 3 bat,0.0
mean,2030,11,161,ES1 3 bat,0.0
mean,2030,11,162,ES1 3 bat,0.0
mean,2030,11,163,ES1 3 bat,0.0
mean,2030,11,164,ES1 3 bat,0.0
mean,2030,11,165,ES1 3 bat,0.0
mean,2030,11,166,ES1 3 bat,0.0
mean,2030,11,167,ES1 3 bat,0.0
mean,2030,21,0,ES1 3 bat,-61.22052030622587
mean,2030,21,1,ES1 3 bat,0.0
mean,2030,21,2,ES1 3 bat,0.0
mean,2030,21,3,ES1 3 bat,0.0
mean,2030,21,4,ES1 3 bat,0.0
mean,2030,21,5,ES1 3 bat,0.0
mean,2030,21,6,ES1 3 bat,0.0
mean,2030,21,7,ES1 3 bat,0.0
mean,2030,21,8,ES1 3 bat,0.0
mean,2030,21,9,ES1 3 bat,0.0
mean,2030,21,10,ES1 3 bat,0.0
mean,2030,21,11,ES1 3 bat,0.0
mean,2030,21,12,ES1 3 bat,0.0
mean,2030,21,13,ES1 3 bat,0.0
mean,2030,21,14,ES1 3 bat,0.0
mean,2030,21,15,ES1 3 bat,0.0
mean,2030,21,16,ES1 3 bat,0.0
mean,2030,21,17,ES1 3 bat,0.0
mean,2030,21,18,ES1 3 bat,0.0
mean,2030,21,19,ES1 3 bat,0.0
mean,2030,21,20,ES1 3 bat,0.0
mean,2030,21,21,ES1 3 bat,0.0
mean,2030,21,22,ES1 3 bat,0.0
mean,2030,21,23,ES1 3 bat,0.0
mean,2030,21,24,ES1 3 bat,0.0
mean,2030,21,25,ES1 3 bat,0.0
mean,2030,21,26,ES1 3 bat,0.0
mean,2030,21,27,ES1 3 bat,0.0
mean,2030,21,28,ES1 3 bat,0.0
mean,2030,21,29,ES1 3 bat,0.0
mean,2030,21,30,ES1 3 bat,0.0
mean,2030,21,31,ES1 3 bat,0.0
mean,2030,21,32,ES1 3 bat,0.0
mean,2030,21,33,ES1 3 bat,0.0
mean,2030,21,34,ES1 3 bat,0.0
mean,2030,21,35,ES1 3 bat,0.0
mean,2030,21,36,ES1 3 bat,0.0
mean,2030,21,37,ES1 3 bat,0.0
mean,2030,21,38,ES1 3 bat,0.0
mean,2030,21,39,ES1 3 bat,0.0
mean,2030,21,40,ES1 3 bat,0.0
mean,2030,21,41,ES1 3 bat,0.0
mean,2030,21,42,ES1 3 bat,0.0
mean,2030,21,43,ES1 3 bat,0.0
mean,2030,21,44,ES1 3 bat,0.0
mean,2030,21,45,ES1 3 bat,0.0
mean,2030,21,46,ES1 3 bat,0.0
mean,2030,21,47,ES1 3 bat,0.0
mean,2030,21,48,ES1 3 bat,0.0
mean,2030,21,49,ES1 3 bat,0.0
mean,2030,21,50,ES1 3 bat,0.0
mean,2030,21,51,ES1 3 bat,0.0
mean,2030,21,52,ES1 3 bat,0.0
mean,2030,21,53,ES1 3 bat,0.0
mean,2030,21,54,ES1 3 bat,0.0
mean,2030,21,55,ES1 3 bat,0.0
mean,2030,21,56,ES1 3 bat,0.0
mean,2030,21,57,ES1 3 bat,0.0
mean,2030,21,58,ES1 3 bat,0.0
mean,2030,21,59,ES1 3 bat,0.0
mean,2030,21,60,ES1 3 bat,0.0
mean,2030,21,61,ES1 3 bat,0.0
mean,2030,21,62,ES1 3 bat,0.0
mean,2030,21,63,ES1 3 bat,0.0
mean,2030,21,64,ES1 3 bat,0.0
mean,2030,21,65,ES1 3 bat,0.0
mean,2030,21,66,ES1 3 bat,0.0
mean,2030,21,67,ES1 3 bat,-1.990302150625944e-06
mean,2030,21,68,ES1 3 bat,-1.388689842203488e-06
mean,2030,21,69,ES1 3 bat,0.0
mean,2030,21,70,ES1 3 bat,0.0
mean,2030,21,71,ES1 3 bat,0.0
mean,2030,21,72,ES1 3 bat,0.0
mean,2030,21,73,ES1 3 bat,0.0
mean,2030,21,74,ES1 3 bat,0.0
mean,2030,21,75,ES1 3 bat,0.0
mean,2030,21,76,ES1 3 bat,0.0
mean,2030,21,77,ES1 3 bat,-0.0001144287197027165
mean,2030,21,78,ES1 3 bat,0.0
mean,2030,21,79,ES1 3 bat,0.0
mean,2030,21,80,ES1 3 bat,0.0
mean,2030,21,81,ES1 3 bat,0.0
mean,2030,21,82,ES1 3 bat,0.0
mean,2030,21,83,ES1 3 bat,0.0
mean,2030,21,84,ES1 3 bat,0.0
mean,2030,21,85,ES1 3 bat,0.0
mean,2030,21,86,ES1 3 bat,0.0
mean,2030,21,87,ES1 3 bat,0.0
mean,2030,21,88,ES1 3 bat,-1.2032496969907868e-06
mean,2030,21,89,ES1 3 bat,-6.016373885683308e-07
mean,2030,21,90,ES1 3 bat,0.0
mean,2030,21,91,ES1 3 bat,0.0
mean,2030,21,92,ES1 3 bat,-4.1626286133152266e-07
mean,2030,21,93,ES1 3 bat,0.0
mean,2030,21,94,ES1 3 bat,0.0
mean,2030,21,95,ES1 3 bat,0.0
mean,2030,21,96,ES1 3 bat,0.0
mean,2030,21,97,ES1 3 bat,0.0
mean,2030,21,98,ES1 3 bat,0.0
mean,2030,21,99,ES1 3 bat,0.0
mean,2030,21,100,ES1 3 bat,0.0
mean,2030,21,101,ES1 3 bat,0.0
mean,2030,21,102,ES1 3 bat,0.0
mean,2030,21,103,ES1 3 bat,0.0
mean,2030,21,104,ES1 3 bat,0.0
mean,2030,21,105,ES1 3 bat,0.0
mean,2030,21,106,ES1 3 bat,0.0
mean,2030,21,107,ES1 3 bat,0.0
mean,2030,21,108,ES1 3 bat,0.0
mean,2030,21,109,ES1 3 bat,0.0
mean,2030,21,110,ES1 3 bat,0.0
mean,2030,21,111,ES1 3 bat,-0.003626711183055754
mean,2030,21,112,ES1 3 bat,-0.0038724357943331483
mean,2030,21,113,ES1 3 bat,-0.00391138981081134
mean,2030,21,114,ES1 3 bat,-0.003910951207857334
mean,2030,21,115,ES1 3 bat,0.0
mean,2030,21,116,ES1 3 bat,0.0
mean,2030,21,117,ES1 3 bat,0.0
mean,2030,21,118,ES1 3 bat,0.0
mean,2030,21,119,ES1 3 bat,0.0
mean,2030,21,120,ES1 3 bat,0.0
mean,2030,21,121,ES1 3 bat,0.0
mean,2030,21,122,ES1 3 bat,0.0
mean,2030,21,123,ES1 3 bat,0.0
mean,2030,21,124,ES1 3 bat,0.0
mean,2030,21,125,ES1 3 bat,0.0
mean,2030,21,126,ES1 3 bat,0.0
mean,2030,21,127,ES1 3 bat,0.0
mean,2030,21,128,ES1 3 bat,0.0
mean,2030,21,129,ES1 3 bat,0.0
mean,2030,21,130,ES1 3 bat,0.0
mean,2030,21,131,ES1 3 bat,0.0
mean,2030,21,132,ES1 3 bat,0.0
mean,2030,21,133,ES1 3 bat,0.0
mean,2030,21,134,ES1 3 bat,0.0
mean,2030,21,135,ES1 3 bat,0.0
mean,2030,21,136,ES1 3 bat,-0.003848326652497979
mean,2030,21,137,ES1 3 bat,-0.004023624645993162
mean,2030,21,138,ES1 3 bat,-0.00402397777438147
mean,2030,21,139,ES1 3 bat,0.0
mean,2030,21,140,ES1 3 bat,0.0
mean,2030,21,141,ES1 3 bat,0.0
mean,2030,21,142,ES1 3 bat,0.0
mean,2030,21,143,ES1 3 bat,0.0
mean,2030,21,144,ES1 3 bat,0.0
mean,2030,21,145,ES1 3 bat,0.0
mean,2030,21,146,ES1 3 bat,0.0
mean,2030,21,147,ES1 3 bat,0.0
mean,2030,21,148,ES1 3 bat,0.0
mean,2030,21,149,ES1 3 bat,0.0
mean,2030,21,150,ES1 3 bat,0.0
mean,2030,21,151,ES1 3 bat,0.0
mean,2030,21,152,ES1 3 bat,0.0
mean,2030,21,153,ES1 3 bat,0.0
mean,2030,21,154,ES1 3 bat,0.0
mean,2030,21,155,ES1 3 bat,0.0
mean,2030,21,156,ES1 3 bat,0.0
mean,2030,21,157,ES1 3 bat,0.0
mean,2030,21,158,ES1 3 bat,0.0
mean,2030,21,159,ES1 3 bat,-0.003626711183055754
mean,2030,21,160,ES1 3 bat,-0.0037360964960098907
mean,2030,21,161,ES1 3 bat,-0.00391138981081134
mean,2030,21,162,ES1 3 bat,0.0
mean,2030,21,163,ES1 3 bat,0.0
mean,2030,21,164,ES1 3 bat,0.0
mean,2030,21,165,ES1 3 bat,0.0
mean,2030,21,166,ES1 3 bat,0.0
mean,2030,21,167,ES1 3 bat,0.0
mean,2030,42,0,ES1 3 bat,-62.603531466950926
mean,2030,42,1,ES1 3 bat,0.0
mean,2030,42,2,ES1 3 bat,0.0
mean,2030,42,3,ES1 3 bat,0.0
mean,2030,42,4,ES1 3 bat,0.0
mean,2030,42,5,ES1 3 bat,0.0
mean,2030,42,6,ES1 3 bat,0.0
mean,2030,42,7,ES1 3 bat,0.0
mean,2030,42,8,ES1 3 bat,0.0
mean,2030,42,9,ES1 3 bat,0.0
mean,2030,42,10,ES1 3 bat,0.0
mean,2030,42,11,ES1 3 bat,0.0
mean,2030,42,12,ES1 3 bat,0.0
mean,2030,42,13,ES1 3 bat,0.0
mean,2030,42,14,ES1 3 bat,0.0
mean,2030,42,15,ES1 3 bat,0.0
mean,2030,42,16,ES1 3 bat,0.0
mean,2030,42,17,ES1 3 bat,0.0
mean,2030,42,18,ES1 3 bat,0.0
mean,2030,42,19,ES1 3 bat,0.0
mean,2030,42,20,ES1 3 bat,0.0
mean,2030,42,21,ES1 3 bat,0.0
mean,2030,42,22,ES1 3 bat,0.0
mean,2030,42,23,ES1 3 bat,0.0
mean,2030,42,24,ES1 3 bat,0.0
mean,2030,42,25,ES1 3 bat,0.0
mean,2030,42,26,ES1 3 bat,0.0
mean,2030,42,27,ES1 3 bat,0.0
mean,2030,42,28,ES1 3 bat,0.0
mean,2030,42,29,ES1 3 bat,0.0
mean,2030,42,30,ES1 3 bat,0.0
mean,2030,42,31,ES1 3 bat,0.0
mean,2030,42,32,ES1 3 bat,0.0
mean,2030,42,33,ES1 3 bat,0.0
mean,2030,42,34,ES1 3 bat,0.0
mean,2030,42,35,ES1 3 bat,0.0
mean,2030,42,36,ES1 3 bat,0.0
mean,2030,42,37,ES1 3 bat,0.0
mean,2030,42,38,ES1 3 bat,0.0
mean,2030,42,39,ES1 3 bat,0.0
mean,2030,42,40,ES1 3 bat,0.0
mean,2030,42,41,ES1 3 bat,0.0
mean,2030,42,42,ES1 3 bat,0.0
mean,2030,42,43,ES1 3 bat,0.0
mean,2030,42,44,ES1 3 bat,0.0
mean,2030,42,45,ES1 3 bat,0.0
mean,2030,42,46,ES1 3 bat,0.0
mean,2030,42,47,ES1 3 bat,0.0
mean,2030,42,48,ES1 3 bat,0.0
mean,2030,42,49,ES1 3 bat,0.0
mean,2030,42,50,ES1 3 bat,0.0
mean,2030,42,51,ES1 3 bat,0.0
mean,2030,42,52,ES1 3 bat,0.0
mean,2030,42,53,ES1 3 bat,0.0
mean,2030,42,54,ES1 3 bat,0.0
mean,2030,42,55,ES1 3 bat,0.0
mean,2030,42,56,ES1 3 bat,0.0
mean,2030,42,57,ES1 3 bat,0.0
mean,2030,42,58,ES1 3 bat,0.0
mean,2030,42,59,ES1 3 bat,0.0
mean,2030,42,60,ES1 3 bat,0.0
mean,2030,42,61,ES1 3 bat,0.0
mean,2030,42,62,ES1 3 bat,0.0
mean,2030,42,63,ES1 3 bat,0.0
mean,2030,42,64,ES1 3 bat,0.0
mean,2030,42,65,ES1 3 bat,0.0
mean,2030,42,66,ES1 3 bat,0.0
mean,2030,42,67,ES1 3 bat,0.0
mean,2030,42,68,ES1 3 bat,0.0
mean,2030,42,69,ES1 3 bat,0.0
mean,2030,42,70,ES1 3 bat,0.0
mean,2030,42,71,ES1 3 bat,0.0
mean,2030,42,72,ES1 3 bat,0.0
mean,2030,42,73,ES1 3 bat,0.0
mean,2030,42,74,ES1 3 bat,0.0
mean,2030,42,75,ES1 3 bat,0.0
mean,2030,42,76,ES1 3 bat,0.0
mean,2030,42,77,ES1 3 bat,0.0
mean,2030,42,78,ES1 3 bat,-0.19400374056851855
mean,2030,42,79,ES1 3 bat,0.0
mean,2030,42,80,ES1 3 bat,0.0
mean,2030,42,81,ES1 3 bat,0.0
mean,2030,42,82,ES1 3 bat,0.0
mean,2030,42,83,ES1 3 bat,0.0
mean,2030,42,84,ES1 3 bat,0.0
mean,2030,42,85,ES1 3 bat,0.0
mean,2030,42,86,ES1 3 bat,0.0
mean,2030,42,87,ES1 3 bat,0.0
mean,2030,42,88,ES1 3 bat,0.0
mean,2030,42,89,ES1 3 bat,0.0
mean,2030,42,90,ES1 3 bat,-6.358919695132054
mean,2030,42,91,ES1 3 bat,0.0
mean,2030,42,92,ES1 3 bat,0.0
mean,2030,42,93,ES1 3 bat,0.0
mean,2030,42,94,ES1 3 bat,0.0
mean,2030,42,95,ES1 3 bat,0.0
mean,2030,42,96,ES1 3 bat,0.0
mean,2030,42,97,ES1 3 bat,0.0
mean,2030,42,98,ES1 3 bat,0.0
mean,2030,42,99,ES1 3 bat,0.0
mean,2030,42,100,ES1 3 bat,0.0
mean,2030,42,101,ES1 3 bat,0.0
mean,2030,42,102,ES1 3 bat,0.0
mean,2030,42,103,ES1 3 bat,0.0
mean,2030,42,104,ES1 3 bat,0.0
mean,2030,42,105,ES1 3 bat,0.0
mean,2030,42,106,ES1 3 bat,0.0
mean,2030,42,107,ES1 3 bat,0.0
mean,2030,42,108,ES1 3 bat,0.0
mean,2030,42,109,ES1 3 bat,0.0
mean,2030,42,110,ES1 3 bat,0.0
mean,2030,42,111,ES1 3 bat,0.0
mean,2030,42,112,ES1 3 bat,0.0
mean,2030,42,113,ES1 3 bat,0.0
mean,2030,42,114,ES1 3 bat,0.0
mean,2030,42,115,ES1 3 bat,0.0
mean,2030,42,116,ES1 3 bat,0.0
mean,2030,42,117,ES1 3 bat,0.0
mean,2030,42,118,ES1 3 bat,0.0
mean,2030,42,119,ES1 3 bat,0.0
mean,2030,42,120,ES1 3 bat,0.0
mean,2030,42,121,ES1 3 bat,0.0
mean,2030,42,122,ES1 3 bat,0.0
mean,2030,42,123,ES1 3 bat,0.0
mean,2030,42,124,ES1 3 bat,0.0
mean,2030,42,125,ES1 3 bat,0.0
mean,2030,42,126,ES1 3 bat,0.0
mean,2030,42,127,ES1 3 bat,0.0
mean,2030,42,128,ES1 3 bat,0.0
mean,2030,42,129,ES1 3 bat,0.0
mean,2030,42,130,ES1 3 bat,0.0
mean,2030,42,131,ES1 3 bat,0.0
mean,2030,42,132,ES1 3 bat,0.0
mean,2030,42,133,ES1 3 bat,0.0
mean,2030,42,134,ES1 3 bat,0.0
mean,2030,42,135,ES1 3 bat,0.0
mean,2030,42,136,ES1 3 bat,0.0
mean,2030,42,137,ES1 3 bat,0.0
mean,2030,42,138,ES1 3 bat,0.0
mean,2030,42,139,ES1 3 bat,0.0
mean,2030,42,140,ES1 3 bat,0.0
mean,2030,42,141,ES1 3 bat,0.0
mean,2030,42,142,ES1 3 bat,0.0
mean,2030,42,143,ES1 3 bat,0.0
mean,2030,42,144,ES1 3 bat,0.0
mean,2030,42,145,ES1 3 bat,0.0
mean,2030,42,146,ES1 3 bat,0.0
mean,2030,42,147,ES1 3 bat,0.0
mean,2030,42,148,ES1 3 bat,0.0
mean,2030,42,149,ES1 3 bat,0.0
mean,2030,42,150,ES1 3 bat,0.0
mean,2030,42,151,ES1 3 bat,0.0
mean,2030,42,152,ES1 3 bat,0.0
mean,2030,42,153,ES1 3 bat,0.0
mean,2030,42,154,ES1 3 bat,0.0
mean,2030,42,155,ES1 3 bat,0.0
mean,2030,42,156,ES1 3 bat,0.0
mean,2030,42,157,ES1 3 bat,0.0
mean,2030,42,158,ES1 3 bat,-0.0035031358098354887
mean,2030,42,159,ES1 3 bat,-0.003910951207857238
mean,2030,42,160,ES1 3 bat,0.0
mean,2030,42,161,ES1 3 bat,0.0
mean,2030,42,162,ES1 3 bat,0.0
mean,2030,42,163,ES1 3 bat,0.0
mean,2030,42,164,ES1 3 bat,0.0
mean,2030,42,165,ES1 3 bat,0.0
mean,2030,42,166,ES1 3 bat,0.0
mean,2030,42,167,ES1 3 bat,0.0
mean,2030,52,0,ES1 3 bat,-59.928023286572625
mean,2030,52,1,ES1 3 bat,0.0
mean,2030,52,2,ES1 3 bat,0.0
mean,2030,52,3,ES1 3 bat,0.0
mean,2030,52,4,ES1 3 bat,0.0
mean,2030,52,5,ES1 3 bat,0.0
mean,2030,52,6,ES1 3 bat,0.0
mean,2030,52,7,ES1 3 bat,0.0
mean,2030,52,8,ES1 3 bat,0.0
mean,2030,52,9,ES1 3 bat,0.0
mean,2030,52,10,ES1 3 bat,0.0
mean,2030,52,11,ES1 3 bat,0.0
mean,2030,52,12,ES1 3 bat,0.0
mean,2030,52,13,ES1 3 bat,0.0
mean,2030,52,14,ES1 3 bat,0.0
mean,2030,52,15,ES1 3 bat,0.0
mean,2030,52,16,ES1 3 bat,0.0
mean,2030,52,17,ES1 3 bat,0.0
mean,2030,52,18,ES1 3 bat,0.0
mean,2030,52,19,ES1 3 bat,0.0
mean,2030,52,20,ES1 3 bat,0.0
mean,2030,52,21,ES1 3 bat,0.0
mean,2030,52,22,ES1 3 bat,0.0
mean,2030,52,23,ES1 3 bat,0.0
mean,2030,52,24,ES1 3 bat,0.0
mean,2030,52,25,ES1 3 bat,0.0
mean,2030,52,26,ES1 3 bat,0.0
mean,2030,52,27,ES1 3 bat,0.0
mean,2030,52,28,ES1 3 bat,0.0
mean,2030,52,29,ES1 3 bat,0.0
mean,2030,52,30,ES1 3 bat,0.0
mean,2030,52,31,ES1 3 bat,0.0
mean,2030,52,32,ES1 3 bat,0.0
mean,2030,52,33,ES1 3 bat,0.0
mean,2030,52,34,ES1 3 bat,0.0
mean,2030,52,35,ES1 3 bat,0.0
mean,2030,52,36,ES1 3 bat,0.0
mean,2030,52,37,ES1 3 bat,0.0
mean,2030,52,38,ES1 3 bat,0.0
mean,2030,52,39,ES1 3 bat,0.0
mean,2030,52,40,ES1 3 bat,0.0
mean,2030,52,41,ES1 3 bat,0.0
mean,2030,52,42,ES1 3 bat,0.0
mean,2030,52,43,ES1 3 bat,0.0
mean,2030,52,44,ES1 3 bat,0.0
mean,2030,52,45,ES1 3 bat,0.0
mean,2030,52,46,ES1 3 bat,0.0
mean,2030,52,47,ES1 3 bat,0.0
mean,2030,52,48,ES1 3 bat,0.0
mean,2030,52,49,ES1 3 bat,0.0
mean,2030,52,50,ES1 3 bat,0.0
mean,2030,52,51,ES1 3 bat,0.0
mean,2030,52,52,ES1 3 bat,0.0
mean,2030,52,53,ES1 3 bat,0.0
mean,2030,52,54,ES1 3 bat,0.0
mean,2030,52,55,ES1 3 bat,0.0
mean,2030,52,56,ES1 3 bat,0.0
mean,2030,52,57,ES1 3 bat,0.0
mean,2030,52,58,ES1 3 bat,0.0
mean,2030,52,59,ES1 3 bat,0.0
mean,2030,52,60,ES1 3 bat,0.0
mean,2030,52,61,ES1 3 bat,0.0
mean,2030,52,62,ES1 3 bat,0.0
mean,2030,52,63,ES1 3 bat,0.0
mean,2030,52,64,ES1 3 bat,0.0
mean,2030,52,65,ES1 3 bat,0.0
mean,2030,52,66,ES1 3 bat,0.0
mean,2030,52,67,ES1 3 bat,0.0
mean,2030,52,68,ES1 3 bat,0.0
mean,2030,52,69,ES1 3 bat,0.0
mean,2030,52,70,ES1 3 bat,0.0
mean,2030,52,71,ES1 3 bat,0.0
mean,2030,52,72,ES1 3 bat,0.0
mean,2030,52,73,ES1 3 bat,0.0
mean,2030,52,74,ES1 3 bat,0.0
mean,2030,52,75,ES1 3 bat,0.0
mean,2030,52,76,ES1 3 bat,0.0
mean,2030,52,77,ES1 3 bat,0.0
mean,2030,52,78,ES1 3 bat,0.0
mean,2030,52,79,ES1 3 bat,0.0
mean,2030,52,80,ES1 3 bat,0.0
mean,2030,52,81,ES1 3 bat,0.0
mean,2030,52,82,ES1 3 bat,0.0
mean,2030,52,83,ES1 3 bat,0.0
mean,2030,52,84,ES1 3 bat,0.0
mean,2030,52,85,ES1 3 bat,0.0
mean,2030,52,86,ES1 3 bat,0.0
mean,2030,52,87,ES1 3 bat,0.0
mean,2030,52,88,ES1 3 bat,-6.016373886641445e-07
mean,2030,52,89,ES1 3 bat,0.0
mean,2030,52,90,ES1 3 bat,0.0
mean,2030,52,91,ES1 3 bat,0.0
mean,2030,52,92,ES1 3 bat,0.0
mean,2030,52,93,ES1 3 bat,0.0
mean,2030,52,94,ES1 3 bat,0.0
mean,2030,52,95,ES1 3 bat,0.0
mean,2030,52,96,ES1 3 bat,0.0
mean,2030,52,97,ES1 3 bat,0.0
mean,2030,52,98,ES1 3 bat,0.0
mean,2030,52,99,ES1 3 bat,0.0
mean,2030,52,100,ES1 3 bat,0.0
mean,2030,52,101,ES1 3 bat,0.0
mean,2030,52,102,ES1 3 bat,0.0
mean,2030,52,103,ES1 3 bat,0.0
mean,2030,52,104,ES1 3 bat,0.0
mean,2030,52,105,ES1 3 bat,0.0
mean,2030,52,106,ES1 3 bat,0.0
mean,2030,52,107,ES1 3 bat,0.0
mean,2030,52,108,ES1 3 bat,0.0
mean,2030,52,109,ES1 3 bat,0.0
mean,2030,52,110,ES1 3 bat,0.0
mean,2030,52,111,ES1 3 bat,0.0
mean,2030,52,112,ES1 3 bat,0.0
mean,2030,52,113,ES1 3 bat,0.0
mean,2030,52,114,ES1 3 bat,0.0
mean,2030,52,115,ES1 3 bat,0.0
mean,2030,52,116,ES1 3 bat,0.0
mean,2030,52,117,ES1 3 bat,0.0
mean,2030,52,118,ES1 3 bat,0.0
mean,2030,52,119,ES1 3 bat,0.0
mean,2030,52,120,ES1 3 bat,0.0
mean,2030,52,121,ES1 3 bat,0.0
mean,2030,52,122,ES1 3 bat,0.0
mean,2030,52,123,ES1 3 bat,0.0
mean,2030,52,124,ES1 3 bat,0.0
mean,2030,52,125,ES1 3 bat,0.0
mean,2030,52,126,ES1 3 bat,0.0
mean,2030,52,127,ES1 3 bat,0.0
mean,2030,52,128,ES1 3 bat,0.0
mean,2030,52,129,ES1 3 bat,0.0
mean,2030,52,130,ES1 3 bat,0.0
mean,2030,52,131,ES1 3 bat,0.0
mean,2030,52,132,ES1 3 bat,0.0
mean,2030,52,133,ES1 3 bat,0.0
mean,2030,52,134,ES1 3 bat,0.0
mean,2030,52,135,ES1 3 bat,0.0
mean,2030,52,136,ES1 3 bat,0.0
mean,2030,52,137,ES1 3 bat,0.0
mean,2030,52,138,ES1 3 bat,0.0
mean,2030,52,139,ES1 3 bat,-9.052304628219257e-05
mean,2030,52,140,ES1 3 bat,-0.0001089161907978524
mean,2030,52,141,ES1 3 bat,-0.00010831337345756934
mean,2030,52,142,ES1 3 bat,-0.00010771053098680412
mean,2030,52,143,ES1 3 bat,-8.811172665800303e-05
mean,2030,52,144,ES1 3 bat,0.0
mean,2030,52,145,ES1 3 bat,0.0
mean,2030,52,146,ES1 3 bat,0.0
mean,2030,52,147,ES1 3 bat,0.0
mean,2030,52,148,ES1 3 bat,0.0
mean,2030,52,149,ES1 3 bat,0.0
mean,2030,52,150,ES1 3 bat,0.0
mean,2030,52,151,ES1 3 bat,0.0
mean,2030,52,152,ES1 3 bat,0.0
mean,2030,52,153,ES1 3 bat,0.0
mean,2030,52,154,ES1 3 bat,0.0
mean,2030,52,155,ES1 3 bat,0.0
mean,2030,52,156,ES1 3 bat,0.0
mean,2030,52,157,ES1 3 bat,0.0
mean,2030,52,158,ES1 3 bat,0.0
mean,2030,52,159,ES1 3 bat,-0.003849194410187454
mean,2030,52,160,ES1 3 bat,-0.004024492439858145
mean,2030,52,161,ES1 3 bat,0.0
mean,2030,52,162,ES1 3 bat,0.0
mean,2030,52,163,ES1 3 bat,0.0
mean,2030,52,164,ES1 3 bat,0.0
mean,2030,52,165,ES1 3 bat,0.0
mean,2030,52,166,ES1 3 bat,0.0
mean,2030,52,167,ES1 3 bat,0.0
mean,2040,11,0,ES1 3 bat,-0.014392754769572155
mean,2040,11,1,ES1 3 bat,0.0
mean,2040,11,2,ES1 3 bat,0.0
mean,2040,11,3,ES1 3 bat,0.0
mean,2040,11,4,ES1 3 bat,0.0
mean,2040,11,5,ES1 3 bat,0.0
mean,2040,11,6,ES1 3 bat,0.0
mean,2040,11,7,ES1 3 bat,0.0
mean,2040,11,8,ES1 3 bat,0.0
mean,2040,11,9,ES1 3 bat,0.0
mean,2040,11,10,ES1 3 bat,0.0
mean,2040,11,11,ES1 3 bat,0.0
mean,2040,11,12,ES1 3 bat,0.0
mean,2040,11,13,ES1 3 bat,0.0
mean,2040,11,14,ES1 3 bat,0.0
mean,2040,11,15,ES1 3 bat,0.0
mean,2040,11,16,ES1 3 bat,0.0
mean,2040,11,17,ES1 3 bat,0.0
mean,2040,11,18,ES1 3 bat,0.0
mean,2040,11,19,ES1 3 bat,0.0
mean,2040,11,20,ES1 3 bat,0.0
mean,2040,11,21,ES1 3 bat,0.0
mean,2040,11,22,ES1 3 bat,0.0
mean,2040,11,23,ES1 3 bat,0.0
mean,2040,11,24,ES1 3 bat,0.0
mean,2040,11,25,ES1 3 bat,0.0
mean,2040,11,26,ES1 3 bat,0.0
mean,2040,11,27,ES1 3 bat,0.0
mean,2040,11,28,ES1 3 bat,0.0
mean,2040,11,29,ES1 3 bat,0.0
mean,2040,11,30,ES1 3 bat,-0.00013032453416642257
mean,2040,11,31,ES1 3 bat,-59.89251229857765
mean,2040,11,32,ES1 3 bat,0.0
mean,2040,11,33,ES1 3 bat,0.0
mean,2040,11,34,ES1 3 bat,0.0
mean,2040,11,35,ES1 3 bat,0.0
mean,2040,11,36,ES1 3 bat,0.0
mean,2040,11,37,ES1 3 bat,0.0
mean,2040,11,38,ES1 3 bat,0.0
mean,2040,11,39,ES1 3 bat,0.0
mean,2040,11,40,ES1 3 bat,0.0
mean,2040,11,41,ES1 3 bat,0.0
mean,2040,11,42,ES1 3 bat,0.0
mean,2040,11,43,ES1 3 bat,0.0
mean,2040,11,44,ES1 3 bat,0.0
mean,2040,11,45,ES1 3 bat,0.0
mean,2040,11,46,ES1 3 bat,0.0
mean,2040,11,47,ES1 3 bat,0.0
mean,2040,11,48,ES1 3 bat,0.0
mean,2040,11,49,ES1 3 bat,0.0
mean,2040,11,50,ES1 3 bat,0.0
mean,2040,11,51,ES1 3 bat,0.0
mean,2040,11,52,ES1 3 bat,0.0
mean,2040,11,53,ES1 3 bat,0.0
mean,2040,11,54,ES1 3 bat,0.0
mean,2040,11,55,ES1 3 bat,0.0
mean,2040,11,56,ES1 3 bat,0.0
mean,2040,11,57,ES1 3 bat,0.0
mean,2040,11,58,ES1 3 bat,0.0
mean,2040,11,59,ES1 3 bat,0.0
mean,2040,11,60,ES1 3 bat,0.0
mean,2040,11,61,ES1 3 bat,0.0
mean,2040,11,62,ES1 3 bat,0.0
mean,2040,11,63,ES1 3 bat,0.0
mean,2040,11,64,ES1 3 bat,0.0
mean,2040,11,65,ES1 3 bat,0.0
mean,2040,11,66,ES1 3 bat,0.0
mean,2040,11,67,ES1 3 bat,0.0
mean,2040,11,68,ES1 3 bat,0.0
mean,2040,11,69,ES1 3 bat,0.0
mean,2040,11,70,ES1 3 bat,0.0
mean,2040,11,71,ES1 3 bat,0.0
mean,2040,11,72,ES1 3 bat,0.0
mean,2040,11,73,ES1 3 bat,0.0
mean,2040,11,74,ES1 3 bat,0.0
mean,2040,11,75,ES1 3 bat,0.0
mean,2040,11,76,ES1 3 bat,0.0
mean,2040,11,77,ES1 3 bat,0.0
mean,2040,11,78,ES1 3 bat,0.0
mean,2040,11,79,ES1 3 bat,0.0
mean,2040,11,80,ES1 3 bat,0.0
mean,2040,11,81,ES1 3 bat,0.0
mean,2040,11,82,ES1 3 bat,0.0
mean,2040,11,83,ES1 3 bat,0.0
mean,2040,11,84,ES1 3 bat,0.0
mean,2040,11,85,ES1 3 bat,0.0
mean,2040,11,86,ES1 3 bat,0.0
mean,2040,11,87,ES1 3 bat,0.0
mean,2040,11,88,ES1 3 bat,0.0
mean,2040,11,89,ES1 3 bat,-0.00016721617431141096
mean,2040,11,90,ES1 3 bat,0.0
mean,2040,11,91,ES1 3 bat,0.0
mean,2040,11,92,ES1 3 bat,0.0
mean,2040,11,93,ES1 3 bat,0.0
mean,2040,11,94,ES1 3 bat,0.0
mean,2040,11,95,ES1 3 bat,0.0
mean,2040,11,96,ES1 3 bat,0.0
mean,2040,11,97,ES1 3 bat,0.0
mean,2040,11,98,ES1 3 bat,0.0
mean,2040,11,99,ES1 3 bat,0.0
mean,2040,11,100,ES1 3 bat,0.0
mean,2040,11,101,ES1 3 bat,0.0
mean,2040,11,102,ES1 3 bat,0.0
mean,2040,11,103,ES1 3 bat,0.0
mean,2040,11,104,ES1 3 bat,0.0
mean,2040,11,105,ES1 3 bat,0.0
mean,2040,11,106,ES1 3 bat,0.0
mean,2040,11,107,ES1 3 bat,0.0
mean,2040,11,108,ES1 3 bat,0.0
mean,2040,11,109,ES1 3 bat,0.0
mean,2040,11,110,ES1 3 bat,0.0
mean,2040,11,111,ES1 3 bat,-0.0038717672841698417
mean,2040,11,112,ES1 3 bat,0.0
mean,2040,11,113,ES1 3 bat,0.0
mean,2040,11,114,ES1 3 bat,0.0
mean,2040,11,115,ES1 3 bat,0.0
mean,2040,11,116,ES1 3 bat,0.0
mean,2040,11,117,ES1 3 bat,0.0
mean,2040,11,118,ES1 3 bat,0.0
mean,2040,11,119,ES1 3 bat,0.0
mean,2040,11,120,ES1 3 bat,0.0
mean,2040,11,121,ES1 3 bat,0.0
mean,2040,11,122,ES1 3 bat,0.0
mean,2040,11,123,ES1 3 bat,0.0
mean,2040,11,124,ES1 3 bat,0.0
mean,2040,11,125,ES1 3 bat,0.0
mean,2040,11,126,ES1 3 bat,0.0
mean,2040,11,127,ES1 3 bat,0.0
mean,2040,11,128,ES1 3 bat,0.0
mean,2040,11,129,ES1 3 bat,0.0
mean,2040,11,130,ES1 3 bat,0.0
mean,2040,11,131,ES1 3 bat,0.0
mean,2040,11,132,ES1 3 bat,0.0
mean,2040,11,133,ES1 3 bat,0.0
mean,2040,11,134,ES1 3 bat,0.0
mean,2040,11,135,ES1 3 bat,0.0
mean,2040,11,136,ES1 3 bat,0.0
mean,2040,11,137,ES1 3 bat,0.0
mean,2040,11,138,ES1 3 bat,0.0
mean,2040,11,139,ES1 3 bat,0.0
mean,2040,11,140,ES1 3 bat,0.0
mean,2040,11,141,ES1 3 bat,0.0
mean,2040,11,142,ES1 3 bat,0.0
mean,2040,11,143,ES1 3 bat,0.0
mean,2040,11,144,ES1 3 bat,0.0
mean,2040,11,145,ES1 3 bat,0.0
mean,2040,11,146,ES1 3 bat,0.0
mean,2040,11,147,ES1 3 bat,0.0
mean,2040,11,148,ES1 3 bat,0.0
mean,2040,11,149,ES1 3 bat,0.0
mean,2040,11,150,ES1 3 bat,0.0
mean,2040,11,151,ES1 3 bat,0.0
mean,2040,11,152,ES1 3 bat,0.0
mean,2040,11,153,ES1 3 bat,0.0
mean,2040,11,154,ES1 3 bat,0.0
mean,2040,11,155,ES1 3 bat,0.0
mean,2040,11,156,ES1 3 bat,0.0
mean,2040,11,157,ES1 3 bat,0.0
mean,2040,11,158,ES1 3 bat,0.0
mean,2040,11,159,ES1 3 bat,0.0
mean,2040,11,160,ES1 3 bat,0.0
mean,2040,11,161,ES1 3 bat,0.0
mean,2040,11,162,ES1 3 bat,0.0
mean,2040,11,163,ES1 3 bat,0.0
mean,2040,11,164,ES1 3 bat,0.0
mean,2040,11,165,ES1 3 bat,0.0
mean,2040,11,166,ES1 3 bat,0.0
mean,2040,11,167,ES1 3 bat,0.0
mean,2040,21,0,ES1 3 bat,-62.03971152448163
mean,2040,21,1,ES1 3 bat,0.0
mean,2040,21,2,ES1 3 bat,0.0
mean,2040,21,3,ES1 3 bat,0.0
mean,2040,21,4,ES1 3 bat,0.0
mean,2040,21,5,ES1 3 bat,0.0
mean,2040,21,6,ES1 3 bat,0.0
mean,2040,21,7,ES1 3 bat,0.0
mean,2040,21,8,ES1 3 bat,0.0
mean,2040,21,9,ES1 3 bat,0.0
mean,2040,21,10,ES1 3 bat,0.0
mean,2040,21,11,ES1 3 bat,0.0
mean,2040,21,12,ES1 3 bat,0.0
mean,2040,21,13,ES1 3 bat,0.0
mean,2040,21,14,ES1 3 bat,0.0
mean,2040,21,15,ES1 3 bat,0.0
mean,2040,21,16,ES1 3 bat,0.0
mean,2040,21,17,ES1 3 bat,0.0
mean,2040,21,18,ES1 3 bat,0.0
mean,2040,21,19,ES1 3 bat,0.0
mean,2040,21,20,ES1 3 bat,0.0
mean,2040,21,21,ES1 3 bat,0.0
mean,2040,21,22,ES1 3 bat,0.0
mean,2040,21,23,ES1 3 bat,0.0
mean,2040,21,24,ES1 3 bat,0.0
mean,2040,21,25,ES1 3 bat,0.0
mean,2040,21,26,ES1 3 bat,0.0
mean,2040,21,27,ES1 3 bat,0.0
mean,2040,21,28,ES1 3 bat,0.0
mean,2040,21,29,ES1 3 bat,0.0
mean,2040,21,30,ES1 3 bat,-0.691650915682477
mean,2040,21,31,ES1 3 bat,0.0
mean,2040,21,32,ES1 3 bat,0.0
mean,2040,21,33,ES1 3 bat,0.0
mean,2040,21,34,ES1 3 bat,0.0
mean,2040,21,35,ES1 3 bat,0.0
mean,2040,21,36,ES1 3 bat,0.0
mean,2040,21,37,ES1 3 bat,0.0
mean,2040,21,38,ES1 3 bat,0.0
mean,2040,21,39,ES1 3 bat,0.0
mean,2040,21,40,ES1 3 bat,0.0
mean,2040,21,41,ES1 3 bat,0.0
mean,2040,21,42,ES1 3 bat,0.0
mean,2040,21,43,ES1 3 bat,0.0
mean,2040,21,44,ES1 3 bat,0.0
mean,2040,21,45,ES1 3 bat,0.0
mean,2040,21,46,ES1 3 bat,0.0
mean,2040,21,47,ES1 3 bat,0.0
mean,2040,21,48,ES1 3 bat,0.0
mean,2040,21,49,ES1 3 bat,0.0
mean,2040,21,50,ES1 3 bat,0.0
mean,2040,21,51,ES1 3 bat,0.0
mean,2040,21,52,ES1 3 bat,0.0
mean,2040,21,53,ES1 3 bat,0.0
mean,2040,21,54,ES1 3 bat,0.0
mean,2040,21,55,ES1 3 bat,0.0
mean,2040,21,56,ES1 3 bat,0.0
mean,2040,21,57,ES1 3 bat,0.0
mean,2040,21,58,ES1 3 bat,0.0
mean,2040,21,59,ES1 3 bat,0.0
mean,2040,21,60,ES1 3 bat,0.0
mean,2040,21,61,ES1 3 bat,0.0
mean,2040,21,62,ES1 3 bat,0.0
mean,2040,21,63,ES1 3 bat,0.0
mean,2040,21,64,ES1 3 bat,0.0
mean,2040,21,65,ES1 3 bat,0.0
mean,2040,21,66,ES1 3 bat,0.0
mean,2040,21,67,ES1 3 bat,0.0
mean,2040,21,68,ES1 3 bat,0.0
mean,2040,21,69,ES1 3 bat,0.0
mean,2040,21,70,ES1 3 bat,0.0
mean,2040,21,71,ES1 3 bat,0.0
mean,2040,21,72,ES1 3 bat,0.0
mean,2040,21,73,ES1 3 bat,0.0
mean,2040,21,74,ES1 3 bat,0.0
mean,2040,21,75,ES1 3 bat,0.0
mean,2040,21,76,ES1 3 bat,0.0
mean,2040,21,77,ES1 3 bat,0.0
mean,2040,21,78,ES1 3 bat,0.0
mean,2040,21,79,ES1 3 bat,0.0
mean,2040,21,80,ES1 3 bat,0.0
mean,2040,21,81,ES1 3 bat,0.0
mean,2040,21,82,ES1 3 bat,0.0
mean,2040,21,83,ES1 3 bat,0.0
mean,2040,21,84,ES1 3 bat,0.0
mean,2040,21,85,ES1 3 bat,0.0
mean,2040,21,86,ES1 3 bat,0.0
mean,2040,21,87,ES1 3 bat,0.0
mean,2040,21,88,ES1 3 bat,0.0
mean,2040,21,89,ES1 3 bat,0.0
mean,2040,21,90,ES1 3 bat,0.0
mean,2040,21,91,ES1 3 bat,0.0
mean,2040,21,92,ES1 3 bat,0.0
mean,2040,21,93,ES1 3 bat,0.0
mean,2040,21,94,ES1 3 bat,-0.0012148540493454208
mean,2040,21,95,ES1 3 bat,0.0
mean,2040,21,96,ES1 3 bat,0.0
mean,2040,21,97,ES1 3 bat,0.0
mean,2040,21,98,ES1 3 bat,-0.0001715052866662739
mean,2040,21,99,ES1 3 bat,0.0
mean,2040,21,100,ES1 3 bat,0.0
mean,2040,21,101,ES1 3 bat,0.0
mean,2040,21,102,ES1 3 bat,0.0
mean,2040,21,103,ES1 3 bat,0.0
mean,2040,21,104,ES1 3 bat,0.0
mean,2040,21,105,ES1 3 bat,0.0
mean,2040,21,106,ES1 3 bat,0.0
mean,2040,21,107,ES1 3 bat,0.0
mean,2040,21,108,ES1 3 bat,0.0
mean,2040,21,109,ES1 3 bat,0.0
mean,2040,21,110,ES1 3 bat,0.0
mean,2040,21,111,ES1 3 bat,0.0
mean,2040,21,112,ES1 3 bat,-0.00017513756298041412
mean,2040,21,113,ES1 3 bat,-0.0001745432017122354
mean,2040,21,114,ES1 3 bat,-0.00031056745617895115
mean,2040,21,115,ES1 3 bat,0.0
mean,2040,21,116,ES1 3 bat,0.0
mean,2040,21,117,ES1 3 bat,0.0
mean,2040,21,118,ES1 3 bat,0.0
mean,2040,21,119,ES1 3 bat,0.0
mean,2040,21,120,ES1 3 bat,0.0
mean,2040,21,121,ES1 3 bat,0.0
mean,2040,21,122,ES1 3 bat,0.0
mean,2040,21,123,ES1 3 bat,0.0
mean,2040,21,124,ES1 3 bat,0.0
mean,2040,21,125,ES1 3 bat,0.0
mean,2040,21,126,ES1 3 bat,0.0
mean,2040,21,127,ES1 3 bat,0.0
mean,2040,21,128,ES1 3 bat,0.0
mean,2040,21,129,ES1 3 bat,0.0
mean,2040,21,130,ES1 3 bat,0.0
mean,2040,21,131,ES1 3 bat,0.0
mean,2040,21,132,ES1 3 bat,0.0
mean,2040,21,133,ES1 3 bat,0.0
mean,2040,21,134,ES1 3 bat,0.0
mean,2040,21,135,ES1 3 bat,0.0
mean,2040,21,136,ES1 3 bat,-0.003955815119015196
mean,2040,21,137,ES1 3 bat,-0.003995002546521003
mean,2040,21,138,ES1 3 bat,0.0
mean,2040,21,139,ES1 3 bat,0.0
mean,2040,21,140,ES1 3 bat,0.0
mean,2040,21,141,ES1 3 bat,0.0
mean,2040,21,142,ES1 3 bat,0.0
mean,2040,21,143,ES1 3 bat,0.0
mean,2040,21,144,ES1 3 bat,0.0
mean,2040,21,145,ES1 3 bat,0.0
mean,2040,21,146,ES1 3 bat,0.0
mean,2040,21,147,ES1 3 bat,0.0
mean,2040,21,148,ES1 3 bat,0.0
mean,2040,21,149,ES1 3 bat,0.0
mean,2040,21,150,ES1 3 bat,0.0
mean,2040,21,151,ES1 3 bat,0.0
mean,2040,21,152,ES1 3 bat,0.0
mean,2040,21,153,ES1 3 bat,0.0
mean,2040,21,154,ES1 3 bat,0.0
mean,2040,21,155,ES1 3 bat,0.0
mean,2040,21,156,ES1 3 bat,0.0
mean,2040,21,157,ES1 3 bat,0.0
mean,2040,21,158,ES1 3 bat,0.0
mean,2040,21,159,ES1 3 bat,-0.003625834031998443
mean,2040,21,160,ES1 3 bat,-0.003910951207857238
mean,2040,21,161,ES1 3 bat,-0.003910512586618488
mean,2040,21,162,ES1 3 bat,0.0
mean,2040,21,163,ES1 3 bat,0.0
mean,2040,21,164,ES1 3 bat,0.0
mean,2040,21,165,ES1 3 bat,0.0
mean,2040,21,166,ES1 3 bat,0.0
mean,2040,21,167,ES1 3 bat,0.0
mean,2040,42,0,ES1 3 bat,-62.32546376862502
mean,2040,42,1,ES1 3 bat,0.0
mean,2040,42,2,ES1 3 bat,0.0
mean,2040,42,3,ES1 3 bat,0.0
mean,2040,42,4,ES1 3 bat,0.0
mean,2040,42,5,ES1 3 bat,0.0
mean,2040,42,6,ES1 3 bat,0.0
mean,2040,42,7,ES1 3 bat,0.0
mean,2040,42,8,ES1 3 bat,0.0
mean,2040,42,9,ES1 3 bat,0.0
mean,2040,42,10,ES1 3 bat,0.0
mean,2040,42,11,ES1 3 bat,0.0
mean,2040,42,12,ES1 3 bat,0.0
mean,2040,42,13,ES1 3 bat,0.0
mean,2040,42,14,ES1 3 bat,0.0
mean,2040,42,15,ES1 3 bat,0.0
mean,2040,42,16,ES1 3 bat,0.0
mean,2040,42,17,ES1 3 bat,0.0
mean,2040,42,18,ES1 3 bat,0.0
mean,2040,42,19,ES1 3 bat,0.0
mean,2040,42,20,ES1 3 bat,0.0
mean,2040,42,21,ES1 3 bat,0.0
mean,2040,42,22,ES1 3 bat,0.0
mean,2040,42,23,ES1 3 bat,0.0
mean,2040,42,24,ES1 3 bat,0.0
mean,2040,42,25,ES1 3 bat,0.0
mean,2040,42,26,ES1 3 bat,0.0
mean,2040,42,27,ES1 3 bat,0.0
mean,2040,42,28,ES1 3 bat,0.0
mean,2040,42,29,ES1 3 bat,0.0
mean,2040,42,30,ES1 3 bat,0.0
mean,2040,42,31,ES1 3 bat,0.0
mean,2040,42,32,ES1 3 bat,0.0
mean,2040,42,33,ES1 3 bat,0.0
mean,2040,42,34,ES1 3 bat,0.0
mean,2040,42,35,ES1 3 bat,0.0
mean,2040,42,36,ES1 3 bat,0.0
mean,2040,42,37,ES1 3 bat,0.0
mean,2040,42,38,ES1 3 bat,0.0
mean,2040,42,39,ES1 3 bat,0.0
mean,2040,42,40,ES1 3 bat,0.0
mean,2040,42,41,ES1 3 bat,0.0
mean,2040,42,42,ES1 3 bat,0.0
mean,2040,42,43,ES1 3 bat,0.0
mean,2040,42,44,ES1 3 bat,0.0
mean,2040,42,45,ES1 3 bat,0.0
mean,2040,42,46,ES1 3 bat,0.0
mean,2040,42,47,ES1 3 bat,0.0
mean,2040,42,48,ES1 3 bat,0.0
mean,2040,42,49,ES1 3 bat,0.0
mean,2040,42,50,ES1 3 bat,0.0
mean,2040,42,51,ES1 3 bat,0.0
mean,2040,42,52,ES1 3 bat,0.0
mean,2040,42,53,ES1 3 bat,0.0
mean,2040,42,54,ES1 3 bat,0.0
mean,2040,42,55,ES1 3 bat,0.0
mean,2040,42,56,ES1 3 bat,0.0
mean,2040,42,57,ES1 3 bat,0.0
mean,2040,42,58,ES1 3 bat,0.0
mean,2040,42,59,ES1 3 bat,0.0
mean,2040,42,60,ES1 3 bat,0.0
mean,2040,42,61,ES1 3 bat,0.0
mean,2040,42,62,ES1 3 bat,0.0
mean,2040,42,63,ES1 3 bat,0.0
mean,2040,42,64,ES1 3 bat,0.0
mean,2040,42,65,ES1 3 bat,8.721182071795201e-15
mean,2040,42,66,ES1 3 bat,0.0
mean,2040,42,67,ES1 3 bat,0.0
mean,2040,42,68,ES1 3 bat,0.0
mean,2040,42,69,ES1 3 bat,0.0
mean,2040,42,70,ES1 3 bat,0.0
mean,2040,42,71,ES1 3 bat,0.0
mean,2040,42,72,ES1 3 bat,0.0
mean,2040,42,73,ES1 3 bat,0.0
mean,2040,42,74,ES1 3 bat,0.0
mean,2040,42,75,ES1 3 bat,0.0
mean,2040,42,76,ES1 3 bat,0.0
mean,2040,42,77,ES1 3 bat,0.0
mean,2040,42,78,ES1 3 bat,0.0
mean,2040,42,79,ES1 3 bat,0.0
mean,2040,42,80,ES1 3 bat,0.0
mean,2040,42,81,ES1 3 bat,0.0
mean,2040,42,82,ES1 3 bat,0.0
mean,2040,42,83,ES1 3 bat,0.0
mean,2040,42,84,ES1 3 bat,0.0
mean,2040,42,85,ES1 3 bat,0.0
mean,2040,42,86,ES1 3 bat,0.0
mean,2040,42,87,ES1 3 bat,0.0
mean,2040,42,88,ES1 3 bat,0.0
mean,2040,42,89,ES1 3 bat,0.0
mean,2040,42,90,ES1 3 bat,-342.38651146566485
mean,2040,42,91,ES1 3 bat,0.0
mean,2040,42,92,ES1 3 bat,0.0
mean,2040,42,93,ES1 3 bat,0.0
mean,2040,42,94,ES1 3 bat,0.0
mean,2040,42,95,ES1 3 bat,0.0
mean,2040,42,96,ES1 3 bat,0.0
mean,2040,42,97,ES1 3 bat,0.0
mean,2040,42,98,ES1 3 bat,0.0
mean,2040,42,99,ES1 3 bat,0.0
mean,2040,42,100,ES1 3 bat,0.0
mean,2040,42,101,ES1 3 bat,0.0
mean,2040,42,102,ES1 3 bat,0.0
mean,2040,42,103,ES1 3 bat,0.0
mean,2040,42,104,ES1 3 bat,0.0
mean,2040,42,105,ES1 3 bat,0.0
mean,2040,42,106,ES1 3 bat,0.0
mean,2040,42,107,ES1 3 bat,0.0
mean,2040,42,108,ES1 3 bat,0.0
mean,2040,42,109,ES1 3 bat,0.0
mean,2040,42,110,ES1 3 bat,0.0
mean,2040,42,111,ES1 3 bat,0.0
mean,2040,42,112,ES1 3 bat,0.0
mean,2040,42,113,ES1 3 bat,0.0
mean,2040,42,114,ES1 3 bat,0.0
mean,2040,42,115,ES1 3 bat,0.0
mean,2040,42,116,ES1 3 bat,0.0
mean,2040,42,117,ES1 3 bat,0.0
mean,2040,42,118,ES1 3 bat,0.0
mean,2040,42,119,ES1 3 bat,0.0
mean,2040,42,120,ES1 3 bat,0.0
mean,2040,42,121,ES1 3 bat,0.0
mean,2040,42,122,ES1 3 bat,0.0
mean,2040,42,123,ES1 3 bat,0.0
mean,2040,42,124,ES1 3 bat,0.0
mean,2040,42,125,ES1 3 bat,0.0
mean,2040,42,126,ES1 3 bat,0.0
mean,2040,42,127,ES1 3 bat,0.0
mean,2040,42,128,ES1 3 bat,0.0
mean,2040,42,129,ES1 3 bat,0.0
mean,2040,42,130,ES1 3 bat,0.0
mean,2040,42,131,ES1 3 bat,0.0
mean,2040,42,132,ES1 3 bat,0.0
mean,2040,42,133,ES1 3 bat,0.0
mean,2040,42,134,ES1 3 bat,0.0
mean,2040,42,135,ES1 3 bat,0.0
mean,2040,42,136,ES1 3 bat,0.0
mean,2040,42,137,ES1 3 bat,0.0
mean,2040,42,138,ES1 3 bat,0.0
mean,2040,42,139,ES1 3 bat,0.0
mean,2040,42,140,ES1 3 bat,0.0
mean,2040,42,141,ES1 3 bat,0.0
mean,2040,42,142,ES1 3 bat,0.0
mean,2040,42,143,ES1 3 bat,0.0
mean,2040,42,144,ES1 3 bat,0.0
mean,2040,42,145,ES1 3 bat,0.0
mean,2040,42,146,ES1 3 bat,0.0
mean,2040,42,147,ES1 3 bat,0.0
mean,2040,42,148,ES1 3 bat,-0.004945026365697991
mean,2040,42,149,ES1 3 bat,-0.004945232515857329
mean,2040,42,150,ES1 3 bat,-0.002472667796539024
mean,2040,42,151,ES1 3 bat,0.0
mean,2040,42,152,ES1 3 bat,0.0
mean,2040,42,153,ES1 3 bat,0.0
mean,2040,42,154,ES1 3 bat,0.0
mean,2040,42,155,ES1 3 bat,0.0
mean,2040,42,156,ES1 3 bat,0.0
mean,2040,42,157,ES1 3 bat,0.0
mean,2040,42,158,ES1 3 bat,0.0
mean,2040,42,159,ES1 3 bat,0.0
mean,2040,42,160,ES1 3 bat,0.0
mean,2040,42,161,ES1 3 bat,0.0
mean,2040,42,162,ES1 3 bat,0.0
mean,2040,42,163,ES1 3 bat,0.0
mean,2040,42,164,ES1 3 bat,0.0
mean,2040,42,165,ES1 3 bat,0.0
mean,2040,42,166,ES1 3 bat,0.0
mean,2040,42,167,ES1 3 bat,0.0
mean,2040,52,0,ES1 3 bat,-59.74026029696851
mean,2040,52,1,ES1 3 bat,0.0
mean,2040,52,2,ES1 3 bat,0.0
mean,2040,52,3,ES1 3 bat,0.0
mean,2040,52,4,ES1 3 bat,0.0
mean,2040,52,5,ES1 3 bat,0.0
mean,2040,52,6,ES1 3 bat,0.0
mean,2040,52,7,ES1 3 bat,0.0
mean,2040,52,8,ES1 3 bat,0.0
mean,2040,52,9,ES1 3 bat,0.0
mean,2040,52,10,ES1 3 bat,0.0
mean,2040,52,11,ES1 3 bat,0.0
mean,2040,52,12,ES1 3 bat,0.0
mean,2040,52,13,ES1 3 bat,0.0
mean,2040,52,14,ES1 3 bat,0.0
mean,2040,52,15,ES1 3 bat,0.0
mean,2040,52,16,ES1 3 bat,0.0
mean,2040,52,17,ES1 3 bat,0.0
mean,2040,52,18,ES1 3 bat,0.0
mean,2040,52,19,ES1 3 bat,0.0
mean,2040,52,20,ES1 3 bat,0.0
mean,2040,52,21,ES1 3 bat,0.0
mean,2040,52,22,ES1 3 bat,0.0
mean,2040,52,23,ES1 3 bat,0.0
mean,2040,52,24,ES1 3 bat,0.0
mean,2040,52,25,ES1 3 bat,0.0
mean,2040,52,26,ES1 3 bat,0.0
mean,2040,52,27,ES1 3 bat,0.0
mean,2040,52,28,ES1 3 bat,0.0
mean,2040,52,29,ES1 3 bat,0.0
mean,2040,52,30,ES1 3 bat,0.0
mean,2040,52,31,ES1 3 bat,0.0
mean,2040,52,32,ES1 3 bat,0.0
mean,2040,52,33,ES1 3 bat,0.0
mean,2040,52,34,ES1 3 bat,0.0
mean,2040,52,35,ES1 3 bat,0.0
mean,2040,52,36,ES1 3 bat,0.0
mean,2040,52,37,ES1 3 bat,0.0
mean,2040,52,38,ES1 3 bat,0.0
mean,2040,52,39,ES1 3 bat,0.0
mean,2040,52,40,ES1 3 bat,0.0
mean,2040,52,41,ES1 3 bat,0.0
mean,2040,52,42,ES1 3 bat,0.0
mean,2040,52,43,ES1 3 bat,0.0
mean,2040,52,44,ES1 3 bat,0.0
mean,2040,52,45,ES1 3 bat,0.0
mean,2040,52,46,ES1 3 bat,0.0
mean,2040,52,47,ES1 3 bat,0.0
mean,2040,52,48,ES1 3 bat,0.0
mean,2040,52,49,ES1 3 bat,0.0
mean,2040,52,50,ES1 3 bat,0.0
mean,2040,52,51,ES1 3 bat,0.0
mean,2040,52,52,ES1 3 bat,0.0
mean,2040,52,53,ES1 3 bat,0.0
mean,2040,52,54,ES1 3 bat,0.0
mean,2040,52,55,ES1 3 bat,0.0
mean,2040,52,56,ES1 3 bat,0.0
mean,2040,52,57,ES1 3 bat,0.0
mean,2040,52,58,ES1 3 bat,0.0
mean,2040,52,59,ES1 3 bat,0.0
mean,2040,52,60,ES1 3 bat,0.0
mean,2040,52,61,ES1 3 bat,0.0
mean,2040,52,62,ES1 3 bat,0.0
mean,2040,52,63,ES1 3 bat,0.0
mean,2040,52,64,ES1 3 bat,0.0
mean,2040,52,65,ES1 3 bat,0.0
mean,2040,52,66,ES1 3 bat,0.0
mean,2040,52,67,ES1 3 bat,0.0
mean,2040,52,68,ES1 3 bat,0.0
mean,2040,52,69,ES1 3 bat,0.0
mean,2040,52,70,ES1 3 bat,0.0
mean,2040,52,71,ES1 3 bat,0.0
mean,2040,52,72,ES1 3 bat,0.0
mean,2040,52,73,ES1 3 bat,0.0
mean,2040,52,74,ES1 3 bat,0.0
mean,2040,52,75,ES1 3 bat,0.0
mean,2040,52,76,ES1 3 bat,0.0
mean,2040,52,77,ES1 3 bat,0.0
mean,2040,52,78,ES1 3 bat,0.0
mean,2040,52,79,ES1 3 bat,0.0
mean,2040,52,80,ES1 3 bat,0.0
mean,2040,52,81,ES1 3 bat,0.0
mean,2040,52,82,ES1 3 bat,0.0
mean,2040,52,83,ES1 3 bat,0.0
mean,2040,52,84,ES1 3 bat,0.0
mean,2040,52,85,ES1 3 bat,0.0
mean,2040,52,86,ES1 3 bat,0.0
mean,2040,52,87,ES1 3 bat,0.0
mean,2040,52,88,ES1 3 bat,0.0
mean,2040,52,89,ES1 3 bat,0.0
mean,2040,52,90,ES1 3 bat,0.0
mean,2040,52,91,ES1 3 bat,0.0
mean,2040,52,92,ES1 3 bat,0.0
mean,2040,52,93,ES1 3 bat,0.0
mean,2040,52,94,ES1 3 bat,0.0
mean,2040,52,95,ES1 3 bat,0.0
mean,2040,52,96,ES1 3 bat,0.0
mean,2040,52,97,ES1 3 bat,0.0
mean,2040,52,98,ES1 3 bat,0.0
mean,2040,52,99,ES1 3 bat,0.0
mean,2040,52,100,ES1 3 bat,0.0
mean,2040,52,101,ES1 3 bat,0.0
mean,2040,52,102,ES1 3 bat,0.0
mean,2040,52,103,ES1 3 bat,0.0
mean,2040,52,104,ES1 3 bat,0.0
mean,2040,52,105,ES1 3 bat,0.0
mean,2040,52,106,ES1 3 bat,0.0
mean,2040,52,107,ES1 3 bat,0.0
mean,2040,52,108,ES1 3 bat,0.0
mean,2040,52,109,ES1 3 bat,0.0
mean,2040,52,110,ES1 3 bat,0.0
mean,2040,52,111,ES1 3 bat,0.0
mean,2040,52,112,ES1 3 bat,0.0
mean,2040,52,113,ES1 3 bat,0.0
mean,2040,52,114,ES1 3 bat,0.0
mean,2040,52,115,ES1 3 bat,0.0
mean,2040,52,116,ES1 3 bat,0.0
mean,2040,52,117,ES1 3 bat,0.0
mean,2040,52,118,ES1 3 bat,0.0
mean,2040,52,119,ES1 3 bat,0.0
mean,2040,52,120,ES1 3 bat,0.0
mean,2040,52,121,ES1 3 bat,0.0
mean,2040,52,122,ES1 3 bat,0.0
mean,2040,52,123,ES1 3 bat,0.0
mean,2040,52,124,ES1 3 bat,0.0
mean,2040,52,125,ES1 3 bat,0.0
mean,2040,52,126,ES1 3 bat,0.0
mean,2040,52,127,ES1 3 bat,0.0
mean,2040,52,128,ES1 3 bat,0.0
mean,2040,52,129,ES1 3 bat,0.0
mean,2040,52,130,ES1 3 bat,0.0
mean,2040,52,131,ES1 3 bat,0.0
mean,2040,52,132,ES1 3 bat,0.0
mean,2040,52,133,ES1 3 bat,0.0
mean,2040,52,134,ES1 3 bat,0.0
mean,2040,52,135,ES1 3 bat,0.0
mean,2040,52,136,ES1 3 bat,0.0
mean,2040,52,137,ES1 3 bat,0.0
mean,2040,52,138,ES1 3 bat,0.0
mean,2040,52,139,ES1 3 bat,-1.8389370756249225e-05
mean,2040,52,140,ES1 3 bat,0.0
mean,2040,52,141,ES1 3 bat,0.0
mean,2040,52,142,ES1 3 bat,0.0
mean,2040,52,143,ES1 3 bat,0.0
mean,2040,52,144,ES1 3 bat,0.0
mean,2040,52,145,ES1 3 bat,0.0
mean,2040,52,146,ES1 3 bat,0.0
mean,2040,52,147,ES1 3 bat,0.0
mean,2040,52,148,ES1 3 bat,0.0
mean,2040,52,149,ES1 3 bat,0.0
mean,2040,52,150,ES1 3 bat,0.0
mean,2040,52,151,ES1 3 bat,0.0
mean,2040,52,152,ES1 3 bat,0.0
mean,2040,52,153,ES1 3 bat,0.0
mean,2040,52,154,ES1 3 bat,0.0
mean,2040,52,155,ES1 3 bat,0.0
mean,2040,52,156,ES1 3 bat,0.0
mean,2040,52,157,ES1 3 bat,0.0
mean,2040,52,158,ES1 3 bat,0.0
mean,2040,52,159,ES1 3 bat,-0.003956819311285605
mean,2040,52,160,ES1 3 bat,-0.003996006780654566
mean,2040,52,161,ES1 3 bat,0.0
mean,2040,52,162,ES1 3 bat,0.0
mean,2040,52,163,ES1 3 bat,0.0
mean,2040,52,164,ES1 3 bat,0.0
mean,2040,52,165,ES1 3 bat,0.0
mean,2040,52,166,ES1 3 bat,0.0
mean,2040,52,167,ES1 3 bat,0.0
mean,2050,11,0,ES1 3 bat,-0.014297751907439421
mean,2050,11,1,ES1 3 bat,0.0
mean,2050,11,2,ES1 3 bat,0.0
mean,2050,11,3,ES1 3 bat,0.0
mean,2050,11,4,ES1 3 bat,0.0
mean,2050,11,5,ES1 3 bat,0.0
mean,2050,11,6,ES1 3 bat,0.0
mean,2050,11,7,ES1 3 bat,0.0
mean,2050,11,8,ES1 3 bat,0.0
mean,2050,11,9,ES1 3 bat,0.0
mean,2050,11,10,ES1 3 bat,0.0
mean,2050,11,11,ES1 3 bat,0.0
mean,2050,11,12,ES1 3 bat,0.0
mean,2050,11,13,ES1 3 bat,0.0
mean,2050,11,14,ES1 3 bat,0.0
mean,2050,11,15,ES1 3 bat,0.0
mean,2050,11,16,ES1 3 bat,0.0
mean,2050,11,17,ES1 3 bat,0.0
mean,2050,11,18,ES1 3 bat,0.0
mean,2050,11,19,ES1 3 bat,0.0
mean,2050,11,20,ES1 3 bat,0.0
mean,2050,11,21,ES1 3 bat,0.0
mean,2050,11,22,ES1 3 bat,0.0
mean,2050,11,23,ES1 3 bat,0.0
mean,2050,11,24,ES1 3 bat,0.0
mean,2050,11,25,ES1 3 bat,0.0
mean,2050,11,26,ES1 3 bat,0.0
mean,2050,11,27,ES1 3 bat,0.0
mean,2050,11,28,ES1 3 bat,0.0
mean,2050,11,29,ES1 3 bat,0.0
mean,2050,11,30,ES1 3 bat,-0.00013377112897253115
mean,2050,11,31,ES1 3 bat,-0.0001337767056745695
mean,2050,11,32,ES1 3 bat,-0.00013378228260909041
mean,2050,11,33,ES1 3 bat,0.0
mean,2050,11,34,ES1 3 bat,0.0
mean,2050,11,35,ES1 3 bat,0.0
mean,2050,11,36,ES1 3 bat,0.0
mean,2050,11,37,ES1 3 bat,0.0
mean,2050,11,38,ES1 3 bat,0.0
mean,2050,11,39,ES1 3 bat,0.0
mean,2050,11,40,ES1 3 bat,0.0
mean,2050,11,41,ES1 3 bat,0.0
mean,2050,11,42,ES1 3 bat,0.0
mean,2050,11,43,ES1 3 bat,0.0
mean,2050,11,44,ES1 3 bat,0.0
mean,2050,11,45,ES1 3 bat,0.0
mean,2050,11,46,ES1 3 bat,0.0
mean,2050,11,47,ES1 3 bat,0.0
mean,2050,11,48,ES1 3 bat,0.0
mean,2050,11,49,ES1 3 bat,0.0
mean,2050,11,50,ES1 3 bat,0.0
mean,2050,11,51,ES1 3 bat,0.0
mean,2050,11,52,ES1 3 bat,0.0
mean,2050,11,53,ES1 3 bat,0.0
mean,2050,11,54,ES1 3 bat,0.0
mean,2050,11,55,ES1 3 bat,0.0
mean,2050,11,56,ES1 3 bat,0.0
mean,2050,11,57,ES1 3 bat,0.0
mean,2050,11,58,ES1 3 bat,0.0
mean,2050,11,59,ES1 3 bat,0.0
mean,2050,11,60,ES1 3 bat,0.0
mean,2050,11,61,ES1 3 bat,0.0
mean,2050,11,62,ES1 3 bat,0.0
mean,2050,11,63,ES1 3 bat,0.0
mean,2050,11,64,ES1 3 bat,0.0
mean,2050,11,65,ES1 3 bat,0.0
mean,2050,11,66,ES1 3 bat,0.0
mean,2050,11,67,ES1 3 bat,0.0
mean,2050,11,68,ES1 3 bat,0.0
mean,2050,11,69,ES1 3 bat,0.0
mean,2050,11,70,ES1 3 bat,0.0
mean,2050,11,71,ES1 3 bat,0.0
mean,2050,11,72,ES1 3 bat,0.0
mean,2050,11,73,ES1 3 bat,0.0
mean,2050,11,74,ES1 3 bat,0.0
mean,2050,11,75,ES1 3 bat,0.0
mean,2050,11,76,ES1 3 bat,0.0
mean,2050,11,77,ES1 3 bat,0.0
mean,2050,11,78,ES1 3 bat,0.0
mean,2050,11,79,ES1 3 bat,0.0
mean,2050,11,80,ES1 3 bat,0.0
mean,2050,11,81,ES1 3 bat,0.0
mean,2050,11,82,ES1 3 bat,0.0
mean,2050,11,83,ES1 3 bat,0.0
mean,2050,11,84,ES1 3 bat,0.0
mean,2050,11,85,ES1 3 bat,0.0
mean,2050,11,86,ES1 3 bat,0.0
mean,2050,11,87,ES1 3 bat,0.0
mean,2050,11,88,ES1 3 bat,0.0
mean,2050,11,89,ES1 3 bat,0.0
mean,2050,11,90,ES1 3 bat,0.0
mean,2050,11,91,ES1 3 bat,0.0
mean,2050,11,92,ES1 3 bat,0.0
mean,2050,11,93,ES1 3 bat,0.0
mean,2050,11,94,ES1 3 bat,0.0
mean,2050,11,95,ES1 3 bat,0.0
mean,2050,11,96,ES1 3 bat,0.0
mean,2050,11,97,ES1 3 bat,0.0
mean,2050,11,98,ES1 3 bat,0.0
mean,2050,11,99,ES1 3 bat,0.0
mean,2050,11,100,ES1 3 bat,0.0
mean,2050,11,101,ES1 3 bat,0.0
mean,2050,11,102,ES1 3 bat,0.0
mean,2050,11,103,ES1 3 bat,0.0
mean,2050,11,104,ES1 3 bat,0.0
mean,2050,11,105,ES1 3 bat,0.0
mean,2050,11,106,ES1 3 bat,0.0
mean,2050,11,107,ES1 3 bat,0.0
mean,2050,11,108,ES1 3 bat,0.0
mean,2050,11,109,ES1 3 bat,0.0
mean,2050,11,110,ES1 3 bat,0.0
mean,2050,11,111,ES1 3 bat,0.0
mean,2050,11,112,ES1 3 bat,0.0
mean,2050,11,113,ES1 3 bat,0.0
mean,2050,11,114,ES1 3 bat,0.0
mean,2050,11,115,ES1 3 bat,0.0
mean,2050,11,116,ES1 3 bat,0.0
mean,2050,11,117,ES1 3 bat,0.0
mean,2050,11,118,ES1 3 bat,0.0
mean,2050,11,119,ES1 3 bat,0.0
mean,2050,11,120,ES1 3 bat,0.0
mean,2050,11,121,ES1 3 bat,0.0
mean,2050,11,122,ES1 3 bat,0.0
mean,2050,11,123,ES1 3 bat,0.0
mean,2050,11,124,ES1 3 bat,0.0
mean,2050,11,125,ES1 3 bat,0.0
mean,2050,11,126,ES1 3 bat,0.0
mean,2050,11,127,ES1 3 bat,0.0
mean,2050,11,128,ES1 3 bat,0.0
mean,2050,11,129,ES1 3 bat,0.0
mean,2050,11,130,ES1 3 bat,0.0
mean,2050,11,131,ES1 3 bat,0.0
mean,2050,11,132,ES1 3 bat,0.0
mean,2050,11,133,ES1 3 bat,0.0
mean,2050,11,134,ES1 3 bat,0.0
mean,2050,11,135,ES1 3 bat,0.0
mean,2050,11,136,ES1 3 bat,0.0
mean,2050,11,137,ES1 3 bat,0.0
mean,2050,11,138,ES1 3 bat,0.0
mean,2050,11,139,ES1 3 bat,0.0
mean,2050,11,140,ES1 3 bat,0.0
mean,2050,11,141,ES1 3 bat,0.0
mean,2050,11,142,ES1 3 bat,0.0
mean,2050,11,143,ES1 3 bat,0.0
mean,2050,11,144,ES1 3 bat,0.0
mean,2050,11,145,ES1 3 bat,0.0
mean,2050,11,146,ES1 3 bat,0.0
mean,2050,11,147,ES1 3 bat,0.0
mean,2050,11,148,ES1 3 bat,0.0
mean,2050,11,149,ES1 3 bat,0.0
mean,2050,11,150,ES1 3 bat,0.0
mean,2050,11,151,ES1 3 bat,0.0
mean,2050,11,152,ES1 3 bat,0.0
mean,2050,11,153,ES1 3 bat,0.0
mean,2050,11,154,ES1 3 bat,0.0
mean,2050,11,155,ES1 3 bat,0.0
mean,2050,11,156,ES1 3 bat,0.0
mean,2050,11,157,ES1 3 bat,0.0
mean,2050,11,158,ES1 3 bat,0.0
mean,2050,11,159,ES1 3 bat,0.0
mean,2050,11,160,ES1 3 bat,0.0
mean,2050,11,161,ES1 3 bat,0.0
mean,2050,11,162,ES1 3 bat,0.0
mean,2050,11,163,ES1 3 bat,0.0
mean,2050,11,164,ES1 3 bat,0.0
mean,2050,11,165,ES1 3 bat,0.0
mean,2050,11,166,ES1 3 bat,0.0
mean,2050,11,167,ES1 3 bat,0.0
mean,2050,21,0,ES1 3 bat,-60.109002775182276
mean,2050,21,1,ES1 3 bat,0.0
mean,2050,21,2,ES1 3 bat,0.0
mean,2050,21,3,ES1 3 bat,0.0
mean,2050,21,4,ES1 3 bat,0.0
mean,2050,21,5,ES1 3 bat,0.0
mean,2050,21,6,ES1 3 bat,0.0
mean,2050,21,7,ES1 3 bat,0.0
mean,2050,21,8,ES1 3 bat,0.0
mean,2050,21,9,ES1 3 bat,0.0
mean,2050,21,10,ES1 3 bat,0.0
mean,2050,21,11,ES1 3 bat,0.0
mean,2050,21,12,ES1 3 bat,0.0
mean,2050,21,13,ES1 3 bat,0.0
mean,2050,21,14,ES1 3 bat,0.0
mean,2050,21,15,ES1 3 bat,0.0
mean,2050,21,16,ES1 3 bat,0.0
mean,2050,21,17,ES1 3 bat,0.0
mean,2050,21,18,ES1 3 bat,0.0
mean,2050,21,19,ES1 3 bat,0.0
mean,2050,21,20,ES1 3 bat,0.0
mean,2050,21,21,ES1 3 bat,0.0
mean,2050,21,22,ES1 3 bat,0.0
mean,2050,21,23,ES1 3 bat,0.0
mean,2050,21,24,ES1 3 bat,0.0
mean,2050,21,25,ES1 3 bat,0.0
mean,2050,21,26,ES1 3 bat,0.0
mean,2050,21,27,ES1 3 bat,0.0
mean,2050,21,28,ES1 3 bat,0.0
mean,2050,21,29,ES1 3 bat,0.0
mean,2050,21,30,ES1 3 bat,0.0
mean,2050,21,31,ES1 3 bat,0.0
mean,2050,21,32,ES1 3 bat,0.0
mean,2050,21,33,ES1 3 bat,0.0
mean,2050,21,34,ES1 3 bat,0.0
mean,2050,21,35,ES1 3 bat,0.0
mean,2050,21,36,ES1 3 bat,0.0
mean,2050,21,37,ES1 3 bat,0.0
mean,2050,21,38,ES1 3 bat,0.0
mean,2050,21,39,ES1 3 bat,0.0
mean,2050,21,40,ES1 3 bat,0.0
mean,2050,21,41,ES1 3 bat,0.0
mean,2050,21,42,ES1 3 bat,0.0
mean,2050,21,43,ES1 3 bat,0.0
mean,2050,21,44,ES1 3 bat,0.0
mean,2050,21,45,ES1 3 bat,0.0
mean,2050,21,46,ES1 3 bat,0.0
mean,2050,21,47,ES1 3 bat,0.0
mean,2050,21,48,ES1 3 bat,0.0
mean,2050,21,49,ES1 3 bat,0.0
mean,2050,21,50,ES1 3 bat,0.0
mean,2050,21,51,ES1 3 bat,0.0
mean,2050,21,52,ES1 3 bat,0.0
mean,2050,21,53,ES1 3 bat,0.0
mean,2050,21,54,ES1 3 bat,0.0
mean,2050,21,55,ES1 3 bat,0.0
mean,2050,21,56,ES1 3 bat,0.0
mean,2050,21,57,ES1 3 bat,0.0
mean,2050,21,58,ES1 3 bat,0.0
mean,2050,21,59,ES1 3 bat,0.0
mean,2050,21,60,ES1 3 bat,0.0
mean,2050,21,61,ES1 3 bat,0.0
mean,2050,21,62,ES1 3 bat,0.0
mean,2050,21,63,ES1 3 bat,0.0
mean,2050,21,64,ES1 3 bat,0.0
mean,2050,21,65,ES1 3 bat,0.0
mean,2050,21,66,ES1 3 bat,0.0
mean,2050,21,67,ES1 3 bat,0.0
mean,2050,21,68,ES1 3 bat,0.0
mean,2050,21,69,ES1 3 bat,0.0
mean,2050,21,70,ES1 3 bat,0.0
mean,2050,21,71,ES1 3 bat,0.0
mean,2050,21,72,ES1 3 bat,0.0
mean,2050,21,73,ES1 3 bat,0.0
mean,2050,21,74,ES1 3 bat,0.0
mean,2050,21,75,ES1 3 bat,0.0
mean,2050,21,76,ES1 3 bat,0.0
mean,2050,21,77,ES1 3 bat,0.0
mean,2050,21,78,ES1 3 bat,0.0
mean,2050,21,79,ES1 3 bat,0.0
mean,2050,21,80,ES1 3 bat,0.0
mean,2050,21,81,ES1 3 bat,0.0
mean,2050,21,82,ES1 3 bat,0.0
mean,2050,21,83,ES1 3 bat,0.0
mean,2050,21,84,ES1 3 bat,0.0
mean,2050,21,85,ES1 3 bat,0.0
mean,2050,21,86,ES1 3 bat,0.0
mean,2050,21,87,ES1 3 bat,0.0
mean,2050,21,88,ES1 3 bat,0.0
mean,2050,21,89,ES1 3 bat,0.0
mean,2050,21,90,ES1 3 bat,0.0
mean,2050,21,91,ES1 3 bat,0.0
mean,2050,21,92,ES1 3 bat,0.0
mean,2050,21,93,ES1 3 bat,0.0
mean,2050,21,94,ES1 3 bat,0.0
mean,2050,21,95,ES1 3 bat,0.0
mean,2050,21,96,ES1 3 bat,0.0
mean,2050,21,97,ES1 3 bat,0.0
mean,2050,21,98,ES1 3 bat,0.0
mean,2050,21,99,ES1 3 bat,0.0
mean,2050,21,100,ES1 3 bat,0.0
mean,2050,21,101,ES1 3 bat,0.0
mean,2050,21,102,ES1 3 bat,0.0
mean,2050,21,103,ES1 3 bat,0.0
mean,2050,21,104,ES1 3 bat,0.0
mean,2050,21,105,ES1 3 bat,0.0
mean,2050,21,106,ES1 3 bat,0.0
mean,2050,21,107,ES1 3 bat,0.0
mean,2050,21,108,ES1 3 bat,0.0
mean,2050,21,109,ES1 3 bat,0.0
mean,2050,21,110,ES1 3 bat,0.0
mean,2050,21,111,ES1 3 bat,0.0
mean,2050,21,112,ES1 3 bat,0.0
mean,2050,21,113,ES1 3 bat,0.0
mean,2050,21,114,ES1 3 bat,0.0
mean,2050,21,115,ES1 3 bat,0.0
mean,2050,21,116,ES1 3 bat,0.0
mean,2050,21,117,ES1 3 bat,0.0
mean,2050,21,118,ES1 3 bat,0.0
mean,2050,21,119,ES1 3 bat,0.0
mean,2050,21,120,ES1 3 bat,0.0
mean,2050,21,121,ES1 3 bat,0.0
mean,2050,21,122,ES1 3 bat,0.0
mean,2050,21,123,ES1 3 bat,0.0
mean,2050,21,124,ES1 3 bat,0.0
mean,2050,21,125,ES1 3 bat,0.0
mean,2050,21,126,ES1 3 bat,0.0
mean,2050,21,127,ES1 3 bat,0.0
mean,2050,21,128,ES1 3 bat,0.0
mean,2050,21,129,ES1 3 bat,0.0
mean,2050,21,130,ES1 3 bat,0.0
mean,2050,21,131,ES1 3 bat,0.0
mean,2050,21,132,ES1 3 bat,0.0
mean,2050,21,133,ES1 3 bat,0.0
mean,2050,21,134,ES1 3 bat,0.0
mean,2050,21,135,ES1 3 bat,-0.0035026972068813865
mean,2050,21,136,ES1 3 bat,-0.003910512586618584
mean,2050,21,137,ES1 3 bat,-0.0039100739470944255
mean,2050,21,138,ES1 3 bat,0.0
mean,2050,21,139,ES1 3 bat,0.0
mean,2050,21,140,ES1 3 bat,0.0
mean,2050,21,141,ES1 3 bat,0.0
mean,2050,21,142,ES1 3 bat,0.0
mean,2050,21,143,ES1 3 bat,0.0
mean,2050,21,144,ES1 3 bat,0.0
mean,2050,21,145,ES1 3 bat,0.0
mean,2050,21,146,ES1 3 bat,0.0
mean,2050,21,147,ES1 3 bat,0.0
mean,2050,21,148,ES1 3 bat,0.0
mean,2050,21,149,ES1 3 bat,0.0
mean,2050,21,150,ES1 3 bat,0.0
mean,2050,21,151,ES1 3 bat,0.0
mean,2050,21,152,ES1 3 bat,0.0
mean,2050,21,153,ES1 3 bat,0.0
mean,2050,21,154,ES1 3 bat,0.0
mean,2050,21,155,ES1 3 bat,0.0
mean,2050,21,156,ES1 3 bat,0.0
mean,2050,21,157,ES1 3 bat,0.0
mean,2050,21,158,ES1 3 bat,-0.0034593819517469504
mean,2050,21,159,ES1 3 bat,-0.0036538346561103136
mean,2050,21,160,ES1 3 bat,-0.003866755080398737
mean,2050,21,161,ES1 3 bat,0.0
mean,2050,21,162,ES1 3 bat,0.0
mean,2050,21,163,ES1 3 bat,0.0
mean,2050,21,164,ES1 3 bat,0.0
mean,2050,21,165,ES1 3 bat,0.0
mean,2050,21,166,ES1 3 bat,0.0
mean,2050,21,167,ES1 3 bat,0.0
mean,2050,42,0,ES1 3 bat,-60.109002775182276
mean,2050,42,1,ES1 3 bat,0.0
mean,2050,42,2,ES1 3 bat,0.0
mean,2050,42,3,ES1 3 bat,0.0
mean,2050,42,4,ES1 3 bat,0.0
mean,2050,42,5,ES1 3 bat,0.0
mean,2050,42,6,ES1 3 bat,0.0
mean,2050,42,7,ES1 3 bat,0.0
mean,2050,42,8,ES1 3 bat,0.0
mean,2050,42,9,ES1 3 bat,0.0
mean,2050,42,10,ES1 3 bat,0.0
mean,2050,42,11,ES1 3 bat,0.0
mean,2050,42,12,ES1 3 bat,0.0
mean,2050,42,13,ES1 3 bat,0.0
mean,2050,42,14,ES1 3 bat,0.0
mean,2050,42,15,ES1 3 bat,0.0
mean,2050,42,16,ES1 3 bat,0.0
mean,2050,42,17,ES1 3 bat,-0.7654240443604852
mean,2050,42,18,ES1 3 bat,-0.7654559536510694
mean,2050,42,19,ES1 3 bat,-0.7654878642719218
mean,2050,42,20,ES1 3 bat,0.0
mean,2050,42,21,ES1 3 bat,0.0
mean,2050,42,22,ES1 3 bat,0.0
mean,2050,42,23,ES1 3 bat,0.0
mean,2050,42,24,ES1 3 bat,0.0
mean,2050,42,25,ES1 3 bat,0.0
mean,2050,42,26,ES1 3 bat,0.0
mean,2050,42,27,ES1 3 bat,0.0
mean,2050,42,28,ES1 3 bat,0.0
mean,2050,42,29,ES1 3 bat,0.0
mean,2050,42,30,ES1 3 bat,0.0
mean,2050,42,31,ES1 3 bat,0.0
mean,2050,42,32,ES1 3 bat,0.0
mean,2050,42,33,ES1 3 bat,0.0
mean,2050,42,34,ES1 3 bat,0.0
mean,2050,42,35,ES1 3 bat,0.0
mean,2050,42,36,ES1 3 bat,0.0
mean,2050,42,37,ES1 3 bat,0.0
mean,2050,42,38,ES1 3 bat,0.0
mean,2050,42,39,ES1 3 bat,0.0
mean,2050,42,40,ES1 3 bat,0.0
mean,2050,42,41,ES1 3 bat,0.0
mean,2050,42,42,ES1 3 bat,0.0
mean,2050,42,43,ES1 3 bat,0.0
mean,2050,42,44,ES1 3 bat,0.0
mean,2050,42,45,ES1 3 bat,0.0
mean,2050,42,46,ES1 3 bat,0.0
mean,2050,42,47,ES1 3 bat,0.0
mean,2050,42,48,ES1 3 bat,0.0
mean,2050,42,49,ES1 3 bat,0.0
mean,2050,42,50,ES1 3 bat,0.0
mean,2050,42,51,ES1 3 bat,0.0
mean,2050,42,52,ES1 3 bat,0.0
mean,2050,42,53,ES1 3 bat,0.0
mean,2050,42,54,ES1 3 bat,0.0
mean,2050,42,55,ES1 3 bat,0.0
mean,2050,42,56,ES1 3 bat,0.0
mean,2050,42,57,ES1 3 bat,0.0
mean,2050,42,58,ES1 3 bat,0.0
mean,2050,42,59,ES1 3 bat,0.0
mean,2050,42,60,ES1 3 bat,0.0
mean,2050,42,61,ES1 3 bat,0.0
mean,2050,42,62,ES1 3 bat,0.0
mean,2050,42,63,ES1 3 bat,0.0
mean,2050,42,64,ES1 3 bat,0.0
mean,2050,42,65,ES1 3 bat,0.0
mean,2050,42,66,ES1 3 bat,0.0
mean,2050,42,67,ES1 3 bat,0.0
mean,2050,42,68,ES1 3 bat,0.0
mean,2050,42,69,ES1 3 bat,0.0
mean,2050,42,70,ES1 3 bat,0.0
mean,2050,42,71,ES1 3 bat,0.0
mean,2050,42,72,ES1 3 bat,0.0
mean,2050,42,73,ES1 3 bat,0.0
mean,2050,42,74,ES1 3 bat,0.0
mean,2050,42,75,ES1 3 bat,0.0
mean,2050,42,76,ES1 3 bat,0.0
mean,2050,42,77,ES1 3 bat,0.0
mean,2050,42,78,ES1 3 bat,0.0
mean,2050,42,79,ES1 3 bat,0.0
mean,2050,42,80,ES1 3 bat,0.0
mean,2050,42,81,ES1 3 bat,0.0
mean,2050,42,82,ES1 3 bat,0.0
mean,2050,42,83,ES1 3 bat,0.0
mean,2050,42,84,ES1 3 bat,0.0
mean,2050,42,85,ES1 3 bat,0.0
mean,2050,42,86,ES1 3 bat,0.0
mean,2050,42,87,ES1 3 bat,0.0
mean,2050,42,88,ES1 3 bat,-2.4033392056928164
mean,2050,42,89,ES1 3 bat,0.0
mean,2050,42,90,ES1 3 bat,0.0
mean,2050,42,91,ES1 3 bat,0.0
mean,2050,42,92,ES1 3 bat,0.0
mean,2050,42,93,ES1 3 bat,0.0
mean,2050,42,94,ES1 3 bat,0.0
mean,2050,42,95,ES1 3 bat,0.0
mean,2050,42,96,ES1 3 bat,0.0
mean,2050,42,97,ES1 3 bat,0.0
mean,2050,42,98,ES1 3 bat,0.0
mean,2050,42,99,ES1 3 bat,0.0
mean,2050,42,100,ES1 3 bat,0.0
mean,2050,42,101,ES1 3 bat,0.0
mean,2050,42,102,ES1 3 bat,0.0
mean,2050,42,103,ES1 3 bat,0.0
mean,2050,42,104,ES1 3 bat,0.0
mean,2050,42,105,ES1 3 bat,0.0
mean,2050,42,106,ES1 3 bat,0.0
mean,2050,42,107,ES1 3 bat,0.0
mean,2050,42,108,ES1 3 bat,0.0
mean,2050,42,109,ES1 3 bat,0.0
mean,2050,42,110,ES1 3 bat,0.0
mean,2050,42,111,ES1 3 bat,0.0
mean,2050,42,112,ES1 3 bat,0.0
mean,2050,42,113,ES1 3 bat,0.0
mean,2050,42,114,ES1 3 bat,0.0
mean,2050,42,115,ES1 3 bat,0.0
mean,2050,42,116,ES1 3 bat,0.0
mean,2050,42,117,ES1 3 bat,0.0
mean,2050,42,118,ES1 3 bat,0.0
mean,2050,42,119,ES1 3 bat,0.0
mean,2050,42,120,ES1 3 bat,0.0
mean,2050,42,121,ES1 3 bat,0.0
mean,2050,42,122,ES1 3 bat,0.0
mean,2050,42,123,ES1 3 bat,0.0
mean,2050,42,124,ES1 3 bat,0.0
mean,2050,42,125,ES1 3 bat,0.0
mean,2050,42,126,ES1 3 bat,0.0
mean,2050,42,127,ES1 3 bat,0.0
mean,2050,42,128,ES1 3 bat,0.0
mean,2050,42,129,ES1 3 bat,0.0
mean,2050,42,130,ES1 3 bat,0.0
mean,2050,42,131,ES1 3 bat,0.0
mean,2050,42,132,ES1 3 bat,0.0
mean,2050,42,133,ES1 3 bat,0.0
mean,2050,42,134,ES1 3 bat,0.0
mean,2050,42,135,ES1 3 bat,0.0
mean,2050,42,136,ES1 3 bat,0.0
mean,2050,42,137,ES1 3 bat,0.0
mean,2050,42,138,ES1 3 bat,0.0
mean,2050,42,139,ES1 3 bat,0.0
mean,2050,42,140,ES1 3 bat,0.0
mean,2050,42,141,ES1 3 bat,0.0
mean,2050,42,142,ES1 3 bat,0.0
mean,2050,42,143,ES1 3 bat,0.0
mean,2050,42,144,ES1 3 bat,0.0
mean,2050,42,145,ES1 3 bat,0.0
mean,2050,42,146,ES1 3 bat,0.0
mean,2050,42,147,ES1 3 bat,0.0
mean,2050,42,148,ES1 3 bat,0.0
mean,2050,42,149,ES1 3 bat,0.0
mean,2050,42,150,ES1 3 bat,0.0
mean,2050,42,151,ES1 3 bat,0.0
mean,2050,42,152,ES1 3 bat,0.0
mean,2050,42,153,ES1 3 bat,0.0
mean,2050,42,154,ES1 3 bat,0.0
mean,2050,42,155,ES1 3 bat,0.0
mean,2050,42,156,ES1 3 bat,0.0
mean,2050,42,157,ES1 3 bat,0.0
mean,2050,42,158,ES1 3 bat,0.0
mean,2050,42,159,ES1 3 bat,0.0
mean,2050,42,160,ES1 3 bat,0.0
mean,2050,42,161,ES1 3 bat,0.0
mean,2050,42,162,ES1 3 bat,0.0
mean,2050,42,163,ES1 3 bat,0.0
mean,2050,42,164,ES1 3 bat,0.0
mean,2050,42,165,ES1 3 bat,0.0
mean,2050,42,166,ES1 3 bat,0.0
mean,2050,42,167,ES1 3 bat,0.0
mean,2050,52,0,ES1 3 bat,-59.31558649822499
mean,2050,52,1,ES1 3 bat,0.0
mean,2050,52,2,ES1 3 bat,0.0
mean,2050,52,3,ES1 3 bat,0.0
mean,2050,52,4,ES1 3 bat,0.0
mean,2050,52,5,ES1 3 bat,0.0
mean,2050,52,6,ES1 3 bat,0.0
mean,2050,52,7,ES1 3 bat,0.0
mean,2050,52,8,ES1 3 bat,0.0
mean,2050,52,9,ES1 3 bat,0.0
mean,2050,52,10,ES1 3 bat,0.0
mean,2050,52,11,ES1 3 bat,0.0
mean,2050,52,12,ES1 3 bat,0.0
mean,2050,52,13,ES1 3 bat,0.0
mean,2050,52,14,ES1 3 bat,0.0
mean,2050,52,15,ES1 3 bat,0.0
mean,2050,52,16,ES1 3 bat,0.0
mean,2050,52,17,ES1 3 bat,0.0
mean,2050,52,18,ES1 3 bat,0.0
mean,2050,52,19,ES1 3 bat,0.0
mean,2050,52,20,ES1 3 bat,0.0
mean,2050,52,21,ES1 3 bat,0.0
mean,2050,52,22,ES1 3 bat,0.0
mean,2050,52,23,ES1 3 bat,0.0
mean,2050,52,24,ES1 3 bat,0.0
mean,2050,52,25,ES1 3 bat,0.0
mean,2050,52,26,ES1 3 bat,0.0
mean,2050,52,27,ES1 3 bat,0.0
mean,2050,52,28,ES1 3 bat,0.0
mean,2050,52,29,ES1 3 bat,0.0
mean,2050,52,30,ES1 3 bat,0.0
mean,2050,52,31,ES1 3 bat,0.0
mean,2050,52,32,ES1 3 bat,0.0
mean,2050,52,33,ES1 3 bat,0.0
mean,2050,52,34,ES1 3 bat,0.0
mean,2050,52,35,ES1 3 bat,0.0
mean,2050,52,36,ES1 3 bat,0.0
mean,2050,52,37,ES1 3 bat,0.0
mean,2050,52,38,ES1 3 bat,0.0
mean,2050,52,39,ES1 3 bat,0.0
mean,2050,52,40,ES1 3 bat,0.0
mean,2050,52,41,ES1 3 bat,0.0
mean,2050,52,42,ES1 3 bat,0.0
mean,2050,52,43,ES1 3 bat,0.0
mean,2050,52,44,ES1 3 bat,0.0
mean,2050,52,45,ES1 3 bat,0.0
mean,2050,52,46,ES1 3 bat,0.0
mean,2050,52,47,ES1 3 bat,0.0
mean,2050,52,48,ES1 3 bat,0.0
mean,2050,52,49,ES1 3 bat,0.0
mean,2050,52,50,ES1 3 bat,0.0
mean,2050,52,51,ES1 3 bat,0.0
mean,2050,52,52,ES1 3 bat,0.0
mean,2050,52,53,ES1 3 bat,0.0
mean,2050,52,54,ES1 3 bat,0.0
mean,2050,52,55,ES1 3 bat,0.0
mean,2050,52,56,ES1 3 bat,0.0
mean,2050,52,57,ES1 3 bat,0.0
mean,2050,52,58,ES1 3 bat,0.0
mean,2050,52,59,ES1 3 bat,0.0
mean,2050,52,60,ES1 3 bat,0.0
mean,2050,52,61,ES1 3 bat,0.0
mean,2050,52,62,ES1 3 bat,0.0
mean,2050,52,63,ES1 3 bat,0.0
mean,2050,52,64,ES1 3 bat,0.0
mean,2050,52,65,ES1 3 bat,0.0
mean,2050,52,66,ES1 3 bat,0.0
mean,2050,52,67,ES1 3 bat,0.0
mean,2050,52,68,ES1 3 bat,0.0
mean,2050,52,69,ES1 3 bat,0.0
mean,2050,52,70,ES1 3 bat,0.0
mean,2050,52,71,ES1 3 bat,0.0
mean,2050,52,72,ES1 3 bat,0.0
mean,2050,52,73,ES1 3 bat,0.0
mean,2050,52,74,ES1 3 bat,0.0
mean,2050,52,75,ES1 3 bat,0.0
mean,2050,52,76,ES1 3 bat,0.0
mean,2050,52,77,ES1 3 bat,0.0
mean,2050,52,78,ES1 3 bat,0.0
mean,2050,52,79,ES1 3 bat,0.0
mean,2050,52,80,ES1 3 bat,0.0
mean,2050,52,81,ES1 3 bat,0.0
mean,2050,52,82,ES1 3 bat,0.0
mean,2050,52,83,ES1 3 bat,0.0
mean,2050,52,84,ES1 3 bat,0.0
mean,2050,52,85,ES1 3 bat,0.0
mean,2050,52,86,ES1 3 bat,0.0
mean,2050,52,87,ES1 3 bat,0.0
mean,2050,52,88,ES1 3 bat,0.0
mean,2050,52,89,ES1 3 bat,0.0
mean,2050,52,90,ES1 3 bat,0.0
mean,2050,52,91,ES1 3 bat,0.0
mean,2050,52,92,ES1 3 bat,0.0
mean,2050,52,93,ES1 3 bat,0.0
mean,2050,52,94,ES1 3 bat,0.0
mean,2050,52,95,ES1 3 bat,0.0
mean,2050,52,96,ES1 3 bat,0.0
mean,2050,52,97,ES1 3 bat,0.0
mean,2050,52,98,ES1 3 bat,0.0
mean,2050,52,99,ES1 3 bat,0.0
mean,2050,52,100,ES1 3 bat,0.0
mean,2050,52,101,ES1 3 bat,0.0
mean,2050,52,102,ES1 3 bat,0.0
mean,2050,52,103,ES1 3 bat,0.0
mean,2050,52,104,ES1 3 bat,0.0
mean,2050,52,105,ES1 3 bat,0.0
mean,2050,52,106,ES1 3 bat,0.0
mean,2050,52,107,ES1 3 bat,0.0
mean,2050,52,108,ES1 3 bat,0.0
mean,2050,52,109,ES1 3 bat,0.0
mean,2050,52,110,ES1 3 bat,0.0
mean,2050,52,111,ES1 3 bat,0.0
mean,2050,52,112,ES1 3 bat,0.0
mean,2050,52,113,ES1 3 bat,0.0
mean,2050,52,114,ES1 3 bat,0.0
mean,2050,52,115,ES1 3 bat,0.0
mean,2050,52,116,ES1 3 bat,0.0
mean,2050,52,117,ES1 3 bat,0.0
mean,2050,52,118,ES1 3 bat,0.0
mean,2050,52,119,ES1 3 bat,0.0
mean,2050,52,120,ES1 3 bat,0.0
mean,2050,52,121,ES1 3 bat,0.0
mean,2050,52,122,ES1 3 bat,0.0
mean,2050,52,123,ES1 3 bat,0.0
mean,2050,52,124,ES1 3 bat,0.0
mean,2050,52,125,ES1 3 bat,0.0
mean,2050,52,126,ES1 3 bat,0.0
mean,2050,52,127,ES1 3 bat,0.0
mean,2050,52,128,ES1 3 bat,0.0
mean,2050,52,129,ES1 3 bat,0.0
mean,2050,52,130,ES1 3 bat,0.0
mean,2050,52,131,ES1 3 bat,0.0
mean,2050,52,132,ES1 3 bat,0.0
mean,2050,52,133,ES1 3 bat,0.0
mean,2050,52,134,ES1 3 bat,0.0
mean,2050,52,135,ES1 3 bat,0.0
mean,2050,52,136,ES1 3 bat,0.0
mean,2050,52,137,ES1 3 bat,0.0
mean,2050,52,138,ES1 3 bat,0.0
mean,2050,52,139,ES1 3 bat,0.0
mean,2050,52,140,ES1 3 bat,0.0
mean,2050,52,141,ES1 3 bat,0.0
mean,2050,52,142,ES1 3 bat,0.0
mean,2050,52,143,ES1 3 bat,0.0
mean,2050,52,144,ES1 3 bat,0.0
mean,2050,52,145,ES1 3 bat,0.0
mean,2050,52,146,ES1 3 bat,0.0
mean,2050,52,147,ES1 3 bat,0.0
mean,2050,52,148,ES1 3 bat,0.0
mean,2050,52,149,ES1 3 bat,0.0
mean,2050,52,150,ES1 3 bat,0.0
mean,2050,52,151,ES1 3 bat,0.0
mean,2050,52,152,ES1 3 bat,0.0
mean,2050,52,153,ES1 3 bat,0.0
mean,2050,52,154,ES1 3 bat,0.0
mean,2050,52,155,ES1 3 bat,0.0
mean,2050,52,156,ES1 3 bat,0.0
mean,2050,52,157,ES1 3 bat,0.0
mean,2050,52,158,ES1 3 bat,0.0
mean,2050,52,159,ES1 3 bat,0.0
mean,2050,52,160,ES1 3 bat,0.0
mean,2050,52,161,ES1 3 bat,0.0
mean,2050,52,162,ES1 3 bat,0.0
mean,2050,52,163,ES1 3 bat,0.0
mean,2050,52,164,ES1 3 bat,0.0
mean,2050,52,165,ES1 3 bat,0.0
mean,2050,52,166,ES1 3 bat,0.0
mean,2050,52,167,ES1 3 bat,0.0
mean,2025,11,0,ES1 4 bat,-0.014510054552981618
mean,2025,11,1,ES1 4 bat,0.0
mean,2025,11,2,ES1 4 bat,0.0
mean,2025,11,3,ES1 4 bat,0.0
mean,2025,11,4,ES1 4 bat,0.0
mean,2025,11,5,ES1 4 bat,0.0
mean,2025,11,6,ES1 4 bat,0.0
mean,2025,11,7,ES1 4 bat,0.0
mean,2025,11,8,ES1 4 bat,0.0
mean,2025,11,9,ES1 4 bat,0.0
mean,2025,11,10,ES1 4 bat,0.0
mean,2025,11,11,ES1 4 bat,0.0
mean,2025,11,12,ES1 4 bat,0.0
mean,2025,11,13,ES1 4 bat,0.0
mean,2025,11,14,ES1 4 bat,0.0
mean,2025,11,15,ES1 4 bat,0.0
mean,2025,11,16,ES1 4 bat,0.0
mean,2025,11,17,ES1 4 bat,0.0
mean,2025,11,18,ES1 4 bat,0.0
mean,2025,11,19,ES1 4 bat,0.0
mean,2025,11,20,ES1 4 bat,0.0
mean,2025,11,21,ES1 4 bat,0.0
mean,2025,11,22,ES1 4 bat,0.0
mean,2025,11,23,ES1 4 bat,0.0
mean,2025,11,24,ES1 4 bat,0.0
mean,2025,11,25,ES1 4 bat,0.0
mean,2025,11,26,ES1 4 bat,0.0
mean,2025,11,27,ES1 4 bat,0.0
mean,2025,11,28,ES1 4 bat,0.0
mean,2025,11,29,ES1 4 bat,0.0
mean,2025,11,30,ES1 4 bat,0.0
mean,2025,11,31,ES1 4 bat,-60.38063329718429
mean,2025,11,32,ES1 4 bat,0.0
mean,2025,11,33,ES1 4 bat,0.0
mean,2025,11,34,ES1 4 bat,0.0
mean,2025,11,35,ES1 4 bat,0.0
mean,2025,11,36,ES1 4 bat,0.0
mean,2025,11,37,ES1 4 bat,0.0
mean,2025,11,38,ES1 4 bat,0.0
mean,2025,11,39,ES1 4 bat,0.0
mean,2025,11,40,ES1 4 bat,0.0
mean,2025,11,41,ES1 4 bat,0.0
mean,2025,11,42,ES1 4 bat,0.0
mean,2025,11,43,ES1 4 bat,-0.20169082379524708
mean,2025,11,44,ES1 4 bat,0.0
mean,2025,11,45,ES1 4 bat,0.0
mean,2025,11,46,ES1 4 bat,0.0
mean,2025,11,47,ES1 4 bat,0.0
mean,2025,11,48,ES1 4 bat,0.0
mean,2025,11,49,ES1 4 bat,0.0
mean,2025,11,50,ES1 4 bat,0.0
mean,2025,11,51,ES1 4 bat,0.0
mean,2025,11,52,ES1 4 bat,0.0
mean,2025,11,53,ES1 4 bat,0.0
mean,2025,11,54,ES1 4 bat,0.0
mean,2025,11,55,ES1 4 bat,0.0
mean,2025,11,56,ES1 4 bat,0.0
mean,2025,11,57,ES1 4 bat,0.0
mean,2025,11,58,ES1 4 bat,0.0
mean,2025,11,59,ES1 4 bat,0.0
mean,2025,11,60,ES1 4 bat,0.0
mean,2025,11,61,ES1 4 bat,0.0
mean,2025,11,62,ES1 4 bat,0.0
mean,2025,11,63,ES1 4 bat,0.0
mean,2025,11,64,ES1 4 bat,0.0
mean,2025,11,65,ES1 4 bat,0.0
mean,2025,11,66,ES1 4 bat,0.0
mean,2025,11,67,ES1 4 bat,0.0
mean,2025,11,68,ES1 4 bat,0.0
mean,2025,11,69,ES1 4 bat,0.0
mean,2025,11,70,ES1 4 bat,0.0
mean,2025,11,71,ES1 4 bat,0.0
mean,2025,11,72,ES1 4 bat,0.0
mean,2025,11,73,ES1 4 bat,0.0
mean,2025,11,74,ES1 4 bat,0.0
mean,2025,11,75,ES1 4 bat,0.0
mean,2025,11,76,ES1 4 bat,0.0
mean,2025,11,77,ES1 4 bat,0.0
mean,2025,11,78,ES1 4 bat,0.0
mean,2025,11,79,ES1 4 bat,-59.783445813355094
mean,2025,11,80,ES1 4 bat,0.0
mean,2025,11,81,ES1 4 bat,0.0
mean,2025,11,82,ES1 4 bat,0.0
mean,2025,11,83,ES1 4 bat,0.0
mean,2025,11,84,ES1 4 bat,0.0
mean,2025,11,85,ES1 4 bat,0.0
mean,2025,11,86,ES1 4 bat,0.0
mean,2025,11,87,ES1 4 bat,0.0
mean,2025,11,88,ES1 4 bat,0.0
mean,2025,11,89,ES1 4 bat,0.0
mean,2025,11,90,ES1 4 bat,0.0
mean,2025,11,91,ES1 4 bat,0.0
mean,2025,11,92,ES1 4 bat,0.0
mean,2025,11,93,ES1 4 bat,0.0
mean,2025,11,94,ES1 4 bat,0.0
mean,2025,11,95,ES1 4 bat,0.0
mean,2025,11,96,ES1 4 bat,0.0
mean,2025,11,97,ES1 4 bat,0.0
mean,2025,11,98,ES1 4 bat,0.0
mean,2025,11,99,ES1 4 bat,0.0
mean,2025,11,100,ES1 4 bat,0.0
mean,2025,11,101,ES1 4 bat,0.0
mean,2025,11,102,ES1 4 bat,0.0
mean,2025,11,103,ES1 4 bat,-0.380728471530551
mean,2025,11,104,ES1 4 bat,0.0
mean,2025,11,105,ES1 4 bat,0.0
mean,2025,11,106,ES1 4 bat,0.0
mean,2025,11,107,ES1 4 bat,0.0
mean,2025,11,108,ES1 4 bat,0.0
mean,2025,11,109,ES1 4 bat,0.0
mean,2025,11,110,ES1 4 bat,0.0
mean,2025,11,111,ES1 4 bat,0.0
mean,2025,11,112,ES1 4 bat,0.0
mean,2025,11,113,ES1 4 bat,0.0
mean,2025,11,114,ES1 4 bat,0.0
mean,2025,11,115,ES1 4 bat,-3.322174100700164
mean,2025,11,116,ES1 4 bat,0.0
mean,2025,11,117,ES1 4 bat,0.0
mean,2025,11,118,ES1 4 bat,0.0
mean,2025,11,119,ES1 4 bat,0.0
mean,2025,11,120,ES1 4 bat,0.0
mean,2025,11,121,ES1 4 bat,0.0
mean,2025,11,122,ES1 4 bat,0.0
mean,2025,11,123,ES1 4 bat,0.0
mean,2025,11,124,ES1 4 bat,0.0
mean,2025,11,125,ES1 4 bat,0.0
mean,2025,11,126,ES1 4 bat,0.0
mean,2025,11,127,ES1 4 bat,0.0
mean,2025,11,128,ES1 4 bat,0.0
mean,2025,11,129,ES1 4 bat,0.0
mean,2025,11,130,ES1 4 bat,0.0
mean,2025,11,131,ES1 4 bat,0.0
mean,2025,11,132,ES1 4 bat,0.0
mean,2025,11,133,ES1 4 bat,0.0
mean,2025,11,134,ES1 4 bat,0.0
mean,2025,11,135,ES1 4 bat,0.0
mean,2025,11,136,ES1 4 bat,0.0
mean,2025,11,137,ES1 4 bat,0.0
mean,2025,11,138,ES1 4 bat,0.0
mean,2025,11,139,ES1 4 bat,0.0
mean,2025,11,140,ES1 4 bat,-0.10669600262231951
mean,2025,11,141,ES1 4 bat,0.0
mean,2025,11,142,ES1 4 bat,0.0
mean,2025,11,143,ES1 4 bat,0.0
mean,2025,11,144,ES1 4 bat,0.0
mean,2025,11,145,ES1 4 bat,0.0
mean,2025,11,146,ES1 4 bat,0.0
mean,2025,11,147,ES1 4 bat,0.0
mean,2025,11,148,ES1 4 bat,0.0
mean,2025,11,149,ES1 4 bat,0.0
mean,2025,11,150,ES1 4 bat,0.0
mean,2025,11,151,ES1 4 bat,0.0
mean,2025,11,152,ES1 4 bat,0.0
mean,2025,11,153,ES1 4 bat,0.0
mean,2025,11,154,ES1 4 bat,0.0
mean,2025,11,155,ES1 4 bat,0.0
mean,2025,11,156,ES1 4 bat,0.0
mean,2025,11,157,ES1 4 bat,0.0
mean,2025,11,158,ES1 4 bat,0.0
mean,2025,11,159,ES1 4 bat,0.0
mean,2025,11,160,ES1 4 bat,0.0
mean,2025,11,161,ES1 4 bat,0.0
mean,2025,11,162,ES1 4 bat,-0.002510667344173171
mean,2025,11,163,ES1 4 bat,0.0
mean,2025,11,164,ES1 4 bat,0.0
mean,2025,11,165,ES1 4 bat,0.0
mean,2025,11,166,ES1 4 bat,0.0
mean,2025,11,167,ES1 4 bat,0.0
mean,2025,21,0,ES1 4 bat,-61.7194625787168
mean,2025,21,1,ES1 4 bat,0.0
mean,2025,21,2,ES1 4 bat,0.0
mean,2025,21,3,ES1 4 bat,0.0
mean,2025,21,4,ES1 4 bat,0.0
mean,2025,21,5,ES1 4 bat,0.0
mean,2025,21,6,ES1 4 bat,0.0
mean,2025,21,7,ES1 4 bat,0.0
mean,2025,21,8,ES1 4 bat,0.0
mean,2025,21,9,ES1 4 bat,0.0
mean,2025,21,10,ES1 4 bat,0.0
mean,2025,21,11,ES1 4 bat,0.0
mean,2025,21,12,ES1 4 bat,0.0
mean,2025,21,13,ES1 4 bat,0.0
mean,2025,21,14,ES1 4 bat,0.0
mean,2025,21,15,ES1 4 bat,0.0
mean,2025,21,16,ES1 4 bat,0.0
mean,2025,21,17,ES1 4 bat,0.0
mean,2025,21,18,ES1 4 bat,0.0
mean,2025,21,19,ES1 4 bat,0.0
mean,2025,21,20,ES1 4 bat,0.0
mean,2025,21,21,ES1 4 bat,0.0
mean,2025,21,22,ES1 4 bat,0.0
mean,2025,21,23,ES1 4 bat,0.0
mean,2025,21,24,ES1 4 bat,0.0
mean,2025,21,25,ES1 4 bat,0.0
mean,2025,21,26,ES1 4 bat,0.0
mean,2025,21,27,ES1 4 bat,0.0
mean,2025,21,28,ES1 4 bat,0.0
mean,2025,21,29,ES1 4 bat,0.0
mean,2025,21,30,ES1 4 bat,0.0
mean,2025,21,31,ES1 4 bat,0.0
mean,2025,21,32,ES1 4 bat,0.0
mean,2025,21,33,ES1 4 bat,0.0
mean,2025,21,34,ES1 4 bat,0.0
mean,2025,21,35,ES1 4 bat,0.0
mean,2025,21,36,ES1 4 bat,0.0
mean,2025,21,37,ES1 4 bat,0.0
mean,2025,21,38,ES1 4 bat,0.0
mean,2025,21,39,ES1 4 bat,0.0
mean,2025,21,40,ES1 4 bat,0.0
mean,2025,21,41,ES1 4 bat,0.0
mean,2025,21,42,ES1 4 bat,0.0
mean,2025,21,43,ES1 4 bat,0.0
mean,2025,21,44,ES1 4 bat,0.0
mean,2025,21,45,ES1 4 bat,0.0
mean,2025,21,46,ES1 4 bat,0.0
mean,2025,21,47,ES1 4 bat,0.0
mean,2025,21,48,ES1 4 bat,0.0
mean,2025,21,49,ES1 4 bat,0.0
mean,2025,21,50,ES1 4 bat,0.0
mean,2025,21,51,ES1 4 bat,0.0
mean,2025,21,52,ES1 4 bat,0.0
mean,2025,21,53,ES1 4 bat,0.0
mean,2025,21,54,ES1 4 bat,0.0
mean,2025,21,55,ES1 4 bat,0.0
mean,2025,21,56,ES1 4 bat,0.0
mean,2025,21,57,ES1 4 bat,0.0
mean,2025,21,58,ES1 4 bat,0.0
mean,2025,21,59,ES1 4 bat,0.0
mean,2025,21,60,ES1 4 bat,0.0
mean,2025,21,61,ES1 4 bat,0.0
mean,2025,21,62,ES1 4 bat,0.0
mean,2025,21,63,ES1 4 bat,0.0
mean,2025,21,64,ES1 4 bat,0.0
mean,2025,21,65,ES1 4 bat,0.0
mean,2025,21,66,ES1 4 bat,0.0
mean,2025,21,67,ES1 4 bat,-59.783222233536726
mean,2025,21,68,ES1 4 bat,0.0
mean,2025,21,69,ES1 4 bat,0.0
mean,2025,21,70,ES1 4 bat,0.0
mean,2025,21,71,ES1 4 bat,0.0
mean,2025,21,72,ES1 4 bat,0.0
mean,2025,21,73,ES1 4 bat,0.0
mean,2025,21,74,ES1 4 bat,0.0
mean,2025,21,75,ES1 4 bat,0.0
mean,2025,21,76,ES1 4 bat,0.0
mean,2025,21,77,ES1 4 bat,0.0
mean,2025,21,78,ES1 4 bat,-0.01767969519817984
mean,2025,21,79,ES1 4 bat,0.0
mean,2025,21,80,ES1 4 bat,0.0
mean,2025,21,81,ES1 4 bat,0.0
mean,2025,21,82,ES1 4 bat,0.0
mean,2025,21,83,ES1 4 bat,0.0
mean,2025,21,84,ES1 4 bat,0.0
mean,2025,21,85,ES1 4 bat,0.0
mean,2025,21,86,ES1 4 bat,0.0
mean,2025,21,87,ES1 4 bat,0.0
mean,2025,21,88,ES1 4 bat,0.0
mean,2025,21,89,ES1 4 bat,0.0
mean,2025,21,90,ES1 4 bat,0.0
mean,2025,21,91,ES1 4 bat,0.0
mean,2025,21,92,ES1 4 bat,0.0
mean,2025,21,93,ES1 4 bat,0.0
mean,2025,21,94,ES1 4 bat,0.0
mean,2025,21,95,ES1 4 bat,0.0
mean,2025,21,96,ES1 4 bat,0.0
mean,2025,21,97,ES1 4 bat,0.0
mean,2025,21,98,ES1 4 bat,0.0
mean,2025,21,99,ES1 4 bat,0.0
mean,2025,21,100,ES1 4 bat,0.0
mean,2025,21,101,ES1 4 bat,0.0
mean,2025,21,102,ES1 4 bat,-0.3677556831093868
mean,2025,21,103,ES1 4 bat,0.0
mean,2025,21,104,ES1 4 bat,0.0
mean,2025,21,105,ES1 4 bat,0.0
mean,2025,21,106,ES1 4 bat,0.0
mean,2025,21,107,ES1 4 bat,0.0
mean,2025,21,108,ES1 4 bat,0.0
mean,2025,21,109,ES1 4 bat,0.0
mean,2025,21,110,ES1 4 bat,0.0
mean,2025,21,111,ES1 4 bat,0.0
mean,2025,21,112,ES1 4 bat,0.0
mean,2025,21,113,ES1 4 bat,0.0
mean,2025,21,114,ES1 4 bat,0.0
mean,2025,21,115,ES1 4 bat,0.0
mean,2025,21,116,ES1 4 bat,0.0
mean,2025,21,117,ES1 4 bat,0.0
mean,2025,21,118,ES1 4 bat,0.0
mean,2025,21,119,ES1 4 bat,0.0
mean,2025,21,120,ES1 4 bat,0.0
mean,2025,21,121,ES1 4 bat,0.0
mean,2025,21,122,ES1 4 bat,0.0
mean,2025,21,123,ES1 4 bat,0.0
mean,2025,21,124,ES1 4 bat,0.0
mean,2025,21,125,ES1 4 bat,0.0
mean,2025,21,126,ES1 4 bat,0.0
mean,2025,21,127,ES1 4 bat,0.0
mean,2025,21,128,ES1 4 bat,0.0
mean,2025,21,129,ES1 4 bat,0.0
mean,2025,21,130,ES1 4 bat,0.0
mean,2025,21,131,ES1 4 bat,0.0
mean,2025,21,132,ES1 4 bat,0.0
mean,2025,21,133,ES1 4 bat,0.0
mean,2025,21,134,ES1 4 bat,0.0
mean,2025,21,135,ES1 4 bat,0.0
mean,2025,21,136,ES1 4 bat,0.0
mean,2025,21,137,ES1 4 bat,0.0
mean,2025,21,138,ES1 4 bat,0.0
mean,2025,21,139,ES1 4 bat,0.0
mean,2025,21,140,ES1 4 bat,0.0
mean,2025,21,141,ES1 4 bat,0.0
mean,2025,21,142,ES1 4 bat,-0.020263097776778646
mean,2025,21,143,ES1 4 bat,0.0
mean,2025,21,144,ES1 4 bat,0.0
mean,2025,21,145,ES1 4 bat,0.0
mean,2025,21,146,ES1 4 bat,0.0
mean,2025,21,147,ES1 4 bat,0.0
mean,2025,21,148,ES1 4 bat,0.0
mean,2025,21,149,ES1 4 bat,0.0
mean,2025,21,150,ES1 4 bat,0.0
mean,2025,21,151,ES1 4 bat,0.0
mean,2025,21,152,ES1 4 bat,0.0
mean,2025,21,153,ES1 4 bat,0.0
mean,2025,21,154,ES1 4 bat,0.0
mean,2025,21,155,ES1 4 bat,0.0
mean,2025,21,156,ES1 4 bat,0.0
mean,2025,21,157,ES1 4 bat,0.0
mean,2025,21,158,ES1 4 bat,0.0
mean,2025,21,159,ES1 4 bat,0.0
mean,2025,21,160,ES1 4 bat,0.0
mean,2025,21,161,ES1 4 bat,0.0
mean,2025,21,162,ES1 4 bat,0.0
mean,2025,21,163,ES1 4 bat,0.0
mean,2025,21,164,ES1 4 bat,0.0
mean,2025,21,165,ES1 4 bat,0.0
mean,2025,21,166,ES1 4 bat,0.0
mean,2025,21,167,ES1 4 bat,0.0
mean,2025,42,0,ES1 4 bat,-62.545330138924506
mean,2025,42,1,ES1 4 bat,0.0
mean,2025,42,2,ES1 4 bat,0.0
mean,2025,42,3,ES1 4 bat,0.0
mean,2025,42,4,ES1 4 bat,0.0
mean,2025,42,5,ES1 4 bat,0.0
mean,2025,42,6,ES1 4 bat,0.0
mean,2025,42,7,ES1 4 bat,0.0
mean,2025,42,8,ES1 4 bat,0.0
mean,2025,42,9,ES1 4 bat,0.0
mean,2025,42,10,ES1 4 bat,0.0
mean,2025,42,11,ES1 4 bat,0.0
mean,2025,42,12,ES1 4 bat,0.0
mean,2025,42,13,ES1 4 bat,0.0
mean,2025,42,14,ES1 4 bat,0.0
mean,2025,42,15,ES1 4 bat,0.0
mean,2025,42,16,ES1 4 bat,0.0
mean,2025,42,17,ES1 4 bat,0.0
mean,2025,42,18,ES1 4 bat,0.0
mean,2025,42,19,ES1 4 bat,0.0
mean,2025,42,20,ES1 4 bat,0.0
mean,2025,42,21,ES1 4 bat,0.0
mean,2025,42,22,ES1 4 bat,0.0
mean,2025,42,23,ES1 4 bat,0.0
mean,2025,42,24,ES1 4 bat,0.0
mean,2025,42,25,ES1 4 bat,0.0
mean,2025,42,26,ES1 4 bat,0.0
mean,2025,42,27,ES1 4 bat,0.0
mean,2025,42,28,ES1 4 bat,0.0
mean,2025,42,29,ES1 4 bat,0.0
mean,2025,42,30,ES1 4 bat,0.0
mean,2025,42,31,ES1 4 bat,0.0
mean,2025,42,32,ES1 4 bat,0.0
mean,2025,42,33,ES1 4 bat,0.0
mean,2025,42,34,ES1 4 bat,0.0
mean,2025,42,35,ES1 4 bat,0.0
mean,2025,42,36,ES1 4 bat,0.0
mean,2025,42,37,ES1 4 bat,0.0
mean,2025,42,38,ES1 4 bat,0.0
mean,2025,42,39,ES1 4 bat,0.0
mean,2025,42,40,ES1 4 bat,0.0
mean,2025,42,41,ES1 4 bat,0.0
mean,2025,42,42,ES1 4 bat,0.0
mean,2025,42,43,ES1 4 bat,0.0
mean,2025,42,44,ES1 4 bat,0.0
mean,2025,42,45,ES1 4 bat,0.0
mean,2025,42,46,ES1 4 bat,0.0
mean,2025,42,47,ES1 4 bat,0.0
mean,2025,42,48,ES1 4 bat,0.0
mean,2025,42,49,ES1 4 bat,0.0
mean,2025,42,50,ES1 4 bat,0.0
mean,2025,42,51,ES1 4 bat,0.0
mean,2025,42,52,ES1 4 bat,0.0
mean,2025,42,53,ES1 4 bat,0.0
mean,2025,42,54,ES1 4 bat,0.0
mean,2025,42,55,ES1 4 bat,0.0
mean,2025,42,56,ES1 4 bat,0.0
mean,2025,42,57,ES1 4 bat,0.0
mean,2025,42,58,ES1 4 bat,0.0
mean,2025,42,59,ES1 4 bat,0.0
mean,2025,42,60,ES1 4 bat,0.0
mean,2025,42,61,ES1 4 bat,0.0
mean,2025,42,62,ES1 4 bat,0.0
mean,2025,42,63,ES1 4 bat,0.0
mean,2025,42,64,ES1 4 bat,0.0
mean,2025,42,65,ES1 4 bat,0.0
mean,2025,42,66,ES1 4 bat,-0.02982393842860565
mean,2025,42,67,ES1 4 bat,0.0
mean,2025,42,68,ES1 4 bat,0.0
mean,2025,42,69,ES1 4 bat,0.0
mean,2025,42,70,ES1 4 bat,0.0
mean,2025,42,71,ES1 4 bat,0.0
mean,2025,42,72,ES1 4 bat,0.0
mean,2025,42,73,ES1 4 bat,0.0
mean,2025,42,74,ES1 4 bat,0.0
mean,2025,42,75,ES1 4 bat,0.0
mean,2025,42,76,ES1 4 bat,0.0
mean,2025,42,77,ES1 4 bat,0.0
mean,2025,42,78,ES1 4 bat,0.0
mean,2025,42,79,ES1 4 bat,0.0
mean,2025,42,80,ES1 4 bat,0.0
mean,2025,42,81,ES1 4 bat,0.0
mean,2025,42,82,ES1 4 bat,0.0
mean,2025,42,83,ES1 4 bat,0.0
mean,2025,42,84,ES1 4 bat,0.0
mean,2025,42,85,ES1 4 bat,0.0
mean,2025,42,86,ES1 4 bat,0.0
mean,2025,42,87,ES1 4 bat,0.0
mean,2025,42,88,ES1 4 bat,0.0
mean,2025,42,89,ES1 4 bat,0.0
mean,2025,42,90,ES1 4 bat,-1.1871536405823175
mean,2025,42,91,ES1 4 bat,0.0
mean,2025,42,92,ES1 4 bat,0.0
mean,2025,42,93,ES1 4 bat,0.0
mean,2025,42,94,ES1 4 bat,0.0
mean,2025,42,95,ES1 4 bat,0.0
mean,2025,42,96,ES1 4 bat,0.0
mean,2025,42,97,ES1 4 bat,0.0
mean,2025,42,98,ES1 4 bat,0.0
mean,2025,42,99,ES1 4 bat,0.0
mean,2025,42,100,ES1 4 bat,0.0
mean,2025,42,101,ES1 4 bat,0.0
mean,2025,42,102,ES1 4 bat,0.0
mean,2025,42,103,ES1 4 bat,0.0
mean,2025,42,104,ES1 4 bat,0.0
mean,2025,42,105,ES1 4 bat,0.0
mean,2025,42,106,ES1 4 bat,0.0
mean,2025,42,107,ES1 4 bat,0.0
mean,2025,42,108,ES1 4 bat,0.0
mean,2025,42,109,ES1 4 bat,0.0
mean,2025,42,110,ES1 4 bat,0.0
mean,2025,42,111,ES1 4 bat,0.0
mean,2025,42,112,ES1 4 bat,0.0
mean,2025,42,113,ES1 4 bat,0.0
mean,2025,42,114,ES1 4 bat,-0.0025346773840046557
mean,2025,42,115,ES1 4 bat,0.0
mean,2025,42,116,ES1 4 bat,0.0
mean,2025,42,117,ES1 4 bat,0.0
mean,2025,42,118,ES1 4 bat,0.0
mean,2025,42,119,ES1 4 bat,0.0
mean,2025,42,120,ES1 4 bat,0.0
mean,2025,42,121,ES1 4 bat,0.0
mean,2025,42,122,ES1 4 bat,0.0
mean,2025,42,123,ES1 4 bat,0.0
mean,2025,42,124,ES1 4 bat,-0.0024928198384321595
mean,2025,42,125,ES1 4 bat,0.0
mean,2025,42,126,ES1 4 bat,0.0
mean,2025,42,127,ES1 4 bat,0.0
mean,2025,42,128,ES1 4 bat,0.0
mean,2025,42,129,ES1 4 bat,0.0
mean,2025,42,130,ES1 4 bat,0.0
mean,2025,42,131,ES1 4 bat,0.0
mean,2025,42,132,ES1 4 bat,0.0
mean,2025,42,133,ES1 4 bat,0.0
mean,2025,42,134,ES1 4 bat,0.0
mean,2025,42,135,ES1 4 bat,0.0
mean,2025,42,136,ES1 4 bat,0.0
mean,2025,42,137,ES1 4 bat,0.0
mean,2025,42,138,ES1 4 bat,-0.0025261642585425997
mean,2025,42,139,ES1 4 bat,0.0
mean,2025,42,140,ES1 4 bat,0.0
mean,2025,42,141,ES1 4 bat,0.0
mean,2025,42,142,ES1 4 bat,0.0
mean,2025,42,143,ES1 4 bat,0.0
mean,2025,42,144,ES1 4 bat,0.0
mean,2025,42,145,ES1 4 bat,0.0
mean,2025,42,146,ES1 4 bat,0.0
mean,2025,42,147,ES1 4 bat,0.0
mean,2025,42,148,ES1 4 bat,0.0
mean,2025,42,149,ES1 4 bat,0.0
mean,2025,42,150,ES1 4 bat,0.0
mean,2025,42,151,ES1 4 bat,0.0
mean,2025,42,152,ES1 4 bat,0.0
mean,2025,42,153,ES1 4 bat,0.0
mean,2025,42,154,ES1 4 bat,0.0
mean,2025,42,155,ES1 4 bat,0.0
mean,2025,42,156,ES1 4 bat,0.0
mean,2025,42,157,ES1 4 bat,0.0
mean,2025,42,158,ES1 4 bat,0.0
mean,2025,42,159,ES1 4 bat,0.0
mean,2025,42,160,ES1 4 bat,0.0
mean,2025,42,161,ES1 4 bat,0.0
mean,2025,42,162,ES1 4 bat,0.0
mean,2025,42,163,ES1 4 bat,0.0
mean,2025,42,164,ES1 4 bat,0.0
mean,2025,42,165,ES1 4 bat,0.0
mean,2025,42,166,ES1 4 bat,0.0
mean,2025,42,167,ES1 4 bat,0.0
mean,2025,52,0,ES1 4 bat,-60.80310336335961
mean,2025,52,1,ES1 4 bat,0.0
mean,2025,52,2,ES1 4 bat,0.0
mean,2025,52,3,ES1 4 bat,0.0
mean,2025,52,4,ES1 4 bat,0.0
mean,2025,52,5,ES1 4 bat,0.0
mean,2025,52,6,ES1 4 bat,0.0
mean,2025,52,7,ES1 4 bat,0.0
mean,2025,52,8,ES1 4 bat,0.0
mean,2025,52,9,ES1 4 bat,0.0
mean,2025,52,10,ES1 4 bat,0.0
mean,2025,52,11,ES1 4 bat,0.0
mean,2025,52,12,ES1 4 bat,0.0
mean,2025,52,13,ES1 4 bat,0.0
mean,2025,52,14,ES1 4 bat,0.0
mean,2025,52,15,ES1 4 bat,0.0
mean,2025,52,16,ES1 4 bat,0.0
mean,2025,52,17,ES1 4 bat,-0.0024928198384321595
mean,2025,52,18,ES1 4 bat,0.0
mean,2025,52,19,ES1 4 bat,0.0
mean,2025,52,20,ES1 4 bat,0.0
mean,2025,52,21,ES1 4 bat,0.0
mean,2025,52,22,ES1 4 bat,0.0
mean,2025,52,23,ES1 4 bat,0.0
mean,2025,52,24,ES1 4 bat,0.0
mean,2025,52,25,ES1 4 bat,0.0
mean,2025,52,26,ES1 4 bat,0.0
mean,2025,52,27,ES1 4 bat,0.0
mean,2025,52,28,ES1 4 bat,0.0
mean,2025,52,29,ES1 4 bat,0.0
mean,2025,52,30,ES1 4 bat,0.0
mean,2025,52,31,ES1 4 bat,0.0
mean,2025,52,32,ES1 4 bat,0.0
mean,2025,52,33,ES1 4 bat,0.0
mean,2025,52,34,ES1 4 bat,0.0
mean,2025,52,35,ES1 4 bat,0.0
mean,2025,52,36,ES1 4 bat,0.0
mean,2025,52,37,ES1 4 bat,0.0
mean,2025,52,38,ES1 4 bat,0.0
mean,2025,52,39,ES1 4 bat,0.0
mean,2025,52,40,ES1 4 bat,0.0
mean,2025,52,41,ES1 4 bat,0.0
mean,2025,52,42,ES1 4 bat,0.0
mean,2025,52,43,ES1 4 bat,0.0
mean,2025,52,44,ES1 4 bat,0.0
mean,2025,52,45,ES1 4 bat,0.0
mean,2025,52,46,ES1 4 bat,0.0
mean,2025,52,47,ES1 4 bat,0.0
mean,2025,52,48,ES1 4 bat,0.0
mean,2025,52,49,ES1 4 bat,0.0
mean,2025,52,50,ES1 4 bat,0.0
mean,2025,52,51,ES1 4 bat,0.0
mean,2025,52,52,ES1 4 bat,0.0
mean,2025,52,53,ES1 4 bat,0.0
mean,2025,52,54,ES1 4 bat,0.0
mean,2025,52,55,ES1 4 bat,0.0
mean,2025,52,56,ES1 4 bat,0.0
mean,2025,52,57,ES1 4 bat,0.0
mean,2025,52,58,ES1 4 bat,0.0
mean,2025,52,59,ES1 4 bat,0.0
mean,2025,52,60,ES1 4 bat,0.0
mean,2025,52,61,ES1 4 bat,0.0
mean,2025,52,62,ES1 4 bat,0.0
mean,2025,52,63,ES1 4 bat,0.0
mean,2025,52,64,ES1 4 bat,0.0
mean,2025,52,65,ES1 4 bat,0.0
mean,2025,52,66,ES1 4 bat,0.0
mean,2025,52,67,ES1 4 bat,0.0
mean,2025,52,68,ES1 4 bat,0.0
mean,2025,52,69,ES1 4 bat,0.0
mean,2025,52,70,ES1 4 bat,0.0
mean,2025,52,71,ES1 4 bat,0.0
mean,2025,52,72,ES1 4 bat,0.0
mean,2025,52,73,ES1 4 bat,0.0
mean,2025,52,74,ES1 4 bat,0.0
mean,2025,52,75,ES1 4 bat,0.0
mean,2025,52,76,ES1 4 bat,0.0
mean,2025,52,77,ES1 4 bat,0.0
mean,2025,52,78,ES1 4 bat,0.0
mean,2025,52,79,ES1 4 bat,0.0
mean,2025,52,80,ES1 4 bat,0.0
mean,2025,52,81,ES1 4 bat,0.0
mean,2025,52,82,ES1 4 bat,0.0
mean,2025,52,83,ES1 4 bat,0.0
mean,2025,52,84,ES1 4 bat,0.0
mean,2025,52,85,ES1 4 bat,0.0
mean,2025,52,86,ES1 4 bat,0.0
mean,2025,52,87,ES1 4 bat,0.0
mean,2025,52,88,ES1 4 bat,0.0
mean,2025,52,89,ES1 4 bat,0.0
mean,2025,52,90,ES1 4 bat,0.0
mean,2025,52,91,ES1 4 bat,0.0
mean,2025,52,92,ES1 4 bat,0.0
mean,2025,52,93,ES1 4 bat,0.0
mean,2025,52,94,ES1 4 bat,0.0
mean,2025,52,95,ES1 4 bat,0.0
mean,2025,52,96,ES1 4 bat,0.0
mean,2025,52,97,ES1 4 bat,0.0
mean,2025,52,98,ES1 4 bat,0.0
mean,2025,52,99,ES1 4 bat,0.0
mean,2025,52,100,ES1 4 bat,0.0
mean,2025,52,101,ES1 4 bat,0.0
mean,2025,52,102,ES1 4 bat,0.0
mean,2025,52,103,ES1 4 bat,0.0
mean,2025,52,104,ES1 4 bat,0.0
mean,2025,52,105,ES1 4 bat,0.0
mean,2025,52,106,ES1 4 bat,0.0
mean,2025,52,107,ES1 4 bat,0.0
mean,2025,52,108,ES1 4 bat,0.0
mean,2025,52,109,ES1 4 bat,0.0
mean,2025,52,110,ES1 4 bat,0.0
mean,2025,52,111,ES1 4 bat,0.0
mean,2025,52,112,ES1 4 bat,0.0
mean,2025,52,113,ES1 4 bat,0.0
mean,2025,52,114,ES1 4 bat,0.0
mean,2025,52,115,ES1 4 bat,0.0
mean,2025,52,116,ES1 4 bat,0.0
mean,2025,52,117,ES1 4 bat,0.0
mean,2025,52,118,ES1 4 bat,0.0
mean,2025,52,119,ES1 4 bat,0.0
mean,2025,52,120,ES1 4 bat,0.0
mean,2025,52,121,ES1 4 bat,0.0
mean,2025,52,122,ES1 4 bat,0.0
mean,2025,52,123,ES1 4 bat,0.0
mean,2025,52,124,ES1 4 bat,0.0
mean,2025,52,125,ES1 4 bat,0.0
mean,2025,52,126,ES1 4 bat,0.0
mean,2025,52,127,ES1 4 bat,0.0
mean,2025,52,128,ES1 4 bat,0.0
mean,2025,52,129,ES1 4 bat,0.0
mean,2025,52,130,ES1 4 bat,0.0
mean,2025,52,131,ES1 4 bat,0.0
mean,2025,52,132,ES1 4 bat,0.0
mean,2025,52,133,ES1 4 bat,0.0
mean,2025,52,134,ES1 4 bat,0.0
mean,2025,52,135,ES1 4 bat,0.0
mean,2025,52,136,ES1 4 bat,0.0
mean,2025,52,137,ES1 4 bat,0.0
mean,2025,52,138,ES1 4 bat,0.0
mean,2025,52,139,ES1 4 bat,0.0
mean,2025,52,140,ES1 4 bat,0.0
mean,2025,52,141,ES1 4 bat,0.0
mean,2025,52,142,ES1 4 bat,0.0
mean,2025,52,143,ES1 4 bat,0.0
mean,2025,52,144,ES1 4 bat,0.0
mean,2025,52,145,ES1 4 bat,0.0
mean,2025,52,146,ES1 4 bat,0.0
mean,2025,52,147,ES1 4 bat,0.0
mean,2025,52,148,ES1 4 bat,0.0
mean,2025,52,149,ES1 4 bat,0.0
mean,2025,52,150,ES1 4 bat,-0.0025177163776738966
mean,2025,52,151,ES1 4 bat,0.0
mean,2025,52,152,ES1 4 bat,0.0
mean,2025,52,153,ES1 4 bat,0.0
mean,2025,52,154,ES1 4 bat,0.0
mean,2025,52,155,ES1 4 bat,0.0
mean,2025,52,156,ES1 4 bat,0.0
mean,2025,52,157,ES1 4 bat,0.0
mean,2025,52,158,ES1 4 bat,0.0
mean,2025,52,159,ES1 4 bat,0.0
mean,2025,52,160,ES1 4 bat,0.0
mean,2025,52,161,ES1 4 bat,-0.0025261642585425997
mean,2025,52,162,ES1 4 bat,0.0
mean,2025,52,163,ES1 4 bat,0.0
mean,2025,52,164,ES1 4 bat,0.0
mean,2025,52,165,ES1 4 bat,0.0
mean,2025,52,166,ES1 4 bat,0.0
mean,2025,52,167,ES1 4 bat,0.0
mean,2030,11,0,ES1 4 bat,-0.014510054552981618
mean,2030,11,1,ES1 4 bat,0.0
mean,2030,11,2,ES1 4 bat,0.0
mean,2030,11,3,ES1 4 bat,0.0
mean,2030,11,4,ES1 4 bat,0.0
mean,2030,11,5,ES1 4 bat,0.0
mean,2030,11,6,ES1 4 bat,0.0
mean,2030,11,7,ES1 4 bat,0.0
mean,2030,11,8,ES1 4 bat,0.0
mean,2030,11,9,ES1 4 bat,0.0
mean,2030,11,10,ES1 4 bat,0.0
mean,2030,11,11,ES1 4 bat,0.0
mean,2030,11,12,ES1 4 bat,0.0
mean,2030,11,13,ES1 4 bat,0.0
mean,2030,11,14,ES1 4 bat,0.0
mean,2030,11,15,ES1 4 bat,0.0
mean,2030,11,16,ES1 4 bat,0.0
mean,2030,11,17,ES1 4 bat,0.0
mean,2030,11,18,ES1 4 bat,0.0
mean,2030,11,19,ES1 4 bat,0.0
mean,2030,11,20,ES1 4 bat,0.0
mean,2030,11,21,ES1 4 bat,0.0
mean,2030,11,22,ES1 4 bat,0.0
mean,2030,11,23,ES1 4 bat,0.0
mean,2030,11,24,ES1 4 bat,0.0
mean,2030,11,25,ES1 4 bat,0.0
mean,2030,11,26,ES1 4 bat,0.0
mean,2030,11,27,ES1 4 bat,0.0
mean,2030,11,28,ES1 4 bat,0.0
mean,2030,11,29,ES1 4 bat,0.0
mean,2030,11,30,ES1 4 bat,0.0
mean,2030,11,31,ES1 4 bat,0.0
mean,2030,11,32,ES1 4 bat,0.0
mean,2030,11,33,ES1 4 bat,0.0
mean,2030,11,34,ES1 4 bat,0.0
mean,2030,11,35,ES1 4 bat,0.0
mean,2030,11,36,ES1 4 bat,0.0
mean,2030,11,37,ES1 4 bat,0.0
mean,2030,11,38,ES1 4 bat,0.0
mean,2030,11,39,ES1 4 bat,0.0
mean,2030,11,40,ES1 4 bat,0.0
mean,2030,11,41,ES1 4 bat,0.0
mean,2030,11,42,ES1 4 bat,0.0
mean,2030,11,43,ES1 4 bat,0.0
mean,2030,11,44,ES1 4 bat,0.0
mean,2030,11,45,ES1 4 bat,0.0
mean,2030,11,46,ES1 4 bat,0.0
mean,2030,11,47,ES1 4 bat,0.0
mean,2030,11,48,ES1 4 bat,0.0
mean,2030,11,49,ES1 4 bat,0.0
mean,2030,11,50,ES1 4 bat,0.0
mean,2030,11,51,ES1 4 bat,0.0
mean,2030,11,52,ES1 4 bat,0.0
mean,2030,11,53,ES1 4 bat,0.0
mean,2030,11,54,ES1 4 bat,0.0
mean,2030,11,55,ES1 4 bat,0.0
mean,2030,11,56,ES1 4 bat,0.0
mean,2030,11,57,ES1 4 bat,0.0
mean,2030,11,58,ES1 4 bat,0.0
mean,2030,11,59,ES1 4 bat,0.0
mean,2030,11,60,ES1 4 bat,0.0
mean,2030,11,61,ES1 4 bat,0.0
mean,2030,11,62,ES1 4 bat,0.0
mean,2030,11,63,ES1 4 bat,0.0
mean,2030,11,64,ES1 4 bat,0.0
mean,2030,11,65,ES1 4 bat,0.0
mean,2030,11,66,ES1 4 bat,0.0
mean,2030,11,67,ES1 4 bat,0.0
mean,2030,11,68,ES1 4 bat,0.0
mean,2030,11,69,ES1 4 bat,0.0
mean,2030,11,70,ES1 4 bat,0.0
mean,2030,11,71,ES1 4 bat,0.0
mean,2030,11,72,ES1 4 bat,0.0
mean,2030,11,73,ES1 4 bat,0.0
mean,2030,11,74,ES1 4 bat,0.0
mean,2030,11,75,ES1 4 bat,0.0
mean,2030,11,76,ES1 4 bat,0.0
mean,2030,11,77,ES1 4 bat,0.0
mean,2030,11,78,ES1 4 bat,0.0
mean,2030,11,79,ES1 4 bat,0.0
mean,2030,11,80,ES1 4 bat,0.0
mean,2030,11,81,ES1 4 bat,0.0
mean,2030,11,82,ES1 4 bat,0.0
mean,2030,11,83,ES1 4 bat,0.0
mean,2030,11,84,ES1 4 bat,0.0
mean,2030,11,85,ES1 4 bat,0.0
mean,2030,11,86,ES1 4 bat,0.0
mean,2030,11,87,ES1 4 bat,-0.003729051876725796
mean,2030,11,88,ES1 4 bat,-0.0038958634137620553
mean,2030,11,89,ES1 4 bat,-0.003944060787230016
mean,2030,11,90,ES1 4 bat,0.0
mean,2030,11,91,ES1 4 bat,1.7442364143590402e-14
mean,2030,11,92,ES1 4 bat,0.0
mean,2030,11,93,ES1 4 bat,0.0
mean,2030,11,94,ES1 4 bat,0.0
mean,2030,11,95,ES1 4 bat,0.0
mean,2030,11,96,ES1 4 bat,0.0
mean,2030,11,97,ES1 4 bat,0.0
mean,2030,11,98,ES1 4 bat,0.0
mean,2030,11,99,ES1 4 bat,0.0
mean,2030,11,100,ES1 4 bat,0.0
mean,2030,11,101,ES1 4 bat,0.0
mean,2030,11,102,ES1 4 bat,0.0
mean,2030,11,103,ES1 4 bat,0.0
mean,2030,11,104,ES1 4 bat,0.0
mean,2030,11,105,ES1 4 bat,0.0
mean,2030,11,106,ES1 4 bat,0.0
mean,2030,11,107,ES1 4 bat,0.0
mean,2030,11,108,ES1 4 bat,0.0
mean,2030,11,109,ES1 4 bat,0.0
mean,2030,11,110,ES1 4 bat,0.0
mean,2030,11,111,ES1 4 bat,0.0
mean,2030,11,112,ES1 4 bat,0.0
mean,2030,11,113,ES1 4 bat,0.0
mean,2030,11,114,ES1 4 bat,0.0
mean,2030,11,115,ES1 4 bat,-0.006439751908137997
mean,2030,11,116,ES1 4 bat,0.0
mean,2030,11,117,ES1 4 bat,0.0
mean,2030,11,118,ES1 4 bat,0.0
mean,2030,11,119,ES1 4 bat,0.0
mean,2030,11,120,ES1 4 bat,0.0
mean,2030,11,121,ES1 4 bat,0.0
mean,2030,11,122,ES1 4 bat,0.0
mean,2030,11,123,ES1 4 bat,0.0
mean,2030,11,124,ES1 4 bat,0.0
mean,2030,11,125,ES1 4 bat,0.0
mean,2030,11,126,ES1 4 bat,0.0
mean,2030,11,127,ES1 4 bat,0.0
mean,2030,11,128,ES1 4 bat,0.0
mean,2030,11,129,ES1 4 bat,0.0
mean,2030,11,130,ES1 4 bat,0.0
mean,2030,11,131,ES1 4 bat,0.0
mean,2030,11,132,ES1 4 bat,0.0
mean,2030,11,133,ES1 4 bat,0.0
mean,2030,11,134,ES1 4 bat,0.0
mean,2030,11,135,ES1 4 bat,0.0
mean,2030,11,136,ES1 4 bat,0.0
mean,2030,11,137,ES1 4 bat,0.0
mean,2030,11,138,ES1 4 bat,0.0
mean,2030,11,139,ES1 4 bat,-0.0025261642585425997
mean,2030,11,140,ES1 4 bat,0.0
mean,2030,11,141,ES1 4 bat,0.0
mean,2030,11,142,ES1 4 bat,0.0
mean,2030,11,143,ES1 4 bat,0.0
mean,2030,11,144,ES1 4 bat,0.0
mean,2030,11,145,ES1 4 bat,0.0
mean,2030,11,146,ES1 4 bat,0.0
mean,2030,11,147,ES1 4 bat,0.0
mean,2030,11,148,ES1 4 bat,0.0
mean,2030,11,149,ES1 4 bat,0.0
mean,2030,11,150,ES1 4 bat,0.0
mean,2030,11,151,ES1 4 bat,0.0
mean,2030,11,152,ES1 4 bat,0.0
mean,2030,11,153,ES1 4 bat,0.0
mean,2030,11,154,ES1 4 bat,0.0
mean,2030,11,155,ES1 4 bat,0.0
mean,2030,11,156,ES1 4 bat,0.0
mean,2030,11,157,ES1 4 bat,0.0
mean,2030,11,158,ES1 4 bat,0.0
mean,2030,11,159,ES1 4 bat,0.0
mean,2030,11,160,ES1 4 bat,0.0
mean,2030,11,161,ES1 4 bat,0.0
mean,2030,11,162,ES1 4 bat,0.0
mean,2030,11,163,ES1 4 bat,0.0
mean,2030,11,164,ES1 4 bat,0.0
mean,2030,11,165,ES1 4 bat,0.0
mean,2030,11,166,ES1 4 bat,0.0
mean,2030,11,167,ES1 4 bat,0.0
mean,2030,21,0,ES1 4 bat,-61.7194625787168
mean,2030,21,1,ES1 4 bat,0.0
mean,2030,21,2,ES1 4 bat,0.0
mean,2030,21,3,ES1 4 bat,0.0
mean,2030,21,4,ES1 4 bat,0.0
mean,2030,21,5,ES1 4 bat,0.0
mean,2030,21,6,ES1 4 bat,0.0
mean,2030,21,7,ES1 4 bat,0.0
mean,2030,21,8,ES1 4 bat,0.0
mean,2030,21,9,ES1 4 bat,0.0
mean,2030,21,10,ES1 4 bat,0.0
mean,2030,21,11,ES1 4 bat,0.0
mean,2030,21,12,ES1 4 bat,0.0
mean,2030,21,13,ES1 4 bat,0.0
mean,2030,21,14,ES1 4 bat,0.0
mean,2030,21,15,ES1 4 bat,0.0
mean,2030,21,16,ES1 4 bat,0.0
mean,2030,21,17,ES1 4 bat,0.0
mean,2030,21,18,ES1 4 bat,0.0
mean,2030,21,19,ES1 4 bat,0.0
mean,2030,21,20,ES1 4 bat,0.0
mean,2030,21,21,ES1 4 bat,0.0
mean,2030,21,22,ES1 4 bat,0.0
mean,2030,21,23,ES1 4 bat,0.0
mean,2030,21,24,ES1 4 bat,0.0
mean,2030,21,25,ES1 4 bat,0.0
mean,2030,21,26,ES1 4 bat,0.0
mean,2030,21,27,ES1 4 bat,0.0
mean,2030,21,28,ES1 4 bat,0.0
mean,2030,21,29,ES1 4 bat,0.0
mean,2030,21,30,ES1 4 bat,0.0
mean,2030,21,31,ES1 4 bat,0.0
mean,2030,21,32,ES1 4 bat,0.0
mean,2030,21,33,ES1 4 bat,0.0
mean,2030,21,34,ES1 4 bat,0.0
mean,2030,21,35,ES1 4 bat,0.0
mean,2030,21,36,ES1 4 bat,0.0
mean,2030,21,37,ES1 4 bat,0.0
mean,2030,21,38,ES1 4 bat,0.0
mean,2030,21,39,ES1 4 bat,0.0
mean,2030,21,40,ES1 4 bat,0.0
mean,2030,21,41,ES1 4 bat,0.0
mean,2030,21,42,ES1 4 bat,0.0
mean,2030,21,43,ES1 4 bat,0.0
mean,2030,21,44,ES1 4 bat,0.0
mean,2030,21,45,ES1 4 bat,0.0
mean,2030,21,46,ES1 4 bat,0.0
mean,2030,21,47,ES1 4 bat,0.0
mean,2030,21,48,ES1 4 bat,0.0
mean,2030,21,49,ES1 4 bat,0.0
mean,2030,21,50,ES1 4 bat,0.0
mean,2030,21,51,ES1 4 bat,0.0
mean,2030,21,52,ES1 4 bat,0.0
mean,2030,21,53,ES1 4 bat,0.0
mean,2030,21,54,ES1 4 bat,0.0
mean,2030,21,55,ES1 4 bat,0.0
mean,2030,21,56,ES1 4 bat,0.0
mean,2030,21,57,ES1 4 bat,0.0
mean,2030,21,58,ES1 4 bat,0.0
mean,2030,21,59,ES1 4 bat,0.0
mean,2030,21,60,ES1 4 bat,0.0
mean,2030,21,61,ES1 4 bat,0.0
mean,2030,21,62,ES1 4 bat,0.0
mean,2030,21,63,ES1 4 bat,0.0
mean,2030,21,64,ES1 4 bat,-6.065406845606974e-07
mean,2030,21,65,ES1 4 bat,0.0
mean,2030,21,66,ES1 4 bat,0.0
mean,2030,21,67,ES1 4 bat,0.0
mean,2030,21,68,ES1 4 bat,-1.4000075517258665e-06
mean,2030,21,69,ES1 4 bat,0.0
mean,2030,21,70,ES1 4 bat,0.0
mean,2030,21,71,ES1 4 bat,0.0
mean,2030,21,72,ES1 4 bat,0.0
mean,2030,21,73,ES1 4 bat,0.0
mean,2030,21,74,ES1 4 bat,0.0
mean,2030,21,75,ES1 4 bat,0.0
mean,2030,21,76,ES1 4 bat,0.0
mean,2030,21,77,ES1 4 bat,-0.00011475460427500356
mean,2030,21,78,ES1 4 bat,-8.744889630375024
mean,2030,21,79,ES1 4 bat,0.0
mean,2030,21,80,ES1 4 bat,0.0
mean,2030,21,81,ES1 4 bat,0.0
mean,2030,21,82,ES1 4 bat,0.0
mean,2030,21,83,ES1 4 bat,0.0
mean,2030,21,84,ES1 4 bat,0.0
mean,2030,21,85,ES1 4 bat,0.0
mean,2030,21,86,ES1 4 bat,0.0
mean,2030,21,87,ES1 4 bat,0.0
mean,2030,21,88,ES1 4 bat,-6.065406845606974e-07
mean,2030,21,89,ES1 4 bat,0.0
mean,2030,21,90,ES1 4 bat,-6.065406845585683e-07
mean,2030,21,91,ES1 4 bat,0.0
mean,2030,21,92,ES1 4 bat,0.0
mean,2030,21,93,ES1 4 bat,0.0
mean,2030,21,94,ES1 4 bat,0.0
mean,2030,21,95,ES1 4 bat,0.0
mean,2030,21,96,ES1 4 bat,0.0
mean,2030,21,97,ES1 4 bat,0.0
mean,2030,21,98,ES1 4 bat,0.0
mean,2030,21,99,ES1 4 bat,0.0
mean,2030,21,100,ES1 4 bat,0.0
mean,2030,21,101,ES1 4 bat,0.0
mean,2030,21,102,ES1 4 bat,0.0
mean,2030,21,103,ES1 4 bat,0.0
mean,2030,21,104,ES1 4 bat,0.0
mean,2030,21,105,ES1 4 bat,0.0
mean,2030,21,106,ES1 4 bat,0.0
mean,2030,21,107,ES1 4 bat,0.0
mean,2030,21,108,ES1 4 bat,0.0
mean,2030,21,109,ES1 4 bat,0.0
mean,2030,21,110,ES1 4 bat,0.0
mean,2030,21,111,ES1 4 bat,0.0
mean,2030,21,112,ES1 4 bat,-0.00024757482299439683
mean,2030,21,113,ES1 4 bat,-0.00028669388126697457
mean,2030,21,114,ES1 4 bat,-0.0002860992671010873
mean,2030,21,115,ES1 4 bat,-0.0024928198384321595
mean,2030,21,116,ES1 4 bat,0.0
mean,2030,21,117,ES1 4 bat,0.0
mean,2030,21,118,ES1 4 bat,0.0
mean,2030,21,119,ES1 4 bat,0.0
mean,2030,21,120,ES1 4 bat,0.0
mean,2030,21,121,ES1 4 bat,0.0
mean,2030,21,122,ES1 4 bat,0.0
mean,2030,21,123,ES1 4 bat,0.0
mean,2030,21,124,ES1 4 bat,0.0
mean,2030,21,125,ES1 4 bat,0.0
mean,2030,21,126,ES1 4 bat,0.0
mean,2030,21,127,ES1 4 bat,0.0
mean,2030,21,128,ES1 4 bat,0.0
mean,2030,21,129,ES1 4 bat,0.0
mean,2030,21,130,ES1 4 bat,0.0
mean,2030,21,131,ES1 4 bat,0.0
mean,2030,21,132,ES1 4 bat,0.0
mean,2030,21,133,ES1 4 bat,0.0
mean,2030,21,134,ES1 4 bat,0.0
mean,2030,21,135,ES1 4 bat,0.0
mean,2030,21,136,ES1 4 bat,-0.0038522869990759725
mean,2030,21,137,ES1 4 bat,-0.0040290125145975905
mean,2030,21,138,ES1 4 bat,0.0
mean,2030,21,139,ES1 4 bat,0.0
mean,2030,21,140,ES1 4 bat,0.0
mean,2030,21,141,ES1 4 bat,0.0
mean,2030,21,142,ES1 4 bat,0.0
mean,2030,21,143,ES1 4 bat,0.0
mean,2030,21,144,ES1 4 bat,0.0
mean,2030,21,145,ES1 4 bat,0.0
mean,2030,21,146,ES1 4 bat,0.0
mean,2030,21,147,ES1 4 bat,0.0
mean,2030,21,148,ES1 4 bat,0.0
mean,2030,21,149,ES1 4 bat,0.0
mean,2030,21,150,ES1 4 bat,0.0
mean,2030,21,151,ES1 4 bat,0.0
mean,2030,21,152,ES1 4 bat,0.0
mean,2030,21,153,ES1 4 bat,0.0
mean,2030,21,154,ES1 4 bat,0.0
mean,2030,21,155,ES1 4 bat,0.0
mean,2030,21,156,ES1 4 bat,0.0
mean,2030,21,157,ES1 4 bat,0.0
mean,2030,21,158,ES1 4 bat,0.0
mean,2030,21,159,ES1 4 bat,-0.0036562685848924377
mean,2030,21,160,ES1 4 bat,0.0
mean,2030,21,161,ES1 4 bat,0.0
mean,2030,21,162,ES1 4 bat,0.0
mean,2030,21,163,ES1 4 bat,0.0
mean,2030,21,164,ES1 4 bat,-0.0025261642585425997
mean,2030,21,165,ES1 4 bat,0.0
mean,2030,21,166,ES1 4 bat,0.0
mean,2030,21,167,ES1 4 bat,0.0
mean,2030,42,0,ES1 4 bat,-63.11374516817131
mean,2030,42,1,ES1 4 bat,0.0
mean,2030,42,2,ES1 4 bat,0.0
mean,2030,42,3,ES1 4 bat,0.0
mean,2030,42,4,ES1 4 bat,0.0
mean,2030,42,5,ES1 4 bat,0.0
mean,2030,42,6,ES1 4 bat,0.0
mean,2030,42,7,ES1 4 bat,0.0
mean,2030,42,8,ES1 4 bat,0.0
mean,2030,42,9,ES1 4 bat,0.0
mean,2030,42,10,ES1 4 bat,0.0
mean,2030,42,11,ES1 4 bat,0.0
mean,2030,42,12,ES1 4 bat,0.0
mean,2030,42,13,ES1 4 bat,0.0
mean,2030,42,14,ES1 4 bat,0.0
mean,2030,42,15,ES1 4 bat,0.0
mean,2030,42,16,ES1 4 bat,0.0
mean,2030,42,17,ES1 4 bat,0.0
mean,2030,42,18,ES1 4 bat,0.0
mean,2030,42,19,ES1 4 bat,0.0
mean,2030,42,20,ES1 4 bat,0.0
mean,2030,42,21,ES1 4 bat,0.0
mean,2030,42,22,ES1 4 bat,0.0
mean,2030,42,23,ES1 4 bat,0.0
mean,2030,42,24,ES1 4 bat,0.0
mean,2030,42,25,ES1 4 bat,0.0
mean,2030,42,26,ES1 4 bat,0.0
mean,2030,42,27,ES1 4 bat,0.0
mean,2030,42,28,ES1 4 bat,0.0
mean,2030,42,29,ES1 4 bat,0.0
mean,2030,42,30,ES1 4 bat,0.0
mean,2030,42,31,ES1 4 bat,0.0
mean,2030,42,32,ES1 4 bat,0.0
mean,2030,42,33,ES1 4 bat,0.0
mean,2030,42,34,ES1 4 bat,0.0
mean,2030,42,35,ES1 4 bat,0.0
mean,2030,42,36,ES1 4 bat,0.0
mean,2030,42,37,ES1 4 bat,0.0
mean,2030,42,38,ES1 4 bat,0.0
mean,2030,42,39,ES1 4 bat,0.0
mean,2030,42,40,ES1 4 bat,0.0
mean,2030,42,41,ES1 4 bat,0.0
mean,2030,42,42,ES1 4 bat,-0.18497301509984548
mean,2030,42,43,ES1 4 bat,0.0
mean,2030,42,44,ES1 4 bat,0.0
mean,2030,42,45,ES1 4 bat,0.0
mean,2030,42,46,ES1 4 bat,0.0
mean,2030,42,47,ES1 4 bat,0.0
mean,2030,42,48,ES1 4 bat,0.0
mean,2030,42,49,ES1 4 bat,0.0
mean,2030,42,50,ES1 4 bat,0.0
mean,2030,42,51,ES1 4 bat,0.0
mean,2030,42,52,ES1 4 bat,0.0
mean,2030,42,53,ES1 4 bat,0.0
mean,2030,42,54,ES1 4 bat,-0.0024928198384321595
mean,2030,42,55,ES1 4 bat,0.0
mean,2030,42,56,ES1 4 bat,0.0
mean,2030,42,57,ES1 4 bat,0.0
mean,2030,42,58,ES1 4 bat,0.0
mean,2030,42,59,ES1 4 bat,0.0
mean,2030,42,60,ES1 4 bat,0.0
mean,2030,42,61,ES1 4 bat,0.0
mean,2030,42,62,ES1 4 bat,0.0
mean,2030,42,63,ES1 4 bat,0.0
mean,2030,42,64,ES1 4 bat,0.0
mean,2030,42,65,ES1 4 bat,0.0
mean,2030,42,66,ES1 4 bat,0.0
mean,2030,42,67,ES1 4 bat,0.0
mean,2030,42,68,ES1 4 bat,0.0
mean,2030,42,69,ES1 4 bat,0.0
mean,2030,42,70,ES1 4 bat,0.0
mean,2030,42,71,ES1 4 bat,0.0
mean,2030,42,72,ES1 4 bat,0.0
mean,2030,42,73,ES1 4 bat,0.0
mean,2030,42,74,ES1 4 bat,0.0
mean,2030,42,75,ES1 4 bat,0.0
mean,2030,42,76,ES1 4 bat,0.0
mean,2030,42,77,ES1 4 bat,0.0
mean,2030,42,78,ES1 4 bat,0.0
mean,2030,42,79,ES1 4 bat,0.0
mean,2030,42,80,ES1 4 bat,0.0
mean,2030,42,81,ES1 4 bat,0.0
mean,2030,42,82,ES1 4 bat,0.0
mean,2030,42,83,ES1 4 bat,0.0
mean,2030,42,84,ES1 4 bat,0.0
mean,2030,42,85,ES1 4 bat,0.0
mean,2030,42,86,ES1 4 bat,0.0
mean,2030,42,87,ES1 4 bat,0.0
mean,2030,42,88,ES1 4 bat,0.0
mean,2030,42,89,ES1 4 bat,-0.13307434403247734
mean,2030,42,90,ES1 4 bat,-7.08002165619282
mean,2030,42,91,ES1 4 bat,-0.6693051826551148
mean,2030,42,92,ES1 4 bat,0.0
mean,2030,42,93,ES1 4 bat,0.0
mean,2030,42,94,ES1 4 bat,0.0
mean,2030,42,95,ES1 4 bat,0.0
mean,2030,42,96,ES1 4 bat,0.0
mean,2030,42,97,ES1 4 bat,0.0
mean,2030,42,98,ES1 4 bat,0.0
mean,2030,42,99,ES1 4 bat,0.0
mean,2030,42,100,ES1 4 bat,0.0
mean,2030,42,101,ES1 4 bat,0.0
mean,2030,42,102,ES1 4 bat,0.0
mean,2030,42,103,ES1 4 bat,0.0
mean,2030,42,104,ES1 4 bat,0.0
mean,2030,42,105,ES1 4 bat,0.0
mean,2030,42,106,ES1 4 bat,0.0
mean,2030,42,107,ES1 4 bat,0.0
mean,2030,42,108,ES1 4 bat,0.0
mean,2030,42,109,ES1 4 bat,0.0
mean,2030,42,110,ES1 4 bat,0.0
mean,2030,42,111,ES1 4 bat,0.0
mean,2030,42,112,ES1 4 bat,0.0
mean,2030,42,113,ES1 4 bat,0.0
mean,2030,42,114,ES1 4 bat,0.0
mean,2030,42,115,ES1 4 bat,-0.002519415372276006
mean,2030,42,116,ES1 4 bat,0.0
mean,2030,42,117,ES1 4 bat,0.0
mean,2030,42,118,ES1 4 bat,0.0
mean,2030,42,119,ES1 4 bat,0.0
mean,2030,42,120,ES1 4 bat,0.0
mean,2030,42,121,ES1 4 bat,0.0
mean,2030,42,122,ES1 4 bat,0.0
mean,2030,42,123,ES1 4 bat,0.0
mean,2030,42,124,ES1 4 bat,0.0
mean,2030,42,125,ES1 4 bat,0.0
mean,2030,42,126,ES1 4 bat,0.0
mean,2030,42,127,ES1 4 bat,0.0
mean,2030,42,128,ES1 4 bat,0.0
mean,2030,42,129,ES1 4 bat,0.0
mean,2030,42,130,ES1 4 bat,0.0
mean,2030,42,131,ES1 4 bat,0.0
mean,2030,42,132,ES1 4 bat,0.0
mean,2030,42,133,ES1 4 bat,0.0
mean,2030,42,134,ES1 4 bat,0.0
mean,2030,42,135,ES1 4 bat,0.0
mean,2030,42,136,ES1 4 bat,0.0
mean,2030,42,137,ES1 4 bat,0.0
mean,2030,42,138,ES1 4 bat,-0.002510667344173171
mean,2030,42,139,ES1 4 bat,0.0
mean,2030,42,140,ES1 4 bat,0.0
mean,2030,42,141,ES1 4 bat,0.0
mean,2030,42,142,ES1 4 bat,0.0
mean,2030,42,143,ES1 4 bat,0.0
mean,2030,42,144,ES1 4 bat,0.0
mean,2030,42,145,ES1 4 bat,0.0
mean,2030,42,146,ES1 4 bat,0.0
mean,2030,42,147,ES1 4 bat,0.0
mean,2030,42,148,ES1 4 bat,0.0
mean,2030,42,149,ES1 4 bat,0.0
mean,2030,42,150,ES1 4 bat,0.0
mean,2030,42,151,ES1 4 bat,0.0
mean,2030,42,152,ES1 4 bat,0.0
mean,2030,42,153,ES1 4 bat,0.0
mean,2030,42,154,ES1 4 bat,0.0
mean,2030,42,155,ES1 4 bat,0.0
mean,2030,42,156,ES1 4 bat,0.0
mean,2030,42,157,ES1 4 bat,0.0
mean,2030,42,158,ES1 4 bat,-0.0035430082004076643
mean,2030,42,159,ES1 4 bat,-0.00385119168639554
mean,2030,42,160,ES1 4 bat,0.0
mean,2030,42,161,ES1 4 bat,0.0
mean,2030,42,162,ES1 4 bat,-0.002510667344173171
mean,2030,42,163,ES1 4 bat,0.0
mean,2030,42,164,ES1 4 bat,0.0
mean,2030,42,165,ES1 4 bat,0.0
mean,2030,42,166,ES1 4 bat,0.0
mean,2030,42,167,ES1 4 bat,0.0
mean,2030,52,0,ES1 4 bat,-60.416431813238646
mean,2030,52,1,ES1 4 bat,0.0
mean,2030,52,2,ES1 4 bat,0.0
mean,2030,52,3,ES1 4 bat,0.0
mean,2030,52,4,ES1 4 bat,0.0
mean,2030,52,5,ES1 4 bat,0.0
mean,2030,52,6,ES1 4 bat,0.0
mean,2030,52,7,ES1 4 bat,0.0
mean,2030,52,8,ES1 4 bat,0.0
mean,2030,52,9,ES1 4 bat,0.0
mean,2030,52,10,ES1 4 bat,0.0
mean,2030,52,11,ES1 4 bat,0.0
mean,2030,52,12,ES1 4 bat,0.0
mean,2030,52,13,ES1 4 bat,0.0
mean,2030,52,14,ES1 4 bat,0.0
mean,2030,52,15,ES1 4 bat,0.0
mean,2030,52,16,ES1 4 bat,0.0
mean,2030,52,17,ES1 4 bat,0.0
mean,2030,52,18,ES1 4 bat,0.0
mean,2030,52,19,ES1 4 bat,0.0
mean,2030,52,20,ES1 4 bat,0.0
mean,2030,52,21,ES1 4 bat,0.0
mean,2030,52,22,ES1 4 bat,0.0
mean,2030,52,23,ES1 4 bat,0.0
mean,2030,52,24,ES1 4 bat,0.0
mean,2030,52,25,ES1 4 bat,0.0
mean,2030,52,26,ES1 4 bat,0.0
mean,2030,52,27,ES1 4 bat,0.0
mean,2030,52,28,ES1 4 bat,0.0
mean,2030,52,29,ES1 4 bat,0.0
mean,2030,52,30,ES1 4 bat,0.0
mean,2030,52,31,ES1 4 bat,0.0
mean,2030,52,32,ES1 4 bat,0.0
mean,2030,52,33,ES1 4 bat,0.0
mean,2030,52,34,ES1 4 bat,0.0
mean,2030,52,35,ES1 4 bat,0.0
mean,2030,52,36,ES1 4 bat,0.0
mean,2030,52,37,ES1 4 bat,0.0
mean,2030,52,38,ES1 4 bat,0.0
mean,2030,52,39,ES1 4 bat,0.0
mean,2030,52,40,ES1 4 bat,0.0
mean,2030,52,41,ES1 4 bat,0.0
mean,2030,52,42,ES1 4 bat,0.0
mean,2030,52,43,ES1 4 bat,0.0
mean,2030,52,44,ES1 4 bat,0.0
mean,2030,52,45,ES1 4 bat,0.0
mean,2030,52,46,ES1 4 bat,0.0
mean,2030,52,47,ES1 4 bat,0.0
mean,2030,52,48,ES1 4 bat,0.0
mean,2030,52,49,ES1 4 bat,0.0
mean,2030,52,50,ES1 4 bat,0.0
mean,2030,52,51,ES1 4 bat,0.0
mean,2030,52,52,ES1 4 bat,0.0
mean,2030,52,53,ES1 4 bat,0.0
mean,2030,52,54,ES1 4 bat,0.0
mean,2030,52,55,ES1 4 bat,0.0
mean,2030,52,56,ES1 4 bat,0.0
mean,2030,52,57,ES1 4 bat,0.0
mean,2030,52,58,ES1 4 bat,0.0
mean,2030,52,59,ES1 4 bat,0.0
mean,2030,52,60,ES1 4 bat,0.0
mean,2030,52,61,ES1 4 bat,0.0
mean,2030,52,62,ES1 4 bat,0.0
mean,2030,52,63,ES1 4 bat,0.0
mean,2030,52,64,ES1 4 bat,0.0
mean,2030,52,65,ES1 4 bat,0.0
mean,2030,52,66,ES1 4 bat,0.0
mean,2030,52,67,ES1 4 bat,0.0
mean,2030,52,68,ES1 4 bat,0.0
mean,2030,52,69,ES1 4 bat,0.0
mean,2030,52,70,ES1 4 bat,0.0
mean,2030,52,71,ES1 4 bat,0.0
mean,2030,52,72,ES1 4 bat,0.0
mean,2030,52,73,ES1 4 bat,0.0
mean,2030,52,74,ES1 4 bat,0.0
mean,2030,52,75,ES1 4 bat,0.0
mean,2030,52,76,ES1 4 bat,0.0
mean,2030,52,77,ES1 4 bat,0.0
mean,2030,52,78,ES1 4 bat,0.0
mean,2030,52,79,ES1 4 bat,0.0
mean,2030,52,80,ES1 4 bat,0.0
mean,2030,52,81,ES1 4 bat,0.0
mean,2030,52,82,ES1 4 bat,0.0
mean,2030,52,83,ES1 4 bat,0.0
mean,2030,52,84,ES1 4 bat,0.0
mean,2030,52,85,ES1 4 bat,0.0
mean,2030,52,86,ES1 4 bat,0.0
mean,2030,52,87,ES1 4 bat,0.0
mean,2030,52,88,ES1 4 bat,0.0
mean,2030,52,89,ES1 4 bat,0.0
mean,2030,52,90,ES1 4 bat,0.0
mean,2030,52,91,ES1 4 bat,0.0
mean,2030,52,92,ES1 4 bat,0.0
mean,2030,52,93,ES1 4 bat,0.0
mean,2030,52,94,ES1 4 bat,0.0
mean,2030,52,95,ES1 4 bat,0.0
mean,2030,52,96,ES1 4 bat,0.0
mean,2030,52,97,ES1 4 bat,0.0
mean,2030,52,98,ES1 4 bat,0.0
mean,2030,52,99,ES1 4 bat,0.0
mean,2030,52,100,ES1 4 bat,0.0
mean,2030,52,101,ES1 4 bat,0.0
mean,2030,52,102,ES1 4 bat,0.0
mean,2030,52,103,ES1 4 bat,0.0
mean,2030,52,104,ES1 4 bat,0.0
mean,2030,52,105,ES1 4 bat,0.0
mean,2030,52,106,ES1 4 bat,0.0
mean,2030,52,107,ES1 4 bat,0.0
mean,2030,52,108,ES1 4 bat,0.0
mean,2030,52,109,ES1 4 bat,0.0
mean,2030,52,110,ES1 4 bat,0.0
mean,2030,52,111,ES1 4 bat,0.0
mean,2030,52,112,ES1 4 bat,0.0
mean,2030,52,113,ES1 4 bat,0.0
mean,2030,52,114,ES1 4 bat,0.0
mean,2030,52,115,ES1 4 bat,0.0
mean,2030,52,116,ES1 4 bat,0.0
mean,2030,52,117,ES1 4 bat,0.0
mean,2030,52,118,ES1 4 bat,0.0
mean,2030,52,119,ES1 4 bat,0.0
mean,2030,52,120,ES1 4 bat,0.0
mean,2030,52,121,ES1 4 bat,0.0
mean,2030,52,122,ES1 4 bat,0.0
mean,2030,52,123,ES1 4 bat,0.0
mean,2030,52,124,ES1 4 bat,0.0
mean,2030,52,125,ES1 4 bat,0.0
mean,2030,52,126,ES1 4 bat,0.0
mean,2030,52,127,ES1 4 bat,0.0
mean,2030,52,128,ES1 4 bat,0.0
mean,2030,52,129,ES1 4 bat,0.0
mean,2030,52,130,ES1 4 bat,0.0
mean,2030,52,131,ES1 4 bat,0.0
mean,2030,52,132,ES1 4 bat,0.0
mean,2030,52,133,ES1 4 bat,0.0
mean,2030,52,134,ES1 4 bat,0.0
mean,2030,52,135,ES1 4 bat,0.0
mean,2030,52,136,ES1 4 bat,0.0
mean,2030,52,137,ES1 4 bat,0.0
mean,2030,52,138,ES1 4 bat,0.0
mean,2030,52,139,ES1 4 bat,-8.761419221814574e-05
mean,2030,52,140,ES1 4 bat,-0.0001061570873477598
mean,2030,52,141,ES1 4 bat,-0.00010554920506748116
mean,2030,52,142,ES1 4 bat,-0.00010494129744557025
mean,2030,52,143,ES1 4 bat,-8.518261241164811e-05
mean,2030,52,144,ES1 4 bat,0.0
mean,2030,52,145,ES1 4 bat,0.0
mean,2030,52,146,ES1 4 bat,0.0
mean,2030,52,147,ES1 4 bat,0.0
mean,2030,52,148,ES1 4 bat,0.0
mean,2030,52,149,ES1 4 bat,-8.153448236850496e-05
mean,2030,52,150,ES1 4 bat,0.0
mean,2030,52,151,ES1 4 bat,-0.5947376581783779
mean,2030,52,152,ES1 4 bat,0.0
mean,2030,52,153,ES1 4 bat,0.0
mean,2030,52,154,ES1 4 bat,0.0
mean,2030,52,155,ES1 4 bat,0.0
mean,2030,52,156,ES1 4 bat,0.0
mean,2030,52,157,ES1 4 bat,0.0
mean,2030,52,158,ES1 4 bat,0.0
mean,2030,52,159,ES1 4 bat,-0.0038805650322708968
mean,2030,52,160,ES1 4 bat,-0.004057291726658085
mean,2030,52,161,ES1 4 bat,-0.002510667344173171
mean,2030,52,162,ES1 4 bat,0.0
mean,2030,52,163,ES1 4 bat,0.0
mean,2030,52,164,ES1 4 bat,0.0
mean,2030,52,165,ES1 4 bat,0.0
mean,2030,52,166,ES1 4 bat,0.0
mean,2030,52,167,ES1 4 bat,0.0
mean,2040,11,0,ES1 4 bat,-0.014510054552981618
mean,2040,11,1,ES1 4 bat,0.0
mean,2040,11,2,ES1 4 bat,0.0
mean,2040,11,3,ES1 4 bat,0.0
mean,2040,11,4,ES1 4 bat,0.0
mean,2040,11,5,ES1 4 bat,0.0
mean,2040,11,6,ES1 4 bat,0.0
mean,2040,11,7,ES1 4 bat,0.0
mean,2040,11,8,ES1 4 bat,0.0
mean,2040,11,9,ES1 4 bat,0.0
mean,2040,11,10,ES1 4 bat,0.0
mean,2040,11,11,ES1 4 bat,0.0
mean,2040,11,12,ES1 4 bat,0.0
mean,2040,11,13,ES1 4 bat,0.0
mean,2040,11,14,ES1 4 bat,0.0
mean,2040,11,15,ES1 4 bat,0.0
mean,2040,11,16,ES1 4 bat,0.0
mean,2040,11,17,ES1 4 bat,0.0
mean,2040,11,18,ES1 4 bat,0.0
mean,2040,11,19,ES1 4 bat,0.0
mean,2040,11,20,ES1 4 bat,0.0
mean,2040,11,21,ES1 4 bat,0.0
mean,2040,11,22,ES1 4 bat,0.0
mean,2040,11,23,ES1 4 bat,0.0
mean,2040,11,24,ES1 4 bat,0.0
mean,2040,11,25,ES1 4 bat,0.0
mean,2040,11,26,ES1 4 bat,0.0
mean,2040,11,27,ES1 4 bat,0.0
mean,2040,11,28,ES1 4 bat,0.0
mean,2040,11,29,ES1 4 bat,0.0
mean,2040,11,30,ES1 4 bat,0.0
mean,2040,11,31,ES1 4 bat,-60.380459393011236
mean,2040,11,32,ES1 4 bat,0.0
mean,2040,11,33,ES1 4 bat,0.0
mean,2040,11,34,ES1 4 bat,0.0
mean,2040,11,35,ES1 4 bat,0.0
mean,2040,11,36,ES1 4 bat,0.0
mean,2040,11,37,ES1 4 bat,0.0
mean,2040,11,38,ES1 4 bat,0.0
mean,2040,11,39,ES1 4 bat,0.0
mean,2040,11,40,ES1 4 bat,0.0
mean,2040,11,41,ES1 4 bat,0.0
mean,2040,11,42,ES1 4 bat,0.0
mean,2040,11,43,ES1 4 bat,-0.0025656738536831464
mean,2040,11,44,ES1 4 bat,0.0
mean,2040,11,45,ES1 4 bat,0.0
mean,2040,11,46,ES1 4 bat,0.0
mean,2040,11,47,ES1 4 bat,0.0
mean,2040,11,48,ES1 4 bat,0.0
mean,2040,11,49,ES1 4 bat,0.0
mean,2040,11,50,ES1 4 bat,0.0
mean,2040,11,51,ES1 4 bat,0.0
mean,2040,11,52,ES1 4 bat,0.0
mean,2040,11,53,ES1 4 bat,0.0
mean,2040,11,54,ES1 4 bat,0.0
mean,2040,11,55,ES1 4 bat,0.0
mean,2040,11,56,ES1 4 bat,0.0
mean,2040,11,57,ES1 4 bat,0.0
mean,2040,11,58,ES1 4 bat,0.0
mean,2040,11,59,ES1 4 bat,0.0
mean,2040,11,60,ES1 4 bat,0.0
mean,2040,11,61,ES1 4 bat,0.0
mean,2040,11,62,ES1 4 bat,0.0
mean,2040,11,63,ES1 4 bat,0.0
mean,2040,11,64,ES1 4 bat,0.0
mean,2040,11,65,ES1 4 bat,0.0
mean,2040,11,66,ES1 4 bat,0.0
mean,2040,11,67,ES1 4 bat,0.0
mean,2040,11,68,ES1 4 bat,0.0
mean,2040,11,69,ES1 4 bat,0.0
mean,2040,11,70,ES1 4 bat,0.0
mean,2040,11,71,ES1 4 bat,0.0
mean,2040,11,72,ES1 4 bat,0.0
mean,2040,11,73,ES1 4 bat,0.0
mean,2040,11,74,ES1 4 bat,0.0
mean,2040,11,75,ES1 4 bat,0.0
mean,2040,11,76,ES1 4 bat,0.0
mean,2040,11,77,ES1 4 bat,0.0
mean,2040,11,78,ES1 4 bat,0.0
mean,2040,11,79,ES1 4 bat,0.0
mean,2040,11,80,ES1 4 bat,0.0
mean,2040,11,81,ES1 4 bat,0.0
mean,2040,11,82,ES1 4 bat,0.0
mean,2040,11,83,ES1 4 bat,0.0
mean,2040,11,84,ES1 4 bat,0.0
mean,2040,11,85,ES1 4 bat,0.0
mean,2040,11,86,ES1 4 bat,0.0
mean,2040,11,87,ES1 4 bat,0.0
mean,2040,11,88,ES1 4 bat,0.0
mean,2040,11,89,ES1 4 bat,0.0
mean,2040,11,90,ES1 4 bat,0.0
mean,2040,11,91,ES1 4 bat,-1.7442364143590402e-14
mean,2040,11,92,ES1 4 bat,0.0
mean,2040,11,93,ES1 4 bat,0.0
mean,2040,11,94,ES1 4 bat,0.0
mean,2040,11,95,ES1 4 bat,0.0
mean,2040,11,96,ES1 4 bat,0.0
mean,2040,11,97,ES1 4 bat,0.0
mean,2040,11,98,ES1 4 bat,0.0
mean,2040,11,99,ES1 4 bat,0.0
mean,2040,11,100,ES1 4 bat,0.0
mean,2040,11,101,ES1 4 bat,0.0
mean,2040,11,102,ES1 4 bat,0.0
mean,2040,11,103,ES1 4 bat,0.0
mean,2040,11,104,ES1 4 bat,0.0
mean,2040,11,105,ES1 4 bat,0.0
mean,2040,11,106,ES1 4 bat,0.0
mean,2040,11,107,ES1 4 bat,0.0
mean,2040,11,108,ES1 4 bat,0.0
mean,2040,11,109,ES1 4 bat,0.0
mean,2040,11,110,ES1 4 bat,0.0
mean,2040,11,111,ES1 4 bat,0.0
mean,2040,11,112,ES1 4 bat,0.0
mean,2040,11,113,ES1 4 bat,0.0
mean,2040,11,114,ES1 4 bat,-8.721182071795201e-15
mean,2040,11,115,ES1 4 bat,0.0
mean,2040,11,116,ES1 4 bat,0.0
mean,2040,11,117,ES1 4 bat,0.0
mean,2040,11,118,ES1 4 bat,0.0
mean,2040,11,119,ES1 4 bat,0.0
mean,2040,11,120,ES1 4 bat,0.0
mean,2040,11,121,ES1 4 bat,0.0
mean,2040,11,122,ES1 4 bat,0.0
mean,2040,11,123,ES1 4 bat,0.0
mean,2040,11,124,ES1 4 bat,0.0
mean,2040,11,125,ES1 4 bat,0.0
mean,2040,11,126,ES1 4 bat,0.0
mean,2040,11,127,ES1 4 bat,0.0
mean,2040,11,128,ES1 4 bat,0.0
mean,2040,11,129,ES1 4 bat,0.0
mean,2040,11,130,ES1 4 bat,0.0
mean,2040,11,131,ES1 4 bat,0.0
mean,2040,11,132,ES1 4 bat,0.0
mean,2040,11,133,ES1 4 bat,0.0
mean,2040,11,134,ES1 4 bat,0.0
mean,2040,11,135,ES1 4 bat,0.0
mean,2040,11,136,ES1 4 bat,0.0
mean,2040,11,137,ES1 4 bat,0.0
mean,2040,11,138,ES1 4 bat,0.0
mean,2040,11,139,ES1 4 bat,8.721182071795201e-15
mean,2040,11,140,ES1 4 bat,0.0
mean,2040,11,141,ES1 4 bat,0.0
mean,2040,11,142,ES1 4 bat,0.0
mean,2040,11,143,ES1 4 bat,0.0
mean,2040,11,144,ES1 4 bat,0.0
mean,2040,11,145,ES1 4 bat,0.0
mean,2040,11,146,ES1 4 bat,0.0
mean,2040,11,147,ES1 4 bat,0.0
mean,2040,11,148,ES1 4 bat,0.0
mean,2040,11,149,ES1 4 bat,0.0
mean,2040,11,150,ES1 4 bat,0.0
mean,2040,11,151,ES1 4 bat,0.0
mean,2040,11,152,ES1 4 bat,0.0
mean,2040,11,153,ES1 4 bat,0.0
mean,2040,11,154,ES1 4 bat,0.0
mean,2040,11,155,ES1 4 bat,0.0
mean,2040,11,156,ES1 4 bat,0.0
mean,2040,11,157,ES1 4 bat,0.0
mean,2040,11,158,ES1 4 bat,0.0
mean,2040,11,159,ES1 4 bat,0.0
mean,2040,11,160,ES1 4 bat,0.0
mean,2040,11,161,ES1 4 bat,0.0
mean,2040,11,162,ES1 4 bat,0.0
mean,2040,11,163,ES1 4 bat,0.0
mean,2040,11,164,ES1 4 bat,-0.0
mean,2040,11,165,ES1 4 bat,0.0
mean,2040,11,166,ES1 4 bat,0.0
mean,2040,11,167,ES1 4 bat,0.0
mean,2040,21,0,ES1 4 bat,-62.545330138924506
mean,2040,21,1,ES1 4 bat,0.0
mean,2040,21,2,ES1 4 bat,0.0
mean,2040,21,3,ES1 4 bat,0.0
mean,2040,21,4,ES1 4 bat,0.0
mean,2040,21,5,ES1 4 bat,0.0
mean,2040,21,6,ES1 4 bat,0.0
mean,2040,21,7,ES1 4 bat,0.0
mean,2040,21,8,ES1 4 bat,0.0
mean,2040,21,9,ES1 4 bat,0.0
mean,2040,21,10,ES1 4 bat,0.0
mean,2040,21,11,ES1 4 bat,0.0
mean,2040,21,12,ES1 4 bat,0.0
mean,2040,21,13,ES1 4 bat,0.0
mean,2040,21,14,ES1 4 bat,0.0
mean,2040,21,15,ES1 4 bat,0.0
mean,2040,21,16,ES1 4 bat,0.0
mean,2040,21,17,ES1 4 bat,0.0
mean,2040,21,18,ES1 4 bat,0.0
mean,2040,21,19,ES1 4 bat,0.0
mean,2040,21,20,ES1 4 bat,0.0
mean,2040,21,21,ES1 4 bat,0.0
mean,2040,21,22,ES1 4 bat,0.0
mean,2040,21,23,ES1 4 bat,0.0
mean,2040,21,24,ES1 4 bat,0.0
mean,2040,21,25,ES1 4 bat,0.0
mean,2040,21,26,ES1 4 bat,0.0
mean,2040,21,27,ES1 4 bat,0.0
mean,2040,21,28,ES1 4 bat,0.0
mean,2040,21,29,ES1 4 bat,0.0
mean,2040,21,30,ES1 4 bat,-0.6972878145182607
mean,2040,21,31,ES1 4 bat,0.0
mean,2040,21,32,ES1 4 bat,0.0
mean,2040,21,33,ES1 4 bat,0.0
mean,2040,21,34,ES1 4 bat,0.0
mean,2040,21,35,ES1 4 bat,0.0
mean,2040,21,36,ES1 4 bat,0.0
mean,2040,21,37,ES1 4 bat,0.0
mean,2040,21,38,ES1 4 bat,0.0
mean,2040,21,39,ES1 4 bat,0.0
mean,2040,21,40,ES1 4 bat,0.0
mean,2040,21,41,ES1 4 bat,0.0
mean,2040,21,42,ES1 4 bat,0.0
mean,2040,21,43,ES1 4 bat,-0.13114371595652985
mean,2040,21,44,ES1 4 bat,0.0
mean,2040,21,45,ES1 4 bat,0.0
mean,2040,21,46,ES1 4 bat,0.0
mean,2040,21,47,ES1 4 bat,0.0
mean,2040,21,48,ES1 4 bat,0.0
mean,2040,21,49,ES1 4 bat,0.0
mean,2040,21,50,ES1 4 bat,0.0
mean,2040,21,51,ES1 4 bat,0.0
mean,2040,21,52,ES1 4 bat,0.0
mean,2040,21,53,ES1 4 bat,0.0
mean,2040,21,54,ES1 4 bat,0.0
mean,2040,21,55,ES1 4 bat,0.0
mean,2040,21,56,ES1 4 bat,0.0
mean,2040,21,57,ES1 4 bat,0.0
mean,2040,21,58,ES1 4 bat,0.0
mean,2040,21,59,ES1 4 bat,0.0
mean,2040,21,60,ES1 4 bat,0.0
mean,2040,21,61,ES1 4 bat,0.0
mean,2040,21,62,ES1 4 bat,0.0
mean,2040,21,63,ES1 4 bat,0.0
mean,2040,21,64,ES1 4 bat,0.0
mean,2040,21,65,ES1 4 bat,0.0
mean,2040,21,66,ES1 4 bat,0.0
mean,2040,21,67,ES1 4 bat,0.0
mean,2040,21,68,ES1 4 bat,0.0
mean,2040,21,69,ES1 4 bat,0.0
mean,2040,21,70,ES1 4 bat,0.0
mean,2040,21,71,ES1 4 bat,0.0
mean,2040,21,72,ES1 4 bat,0.0
mean,2040,21,73,ES1 4 bat,0.0
mean,2040,21,74,ES1 4 bat,0.0
mean,2040,21,75,ES1 4 bat,0.0
mean,2040,21,76,ES1 4 bat,0.0
mean,2040,21,77,ES1 4 bat,-0.0
mean,2040,21,78,ES1 4 bat,0.0
mean,2040,21,79,ES1 4 bat,0.0
mean,2040,21,80,ES1 4 bat,0.0
mean,2040,21,81,ES1 4 bat,0.0
mean,2040,21,82,ES1 4 bat,0.0
mean,2040,21,83,ES1 4 bat,0.0
mean,2040,21,84,ES1 4 bat,0.0
mean,2040,21,85,ES1 4 bat,0.0
mean,2040,21,86,ES1 4 bat,0.0
mean,2040,21,87,ES1 4 bat,0.0
mean,2040,21,88,ES1 4 bat,0.0
mean,2040,21,89,ES1 4 bat,0.0
mean,2040,21,90,ES1 4 bat,0.0
mean,2040,21,91,ES1 4 bat,0.0
mean,2040,21,92,ES1 4 bat,0.0
mean,2040,21,93,ES1 4 bat,0.0
mean,2040,21,94,ES1 4 bat,0.0
mean,2040,21,95,ES1 4 bat,0.0
mean,2040,21,96,ES1 4 bat,0.0
mean,2040,21,97,ES1 4 bat,0.0
mean,2040,21,98,ES1 4 bat,0.0
mean,2040,21,99,ES1 4 bat,0.0
mean,2040,21,100,ES1 4 bat,0.0
mean,2040,21,101,ES1 4 bat,0.0
mean,2040,21,102,ES1 4 bat,-0.16658495418732355
mean,2040,21,103,ES1 4 bat,0.0
mean,2040,21,104,ES1 4 bat,0.0
mean,2040,21,105,ES1 4 bat,0.0
mean,2040,21,106,ES1 4 bat,0.0
mean,2040,21,107,ES1 4 bat,0.0
mean,2040,21,108,ES1 4 bat,0.0
mean,2040,21,109,ES1 4 bat,0.0
mean,2040,21,110,ES1 4 bat,0.0
mean,2040,21,111,ES1 4 bat,0.0
mean,2040,21,112,ES1 4 bat,0.0
mean,2040,21,113,ES1 4 bat,0.0
mean,2040,21,114,ES1 4 bat,0.0
mean,2040,21,115,ES1 4 bat,0.0
mean,2040,21,116,ES1 4 bat,0.0
mean,2040,21,117,ES1 4 bat,0.0
mean,2040,21,118,ES1 4 bat,0.0
mean,2040,21,119,ES1 4 bat,0.0
mean,2040,21,120,ES1 4 bat,0.0
mean,2040,21,121,ES1 4 bat,0.0
mean,2040,21,122,ES1 4 bat,0.0
mean,2040,21,123,ES1 4 bat,0.0
mean,2040,21,124,ES1 4 bat,0.0
mean,2040,21,125,ES1 4 bat,0.0
mean,2040,21,126,ES1 4 bat,-0.14147147651763414
mean,2040,21,127,ES1 4 bat,0.0
mean,2040,21,128,ES1 4 bat,0.0
mean,2040,21,129,ES1 4 bat,0.0
mean,2040,21,130,ES1 4 bat,0.0
mean,2040,21,131,ES1 4 bat,0.0
mean,2040,21,132,ES1 4 bat,0.0
mean,2040,21,133,ES1 4 bat,0.0
mean,2040,21,134,ES1 4 bat,0.0
mean,2040,21,135,ES1 4 bat,0.0
mean,2040,21,136,ES1 4 bat,0.0
mean,2040,21,137,ES1 4 bat,0.0
mean,2040,21,138,ES1 4 bat,0.0
mean,2040,21,139,ES1 4 bat,0.0
mean,2040,21,140,ES1 4 bat,0.0
mean,2040,21,141,ES1 4 bat,0.0
mean,2040,21,142,ES1 4 bat,0.0
mean,2040,21,143,ES1 4 bat,0.0
mean,2040,21,144,ES1 4 bat,0.0
mean,2040,21,145,ES1 4 bat,0.0
mean,2040,21,146,ES1 4 bat,0.0
mean,2040,21,147,ES1 4 bat,1.7442364143590402e-14
mean,2040,21,148,ES1 4 bat,0.0
mean,2040,21,149,ES1 4 bat,0.0
mean,2040,21,150,ES1 4 bat,0.0
mean,2040,21,151,ES1 4 bat,0.0
mean,2040,21,152,ES1 4 bat,0.0
mean,2040,21,153,ES1 4 bat,0.0
mean,2040,21,154,ES1 4 bat,0.0
mean,2040,21,155,ES1 4 bat,0.0
mean,2040,21,156,ES1 4 bat,0.0
mean,2040,21,157,ES1 4 bat,0.0
mean,2040,21,158,ES1 4 bat,0.0
mean,2040,21,159,ES1 4 bat,0.0
mean,2040,21,160,ES1 4 bat,0.0
mean,2040,21,161,ES1 4 bat,0.0
mean,2040,21,162,ES1 4 bat,0.0
mean,2040,21,163,ES1 4 bat,0.0
mean,2040,21,164,ES1 4 bat,-1.7442364143590402e-14
mean,2040,21,165,ES1 4 bat,0.0
mean,2040,21,166,ES1 4 bat,0.0
mean,2040,21,167,ES1 4 bat,0.0
mean,2040,42,0,ES1 4 bat,-62.833411240669065
mean,2040,42,1,ES1 4 bat,0.0
mean,2040,42,2,ES1 4 bat,0.0
mean,2040,42,3,ES1 4 bat,0.0
mean,2040,42,4,ES1 4 bat,0.0
mean,2040,42,5,ES1 4 bat,0.0
mean,2040,42,6,ES1 4 bat,-0.0030798277734192356
mean,2040,42,7,ES1 4 bat,0.0
mean,2040,42,8,ES1 4 bat,0.0
mean,2040,42,9,ES1 4 bat,0.0
mean,2040,42,10,ES1 4 bat,0.0
mean,2040,42,11,ES1 4 bat,0.0
mean,2040,42,12,ES1 4 bat,0.0
mean,2040,42,13,ES1 4 bat,0.0
mean,2040,42,14,ES1 4 bat,0.0
mean,2040,42,15,ES1 4 bat,0.0
mean,2040,42,16,ES1 4 bat,0.0
mean,2040,42,17,ES1 4 bat,0.0
mean,2040,42,18,ES1 4 bat,-0.18095856543724873
mean,2040,42,19,ES1 4 bat,0.0
mean,2040,42,20,ES1 4 bat,0.0
mean,2040,42,21,ES1 4 bat,0.0
mean,2040,42,22,ES1 4 bat,0.0
mean,2040,42,23,ES1 4 bat,0.0
mean,2040,42,24,ES1 4 bat,0.0
mean,2040,42,25,ES1 4 bat,0.0
mean,2040,42,26,ES1 4 bat,0.0
mean,2040,42,27,ES1 4 bat,0.0
mean,2040,42,28,ES1 4 bat,0.0
mean,2040,42,29,ES1 4 bat,0.0
mean,2040,42,30,ES1 4 bat,-0.002510667344173171
mean,2040,42,31,ES1 4 bat,0.0
mean,2040,42,32,ES1 4 bat,0.0
mean,2040,42,33,ES1 4 bat,0.0
mean,2040,42,34,ES1 4 bat,0.0
mean,2040,42,35,ES1 4 bat,0.0
mean,2040,42,36,ES1 4 bat,0.0
mean,2040,42,37,ES1 4 bat,0.0
mean,2040,42,38,ES1 4 bat,0.0
mean,2040,42,39,ES1 4 bat,0.0
mean,2040,42,40,ES1 4 bat,0.0
mean,2040,42,41,ES1 4 bat,0.0
mean,2040,42,42,ES1 4 bat,-0.0025261642585425997
mean,2040,42,43,ES1 4 bat,0.0
mean,2040,42,44,ES1 4 bat,0.0
mean,2040,42,45,ES1 4 bat,0.0
mean,2040,42,46,ES1 4 bat,0.0
mean,2040,42,47,ES1 4 bat,0.0
mean,2040,42,48,ES1 4 bat,0.0
mean,2040,42,49,ES1 4 bat,0.0
mean,2040,42,50,ES1 4 bat,0.0
mean,2040,42,51,ES1 4 bat,0.0
mean,2040,42,52,ES1 4 bat,0.0
mean,2040,42,53,ES1 4 bat,0.0
mean,2040,42,54,ES1 4 bat,0.0
mean,2040,42,55,ES1 4 bat,0.0
mean,2040,42,56,ES1 4 bat,0.0
mean,2040,42,57,ES1 4 bat,0.0
mean,2040,42,58,ES1 4 bat,0.0
mean,2040,42,59,ES1 4 bat,0.0
mean,2040,42,60,ES1 4 bat,0.0
mean,2040,42,61,ES1 4 bat,0.0
mean,2040,42,62,ES1 4 bat,0.0
mean,2040,42,63,ES1 4 bat,0.0
mean,2040,42,64,ES1 4 bat,0.0
mean,2040,42,65,ES1 4 bat,-0.0
mean,2040,42,66,ES1 4 bat,0.0
mean,2040,42,67,ES1 4 bat,0.0
mean,2040,42,68,ES1 4 bat,0.0
mean,2040,42,69,ES1 4 bat,0.0
mean,2040,42,70,ES1 4 bat,0.0
mean,2040,42,71,ES1 4 bat,0.0
mean,2040,42,72,ES1 4 bat,0.0
mean,2040,42,73,ES1 4 bat,0.0
mean,2040,42,74,ES1 4 bat,0.0
mean,2040,42,75,ES1 4 bat,0.0
mean,2040,42,76,ES1 4 bat,0.0
mean,2040,42,77,ES1 4 bat,0.0
mean,2040,42,78,ES1 4 bat,-0.0
mean,2040,42,79,ES1 4 bat,0.0
mean,2040,42,80,ES1 4 bat,0.0
mean,2040,42,81,ES1 4 bat,0.0
mean,2040,42,82,ES1 4 bat,0.0
mean,2040,42,83,ES1 4 bat,0.0
mean,2040,42,84,ES1 4 bat,0.0
mean,2040,42,85,ES1 4 bat,0.0
mean,2040,42,86,ES1 4 bat,0.0
mean,2040,42,87,ES1 4 bat,0.0
mean,2040,42,88,ES1 4 bat,0.0
mean,2040,42,89,ES1 4 bat,0.0
mean,2040,42,90,ES1 4 bat,-454.3737790228305
mean,2040,42,91,ES1 4 bat,0.0
mean,2040,42,92,ES1 4 bat,0.0
mean,2040,42,93,ES1 4 bat,0.0
mean,2040,42,94,ES1 4 bat,0.0
mean,2040,42,95,ES1 4 bat,0.0
mean,2040,42,96,ES1 4 bat,0.0
mean,2040,42,97,ES1 4 bat,0.0
mean,2040,42,98,ES1 4 bat,0.0
mean,2040,42,99,ES1 4 bat,0.0
mean,2040,42,100,ES1 4 bat,0.0
mean,2040,42,101,ES1 4 bat,0.0
mean,2040,42,102,ES1 4 bat,0.0
mean,2040,42,103,ES1 4 bat,0.0
mean,2040,42,104,ES1 4 bat,0.0
mean,2040,42,105,ES1 4 bat,0.0
mean,2040,42,106,ES1 4 bat,0.0
mean,2040,42,107,ES1 4 bat,0.0
mean,2040,42,108,ES1 4 bat,0.0
mean,2040,42,109,ES1 4 bat,0.0
mean,2040,42,110,ES1 4 bat,0.0
mean,2040,42,111,ES1 4 bat,0.0
mean,2040,42,112,ES1 4 bat,0.0
mean,2040,42,113,ES1 4 bat,0.0
mean,2040,42,114,ES1 4 bat,8.721182071795201e-15
mean,2040,42,115,ES1 4 bat,0.0
mean,2040,42,116,ES1 4 bat,0.0
mean,2040,42,117,ES1 4 bat,0.0
mean,2040,42,118,ES1 4 bat,0.0
mean,2040,42,119,ES1 4 bat,0.0
mean,2040,42,120,ES1 4 bat,0.0
mean,2040,42,121,ES1 4 bat,0.0
mean,2040,42,122,ES1 4 bat,0.0
mean,2040,42,123,ES1 4 bat,0.0
mean,2040,42,124,ES1 4 bat,0.0
mean,2040,42,125,ES1 4 bat,0.0
mean,2040,42,126,ES1 4 bat,0.0
mean,2040,42,127,ES1 4 bat,0.0
mean,2040,42,128,ES1 4 bat,0.0
mean,2040,42,129,ES1 4 bat,0.0
mean,2040,42,130,ES1 4 bat,0.0
mean,2040,42,131,ES1 4 bat,0.0
mean,2040,42,132,ES1 4 bat,0.0
mean,2040,42,133,ES1 4 bat,0.0
mean,2040,42,134,ES1 4 bat,0.0
mean,2040,42,135,ES1 4 bat,0.0
mean,2040,42,136,ES1 4 bat,0.0
mean,2040,42,137,ES1 4 bat,0.0
mean,2040,42,138,ES1 4 bat,-8.721182071795201e-15
mean,2040,42,139,ES1 4 bat,0.0
mean,2040,42,140,ES1 4 bat,0.0
mean,2040,42,141,ES1 4 bat,0.0
mean,2040,42,142,ES1 4 bat,0.0
mean,2040,42,143,ES1 4 bat,0.0
mean,2040,42,144,ES1 4 bat,0.0
mean,2040,42,145,ES1 4 bat,0.0
mean,2040,42,146,ES1 4 bat,0.0
mean,2040,42,147,ES1 4 bat,0.0
mean,2040,42,148,ES1 4 bat,0.0
mean,2040,42,149,ES1 4 bat,-0.0
mean,2040,42,150,ES1 4 bat,0.0
mean,2040,42,151,ES1 4 bat,0.0
mean,2040,42,152,ES1 4 bat,0.0
mean,2040,42,153,ES1 4 bat,0.0
mean,2040,42,154,ES1 4 bat,0.0
mean,2040,42,155,ES1 4 bat,0.0
mean,2040,42,156,ES1 4 bat,0.0
mean,2040,42,157,ES1 4 bat,0.0
mean,2040,42,158,ES1 4 bat,0.0
mean,2040,42,159,ES1 4 bat,0.0
mean,2040,42,160,ES1 4 bat,0.0
mean,2040,42,161,ES1 4 bat,-0.0
mean,2040,42,162,ES1 4 bat,0.0
mean,2040,42,163,ES1 4 bat,0.0
mean,2040,42,164,ES1 4 bat,0.0
mean,2040,42,165,ES1 4 bat,0.0
mean,2040,42,166,ES1 4 bat,0.0
mean,2040,42,167,ES1 4 bat,0.0
mean,2040,52,0,ES1 4 bat,-60.22713857050611
mean,2040,52,1,ES1 4 bat,0.0
mean,2040,52,2,ES1 4 bat,0.0
mean,2040,52,3,ES1 4 bat,0.0
mean,2040,52,4,ES1 4 bat,0.0
mean,2040,52,5,ES1 4 bat,0.0
mean,2040,52,6,ES1 4 bat,0.0
mean,2040,52,7,ES1 4 bat,0.0
mean,2040,52,8,ES1 4 bat,0.0
mean,2040,52,9,ES1 4 bat,0.0
mean,2040,52,10,ES1 4 bat,0.0
mean,2040,52,11,ES1 4 bat,0.0
mean,2040,52,12,ES1 4 bat,0.0
mean,2040,52,13,ES1 4 bat,0.0
mean,2040,52,14,ES1 4 bat,0.0
mean,2040,52,15,ES1 4 bat,0.0
mean,2040,52,16,ES1 4 bat,0.0
mean,2040,52,17,ES1 4 bat,0.0
mean,2040,52,18,ES1 4 bat,0.0
mean,2040,52,19,ES1 4 bat,0.0
mean,2040,52,20,ES1 4 bat,0.0
mean,2040,52,21,ES1 4 bat,0.0
mean,2040,52,22,ES1 4 bat,0.0
mean,2040,52,23,ES1 4 bat,0.0
mean,2040,52,24,ES1 4 bat,0.0
mean,2040,52,25,ES1 4 bat,0.0
mean,2040,52,26,ES1 4 bat,0.0
mean,2040,52,27,ES1 4 bat,0.0
mean,2040,52,28,ES1 4 bat,0.0
mean,2040,52,29,ES1 4 bat,0.0
mean,2040,52,30,ES1 4 bat,0.0
mean,2040,52,31,ES1 4 bat,0.0
mean,2040,52,32,ES1 4 bat,0.0
mean,2040,52,33,ES1 4 bat,0.0
mean,2040,52,34,ES1 4 bat,0.0
mean,2040,52,35,ES1 4 bat,0.0
mean,2040,52,36,ES1 4 bat,0.0
mean,2040,52,37,ES1 4 bat,0.0
mean,2040,52,38,ES1 4 bat,0.0
mean,2040,52,39,ES1 4 bat,0.0
mean,2040,52,40,ES1 4 bat,0.0
mean,2040,52,41,ES1 4 bat,0.0
mean,2040,52,42,ES1 4 bat,0.0
mean,2040,52,43,ES1 4 bat,0.0
mean,2040,52,44,ES1 4 bat,0.0
mean,2040,52,45,ES1 4 bat,0.0
mean,2040,52,46,ES1 4 bat,0.0
mean,2040,52,47,ES1 4 bat,0.0
mean,2040,52,48,ES1 4 bat,0.0
mean,2040,52,49,ES1 4 bat,0.0
mean,2040,52,50,ES1 4 bat,0.0
mean,2040,52,51,ES1 4 bat,0.0
mean,2040,52,52,ES1 4 bat,0.0
mean,2040,52,53,ES1 4 bat,0.0
mean,2040,52,54,ES1 4 bat,0.0
mean,2040,52,55,ES1 4 bat,0.0
mean,2040,52,56,ES1 4 bat,0.0
mean,2040,52,57,ES1 4 bat,0.0
mean,2040,52,58,ES1 4 bat,0.0
mean,2040,52,59,ES1 4 bat,0.0
mean,2040,52,60,ES1 4 bat,0.0
mean,2040,52,61,ES1 4 bat,0.0
mean,2040,52,62,ES1 4 bat,0.0
mean,2040,52,63,ES1 4 bat,0.0
mean,2040,52,64,ES1 4 bat,0.0
mean,2040,52,65,ES1 4 bat,0.0
mean,2040,52,66,ES1 4 bat,0.0
mean,2040,52,67,ES1 4 bat,0.0
mean,2040,52,68,ES1 4 bat,0.0
mean,2040,52,69,ES1 4 bat,0.0
mean,2040,52,70,ES1 4 bat,0.0
mean,2040,52,71,ES1 4 bat,0.0
mean,2040,52,72,ES1 4 bat,0.0
mean,2040,52,73,ES1 4 bat,0.0
mean,2040,52,74,ES1 4 bat,0.0
mean,2040,52,75,ES1 4 bat,0.0
mean,2040,52,76,ES1 4 bat,0.0
mean,2040,52,77,ES1 4 bat,0.0
mean,2040,52,78,ES1 4 bat,0.0
mean,2040,52,79,ES1 4 bat,0.0
mean,2040,52,80,ES1 4 bat,0.0
mean,2040,52,81,ES1 4 bat,0.0
mean,2040,52,82,ES1 4 bat,0.0
mean,2040,52,83,ES1 4 bat,0.0
mean,2040,52,84,ES1 4 bat,0.0
mean,2040,52,85,ES1 4 bat,0.0
mean,2040,52,86,ES1 4 bat,0.0
mean,2040,52,87,ES1 4 bat,0.0
mean,2040,52,88,ES1 4 bat,0.0
mean,2040,52,89,ES1 4 bat,0.0
mean,2040,52,90,ES1 4 bat,0.0
mean,2040,52,91,ES1 4 bat,0.0
mean,2040,52,92,ES1 4 bat,0.0
mean,2040,52,93,ES1 4 bat,0.0
mean,2040,52,94,ES1 4 bat,0.0
mean,2040,52,95,ES1 4 bat,0.0
mean,2040,52,96,ES1 4 bat,0.0
mean,2040,52,97,ES1 4 bat,0.0
mean,2040,52,98,ES1 4 bat,0.0
mean,2040,52,99,ES1 4 bat,0.0
mean,2040,52,100,ES1 4 bat,0.0
mean,2040,52,101,ES1 4 bat,0.0
mean,2040,52,102,ES1 4 bat,0.0
mean,2040,52,103,ES1 4 bat,0.0
mean,2040,52,104,ES1 4 bat,0.0
mean,2040,52,105,ES1 4 bat,0.0
mean,2040,52,106,ES1 4 bat,0.0
mean,2040,52,107,ES1 4 bat,0.0
mean,2040,52,108,ES1 4 bat,0.0
mean,2040,52,109,ES1 4 bat,0.0
mean,2040,52,110,ES1 4 bat,0.0
mean,2040,52,111,ES1 4 bat,0.0
mean,2040,52,112,ES1 4 bat,0.0
mean,2040,52,113,ES1 4 bat,0.0
mean,2040,52,114,ES1 4 bat,0.0
mean,2040,52,115,ES1 4 bat,0.0
mean,2040,52,116,ES1 4 bat,0.0
mean,2040,52,117,ES1 4 bat,0.0
mean,2040,52,118,ES1 4 bat,0.0
mean,2040,52,119,ES1 4 bat,0.0
mean,2040,52,120,ES1 4 bat,0.0
mean,2040,52,121,ES1 4 bat,0.0
mean,2040,52,122,ES1 4 bat,0.0
mean,2040,52,123,ES1 4 bat,0.0
mean,2040,52,124,ES1 4 bat,0.0
mean,2040,52,125,ES1 4 bat,0.0
mean,2040,52,126,ES1 4 bat,0.0
mean,2040,52,127,ES1 4 bat,0.0
mean,2040,52,128,ES1 4 bat,0.0
mean,2040,52,129,ES1 4 bat,0.0
mean,2040,52,130,ES1 4 bat,0.0
mean,2040,52,131,ES1 4 bat,0.0
mean,2040,52,132,ES1 4 bat,0.0
mean,2040,52,133,ES1 4 bat,0.0
mean,2040,52,134,ES1 4 bat,0.0
mean,2040,52,135,ES1 4 bat,0.0
mean,2040,52,136,ES1 4 bat,0.0
mean,2040,52,137,ES1 4 bat,0.0
mean,2040,52,138,ES1 4 bat,0.0
mean,2040,52,139,ES1 4 bat,0.0
mean,2040,52,140,ES1 4 bat,-8.721182071795201e-15
mean,2040,52,141,ES1 4 bat,0.0
mean,2040,52,142,ES1 4 bat,0.0
mean,2040,52,143,ES1 4 bat,0.0
mean,2040,52,144,ES1 4 bat,0.0
mean,2040,52,145,ES1 4 bat,0.0
mean,2040,52,146,ES1 4 bat,0.0
mean,2040,52,147,ES1 4 bat,0.0
mean,2040,52,148,ES1 4 bat,0.0
mean,2040,52,149,ES1 4 bat,0.0
mean,2040,52,150,ES1 4 bat,0.0
mean,2040,52,151,ES1 4 bat,-0.038238507317074025
mean,2040,52,152,ES1 4 bat,0.0
mean,2040,52,153,ES1 4 bat,0.0
mean,2040,52,154,ES1 4 bat,0.0
mean,2040,52,155,ES1 4 bat,0.0
mean,2040,52,156,ES1 4 bat,0.0
mean,2040,52,157,ES1 4 bat,0.0
mean,2040,52,158,ES1 4 bat,0.0
mean,2040,52,159,ES1 4 bat,0.0
mean,2040,52,160,ES1 4 bat,0.0
mean,2040,52,161,ES1 4 bat,-0.002510667344173171
mean,2040,52,162,ES1 4 bat,0.0
mean,2040,52,163,ES1 4 bat,0.0
mean,2040,52,164,ES1 4 bat,0.0
mean,2040,52,165,ES1 4 bat,0.0
mean,2040,52,166,ES1 4 bat,0.0
mean,2040,52,167,ES1 4 bat,0.0
mean,2050,11,0,ES1 4 bat,-0.014414277425231922
mean,2050,11,1,ES1 4 bat,0.0
mean,2050,11,2,ES1 4 bat,0.0
mean,2050,11,3,ES1 4 bat,0.0
mean,2050,11,4,ES1 4 bat,0.0
mean,2050,11,5,ES1 4 bat,0.0
mean,2050,11,6,ES1 4 bat,0.0
mean,2050,11,7,ES1 4 bat,0.0
mean,2050,11,8,ES1 4 bat,0.0
mean,2050,11,9,ES1 4 bat,0.0
mean,2050,11,10,ES1 4 bat,0.0
mean,2050,11,11,ES1 4 bat,0.0
mean,2050,11,12,ES1 4 bat,0.0
mean,2050,11,13,ES1 4 bat,0.0
mean,2050,11,14,ES1 4 bat,0.0
mean,2050,11,15,ES1 4 bat,0.0
mean,2050,11,16,ES1 4 bat,0.0
mean,2050,11,17,ES1 4 bat,0.0
mean,2050,11,18,ES1 4 bat,0.0
mean,2050,11,19,ES1 4 bat,0.0
mean,2050,11,20,ES1 4 bat,0.0
mean,2050,11,21,ES1 4 bat,0.0
mean,2050,11,22,ES1 4 bat,0.0
mean,2050,11,23,ES1 4 bat,0.0
mean,2050,11,24,ES1 4 bat,0.0
mean,2050,11,25,ES1 4 bat,0.0
mean,2050,11,26,ES1 4 bat,0.0
mean,2050,11,27,ES1 4 bat,0.0
mean,2050,11,28,ES1 4 bat,0.0
mean,2050,11,29,ES1 4 bat,0.0
mean,2050,11,30,ES1 4 bat,0.0
mean,2050,11,31,ES1 4 bat,0.0
mean,2050,11,32,ES1 4 bat,0.0
mean,2050,11,33,ES1 4 bat,0.0
mean,2050,11,34,ES1 4 bat,0.0
mean,2050,11,35,ES1 4 bat,0.0
mean,2050,11,36,ES1 4 bat,0.0
mean,2050,11,37,ES1 4 bat,0.0
mean,2050,11,38,ES1 4 bat,0.0
mean,2050,11,39,ES1 4 bat,0.0
mean,2050,11,40,ES1 4 bat,0.0
mean,2050,11,41,ES1 4 bat,0.0
mean,2050,11,42,ES1 4 bat,0.0
mean,2050,11,43,ES1 4 bat,0.0
mean,2050,11,44,ES1 4 bat,0.0
mean,2050,11,45,ES1 4 bat,0.0
mean,2050,11,46,ES1 4 bat,0.0
mean,2050,11,47,ES1 4 bat,0.0
mean,2050,11,48,ES1 4 bat,0.0
mean,2050,11,49,ES1 4 bat,0.0
mean,2050,11,50,ES1 4 bat,0.0
mean,2050,11,51,ES1 4 bat,0.0
mean,2050,11,52,ES1 4 bat,0.0
mean,2050,11,53,ES1 4 bat,0.0
mean,2050,11,54,ES1 4 bat,0.0
mean,2050,11,55,ES1 4 bat,0.0
mean,2050,11,56,ES1 4 bat,0.0
mean,2050,11,57,ES1 4 bat,0.0
mean,2050,11,58,ES1 4 bat,0.0
mean,2050,11,59,ES1 4 bat,0.0
mean,2050,11,60,ES1 4 bat,0.0
mean,2050,11,61,ES1 4 bat,0.0
mean,2050,11,62,ES1 4 bat,0.0
mean,2050,11,63,ES1 4 bat,0.0
mean,2050,11,64,ES1 4 bat,0.0
mean,2050,11,65,ES1 4 bat,0.0
mean,2050,11,66,ES1 4 bat,0.0
mean,2050,11,67,ES1 4 bat,0.0
mean,2050,11,68,ES1 4 bat,0.0
mean,2050,11,69,ES1 4 bat,0.0
mean,2050,11,70,ES1 4 bat,0.0
mean,2050,11,71,ES1 4 bat,0.0
mean,2050,11,72,ES1 4 bat,0.0
mean,2050,11,73,ES1 4 bat,0.0
mean,2050,11,74,ES1 4 bat,0.0
mean,2050,11,75,ES1 4 bat,0.0
mean,2050,11,76,ES1 4 bat,0.0
mean,2050,11,77,ES1 4 bat,0.0
mean,2050,11,78,ES1 4 bat,0.0
mean,2050,11,79,ES1 4 bat,0.0
mean,2050,11,80,ES1 4 bat,0.0
mean,2050,11,81,ES1 4 bat,0.0
mean,2050,11,82,ES1 4 bat,0.0
mean,2050,11,83,ES1 4 bat,0.0
mean,2050,11,84,ES1 4 bat,0.0
mean,2050,11,85,ES1 4 bat,0.0
mean,2050,11,86,ES1 4 bat,0.0
mean,2050,11,87,ES1 4 bat,0.0
mean,2050,11,88,ES1 4 bat,0.0
mean,2050,11,89,ES1 4 bat,0.0
mean,2050,11,90,ES1 4 bat,0.0
mean,2050,11,91,ES1 4 bat,0.0
mean,2050,11,92,ES1 4 bat,0.0
mean,2050,11,93,ES1 4 bat,0.0
mean,2050,11,94,ES1 4 bat,0.0
mean,2050,11,95,ES1 4 bat,0.0
mean,2050,11,96,ES1 4 bat,0.0
mean,2050,11,97,ES1 4 bat,0.0
mean,2050,11,98,ES1 4 bat,0.0
mean,2050,11,99,ES1 4 bat,0.0
mean,2050,11,100,ES1 4 bat,0.0
mean,2050,11,101,ES1 4 bat,0.0
mean,2050,11,102,ES1 4 bat,0.0
mean,2050,11,103,ES1 4 bat,0.0
mean,2050,11,104,ES1 4 bat,0.0
mean,2050,11,105,ES1 4 bat,0.0
mean,2050,11,106,ES1 4 bat,0.0
mean,2050,11,107,ES1 4 bat,0.0
mean,2050,11,108,ES1 4 bat,0.0
mean,2050,11,109,ES1 4 bat,0.0
mean,2050,11,110,ES1 4 bat,0.0
mean,2050,11,111,ES1 4 bat,0.0
mean,2050,11,112,ES1 4 bat,0.0
mean,2050,11,113,ES1 4 bat,0.0
mean,2050,11,114,ES1 4 bat,0.0
mean,2050,11,115,ES1 4 bat,0.0
mean,2050,11,116,ES1 4 bat,0.0
mean,2050,11,117,ES1 4 bat,0.0
mean,2050,11,118,ES1 4 bat,0.0
mean,2050,11,119,ES1 4 bat,0.0
mean,2050,11,120,ES1 4 bat,0.0
mean,2050,11,121,ES1 4 bat,0.0
mean,2050,11,122,ES1 4 bat,0.0
mean,2050,11,123,ES1 4 bat,0.0
mean,2050,11,124,ES1 4 bat,0.0
mean,2050,11,125,ES1 4 bat,0.0
mean,2050,11,126,ES1 4 bat,0.0
mean,2050,11,127,ES1 4 bat,0.0
mean,2050,11,128,ES1 4 bat,0.0
mean,2050,11,129,ES1 4 bat,0.0
mean,2050,11,130,ES1 4 bat,0.0
mean,2050,11,131,ES1 4 bat,0.0
mean,2050,11,132,ES1 4 bat,0.0
mean,2050,11,133,ES1 4 bat,0.0
mean,2050,11,134,ES1 4 bat,0.0
mean,2050,11,135,ES1 4 bat,0.0
mean,2050,11,136,ES1 4 bat,0.0
mean,2050,11,137,ES1 4 bat,0.0
mean,2050,11,138,ES1 4 bat,0.0
mean,2050,11,139,ES1 4 bat,0.0
mean,2050,11,140,ES1 4 bat,0.0
mean,2050,11,141,ES1 4 bat,0.0
mean,2050,11,142,ES1 4 bat,0.0
mean,2050,11,143,ES1 4 bat,0.0
mean,2050,11,144,ES1 4 bat,0.0
mean,2050,11,145,ES1 4 bat,0.0
mean,2050,11,146,ES1 4 bat,0.0
mean,2050,11,147,ES1 4 bat,0.0
mean,2050,11,148,ES1 4 bat,0.0
mean,2050,11,149,ES1 4 bat,0.0
mean,2050,11,150,ES1 4 bat,0.0
mean,2050,11,151,ES1 4 bat,0.0
mean,2050,11,152,ES1 4 bat,0.0
mean,2050,11,153,ES1 4 bat,0.0
mean,2050,11,154,ES1 4 bat,0.0
mean,2050,11,155,ES1 4 bat,0.0
mean,2050,11,156,ES1 4 bat,0.0
mean,2050,11,157,ES1 4 bat,0.0
mean,2050,11,158,ES1 4 bat,0.0
mean,2050,11,159,ES1 4 bat,0.0
mean,2050,11,160,ES1 4 bat,0.0
mean,2050,11,161,ES1 4 bat,0.0
mean,2050,11,162,ES1 4 bat,0.0
mean,2050,11,163,ES1 4 bat,0.0
mean,2050,11,164,ES1 4 bat,0.0
mean,2050,11,165,ES1 4 bat,0.0
mean,2050,11,166,ES1 4 bat,0.0
mean,2050,11,167,ES1 4 bat,0.0
mean,2050,21,0,ES1 4 bat,-60.59888626999412
mean,2050,21,1,ES1 4 bat,0.0
mean,2050,21,2,ES1 4 bat,0.0
mean,2050,21,3,ES1 4 bat,0.0
mean,2050,21,4,ES1 4 bat,0.0
mean,2050,21,5,ES1 4 bat,0.0
mean,2050,21,6,ES1 4 bat,0.0
mean,2050,21,7,ES1 4 bat,0.0
mean,2050,21,8,ES1 4 bat,0.0
mean,2050,21,9,ES1 4 bat,0.0
mean,2050,21,10,ES1 4 bat,0.0
mean,2050,21,11,ES1 4 bat,0.0
mean,2050,21,12,ES1 4 bat,0.0
mean,2050,21,13,ES1 4 bat,0.0
mean,2050,21,14,ES1 4 bat,0.0
mean,2050,21,15,ES1 4 bat,0.0
mean,2050,21,16,ES1 4 bat,0.0
mean,2050,21,17,ES1 4 bat,0.0
mean,2050,21,18,ES1 4 bat,0.0
mean,2050,21,19,ES1 4 bat,0.0
mean,2050,21,20,ES1 4 bat,0.0
mean,2050,21,21,ES1 4 bat,0.0
mean,2050,21,22,ES1 4 bat,0.0
mean,2050,21,23,ES1 4 bat,0.0
mean,2050,21,24,ES1 4 bat,0.0
mean,2050,21,25,ES1 4 bat,0.0
mean,2050,21,26,ES1 4 bat,0.0
mean,2050,21,27,ES1 4 bat,0.0
mean,2050,21,28,ES1 4 bat,0.0
mean,2050,21,29,ES1 4 bat,0.0
mean,2050,21,30,ES1 4 bat,0.0
mean,2050,21,31,ES1 4 bat,0.0
mean,2050,21,32,ES1 4 bat,0.0
mean,2050,21,33,ES1 4 bat,0.0
mean,2050,21,34,ES1 4 bat,0.0
mean,2050,21,35,ES1 4 bat,0.0
mean,2050,21,36,ES1 4 bat,0.0
mean,2050,21,37,ES1 4 bat,0.0
mean,2050,21,38,ES1 4 bat,0.0
mean,2050,21,39,ES1 4 bat,0.0
mean,2050,21,40,ES1 4 bat,0.0
mean,2050,21,41,ES1 4 bat,0.0
mean,2050,21,42,ES1 4 bat,0.0
mean,2050,21,43,ES1 4 bat,0.0
mean,2050,21,44,ES1 4 bat,0.0
mean,2050,21,45,ES1 4 bat,0.0
mean,2050,21,46,ES1 4 bat,0.0
mean,2050,21,47,ES1 4 bat,0.0
mean,2050,21,48,ES1 4 bat,0.0
mean,2050,21,49,ES1 4 bat,0.0
mean,2050,21,50,ES1 4 bat,0.0
mean,2050,21,51,ES1 4 bat,0.0
mean,2050,21,52,ES1 4 bat,0.0
mean,2050,21,53,ES1 4 bat,0.0
mean,2050,21,54,ES1 4 bat,0.0
mean,2050,21,55,ES1 4 bat,0.0
mean,2050,21,56,ES1 4 bat,0.0
mean,2050,21,57,ES1 4 bat,0.0
mean,2050,21,58,ES1 4 bat,0.0
mean,2050,21,59,ES1 4 bat,0.0
mean,2050,21,60,ES1 4 bat,0.0
mean,2050,21,61,ES1 4 bat,0.0
mean,2050,21,62,ES1 4 bat,0.0
mean,2050,21,63,ES1 4 bat,0.0
mean,2050,21,64,ES1 4 bat,0.0
mean,2050,21,65,ES1 4 bat,0.0
mean,2050,21,66,ES1 4 bat,0.0
mean,2050,21,67,ES1 4 bat,0.0
mean,2050,21,68,ES1 4 bat,0.0
mean,2050,21,69,ES1 4 bat,0.0
mean,2050,21,70,ES1 4 bat,0.0
mean,2050,21,71,ES1 4 bat,0.0
mean,2050,21,72,ES1 4 bat,0.0
mean,2050,21,73,ES1 4 bat,0.0
mean,2050,21,74,ES1 4 bat,0.0
mean,2050,21,75,ES1 4 bat,0.0
mean,2050,21,76,ES1 4 bat,0.0
mean,2050,21,77,ES1 4 bat,0.0
mean,2050,21,78,ES1 4 bat,0.0
mean,2050,21,79,ES1 4 bat,0.0
mean,2050,21,80,ES1 4 bat,0.0
mean,2050,21,81,ES1 4 bat,0.0
mean,2050,21,82,ES1 4 bat,0.0
mean,2050,21,83,ES1 4 bat,0.0
mean,2050,21,84,ES1 4 bat,0.0
mean,2050,21,85,ES1 4 bat,0.0
mean,2050,21,86,ES1 4 bat,0.0
mean,2050,21,87,ES1 4 bat,0.0
mean,2050,21,88,ES1 4 bat,0.0
mean,2050,21,89,ES1 4 bat,0.0
mean,2050,21,90,ES1 4 bat,0.0
mean,2050,21,91,ES1 4 bat,0.0
mean,2050,21,92,ES1 4 bat,0.0
mean,2050,21,93,ES1 4 bat,0.0
mean,2050,21,94,ES1 4 bat,0.0
mean,2050,21,95,ES1 4 bat,0.0
mean,2050,21,96,ES1 4 bat,0.0
mean,2050,21,97,ES1 4 bat,0.0
mean,2050,21,98,ES1 4 bat,0.0
mean,2050,21,99,ES1 4 bat,0.0
mean,2050,21,100,ES1 4 bat,0.0
mean,2050,21,101,ES1 4 bat,0.0
mean,2050,21,102,ES1 4 bat,0.0
mean,2050,21,103,ES1 4 bat,0.0
mean,2050,21,104,ES1 4 bat,0.0
mean,2050,21,105,ES1 4 bat,0.0
mean,2050,21,106,ES1 4 bat,0.0
mean,2050,21,107,ES1 4 bat,0.0
mean,2050,21,108,ES1 4 bat,0.0
mean,2050,21,109,ES1 4 bat,0.0
mean,2050,21,110,ES1 4 bat,0.0
mean,2050,21,111,ES1 4 bat,0.0
mean,2050,21,112,ES1 4 bat,0.0
mean,2050,21,113,ES1 4 bat,0.0
mean,2050,21,114,ES1 4 bat,0.0
mean,2050,21,115,ES1 4 bat,0.0
mean,2050,21,116,ES1 4 bat,0.0
mean,2050,21,117,ES1 4 bat,0.0
mean,2050,21,118,ES1 4 bat,0.0
mean,2050,21,119,ES1 4 bat,0.0
mean,2050,21,120,ES1 4 bat,0.0
mean,2050,21,121,ES1 4 bat,0.0
mean,2050,21,122,ES1 4 bat,0.0
mean,2050,21,123,ES1 4 bat,0.0
mean,2050,21,124,ES1 4 bat,0.0
mean,2050,21,125,ES1 4 bat,0.0
mean,2050,21,126,ES1 4 bat,0.0
mean,2050,21,127,ES1 4 bat,0.0
mean,2050,21,128,ES1 4 bat,0.0
mean,2050,21,129,ES1 4 bat,0.0
mean,2050,21,130,ES1 4 bat,0.0
mean,2050,21,131,ES1 4 bat,0.0
mean,2050,21,132,ES1 4 bat,0.0
mean,2050,21,133,ES1 4 bat,0.0
mean,2050,21,134,ES1 4 bat,0.0
mean,2050,21,135,ES1 4 bat,0.0
mean,2050,21,136,ES1 4 bat,0.0
mean,2050,21,137,ES1 4 bat,0.0
mean,2050,21,138,ES1 4 bat,0.0
mean,2050,21,139,ES1 4 bat,0.0
mean,2050,21,140,ES1 4 bat,0.0
mean,2050,21,141,ES1 4 bat,0.0
mean,2050,21,142,ES1 4 bat,0.0
mean,2050,21,143,ES1 4 bat,0.0
mean,2050,21,144,ES1 4 bat,0.0
mean,2050,21,145,ES1 4 bat,0.0
mean,2050,21,146,ES1 4 bat,0.0
mean,2050,21,147,ES1 4 bat,0.0
mean,2050,21,148,ES1 4 bat,0.0
mean,2050,21,149,ES1 4 bat,0.0
mean,2050,21,150,ES1 4 bat,0.0
mean,2050,21,151,ES1 4 bat,0.0
mean,2050,21,152,ES1 4 bat,0.0
mean,2050,21,153,ES1 4 bat,0.0
mean,2050,21,154,ES1 4 bat,0.0
mean,2050,21,155,ES1 4 bat,0.0
mean,2050,21,156,ES1 4 bat,0.0
mean,2050,21,157,ES1 4 bat,0.0
mean,2050,21,158,ES1 4 bat,0.0
mean,2050,21,159,ES1 4 bat,0.0
mean,2050,21,160,ES1 4 bat,0.0
mean,2050,21,161,ES1 4 bat,0.0
mean,2050,21,162,ES1 4 bat,0.0
mean,2050,21,163,ES1 4 bat,0.0
mean,2050,21,164,ES1 4 bat,0.0
mean,2050,21,165,ES1 4 bat,0.0
mean,2050,21,166,ES1 4 bat,0.0
mean,2050,21,167,ES1 4 bat,0.0
mean,2050,42,0,ES1 4 bat,-60.59888626999412
mean,2050,42,1,ES1 4 bat,0.0
mean,2050,42,2,ES1 4 bat,0.0
mean,2050,42,3,ES1 4 bat,0.0
mean,2050,42,4,ES1 4 bat,0.0
mean,2050,42,5,ES1 4 bat,0.0
mean,2050,42,6,ES1 4 bat,0.0
mean,2050,42,7,ES1 4 bat,0.0
mean,2050,42,8,ES1 4 bat,0.0
mean,2050,42,9,ES1 4 bat,0.0
mean,2050,42,10,ES1 4 bat,0.0
mean,2050,42,11,ES1 4 bat,0.0
mean,2050,42,12,ES1 4 bat,0.0
mean,2050,42,13,ES1 4 bat,0.0
mean,2050,42,14,ES1 4 bat,0.0
mean,2050,42,15,ES1 4 bat,0.0
mean,2050,42,16,ES1 4 bat,0.0
mean,2050,42,17,ES1 4 bat,0.0
mean,2050,42,18,ES1 4 bat,0.0
mean,2050,42,19,ES1 4 bat,0.0
mean,2050,42,20,ES1 4 bat,0.0
mean,2050,42,21,ES1 4 bat,0.0
mean,2050,42,22,ES1 4 bat,0.0
mean,2050,42,23,ES1 4 bat,0.0
mean,2050,42,24,ES1 4 bat,0.0
mean,2050,42,25,ES1 4 bat,0.0
mean,2050,42,26,ES1 4 bat,0.0
mean,2050,42,27,ES1 4 bat,0.0
mean,2050,42,28,ES1 4 bat,0.0
mean,2050,42,29,ES1 4 bat,0.0
mean,2050,42,30,ES1 4 bat,0.0
mean,2050,42,31,ES1 4 bat,0.0
mean,2050,42,32,ES1 4 bat,0.0
mean,2050,42,33,ES1 4 bat,0.0
mean,2050,42,34,ES1 4 bat,0.0
mean,2050,42,35,ES1 4 bat,0.0
mean,2050,42,36,ES1 4 bat,0.0
mean,2050,42,37,ES1 4 bat,0.0
mean,2050,42,38,ES1 4 bat,0.0
mean,2050,42,39,ES1 4 bat,0.0
mean,2050,42,40,ES1 4 bat,0.0
mean,2050,42,41,ES1 4 bat,0.0
mean,2050,42,42,ES1 4 bat,0.0
mean,2050,42,43,ES1 4 bat,0.0
mean,2050,42,44,ES1 4 bat,0.0
mean,2050,42,45,ES1 4 bat,0.0
mean,2050,42,46,ES1 4 bat,0.0
mean,2050,42,47,ES1 4 bat,0.0
mean,2050,42,48,ES1 4 bat,0.0
mean,2050,42,49,ES1 4 bat,0.0
mean,2050,42,50,ES1 4 bat,0.0
mean,2050,42,51,ES1 4 bat,0.0
mean,2050,42,52,ES1 4 bat,0.0
mean,2050,42,53,ES1 4 bat,0.0
mean,2050,42,54,ES1 4 bat,0.0
mean,2050,42,55,ES1 4 bat,0.0
mean,2050,42,56,ES1 4 bat,0.0
mean,2050,42,57,ES1 4 bat,0.0
mean,2050,42,58,ES1 4 bat,0.0
mean,2050,42,59,ES1 4 bat,0.0
mean,2050,42,60,ES1 4 bat,0.0
mean,2050,42,61,ES1 4 bat,0.0
mean,2050,42,62,ES1 4 bat,0.0
mean,2050,42,63,ES1 4 bat,0.0
mean,2050,42,64,ES1 4 bat,0.0
mean,2050,42,65,ES1 4 bat,0.0
mean,2050,42,66,ES1 4 bat,0.0
mean,2050,42,67,ES1 4 bat,0.0
mean,2050,42,68,ES1 4 bat,0.0
mean,2050,42,69,ES1 4 bat,0.0
mean,2050,42,70,ES1 4 bat,0.0
mean,2050,42,71,ES1 4 bat,0.0
mean,2050,42,72,ES1 4 bat,0.0
mean,2050,42,73,ES1 4 bat,0.0
mean,2050,42,74,ES1 4 bat,0.0
mean,2050,42,75,ES1 4 bat,0.0
mean,2050,42,76,ES1 4 bat,0.0
mean,2050,42,77,ES1 4 bat,0.0
mean,2050,42,78,ES1 4 bat,0.0
mean,2050,42,79,ES1 4 bat,0.0
mean,2050,42,80,ES1 4 bat,0.0
mean,2050,42,81,ES1 4 bat,0.0
mean,2050,42,82,ES1 4 bat,0.0
mean,2050,42,83,ES1 4 bat,0.0
mean,2050,42,84,ES1 4 bat,0.0
mean,2050,42,85,ES1 4 bat,0.0
mean,2050,42,86,ES1 4 bat,0.0
mean,2050,42,87,ES1 4 bat,0.0
mean,2050,42,88,ES1 4 bat,0.0
mean,2050,42,89,ES1 4 bat,0.0
mean,2050,42,90,ES1 4 bat,0.0
mean,2050,42,91,ES1 4 bat,0.0
mean,2050,42,92,ES1 4 bat,0.0
mean,2050,42,93,ES1 4 bat,0.0
mean,2050,42,94,ES1 4 bat,0.0
mean,2050,42,95,ES1 4 bat,0.0
mean,2050,42,96,ES1 4 bat,0.0
mean,2050,42,97,ES1 4 bat,0.0
mean,2050,42,98,ES1 4 bat,0.0
mean,2050,42,99,ES1 4 bat,0.0
mean,2050,42,100,ES1 4 bat,0.0
mean,2050,42,101,ES1 4 bat,0.0
mean,2050,42,102,ES1 4 bat,0.0
mean,2050,42,103,ES1 4 bat,0.0
mean,2050,42,104,ES1 4 bat,0.0
mean,2050,42,105,ES1 4 bat,0.0
mean,2050,42,106,ES1 4 bat,0.0
mean,2050,42,107,ES1 4 bat,0.0
mean,2050,42,108,ES1 4 bat,0.0
mean,2050,42,109,ES1 4 bat,0.0
mean,2050,42,110,ES1 4 bat,0.0
mean,2050,42,111,ES1 4 bat,0.0
mean,2050,42,112,ES1 4 bat,0.0
mean,2050,42,113,ES1 4 bat,0.0
mean,2050,42,114,ES1 4 bat,0.0
mean,2050,42,115,ES1 4 bat,0.0
mean,2050,42,116,ES1 4 bat,0.0
mean,2050,42,117,ES1 4 bat,0.0
mean,2050,42,118,ES1 4 bat,0.0
mean,2050,42,119,ES1 4 bat,0.0
mean,2050,42,120,ES1 4 bat,0.0
mean,2050,42,121,ES1 4 bat,0.0
mean,2050,42,122,ES1 4 bat,0.0
mean,2050,42,123,ES1 4 bat,0.0
mean,2050,42,124,ES1 4 bat,0.0
mean,2050,42,125,ES1 4 bat,0.0
mean,2050,42,126,ES1 4 bat,0.0
mean,2050,42,127,ES1 4 bat,0.0
mean,2050,42,128,ES1 4 bat,0.0
mean,2050,42,129,ES1 4 bat,0.0
mean,2050,42,130,ES1 4 bat,0.0
mean,2050,42,131,ES1 4 bat,0.0
mean,2050,42,132,ES1 4 bat,0.0
mean,2050,42,133,ES1 4 bat,0.0
mean,2050,42,134,ES1 4 bat,0.0
mean,2050,42,135,ES1 4 bat,0.0
mean,2050,42,136,ES1 4 bat,0.0
mean,2050,42,137,ES1 4 bat,0.0
mean,2050,42,138,ES1 4 bat,0.0
mean,2050,42,139,ES1 4 bat,0.0
mean,2050,42,140,ES1 4 bat,0.0
mean,2050,42,141,ES1 4 bat,0.0
mean,2050,42,142,ES1 4 bat,0.0
mean,2050,42,143,ES1 4 bat,0.0
mean,2050,42,144,ES1 4 bat,0.0
mean,2050,42,145,ES1 4 bat,0.0
mean,2050,42,146,ES1 4 bat,0.0
mean,2050,42,147,ES1 4 bat,0.0
mean,2050,42,148,ES1 4 bat,0.0
mean,2050,42,149,ES1 4 bat,0.0
mean,2050,42,150,ES1 4 bat,0.0
mean,2050,42,151,ES1 4 bat,0.0
mean,2050,42,152,ES1 4 bat,0.0
mean,2050,42,153,ES1 4 bat,0.0
mean,2050,42,154,ES1 4 bat,0.0
mean,2050,42,155,ES1 4 bat,0.0
mean,2050,42,156,ES1 4 bat,0.0
mean,2050,42,157,ES1 4 bat,0.0
mean,2050,42,158,ES1 4 bat,0.0
mean,2050,42,159,ES1 4 bat,0.0
mean,2050,42,160,ES1 4 bat,0.0
mean,2050,42,161,ES1 4 bat,0.0
mean,2050,42,162,ES1 4 bat,0.0
mean,2050,42,163,ES1 4 bat,0.0
mean,2050,42,164,ES1 4 bat,0.0
mean,2050,42,165,ES1 4 bat,0.0
mean,2050,42,166,ES1 4 bat,0.0
mean,2050,42,167,ES1 4 bat,0.0
mean,2050,52,0,ES1 4 bat,-59.79900371476483
mean,2050,52,1,ES1 4 bat,0.0
mean,2050,52,2,ES1 4 bat,0.0
mean,2050,52,3,ES1 4 bat,0.0
mean,2050,52,4,ES1 4 bat,0.0
mean,2050,52,5,ES1 4 bat,0.0
mean,2050,52,6,ES1 4 bat,0.0
mean,2050,52,7,ES1 4 bat,0.0
mean,2050,52,8,ES1 4 bat,0.0
mean,2050,52,9,ES1 4 bat,0.0
mean,2050,52,10,ES1 4 bat,0.0
mean,2050,52,11,ES1 4 bat,0.0
mean,2050,52,12,ES1 4 bat,0.0
mean,2050,52,13,ES1 4 bat,0.0
mean,2050,52,14,ES1 4 bat,0.0
mean,2050,52,15,ES1 4 bat,0.0
mean,2050,52,16,ES1 4 bat,0.0
mean,2050,52,17,ES1 4 bat,0.0
mean,2050,52,18,ES1 4 bat,0.0
mean,2050,52,19,ES1 4 bat,0.0
mean,2050,52,20,ES1 4 bat,0.0
mean,2050,52,21,ES1 4 bat,0.0
mean,2050,52,22,ES1 4 bat,0.0
mean,2050,52,23,ES1 4 bat,0.0
mean,2050,52,24,ES1 4 bat,0.0
mean,2050,52,25,ES1 4 bat,0.0
mean,2050,52,26,ES1 4 bat,0.0
mean,2050,52,27,ES1 4 bat,0.0
mean,2050,52,28,ES1 4 bat,0.0
mean,2050,52,29,ES1 4 bat,0.0
mean,2050,52,30,ES1 4 bat,0.0
mean,2050,52,31,ES1 4 bat,0.0
mean,2050,52,32,ES1 4 bat,0.0
mean,2050,52,33,ES1 4 bat,0.0
mean,2050,52,34,ES1 4 bat,0.0
mean,2050,52,35,ES1 4 bat,0.0
mean,2050,52,36,ES1 4 bat,0.0
mean,2050,52,37,ES1 4 bat,0.0
mean,2050,52,38,ES1 4 bat,0.0
mean,2050,52,39,ES1 4 bat,0.0
mean,2050,52,40,ES1 4 bat,0.0
mean,2050,52,41,ES1 4 bat,0.0
mean,2050,52,42,ES1 4 bat,0.0
mean,2050,52,43,ES1 4 bat,0.0
mean,2050,52,44,ES1 4 bat,0.0
mean,2050,52,45,ES1 4 bat,0.0
mean,2050,52,46,ES1 4 bat,0.0
mean,2050,52,47,ES1 4 bat,0.0
mean,2050,52,48,ES1 4 bat,0.0
mean,2050,52,49,ES1 4 bat,0.0
mean,2050,52,50,ES1 4 bat,0.0
mean,2050,52,51,ES1 4 bat,0.0
mean,2050,52,52,ES1 4 bat,0.0
mean,2050,52,53,ES1 4 bat,0.0
mean,2050,52,54,ES1 4 bat,0.0
mean,2050,52,55,ES1 4 bat,0.0
mean,2050,52,56,ES1 4 bat,0.0
mean,2050,52,57,ES1 4 bat,0.0
mean,2050,52,58,ES1 4 bat,0.0
mean,2050,52,59,ES1 4 bat,0.0
mean,2050,52,60,ES1 4 bat,0.0
mean,2050,52,61,ES1 4 bat,0.0
mean,2050,52,62,ES1 4 bat,0.0
mean,2050,52,63,ES1 4 bat,0.0
mean,2050,52,64,ES1 4 bat,0.0
mean,2050,52,65,ES1 4 bat,0.0
mean,2050,52,66,ES1 4 bat,0.0
mean,2050,52,67,ES1 4 bat,0.0
mean,2050,52,68,ES1 4 bat,0.0
mean,2050,52,69,ES1 4 bat,0.0
mean,2050,52,70,ES1 4 bat,0.0
mean,2050,52,71,ES1 4 bat,0.0
mean,2050,52,72,ES1 4 bat,0.0
mean,2050,52,73,ES1 4 bat,0.0
mean,2050,52,74,ES1 4 bat,0.0
mean,2050,52,75,ES1 4 bat,0.0
mean,2050,52,76,ES1 4 bat,0.0
mean,2050,52,77,ES1 4 bat,0.0
mean,2050,52,78,ES1 4 bat,0.0
mean,2050,52,79,ES1 4 bat,0.0
mean,2050,52,80,ES1 4 bat,0.0
mean,2050,52,81,ES1 4 bat,0.0
mean,2050,52,82,ES1 4 bat,0.0
mean,2050,52,83,ES1 4 bat,0.0
mean,2050,52,84,ES1 4 bat,0.0
mean,2050,52,85,ES1 4 bat,0.0
mean,2050,52,86,ES1 4 bat,0.0
mean,2050,52,87,ES1 4 bat,0.0
mean,2050,52,88,ES1 4 bat,0.0
mean,2050,52,89,ES1 4 bat,0.0
mean,2050,52,90,ES1 4 bat,0.0
mean,2050,52,91,ES1 4 bat,0.0
mean,2050,52,92,ES1 4 bat,0.0
mean,2050,52,93,ES1 4 bat,0.0
mean,2050,52,94,ES1 4 bat,0.0
mean,2050,52,95,ES1 4 bat,0.0
mean,2050,52,96,ES1 4 bat,0.0
mean,2050,52,97,ES1 4 bat,0.0
mean,2050,52,98,ES1 4 bat,0.0
mean,2050,52,99,ES1 4 bat,0.0
mean,2050,52,100,ES1 4 bat,0.0
mean,2050,52,101,ES1 4 bat,0.0
mean,2050,52,102,ES1 4 bat,0.0
mean,2050,52,103,ES1 4 bat,0.0
mean,2050,52,104,ES1 4 bat,0.0
mean,2050,52,105,ES1 4 bat,0.0
mean,2050,52,106,ES1 4 bat,0.0
mean,2050,52,107,ES1 4 bat,0.0
mean,2050,52,108,ES1 4 bat,0.0
mean,2050,52,109,ES1 4 bat,0.0
mean,2050,52,110,ES1 4 bat,0.0
mean,2050,52,111,ES1 4 bat,0.0
mean,2050,52,112,ES1 4 bat,0.0
mean,2050,52,113,ES1 4 bat,0.0
mean,2050,52,114,ES1 4 bat,0.0
mean,2050,52,115,ES1 4 bat,0.0
mean,2050,52,116,ES1 4 bat,0.0
mean,2050,52,117,ES1 4 bat,0.0
mean,2050,52,118,ES1 4 bat,0.0
mean,2050,52,119,ES1 4 bat,0.0
mean,2050,52,120,ES1 4 bat,0.0
mean,2050,52,121,ES1 4 bat,0.0
mean,2050,52,122,ES1 4 bat,0.0
mean,2050,52,123,ES1 4 bat,0.0
mean,2050,52,124,ES1 4 bat,0.0
mean,2050,52,125,ES1 4 bat,0.0
mean,2050,52,126,ES1 4 bat,0.0
mean,2050,52,127,ES1 4 bat,0.0
mean,2050,52,128,ES1 4 bat,0.0
mean,2050,52,129,ES1 4 bat,0.0
mean,2050,52,130,ES1 4 bat,0.0
mean,2050,52,131,ES1 4 bat,0.0
mean,2050,52,132,ES1 4 bat,0.0
mean,2050,52,133,ES1 4 bat,0.0
mean,2050,52,134,ES1 4 bat,0.0
mean,2050,52,135,ES1 4 bat,0.0
mean,2050,52,136,ES1 4 bat,0.0
mean,2050,52,137,ES1 4 bat,0.0
mean,2050,52,138,ES1 4 bat,0.0
mean,2050,52,139,ES1 4 bat,0.0
mean,2050,52,140,ES1 4 bat,0.0
mean,2050,52,141,ES1 4 bat,0.0
mean,2050,52,142,ES1 4 bat,0.0
mean,2050,52,143,ES1 4 bat,0.0
mean,2050,52,144,ES1 4 bat,0.0
mean,2050,52,145,ES1 4 bat,0.0
mean,2050,52,146,ES1 4 bat,0.0
mean,2050,52,147,ES1 4 bat,0.0
mean,2050,52,148,ES1 4 bat,0.0
mean,2050,52,149,ES1 4 bat,0.0
mean,2050,52,150,ES1 4 bat,0.0
mean,2050,52,151,ES1 4 bat,0.0
mean,2050,52,152,ES1 4 bat,0.0
mean,2050,52,153,ES1 4 bat,0.0
mean,2050,52,154,ES1 4 bat,0.0
mean,2050,52,155,ES1 4 bat,0.0
mean,2050,52,156,ES1 4 bat,0.0
mean,2050,52,157,ES1 4 bat,0.0
mean,2050,52,158,ES1 4 bat,0.0
mean,2050,52,159,ES1 4 bat,0.0
mean,2050,52,160,ES1 4 bat,0.0
mean,2050,52,161,ES1 4 bat,0.0
mean,2050,52,162,ES1 4 bat,0.0
mean,2050,52,163,ES1 4 bat,0.0
mean,2050,52,164,ES1 4 bat,0.0
mean,2050,52,165,ES1 4 bat,0.0
mean,2050,52,166,ES1 4 bat,0.0
mean,2050,52,167,ES1 4 bat,0.0
mean,2025,11,0,ES1 5 bat,-0.014549767566214006
mean,2025,11,1,ES1 5 bat,0.0
mean,2025,11,2,ES1 5 bat,0.0
mean,2025,11,3,ES1 5 bat,0.0
mean,2025,11,4,ES1 5 bat,0.0
mean,2025,11,5,ES1 5 bat,0.0
mean,2025,11,6,ES1 5 bat,0.0
mean,2025,11,7,ES1 5 bat,0.0
mean,2025,11,8,ES1 5 bat,0.0
mean,2025,11,9,ES1 5 bat,0.0
mean,2025,11,10,ES1 5 bat,0.0
mean,2025,11,11,ES1 5 bat,0.0
mean,2025,11,12,ES1 5 bat,0.0
mean,2025,11,13,ES1 5 bat,0.0
mean,2025,11,14,ES1 5 bat,0.0
mean,2025,11,15,ES1 5 bat,0.0
mean,2025,11,16,ES1 5 bat,0.0
mean,2025,11,17,ES1 5 bat,0.0
mean,2025,11,18,ES1 5 bat,0.0
mean,2025,11,19,ES1 5 bat,0.0
mean,2025,11,20,ES1 5 bat,0.0
mean,2025,11,21,ES1 5 bat,0.0
mean,2025,11,22,ES1 5 bat,0.0
mean,2025,11,23,ES1 5 bat,0.0
mean,2025,11,24,ES1 5 bat,0.0
mean,2025,11,25,ES1 5 bat,0.0
mean,2025,11,26,ES1 5 bat,0.0
mean,2025,11,27,ES1 5 bat,0.0
mean,2025,11,28,ES1 5 bat,0.0
mean,2025,11,29,ES1 5 bat,0.0
mean,2025,11,30,ES1 5 bat,0.0
mean,2025,11,31,ES1 5 bat,-60.545713682688124
mean,2025,11,32,ES1 5 bat,0.0
mean,2025,11,33,ES1 5 bat,0.0
mean,2025,11,34,ES1 5 bat,0.0
mean,2025,11,35,ES1 5 bat,0.0
mean,2025,11,36,ES1 5 bat,0.0
mean,2025,11,37,ES1 5 bat,0.0
mean,2025,11,38,ES1 5 bat,0.0
mean,2025,11,39,ES1 5 bat,0.0
mean,2025,11,40,ES1 5 bat,0.0
mean,2025,11,41,ES1 5 bat,0.0
mean,2025,11,42,ES1 5 bat,0.0
mean,2025,11,43,ES1 5 bat,-0.20224283759539813
mean,2025,11,44,ES1 5 bat,0.0
mean,2025,11,45,ES1 5 bat,0.0
mean,2025,11,46,ES1 5 bat,0.0
mean,2025,11,47,ES1 5 bat,0.0
mean,2025,11,48,ES1 5 bat,0.0
mean,2025,11,49,ES1 5 bat,0.0
mean,2025,11,50,ES1 5 bat,0.0
mean,2025,11,51,ES1 5 bat,0.0
mean,2025,11,52,ES1 5 bat,0.0
mean,2025,11,53,ES1 5 bat,0.0
mean,2025,11,54,ES1 5 bat,0.0
mean,2025,11,55,ES1 5 bat,0.0
mean,2025,11,56,ES1 5 bat,0.0
mean,2025,11,57,ES1 5 bat,0.0
mean,2025,11,58,ES1 5 bat,0.0
mean,2025,11,59,ES1 5 bat,0.0
mean,2025,11,60,ES1 5 bat,0.0
mean,2025,11,61,ES1 5 bat,0.0
mean,2025,11,62,ES1 5 bat,0.0
mean,2025,11,63,ES1 5 bat,0.0
mean,2025,11,64,ES1 5 bat,0.0
mean,2025,11,65,ES1 5 bat,0.0
mean,2025,11,66,ES1 5 bat,0.0
mean,2025,11,67,ES1 5 bat,0.0
mean,2025,11,68,ES1 5 bat,0.0
mean,2025,11,69,ES1 5 bat,0.0
mean,2025,11,70,ES1 5 bat,0.0
mean,2025,11,71,ES1 5 bat,0.0
mean,2025,11,72,ES1 5 bat,0.0
mean,2025,11,73,ES1 5 bat,0.0
mean,2025,11,74,ES1 5 bat,0.0
mean,2025,11,75,ES1 5 bat,0.0
mean,2025,11,76,ES1 5 bat,0.0
mean,2025,11,77,ES1 5 bat,0.0
mean,2025,11,78,ES1 5 bat,0.0
mean,2025,11,79,ES1 5 bat,-59.94702574329435
mean,2025,11,80,ES1 5 bat,0.0
mean,2025,11,81,ES1 5 bat,0.0
mean,2025,11,82,ES1 5 bat,0.0
mean,2025,11,83,ES1 5 bat,0.0
mean,2025,11,84,ES1 5 bat,0.0
mean,2025,11,85,ES1 5 bat,0.0
mean,2025,11,86,ES1 5 bat,0.0
mean,2025,11,87,ES1 5 bat,0.0
mean,2025,11,88,ES1 5 bat,0.0
mean,2025,11,89,ES1 5 bat,0.0
mean,2025,11,90,ES1 5 bat,0.0
mean,2025,11,91,ES1 5 bat,0.0
mean,2025,11,92,ES1 5 bat,0.0
mean,2025,11,93,ES1 5 bat,0.0
mean,2025,11,94,ES1 5 bat,0.0
mean,2025,11,95,ES1 5 bat,0.0
mean,2025,11,96,ES1 5 bat,0.0
mean,2025,11,97,ES1 5 bat,0.0
mean,2025,11,98,ES1 5 bat,0.0
mean,2025,11,99,ES1 5 bat,0.0
mean,2025,11,100,ES1 5 bat,0.0
mean,2025,11,101,ES1 5 bat,0.0
mean,2025,11,102,ES1 5 bat,0.0
mean,2025,11,103,ES1 5 bat,-0.3817704989586972
mean,2025,11,104,ES1 5 bat,0.0
mean,2025,11,105,ES1 5 bat,0.0
mean,2025,11,106,ES1 5 bat,0.0
mean,2025,11,107,ES1 5 bat,0.0
mean,2025,11,108,ES1 5 bat,0.0
mean,2025,11,109,ES1 5 bat,0.0
mean,2025,11,110,ES1 5 bat,0.0
mean,2025,11,111,ES1 5 bat,0.0
mean,2025,11,112,ES1 5 bat,0.0
mean,2025,11,113,ES1 5 bat,0.0
mean,2025,11,114,ES1 5 bat,0.0
mean,2025,11,115,ES1 5 bat,-3.3312666608652326
mean,2025,11,116,ES1 5 bat,0.0
mean,2025,11,117,ES1 5 bat,0.0
mean,2025,11,118,ES1 5 bat,0.0
mean,2025,11,119,ES1 5 bat,0.0
mean,2025,11,120,ES1 5 bat,0.0
mean,2025,11,121,ES1 5 bat,0.0
mean,2025,11,122,ES1 5 bat,0.0
mean,2025,11,123,ES1 5 bat,0.0
mean,2025,11,124,ES1 5 bat,0.0
mean,2025,11,125,ES1 5 bat,0.0
mean,2025,11,126,ES1 5 bat,0.0
mean,2025,11,127,ES1 5 bat,0.0
mean,2025,11,128,ES1 5 bat,0.0
mean,2025,11,129,ES1 5 bat,0.0
mean,2025,11,130,ES1 5 bat,0.0
mean,2025,11,131,ES1 5 bat,0.0
mean,2025,11,132,ES1 5 bat,0.0
mean,2025,11,133,ES1 5 bat,0.0
mean,2025,11,134,ES1 5 bat,0.0
mean,2025,11,135,ES1 5 bat,0.0
mean,2025,11,136,ES1 5 bat,0.0
mean,2025,11,137,ES1 5 bat,0.0
mean,2025,11,138,ES1 5 bat,0.0
mean,2025,11,139,ES1 5 bat,0.0
mean,2025,11,140,ES1 5 bat,-0.10698802218354128
mean,2025,11,141,ES1 5 bat,0.0
mean,2025,11,142,ES1 5 bat,0.0
mean,2025,11,143,ES1 5 bat,0.0
mean,2025,11,144,ES1 5 bat,0.0
mean,2025,11,145,ES1 5 bat,0.0
mean,2025,11,146,ES1 5 bat,0.0
mean,2025,11,147,ES1 5 bat,0.0
mean,2025,11,148,ES1 5 bat,0.0
mean,2025,11,149,ES1 5 bat,0.0
mean,2025,11,150,ES1 5 bat,0.0
mean,2025,11,151,ES1 5 bat,0.0
mean,2025,11,152,ES1 5 bat,0.0
mean,2025,11,153,ES1 5 bat,0.0
mean,2025,11,154,ES1 5 bat,0.0
mean,2025,11,155,ES1 5 bat,0.0
mean,2025,11,156,ES1 5 bat,0.0
mean,2025,11,157,ES1 5 bat,0.0
mean,2025,11,158,ES1 5 bat,0.0
mean,2025,11,159,ES1 5 bat,0.0
mean,2025,11,160,ES1 5 bat,0.0
mean,2025,11,161,ES1 5 bat,0.0
mean,2025,11,162,ES1 5 bat,-0.0025175388666031895
mean,2025,11,163,ES1 5 bat,0.0
mean,2025,11,164,ES1 5 bat,0.0
mean,2025,11,165,ES1 5 bat,0.0
mean,2025,11,166,ES1 5 bat,0.0
mean,2025,11,167,ES1 5 bat,0.0
mean,2025,21,0,ES1 5 bat,-61.88838446837163
mean,2025,21,1,ES1 5 bat,0.0
mean,2025,21,2,ES1 5 bat,0.0
mean,2025,21,3,ES1 5 bat,0.0
mean,2025,21,4,ES1 5 bat,0.0
mean,2025,21,5,ES1 5 bat,0.0
mean,2025,21,6,ES1 5 bat,0.0
mean,2025,21,7,ES1 5 bat,0.0
mean,2025,21,8,ES1 5 bat,0.0
mean,2025,21,9,ES1 5 bat,0.0
mean,2025,21,10,ES1 5 bat,0.0
mean,2025,21,11,ES1 5 bat,0.0
mean,2025,21,12,ES1 5 bat,0.0
mean,2025,21,13,ES1 5 bat,0.0
mean,2025,21,14,ES1 5 bat,0.0
mean,2025,21,15,ES1 5 bat,0.0
mean,2025,21,16,ES1 5 bat,0.0
mean,2025,21,17,ES1 5 bat,0.0
mean,2025,21,18,ES1 5 bat,0.0
mean,2025,21,19,ES1 5 bat,0.0
mean,2025,21,20,ES1 5 bat,0.0
mean,2025,21,21,ES1 5 bat,0.0
mean,2025,21,22,ES1 5 bat,0.0
mean,2025,21,23,ES1 5 bat,0.0
mean,2025,21,24,ES1 5 bat,0.0
mean,2025,21,25,ES1 5 bat,0.0
mean,2025,21,26,ES1 5 bat,0.0
mean,2025,21,27,ES1 5 bat,0.0
mean,2025,21,28,ES1 5 bat,0.0
mean,2025,21,29,ES1 5 bat,0.0
mean,2025,21,30,ES1 5 bat,0.0
mean,2025,21,31,ES1 5 bat,0.0
mean,2025,21,32,ES1 5 bat,0.0
mean,2025,21,33,ES1 5 bat,0.0
mean,2025,21,34,ES1 5 bat,0.0
mean,2025,21,35,ES1 5 bat,0.0
mean,2025,21,36,ES1 5 bat,0.0
mean,2025,21,37,ES1 5 bat,0.0
mean,2025,21,38,ES1 5 bat,0.0
mean,2025,21,39,ES1 5 bat,0.0
mean,2025,21,40,ES1 5 bat,0.0
mean,2025,21,41,ES1 5 bat,0.0
mean,2025,21,42,ES1 5 bat,0.0
mean,2025,21,43,ES1 5 bat,0.0
mean,2025,21,44,ES1 5 bat,0.0
mean,2025,21,45,ES1 5 bat,0.0
mean,2025,21,46,ES1 5 bat,0.0
mean,2025,21,47,ES1 5 bat,0.0
mean,2025,21,48,ES1 5 bat,0.0
mean,2025,21,49,ES1 5 bat,0.0
mean,2025,21,50,ES1 5 bat,0.0
mean,2025,21,51,ES1 5 bat,0.0
mean,2025,21,52,ES1 5 bat,0.0
mean,2025,21,53,ES1 5 bat,0.0
mean,2025,21,54,ES1 5 bat,0.0
mean,2025,21,55,ES1 5 bat,0.0
mean,2025,21,56,ES1 5 bat,0.0
mean,2025,21,57,ES1 5 bat,0.0
mean,2025,21,58,ES1 5 bat,0.0
mean,2025,21,59,ES1 5 bat,0.0
mean,2025,21,60,ES1 5 bat,0.0
mean,2025,21,61,ES1 5 bat,0.0
mean,2025,21,62,ES1 5 bat,0.0
mean,2025,21,63,ES1 5 bat,0.0
mean,2025,21,64,ES1 5 bat,0.0
mean,2025,21,65,ES1 5 bat,0.0
mean,2025,21,66,ES1 5 bat,0.0
mean,2025,21,67,ES1 5 bat,-59.94672045260502
mean,2025,21,68,ES1 5 bat,0.0
mean,2025,21,69,ES1 5 bat,0.0
mean,2025,21,70,ES1 5 bat,0.0
mean,2025,21,71,ES1 5 bat,0.0
mean,2025,21,72,ES1 5 bat,0.0
mean,2025,21,73,ES1 5 bat,0.0
mean,2025,21,74,ES1 5 bat,0.0
mean,2025,21,75,ES1 5 bat,0.0
mean,2025,21,76,ES1 5 bat,0.0
mean,2025,21,77,ES1 5 bat,0.0
mean,2025,21,78,ES1 5 bat,-0.017728083298103752
mean,2025,21,79,ES1 5 bat,0.0
mean,2025,21,80,ES1 5 bat,0.0
mean,2025,21,81,ES1 5 bat,0.0
mean,2025,21,82,ES1 5 bat,0.0
mean,2025,21,83,ES1 5 bat,0.0
mean,2025,21,84,ES1 5 bat,0.0
mean,2025,21,85,ES1 5 bat,0.0
mean,2025,21,86,ES1 5 bat,0.0
mean,2025,21,87,ES1 5 bat,0.0
mean,2025,21,88,ES1 5 bat,0.0
mean,2025,21,89,ES1 5 bat,0.0
mean,2025,21,90,ES1 5 bat,0.0
mean,2025,21,91,ES1 5 bat,0.0
mean,2025,21,92,ES1 5 bat,0.0
mean,2025,21,93,ES1 5 bat,0.0
mean,2025,21,94,ES1 5 bat,0.0
mean,2025,21,95,ES1 5 bat,0.0
mean,2025,21,96,ES1 5 bat,0.0
mean,2025,21,97,ES1 5 bat,0.0
mean,2025,21,98,ES1 5 bat,0.0
mean,2025,21,99,ES1 5 bat,0.0
mean,2025,21,100,ES1 5 bat,0.0
mean,2025,21,101,ES1 5 bat,0.0
mean,2025,21,102,ES1 5 bat,-0.36876220491510997
mean,2025,21,103,ES1 5 bat,0.0
mean,2025,21,104,ES1 5 bat,0.0
mean,2025,21,105,ES1 5 bat,0.0
mean,2025,21,106,ES1 5 bat,0.0
mean,2025,21,107,ES1 5 bat,0.0
mean,2025,21,108,ES1 5 bat,0.0
mean,2025,21,109,ES1 5 bat,0.0
mean,2025,21,110,ES1 5 bat,0.0
mean,2025,21,111,ES1 5 bat,0.0
mean,2025,21,112,ES1 5 bat,0.0
mean,2025,21,113,ES1 5 bat,0.0
mean,2025,21,114,ES1 5 bat,0.0
mean,2025,21,115,ES1 5 bat,0.0
mean,2025,21,116,ES1 5 bat,-0.038343163460277
mean,2025,21,117,ES1 5 bat,0.0
mean,2025,21,118,ES1 5 bat,0.0
mean,2025,21,119,ES1 5 bat,0.0
mean,2025,21,120,ES1 5 bat,0.0
mean,2025,21,121,ES1 5 bat,0.0
mean,2025,21,122,ES1 5 bat,0.0
mean,2025,21,123,ES1 5 bat,0.0
mean,2025,21,124,ES1 5 bat,0.0
mean,2025,21,125,ES1 5 bat,0.0
mean,2025,21,126,ES1 5 bat,0.0
mean,2025,21,127,ES1 5 bat,0.0
mean,2025,21,128,ES1 5 bat,0.0
mean,2025,21,129,ES1 5 bat,0.0
mean,2025,21,130,ES1 5 bat,0.0
mean,2025,21,131,ES1 5 bat,0.0
mean,2025,21,132,ES1 5 bat,0.0
mean,2025,21,133,ES1 5 bat,0.0
mean,2025,21,134,ES1 5 bat,0.0
mean,2025,21,135,ES1 5 bat,0.0
mean,2025,21,136,ES1 5 bat,0.0
mean,2025,21,137,ES1 5 bat,0.0
mean,2025,21,138,ES1 5 bat,0.0
mean,2025,21,139,ES1 5 bat,0.0
mean,2025,21,140,ES1 5 bat,0.0
mean,2025,21,141,ES1 5 bat,0.0
mean,2025,21,142,ES1 5 bat,-0.02031855647041308
mean,2025,21,143,ES1 5 bat,0.0
mean,2025,21,144,ES1 5 bat,0.0
mean,2025,21,145,ES1 5 bat,0.0
mean,2025,21,146,ES1 5 bat,0.0
mean,2025,21,147,ES1 5 bat,0.0
mean,2025,21,148,ES1 5 bat,0.0
mean,2025,21,149,ES1 5 bat,0.0
mean,2025,21,150,ES1 5 bat,0.0
mean,2025,21,151,ES1 5 bat,0.0
mean,2025,21,152,ES1 5 bat,0.0
mean,2025,21,153,ES1 5 bat,0.0
mean,2025,21,154,ES1 5 bat,0.0
mean,2025,21,155,ES1 5 bat,0.0
mean,2025,21,156,ES1 5 bat,0.0
mean,2025,21,157,ES1 5 bat,0.0
mean,2025,21,158,ES1 5 bat,0.0
mean,2025,21,159,ES1 5 bat,0.0
mean,2025,21,160,ES1 5 bat,0.0
mean,2025,21,161,ES1 5 bat,0.0
mean,2025,21,162,ES1 5 bat,0.0
mean,2025,21,163,ES1 5 bat,-0.002533078194959023
mean,2025,21,164,ES1 5 bat,0.0
mean,2025,21,165,ES1 5 bat,0.0
mean,2025,21,166,ES1 5 bat,0.0
mean,2025,21,167,ES1 5 bat,0.0
mean,2025,42,0,ES1 5 bat,-62.71651237082871
mean,2025,42,1,ES1 5 bat,0.0
mean,2025,42,2,ES1 5 bat,0.0
mean,2025,42,3,ES1 5 bat,0.0
mean,2025,42,4,ES1 5 bat,0.0
mean,2025,42,5,ES1 5 bat,0.0
mean,2025,42,6,ES1 5 bat,0.0
mean,2025,42,7,ES1 5 bat,0.0
mean,2025,42,8,ES1 5 bat,0.0
mean,2025,42,9,ES1 5 bat,0.0
mean,2025,42,10,ES1 5 bat,0.0
mean,2025,42,11,ES1 5 bat,0.0
mean,2025,42,12,ES1 5 bat,0.0
mean,2025,42,13,ES1 5 bat,0.0
mean,2025,42,14,ES1 5 bat,0.0
mean,2025,42,15,ES1 5 bat,0.0
mean,2025,42,16,ES1 5 bat,0.0
mean,2025,42,17,ES1 5 bat,0.0
mean,2025,42,18,ES1 5 bat,-1.1747702424534059
mean,2025,42,19,ES1 5 bat,0.0
mean,2025,42,20,ES1 5 bat,0.0
mean,2025,42,21,ES1 5 bat,0.0
mean,2025,42,22,ES1 5 bat,0.0
mean,2025,42,23,ES1 5 bat,0.0
mean,2025,42,24,ES1 5 bat,0.0
mean,2025,42,25,ES1 5 bat,0.0
mean,2025,42,26,ES1 5 bat,0.0
mean,2025,42,27,ES1 5 bat,0.0
mean,2025,42,28,ES1 5 bat,0.0
mean,2025,42,29,ES1 5 bat,0.0
mean,2025,42,30,ES1 5 bat,0.0
mean,2025,42,31,ES1 5 bat,0.0
mean,2025,42,32,ES1 5 bat,0.0
mean,2025,42,33,ES1 5 bat,0.0
mean,2025,42,34,ES1 5 bat,0.0
mean,2025,42,35,ES1 5 bat,0.0
mean,2025,42,36,ES1 5 bat,0.0
mean,2025,42,37,ES1 5 bat,0.0
mean,2025,42,38,ES1 5 bat,0.0
mean,2025,42,39,ES1 5 bat,0.0
mean,2025,42,40,ES1 5 bat,0.0
mean,2025,42,41,ES1 5 bat,0.0
mean,2025,42,42,ES1 5 bat,0.0
mean,2025,42,43,ES1 5 bat,0.0
mean,2025,42,44,ES1 5 bat,0.0
mean,2025,42,45,ES1 5 bat,0.0
mean,2025,42,46,ES1 5 bat,0.0
mean,2025,42,47,ES1 5 bat,0.0
mean,2025,42,48,ES1 5 bat,0.0
mean,2025,42,49,ES1 5 bat,0.0
mean,2025,42,50,ES1 5 bat,0.0
mean,2025,42,51,ES1 5 bat,0.0
mean,2025,42,52,ES1 5 bat,0.0
mean,2025,42,53,ES1 5 bat,0.0
mean,2025,42,54,ES1 5 bat,0.0
mean,2025,42,55,ES1 5 bat,0.0
mean,2025,42,56,ES1 5 bat,0.0
mean,2025,42,57,ES1 5 bat,0.0
mean,2025,42,58,ES1 5 bat,0.0
mean,2025,42,59,ES1 5 bat,0.0
mean,2025,42,60,ES1 5 bat,0.0
mean,2025,42,61,ES1 5 bat,0.0
mean,2025,42,62,ES1 5 bat,0.0
mean,2025,42,63,ES1 5 bat,0.0
mean,2025,42,64,ES1 5 bat,0.0
mean,2025,42,65,ES1 5 bat,0.0
mean,2025,42,66,ES1 5 bat,-0.02990556448017019
mean,2025,42,67,ES1 5 bat,0.0
mean,2025,42,68,ES1 5 bat,0.0
mean,2025,42,69,ES1 5 bat,0.0
mean,2025,42,70,ES1 5 bat,0.0
mean,2025,42,71,ES1 5 bat,0.0
mean,2025,42,72,ES1 5 bat,0.0
mean,2025,42,73,ES1 5 bat,0.0
mean,2025,42,74,ES1 5 bat,0.0
mean,2025,42,75,ES1 5 bat,0.0
mean,2025,42,76,ES1 5 bat,0.0
mean,2025,42,77,ES1 5 bat,0.0
mean,2025,42,78,ES1 5 bat,0.0
mean,2025,42,79,ES1 5 bat,0.0
mean,2025,42,80,ES1 5 bat,0.0
mean,2025,42,81,ES1 5 bat,0.0
mean,2025,42,82,ES1 5 bat,0.0
mean,2025,42,83,ES1 5 bat,0.0
mean,2025,42,84,ES1 5 bat,0.0
mean,2025,42,85,ES1 5 bat,0.0
mean,2025,42,86,ES1 5 bat,0.0
mean,2025,42,87,ES1 5 bat,0.0
mean,2025,42,88,ES1 5 bat,0.0
mean,2025,42,89,ES1 5 bat,0.0
mean,2025,42,90,ES1 5 bat,-1.1904027977832923
mean,2025,42,91,ES1 5 bat,0.0
mean,2025,42,92,ES1 5 bat,0.0
mean,2025,42,93,ES1 5 bat,0.0
mean,2025,42,94,ES1 5 bat,0.0
mean,2025,42,95,ES1 5 bat,0.0
mean,2025,42,96,ES1 5 bat,0.0
mean,2025,42,97,ES1 5 bat,0.0
mean,2025,42,98,ES1 5 bat,0.0
mean,2025,42,99,ES1 5 bat,0.0
mean,2025,42,100,ES1 5 bat,0.0
mean,2025,42,101,ES1 5 bat,0.0
mean,2025,42,102,ES1 5 bat,0.0
mean,2025,42,103,ES1 5 bat,0.0
mean,2025,42,104,ES1 5 bat,0.0
mean,2025,42,105,ES1 5 bat,0.0
mean,2025,42,106,ES1 5 bat,0.0
mean,2025,42,107,ES1 5 bat,0.0
mean,2025,42,108,ES1 5 bat,0.0
mean,2025,42,109,ES1 5 bat,0.0
mean,2025,42,110,ES1 5 bat,0.0
mean,2025,42,111,ES1 5 bat,0.0
mean,2025,42,112,ES1 5 bat,0.0
mean,2025,42,113,ES1 5 bat,0.0
mean,2025,42,114,ES1 5 bat,-0.0025416146202625074
mean,2025,42,115,ES1 5 bat,0.0
mean,2025,42,116,ES1 5 bat,0.0
mean,2025,42,117,ES1 5 bat,0.0
mean,2025,42,118,ES1 5 bat,0.0
mean,2025,42,119,ES1 5 bat,0.0
mean,2025,42,120,ES1 5 bat,0.0
mean,2025,42,121,ES1 5 bat,0.0
mean,2025,42,122,ES1 5 bat,0.0
mean,2025,42,123,ES1 5 bat,0.0
mean,2025,42,124,ES1 5 bat,-0.0024996425134865092
mean,2025,42,125,ES1 5 bat,0.0
mean,2025,42,126,ES1 5 bat,0.0
mean,2025,42,127,ES1 5 bat,0.0
mean,2025,42,128,ES1 5 bat,0.0
mean,2025,42,129,ES1 5 bat,0.0
mean,2025,42,130,ES1 5 bat,0.0
mean,2025,42,131,ES1 5 bat,0.0
mean,2025,42,132,ES1 5 bat,0.0
mean,2025,42,133,ES1 5 bat,0.0
mean,2025,42,134,ES1 5 bat,0.0
mean,2025,42,135,ES1 5 bat,0.0
mean,2025,42,136,ES1 5 bat,0.0
mean,2025,42,137,ES1 5 bat,0.0
mean,2025,42,138,ES1 5 bat,-0.002533078194959023
mean,2025,42,139,ES1 5 bat,0.0
mean,2025,42,140,ES1 5 bat,0.0
mean,2025,42,141,ES1 5 bat,0.0
mean,2025,42,142,ES1 5 bat,0.0
mean,2025,42,143,ES1 5 bat,0.0
mean,2025,42,144,ES1 5 bat,0.0
mean,2025,42,145,ES1 5 bat,0.0
mean,2025,42,146,ES1 5 bat,0.0
mean,2025,42,147,ES1 5 bat,0.0
mean,2025,42,148,ES1 5 bat,0.0
mean,2025,42,149,ES1 5 bat,0.0
mean,2025,42,150,ES1 5 bat,0.0
mean,2025,42,151,ES1 5 bat,0.0
mean,2025,42,152,ES1 5 bat,0.0
mean,2025,42,153,ES1 5 bat,0.0
mean,2025,42,154,ES1 5 bat,0.0
mean,2025,42,155,ES1 5 bat,0.0
mean,2025,42,156,ES1 5 bat,0.0
mean,2025,42,157,ES1 5 bat,0.0
mean,2025,42,158,ES1 5 bat,0.0
mean,2025,42,159,ES1 5 bat,0.0
mean,2025,42,160,ES1 5 bat,0.0
mean,2025,42,161,ES1 5 bat,0.0
mean,2025,42,162,ES1 5 bat,0.0
mean,2025,42,163,ES1 5 bat,-0.10698802218354128
mean,2025,42,164,ES1 5 bat,0.0
mean,2025,42,165,ES1 5 bat,0.0
mean,2025,42,166,ES1 5 bat,0.0
mean,2025,42,167,ES1 5 bat,0.0
mean,2025,52,0,ES1 5 bat,-60.96951724137932
mean,2025,52,1,ES1 5 bat,0.0
mean,2025,52,2,ES1 5 bat,0.0
mean,2025,52,3,ES1 5 bat,0.0
mean,2025,52,4,ES1 5 bat,0.0
mean,2025,52,5,ES1 5 bat,0.0
mean,2025,52,6,ES1 5 bat,0.0
mean,2025,52,7,ES1 5 bat,0.0
mean,2025,52,8,ES1 5 bat,0.0
mean,2025,52,9,ES1 5 bat,0.0
mean,2025,52,10,ES1 5 bat,0.0
mean,2025,52,11,ES1 5 bat,0.0
mean,2025,52,12,ES1 5 bat,0.0
mean,2025,52,13,ES1 5 bat,0.0
mean,2025,52,14,ES1 5 bat,0.0
mean,2025,52,15,ES1 5 bat,0.0
mean,2025,52,16,ES1 5 bat,0.0
mean,2025,52,17,ES1 5 bat,-0.0024996425134865092
mean,2025,52,18,ES1 5 bat,0.0
mean,2025,52,19,ES1 5 bat,0.0
mean,2025,52,20,ES1 5 bat,0.0
mean,2025,52,21,ES1 5 bat,0.0
mean,2025,52,22,ES1 5 bat,0.0
mean,2025,52,23,ES1 5 bat,0.0
mean,2025,52,24,ES1 5 bat,0.0
mean,2025,52,25,ES1 5 bat,0.0
mean,2025,52,26,ES1 5 bat,0.0
mean,2025,52,27,ES1 5 bat,0.0
mean,2025,52,28,ES1 5 bat,0.0
mean,2025,52,29,ES1 5 bat,0.0
mean,2025,52,30,ES1 5 bat,0.0
mean,2025,52,31,ES1 5 bat,0.0
mean,2025,52,32,ES1 5 bat,0.0
mean,2025,52,33,ES1 5 bat,0.0
mean,2025,52,34,ES1 5 bat,0.0
mean,2025,52,35,ES1 5 bat,0.0
mean,2025,52,36,ES1 5 bat,0.0
mean,2025,52,37,ES1 5 bat,0.0
mean,2025,52,38,ES1 5 bat,0.0
mean,2025,52,39,ES1 5 bat,0.0
mean,2025,52,40,ES1 5 bat,0.0
mean,2025,52,41,ES1 5 bat,0.0
mean,2025,52,42,ES1 5 bat,0.0
mean,2025,52,43,ES1 5 bat,0.0
mean,2025,52,44,ES1 5 bat,0.0
mean,2025,52,45,ES1 5 bat,0.0
mean,2025,52,46,ES1 5 bat,0.0
mean,2025,52,47,ES1 5 bat,0.0
mean,2025,52,48,ES1 5 bat,0.0
mean,2025,52,49,ES1 5 bat,0.0
mean,2025,52,50,ES1 5 bat,0.0
mean,2025,52,51,ES1 5 bat,0.0
mean,2025,52,52,ES1 5 bat,0.0
mean,2025,52,53,ES1 5 bat,0.0
mean,2025,52,54,ES1 5 bat,0.0
mean,2025,52,55,ES1 5 bat,0.0
mean,2025,52,56,ES1 5 bat,0.0
mean,2025,52,57,ES1 5 bat,0.0
mean,2025,52,58,ES1 5 bat,0.0
mean,2025,52,59,ES1 5 bat,0.0
mean,2025,52,60,ES1 5 bat,0.0
mean,2025,52,61,ES1 5 bat,0.0
mean,2025,52,62,ES1 5 bat,0.0
mean,2025,52,63,ES1 5 bat,0.0
mean,2025,52,64,ES1 5 bat,0.0
mean,2025,52,65,ES1 5 bat,0.0
mean,2025,52,66,ES1 5 bat,0.0
mean,2025,52,67,ES1 5 bat,0.0
mean,2025,52,68,ES1 5 bat,0.0
mean,2025,52,69,ES1 5 bat,0.0
mean,2025,52,70,ES1 5 bat,0.0
mean,2025,52,71,ES1 5 bat,0.0
mean,2025,52,72,ES1 5 bat,0.0
mean,2025,52,73,ES1 5 bat,0.0
mean,2025,52,74,ES1 5 bat,0.0
mean,2025,52,75,ES1 5 bat,0.0
mean,2025,52,76,ES1 5 bat,0.0
mean,2025,52,77,ES1 5 bat,0.0
mean,2025,52,78,ES1 5 bat,0.0
mean,2025,52,79,ES1 5 bat,0.0
mean,2025,52,80,ES1 5 bat,0.0
mean,2025,52,81,ES1 5 bat,0.0
mean,2025,52,82,ES1 5 bat,0.0
mean,2025,52,83,ES1 5 bat,0.0
mean,2025,52,84,ES1 5 bat,0.0
mean,2025,52,85,ES1 5 bat,0.0
mean,2025,52,86,ES1 5 bat,0.0
mean,2025,52,87,ES1 5 bat,0.0
mean,2025,52,88,ES1 5 bat,0.0
mean,2025,52,89,ES1 5 bat,0.0
mean,2025,52,90,ES1 5 bat,0.0
mean,2025,52,91,ES1 5 bat,0.0
mean,2025,52,92,ES1 5 bat,0.0
mean,2025,52,93,ES1 5 bat,0.0
mean,2025,52,94,ES1 5 bat,0.0
mean,2025,52,95,ES1 5 bat,0.0
mean,2025,52,96,ES1 5 bat,0.0
mean,2025,52,97,ES1 5 bat,0.0
mean,2025,52,98,ES1 5 bat,0.0
mean,2025,52,99,ES1 5 bat,0.0
mean,2025,52,100,ES1 5 bat,0.0
mean,2025,52,101,ES1 5 bat,0.0
mean,2025,52,102,ES1 5 bat,0.0
mean,2025,52,103,ES1 5 bat,0.0
mean,2025,52,104,ES1 5 bat,0.0
mean,2025,52,105,ES1 5 bat,0.0
mean,2025,52,106,ES1 5 bat,0.0
mean,2025,52,107,ES1 5 bat,0.0
mean,2025,52,108,ES1 5 bat,0.0
mean,2025,52,109,ES1 5 bat,0.0
mean,2025,52,110,ES1 5 bat,0.0
mean,2025,52,111,ES1 5 bat,0.0
mean,2025,52,112,ES1 5 bat,0.0
mean,2025,52,113,ES1 5 bat,0.0
mean,2025,52,114,ES1 5 bat,0.0
mean,2025,52,115,ES1 5 bat,0.0
mean,2025,52,116,ES1 5 bat,0.0
mean,2025,52,117,ES1 5 bat,0.0
mean,2025,52,118,ES1 5 bat,0.0
mean,2025,52,119,ES1 5 bat,0.0
mean,2025,52,120,ES1 5 bat,0.0
mean,2025,52,121,ES1 5 bat,0.0
mean,2025,52,122,ES1 5 bat,0.0
mean,2025,52,123,ES1 5 bat,0.0
mean,2025,52,124,ES1 5 bat,0.0
mean,2025,52,125,ES1 5 bat,0.0
mean,2025,52,126,ES1 5 bat,0.0
mean,2025,52,127,ES1 5 bat,0.0
mean,2025,52,128,ES1 5 bat,0.0
mean,2025,52,129,ES1 5 bat,0.0
mean,2025,52,130,ES1 5 bat,0.0
mean,2025,52,131,ES1 5 bat,0.0
mean,2025,52,132,ES1 5 bat,0.0
mean,2025,52,133,ES1 5 bat,0.0
mean,2025,52,134,ES1 5 bat,0.0
mean,2025,52,135,ES1 5 bat,0.0
mean,2025,52,136,ES1 5 bat,0.0
mean,2025,52,137,ES1 5 bat,0.0
mean,2025,52,138,ES1 5 bat,0.0
mean,2025,52,139,ES1 5 bat,0.0
mean,2025,52,140,ES1 5 bat,-0.436781120286577
mean,2025,52,141,ES1 5 bat,0.0
mean,2025,52,142,ES1 5 bat,0.0
mean,2025,52,143,ES1 5 bat,0.0
mean,2025,52,144,ES1 5 bat,0.0
mean,2025,52,145,ES1 5 bat,0.0
mean,2025,52,146,ES1 5 bat,0.0
mean,2025,52,147,ES1 5 bat,0.0
mean,2025,52,148,ES1 5 bat,0.0
mean,2025,52,149,ES1 5 bat,0.0
mean,2025,52,150,ES1 5 bat,-0.0025246071928325376
mean,2025,52,151,ES1 5 bat,0.0
mean,2025,52,152,ES1 5 bat,0.0
mean,2025,52,153,ES1 5 bat,0.0
mean,2025,52,154,ES1 5 bat,0.0
mean,2025,52,155,ES1 5 bat,0.0
mean,2025,52,156,ES1 5 bat,0.0
mean,2025,52,157,ES1 5 bat,0.0
mean,2025,52,158,ES1 5 bat,0.0
mean,2025,52,159,ES1 5 bat,0.0
mean,2025,52,160,ES1 5 bat,0.0
mean,2025,52,161,ES1 5 bat,-0.002533078194959023
mean,2025,52,162,ES1 5 bat,0.0
mean,2025,52,163,ES1 5 bat,0.0
mean,2025,52,164,ES1 5 bat,0.0
mean,2025,52,165,ES1 5 bat,0.0
mean,2025,52,166,ES1 5 bat,0.0
mean,2025,52,167,ES1 5 bat,0.0
mean,2030,11,0,ES1 5 bat,-0.014549767566214006
mean,2030,11,1,ES1 5 bat,0.0
mean,2030,11,2,ES1 5 bat,0.0
mean,2030,11,3,ES1 5 bat,0.0
mean,2030,11,4,ES1 5 bat,0.0
mean,2030,11,5,ES1 5 bat,0.0
mean,2030,11,6,ES1 5 bat,0.0
mean,2030,11,7,ES1 5 bat,0.0
mean,2030,11,8,ES1 5 bat,0.0
mean,2030,11,9,ES1 5 bat,0.0
mean,2030,11,10,ES1 5 bat,0.0
mean,2030,11,11,ES1 5 bat,0.0
mean,2030,11,12,ES1 5 bat,0.0
mean,2030,11,13,ES1 5 bat,0.0
mean,2030,11,14,ES1 5 bat,0.0
mean,2030,11,15,ES1 5 bat,0.0
mean,2030,11,16,ES1 5 bat,0.0
mean,2030,11,17,ES1 5 bat,0.0
mean,2030,11,18,ES1 5 bat,0.0
mean,2030,11,19,ES1 5 bat,0.0
mean,2030,11,20,ES1 5 bat,0.0
mean,2030,11,21,ES1 5 bat,0.0
mean,2030,11,22,ES1 5 bat,0.0
mean,2030,11,23,ES1 5 bat,0.0
mean,2030,11,24,ES1 5 bat,0.0
mean,2030,11,25,ES1 5 bat,0.0
mean,2030,11,26,ES1 5 bat,0.0
mean,2030,11,27,ES1 5 bat,0.0
mean,2030,11,28,ES1 5 bat,0.0
mean,2030,11,29,ES1 5 bat,0.0
mean,2030,11,30,ES1 5 bat,0.0
mean,2030,11,31,ES1 5 bat,0.0
mean,2030,11,32,ES1 5 bat,0.0
mean,2030,11,33,ES1 5 bat,0.0
mean,2030,11,34,ES1 5 bat,0.0
mean,2030,11,35,ES1 5 bat,0.0
mean,2030,11,36,ES1 5 bat,0.0
mean,2030,11,37,ES1 5 bat,0.0
mean,2030,11,38,ES1 5 bat,0.0
mean,2030,11,39,ES1 5 bat,0.0
mean,2030,11,40,ES1 5 bat,0.0
mean,2030,11,41,ES1 5 bat,0.0
mean,2030,11,42,ES1 5 bat,0.0
mean,2030,11,43,ES1 5 bat,0.0
mean,2030,11,44,ES1 5 bat,0.0
mean,2030,11,45,ES1 5 bat,0.0
mean,2030,11,46,ES1 5 bat,0.0
mean,2030,11,47,ES1 5 bat,0.0
mean,2030,11,48,ES1 5 bat,0.0
mean,2030,11,49,ES1 5 bat,0.0
mean,2030,11,50,ES1 5 bat,0.0
mean,2030,11,51,ES1 5 bat,0.0
mean,2030,11,52,ES1 5 bat,0.0
mean,2030,11,53,ES1 5 bat,0.0
mean,2030,11,54,ES1 5 bat,0.0
mean,2030,11,55,ES1 5 bat,0.0
mean,2030,11,56,ES1 5 bat,0.0
mean,2030,11,57,ES1 5 bat,0.0
mean,2030,11,58,ES1 5 bat,0.0
mean,2030,11,59,ES1 5 bat,0.0
mean,2030,11,60,ES1 5 bat,0.0
mean,2030,11,61,ES1 5 bat,0.0
mean,2030,11,62,ES1 5 bat,0.0
mean,2030,11,63,ES1 5 bat,0.0
mean,2030,11,64,ES1 5 bat,0.0
mean,2030,11,65,ES1 5 bat,0.0
mean,2030,11,66,ES1 5 bat,0.0
mean,2030,11,67,ES1 5 bat,0.0
mean,2030,11,68,ES1 5 bat,0.0
mean,2030,11,69,ES1 5 bat,0.0
mean,2030,11,70,ES1 5 bat,0.0
mean,2030,11,71,ES1 5 bat,0.0
mean,2030,11,72,ES1 5 bat,0.0
mean,2030,11,73,ES1 5 bat,0.0
mean,2030,11,74,ES1 5 bat,0.0
mean,2030,11,75,ES1 5 bat,0.0
mean,2030,11,76,ES1 5 bat,0.0
mean,2030,11,77,ES1 5 bat,0.0
mean,2030,11,78,ES1 5 bat,0.0
mean,2030,11,79,ES1 5 bat,0.0
mean,2030,11,80,ES1 5 bat,0.0
mean,2030,11,81,ES1 5 bat,0.0
mean,2030,11,82,ES1 5 bat,0.0
mean,2030,11,83,ES1 5 bat,0.0
mean,2030,11,84,ES1 5 bat,0.0
mean,2030,11,85,ES1 5 bat,0.0
mean,2030,11,86,ES1 5 bat,0.0
mean,2030,11,87,ES1 5 bat,0.0
mean,2030,11,88,ES1 5 bat,0.0
mean,2030,11,89,ES1 5 bat,0.0
mean,2030,11,90,ES1 5 bat,0.0
mean,2030,11,91,ES1 5 bat,0.0
mean,2030,11,92,ES1 5 bat,0.0
mean,2030,11,93,ES1 5 bat,0.0
mean,2030,11,94,ES1 5 bat,0.0
mean,2030,11,95,ES1 5 bat,0.0
mean,2030,11,96,ES1 5 bat,0.0
mean,2030,11,97,ES1 5 bat,0.0
mean,2030,11,98,ES1 5 bat,0.0
mean,2030,11,99,ES1 5 bat,0.0
mean,2030,11,100,ES1 5 bat,0.0
mean,2030,11,101,ES1 5 bat,0.0
mean,2030,11,102,ES1 5 bat,0.0
mean,2030,11,103,ES1 5 bat,0.0
mean,2030,11,104,ES1 5 bat,0.0
mean,2030,11,105,ES1 5 bat,0.0
mean,2030,11,106,ES1 5 bat,0.0
mean,2030,11,107,ES1 5 bat,0.0
mean,2030,11,108,ES1 5 bat,0.0
mean,2030,11,109,ES1 5 bat,0.0
mean,2030,11,110,ES1 5 bat,0.0
mean,2030,11,111,ES1 5 bat,0.0
mean,2030,11,112,ES1 5 bat,0.0
mean,2030,11,113,ES1 5 bat,0.0
mean,2030,11,114,ES1 5 bat,0.0
mean,2030,11,115,ES1 5 bat,0.0
mean,2030,11,116,ES1 5 bat,0.0
mean,2030,11,117,ES1 5 bat,0.0
mean,2030,11,118,ES1 5 bat,0.0
mean,2030,11,119,ES1 5 bat,0.0
mean,2030,11,120,ES1 5 bat,0.0
mean,2030,11,121,ES1 5 bat,0.0
mean,2030,11,122,ES1 5 bat,0.0
mean,2030,11,123,ES1 5 bat,0.0
mean,2030,11,124,ES1 5 bat,0.0
mean,2030,11,125,ES1 5 bat,0.0
mean,2030,11,126,ES1 5 bat,0.0
mean,2030,11,127,ES1 5 bat,0.0
mean,2030,11,128,ES1 5 bat,0.0
mean,2030,11,129,ES1 5 bat,0.0
mean,2030,11,130,ES1 5 bat,0.0
mean,2030,11,131,ES1 5 bat,0.0
mean,2030,11,132,ES1 5 bat,0.0
mean,2030,11,133,ES1 5 bat,0.0
mean,2030,11,134,ES1 5 bat,0.0
mean,2030,11,135,ES1 5 bat,0.0
mean,2030,11,136,ES1 5 bat,0.0
mean,2030,11,137,ES1 5 bat,0.0
mean,2030,11,138,ES1 5 bat,0.0
mean,2030,11,139,ES1 5 bat,0.0
mean,2030,11,140,ES1 5 bat,0.0
mean,2030,11,141,ES1 5 bat,0.0
mean,2030,11,142,ES1 5 bat,0.0
mean,2030,11,143,ES1 5 bat,0.0
mean,2030,11,144,ES1 5 bat,0.0
mean,2030,11,145,ES1 5 bat,0.0
mean,2030,11,146,ES1 5 bat,0.0
mean,2030,11,147,ES1 5 bat,0.0
mean,2030,11,148,ES1 5 bat,0.0
mean,2030,11,149,ES1 5 bat,0.0
mean,2030,11,150,ES1 5 bat,0.0
mean,2030,11,151,ES1 5 bat,0.0
mean,2030,11,152,ES1 5 bat,0.0
mean,2030,11,153,ES1 5 bat,0.0
mean,2030,11,154,ES1 5 bat,0.0
mean,2030,11,155,ES1 5 bat,0.0
mean,2030,11,156,ES1 5 bat,0.0
mean,2030,11,157,ES1 5 bat,0.0
mean,2030,11,158,ES1 5 bat,0.0
mean,2030,11,159,ES1 5 bat,0.0
mean,2030,11,160,ES1 5 bat,0.0
mean,2030,11,161,ES1 5 bat,0.0
mean,2030,11,162,ES1 5 bat,0.0
mean,2030,11,163,ES1 5 bat,0.0
mean,2030,11,164,ES1 5 bat,0.0
mean,2030,11,165,ES1 5 bat,0.0
mean,2030,11,166,ES1 5 bat,0.0
mean,2030,11,167,ES1 5 bat,0.0
mean,2030,21,0,ES1 5 bat,-61.88838446837163
mean,2030,21,1,ES1 5 bat,0.0
mean,2030,21,2,ES1 5 bat,0.0
mean,2030,21,3,ES1 5 bat,0.0
mean,2030,21,4,ES1 5 bat,0.0
mean,2030,21,5,ES1 5 bat,0.0
mean,2030,21,6,ES1 5 bat,0.0
mean,2030,21,7,ES1 5 bat,0.0
mean,2030,21,8,ES1 5 bat,0.0
mean,2030,21,9,ES1 5 bat,0.0
mean,2030,21,10,ES1 5 bat,0.0
mean,2030,21,11,ES1 5 bat,0.0
mean,2030,21,12,ES1 5 bat,0.0
mean,2030,21,13,ES1 5 bat,0.0
mean,2030,21,14,ES1 5 bat,0.0
mean,2030,21,15,ES1 5 bat,0.0
mean,2030,21,16,ES1 5 bat,0.0
mean,2030,21,17,ES1 5 bat,0.0
mean,2030,21,18,ES1 5 bat,0.0
mean,2030,21,19,ES1 5 bat,0.0
mean,2030,21,20,ES1 5 bat,0.0
mean,2030,21,21,ES1 5 bat,0.0
mean,2030,21,22,ES1 5 bat,0.0
mean,2030,21,23,ES1 5 bat,0.0
mean,2030,21,24,ES1 5 bat,0.0
mean,2030,21,25,ES1 5 bat,0.0
mean,2030,21,26,ES1 5 bat,0.0
mean,2030,21,27,ES1 5 bat,0.0
mean,2030,21,28,ES1 5 bat,0.0
mean,2030,21,29,ES1 5 bat,0.0
mean,2030,21,30,ES1 5 bat,0.0
mean,2030,21,31,ES1 5 bat,0.0
mean,2030,21,32,ES1 5 bat,0.0
mean,2030,21,33,ES1 5 bat,0.0
mean,2030,21,34,ES1 5 bat,0.0
mean,2030,21,35,ES1 5 bat,0.0
mean,2030,21,36,ES1 5 bat,0.0
mean,2030,21,37,ES1 5 bat,0.0
mean,2030,21,38,ES1 5 bat,0.0
mean,2030,21,39,ES1 5 bat,0.0
mean,2030,21,40,ES1 5 bat,0.0
mean,2030,21,41,ES1 5 bat,0.0
mean,2030,21,42,ES1 5 bat,0.0
mean,2030,21,43,ES1 5 bat,0.0
mean,2030,21,44,ES1 5 bat,0.0
mean,2030,21,45,ES1 5 bat,0.0
mean,2030,21,46,ES1 5 bat,0.0
mean,2030,21,47,ES1 5 bat,0.0
mean,2030,21,48,ES1 5 bat,0.0
mean,2030,21,49,ES1 5 bat,0.0
mean,2030,21,50,ES1 5 bat,0.0
mean,2030,21,51,ES1 5 bat,0.0
mean,2030,21,52,ES1 5 bat,0.0
mean,2030,21,53,ES1 5 bat,0.0
mean,2030,21,54,ES1 5 bat,0.0
mean,2030,21,55,ES1 5 bat,0.0
mean,2030,21,56,ES1 5 bat,0.0
mean,2030,21,57,ES1 5 bat,0.0
mean,2030,21,58,ES1 5 bat,0.0
mean,2030,21,59,ES1 5 bat,0.0
mean,2030,21,60,ES1 5 bat,0.0
mean,2030,21,61,ES1 5 bat,0.0
mean,2030,21,62,ES1 5 bat,0.0
mean,2030,21,63,ES1 5 bat,0.0
mean,2030,21,64,ES1 5 bat,0.0
mean,2030,21,65,ES1 5 bat,0.0
mean,2030,21,66,ES1 5 bat,0.0
mean,2030,21,67,ES1 5 bat,0.0
mean,2030,21,68,ES1 5 bat,0.0
mean,2030,21,69,ES1 5 bat,0.0
mean,2030,21,70,ES1 5 bat,0.0
mean,2030,21,71,ES1 5 bat,0.0
mean,2030,21,72,ES1 5 bat,0.0
mean,2030,21,73,ES1 5 bat,0.0
mean,2030,21,74,ES1 5 bat,0.0
mean,2030,21,75,ES1 5 bat,0.0
mean,2030,21,76,ES1 5 bat,0.0
mean,2030,21,77,ES1 5 bat,0.0
mean,2030,21,78,ES1 5 bat,-13.109986389262106
mean,2030,21,79,ES1 5 bat,0.0
mean,2030,21,80,ES1 5 bat,0.0
mean,2030,21,81,ES1 5 bat,0.0
mean,2030,21,82,ES1 5 bat,0.0
mean,2030,21,83,ES1 5 bat,0.0
mean,2030,21,84,ES1 5 bat,0.0
mean,2030,21,85,ES1 5 bat,0.0
mean,2030,21,86,ES1 5 bat,0.0
mean,2030,21,87,ES1 5 bat,0.0
mean,2030,21,88,ES1 5 bat,0.0
mean,2030,21,89,ES1 5 bat,0.0
mean,2030,21,90,ES1 5 bat,0.0
mean,2030,21,91,ES1 5 bat,0.0
mean,2030,21,92,ES1 5 bat,0.0
mean,2030,21,93,ES1 5 bat,0.0
mean,2030,21,94,ES1 5 bat,0.0
mean,2030,21,95,ES1 5 bat,0.0
mean,2030,21,96,ES1 5 bat,0.0
mean,2030,21,97,ES1 5 bat,0.0
mean,2030,21,98,ES1 5 bat,0.0
mean,2030,21,99,ES1 5 bat,0.0
mean,2030,21,100,ES1 5 bat,0.0
mean,2030,21,101,ES1 5 bat,0.0
mean,2030,21,102,ES1 5 bat,0.0
mean,2030,21,103,ES1 5 bat,0.0
mean,2030,21,104,ES1 5 bat,0.0
mean,2030,21,105,ES1 5 bat,0.0
mean,2030,21,106,ES1 5 bat,0.0
mean,2030,21,107,ES1 5 bat,0.0
mean,2030,21,108,ES1 5 bat,0.0
mean,2030,21,109,ES1 5 bat,0.0
mean,2030,21,110,ES1 5 bat,0.0
mean,2030,21,111,ES1 5 bat,0.0
mean,2030,21,112,ES1 5 bat,0.0
mean,2030,21,113,ES1 5 bat,0.0
mean,2030,21,114,ES1 5 bat,0.0
mean,2030,21,115,ES1 5 bat,0.0
mean,2030,21,116,ES1 5 bat,0.0
mean,2030,21,117,ES1 5 bat,0.0
mean,2030,21,118,ES1 5 bat,0.0
mean,2030,21,119,ES1 5 bat,0.0
mean,2030,21,120,ES1 5 bat,0.0
mean,2030,21,121,ES1 5 bat,0.0
mean,2030,21,122,ES1 5 bat,0.0
mean,2030,21,123,ES1 5 bat,0.0
mean,2030,21,124,ES1 5 bat,0.0
mean,2030,21,125,ES1 5 bat,0.0
mean,2030,21,126,ES1 5 bat,0.0
mean,2030,21,127,ES1 5 bat,0.0
mean,2030,21,128,ES1 5 bat,0.0
mean,2030,21,129,ES1 5 bat,0.0
mean,2030,21,130,ES1 5 bat,0.0
mean,2030,21,131,ES1 5 bat,0.0
mean,2030,21,132,ES1 5 bat,0.0
mean,2030,21,133,ES1 5 bat,0.0
mean,2030,21,134,ES1 5 bat,0.0
mean,2030,21,135,ES1 5 bat,0.0
mean,2030,21,136,ES1 5 bat,0.0
mean,2030,21,137,ES1 5 bat,0.0
mean,2030,21,138,ES1 5 bat,0.0
mean,2030,21,139,ES1 5 bat,0.0
mean,2030,21,140,ES1 5 bat,0.0
mean,2030,21,141,ES1 5 bat,0.0
mean,2030,21,142,ES1 5 bat,0.0
mean,2030,21,143,ES1 5 bat,0.0
mean,2030,21,144,ES1 5 bat,0.0
mean,2030,21,145,ES1 5 bat,0.0
mean,2030,21,146,ES1 5 bat,0.0
mean,2030,21,147,ES1 5 bat,0.0
mean,2030,21,148,ES1 5 bat,0.0
mean,2030,21,149,ES1 5 bat,0.0
mean,2030,21,150,ES1 5 bat,0.0
mean,2030,21,151,ES1 5 bat,0.0
mean,2030,21,152,ES1 5 bat,0.0
mean,2030,21,153,ES1 5 bat,0.0
mean,2030,21,154,ES1 5 bat,0.0
mean,2030,21,155,ES1 5 bat,0.0
mean,2030,21,156,ES1 5 bat,0.0
mean,2030,21,157,ES1 5 bat,0.0
mean,2030,21,158,ES1 5 bat,0.0
mean,2030,21,159,ES1 5 bat,0.0
mean,2030,21,160,ES1 5 bat,0.0
mean,2030,21,161,ES1 5 bat,0.0
mean,2030,21,162,ES1 5 bat,0.0
mean,2030,21,163,ES1 5 bat,0.0
mean,2030,21,164,ES1 5 bat,-0.002533078194959023
mean,2030,21,165,ES1 5 bat,0.0
mean,2030,21,166,ES1 5 bat,0.0
mean,2030,21,167,ES1 5 bat,0.0
mean,2030,42,0,ES1 5 bat,-63.28648311259855
mean,2030,42,1,ES1 5 bat,0.0
mean,2030,42,2,ES1 5 bat,0.0
mean,2030,42,3,ES1 5 bat,0.0
mean,2030,42,4,ES1 5 bat,0.0
mean,2030,42,5,ES1 5 bat,0.0
mean,2030,42,6,ES1 5 bat,0.0
mean,2030,42,7,ES1 5 bat,0.0
mean,2030,42,8,ES1 5 bat,0.0
mean,2030,42,9,ES1 5 bat,0.0
mean,2030,42,10,ES1 5 bat,0.0
mean,2030,42,11,ES1 5 bat,0.0
mean,2030,42,12,ES1 5 bat,0.0
mean,2030,42,13,ES1 5 bat,0.0
mean,2030,42,14,ES1 5 bat,0.0
mean,2030,42,15,ES1 5 bat,0.0
mean,2030,42,16,ES1 5 bat,0.0
mean,2030,42,17,ES1 5 bat,0.0
mean,2030,42,18,ES1 5 bat,0.0
mean,2030,42,19,ES1 5 bat,0.0
mean,2030,42,20,ES1 5 bat,0.0
mean,2030,42,21,ES1 5 bat,0.0
mean,2030,42,22,ES1 5 bat,0.0
mean,2030,42,23,ES1 5 bat,0.0
mean,2030,42,24,ES1 5 bat,0.0
mean,2030,42,25,ES1 5 bat,0.0
mean,2030,42,26,ES1 5 bat,0.0
mean,2030,42,27,ES1 5 bat,0.0
mean,2030,42,28,ES1 5 bat,0.0
mean,2030,42,29,ES1 5 bat,0.0
mean,2030,42,30,ES1 5 bat,0.0
mean,2030,42,31,ES1 5 bat,0.0
mean,2030,42,32,ES1 5 bat,0.0
mean,2030,42,33,ES1 5 bat,0.0
mean,2030,42,34,ES1 5 bat,0.0
mean,2030,42,35,ES1 5 bat,0.0
mean,2030,42,36,ES1 5 bat,0.0
mean,2030,42,37,ES1 5 bat,0.0
mean,2030,42,38,ES1 5 bat,0.0
mean,2030,42,39,ES1 5 bat,0.0
mean,2030,42,40,ES1 5 bat,0.0
mean,2030,42,41,ES1 5 bat,0.0
mean,2030,42,42,ES1 5 bat,0.0
mean,2030,42,43,ES1 5 bat,0.0
mean,2030,42,44,ES1 5 bat,0.0
mean,2030,42,45,ES1 5 bat,0.0
mean,2030,42,46,ES1 5 bat,0.0
mean,2030,42,47,ES1 5 bat,0.0
mean,2030,42,48,ES1 5 bat,0.0
mean,2030,42,49,ES1 5 bat,0.0
mean,2030,42,50,ES1 5 bat,0.0
mean,2030,42,51,ES1 5 bat,0.0
mean,2030,42,52,ES1 5 bat,0.0
mean,2030,42,53,ES1 5 bat,0.0
mean,2030,42,54,ES1 5 bat,0.0
mean,2030,42,55,ES1 5 bat,0.0
mean,2030,42,56,ES1 5 bat,0.0
mean,2030,42,57,ES1 5 bat,0.0
mean,2030,42,58,ES1 5 bat,0.0
mean,2030,42,59,ES1 5 bat,0.0
mean,2030,42,60,ES1 5 bat,0.0
mean,2030,42,61,ES1 5 bat,0.0
mean,2030,42,62,ES1 5 bat,0.0
mean,2030,42,63,ES1 5 bat,0.0
mean,2030,42,64,ES1 5 bat,0.0
mean,2030,42,65,ES1 5 bat,0.0
mean,2030,42,66,ES1 5 bat,0.0
mean,2030,42,67,ES1 5 bat,0.0
mean,2030,42,68,ES1 5 bat,0.0
mean,2030,42,69,ES1 5 bat,0.0
mean,2030,42,70,ES1 5 bat,0.0
mean,2030,42,71,ES1 5 bat,0.0
mean,2030,42,72,ES1 5 bat,0.0
mean,2030,42,73,ES1 5 bat,0.0
mean,2030,42,74,ES1 5 bat,0.0
mean,2030,42,75,ES1 5 bat,0.0
mean,2030,42,76,ES1 5 bat,0.0
mean,2030,42,77,ES1 5 bat,0.0
mean,2030,42,78,ES1 5 bat,-0.19898188900580163
mean,2030,42,79,ES1 5 bat,0.0
mean,2030,42,80,ES1 5 bat,0.0
mean,2030,42,81,ES1 5 bat,0.0
mean,2030,42,82,ES1 5 bat,0.0
mean,2030,42,83,ES1 5 bat,0.0
mean,2030,42,84,ES1 5 bat,0.0
mean,2030,42,85,ES1 5 bat,0.0
mean,2030,42,86,ES1 5 bat,0.0
mean,2030,42,87,ES1 5 bat,0.0
mean,2030,42,88,ES1 5 bat,0.0
mean,2030,42,89,ES1 5 bat,0.0
mean,2030,42,90,ES1 5 bat,-6.428290137478825
mean,2030,42,91,ES1 5 bat,0.0
mean,2030,42,92,ES1 5 bat,0.0
mean,2030,42,93,ES1 5 bat,0.0
mean,2030,42,94,ES1 5 bat,0.0
mean,2030,42,95,ES1 5 bat,0.0
mean,2030,42,96,ES1 5 bat,0.0
mean,2030,42,97,ES1 5 bat,0.0
mean,2030,42,98,ES1 5 bat,0.0
mean,2030,42,99,ES1 5 bat,0.0
mean,2030,42,100,ES1 5 bat,0.0
mean,2030,42,101,ES1 5 bat,0.0
mean,2030,42,102,ES1 5 bat,0.0
mean,2030,42,103,ES1 5 bat,0.0
mean,2030,42,104,ES1 5 bat,0.0
mean,2030,42,105,ES1 5 bat,0.0
mean,2030,42,106,ES1 5 bat,0.0
mean,2030,42,107,ES1 5 bat,0.0
mean,2030,42,108,ES1 5 bat,0.0
mean,2030,42,109,ES1 5 bat,0.0
mean,2030,42,110,ES1 5 bat,0.0
mean,2030,42,111,ES1 5 bat,0.0
mean,2030,42,112,ES1 5 bat,0.0
mean,2030,42,113,ES1 5 bat,0.0
mean,2030,42,114,ES1 5 bat,0.0
mean,2030,42,115,ES1 5 bat,0.0
mean,2030,42,116,ES1 5 bat,0.0
mean,2030,42,117,ES1 5 bat,0.0
mean,2030,42,118,ES1 5 bat,0.0
mean,2030,42,119,ES1 5 bat,0.0
mean,2030,42,120,ES1 5 bat,0.0
mean,2030,42,121,ES1 5 bat,0.0
mean,2030,42,122,ES1 5 bat,0.0
mean,2030,42,123,ES1 5 bat,0.0
mean,2030,42,124,ES1 5 bat,0.0
mean,2030,42,125,ES1 5 bat,0.0
mean,2030,42,126,ES1 5 bat,0.0
mean,2030,42,127,ES1 5 bat,0.0
mean,2030,42,128,ES1 5 bat,0.0
mean,2030,42,129,ES1 5 bat,0.0
mean,2030,42,130,ES1 5 bat,0.0
mean,2030,42,131,ES1 5 bat,0.0
mean,2030,42,132,ES1 5 bat,0.0
mean,2030,42,133,ES1 5 bat,0.0
mean,2030,42,134,ES1 5 bat,0.0
mean,2030,42,135,ES1 5 bat,0.0
mean,2030,42,136,ES1 5 bat,0.0
mean,2030,42,137,ES1 5 bat,0.0
mean,2030,42,138,ES1 5 bat,0.0
mean,2030,42,139,ES1 5 bat,0.0
mean,2030,42,140,ES1 5 bat,0.0
mean,2030,42,141,ES1 5 bat,0.0
mean,2030,42,142,ES1 5 bat,0.0
mean,2030,42,143,ES1 5 bat,0.0
mean,2030,42,144,ES1 5 bat,0.0
mean,2030,42,145,ES1 5 bat,0.0
mean,2030,42,146,ES1 5 bat,0.0
mean,2030,42,147,ES1 5 bat,0.0
mean,2030,42,148,ES1 5 bat,0.0
mean,2030,42,149,ES1 5 bat,0.0
mean,2030,42,150,ES1 5 bat,0.0
mean,2030,42,151,ES1 5 bat,0.0
mean,2030,42,152,ES1 5 bat,0.0
mean,2030,42,153,ES1 5 bat,0.0
mean,2030,42,154,ES1 5 bat,0.0
mean,2030,42,155,ES1 5 bat,0.0
mean,2030,42,156,ES1 5 bat,0.0
mean,2030,42,157,ES1 5 bat,0.0
mean,2030,42,158,ES1 5 bat,0.0
mean,2030,42,159,ES1 5 bat,0.0
mean,2030,42,160,ES1 5 bat,0.0
mean,2030,42,161,ES1 5 bat,0.0
mean,2030,42,162,ES1 5 bat,0.0
mean,2030,42,163,ES1 5 bat,0.0
mean,2030,42,164,ES1 5 bat,0.0
mean,2030,42,165,ES1 5 bat,0.0
mean,2030,42,166,ES1 5 bat,0.0
mean,2030,42,167,ES1 5 bat,0.0
mean,2030,52,0,ES1 5 bat,-60.58178739803621
mean,2030,52,1,ES1 5 bat,0.0
mean,2030,52,2,ES1 5 bat,0.0
mean,2030,52,3,ES1 5 bat,0.0
mean,2030,52,4,ES1 5 bat,0.0
mean,2030,52,5,ES1 5 bat,0.0
mean,2030,52,6,ES1 5 bat,0.0
mean,2030,52,7,ES1 5 bat,0.0
mean,2030,52,8,ES1 5 bat,0.0
mean,2030,52,9,ES1 5 bat,0.0
mean,2030,52,10,ES1 5 bat,0.0
mean,2030,52,11,ES1 5 bat,0.0
mean,2030,52,12,ES1 5 bat,0.0
mean,2030,52,13,ES1 5 bat,0.0
mean,2030,52,14,ES1 5 bat,0.0
mean,2030,52,15,ES1 5 bat,0.0
mean,2030,52,16,ES1 5 bat,0.0
mean,2030,52,17,ES1 5 bat,0.0
mean,2030,52,18,ES1 5 bat,0.0
mean,2030,52,19,ES1 5 bat,0.0
mean,2030,52,20,ES1 5 bat,0.0
mean,2030,52,21,ES1 5 bat,0.0
mean,2030,52,22,ES1 5 bat,0.0
mean,2030,52,23,ES1 5 bat,0.0
mean,2030,52,24,ES1 5 bat,0.0
mean,2030,52,25,ES1 5 bat,0.0
mean,2030,52,26,ES1 5 bat,0.0
mean,2030,52,27,ES1 5 bat,0.0
mean,2030,52,28,ES1 5 bat,0.0
mean,2030,52,29,ES1 5 bat,0.0
mean,2030,52,30,ES1 5 bat,0.0
mean,2030,52,31,ES1 5 bat,0.0
mean,2030,52,32,ES1 5 bat,0.0
mean,2030,52,33,ES1 5 bat,0.0
mean,2030,52,34,ES1 5 bat,0.0
mean,2030,52,35,ES1 5 bat,0.0
mean,2030,52,36,ES1 5 bat,0.0
mean,2030,52,37,ES1 5 bat,0.0
mean,2030,52,38,ES1 5 bat,0.0
mean,2030,52,39,ES1 5 bat,0.0
mean,2030,52,40,ES1 5 bat,0.0
mean,2030,52,41,ES1 5 bat,0.0
mean,2030,52,42,ES1 5 bat,0.0
mean,2030,52,43,ES1 5 bat,0.0
mean,2030,52,44,ES1 5 bat,0.0
mean,2030,52,45,ES1 5 bat,0.0
mean,2030,52,46,ES1 5 bat,0.0
mean,2030,52,47,ES1 5 bat,0.0
mean,2030,52,48,ES1 5 bat,0.0
mean,2030,52,49,ES1 5 bat,0.0
mean,2030,52,50,ES1 5 bat,0.0
mean,2030,52,51,ES1 5 bat,0.0
mean,2030,52,52,ES1 5 bat,0.0
mean,2030,52,53,ES1 5 bat,0.0
mean,2030,52,54,ES1 5 bat,0.0
mean,2030,52,55,ES1 5 bat,0.0
mean,2030,52,56,ES1 5 bat,0.0
mean,2030,52,57,ES1 5 bat,0.0
mean,2030,52,58,ES1 5 bat,0.0
mean,2030,52,59,ES1 5 bat,0.0
mean,2030,52,60,ES1 5 bat,0.0
mean,2030,52,61,ES1 5 bat,0.0
mean,2030,52,62,ES1 5 bat,0.0
mean,2030,52,63,ES1 5 bat,0.0
mean,2030,52,64,ES1 5 bat,0.0
mean,2030,52,65,ES1 5 bat,0.0
mean,2030,52,66,ES1 5 bat,0.0
mean,2030,52,67,ES1 5 bat,0.0
mean,2030,52,68,ES1 5 bat,0.0
mean,2030,52,69,ES1 5 bat,0.0
mean,2030,52,70,ES1 5 bat,0.0
mean,2030,52,71,ES1 5 bat,0.0
mean,2030,52,72,ES1 5 bat,0.0
mean,2030,52,73,ES1 5 bat,0.0
mean,2030,52,74,ES1 5 bat,0.0
mean,2030,52,75,ES1 5 bat,0.0
mean,2030,52,76,ES1 5 bat,0.0
mean,2030,52,77,ES1 5 bat,0.0
mean,2030,52,78,ES1 5 bat,0.0
mean,2030,52,79,ES1 5 bat,0.0
mean,2030,52,80,ES1 5 bat,0.0
mean,2030,52,81,ES1 5 bat,0.0
mean,2030,52,82,ES1 5 bat,0.0
mean,2030,52,83,ES1 5 bat,0.0
mean,2030,52,84,ES1 5 bat,0.0
mean,2030,52,85,ES1 5 bat,0.0
mean,2030,52,86,ES1 5 bat,0.0
mean,2030,52,87,ES1 5 bat,0.0
mean,2030,52,88,ES1 5 bat,0.0
mean,2030,52,89,ES1 5 bat,0.0
mean,2030,52,90,ES1 5 bat,0.0
mean,2030,52,91,ES1 5 bat,0.0
mean,2030,52,92,ES1 5 bat,0.0
mean,2030,52,93,ES1 5 bat,0.0
mean,2030,52,94,ES1 5 bat,0.0
mean,2030,52,95,ES1 5 bat,0.0
mean,2030,52,96,ES1 5 bat,0.0
mean,2030,52,97,ES1 5 bat,0.0
mean,2030,52,98,ES1 5 bat,0.0
mean,2030,52,99,ES1 5 bat,0.0
mean,2030,52,100,ES1 5 bat,0.0
mean,2030,52,101,ES1 5 bat,0.0
mean,2030,52,102,ES1 5 bat,0.0
mean,2030,52,103,ES1 5 bat,0.0
mean,2030,52,104,ES1 5 bat,0.0
mean,2030,52,105,ES1 5 bat,0.0
mean,2030,52,106,ES1 5 bat,0.0
mean,2030,52,107,ES1 5 bat,0.0
mean,2030,52,108,ES1 5 bat,0.0
mean,2030,52,109,ES1 5 bat,0.0
mean,2030,52,110,ES1 5 bat,0.0
mean,2030,52,111,ES1 5 bat,0.0
mean,2030,52,112,ES1 5 bat,0.0
mean,2030,52,113,ES1 5 bat,0.0
mean,2030,52,114,ES1 5 bat,0.0
mean,2030,52,115,ES1 5 bat,0.0
mean,2030,52,116,ES1 5 bat,0.0
mean,2030,52,117,ES1 5 bat,0.0
mean,2030,52,118,ES1 5 bat,0.0
mean,2030,52,119,ES1 5 bat,0.0
mean,2030,52,120,ES1 5 bat,0.0
mean,2030,52,121,ES1 5 bat,0.0
mean,2030,52,122,ES1 5 bat,0.0
mean,2030,52,123,ES1 5 bat,0.0
mean,2030,52,124,ES1 5 bat,0.0
mean,2030,52,125,ES1 5 bat,0.0
mean,2030,52,126,ES1 5 bat,0.0
mean,2030,52,127,ES1 5 bat,0.0
mean,2030,52,128,ES1 5 bat,0.0
mean,2030,52,129,ES1 5 bat,0.0
mean,2030,52,130,ES1 5 bat,0.0
mean,2030,52,131,ES1 5 bat,0.0
mean,2030,52,132,ES1 5 bat,0.0
mean,2030,52,133,ES1 5 bat,0.0
mean,2030,52,134,ES1 5 bat,0.0
mean,2030,52,135,ES1 5 bat,0.0
mean,2030,52,136,ES1 5 bat,0.0
mean,2030,52,137,ES1 5 bat,0.0
mean,2030,52,138,ES1 5 bat,0.0
mean,2030,52,139,ES1 5 bat,0.0
mean,2030,52,140,ES1 5 bat,0.0
mean,2030,52,141,ES1 5 bat,0.0
mean,2030,52,142,ES1 5 bat,0.0
mean,2030,52,143,ES1 5 bat,0.0
mean,2030,52,144,ES1 5 bat,0.0
mean,2030,52,145,ES1 5 bat,0.0
mean,2030,52,146,ES1 5 bat,0.0
mean,2030,52,147,ES1 5 bat,0.0
mean,2030,52,148,ES1 5 bat,0.0
mean,2030,52,149,ES1 5 bat,0.0
mean,2030,52,150,ES1 5 bat,0.0
mean,2030,52,151,ES1 5 bat,0.0
mean,2030,52,152,ES1 5 bat,0.0
mean,2030,52,153,ES1 5 bat,0.0
mean,2030,52,154,ES1 5 bat,0.0
mean,2030,52,155,ES1 5 bat,0.0
mean,2030,52,156,ES1 5 bat,0.0
mean,2030,52,157,ES1 5 bat,0.0
mean,2030,52,158,ES1 5 bat,0.0
mean,2030,52,159,ES1 5 bat,0.0
mean,2030,52,160,ES1 5 bat,0.0
mean,2030,52,161,ES1 5 bat,0.0
mean,2030,52,162,ES1 5 bat,0.0
mean,2030,52,163,ES1 5 bat,0.0
mean,2030,52,164,ES1 5 bat,0.0
mean,2030,52,165,ES1 5 bat,0.0
mean,2030,52,166,ES1 5 bat,0.0
mean,2030,52,167,ES1 5 bat,0.0
mean,2040,11,0,ES1 5 bat,-0.014549767566214006
mean,2040,11,1,ES1 5 bat,0.0
mean,2040,11,2,ES1 5 bat,0.0
mean,2040,11,3,ES1 5 bat,0.0
mean,2040,11,4,ES1 5 bat,0.0
mean,2040,11,5,ES1 5 bat,0.0
mean,2040,11,6,ES1 5 bat,0.0
mean,2040,11,7,ES1 5 bat,0.0
mean,2040,11,8,ES1 5 bat,0.0
mean,2040,11,9,ES1 5 bat,0.0
mean,2040,11,10,ES1 5 bat,0.0
mean,2040,11,11,ES1 5 bat,0.0
mean,2040,11,12,ES1 5 bat,0.0
mean,2040,11,13,ES1 5 bat,0.0
mean,2040,11,14,ES1 5 bat,0.0
mean,2040,11,15,ES1 5 bat,0.0
mean,2040,11,16,ES1 5 bat,0.0
mean,2040,11,17,ES1 5 bat,0.0
mean,2040,11,18,ES1 5 bat,0.0
mean,2040,11,19,ES1 5 bat,0.0
mean,2040,11,20,ES1 5 bat,0.0
mean,2040,11,21,ES1 5 bat,0.0
mean,2040,11,22,ES1 5 bat,0.0
mean,2040,11,23,ES1 5 bat,0.0
mean,2040,11,24,ES1 5 bat,0.0
mean,2040,11,25,ES1 5 bat,0.0
mean,2040,11,26,ES1 5 bat,0.0
mean,2040,11,27,ES1 5 bat,0.0
mean,2040,11,28,ES1 5 bat,0.0
mean,2040,11,29,ES1 5 bat,0.0
mean,2040,11,30,ES1 5 bat,0.0
mean,2040,11,31,ES1 5 bat,-60.54571652378884
mean,2040,11,32,ES1 5 bat,0.0
mean,2040,11,33,ES1 5 bat,0.0
mean,2040,11,34,ES1 5 bat,0.0
mean,2040,11,35,ES1 5 bat,0.0
mean,2040,11,36,ES1 5 bat,0.0
mean,2040,11,37,ES1 5 bat,0.0
mean,2040,11,38,ES1 5 bat,0.0
mean,2040,11,39,ES1 5 bat,0.0
mean,2040,11,40,ES1 5 bat,0.0
mean,2040,11,41,ES1 5 bat,0.0
mean,2040,11,42,ES1 5 bat,0.0
mean,2040,11,43,ES1 5 bat,-0.002572695925126226
mean,2040,11,44,ES1 5 bat,0.0
mean,2040,11,45,ES1 5 bat,0.0
mean,2040,11,46,ES1 5 bat,0.0
mean,2040,11,47,ES1 5 bat,0.0
mean,2040,11,48,ES1 5 bat,0.0
mean,2040,11,49,ES1 5 bat,0.0
mean,2040,11,50,ES1 5 bat,0.0
mean,2040,11,51,ES1 5 bat,0.0
mean,2040,11,52,ES1 5 bat,0.0
mean,2040,11,53,ES1 5 bat,0.0
mean,2040,11,54,ES1 5 bat,0.0
mean,2040,11,55,ES1 5 bat,0.0
mean,2040,11,56,ES1 5 bat,0.0
mean,2040,11,57,ES1 5 bat,0.0
mean,2040,11,58,ES1 5 bat,0.0
mean,2040,11,59,ES1 5 bat,0.0
mean,2040,11,60,ES1 5 bat,0.0
mean,2040,11,61,ES1 5 bat,0.0
mean,2040,11,62,ES1 5 bat,0.0
mean,2040,11,63,ES1 5 bat,0.0
mean,2040,11,64,ES1 5 bat,0.0
mean,2040,11,65,ES1 5 bat,0.0
mean,2040,11,66,ES1 5 bat,0.0
mean,2040,11,67,ES1 5 bat,0.0
mean,2040,11,68,ES1 5 bat,0.0
mean,2040,11,69,ES1 5 bat,0.0
mean,2040,11,70,ES1 5 bat,0.0
mean,2040,11,71,ES1 5 bat,0.0
mean,2040,11,72,ES1 5 bat,0.0
mean,2040,11,73,ES1 5 bat,0.0
mean,2040,11,74,ES1 5 bat,0.0
mean,2040,11,75,ES1 5 bat,0.0
mean,2040,11,76,ES1 5 bat,0.0
mean,2040,11,77,ES1 5 bat,0.0
mean,2040,11,78,ES1 5 bat,0.0
mean,2040,11,79,ES1 5 bat,0.0
mean,2040,11,80,ES1 5 bat,0.0
mean,2040,11,81,ES1 5 bat,0.0
mean,2040,11,82,ES1 5 bat,0.0
mean,2040,11,83,ES1 5 bat,0.0
mean,2040,11,84,ES1 5 bat,0.0
mean,2040,11,85,ES1 5 bat,0.0
mean,2040,11,86,ES1 5 bat,0.0
mean,2040,11,87,ES1 5 bat,0.0
mean,2040,11,88,ES1 5 bat,0.0
mean,2040,11,89,ES1 5 bat,0.0
mean,2040,11,90,ES1 5 bat,0.0
mean,2040,11,91,ES1 5 bat,8.721182071795201e-15
mean,2040,11,92,ES1 5 bat,0.0
mean,2040,11,93,ES1 5 bat,0.0
mean,2040,11,94,ES1 5 bat,0.0
mean,2040,11,95,ES1 5 bat,0.0
mean,2040,11,96,ES1 5 bat,0.0
mean,2040,11,97,ES1 5 bat,0.0
mean,2040,11,98,ES1 5 bat,0.0
mean,2040,11,99,ES1 5 bat,0.0
mean,2040,11,100,ES1 5 bat,0.0
mean,2040,11,101,ES1 5 bat,0.0
mean,2040,11,102,ES1 5 bat,0.0
mean,2040,11,103,ES1 5 bat,0.0
mean,2040,11,104,ES1 5 bat,0.0
mean,2040,11,105,ES1 5 bat,0.0
mean,2040,11,106,ES1 5 bat,0.0
mean,2040,11,107,ES1 5 bat,0.0
mean,2040,11,108,ES1 5 bat,0.0
mean,2040,11,109,ES1 5 bat,0.0
mean,2040,11,110,ES1 5 bat,0.0
mean,2040,11,111,ES1 5 bat,0.0
mean,2040,11,112,ES1 5 bat,0.0
mean,2040,11,113,ES1 5 bat,0.0
mean,2040,11,114,ES1 5 bat,-8.721182071795201e-15
mean,2040,11,115,ES1 5 bat,0.0
mean,2040,11,116,ES1 5 bat,0.0
mean,2040,11,117,ES1 5 bat,0.0
mean,2040,11,118,ES1 5 bat,0.0
mean,2040,11,119,ES1 5 bat,0.0
mean,2040,11,120,ES1 5 bat,0.0
mean,2040,11,121,ES1 5 bat,0.0
mean,2040,11,122,ES1 5 bat,0.0
mean,2040,11,123,ES1 5 bat,0.0
mean,2040,11,124,ES1 5 bat,0.0
mean,2040,11,125,ES1 5 bat,0.0
mean,2040,11,126,ES1 5 bat,0.0
mean,2040,11,127,ES1 5 bat,0.0
mean,2040,11,128,ES1 5 bat,0.0
mean,2040,11,129,ES1 5 bat,0.0
mean,2040,11,130,ES1 5 bat,0.0
mean,2040,11,131,ES1 5 bat,0.0
mean,2040,11,132,ES1 5 bat,0.0
mean,2040,11,133,ES1 5 bat,0.0
mean,2040,11,134,ES1 5 bat,0.0
mean,2040,11,135,ES1 5 bat,0.0
mean,2040,11,136,ES1 5 bat,0.0
mean,2040,11,137,ES1 5 bat,0.0
mean,2040,11,138,ES1 5 bat,0.0
mean,2040,11,139,ES1 5 bat,0.0
mean,2040,11,140,ES1 5 bat,-0.0
mean,2040,11,141,ES1 5 bat,0.0
mean,2040,11,142,ES1 5 bat,0.0
mean,2040,11,143,ES1 5 bat,0.0
mean,2040,11,144,ES1 5 bat,0.0
mean,2040,11,145,ES1 5 bat,0.0
mean,2040,11,146,ES1 5 bat,0.0
mean,2040,11,147,ES1 5 bat,0.0
mean,2040,11,148,ES1 5 bat,0.0
mean,2040,11,149,ES1 5 bat,0.0
mean,2040,11,150,ES1 5 bat,0.0
mean,2040,11,151,ES1 5 bat,0.0
mean,2040,11,152,ES1 5 bat,0.0
mean,2040,11,153,ES1 5 bat,0.0
mean,2040,11,154,ES1 5 bat,0.0
mean,2040,11,155,ES1 5 bat,0.0
mean,2040,11,156,ES1 5 bat,0.0
mean,2040,11,157,ES1 5 bat,0.0
mean,2040,11,158,ES1 5 bat,0.0
mean,2040,11,159,ES1 5 bat,0.0
mean,2040,11,160,ES1 5 bat,0.0
mean,2040,11,161,ES1 5 bat,0.0
mean,2040,11,162,ES1 5 bat,0.0
mean,2040,11,163,ES1 5 bat,-0.0
mean,2040,11,164,ES1 5 bat,0.0
mean,2040,11,165,ES1 5 bat,0.0
mean,2040,11,166,ES1 5 bat,0.0
mean,2040,11,167,ES1 5 bat,0.0
mean,2040,21,0,ES1 5 bat,-62.71651237082871
mean,2040,21,1,ES1 5 bat,0.0
mean,2040,21,2,ES1 5 bat,0.0
mean,2040,21,3,ES1 5 bat,0.0
mean,2040,21,4,ES1 5 bat,0.0
mean,2040,21,5,ES1 5 bat,0.0
mean,2040,21,6,ES1 5 bat,0.0
mean,2040,21,7,ES1 5 bat,0.0
mean,2040,21,8,ES1 5 bat,0.0
mean,2040,21,9,ES1 5 bat,0.0
mean,2040,21,10,ES1 5 bat,0.0
mean,2040,21,11,ES1 5 bat,0.0
mean,2040,21,12,ES1 5 bat,0.0
mean,2040,21,13,ES1 5 bat,0.0
mean,2040,21,14,ES1 5 bat,0.0
mean,2040,21,15,ES1 5 bat,0.0
mean,2040,21,16,ES1 5 bat,0.0
mean,2040,21,17,ES1 5 bat,0.0
mean,2040,21,18,ES1 5 bat,0.0
mean,2040,21,19,ES1 5 bat,0.0
mean,2040,21,20,ES1 5 bat,0.0
mean,2040,21,21,ES1 5 bat,0.0
mean,2040,21,22,ES1 5 bat,0.0
mean,2040,21,23,ES1 5 bat,0.0
mean,2040,21,24,ES1 5 bat,0.0
mean,2040,21,25,ES1 5 bat,0.0
mean,2040,21,26,ES1 5 bat,0.0
mean,2040,21,27,ES1 5 bat,0.0
mean,2040,21,28,ES1 5 bat,0.0
mean,2040,21,29,ES1 5 bat,0.0
mean,2040,21,30,ES1 5 bat,-0.6991962429189972
mean,2040,21,31,ES1 5 bat,0.0
mean,2040,21,32,ES1 5 bat,0.0
mean,2040,21,33,ES1 5 bat,0.0
mean,2040,21,34,ES1 5 bat,0.0
mean,2040,21,35,ES1 5 bat,0.0
mean,2040,21,36,ES1 5 bat,0.0
mean,2040,21,37,ES1 5 bat,0.0
mean,2040,21,38,ES1 5 bat,0.0
mean,2040,21,39,ES1 5 bat,0.0
mean,2040,21,40,ES1 5 bat,0.0
mean,2040,21,41,ES1 5 bat,0.0
mean,2040,21,42,ES1 5 bat,0.0
mean,2040,21,43,ES1 5 bat,-0.13150264721402705
mean,2040,21,44,ES1 5 bat,0.0
mean,2040,21,45,ES1 5 bat,0.0
mean,2040,21,46,ES1 5 bat,0.0
mean,2040,21,47,ES1 5 bat,0.0
mean,2040,21,48,ES1 5 bat,0.0
mean,2040,21,49,ES1 5 bat,0.0
mean,2040,21,50,ES1 5 bat,0.0
mean,2040,21,51,ES1 5 bat,0.0
mean,2040,21,52,ES1 5 bat,0.0
mean,2040,21,53,ES1 5 bat,0.0
mean,2040,21,54,ES1 5 bat,0.0
mean,2040,21,55,ES1 5 bat,0.0
mean,2040,21,56,ES1 5 bat,0.0
mean,2040,21,57,ES1 5 bat,0.0
mean,2040,21,58,ES1 5 bat,0.0
mean,2040,21,59,ES1 5 bat,0.0
mean,2040,21,60,ES1 5 bat,0.0
mean,2040,21,61,ES1 5 bat,0.0
mean,2040,21,62,ES1 5 bat,0.0
mean,2040,21,63,ES1 5 bat,0.0
mean,2040,21,64,ES1 5 bat,0.0
mean,2040,21,65,ES1 5 bat,0.0
mean,2040,21,66,ES1 5 bat,0.0
mean,2040,21,67,ES1 5 bat,0.0
mean,2040,21,68,ES1 5 bat,0.0
mean,2040,21,69,ES1 5 bat,0.0
mean,2040,21,70,ES1 5 bat,0.0
mean,2040,21,71,ES1 5 bat,0.0
mean,2040,21,72,ES1 5 bat,0.0
mean,2040,21,73,ES1 5 bat,0.0
mean,2040,21,74,ES1 5 bat,0.0
mean,2040,21,75,ES1 5 bat,0.0
mean,2040,21,76,ES1 5 bat,0.0
mean,2040,21,77,ES1 5 bat,0.0
mean,2040,21,78,ES1 5 bat,8.721182071795201e-15
mean,2040,21,79,ES1 5 bat,0.0
mean,2040,21,80,ES1 5 bat,0.0
mean,2040,21,81,ES1 5 bat,0.0
mean,2040,21,82,ES1 5 bat,0.0
mean,2040,21,83,ES1 5 bat,0.0
mean,2040,21,84,ES1 5 bat,0.0
mean,2040,21,85,ES1 5 bat,0.0
mean,2040,21,86,ES1 5 bat,0.0
mean,2040,21,87,ES1 5 bat,0.0
mean,2040,21,88,ES1 5 bat,0.0
mean,2040,21,89,ES1 5 bat,0.0
mean,2040,21,90,ES1 5 bat,0.0
mean,2040,21,91,ES1 5 bat,0.0
mean,2040,21,92,ES1 5 bat,0.0
mean,2040,21,93,ES1 5 bat,0.0
mean,2040,21,94,ES1 5 bat,0.0
mean,2040,21,95,ES1 5 bat,0.0
mean,2040,21,96,ES1 5 bat,0.0
mean,2040,21,97,ES1 5 bat,0.0
mean,2040,21,98,ES1 5 bat,0.0
mean,2040,21,99,ES1 5 bat,0.0
mean,2040,21,100,ES1 5 bat,0.0
mean,2040,21,101,ES1 5 bat,0.0
mean,2040,21,102,ES1 5 bat,-0.16704088565649775
mean,2040,21,103,ES1 5 bat,0.0
mean,2040,21,104,ES1 5 bat,0.0
mean,2040,21,105,ES1 5 bat,0.0
mean,2040,21,106,ES1 5 bat,0.0
mean,2040,21,107,ES1 5 bat,0.0
mean,2040,21,108,ES1 5 bat,0.0
mean,2040,21,109,ES1 5 bat,0.0
mean,2040,21,110,ES1 5 bat,0.0
mean,2040,21,111,ES1 5 bat,0.0
mean,2040,21,112,ES1 5 bat,0.0
mean,2040,21,113,ES1 5 bat,0.0
mean,2040,21,114,ES1 5 bat,0.0
mean,2040,21,115,ES1 5 bat,0.0
mean,2040,21,116,ES1 5 bat,0.0
mean,2040,21,117,ES1 5 bat,0.0
mean,2040,21,118,ES1 5 bat,0.0
mean,2040,21,119,ES1 5 bat,0.0
mean,2040,21,120,ES1 5 bat,0.0
mean,2040,21,121,ES1 5 bat,0.0
mean,2040,21,122,ES1 5 bat,0.0
mean,2040,21,123,ES1 5 bat,0.0
mean,2040,21,124,ES1 5 bat,0.0
mean,2040,21,125,ES1 5 bat,0.0
mean,2040,21,126,ES1 5 bat,-0.14185867413970585
mean,2040,21,127,ES1 5 bat,0.0
mean,2040,21,128,ES1 5 bat,0.0
mean,2040,21,129,ES1 5 bat,0.0
mean,2040,21,130,ES1 5 bat,0.0
mean,2040,21,131,ES1 5 bat,0.0
mean,2040,21,132,ES1 5 bat,0.0
mean,2040,21,133,ES1 5 bat,0.0
mean,2040,21,134,ES1 5 bat,0.0
mean,2040,21,135,ES1 5 bat,0.0
mean,2040,21,136,ES1 5 bat,0.0
mean,2040,21,137,ES1 5 bat,0.0
mean,2040,21,138,ES1 5 bat,0.0
mean,2040,21,139,ES1 5 bat,0.0
mean,2040,21,140,ES1 5 bat,0.0
mean,2040,21,141,ES1 5 bat,0.0
mean,2040,21,142,ES1 5 bat,0.0
mean,2040,21,143,ES1 5 bat,0.0
mean,2040,21,144,ES1 5 bat,0.0
mean,2040,21,145,ES1 5 bat,0.0
mean,2040,21,146,ES1 5 bat,0.0
mean,2040,21,147,ES1 5 bat,8.721182071795201e-15
mean,2040,21,148,ES1 5 bat,0.0
mean,2040,21,149,ES1 5 bat,0.0
mean,2040,21,150,ES1 5 bat,0.0
mean,2040,21,151,ES1 5 bat,0.0
mean,2040,21,152,ES1 5 bat,0.0
mean,2040,21,153,ES1 5 bat,0.0
mean,2040,21,154,ES1 5 bat,0.0
mean,2040,21,155,ES1 5 bat,0.0
mean,2040,21,156,ES1 5 bat,0.0
mean,2040,21,157,ES1 5 bat,0.0
mean,2040,21,158,ES1 5 bat,0.0
mean,2040,21,159,ES1 5 bat,0.0
mean,2040,21,160,ES1 5 bat,0.0
mean,2040,21,161,ES1 5 bat,0.0
mean,2040,21,162,ES1 5 bat,0.0
mean,2040,21,163,ES1 5 bat,-8.721182071795201e-15
mean,2040,21,164,ES1 5 bat,0.0
mean,2040,21,165,ES1 5 bat,0.0
mean,2040,21,166,ES1 5 bat,0.0
mean,2040,21,167,ES1 5 bat,0.0
mean,2040,42,0,ES1 5 bat,-63.00538193057415
mean,2040,42,1,ES1 5 bat,0.0
mean,2040,42,2,ES1 5 bat,0.0
mean,2040,42,3,ES1 5 bat,0.0
mean,2040,42,4,ES1 5 bat,0.0
mean,2040,42,5,ES1 5 bat,0.0
mean,2040,42,6,ES1 5 bat,-0.0030882570485006645
mean,2040,42,7,ES1 5 bat,0.0
mean,2040,42,8,ES1 5 bat,0.0
mean,2040,42,9,ES1 5 bat,0.0
mean,2040,42,10,ES1 5 bat,0.0
mean,2040,42,11,ES1 5 bat,0.0
mean,2040,42,12,ES1 5 bat,0.0
mean,2040,42,13,ES1 5 bat,0.0
mean,2040,42,14,ES1 5 bat,0.0
mean,2040,42,15,ES1 5 bat,0.0
mean,2040,42,16,ES1 5 bat,0.0
mean,2040,42,17,ES1 5 bat,0.0
mean,2040,42,18,ES1 5 bat,-0.18145383648378474
mean,2040,42,19,ES1 5 bat,0.0
mean,2040,42,20,ES1 5 bat,0.0
mean,2040,42,21,ES1 5 bat,0.0
mean,2040,42,22,ES1 5 bat,0.0
mean,2040,42,23,ES1 5 bat,0.0
mean,2040,42,24,ES1 5 bat,0.0
mean,2040,42,25,ES1 5 bat,0.0
mean,2040,42,26,ES1 5 bat,0.0
mean,2040,42,27,ES1 5 bat,0.0
mean,2040,42,28,ES1 5 bat,0.0
mean,2040,42,29,ES1 5 bat,0.0
mean,2040,42,30,ES1 5 bat,0.0
mean,2040,42,31,ES1 5 bat,0.0
mean,2040,42,32,ES1 5 bat,0.0
mean,2040,42,33,ES1 5 bat,0.0
mean,2040,42,34,ES1 5 bat,0.0
mean,2040,42,35,ES1 5 bat,0.0
mean,2040,42,36,ES1 5 bat,0.0
mean,2040,42,37,ES1 5 bat,0.0
mean,2040,42,38,ES1 5 bat,0.0
mean,2040,42,39,ES1 5 bat,0.0
mean,2040,42,40,ES1 5 bat,0.0
mean,2040,42,41,ES1 5 bat,0.0
mean,2040,42,42,ES1 5 bat,-0.002533078194959023
mean,2040,42,43,ES1 5 bat,0.0
mean,2040,42,44,ES1 5 bat,0.0
mean,2040,42,45,ES1 5 bat,0.0
mean,2040,42,46,ES1 5 bat,0.0
mean,2040,42,47,ES1 5 bat,0.0
mean,2040,42,48,ES1 5 bat,0.0
mean,2040,42,49,ES1 5 bat,0.0
mean,2040,42,50,ES1 5 bat,0.0
mean,2040,42,51,ES1 5 bat,0.0
mean,2040,42,52,ES1 5 bat,0.0
mean,2040,42,53,ES1 5 bat,0.0
mean,2040,42,54,ES1 5 bat,-0.42930663115597006
mean,2040,42,55,ES1 5 bat,0.0
mean,2040,42,56,ES1 5 bat,0.0
mean,2040,42,57,ES1 5 bat,0.0
mean,2040,42,58,ES1 5 bat,0.0
mean,2040,42,59,ES1 5 bat,0.0
mean,2040,42,60,ES1 5 bat,0.0
mean,2040,42,61,ES1 5 bat,0.0
mean,2040,42,62,ES1 5 bat,0.0
mean,2040,42,63,ES1 5 bat,0.0
mean,2040,42,64,ES1 5 bat,0.0
mean,2040,42,65,ES1 5 bat,8.721182071795201e-15
mean,2040,42,66,ES1 5 bat,0.0
mean,2040,42,67,ES1 5 bat,0.0
mean,2040,42,68,ES1 5 bat,0.0
mean,2040,42,69,ES1 5 bat,0.0
mean,2040,42,70,ES1 5 bat,0.0
mean,2040,42,71,ES1 5 bat,0.0
mean,2040,42,72,ES1 5 bat,0.0
mean,2040,42,73,ES1 5 bat,0.0
mean,2040,42,74,ES1 5 bat,0.0
mean,2040,42,75,ES1 5 bat,0.0
mean,2040,42,76,ES1 5 bat,0.0
mean,2040,42,77,ES1 5 bat,0.0
mean,2040,42,78,ES1 5 bat,-1.7442364143590402e-14
mean,2040,42,79,ES1 5 bat,0.0
mean,2040,42,80,ES1 5 bat,0.0
mean,2040,42,81,ES1 5 bat,0.0
mean,2040,42,82,ES1 5 bat,0.0
mean,2040,42,83,ES1 5 bat,0.0
mean,2040,42,84,ES1 5 bat,0.0
mean,2040,42,85,ES1 5 bat,0.0
mean,2040,42,86,ES1 5 bat,0.0
mean,2040,42,87,ES1 5 bat,0.0
mean,2040,42,88,ES1 5 bat,0.0
mean,2040,42,89,ES1 5 bat,0.0
mean,2040,42,90,ES1 5 bat,-455.61736855124303
mean,2040,42,91,ES1 5 bat,0.0
mean,2040,42,92,ES1 5 bat,0.0
mean,2040,42,93,ES1 5 bat,0.0
mean,2040,42,94,ES1 5 bat,0.0
mean,2040,42,95,ES1 5 bat,0.0
mean,2040,42,96,ES1 5 bat,0.0
mean,2040,42,97,ES1 5 bat,0.0
mean,2040,42,98,ES1 5 bat,0.0
mean,2040,42,99,ES1 5 bat,0.0
mean,2040,42,100,ES1 5 bat,0.0
mean,2040,42,101,ES1 5 bat,0.0
mean,2040,42,102,ES1 5 bat,0.0
mean,2040,42,103,ES1 5 bat,0.0
mean,2040,42,104,ES1 5 bat,0.0
mean,2040,42,105,ES1 5 bat,0.0
mean,2040,42,106,ES1 5 bat,0.0
mean,2040,42,107,ES1 5 bat,0.0
mean,2040,42,108,ES1 5 bat,0.0
mean,2040,42,109,ES1 5 bat,0.0
mean,2040,42,110,ES1 5 bat,0.0
mean,2040,42,111,ES1 5 bat,0.0
mean,2040,42,112,ES1 5 bat,0.0
mean,2040,42,113,ES1 5 bat,0.0
mean,2040,42,114,ES1 5 bat,0.0
mean,2040,42,115,ES1 5 bat,-0.0
mean,2040,42,116,ES1 5 bat,0.0
mean,2040,42,117,ES1 5 bat,0.0
mean,2040,42,118,ES1 5 bat,0.0
mean,2040,42,119,ES1 5 bat,0.0
mean,2040,42,120,ES1 5 bat,0.0
mean,2040,42,121,ES1 5 bat,0.0
mean,2040,42,122,ES1 5 bat,0.0
mean,2040,42,123,ES1 5 bat,0.0
mean,2040,42,124,ES1 5 bat,0.0
mean,2040,42,125,ES1 5 bat,0.0
mean,2040,42,126,ES1 5 bat,-0.0
mean,2040,42,127,ES1 5 bat,0.0
mean,2040,42,128,ES1 5 bat,0.0
mean,2040,42,129,ES1 5 bat,0.0
mean,2040,42,130,ES1 5 bat,0.0
mean,2040,42,131,ES1 5 bat,0.0
mean,2040,42,132,ES1 5 bat,0.0
mean,2040,42,133,ES1 5 bat,0.0
mean,2040,42,134,ES1 5 bat,0.0
mean,2040,42,135,ES1 5 bat,0.0
mean,2040,42,136,ES1 5 bat,0.0
mean,2040,42,137,ES1 5 bat,0.0
mean,2040,42,138,ES1 5 bat,-0.0025175388666031895
mean,2040,42,139,ES1 5 bat,0.0
mean,2040,42,140,ES1 5 bat,0.0
mean,2040,42,141,ES1 5 bat,0.0
mean,2040,42,142,ES1 5 bat,0.0
mean,2040,42,143,ES1 5 bat,0.0
mean,2040,42,144,ES1 5 bat,0.0
mean,2040,42,145,ES1 5 bat,0.0
mean,2040,42,146,ES1 5 bat,0.0
mean,2040,42,147,ES1 5 bat,0.0
mean,2040,42,148,ES1 5 bat,0.0
mean,2040,42,149,ES1 5 bat,8.721182071795201e-15
mean,2040,42,150,ES1 5 bat,0.0
mean,2040,42,151,ES1 5 bat,0.0
mean,2040,42,152,ES1 5 bat,0.0
mean,2040,42,153,ES1 5 bat,0.0
mean,2040,42,154,ES1 5 bat,0.0
mean,2040,42,155,ES1 5 bat,0.0
mean,2040,42,156,ES1 5 bat,0.0
mean,2040,42,157,ES1 5 bat,0.0
mean,2040,42,158,ES1 5 bat,0.0
mean,2040,42,159,ES1 5 bat,0.0
mean,2040,42,160,ES1 5 bat,0.0
mean,2040,42,161,ES1 5 bat,0.0
mean,2040,42,162,ES1 5 bat,0.0
mean,2040,42,163,ES1 5 bat,-0.3677297545718007
mean,2040,42,164,ES1 5 bat,0.0
mean,2040,42,165,ES1 5 bat,0.0
mean,2040,42,166,ES1 5 bat,0.0
mean,2040,42,167,ES1 5 bat,0.0
mean,2040,52,0,ES1 5 bat,-60.39197607282327
mean,2040,52,1,ES1 5 bat,0.0
mean,2040,52,2,ES1 5 bat,0.0
mean,2040,52,3,ES1 5 bat,0.0
mean,2040,52,4,ES1 5 bat,0.0
mean,2040,52,5,ES1 5 bat,0.0
mean,2040,52,6,ES1 5 bat,0.0
mean,2040,52,7,ES1 5 bat,0.0
mean,2040,52,8,ES1 5 bat,0.0
mean,2040,52,9,ES1 5 bat,0.0
mean,2040,52,10,ES1 5 bat,0.0
mean,2040,52,11,ES1 5 bat,0.0
mean,2040,52,12,ES1 5 bat,0.0
mean,2040,52,13,ES1 5 bat,0.0
mean,2040,52,14,ES1 5 bat,0.0
mean,2040,52,15,ES1 5 bat,0.0
mean,2040,52,16,ES1 5 bat,0.0
mean,2040,52,17,ES1 5 bat,0.0
mean,2040,52,18,ES1 5 bat,0.0
mean,2040,52,19,ES1 5 bat,0.0
mean,2040,52,20,ES1 5 bat,0.0
mean,2040,52,21,ES1 5 bat,0.0
mean,2040,52,22,ES1 5 bat,0.0
mean,2040,52,23,ES1 5 bat,0.0
mean,2040,52,24,ES1 5 bat,0.0
mean,2040,52,25,ES1 5 bat,0.0
mean,2040,52,26,ES1 5 bat,0.0
mean,2040,52,27,ES1 5 bat,0.0
mean,2040,52,28,ES1 5 bat,0.0
mean,2040,52,29,ES1 5 bat,0.0
mean,2040,52,30,ES1 5 bat,0.0
mean,2040,52,31,ES1 5 bat,0.0
mean,2040,52,32,ES1 5 bat,0.0
mean,2040,52,33,ES1 5 bat,0.0
mean,2040,52,34,ES1 5 bat,0.0
mean,2040,52,35,ES1 5 bat,0.0
mean,2040,52,36,ES1 5 bat,0.0
mean,2040,52,37,ES1 5 bat,0.0
mean,2040,52,38,ES1 5 bat,0.0
mean,2040,52,39,ES1 5 bat,0.0
mean,2040,52,40,ES1 5 bat,0.0
mean,2040,52,41,ES1 5 bat,0.0
mean,2040,52,42,ES1 5 bat,0.0
mean,2040,52,43,ES1 5 bat,0.0
mean,2040,52,44,ES1 5 bat,0.0
mean,2040,52,45,ES1 5 bat,0.0
mean,2040,52,46,ES1 5 bat,0.0
mean,2040,52,47,ES1 5 bat,0.0
mean,2040,52,48,ES1 5 bat,0.0
mean,2040,52,49,ES1 5 bat,0.0
mean,2040,52,50,ES1 5 bat,0.0
mean,2040,52,51,ES1 5 bat,0.0
mean,2040,52,52,ES1 5 bat,0.0
mean,2040,52,53,ES1 5 bat,0.0
mean,2040,52,54,ES1 5 bat,0.0
mean,2040,52,55,ES1 5 bat,0.0
mean,2040,52,56,ES1 5 bat,0.0
mean,2040,52,57,ES1 5 bat,0.0
mean,2040,52,58,ES1 5 bat,0.0
mean,2040,52,59,ES1 5 bat,0.0
mean,2040,52,60,ES1 5 bat,0.0
mean,2040,52,61,ES1 5 bat,0.0
mean,2040,52,62,ES1 5 bat,0.0
mean,2040,52,63,ES1 5 bat,0.0
mean,2040,52,64,ES1 5 bat,0.0
mean,2040,52,65,ES1 5 bat,0.0
mean,2040,52,66,ES1 5 bat,0.0
mean,2040,52,67,ES1 5 bat,0.0
mean,2040,52,68,ES1 5 bat,0.0
mean,2040,52,69,ES1 5 bat,0.0
mean,2040,52,70,ES1 5 bat,0.0
mean,2040,52,71,ES1 5 bat,0.0
mean,2040,52,72,ES1 5 bat,0.0
mean,2040,52,73,ES1 5 bat,0.0
mean,2040,52,74,ES1 5 bat,0.0
mean,2040,52,75,ES1 5 bat,0.0
mean,2040,52,76,ES1 5 bat,0.0
mean,2040,52,77,ES1 5 bat,0.0
mean,2040,52,78,ES1 5 bat,0.0
mean,2040,52,79,ES1 5 bat,0.0
mean,2040,52,80,ES1 5 bat,0.0
mean,2040,52,81,ES1 5 bat,0.0
mean,2040,52,82,ES1 5 bat,0.0
mean,2040,52,83,ES1 5 bat,0.0
mean,2040,52,84,ES1 5 bat,0.0
mean,2040,52,85,ES1 5 bat,0.0
mean,2040,52,86,ES1 5 bat,0.0
mean,2040,52,87,ES1 5 bat,0.0
mean,2040,52,88,ES1 5 bat,0.0
mean,2040,52,89,ES1 5 bat,0.0
mean,2040,52,90,ES1 5 bat,0.0
mean,2040,52,91,ES1 5 bat,0.0
mean,2040,52,92,ES1 5 bat,0.0
mean,2040,52,93,ES1 5 bat,0.0
mean,2040,52,94,ES1 5 bat,0.0
mean,2040,52,95,ES1 5 bat,0.0
mean,2040,52,96,ES1 5 bat,0.0
mean,2040,52,97,ES1 5 bat,0.0
mean,2040,52,98,ES1 5 bat,0.0
mean,2040,52,99,ES1 5 bat,0.0
mean,2040,52,100,ES1 5 bat,0.0
mean,2040,52,101,ES1 5 bat,0.0
mean,2040,52,102,ES1 5 bat,0.0
mean,2040,52,103,ES1 5 bat,0.0
mean,2040,52,104,ES1 5 bat,0.0
mean,2040,52,105,ES1 5 bat,0.0
mean,2040,52,106,ES1 5 bat,0.0
mean,2040,52,107,ES1 5 bat,0.0
mean,2040,52,108,ES1 5 bat,0.0
mean,2040,52,109,ES1 5 bat,0.0
mean,2040,52,110,ES1 5 bat,0.0
mean,2040,52,111,ES1 5 bat,0.0
mean,2040,52,112,ES1 5 bat,0.0
mean,2040,52,113,ES1 5 bat,0.0
mean,2040,52,114,ES1 5 bat,0.0
mean,2040,52,115,ES1 5 bat,0.0
mean,2040,52,116,ES1 5 bat,0.0
mean,2040,52,117,ES1 5 bat,0.0
mean,2040,52,118,ES1 5 bat,0.0
mean,2040,52,119,ES1 5 bat,0.0
mean,2040,52,120,ES1 5 bat,0.0
mean,2040,52,121,ES1 5 bat,0.0
mean,2040,52,122,ES1 5 bat,0.0
mean,2040,52,123,ES1 5 bat,0.0
mean,2040,52,124,ES1 5 bat,0.0
mean,2040,52,125,ES1 5 bat,0.0
mean,2040,52,126,ES1 5 bat,0.0
mean,2040,52,127,ES1 5 bat,0.0
mean,2040,52,128,ES1 5 bat,0.0
mean,2040,52,129,ES1 5 bat,0.0
mean,2040,52,130,ES1 5 bat,0.0
mean,2040,52,131,ES1 5 bat,0.0
mean,2040,52,132,ES1 5 bat,0.0
mean,2040,52,133,ES1 5 bat,0.0
mean,2040,52,134,ES1 5 bat,0.0
mean,2040,52,135,ES1 5 bat,0.0
mean,2040,52,136,ES1 5 bat,0.0
mean,2040,52,137,ES1 5 bat,0.0
mean,2040,52,138,ES1 5 bat,0.0
mean,2040,52,139,ES1 5 bat,0.0
mean,2040,52,140,ES1 5 bat,-8.721182071795201e-15
mean,2040,52,141,ES1 5 bat,0.0
mean,2040,52,142,ES1 5 bat,0.0
mean,2040,52,143,ES1 5 bat,0.0
mean,2040,52,144,ES1 5 bat,0.0
mean,2040,52,145,ES1 5 bat,0.0
mean,2040,52,146,ES1 5 bat,0.0
mean,2040,52,147,ES1 5 bat,0.0
mean,2040,52,148,ES1 5 bat,0.0
mean,2040,52,149,ES1 5 bat,0.0
mean,2040,52,150,ES1 5 bat,0.0
mean,2040,52,151,ES1 5 bat,-0.038343163460277
mean,2040,52,152,ES1 5 bat,0.0
mean,2040,52,153,ES1 5 bat,0.0
mean,2040,52,154,ES1 5 bat,0.0
mean,2040,52,155,ES1 5 bat,0.0
mean,2040,52,156,ES1 5 bat,0.0
mean,2040,52,157,ES1 5 bat,0.0
mean,2040,52,158,ES1 5 bat,0.0
mean,2040,52,159,ES1 5 bat,0.0
mean,2040,52,160,ES1 5 bat,0.0
mean,2040,52,161,ES1 5 bat,-0.0025175388666031895
mean,2040,52,162,ES1 5 bat,0.0
mean,2040,52,163,ES1 5 bat,0.0
mean,2040,52,164,ES1 5 bat,0.0
mean,2040,52,165,ES1 5 bat,0.0
mean,2040,52,166,ES1 5 bat,0.0
mean,2040,52,167,ES1 5 bat,0.0
mean,2050,11,0,ES1 5 bat,-0.014453728303106527
mean,2050,11,1,ES1 5 bat,0.0
mean,2050,11,2,ES1 5 bat,0.0
mean,2050,11,3,ES1 5 bat,0.0
mean,2050,11,4,ES1 5 bat,0.0
mean,2050,11,5,ES1 5 bat,0.0
mean,2050,11,6,ES1 5 bat,0.0
mean,2050,11,7,ES1 5 bat,0.0
mean,2050,11,8,ES1 5 bat,0.0
mean,2050,11,9,ES1 5 bat,0.0
mean,2050,11,10,ES1 5 bat,0.0
mean,2050,11,11,ES1 5 bat,0.0
mean,2050,11,12,ES1 5 bat,0.0
mean,2050,11,13,ES1 5 bat,0.0
mean,2050,11,14,ES1 5 bat,0.0
mean,2050,11,15,ES1 5 bat,0.0
mean,2050,11,16,ES1 5 bat,0.0
mean,2050,11,17,ES1 5 bat,0.0
mean,2050,11,18,ES1 5 bat,0.0
mean,2050,11,19,ES1 5 bat,0.0
mean,2050,11,20,ES1 5 bat,0.0
mean,2050,11,21,ES1 5 bat,0.0
mean,2050,11,22,ES1 5 bat,0.0
mean,2050,11,23,ES1 5 bat,0.0
mean,2050,11,24,ES1 5 bat,0.0
mean,2050,11,25,ES1 5 bat,0.0
mean,2050,11,26,ES1 5 bat,0.0
mean,2050,11,27,ES1 5 bat,0.0
mean,2050,11,28,ES1 5 bat,0.0
mean,2050,11,29,ES1 5 bat,0.0
mean,2050,11,30,ES1 5 bat,0.0
mean,2050,11,31,ES1 5 bat,0.0
mean,2050,11,32,ES1 5 bat,0.0
mean,2050,11,33,ES1 5 bat,0.0
mean,2050,11,34,ES1 5 bat,0.0
mean,2050,11,35,ES1 5 bat,0.0
mean,2050,11,36,ES1 5 bat,0.0
mean,2050,11,37,ES1 5 bat,0.0
mean,2050,11,38,ES1 5 bat,0.0
mean,2050,11,39,ES1 5 bat,0.0
mean,2050,11,40,ES1 5 bat,0.0
mean,2050,11,41,ES1 5 bat,0.0
mean,2050,11,42,ES1 5 bat,0.0
mean,2050,11,43,ES1 5 bat,0.0
mean,2050,11,44,ES1 5 bat,0.0
mean,2050,11,45,ES1 5 bat,0.0
mean,2050,11,46,ES1 5 bat,0.0
mean,2050,11,47,ES1 5 bat,0.0
mean,2050,11,48,ES1 5 bat,0.0
mean,2050,11,49,ES1 5 bat,0.0
mean,2050,11,50,ES1 5 bat,0.0
mean,2050,11,51,ES1 5 bat,0.0
mean,2050,11,52,ES1 5 bat,0.0
mean,2050,11,53,ES1 5 bat,0.0
mean,2050,11,54,ES1 5 bat,0.0
mean,2050,11,55,ES1 5 bat,0.0
mean,2050,11,56,ES1 5 bat,0.0
mean,2050,11,57,ES1 5 bat,0.0
mean,2050,11,58,ES1 5 bat,0.0
mean,2050,11,59,ES1 5 bat,0.0
mean,2050,11,60,ES1 5 bat,0.0
mean,2050,11,61,ES1 5 bat,0.0
mean,2050,11,62,ES1 5 bat,0.0
mean,2050,11,63,ES1 5 bat,0.0
mean,2050,11,64,ES1 5 bat,0.0
mean,2050,11,65,ES1 5 bat,0.0
mean,2050,11,66,ES1 5 bat,0.0
mean,2050,11,67,ES1 5 bat,0.0
mean,2050,11,68,ES1 5 bat,0.0
mean,2050,11,69,ES1 5 bat,0.0
mean,2050,11,70,ES1 5 bat,0.0
mean,2050,11,71,ES1 5 bat,0.0
mean,2050,11,72,ES1 5 bat,0.0
mean,2050,11,73,ES1 5 bat,0.0
mean,2050,11,74,ES1 5 bat,0.0
mean,2050,11,75,ES1 5 bat,0.0
mean,2050,11,76,ES1 5 bat,0.0
mean,2050,11,77,ES1 5 bat,0.0
mean,2050,11,78,ES1 5 bat,0.0
mean,2050,11,79,ES1 5 bat,0.0
mean,2050,11,80,ES1 5 bat,0.0
mean,2050,11,81,ES1 5 bat,0.0
mean,2050,11,82,ES1 5 bat,0.0
mean,2050,11,83,ES1 5 bat,0.0
mean,2050,11,84,ES1 5 bat,0.0
mean,2050,11,85,ES1 5 bat,0.0
mean,2050,11,86,ES1 5 bat,0.0
mean,2050,11,87,ES1 5 bat,0.0
mean,2050,11,88,ES1 5 bat,0.0
mean,2050,11,89,ES1 5 bat,0.0
mean,2050,11,90,ES1 5 bat,0.0
mean,2050,11,91,ES1 5 bat,0.0
mean,2050,11,92,ES1 5 bat,0.0
mean,2050,11,93,ES1 5 bat,0.0
mean,2050,11,94,ES1 5 bat,0.0
mean,2050,11,95,ES1 5 bat,0.0
mean,2050,11,96,ES1 5 bat,0.0
mean,2050,11,97,ES1 5 bat,0.0
mean,2050,11,98,ES1 5 bat,0.0
mean,2050,11,99,ES1 5 bat,0.0
mean,2050,11,100,ES1 5 bat,0.0
mean,2050,11,101,ES1 5 bat,0.0
mean,2050,11,102,ES1 5 bat,0.0
mean,2050,11,103,ES1 5 bat,0.0
mean,2050,11,104,ES1 5 bat,0.0
mean,2050,11,105,ES1 5 bat,0.0
mean,2050,11,106,ES1 5 bat,0.0
mean,2050,11,107,ES1 5 bat,0.0
mean,2050,11,108,ES1 5 bat,0.0
mean,2050,11,109,ES1 5 bat,0.0
mean,2050,11,110,ES1 5 bat,0.0
mean,2050,11,111,ES1 5 bat,0.0
mean,2050,11,112,ES1 5 bat,0.0
mean,2050,11,113,ES1 5 bat,0.0
mean,2050,11,114,ES1 5 bat,0.0
mean,2050,11,115,ES1 5 bat,0.0
mean,2050,11,116,ES1 5 bat,0.0
mean,2050,11,117,ES1 5 bat,0.0
mean,2050,11,118,ES1 5 bat,0.0
mean,2050,11,119,ES1 5 bat,0.0
mean,2050,11,120,ES1 5 bat,0.0
mean,2050,11,121,ES1 5 bat,0.0
mean,2050,11,122,ES1 5 bat,0.0
mean,2050,11,123,ES1 5 bat,0.0
mean,2050,11,124,ES1 5 bat,0.0
mean,2050,11,125,ES1 5 bat,0.0
mean,2050,11,126,ES1 5 bat,0.0
mean,2050,11,127,ES1 5 bat,0.0
mean,2050,11,128,ES1 5 bat,0.0
mean,2050,11,129,ES1 5 bat,0.0
mean,2050,11,130,ES1 5 bat,0.0
mean,2050,11,131,ES1 5 bat,0.0
mean,2050,11,132,ES1 5 bat,0.0
mean,2050,11,133,ES1 5 bat,0.0
mean,2050,11,134,ES1 5 bat,0.0
mean,2050,11,135,ES1 5 bat,0.0
mean,2050,11,136,ES1 5 bat,0.0
mean,2050,11,137,ES1 5 bat,0.0
mean,2050,11,138,ES1 5 bat,0.0
mean,2050,11,139,ES1 5 bat,0.0
mean,2050,11,140,ES1 5 bat,0.0
mean,2050,11,141,ES1 5 bat,0.0
mean,2050,11,142,ES1 5 bat,0.0
mean,2050,11,143,ES1 5 bat,0.0
mean,2050,11,144,ES1 5 bat,0.0
mean,2050,11,145,ES1 5 bat,0.0
mean,2050,11,146,ES1 5 bat,0.0
mean,2050,11,147,ES1 5 bat,0.0
mean,2050,11,148,ES1 5 bat,0.0
mean,2050,11,149,ES1 5 bat,0.0
mean,2050,11,150,ES1 5 bat,0.0
mean,2050,11,151,ES1 5 bat,0.0
mean,2050,11,152,ES1 5 bat,0.0
mean,2050,11,153,ES1 5 bat,0.0
mean,2050,11,154,ES1 5 bat,0.0
mean,2050,11,155,ES1 5 bat,0.0
mean,2050,11,156,ES1 5 bat,0.0
mean,2050,11,157,ES1 5 bat,0.0
mean,2050,11,158,ES1 5 bat,0.0
mean,2050,11,159,ES1 5 bat,0.0
mean,2050,11,160,ES1 5 bat,0.0
mean,2050,11,161,ES1 5 bat,0.0
mean,2050,11,162,ES1 5 bat,0.0
mean,2050,11,163,ES1 5 bat,0.0
mean,2050,11,164,ES1 5 bat,0.0
mean,2050,11,165,ES1 5 bat,0.0
mean,2050,11,166,ES1 5 bat,0.0
mean,2050,11,167,ES1 5 bat,0.0
mean,2050,21,0,ES1 5 bat,-60.76474121998903
mean,2050,21,1,ES1 5 bat,0.0
mean,2050,21,2,ES1 5 bat,0.0
mean,2050,21,3,ES1 5 bat,0.0
mean,2050,21,4,ES1 5 bat,0.0
mean,2050,21,5,ES1 5 bat,0.0
mean,2050,21,6,ES1 5 bat,0.0
mean,2050,21,7,ES1 5 bat,0.0
mean,2050,21,8,ES1 5 bat,0.0
mean,2050,21,9,ES1 5 bat,0.0
mean,2050,21,10,ES1 5 bat,0.0
mean,2050,21,11,ES1 5 bat,0.0
mean,2050,21,12,ES1 5 bat,0.0
mean,2050,21,13,ES1 5 bat,0.0
mean,2050,21,14,ES1 5 bat,0.0
mean,2050,21,15,ES1 5 bat,0.0
mean,2050,21,16,ES1 5 bat,0.0
mean,2050,21,17,ES1 5 bat,0.0
mean,2050,21,18,ES1 5 bat,0.0
mean,2050,21,19,ES1 5 bat,0.0
mean,2050,21,20,ES1 5 bat,0.0
mean,2050,21,21,ES1 5 bat,0.0
mean,2050,21,22,ES1 5 bat,0.0
mean,2050,21,23,ES1 5 bat,0.0
mean,2050,21,24,ES1 5 bat,0.0
mean,2050,21,25,ES1 5 bat,0.0
mean,2050,21,26,ES1 5 bat,0.0
mean,2050,21,27,ES1 5 bat,0.0
mean,2050,21,28,ES1 5 bat,0.0
mean,2050,21,29,ES1 5 bat,0.0
mean,2050,21,30,ES1 5 bat,0.0
mean,2050,21,31,ES1 5 bat,0.0
mean,2050,21,32,ES1 5 bat,0.0
mean,2050,21,33,ES1 5 bat,0.0
mean,2050,21,34,ES1 5 bat,0.0
mean,2050,21,35,ES1 5 bat,0.0
mean,2050,21,36,ES1 5 bat,0.0
mean,2050,21,37,ES1 5 bat,0.0
mean,2050,21,38,ES1 5 bat,0.0
mean,2050,21,39,ES1 5 bat,0.0
mean,2050,21,40,ES1 5 bat,0.0
mean,2050,21,41,ES1 5 bat,0.0
mean,2050,21,42,ES1 5 bat,0.0
mean,2050,21,43,ES1 5 bat,0.0
mean,2050,21,44,ES1 5 bat,0.0
mean,2050,21,45,ES1 5 bat,0.0
mean,2050,21,46,ES1 5 bat,0.0
mean,2050,21,47,ES1 5 bat,0.0
mean,2050,21,48,ES1 5 bat,0.0
mean,2050,21,49,ES1 5 bat,0.0
mean,2050,21,50,ES1 5 bat,0.0
mean,2050,21,51,ES1 5 bat,0.0
mean,2050,21,52,ES1 5 bat,0.0
mean,2050,21,53,ES1 5 bat,0.0
mean,2050,21,54,ES1 5 bat,0.0
mean,2050,21,55,ES1 5 bat,0.0
mean,2050,21,56,ES1 5 bat,0.0
mean,2050,21,57,ES1 5 bat,0.0
mean,2050,21,58,ES1 5 bat,0.0
mean,2050,21,59,ES1 5 bat,0.0
mean,2050,21,60,ES1 5 bat,0.0
mean,2050,21,61,ES1 5 bat,0.0
mean,2050,21,62,ES1 5 bat,0.0
mean,2050,21,63,ES1 5 bat,0.0
mean,2050,21,64,ES1 5 bat,0.0
mean,2050,21,65,ES1 5 bat,0.0
mean,2050,21,66,ES1 5 bat,0.0
mean,2050,21,67,ES1 5 bat,0.0
mean,2050,21,68,ES1 5 bat,0.0
mean,2050,21,69,ES1 5 bat,0.0
mean,2050,21,70,ES1 5 bat,0.0
mean,2050,21,71,ES1 5 bat,0.0
mean,2050,21,72,ES1 5 bat,0.0
mean,2050,21,73,ES1 5 bat,0.0
mean,2050,21,74,ES1 5 bat,0.0
mean,2050,21,75,ES1 5 bat,0.0
mean,2050,21,76,ES1 5 bat,0.0
mean,2050,21,77,ES1 5 bat,0.0
mean,2050,21,78,ES1 5 bat,0.0
mean,2050,21,79,ES1 5 bat,0.0
mean,2050,21,80,ES1 5 bat,0.0
mean,2050,21,81,ES1 5 bat,0.0
mean,2050,21,82,ES1 5 bat,0.0
mean,2050,21,83,ES1 5 bat,0.0
mean,2050,21,84,ES1 5 bat,0.0
mean,2050,21,85,ES1 5 bat,0.0
mean,2050,21,86,ES1 5 bat,0.0
mean,2050,21,87,ES1 5 bat,0.0
mean,2050,21,88,ES1 5 bat,0.0
mean,2050,21,89,ES1 5 bat,0.0
mean,2050,21,90,ES1 5 bat,0.0
mean,2050,21,91,ES1 5 bat,0.0
mean,2050,21,92,ES1 5 bat,0.0
mean,2050,21,93,ES1 5 bat,0.0
mean,2050,21,94,ES1 5 bat,0.0
mean,2050,21,95,ES1 5 bat,0.0
mean,2050,21,96,ES1 5 bat,0.0
mean,2050,21,97,ES1 5 bat,0.0
mean,2050,21,98,ES1 5 bat,0.0
mean,2050,21,99,ES1 5 bat,0.0
mean,2050,21,100,ES1 5 bat,0.0
mean,2050,21,101,ES1 5 bat,0.0
mean,2050,21,102,ES1 5 bat,0.0
mean,2050,21,103,ES1 5 bat,0.0
mean,2050,21,104,ES1 5 bat,0.0
mean,2050,21,105,ES1 5 bat,0.0
mean,2050,21,106,ES1 5 bat,0.0
mean,2050,21,107,ES1 5 bat,0.0
mean,2050,21,108,ES1 5 bat,0.0
mean,2050,21,109,ES1 5 bat,0.0
mean,2050,21,110,ES1 5 bat,0.0
mean,2050,21,111,ES1 5 bat,0.0
mean,2050,21,112,ES1 5 bat,0.0
mean,2050,21,113,ES1 5 bat,0.0
mean,2050,21,114,ES1 5 bat,0.0
mean,2050,21,115,ES1 5 bat,0.0
mean,2050,21,116,ES1 5 bat,0.0
mean,2050,21,117,ES1 5 bat,0.0
mean,2050,21,118,ES1 5 bat,0.0
mean,2050,21,119,ES1 5 bat,0.0
mean,2050,21,120,ES1 5 bat,0.0
mean,2050,21,121,ES1 5 bat,0.0
mean,2050,21,122,ES1 5 bat,0.0
mean,2050,21,123,ES1 5 bat,0.0
mean,2050,21,124,ES1 5 bat,0.0
mean,2050,21,125,ES1 5 bat,0.0
mean,2050,21,126,ES1 5 bat,0.0
mean,2050,21,127,ES1 5 bat,0.0
mean,2050,21,128,ES1 5 bat,0.0
mean,2050,21,129,ES1 5 bat,0.0
mean,2050,21,130,ES1 5 bat,0.0
mean,2050,21,131,ES1 5 bat,0.0
mean,2050,21,132,ES1 5 bat,0.0
mean,2050,21,133,ES1 5 bat,0.0
mean,2050,21,134,ES1 5 bat,0.0
mean,2050,21,135,ES1 5 bat,0.0
mean,2050,21,136,ES1 5 bat,0.0
mean,2050,21,137,ES1 5 bat,0.0
mean,2050,21,138,ES1 5 bat,0.0
mean,2050,21,139,ES1 5 bat,0.0
mean,2050,21,140,ES1 5 bat,0.0
mean,2050,21,141,ES1 5 bat,0.0
mean,2050,21,142,ES1 5 bat,0.0
mean,2050,21,143,ES1 5 bat,0.0
mean,2050,21,144,ES1 5 bat,0.0
mean,2050,21,145,ES1 5 bat,0.0
mean,2050,21,146,ES1 5 bat,0.0
mean,2050,21,147,ES1 5 bat,0.0
mean,2050,21,148,ES1 5 bat,0.0
mean,2050,21,149,ES1 5 bat,0.0
mean,2050,21,150,ES1 5 bat,0.0
mean,2050,21,151,ES1 5 bat,0.0
mean,2050,21,152,ES1 5 bat,0.0
mean,2050,21,153,ES1 5 bat,0.0
mean,2050,21,154,ES1 5 bat,0.0
mean,2050,21,155,ES1 5 bat,0.0
mean,2050,21,156,ES1 5 bat,0.0
mean,2050,21,157,ES1 5 bat,0.0
mean,2050,21,158,ES1 5 bat,0.0
mean,2050,21,159,ES1 5 bat,0.0
mean,2050,21,160,ES1 5 bat,0.0
mean,2050,21,161,ES1 5 bat,0.0
mean,2050,21,162,ES1 5 bat,0.0
mean,2050,21,163,ES1 5 bat,0.0
mean,2050,21,164,ES1 5 bat,0.0
mean,2050,21,165,ES1 5 bat,0.0
mean,2050,21,166,ES1 5 bat,0.0
mean,2050,21,167,ES1 5 bat,0.0
mean,2050,42,0,ES1 5 bat,-60.76474121998903
mean,2050,42,1,ES1 5 bat,0.0
mean,2050,42,2,ES1 5 bat,0.0
mean,2050,42,3,ES1 5 bat,0.0
mean,2050,42,4,ES1 5 bat,0.0
mean,2050,42,5,ES1 5 bat,0.0
mean,2050,42,6,ES1 5 bat,0.0
mean,2050,42,7,ES1 5 bat,0.0
mean,2050,42,8,ES1 5 bat,0.0
mean,2050,42,9,ES1 5 bat,0.0
mean,2050,42,10,ES1 5 bat,0.0
mean,2050,42,11,ES1 5 bat,0.0
mean,2050,42,12,ES1 5 bat,0.0
mean,2050,42,13,ES1 5 bat,0.0
mean,2050,42,14,ES1 5 bat,0.0
mean,2050,42,15,ES1 5 bat,0.0
mean,2050,42,16,ES1 5 bat,0.0
mean,2050,42,17,ES1 5 bat,0.0
mean,2050,42,18,ES1 5 bat,0.0
mean,2050,42,19,ES1 5 bat,0.0
mean,2050,42,20,ES1 5 bat,0.0
mean,2050,42,21,ES1 5 bat,0.0
mean,2050,42,22,ES1 5 bat,0.0
mean,2050,42,23,ES1 5 bat,0.0
mean,2050,42,24,ES1 5 bat,0.0
mean,2050,42,25,ES1 5 bat,0.0
mean,2050,42,26,ES1 5 bat,0.0
mean,2050,42,27,ES1 5 bat,0.0
mean,2050,42,28,ES1 5 bat,0.0
mean,2050,42,29,ES1 5 bat,0.0
mean,2050,42,30,ES1 5 bat,0.0
mean,2050,42,31,ES1 5 bat,0.0
mean,2050,42,32,ES1 5 bat,0.0
mean,2050,42,33,ES1 5 bat,0.0
mean,2050,42,34,ES1 5 bat,0.0
mean,2050,42,35,ES1 5 bat,0.0
mean,2050,42,36,ES1 5 bat,0.0
mean,2050,42,37,ES1 5 bat,0.0
mean,2050,42,38,ES1 5 bat,0.0
mean,2050,42,39,ES1 5 bat,0.0
mean,2050,42,40,ES1 5 bat,0.0
mean,2050,42,41,ES1 5 bat,0.0
mean,2050,42,42,ES1 5 bat,0.0
mean,2050,42,43,ES1 5 bat,0.0
mean,2050,42,44,ES1 5 bat,0.0
mean,2050,42,45,ES1 5 bat,0.0
mean,2050,42,46,ES1 5 bat,0.0
mean,2050,42,47,ES1 5 bat,0.0
mean,2050,42,48,ES1 5 bat,0.0
mean,2050,42,49,ES1 5 bat,0.0
mean,2050,42,50,ES1 5 bat,0.0
mean,2050,42,51,ES1 5 bat,0.0
mean,2050,42,52,ES1 5 bat,0.0
mean,2050,42,53,ES1 5 bat,0.0
mean,2050,42,54,ES1 5 bat,0.0
mean,2050,42,55,ES1 5 bat,0.0
mean,2050,42,56,ES1 5 bat,0.0
mean,2050,42,57,ES1 5 bat,0.0
mean,2050,42,58,ES1 5 bat,0.0
mean,2050,42,59,ES1 5 bat,0.0
mean,2050,42,60,ES1 5 bat,0.0
mean,2050,42,61,ES1 5 bat,0.0
mean,2050,42,62,ES1 5 bat,0.0
mean,2050,42,63,ES1 5 bat,0.0
mean,2050,42,64,ES1 5 bat,0.0
mean,2050,42,65,ES1 5 bat,0.0
mean,2050,42,66,ES1 5 bat,0.0
mean,2050,42,67,ES1 5 bat,0.0
mean,2050,42,68,ES1 5 bat,0.0
mean,2050,42,69,ES1 5 bat,0.0
mean,2050,42,70,ES1 5 bat,0.0
mean,2050,42,71,ES1 5 bat,0.0
mean,2050,42,72,ES1 5 bat,0.0
mean,2050,42,73,ES1 5 bat,0.0
mean,2050,42,74,ES1 5 bat,0.0
mean,2050,42,75,ES1 5 bat,0.0
mean,2050,42,76,ES1 5 bat,0.0
mean,2050,42,77,ES1 5 bat,0.0
mean,2050,42,78,ES1 5 bat,0.0
mean,2050,42,79,ES1 5 bat,0.0
mean,2050,42,80,ES1 5 bat,0.0
mean,2050,42,81,ES1 5 bat,0.0
mean,2050,42,82,ES1 5 bat,0.0
mean,2050,42,83,ES1 5 bat,0.0
mean,2050,42,84,ES1 5 bat,0.0
mean,2050,42,85,ES1 5 bat,0.0
mean,2050,42,86,ES1 5 bat,0.0
mean,2050,42,87,ES1 5 bat,0.0
mean,2050,42,88,ES1 5 bat,0.0
mean,2050,42,89,ES1 5 bat,0.0
mean,2050,42,90,ES1 5 bat,0.0
mean,2050,42,91,ES1 5 bat,0.0
mean,2050,42,92,ES1 5 bat,0.0
mean,2050,42,93,ES1 5 bat,0.0
mean,2050,42,94,ES1 5 bat,0.0
mean,2050,42,95,ES1 5 bat,0.0
mean,2050,42,96,ES1 5 bat,0.0
mean,2050,42,97,ES1 5 bat,0.0
mean,2050,42,98,ES1 5 bat,0.0
mean,2050,42,99,ES1 5 bat,0.0
mean,2050,42,100,ES1 5 bat,0.0
mean,2050,42,101,ES1 5 bat,0.0
mean,2050,42,102,ES1 5 bat,0.0
mean,2050,42,103,ES1 5 bat,0.0
mean,2050,42,104,ES1 5 bat,0.0
mean,2050,42,105,ES1 5 bat,0.0
mean,2050,42,106,ES1 5 bat,0.0
mean,2050,42,107,ES1 5 bat,0.0
mean,2050,42,108,ES1 5 bat,0.0
mean,2050,42,109,ES1 5 bat,0.0
mean,2050,42,110,ES1 5 bat,0.0
mean,2050,42,111,ES1 5 bat,0.0
mean,2050,42,112,ES1 5 bat,0.0
mean,2050,42,113,ES1 5 bat,0.0
mean,2050,42,114,ES1 5 bat,0.0
mean,2050,42,115,ES1 5 bat,0.0
mean,2050,42,116,ES1 5 bat,0.0
mean,2050,42,117,ES1 5 bat,0.0
mean,2050,42,118,ES1 5 bat,0.0
mean,2050,42,119,ES1 5 bat,0.0
mean,2050,42,120,ES1 5 bat,0.0
mean,2050,42,121,ES1 5 bat,0.0
mean,2050,42,122,ES1 5 bat,0.0
mean,2050,42,123,ES1 5 bat,0.0
mean,2050,42,124,ES1 5 bat,0.0
mean,2050,42,125,ES1 5 bat,0.0
mean,2050,42,126,ES1 5 bat,0.0
mean,2050,42,127,ES1 5 bat,0.0
mean,2050,42,128,ES1 5 bat,0.0
mean,2050,42,129,ES1 5 bat,0.0
mean,2050,42,130,ES1 5 bat,0.0
mean,2050,42,131,ES1 5 bat,0.0
mean,2050,42,132,ES1 5 bat,0.0
mean,2050,42,133,ES1 5 bat,0.0
mean,2050,42,134,ES1 5 bat,0.0
mean,2050,42,135,ES1 5 bat,0.0
mean,2050,42,136,ES1 5 bat,0.0
mean,2050,42,137,ES1 5 bat,0.0
mean,2050,42,138,ES1 5 bat,0.0
mean,2050,42,139,ES1 5 bat,0.0
mean,2050,42,140,ES1 5 bat,0.0
mean,2050,42,141,ES1 5 bat,0.0
mean,2050,42,142,ES1 5 bat,0.0
mean,2050,42,143,ES1 5 bat,0.0
mean,2050,42,144,ES1 5 bat,0.0
mean,2050,42,145,ES1 5 bat,0.0
mean,2050,42,146,ES1 5 bat,0.0
mean,2050,42,147,ES1 5 bat,0.0
mean,2050,42,148,ES1 5 bat,0.0
mean,2050,42,149,ES1 5 bat,0.0
mean,2050,42,150,ES1 5 bat,0.0
mean,2050,42,151,ES1 5 bat,0.0
mean,2050,42,152,ES1 5 bat,0.0
mean,2050,42,153,ES1 5 bat,0.0
mean,2050,42,154,ES1 5 bat,0.0
mean,2050,42,155,ES1 5 bat,0.0
mean,2050,42,156,ES1 5 bat,0.0
mean,2050,42,157,ES1 5 bat,0.0
mean,2050,42,158,ES1 5 bat,0.0
mean,2050,42,159,ES1 5 bat,0.0
mean,2050,42,160,ES1 5 bat,0.0
mean,2050,42,161,ES1 5 bat,0.0
mean,2050,42,162,ES1 5 bat,0.0
mean,2050,42,163,ES1 5 bat,0.0
mean,2050,42,164,ES1 5 bat,0.0
mean,2050,42,165,ES1 5 bat,0.0
mean,2050,42,166,ES1 5 bat,0.0
mean,2050,42,167,ES1 5 bat,0.0
mean,2050,52,0,ES1 5 bat,-59.96266944166728
mean,2050,52,1,ES1 5 bat,0.0
mean,2050,52,2,ES1 5 bat,0.0
mean,2050,52,3,ES1 5 bat,0.0
mean,2050,52,4,ES1 5 bat,0.0
mean,2050,52,5,ES1 5 bat,0.0
mean,2050,52,6,ES1 5 bat,0.0
mean,2050,52,7,ES1 5 bat,0.0
mean,2050,52,8,ES1 5 bat,0.0
mean,2050,52,9,ES1 5 bat,0.0
mean,2050,52,10,ES1 5 bat,0.0
mean,2050,52,11,ES1 5 bat,0.0
mean,2050,52,12,ES1 5 bat,0.0
mean,2050,52,13,ES1 5 bat,0.0
mean,2050,52,14,ES1 5 bat,0.0
mean,2050,52,15,ES1 5 bat,0.0
mean,2050,52,16,ES1 5 bat,0.0
mean,2050,52,17,ES1 5 bat,0.0
mean,2050,52,18,ES1 5 bat,0.0
mean,2050,52,19,ES1 5 bat,0.0
mean,2050,52,20,ES1 5 bat,0.0
mean,2050,52,21,ES1 5 bat,0.0
mean,2050,52,22,ES1 5 bat,0.0
mean,2050,52,23,ES1 5 bat,0.0
mean,2050,52,24,ES1 5 bat,0.0
mean,2050,52,25,ES1 5 bat,0.0
mean,2050,52,26,ES1 5 bat,0.0
mean,2050,52,27,ES1 5 bat,0.0
mean,2050,52,28,ES1 5 bat,0.0
mean,2050,52,29,ES1 5 bat,0.0
mean,2050,52,30,ES1 5 bat,0.0
mean,2050,52,31,ES1 5 bat,0.0
mean,2050,52,32,ES1 5 bat,0.0
mean,2050,52,33,ES1 5 bat,0.0
mean,2050,52,34,ES1 5 bat,0.0
mean,2050,52,35,ES1 5 bat,0.0
mean,2050,52,36,ES1 5 bat,0.0
mean,2050,52,37,ES1 5 bat,0.0
mean,2050,52,38,ES1 5 bat,0.0
mean,2050,52,39,ES1 5 bat,0.0
mean,2050,52,40,ES1 5 bat,0.0
mean,2050,52,41,ES1 5 bat,0.0
mean,2050,52,42,ES1 5 bat,0.0
mean,2050,52,43,ES1 5 bat,0.0
mean,2050,52,44,ES1 5 bat,0.0
mean,2050,52,45,ES1 5 bat,0.0
mean,2050,52,46,ES1 5 bat,0.0
mean,2050,52,47,ES1 5 bat,0.0
mean,2050,52,48,ES1 5 bat,0.0
mean,2050,52,49,ES1 5 bat,0.0
mean,2050,52,50,ES1 5 bat,0.0
mean,2050,52,51,ES1 5 bat,0.0
mean,2050,52,52,ES1 5 bat,0.0
mean,2050,52,53,ES1 5 bat,0.0
mean,2050,52,54,ES1 5 bat,0.0
mean,2050,52,55,ES1 5 bat,0.0
mean,2050,52,56,ES1 5 bat,0.0
mean,2050,52,57,ES1 5 bat,0.0
mean,2050,52,58,ES1 5 bat,0.0
mean,2050,52,59,ES1 5 bat,0.0
mean,2050,52,60,ES1 5 bat,0.0
mean,2050,52,61,ES1 5 bat,0.0
mean,2050,52,62,ES1 5 bat,0.0
mean,2050,52,63,ES1 5 bat,0.0
mean,2050,52,64,ES1 5 bat,0.0
mean,2050,52,65,ES1 5 bat,0.0
mean,2050,52,66,ES1 5 bat,0.0
mean,2050,52,67,ES1 5 bat,0.0
mean,2050,52,68,ES1 5 bat,0.0
mean,2050,52,69,ES1 5 bat,0.0
mean,2050,52,70,ES1 5 bat,0.0
mean,2050,52,71,ES1 5 bat,0.0
mean,2050,52,72,ES1 5 bat,0.0
mean,2050,52,73,ES1 5 bat,0.0
mean,2050,52,74,ES1 5 bat,0.0
mean,2050,52,75,ES1 5 bat,0.0
mean,2050,52,76,ES1 5 bat,0.0
mean,2050,52,77,ES1 5 bat,0.0
mean,2050,52,78,ES1 5 bat,0.0
mean,2050,52,79,ES1 5 bat,0.0
mean,2050,52,80,ES1 5 bat,0.0
mean,2050,52,81,ES1 5 bat,0.0
mean,2050,52,82,ES1 5 bat,0.0
mean,2050,52,83,ES1 5 bat,0.0
mean,2050,52,84,ES1 5 bat,0.0
mean,2050,52,85,ES1 5 bat,0.0
mean,2050,52,86,ES1 5 bat,0.0
mean,2050,52,87,ES1 5 bat,0.0
mean,2050,52,88,ES1 5 bat,0.0
mean,2050,52,89,ES1 5 bat,0.0
mean,2050,52,90,ES1 5 bat,0.0
mean,2050,52,91,ES1 5 bat,0.0
mean,2050,52,92,ES1 5 bat,0.0
mean,2050,52,93,ES1 5 bat,0.0
mean,2050,52,94,ES1 5 bat,0.0
mean,2050,52,95,ES1 5 bat,0.0
mean,2050,52,96,ES1 5 bat,0.0
mean,2050,52,97,ES1 5 bat,0.0
mean,2050,52,98,ES1 5 bat,0.0
mean,2050,52,99,ES1 5 bat,0.0
mean,2050,52,100,ES1 5 bat,0.0
mean,2050,52,101,ES1 5 bat,0.0
mean,2050,52,102,ES1 5 bat,0.0
mean,2050,52,103,ES1 5 bat,0.0
mean,2050,52,104,ES1 5 bat,0.0
mean,2050,52,105,ES1 5 bat,0.0
mean,2050,52,106,ES1 5 bat,0.0
mean,2050,52,107,ES1 5 bat,0.0
mean,2050,52,108,ES1 5 bat,0.0
mean,2050,52,109,ES1 5 bat,0.0
mean,2050,52,110,ES1 5 bat,0.0
mean,2050,52,111,ES1 5 bat,0.0
mean,2050,52,112,ES1 5 bat,0.0
mean,2050,52,113,ES1 5 bat,0.0
mean,2050,52,114,ES1 5 bat,0.0
mean,2050,52,115,ES1 5 bat,0.0
mean,2050,52,116,ES1 5 bat,0.0
mean,2050,52,117,ES1 5 bat,0.0
mean,2050,52,118,ES1 5 bat,0.0
mean,2050,52,119,ES1 5 bat,0.0
mean,2050,52,120,ES1 5 bat,0.0
mean,2050,52,121,ES1 5 bat,0.0
mean,2050,52,122,ES1 5 bat,0.0
mean,2050,52,123,ES1 5 bat,0.0
mean,2050,52,124,ES1 5 bat,0.0
mean,2050,52,125,ES1 5 bat,0.0
mean,2050,52,126,ES1 5 bat,0.0
mean,2050,52,127,ES1 5 bat,0.0
mean,2050,52,128,ES1 5 bat,0.0
mean,2050,52,129,ES1 5 bat,0.0
mean,2050,52,130,ES1 5 bat,0.0
mean,2050,52,131,ES1 5 bat,0.0
mean,2050,52,132,ES1 5 bat,0.0
mean,2050,52,133,ES1 5 bat,0.0
mean,2050,52,134,ES1 5 bat,0.0
mean,2050,52,135,ES1 5 bat,0.0
mean,2050,52,136,ES1 5 bat,0.0
mean,2050,52,137,ES1 5 bat,0.0
mean,2050,52,138,ES1 5 bat,0.0
mean,2050,52,139,ES1 5 bat,0.0
mean,2050,52,140,ES1 5 bat,0.0
mean,2050,52,141,ES1 5 bat,0.0
mean,2050,52,142,ES1 5 bat,0.0
mean,2050,52,143,ES1 5 bat,0.0
mean,2050,52,144,ES1 5 bat,0.0
mean,2050,52,145,ES1 5 bat,0.0
mean,2050,52,146,ES1 5 bat,0.0
mean,2050,52,147,ES1 5 bat,0.0
mean,2050,52,148,ES1 5 bat,0.0
mean,2050,52,149,ES1 5 bat,0.0
mean,2050,52,150,ES1 5 bat,0.0
mean,2050,52,151,ES1 5 bat,0.0
mean,2050,52,152,ES1 5 bat,0.0
mean,2050,52,153,ES1 5 bat,0.0
mean,2050,52,154,ES1 5 bat,0.0
mean,2050,52,155,ES1 5 bat,0.0
mean,2050,52,156,ES1 5 bat,0.0
mean,2050,52,157,ES1 5 bat,0.0
mean,2050,52,158,ES1 5 bat,0.0
mean,2050,52,159,ES1 5 bat,0.0
mean,2050,52,160,ES1 5 bat,0.0
mean,2050,52,161,ES1 5 bat,0.0
mean,2050,52,162,ES1 5 bat,0.0
mean,2050,52,163,ES1 5 bat,0.0
mean,2050,52,164,ES1 5 bat,0.0
mean,2050,52,165,ES1 5 bat,0.0
mean,2050,52,166,ES1 5 bat,0.0
mean,2050,52,167,ES1 5 bat,0.0
mean,2025,11,0,ES1 6 bat,-0.014727782542382353
mean,2025,11,1,ES1 6 bat,0.0
mean,2025,11,2,ES1 6 bat,0.0
mean,2025,11,3,ES1 6 bat,0.0
mean,2025,11,4,ES1 6 bat,0.0
mean,2025,11,5,ES1 6 bat,0.0
mean,2025,11,6,ES1 6 bat,0.0
mean,2025,11,7,ES1 6 bat,0.0
mean,2025,11,8,ES1 6 bat,0.0
mean,2025,11,9,ES1 6 bat,0.0
mean,2025,11,10,ES1 6 bat,0.0
mean,2025,11,11,ES1 6 bat,0.0
mean,2025,11,12,ES1 6 bat,0.0
mean,2025,11,13,ES1 6 bat,0.0
mean,2025,11,14,ES1 6 bat,0.0
mean,2025,11,15,ES1 6 bat,0.0
mean,2025,11,16,ES1 6 bat,0.0
mean,2025,11,17,ES1 6 bat,0.0
mean,2025,11,18,ES1 6 bat,0.0
mean,2025,11,19,ES1 6 bat,0.0
mean,2025,11,20,ES1 6 bat,0.0
mean,2025,11,21,ES1 6 bat,0.0
mean,2025,11,22,ES1 6 bat,0.0
mean,2025,11,23,ES1 6 bat,0.0
mean,2025,11,24,ES1 6 bat,0.0
mean,2025,11,25,ES1 6 bat,0.0
mean,2025,11,26,ES1 6 bat,0.0
mean,2025,11,27,ES1 6 bat,0.0
mean,2025,11,28,ES1 6 bat,0.0
mean,2025,11,29,ES1 6 bat,0.0
mean,2025,11,30,ES1 6 bat,0.0
mean,2025,11,31,ES1 6 bat,-61.115075201718525
mean,2025,11,32,ES1 6 bat,0.0
mean,2025,11,33,ES1 6 bat,0.0
mean,2025,11,34,ES1 6 bat,0.0
mean,2025,11,35,ES1 6 bat,0.0
mean,2025,11,36,ES1 6 bat,0.0
mean,2025,11,37,ES1 6 bat,0.0
mean,2025,11,38,ES1 6 bat,0.0
mean,2025,11,39,ES1 6 bat,0.0
mean,2025,11,40,ES1 6 bat,0.0
mean,2025,11,41,ES1 6 bat,0.0
mean,2025,11,42,ES1 6 bat,0.0
mean,2025,11,43,ES1 6 bat,-0.20471725883621916
mean,2025,11,44,ES1 6 bat,0.0
mean,2025,11,45,ES1 6 bat,0.0
mean,2025,11,46,ES1 6 bat,0.0
mean,2025,11,47,ES1 6 bat,0.0
mean,2025,11,48,ES1 6 bat,0.0
mean,2025,11,49,ES1 6 bat,0.0
mean,2025,11,50,ES1 6 bat,0.0
mean,2025,11,51,ES1 6 bat,0.0
mean,2025,11,52,ES1 6 bat,0.0
mean,2025,11,53,ES1 6 bat,0.0
mean,2025,11,54,ES1 6 bat,0.0
mean,2025,11,55,ES1 6 bat,0.0
mean,2025,11,56,ES1 6 bat,0.0
mean,2025,11,57,ES1 6 bat,0.0
mean,2025,11,58,ES1 6 bat,0.0
mean,2025,11,59,ES1 6 bat,0.0
mean,2025,11,60,ES1 6 bat,0.0
mean,2025,11,61,ES1 6 bat,0.0
mean,2025,11,62,ES1 6 bat,0.0
mean,2025,11,63,ES1 6 bat,0.0
mean,2025,11,64,ES1 6 bat,0.0
mean,2025,11,65,ES1 6 bat,0.0
mean,2025,11,66,ES1 6 bat,0.0
mean,2025,11,67,ES1 6 bat,0.0
mean,2025,11,68,ES1 6 bat,0.0
mean,2025,11,69,ES1 6 bat,0.0
mean,2025,11,70,ES1 6 bat,0.0
mean,2025,11,71,ES1 6 bat,0.0
mean,2025,11,72,ES1 6 bat,0.0
mean,2025,11,73,ES1 6 bat,0.0
mean,2025,11,74,ES1 6 bat,0.0
mean,2025,11,75,ES1 6 bat,0.0
mean,2025,11,76,ES1 6 bat,0.0
mean,2025,11,77,ES1 6 bat,0.0
mean,2025,11,78,ES1 6 bat,0.0
mean,2025,11,79,ES1 6 bat,-59.81813963072837
mean,2025,11,80,ES1 6 bat,0.0
mean,2025,11,81,ES1 6 bat,0.0
mean,2025,11,82,ES1 6 bat,0.0
mean,2025,11,83,ES1 6 bat,0.0
mean,2025,11,84,ES1 6 bat,0.0
mean,2025,11,85,ES1 6 bat,0.0
mean,2025,11,86,ES1 6 bat,0.0
mean,2025,11,87,ES1 6 bat,0.0
mean,2025,11,88,ES1 6 bat,0.0
mean,2025,11,89,ES1 6 bat,0.0
mean,2025,11,90,ES1 6 bat,0.0
mean,2025,11,91,ES1 6 bat,0.0
mean,2025,11,92,ES1 6 bat,0.0
mean,2025,11,93,ES1 6 bat,0.0
mean,2025,11,94,ES1 6 bat,0.0
mean,2025,11,95,ES1 6 bat,0.0
mean,2025,11,96,ES1 6 bat,0.0
mean,2025,11,97,ES1 6 bat,0.0
mean,2025,11,98,ES1 6 bat,0.0
mean,2025,11,99,ES1 6 bat,0.0
mean,2025,11,100,ES1 6 bat,0.0
mean,2025,11,101,ES1 6 bat,0.0
mean,2025,11,102,ES1 6 bat,-0.002564070157722485
mean,2025,11,103,ES1 6 bat,0.0
mean,2025,11,104,ES1 6 bat,0.0
mean,2025,11,105,ES1 6 bat,0.0
mean,2025,11,106,ES1 6 bat,0.0
mean,2025,11,107,ES1 6 bat,0.0
mean,2025,11,108,ES1 6 bat,0.0
mean,2025,11,109,ES1 6 bat,0.0
mean,2025,11,110,ES1 6 bat,0.0
mean,2025,11,111,ES1 6 bat,0.0
mean,2025,11,112,ES1 6 bat,0.0
mean,2025,11,113,ES1 6 bat,0.0
mean,2025,11,114,ES1 6 bat,0.0
mean,2025,11,115,ES1 6 bat,-3.3625834793448557
mean,2025,11,116,ES1 6 bat,0.0
mean,2025,11,117,ES1 6 bat,0.0
mean,2025,11,118,ES1 6 bat,0.0
mean,2025,11,119,ES1 6 bat,0.0
mean,2025,11,120,ES1 6 bat,0.0
mean,2025,11,121,ES1 6 bat,0.0
mean,2025,11,122,ES1 6 bat,0.0
mean,2025,11,123,ES1 6 bat,0.0
mean,2025,11,124,ES1 6 bat,0.0
mean,2025,11,125,ES1 6 bat,0.0
mean,2025,11,126,ES1 6 bat,0.0
mean,2025,11,127,ES1 6 bat,0.0
mean,2025,11,128,ES1 6 bat,0.0
mean,2025,11,129,ES1 6 bat,0.0
mean,2025,11,130,ES1 6 bat,0.0
mean,2025,11,131,ES1 6 bat,0.0
mean,2025,11,132,ES1 6 bat,0.0
mean,2025,11,133,ES1 6 bat,0.0
mean,2025,11,134,ES1 6 bat,0.0
mean,2025,11,135,ES1 6 bat,0.0
mean,2025,11,136,ES1 6 bat,0.0
mean,2025,11,137,ES1 6 bat,0.0
mean,2025,11,138,ES1 6 bat,0.0
mean,2025,11,139,ES1 6 bat,0.0
mean,2025,11,140,ES1 6 bat,-0.2810935089098689
mean,2025,11,141,ES1 6 bat,0.0
mean,2025,11,142,ES1 6 bat,0.0
mean,2025,11,143,ES1 6 bat,0.0
mean,2025,11,144,ES1 6 bat,0.0
mean,2025,11,145,ES1 6 bat,0.0
mean,2025,11,146,ES1 6 bat,0.0
mean,2025,11,147,ES1 6 bat,0.0
mean,2025,11,148,ES1 6 bat,0.0
mean,2025,11,149,ES1 6 bat,0.0
mean,2025,11,150,ES1 6 bat,0.0
mean,2025,11,151,ES1 6 bat,0.0
mean,2025,11,152,ES1 6 bat,0.0
mean,2025,11,153,ES1 6 bat,0.0
mean,2025,11,154,ES1 6 bat,0.0
mean,2025,11,155,ES1 6 bat,0.0
mean,2025,11,156,ES1 6 bat,0.0
mean,2025,11,157,ES1 6 bat,0.0
mean,2025,11,158,ES1 6 bat,0.0
mean,2025,11,159,ES1 6 bat,0.0
mean,2025,11,160,ES1 6 bat,0.0
mean,2025,11,161,ES1 6 bat,0.0
mean,2025,11,162,ES1 6 bat,-0.0025483407072050333
mean,2025,11,163,ES1 6 bat,0.0
mean,2025,11,164,ES1 6 bat,0.0
mean,2025,11,165,ES1 6 bat,0.0
mean,2025,11,166,ES1 6 bat,0.0
mean,2025,11,167,ES1 6 bat,0.0
mean,2025,21,0,ES1 6 bat,-62.47018937914696
mean,2025,21,1,ES1 6 bat,0.0
mean,2025,21,2,ES1 6 bat,0.0
mean,2025,21,3,ES1 6 bat,0.0
mean,2025,21,4,ES1 6 bat,0.0
mean,2025,21,5,ES1 6 bat,0.0
mean,2025,21,6,ES1 6 bat,0.0
mean,2025,21,7,ES1 6 bat,0.0
mean,2025,21,8,ES1 6 bat,0.0
mean,2025,21,9,ES1 6 bat,0.0
mean,2025,21,10,ES1 6 bat,0.0
mean,2025,21,11,ES1 6 bat,0.0
mean,2025,21,12,ES1 6 bat,0.0
mean,2025,21,13,ES1 6 bat,0.0
mean,2025,21,14,ES1 6 bat,0.0
mean,2025,21,15,ES1 6 bat,0.0
mean,2025,21,16,ES1 6 bat,0.0
mean,2025,21,17,ES1 6 bat,0.0
mean,2025,21,18,ES1 6 bat,0.0
mean,2025,21,19,ES1 6 bat,0.0
mean,2025,21,20,ES1 6 bat,0.0
mean,2025,21,21,ES1 6 bat,0.0
mean,2025,21,22,ES1 6 bat,0.0
mean,2025,21,23,ES1 6 bat,0.0
mean,2025,21,24,ES1 6 bat,0.0
mean,2025,21,25,ES1 6 bat,0.0
mean,2025,21,26,ES1 6 bat,0.0
mean,2025,21,27,ES1 6 bat,0.0
mean,2025,21,28,ES1 6 bat,0.0
mean,2025,21,29,ES1 6 bat,0.0
mean,2025,21,30,ES1 6 bat,0.0
mean,2025,21,31,ES1 6 bat,0.0
mean,2025,21,32,ES1 6 bat,0.0
mean,2025,21,33,ES1 6 bat,0.0
mean,2025,21,34,ES1 6 bat,0.0
mean,2025,21,35,ES1 6 bat,0.0
mean,2025,21,36,ES1 6 bat,0.0
mean,2025,21,37,ES1 6 bat,0.0
mean,2025,21,38,ES1 6 bat,0.0
mean,2025,21,39,ES1 6 bat,0.0
mean,2025,21,40,ES1 6 bat,0.0
mean,2025,21,41,ES1 6 bat,0.0
mean,2025,21,42,ES1 6 bat,0.0
mean,2025,21,43,ES1 6 bat,0.0
mean,2025,21,44,ES1 6 bat,0.0
mean,2025,21,45,ES1 6 bat,0.0
mean,2025,21,46,ES1 6 bat,0.0
mean,2025,21,47,ES1 6 bat,0.0
mean,2025,21,48,ES1 6 bat,0.0
mean,2025,21,49,ES1 6 bat,0.0
mean,2025,21,50,ES1 6 bat,0.0
mean,2025,21,51,ES1 6 bat,0.0
mean,2025,21,52,ES1 6 bat,0.0
mean,2025,21,53,ES1 6 bat,0.0
mean,2025,21,54,ES1 6 bat,0.0
mean,2025,21,55,ES1 6 bat,0.0
mean,2025,21,56,ES1 6 bat,0.0
mean,2025,21,57,ES1 6 bat,0.0
mean,2025,21,58,ES1 6 bat,0.0
mean,2025,21,59,ES1 6 bat,0.0
mean,2025,21,60,ES1 6 bat,0.0
mean,2025,21,61,ES1 6 bat,0.0
mean,2025,21,62,ES1 6 bat,0.0
mean,2025,21,63,ES1 6 bat,0.0
mean,2025,21,64,ES1 6 bat,0.0
mean,2025,21,65,ES1 6 bat,0.0
mean,2025,21,66,ES1 6 bat,0.0
mean,2025,21,67,ES1 6 bat,-60.241596928843855
mean,2025,21,68,ES1 6 bat,0.0
mean,2025,21,69,ES1 6 bat,0.0
mean,2025,21,70,ES1 6 bat,0.0
mean,2025,21,71,ES1 6 bat,0.0
mean,2025,21,72,ES1 6 bat,0.0
mean,2025,21,73,ES1 6 bat,0.0
mean,2025,21,74,ES1 6 bat,0.0
mean,2025,21,75,ES1 6 bat,0.0
mean,2025,21,76,ES1 6 bat,0.0
mean,2025,21,77,ES1 6 bat,-0.0025483407072050333
mean,2025,21,78,ES1 6 bat,0.0
mean,2025,21,79,ES1 6 bat,0.0
mean,2025,21,80,ES1 6 bat,0.0
mean,2025,21,81,ES1 6 bat,0.0
mean,2025,21,82,ES1 6 bat,0.0
mean,2025,21,83,ES1 6 bat,0.0
mean,2025,21,84,ES1 6 bat,0.0
mean,2025,21,85,ES1 6 bat,0.0
mean,2025,21,86,ES1 6 bat,0.0
mean,2025,21,87,ES1 6 bat,0.0
mean,2025,21,88,ES1 6 bat,0.0
mean,2025,21,89,ES1 6 bat,0.0
mean,2025,21,90,ES1 6 bat,0.0
mean,2025,21,91,ES1 6 bat,0.0
mean,2025,21,92,ES1 6 bat,0.0
mean,2025,21,93,ES1 6 bat,0.0
mean,2025,21,94,ES1 6 bat,0.0
mean,2025,21,95,ES1 6 bat,0.0
mean,2025,21,96,ES1 6 bat,0.0
mean,2025,21,97,ES1 6 bat,0.0
mean,2025,21,98,ES1 6 bat,0.0
mean,2025,21,99,ES1 6 bat,0.0
mean,2025,21,100,ES1 6 bat,0.0
mean,2025,21,101,ES1 6 bat,0.0
mean,2025,21,102,ES1 6 bat,-0.37222889197715653
mean,2025,21,103,ES1 6 bat,0.0
mean,2025,21,104,ES1 6 bat,0.0
mean,2025,21,105,ES1 6 bat,0.0
mean,2025,21,106,ES1 6 bat,0.0
mean,2025,21,107,ES1 6 bat,0.0
mean,2025,21,108,ES1 6 bat,0.0
mean,2025,21,109,ES1 6 bat,0.0
mean,2025,21,110,ES1 6 bat,0.0
mean,2025,21,111,ES1 6 bat,0.0
mean,2025,21,112,ES1 6 bat,0.0
mean,2025,21,113,ES1 6 bat,0.0
mean,2025,21,114,ES1 6 bat,0.0
mean,2025,21,115,ES1 6 bat,0.0
mean,2025,21,116,ES1 6 bat,0.0
mean,2025,21,117,ES1 6 bat,0.0
mean,2025,21,118,ES1 6 bat,0.0
mean,2025,21,119,ES1 6 bat,0.0
mean,2025,21,120,ES1 6 bat,0.0
mean,2025,21,121,ES1 6 bat,0.0
mean,2025,21,122,ES1 6 bat,0.0
mean,2025,21,123,ES1 6 bat,0.0
mean,2025,21,124,ES1 6 bat,0.0
mean,2025,21,125,ES1 6 bat,0.0
mean,2025,21,126,ES1 6 bat,0.0
mean,2025,21,127,ES1 6 bat,0.0
mean,2025,21,128,ES1 6 bat,0.0
mean,2025,21,129,ES1 6 bat,0.0
mean,2025,21,130,ES1 6 bat,0.0
mean,2025,21,131,ES1 6 bat,0.0
mean,2025,21,132,ES1 6 bat,0.0
mean,2025,21,133,ES1 6 bat,0.0
mean,2025,21,134,ES1 6 bat,0.0
mean,2025,21,135,ES1 6 bat,0.0
mean,2025,21,136,ES1 6 bat,0.0
mean,2025,21,137,ES1 6 bat,0.0
mean,2025,21,138,ES1 6 bat,0.0
mean,2025,21,139,ES1 6 bat,0.0
mean,2025,21,140,ES1 6 bat,0.0
mean,2025,21,141,ES1 6 bat,0.0
mean,2025,21,142,ES1 6 bat,-0.002564070157722485
mean,2025,21,143,ES1 6 bat,0.0
mean,2025,21,144,ES1 6 bat,0.0
mean,2025,21,145,ES1 6 bat,0.0
mean,2025,21,146,ES1 6 bat,0.0
mean,2025,21,147,ES1 6 bat,0.0
mean,2025,21,148,ES1 6 bat,0.0
mean,2025,21,149,ES1 6 bat,0.0
mean,2025,21,150,ES1 6 bat,0.0
mean,2025,21,151,ES1 6 bat,0.0
mean,2025,21,152,ES1 6 bat,0.0
mean,2025,21,153,ES1 6 bat,0.0
mean,2025,21,154,ES1 6 bat,0.0
mean,2025,21,155,ES1 6 bat,0.0
mean,2025,21,156,ES1 6 bat,0.0
mean,2025,21,157,ES1 6 bat,0.0
mean,2025,21,158,ES1 6 bat,0.0
mean,2025,21,159,ES1 6 bat,0.0
mean,2025,21,160,ES1 6 bat,0.0
mean,2025,21,161,ES1 6 bat,0.0
mean,2025,21,162,ES1 6 bat,0.0
mean,2025,21,163,ES1 6 bat,0.0
mean,2025,21,164,ES1 6 bat,0.0
mean,2025,21,165,ES1 6 bat,0.0
mean,2025,21,166,ES1 6 bat,0.0
mean,2025,21,167,ES1 6 bat,0.0
mean,2025,42,0,ES1 6 bat,-63.02491408220876
mean,2025,42,1,ES1 6 bat,0.0
mean,2025,42,2,ES1 6 bat,0.0
mean,2025,42,3,ES1 6 bat,0.0
mean,2025,42,4,ES1 6 bat,0.0
mean,2025,42,5,ES1 6 bat,0.0
mean,2025,42,6,ES1 6 bat,0.0
mean,2025,42,7,ES1 6 bat,0.0
mean,2025,42,8,ES1 6 bat,0.0
mean,2025,42,9,ES1 6 bat,0.0
mean,2025,42,10,ES1 6 bat,0.0
mean,2025,42,11,ES1 6 bat,0.0
mean,2025,42,12,ES1 6 bat,0.0
mean,2025,42,13,ES1 6 bat,0.0
mean,2025,42,14,ES1 6 bat,0.0
mean,2025,42,15,ES1 6 bat,0.0
mean,2025,42,16,ES1 6 bat,0.0
mean,2025,42,17,ES1 6 bat,0.0
mean,2025,42,18,ES1 6 bat,-1.2052250438816134
mean,2025,42,19,ES1 6 bat,0.0
mean,2025,42,20,ES1 6 bat,0.0
mean,2025,42,21,ES1 6 bat,0.0
mean,2025,42,22,ES1 6 bat,0.0
mean,2025,42,23,ES1 6 bat,0.0
mean,2025,42,24,ES1 6 bat,0.0
mean,2025,42,25,ES1 6 bat,0.0
mean,2025,42,26,ES1 6 bat,0.0
mean,2025,42,27,ES1 6 bat,0.0
mean,2025,42,28,ES1 6 bat,0.0
mean,2025,42,29,ES1 6 bat,0.0
mean,2025,42,30,ES1 6 bat,0.0
mean,2025,42,31,ES1 6 bat,0.0
mean,2025,42,32,ES1 6 bat,0.0
mean,2025,42,33,ES1 6 bat,0.0
mean,2025,42,34,ES1 6 bat,0.0
mean,2025,42,35,ES1 6 bat,0.0
mean,2025,42,36,ES1 6 bat,0.0
mean,2025,42,37,ES1 6 bat,0.0
mean,2025,42,38,ES1 6 bat,0.0
mean,2025,42,39,ES1 6 bat,0.0
mean,2025,42,40,ES1 6 bat,0.0
mean,2025,42,41,ES1 6 bat,0.0
mean,2025,42,42,ES1 6 bat,0.0
mean,2025,42,43,ES1 6 bat,0.0
mean,2025,42,44,ES1 6 bat,0.0
mean,2025,42,45,ES1 6 bat,0.0
mean,2025,42,46,ES1 6 bat,0.0
mean,2025,42,47,ES1 6 bat,0.0
mean,2025,42,48,ES1 6 bat,0.0
mean,2025,42,49,ES1 6 bat,0.0
mean,2025,42,50,ES1 6 bat,0.0
mean,2025,42,51,ES1 6 bat,0.0
mean,2025,42,52,ES1 6 bat,0.0
mean,2025,42,53,ES1 6 bat,0.0
mean,2025,42,54,ES1 6 bat,0.0
mean,2025,42,55,ES1 6 bat,0.0
mean,2025,42,56,ES1 6 bat,0.0
mean,2025,42,57,ES1 6 bat,0.0
mean,2025,42,58,ES1 6 bat,0.0
mean,2025,42,59,ES1 6 bat,0.0
mean,2025,42,60,ES1 6 bat,0.0
mean,2025,42,61,ES1 6 bat,0.0
mean,2025,42,62,ES1 6 bat,0.0
mean,2025,42,63,ES1 6 bat,0.0
mean,2025,42,64,ES1 6 bat,0.0
mean,2025,42,65,ES1 6 bat,0.0
mean,2025,42,66,ES1 6 bat,0.0
mean,2025,42,67,ES1 6 bat,0.0
mean,2025,42,68,ES1 6 bat,0.0
mean,2025,42,69,ES1 6 bat,0.0
mean,2025,42,70,ES1 6 bat,0.0
mean,2025,42,71,ES1 6 bat,0.0
mean,2025,42,72,ES1 6 bat,0.0
mean,2025,42,73,ES1 6 bat,0.0
mean,2025,42,74,ES1 6 bat,0.0
mean,2025,42,75,ES1 6 bat,0.0
mean,2025,42,76,ES1 6 bat,0.0
mean,2025,42,77,ES1 6 bat,0.0
mean,2025,42,78,ES1 6 bat,0.0
mean,2025,42,79,ES1 6 bat,0.0
mean,2025,42,80,ES1 6 bat,0.0
mean,2025,42,81,ES1 6 bat,0.0
mean,2025,42,82,ES1 6 bat,0.0
mean,2025,42,83,ES1 6 bat,0.0
mean,2025,42,84,ES1 6 bat,0.0
mean,2025,42,85,ES1 6 bat,0.0
mean,2025,42,86,ES1 6 bat,0.0
mean,2025,42,87,ES1 6 bat,0.0
mean,2025,42,88,ES1 6 bat,0.0
mean,2025,42,89,ES1 6 bat,0.0
mean,2025,42,90,ES1 6 bat,-1.1962564756456318
mean,2025,42,91,ES1 6 bat,0.0
mean,2025,42,92,ES1 6 bat,0.0
mean,2025,42,93,ES1 6 bat,0.0
mean,2025,42,94,ES1 6 bat,0.0
mean,2025,42,95,ES1 6 bat,0.0
mean,2025,42,96,ES1 6 bat,0.0
mean,2025,42,97,ES1 6 bat,0.0
mean,2025,42,98,ES1 6 bat,0.0
mean,2025,42,99,ES1 6 bat,0.0
mean,2025,42,100,ES1 6 bat,0.0
mean,2025,42,101,ES1 6 bat,0.0
mean,2025,42,102,ES1 6 bat,0.0
mean,2025,42,103,ES1 6 bat,0.0
mean,2025,42,104,ES1 6 bat,0.0
mean,2025,42,105,ES1 6 bat,0.0
mean,2025,42,106,ES1 6 bat,0.0
mean,2025,42,107,ES1 6 bat,0.0
mean,2025,42,108,ES1 6 bat,0.0
mean,2025,42,109,ES1 6 bat,0.0
mean,2025,42,110,ES1 6 bat,0.0
mean,2025,42,111,ES1 6 bat,0.0
mean,2025,42,112,ES1 6 bat,0.0
mean,2025,42,113,ES1 6 bat,0.0
mean,2025,42,114,ES1 6 bat,-0.0025727110253384337
mean,2025,42,115,ES1 6 bat,0.0
mean,2025,42,116,ES1 6 bat,0.0
mean,2025,42,117,ES1 6 bat,0.0
mean,2025,42,118,ES1 6 bat,0.0
mean,2025,42,119,ES1 6 bat,0.0
mean,2025,42,120,ES1 6 bat,0.0
mean,2025,42,121,ES1 6 bat,0.0
mean,2025,42,122,ES1 6 bat,0.0
mean,2025,42,123,ES1 6 bat,0.0
mean,2025,42,124,ES1 6 bat,-0.0025302253939602673
mean,2025,42,125,ES1 6 bat,0.0
mean,2025,42,126,ES1 6 bat,0.0
mean,2025,42,127,ES1 6 bat,0.0
mean,2025,42,128,ES1 6 bat,0.0
mean,2025,42,129,ES1 6 bat,0.0
mean,2025,42,130,ES1 6 bat,0.0
mean,2025,42,131,ES1 6 bat,0.0
mean,2025,42,132,ES1 6 bat,0.0
mean,2025,42,133,ES1 6 bat,0.0
mean,2025,42,134,ES1 6 bat,0.0
mean,2025,42,135,ES1 6 bat,0.0
mean,2025,42,136,ES1 6 bat,0.0
mean,2025,42,137,ES1 6 bat,0.0
mean,2025,42,138,ES1 6 bat,-0.002564070157722485
mean,2025,42,139,ES1 6 bat,0.0
mean,2025,42,140,ES1 6 bat,0.0
mean,2025,42,141,ES1 6 bat,0.0
mean,2025,42,142,ES1 6 bat,0.0
mean,2025,42,143,ES1 6 bat,0.0
mean,2025,42,144,ES1 6 bat,0.0
mean,2025,42,145,ES1 6 bat,0.0
mean,2025,42,146,ES1 6 bat,0.0
mean,2025,42,147,ES1 6 bat,0.0
mean,2025,42,148,ES1 6 bat,0.0
mean,2025,42,149,ES1 6 bat,0.0
mean,2025,42,150,ES1 6 bat,0.0
mean,2025,42,151,ES1 6 bat,0.0
mean,2025,42,152,ES1 6 bat,0.0
mean,2025,42,153,ES1 6 bat,0.0
mean,2025,42,154,ES1 6 bat,0.0
mean,2025,42,155,ES1 6 bat,0.0
mean,2025,42,156,ES1 6 bat,0.0
mean,2025,42,157,ES1 6 bat,0.0
mean,2025,42,158,ES1 6 bat,0.0
mean,2025,42,159,ES1 6 bat,0.0
mean,2025,42,160,ES1 6 bat,0.0
mean,2025,42,161,ES1 6 bat,0.0
mean,2025,42,162,ES1 6 bat,0.0
mean,2025,42,163,ES1 6 bat,-0.10829701011979435
mean,2025,42,164,ES1 6 bat,0.0
mean,2025,42,165,ES1 6 bat,0.0
mean,2025,42,166,ES1 6 bat,0.0
mean,2025,42,167,ES1 6 bat,0.0
mean,2025,52,0,ES1 6 bat,-61.715473292520834
mean,2025,52,1,ES1 6 bat,0.0
mean,2025,52,2,ES1 6 bat,0.0
mean,2025,52,3,ES1 6 bat,0.0
mean,2025,52,4,ES1 6 bat,0.0
mean,2025,52,5,ES1 6 bat,0.0
mean,2025,52,6,ES1 6 bat,0.0
mean,2025,52,7,ES1 6 bat,0.0
mean,2025,52,8,ES1 6 bat,0.0
mean,2025,52,9,ES1 6 bat,0.0
mean,2025,52,10,ES1 6 bat,0.0
mean,2025,52,11,ES1 6 bat,0.0
mean,2025,52,12,ES1 6 bat,0.0
mean,2025,52,13,ES1 6 bat,0.0
mean,2025,52,14,ES1 6 bat,0.0
mean,2025,52,15,ES1 6 bat,0.0
mean,2025,52,16,ES1 6 bat,0.0
mean,2025,52,17,ES1 6 bat,-0.0025302253939602673
mean,2025,52,18,ES1 6 bat,0.0
mean,2025,52,19,ES1 6 bat,0.0
mean,2025,52,20,ES1 6 bat,0.0
mean,2025,52,21,ES1 6 bat,0.0
mean,2025,52,22,ES1 6 bat,0.0
mean,2025,52,23,ES1 6 bat,0.0
mean,2025,52,24,ES1 6 bat,0.0
mean,2025,52,25,ES1 6 bat,0.0
mean,2025,52,26,ES1 6 bat,0.0
mean,2025,52,27,ES1 6 bat,0.0
mean,2025,52,28,ES1 6 bat,0.0
mean,2025,52,29,ES1 6 bat,0.0
mean,2025,52,30,ES1 6 bat,0.0
mean,2025,52,31,ES1 6 bat,0.0
mean,2025,52,32,ES1 6 bat,0.0
mean,2025,52,33,ES1 6 bat,0.0
mean,2025,52,34,ES1 6 bat,0.0
mean,2025,52,35,ES1 6 bat,0.0
mean,2025,52,36,ES1 6 bat,0.0
mean,2025,52,37,ES1 6 bat,0.0
mean,2025,52,38,ES1 6 bat,0.0
mean,2025,52,39,ES1 6 bat,0.0
mean,2025,52,40,ES1 6 bat,0.0
mean,2025,52,41,ES1 6 bat,0.0
mean,2025,52,42,ES1 6 bat,0.0
mean,2025,52,43,ES1 6 bat,0.0
mean,2025,52,44,ES1 6 bat,0.0
mean,2025,52,45,ES1 6 bat,0.0
mean,2025,52,46,ES1 6 bat,0.0
mean,2025,52,47,ES1 6 bat,0.0
mean,2025,52,48,ES1 6 bat,0.0
mean,2025,52,49,ES1 6 bat,0.0
mean,2025,52,50,ES1 6 bat,0.0
mean,2025,52,51,ES1 6 bat,0.0
mean,2025,52,52,ES1 6 bat,0.0
mean,2025,52,53,ES1 6 bat,0.0
mean,2025,52,54,ES1 6 bat,0.0
mean,2025,52,55,ES1 6 bat,0.0
mean,2025,52,56,ES1 6 bat,0.0
mean,2025,52,57,ES1 6 bat,0.0
mean,2025,52,58,ES1 6 bat,0.0
mean,2025,52,59,ES1 6 bat,0.0
mean,2025,52,60,ES1 6 bat,0.0
mean,2025,52,61,ES1 6 bat,0.0
mean,2025,52,62,ES1 6 bat,0.0
mean,2025,52,63,ES1 6 bat,0.0
mean,2025,52,64,ES1 6 bat,0.0
mean,2025,52,65,ES1 6 bat,0.0
mean,2025,52,66,ES1 6 bat,0.0
mean,2025,52,67,ES1 6 bat,0.0
mean,2025,52,68,ES1 6 bat,0.0
mean,2025,52,69,ES1 6 bat,0.0
mean,2025,52,70,ES1 6 bat,0.0
mean,2025,52,71,ES1 6 bat,0.0
mean,2025,52,72,ES1 6 bat,0.0
mean,2025,52,73,ES1 6 bat,0.0
mean,2025,52,74,ES1 6 bat,0.0
mean,2025,52,75,ES1 6 bat,0.0
mean,2025,52,76,ES1 6 bat,0.0
mean,2025,52,77,ES1 6 bat,0.0
mean,2025,52,78,ES1 6 bat,0.0
mean,2025,52,79,ES1 6 bat,0.0
mean,2025,52,80,ES1 6 bat,0.0
mean,2025,52,81,ES1 6 bat,0.0
mean,2025,52,82,ES1 6 bat,0.0
mean,2025,52,83,ES1 6 bat,0.0
mean,2025,52,84,ES1 6 bat,0.0
mean,2025,52,85,ES1 6 bat,0.0
mean,2025,52,86,ES1 6 bat,0.0
mean,2025,52,87,ES1 6 bat,0.0
mean,2025,52,88,ES1 6 bat,0.0
mean,2025,52,89,ES1 6 bat,0.0
mean,2025,52,90,ES1 6 bat,0.0
mean,2025,52,91,ES1 6 bat,0.0
mean,2025,52,92,ES1 6 bat,0.0
mean,2025,52,93,ES1 6 bat,0.0
mean,2025,52,94,ES1 6 bat,0.0
mean,2025,52,95,ES1 6 bat,0.0
mean,2025,52,96,ES1 6 bat,0.0
mean,2025,52,97,ES1 6 bat,0.0
mean,2025,52,98,ES1 6 bat,0.0
mean,2025,52,99,ES1 6 bat,0.0
mean,2025,52,100,ES1 6 bat,0.0
mean,2025,52,101,ES1 6 bat,0.0
mean,2025,52,102,ES1 6 bat,0.0
mean,2025,52,103,ES1 6 bat,0.0
mean,2025,52,104,ES1 6 bat,0.0
mean,2025,52,105,ES1 6 bat,0.0
mean,2025,52,106,ES1 6 bat,0.0
mean,2025,52,107,ES1 6 bat,0.0
mean,2025,52,108,ES1 6 bat,0.0
mean,2025,52,109,ES1 6 bat,0.0
mean,2025,52,110,ES1 6 bat,0.0
mean,2025,52,111,ES1 6 bat,0.0
mean,2025,52,112,ES1 6 bat,0.0
mean,2025,52,113,ES1 6 bat,0.0
mean,2025,52,114,ES1 6 bat,0.0
mean,2025,52,115,ES1 6 bat,0.0
mean,2025,52,116,ES1 6 bat,0.0
mean,2025,52,117,ES1 6 bat,0.0
mean,2025,52,118,ES1 6 bat,0.0
mean,2025,52,119,ES1 6 bat,0.0
mean,2025,52,120,ES1 6 bat,0.0
mean,2025,52,121,ES1 6 bat,0.0
mean,2025,52,122,ES1 6 bat,0.0
mean,2025,52,123,ES1 6 bat,0.0
mean,2025,52,124,ES1 6 bat,0.0
mean,2025,52,125,ES1 6 bat,0.0
mean,2025,52,126,ES1 6 bat,0.0
mean,2025,52,127,ES1 6 bat,0.0
mean,2025,52,128,ES1 6 bat,0.0
mean,2025,52,129,ES1 6 bat,0.0
mean,2025,52,130,ES1 6 bat,0.0
mean,2025,52,131,ES1 6 bat,0.0
mean,2025,52,132,ES1 6 bat,0.0
mean,2025,52,133,ES1 6 bat,0.0
mean,2025,52,134,ES1 6 bat,0.0
mean,2025,52,135,ES1 6 bat,0.0
mean,2025,52,136,ES1 6 bat,0.0
mean,2025,52,137,ES1 6 bat,0.0
mean,2025,52,138,ES1 6 bat,0.0
mean,2025,52,139,ES1 6 bat,0.0
mean,2025,52,140,ES1 6 bat,-0.44088724460860695
mean,2025,52,141,ES1 6 bat,0.0
mean,2025,52,142,ES1 6 bat,0.0
mean,2025,52,143,ES1 6 bat,0.0
mean,2025,52,144,ES1 6 bat,0.0
mean,2025,52,145,ES1 6 bat,0.0
mean,2025,52,146,ES1 6 bat,0.0
mean,2025,52,147,ES1 6 bat,0.0
mean,2025,52,148,ES1 6 bat,0.0
mean,2025,52,149,ES1 6 bat,0.0
mean,2025,52,150,ES1 6 bat,-0.0025483407072050333
mean,2025,52,151,ES1 6 bat,0.0
mean,2025,52,152,ES1 6 bat,0.0
mean,2025,52,153,ES1 6 bat,0.0
mean,2025,52,154,ES1 6 bat,0.0
mean,2025,52,155,ES1 6 bat,0.0
mean,2025,52,156,ES1 6 bat,0.0
mean,2025,52,157,ES1 6 bat,0.0
mean,2025,52,158,ES1 6 bat,0.0
mean,2025,52,159,ES1 6 bat,0.0
mean,2025,52,160,ES1 6 bat,0.0
mean,2025,52,161,ES1 6 bat,-0.002564070157722485
mean,2025,52,162,ES1 6 bat,0.0
mean,2025,52,163,ES1 6 bat,0.0
mean,2025,52,164,ES1 6 bat,0.0
mean,2025,52,165,ES1 6 bat,0.0
mean,2025,52,166,ES1 6 bat,0.0
mean,2025,52,167,ES1 6 bat,0.0
mean,2030,11,0,ES1 6 bat,-0.014727782542382353
mean,2030,11,1,ES1 6 bat,0.0
mean,2030,11,2,ES1 6 bat,0.0
mean,2030,11,3,ES1 6 bat,0.0
mean,2030,11,4,ES1 6 bat,0.0
mean,2030,11,5,ES1 6 bat,0.0
mean,2030,11,6,ES1 6 bat,0.0
mean,2030,11,7,ES1 6 bat,0.0
mean,2030,11,8,ES1 6 bat,0.0
mean,2030,11,9,ES1 6 bat,0.0
mean,2030,11,10,ES1 6 bat,0.0
mean,2030,11,11,ES1 6 bat,0.0
mean,2030,11,12,ES1 6 bat,0.0
mean,2030,11,13,ES1 6 bat,0.0
mean,2030,11,14,ES1 6 bat,0.0
mean,2030,11,15,ES1 6 bat,0.0
mean,2030,11,16,ES1 6 bat,0.0
mean,2030,11,17,ES1 6 bat,0.0
mean,2030,11,18,ES1 6 bat,0.0
mean,2030,11,19,ES1 6 bat,0.0
mean,2030,11,20,ES1 6 bat,0.0
mean,2030,11,21,ES1 6 bat,0.0
mean,2030,11,22,ES1 6 bat,0.0
mean,2030,11,23,ES1 6 bat,0.0
mean,2030,11,24,ES1 6 bat,0.0
mean,2030,11,25,ES1 6 bat,0.0
mean,2030,11,26,ES1 6 bat,0.0
mean,2030,11,27,ES1 6 bat,0.0
mean,2030,11,28,ES1 6 bat,0.0
mean,2030,11,29,ES1 6 bat,0.0
mean,2030,11,30,ES1 6 bat,0.0
mean,2030,11,31,ES1 6 bat,0.0
mean,2030,11,32,ES1 6 bat,0.0
mean,2030,11,33,ES1 6 bat,0.0
mean,2030,11,34,ES1 6 bat,0.0
mean,2030,11,35,ES1 6 bat,0.0
mean,2030,11,36,ES1 6 bat,0.0
mean,2030,11,37,ES1 6 bat,0.0
mean,2030,11,38,ES1 6 bat,0.0
mean,2030,11,39,ES1 6 bat,0.0
mean,2030,11,40,ES1 6 bat,0.0
mean,2030,11,41,ES1 6 bat,0.0
mean,2030,11,42,ES1 6 bat,0.0
mean,2030,11,43,ES1 6 bat,0.0
mean,2030,11,44,ES1 6 bat,0.0
mean,2030,11,45,ES1 6 bat,0.0
mean,2030,11,46,ES1 6 bat,0.0
mean,2030,11,47,ES1 6 bat,0.0
mean,2030,11,48,ES1 6 bat,0.0
mean,2030,11,49,ES1 6 bat,0.0
mean,2030,11,50,ES1 6 bat,0.0
mean,2030,11,51,ES1 6 bat,0.0
mean,2030,11,52,ES1 6 bat,0.0
mean,2030,11,53,ES1 6 bat,0.0
mean,2030,11,54,ES1 6 bat,0.0
mean,2030,11,55,ES1 6 bat,0.0
mean,2030,11,56,ES1 6 bat,0.0
mean,2030,11,57,ES1 6 bat,0.0
mean,2030,11,58,ES1 6 bat,0.0
mean,2030,11,59,ES1 6 bat,0.0
mean,2030,11,60,ES1 6 bat,0.0
mean,2030,11,61,ES1 6 bat,0.0
mean,2030,11,62,ES1 6 bat,0.0
mean,2030,11,63,ES1 6 bat,0.0
mean,2030,11,64,ES1 6 bat,0.0
mean,2030,11,65,ES1 6 bat,0.0
mean,2030,11,66,ES1 6 bat,0.0
mean,2030,11,67,ES1 6 bat,0.0
mean,2030,11,68,ES1 6 bat,0.0
mean,2030,11,69,ES1 6 bat,0.0
mean,2030,11,70,ES1 6 bat,0.0
mean,2030,11,71,ES1 6 bat,0.0
mean,2030,11,72,ES1 6 bat,0.0
mean,2030,11,73,ES1 6 bat,0.0
mean,2030,11,74,ES1 6 bat,0.0
mean,2030,11,75,ES1 6 bat,0.0
mean,2030,11,76,ES1 6 bat,0.0
mean,2030,11,77,ES1 6 bat,0.0
mean,2030,11,78,ES1 6 bat,0.0
mean,2030,11,79,ES1 6 bat,0.0
mean,2030,11,80,ES1 6 bat,0.0
mean,2030,11,81,ES1 6 bat,0.0
mean,2030,11,82,ES1 6 bat,0.0
mean,2030,11,83,ES1 6 bat,0.0
mean,2030,11,84,ES1 6 bat,0.0
mean,2030,11,85,ES1 6 bat,0.0
mean,2030,11,86,ES1 6 bat,0.0
mean,2030,11,87,ES1 6 bat,0.0
mean,2030,11,88,ES1 6 bat,0.0
mean,2030,11,89,ES1 6 bat,0.0
mean,2030,11,90,ES1 6 bat,0.0
mean,2030,11,91,ES1 6 bat,0.0
mean,2030,11,92,ES1 6 bat,0.0
mean,2030,11,93,ES1 6 bat,0.0
mean,2030,11,94,ES1 6 bat,0.0
mean,2030,11,95,ES1 6 bat,0.0
mean,2030,11,96,ES1 6 bat,0.0
mean,2030,11,97,ES1 6 bat,0.0
mean,2030,11,98,ES1 6 bat,0.0
mean,2030,11,99,ES1 6 bat,0.0
mean,2030,11,100,ES1 6 bat,0.0
mean,2030,11,101,ES1 6 bat,0.0
mean,2030,11,102,ES1 6 bat,0.0
mean,2030,11,103,ES1 6 bat,0.0
mean,2030,11,104,ES1 6 bat,0.0
mean,2030,11,105,ES1 6 bat,0.0
mean,2030,11,106,ES1 6 bat,0.0
mean,2030,11,107,ES1 6 bat,0.0
mean,2030,11,108,ES1 6 bat,0.0
mean,2030,11,109,ES1 6 bat,0.0
mean,2030,11,110,ES1 6 bat,0.0
mean,2030,11,111,ES1 6 bat,0.0
mean,2030,11,112,ES1 6 bat,0.0
mean,2030,11,113,ES1 6 bat,0.0
mean,2030,11,114,ES1 6 bat,0.0
mean,2030,11,115,ES1 6 bat,0.0
mean,2030,11,116,ES1 6 bat,0.0
mean,2030,11,117,ES1 6 bat,0.0
mean,2030,11,118,ES1 6 bat,0.0
mean,2030,11,119,ES1 6 bat,0.0
mean,2030,11,120,ES1 6 bat,0.0
mean,2030,11,121,ES1 6 bat,0.0
mean,2030,11,122,ES1 6 bat,0.0
mean,2030,11,123,ES1 6 bat,0.0
mean,2030,11,124,ES1 6 bat,0.0
mean,2030,11,125,ES1 6 bat,0.0
mean,2030,11,126,ES1 6 bat,0.0
mean,2030,11,127,ES1 6 bat,0.0
mean,2030,11,128,ES1 6 bat,0.0
mean,2030,11,129,ES1 6 bat,0.0
mean,2030,11,130,ES1 6 bat,0.0
mean,2030,11,131,ES1 6 bat,0.0
mean,2030,11,132,ES1 6 bat,0.0
mean,2030,11,133,ES1 6 bat,0.0
mean,2030,11,134,ES1 6 bat,0.0
mean,2030,11,135,ES1 6 bat,0.0
mean,2030,11,136,ES1 6 bat,0.0
mean,2030,11,137,ES1 6 bat,0.0
mean,2030,11,138,ES1 6 bat,0.0
mean,2030,11,139,ES1 6 bat,0.0
mean,2030,11,140,ES1 6 bat,0.0
mean,2030,11,141,ES1 6 bat,0.0
mean,2030,11,142,ES1 6 bat,0.0
mean,2030,11,143,ES1 6 bat,0.0
mean,2030,11,144,ES1 6 bat,0.0
mean,2030,11,145,ES1 6 bat,0.0
mean,2030,11,146,ES1 6 bat,0.0
mean,2030,11,147,ES1 6 bat,0.0
mean,2030,11,148,ES1 6 bat,0.0
mean,2030,11,149,ES1 6 bat,0.0
mean,2030,11,150,ES1 6 bat,0.0
mean,2030,11,151,ES1 6 bat,0.0
mean,2030,11,152,ES1 6 bat,0.0
mean,2030,11,153,ES1 6 bat,0.0
mean,2030,11,154,ES1 6 bat,0.0
mean,2030,11,155,ES1 6 bat,0.0
mean,2030,11,156,ES1 6 bat,0.0
mean,2030,11,157,ES1 6 bat,0.0
mean,2030,11,158,ES1 6 bat,0.0
mean,2030,11,159,ES1 6 bat,0.0
mean,2030,11,160,ES1 6 bat,0.0
mean,2030,11,161,ES1 6 bat,0.0
mean,2030,11,162,ES1 6 bat,0.0
mean,2030,11,163,ES1 6 bat,0.0
mean,2030,11,164,ES1 6 bat,0.0
mean,2030,11,165,ES1 6 bat,0.0
mean,2030,11,166,ES1 6 bat,0.0
mean,2030,11,167,ES1 6 bat,0.0
mean,2030,21,0,ES1 6 bat,-62.47018937914696
mean,2030,21,1,ES1 6 bat,0.0
mean,2030,21,2,ES1 6 bat,0.0
mean,2030,21,3,ES1 6 bat,0.0
mean,2030,21,4,ES1 6 bat,0.0
mean,2030,21,5,ES1 6 bat,0.0
mean,2030,21,6,ES1 6 bat,0.0
mean,2030,21,7,ES1 6 bat,0.0
mean,2030,21,8,ES1 6 bat,0.0
mean,2030,21,9,ES1 6 bat,0.0
mean,2030,21,10,ES1 6 bat,0.0
mean,2030,21,11,ES1 6 bat,0.0
mean,2030,21,12,ES1 6 bat,0.0
mean,2030,21,13,ES1 6 bat,0.0
mean,2030,21,14,ES1 6 bat,0.0
mean,2030,21,15,ES1 6 bat,0.0
mean,2030,21,16,ES1 6 bat,0.0
mean,2030,21,17,ES1 6 bat,0.0
mean,2030,21,18,ES1 6 bat,0.0
mean,2030,21,19,ES1 6 bat,0.0
mean,2030,21,20,ES1 6 bat,0.0
mean,2030,21,21,ES1 6 bat,0.0
mean,2030,21,22,ES1 6 bat,0.0
mean,2030,21,23,ES1 6 bat,0.0
mean,2030,21,24,ES1 6 bat,0.0
mean,2030,21,25,ES1 6 bat,0.0
mean,2030,21,26,ES1 6 bat,0.0
mean,2030,21,27,ES1 6 bat,0.0
mean,2030,21,28,ES1 6 bat,0.0
mean,2030,21,29,ES1 6 bat,0.0
mean,2030,21,30,ES1 6 bat,0.0
mean,2030,21,31,ES1 6 bat,0.0
mean,2030,21,32,ES1 6 bat,0.0
mean,2030,21,33,ES1 6 bat,0.0
mean,2030,21,34,ES1 6 bat,0.0
mean,2030,21,35,ES1 6 bat,0.0
mean,2030,21,36,ES1 6 bat,0.0
mean,2030,21,37,ES1 6 bat,0.0
mean,2030,21,38,ES1 6 bat,0.0
mean,2030,21,39,ES1 6 bat,0.0
mean,2030,21,40,ES1 6 bat,0.0
mean,2030,21,41,ES1 6 bat,0.0
mean,2030,21,42,ES1 6 bat,0.0
mean,2030,21,43,ES1 6 bat,0.0
mean,2030,21,44,ES1 6 bat,0.0
mean,2030,21,45,ES1 6 bat,0.0
mean,2030,21,46,ES1 6 bat,0.0
mean,2030,21,47,ES1 6 bat,0.0
mean,2030,21,48,ES1 6 bat,0.0
mean,2030,21,49,ES1 6 bat,0.0
mean,2030,21,50,ES1 6 bat,0.0
mean,2030,21,51,ES1 6 bat,0.0
mean,2030,21,52,ES1 6 bat,0.0
mean,2030,21,53,ES1 6 bat,0.0
mean,2030,21,54,ES1 6 bat,0.0
mean,2030,21,55,ES1 6 bat,0.0
mean,2030,21,56,ES1 6 bat,0.0
mean,2030,21,57,ES1 6 bat,0.0
mean,2030,21,58,ES1 6 bat,0.0
mean,2030,21,59,ES1 6 bat,0.0
mean,2030,21,60,ES1 6 bat,0.0
mean,2030,21,61,ES1 6 bat,0.0
mean,2030,21,62,ES1 6 bat,0.0
mean,2030,21,63,ES1 6 bat,0.0
mean,2030,21,64,ES1 6 bat,0.0
mean,2030,21,65,ES1 6 bat,-6.139518422877821e-07
mean,2030,21,66,ES1 6 bat,0.0
mean,2030,21,67,ES1 6 bat,0.0
mean,2030,21,68,ES1 6 bat,0.0
mean,2030,21,69,ES1 6 bat,0.0
mean,2030,21,70,ES1 6 bat,0.0
mean,2030,21,71,ES1 6 bat,0.0
mean,2030,21,72,ES1 6 bat,0.0
mean,2030,21,73,ES1 6 bat,0.0
mean,2030,21,74,ES1 6 bat,0.0
mean,2030,21,75,ES1 6 bat,0.0
mean,2030,21,76,ES1 6 bat,0.0
mean,2030,21,77,ES1 6 bat,0.0
mean,2030,21,78,ES1 6 bat,-22.040186714925245
mean,2030,21,79,ES1 6 bat,0.0
mean,2030,21,80,ES1 6 bat,0.0
mean,2030,21,81,ES1 6 bat,0.0
mean,2030,21,82,ES1 6 bat,0.0
mean,2030,21,83,ES1 6 bat,0.0
mean,2030,21,84,ES1 6 bat,0.0
mean,2030,21,85,ES1 6 bat,0.0
mean,2030,21,86,ES1 6 bat,0.0
mean,2030,21,87,ES1 6 bat,0.0
mean,2030,21,88,ES1 6 bat,-6.139518422877821e-07
mean,2030,21,89,ES1 6 bat,0.0
mean,2030,21,90,ES1 6 bat,0.0
mean,2030,21,91,ES1 6 bat,0.0
mean,2030,21,92,ES1 6 bat,0.0
mean,2030,21,93,ES1 6 bat,0.0
mean,2030,21,94,ES1 6 bat,0.0
mean,2030,21,95,ES1 6 bat,0.0
mean,2030,21,96,ES1 6 bat,0.0
mean,2030,21,97,ES1 6 bat,0.0
mean,2030,21,98,ES1 6 bat,0.0
mean,2030,21,99,ES1 6 bat,0.0
mean,2030,21,100,ES1 6 bat,0.0
mean,2030,21,101,ES1 6 bat,0.0
mean,2030,21,102,ES1 6 bat,0.0
mean,2030,21,103,ES1 6 bat,0.0
mean,2030,21,104,ES1 6 bat,0.0
mean,2030,21,105,ES1 6 bat,0.0
mean,2030,21,106,ES1 6 bat,0.0
mean,2030,21,107,ES1 6 bat,0.0
mean,2030,21,108,ES1 6 bat,0.0
mean,2030,21,109,ES1 6 bat,0.0
mean,2030,21,110,ES1 6 bat,0.0
mean,2030,21,111,ES1 6 bat,0.0
mean,2030,21,112,ES1 6 bat,0.0
mean,2030,21,113,ES1 6 bat,0.0
mean,2030,21,114,ES1 6 bat,0.0
mean,2030,21,115,ES1 6 bat,0.0
mean,2030,21,116,ES1 6 bat,0.0
mean,2030,21,117,ES1 6 bat,0.0
mean,2030,21,118,ES1 6 bat,0.0
mean,2030,21,119,ES1 6 bat,0.0
mean,2030,21,120,ES1 6 bat,0.0
mean,2030,21,121,ES1 6 bat,0.0
mean,2030,21,122,ES1 6 bat,0.0
mean,2030,21,123,ES1 6 bat,0.0
mean,2030,21,124,ES1 6 bat,0.0
mean,2030,21,125,ES1 6 bat,0.0
mean,2030,21,126,ES1 6 bat,0.0
mean,2030,21,127,ES1 6 bat,0.0
mean,2030,21,128,ES1 6 bat,0.0
mean,2030,21,129,ES1 6 bat,0.0
mean,2030,21,130,ES1 6 bat,0.0
mean,2030,21,131,ES1 6 bat,0.0
mean,2030,21,132,ES1 6 bat,0.0
mean,2030,21,133,ES1 6 bat,0.0
mean,2030,21,134,ES1 6 bat,0.0
mean,2030,21,135,ES1 6 bat,0.0
mean,2030,21,136,ES1 6 bat,0.0
mean,2030,21,137,ES1 6 bat,0.0
mean,2030,21,138,ES1 6 bat,0.0
mean,2030,21,139,ES1 6 bat,0.0
mean,2030,21,140,ES1 6 bat,0.0
mean,2030,21,141,ES1 6 bat,0.0
mean,2030,21,142,ES1 6 bat,0.0
mean,2030,21,143,ES1 6 bat,0.0
mean,2030,21,144,ES1 6 bat,0.0
mean,2030,21,145,ES1 6 bat,0.0
mean,2030,21,146,ES1 6 bat,0.0
mean,2030,21,147,ES1 6 bat,0.0
mean,2030,21,148,ES1 6 bat,0.0
mean,2030,21,149,ES1 6 bat,0.0
mean,2030,21,150,ES1 6 bat,0.0
mean,2030,21,151,ES1 6 bat,0.0
mean,2030,21,152,ES1 6 bat,0.0
mean,2030,21,153,ES1 6 bat,0.0
mean,2030,21,154,ES1 6 bat,0.0
mean,2030,21,155,ES1 6 bat,0.0
mean,2030,21,156,ES1 6 bat,0.0
mean,2030,21,157,ES1 6 bat,0.0
mean,2030,21,158,ES1 6 bat,0.0
mean,2030,21,159,ES1 6 bat,-0.0038265839657746223
mean,2030,21,160,ES1 6 bat,-0.00393852031157416
mean,2030,21,161,ES1 6 bat,-0.004117898834874713
mean,2030,21,162,ES1 6 bat,0.0
mean,2030,21,163,ES1 6 bat,0.0
mean,2030,21,164,ES1 6 bat,0.0
mean,2030,21,165,ES1 6 bat,0.0
mean,2030,21,166,ES1 6 bat,0.0
mean,2030,21,167,ES1 6 bat,0.0
mean,2030,42,0,ES1 6 bat,-63.59768759386411
mean,2030,42,1,ES1 6 bat,0.0
mean,2030,42,2,ES1 6 bat,0.0
mean,2030,42,3,ES1 6 bat,0.0
mean,2030,42,4,ES1 6 bat,0.0
mean,2030,42,5,ES1 6 bat,0.0
mean,2030,42,6,ES1 6 bat,0.0
mean,2030,42,7,ES1 6 bat,0.0
mean,2030,42,8,ES1 6 bat,0.0
mean,2030,42,9,ES1 6 bat,0.0
mean,2030,42,10,ES1 6 bat,0.0
mean,2030,42,11,ES1 6 bat,0.0
mean,2030,42,12,ES1 6 bat,0.0
mean,2030,42,13,ES1 6 bat,0.0
mean,2030,42,14,ES1 6 bat,0.0
mean,2030,42,15,ES1 6 bat,0.0
mean,2030,42,16,ES1 6 bat,0.0
mean,2030,42,17,ES1 6 bat,0.0
mean,2030,42,18,ES1 6 bat,0.0
mean,2030,42,19,ES1 6 bat,0.0
mean,2030,42,20,ES1 6 bat,0.0
mean,2030,42,21,ES1 6 bat,0.0
mean,2030,42,22,ES1 6 bat,0.0
mean,2030,42,23,ES1 6 bat,0.0
mean,2030,42,24,ES1 6 bat,0.0
mean,2030,42,25,ES1 6 bat,0.0
mean,2030,42,26,ES1 6 bat,0.0
mean,2030,42,27,ES1 6 bat,0.0
mean,2030,42,28,ES1 6 bat,0.0
mean,2030,42,29,ES1 6 bat,0.0
mean,2030,42,30,ES1 6 bat,0.0
mean,2030,42,31,ES1 6 bat,0.0
mean,2030,42,32,ES1 6 bat,0.0
mean,2030,42,33,ES1 6 bat,0.0
mean,2030,42,34,ES1 6 bat,0.0
mean,2030,42,35,ES1 6 bat,0.0
mean,2030,42,36,ES1 6 bat,0.0
mean,2030,42,37,ES1 6 bat,0.0
mean,2030,42,38,ES1 6 bat,0.0
mean,2030,42,39,ES1 6 bat,0.0
mean,2030,42,40,ES1 6 bat,0.0
mean,2030,42,41,ES1 6 bat,0.0
mean,2030,42,42,ES1 6 bat,0.0
mean,2030,42,43,ES1 6 bat,0.0
mean,2030,42,44,ES1 6 bat,0.0
mean,2030,42,45,ES1 6 bat,0.0
mean,2030,42,46,ES1 6 bat,0.0
mean,2030,42,47,ES1 6 bat,0.0
mean,2030,42,48,ES1 6 bat,0.0
mean,2030,42,49,ES1 6 bat,0.0
mean,2030,42,50,ES1 6 bat,0.0
mean,2030,42,51,ES1 6 bat,0.0
mean,2030,42,52,ES1 6 bat,0.0
mean,2030,42,53,ES1 6 bat,0.0
mean,2030,42,54,ES1 6 bat,0.0
mean,2030,42,55,ES1 6 bat,0.0
mean,2030,42,56,ES1 6 bat,0.0
mean,2030,42,57,ES1 6 bat,0.0
mean,2030,42,58,ES1 6 bat,0.0
mean,2030,42,59,ES1 6 bat,0.0
mean,2030,42,60,ES1 6 bat,0.0
mean,2030,42,61,ES1 6 bat,0.0
mean,2030,42,62,ES1 6 bat,0.0
mean,2030,42,63,ES1 6 bat,0.0
mean,2030,42,64,ES1 6 bat,0.0
mean,2030,42,65,ES1 6 bat,0.0
mean,2030,42,66,ES1 6 bat,0.0
mean,2030,42,67,ES1 6 bat,0.0
mean,2030,42,68,ES1 6 bat,0.0
mean,2030,42,69,ES1 6 bat,0.0
mean,2030,42,70,ES1 6 bat,0.0
mean,2030,42,71,ES1 6 bat,0.0
mean,2030,42,72,ES1 6 bat,0.0
mean,2030,42,73,ES1 6 bat,0.0
mean,2030,42,74,ES1 6 bat,0.0
mean,2030,42,75,ES1 6 bat,0.0
mean,2030,42,76,ES1 6 bat,0.0
mean,2030,42,77,ES1 6 bat,0.0
mean,2030,42,78,ES1 6 bat,0.0
mean,2030,42,79,ES1 6 bat,0.0
mean,2030,42,80,ES1 6 bat,0.0
mean,2030,42,81,ES1 6 bat,0.0
mean,2030,42,82,ES1 6 bat,0.0
mean,2030,42,83,ES1 6 bat,0.0
mean,2030,42,84,ES1 6 bat,0.0
mean,2030,42,85,ES1 6 bat,0.0
mean,2030,42,86,ES1 6 bat,0.0
mean,2030,42,87,ES1 6 bat,0.0
mean,2030,42,88,ES1 6 bat,0.0
mean,2030,42,89,ES1 6 bat,0.0
mean,2030,42,90,ES1 6 bat,0.0
mean,2030,42,91,ES1 6 bat,0.0
mean,2030,42,92,ES1 6 bat,0.0
mean,2030,42,93,ES1 6 bat,0.0
mean,2030,42,94,ES1 6 bat,0.0
mean,2030,42,95,ES1 6 bat,0.0
mean,2030,42,96,ES1 6 bat,0.0
mean,2030,42,97,ES1 6 bat,0.0
mean,2030,42,98,ES1 6 bat,0.0
mean,2030,42,99,ES1 6 bat,0.0
mean,2030,42,100,ES1 6 bat,0.0
mean,2030,42,101,ES1 6 bat,0.0
mean,2030,42,102,ES1 6 bat,0.0
mean,2030,42,103,ES1 6 bat,0.0
mean,2030,42,104,ES1 6 bat,0.0
mean,2030,42,105,ES1 6 bat,0.0
mean,2030,42,106,ES1 6 bat,0.0
mean,2030,42,107,ES1 6 bat,0.0
mean,2030,42,108,ES1 6 bat,0.0
mean,2030,42,109,ES1 6 bat,0.0
mean,2030,42,110,ES1 6 bat,0.0
mean,2030,42,111,ES1 6 bat,0.0
mean,2030,42,112,ES1 6 bat,0.0
mean,2030,42,113,ES1 6 bat,0.0
mean,2030,42,114,ES1 6 bat,0.0
mean,2030,42,115,ES1 6 bat,0.0
mean,2030,42,116,ES1 6 bat,0.0
mean,2030,42,117,ES1 6 bat,0.0
mean,2030,42,118,ES1 6 bat,0.0
mean,2030,42,119,ES1 6 bat,0.0
mean,2030,42,120,ES1 6 bat,0.0
mean,2030,42,121,ES1 6 bat,0.0
mean,2030,42,122,ES1 6 bat,0.0
mean,2030,42,123,ES1 6 bat,0.0
mean,2030,42,124,ES1 6 bat,0.0
mean,2030,42,125,ES1 6 bat,0.0
mean,2030,42,126,ES1 6 bat,0.0
mean,2030,42,127,ES1 6 bat,0.0
mean,2030,42,128,ES1 6 bat,0.0
mean,2030,42,129,ES1 6 bat,0.0
mean,2030,42,130,ES1 6 bat,0.0
mean,2030,42,131,ES1 6 bat,0.0
mean,2030,42,132,ES1 6 bat,0.0
mean,2030,42,133,ES1 6 bat,0.0
mean,2030,42,134,ES1 6 bat,0.0
mean,2030,42,135,ES1 6 bat,0.0
mean,2030,42,136,ES1 6 bat,0.0
mean,2030,42,137,ES1 6 bat,0.0
mean,2030,42,138,ES1 6 bat,0.0
mean,2030,42,139,ES1 6 bat,0.0
mean,2030,42,140,ES1 6 bat,0.0
mean,2030,42,141,ES1 6 bat,0.0
mean,2030,42,142,ES1 6 bat,0.0
mean,2030,42,143,ES1 6 bat,0.0
mean,2030,42,144,ES1 6 bat,0.0
mean,2030,42,145,ES1 6 bat,0.0
mean,2030,42,146,ES1 6 bat,0.0
mean,2030,42,147,ES1 6 bat,0.0
mean,2030,42,148,ES1 6 bat,0.0
mean,2030,42,149,ES1 6 bat,0.0
mean,2030,42,150,ES1 6 bat,0.0
mean,2030,42,151,ES1 6 bat,0.0
mean,2030,42,152,ES1 6 bat,0.0
mean,2030,42,153,ES1 6 bat,0.0
mean,2030,42,154,ES1 6 bat,0.0
mean,2030,42,155,ES1 6 bat,0.0
mean,2030,42,156,ES1 6 bat,0.0
mean,2030,42,157,ES1 6 bat,0.0
mean,2030,42,158,ES1 6 bat,0.0
mean,2030,42,159,ES1 6 bat,0.0
mean,2030,42,160,ES1 6 bat,0.0
mean,2030,42,161,ES1 6 bat,0.0
mean,2030,42,162,ES1 6 bat,0.0
mean,2030,42,163,ES1 6 bat,0.0
mean,2030,42,164,ES1 6 bat,0.0
mean,2030,42,165,ES1 6 bat,0.0
mean,2030,42,166,ES1 6 bat,0.0
mean,2030,42,167,ES1 6 bat,0.0
mean,2030,52,0,ES1 6 bat,-61.32299961265193
mean,2030,52,1,ES1 6 bat,0.0
mean,2030,52,2,ES1 6 bat,0.0
mean,2030,52,3,ES1 6 bat,0.0
mean,2030,52,4,ES1 6 bat,0.0
mean,2030,52,5,ES1 6 bat,0.0
mean,2030,52,6,ES1 6 bat,0.0
mean,2030,52,7,ES1 6 bat,0.0
mean,2030,52,8,ES1 6 bat,0.0
mean,2030,52,9,ES1 6 bat,0.0
mean,2030,52,10,ES1 6 bat,0.0
mean,2030,52,11,ES1 6 bat,0.0
mean,2030,52,12,ES1 6 bat,0.0
mean,2030,52,13,ES1 6 bat,0.0
mean,2030,52,14,ES1 6 bat,0.0
mean,2030,52,15,ES1 6 bat,0.0
mean,2030,52,16,ES1 6 bat,0.0
mean,2030,52,17,ES1 6 bat,0.0
mean,2030,52,18,ES1 6 bat,0.0
mean,2030,52,19,ES1 6 bat,0.0
mean,2030,52,20,ES1 6 bat,0.0
mean,2030,52,21,ES1 6 bat,0.0
mean,2030,52,22,ES1 6 bat,0.0
mean,2030,52,23,ES1 6 bat,0.0
mean,2030,52,24,ES1 6 bat,0.0
mean,2030,52,25,ES1 6 bat,0.0
mean,2030,52,26,ES1 6 bat,0.0
mean,2030,52,27,ES1 6 bat,0.0
mean,2030,52,28,ES1 6 bat,0.0
mean,2030,52,29,ES1 6 bat,0.0
mean,2030,52,30,ES1 6 bat,0.0
mean,2030,52,31,ES1 6 bat,0.0
mean,2030,52,32,ES1 6 bat,0.0
mean,2030,52,33,ES1 6 bat,0.0
mean,2030,52,34,ES1 6 bat,0.0
mean,2030,52,35,ES1 6 bat,0.0
mean,2030,52,36,ES1 6 bat,0.0
mean,2030,52,37,ES1 6 bat,0.0
mean,2030,52,38,ES1 6 bat,0.0
mean,2030,52,39,ES1 6 bat,0.0
mean,2030,52,40,ES1 6 bat,0.0
mean,2030,52,41,ES1 6 bat,0.0
mean,2030,52,42,ES1 6 bat,0.0
mean,2030,52,43,ES1 6 bat,0.0
mean,2030,52,44,ES1 6 bat,0.0
mean,2030,52,45,ES1 6 bat,0.0
mean,2030,52,46,ES1 6 bat,0.0
mean,2030,52,47,ES1 6 bat,0.0
mean,2030,52,48,ES1 6 bat,0.0
mean,2030,52,49,ES1 6 bat,0.0
mean,2030,52,50,ES1 6 bat,0.0
mean,2030,52,51,ES1 6 bat,0.0
mean,2030,52,52,ES1 6 bat,0.0
mean,2030,52,53,ES1 6 bat,0.0
mean,2030,52,54,ES1 6 bat,0.0
mean,2030,52,55,ES1 6 bat,0.0
mean,2030,52,56,ES1 6 bat,0.0
mean,2030,52,57,ES1 6 bat,0.0
mean,2030,52,58,ES1 6 bat,0.0
mean,2030,52,59,ES1 6 bat,0.0
mean,2030,52,60,ES1 6 bat,0.0
mean,2030,52,61,ES1 6 bat,0.0
mean,2030,52,62,ES1 6 bat,0.0
mean,2030,52,63,ES1 6 bat,0.0
mean,2030,52,64,ES1 6 bat,0.0
mean,2030,52,65,ES1 6 bat,0.0
mean,2030,52,66,ES1 6 bat,0.0
mean,2030,52,67,ES1 6 bat,0.0
mean,2030,52,68,ES1 6 bat,0.0
mean,2030,52,69,ES1 6 bat,0.0
mean,2030,52,70,ES1 6 bat,0.0
mean,2030,52,71,ES1 6 bat,0.0
mean,2030,52,72,ES1 6 bat,0.0
mean,2030,52,73,ES1 6 bat,0.0
mean,2030,52,74,ES1 6 bat,0.0
mean,2030,52,75,ES1 6 bat,0.0
mean,2030,52,76,ES1 6 bat,0.0
mean,2030,52,77,ES1 6 bat,0.0
mean,2030,52,78,ES1 6 bat,0.0
mean,2030,52,79,ES1 6 bat,0.0
mean,2030,52,80,ES1 6 bat,0.0
mean,2030,52,81,ES1 6 bat,0.0
mean,2030,52,82,ES1 6 bat,0.0
mean,2030,52,83,ES1 6 bat,0.0
mean,2030,52,84,ES1 6 bat,0.0
mean,2030,52,85,ES1 6 bat,0.0
mean,2030,52,86,ES1 6 bat,0.0
mean,2030,52,87,ES1 6 bat,0.0
mean,2030,52,88,ES1 6 bat,0.0
mean,2030,52,89,ES1 6 bat,0.0
mean,2030,52,90,ES1 6 bat,0.0
mean,2030,52,91,ES1 6 bat,0.0
mean,2030,52,92,ES1 6 bat,0.0
mean,2030,52,93,ES1 6 bat,0.0
mean,2030,52,94,ES1 6 bat,0.0
mean,2030,52,95,ES1 6 bat,0.0
mean,2030,52,96,ES1 6 bat,0.0
mean,2030,52,97,ES1 6 bat,0.0
mean,2030,52,98,ES1 6 bat,0.0
mean,2030,52,99,ES1 6 bat,0.0
mean,2030,52,100,ES1 6 bat,0.0
mean,2030,52,101,ES1 6 bat,0.0
mean,2030,52,102,ES1 6 bat,0.0
mean,2030,52,103,ES1 6 bat,0.0
mean,2030,52,104,ES1 6 bat,0.0
mean,2030,52,105,ES1 6 bat,0.0
mean,2030,52,106,ES1 6 bat,0.0
mean,2030,52,107,ES1 6 bat,0.0
mean,2030,52,108,ES1 6 bat,0.0
mean,2030,52,109,ES1 6 bat,0.0
mean,2030,52,110,ES1 6 bat,0.0
mean,2030,52,111,ES1 6 bat,0.0
mean,2030,52,112,ES1 6 bat,0.0
mean,2030,52,113,ES1 6 bat,0.0
mean,2030,52,114,ES1 6 bat,0.0
mean,2030,52,115,ES1 6 bat,0.0
mean,2030,52,116,ES1 6 bat,0.0
mean,2030,52,117,ES1 6 bat,0.0
mean,2030,52,118,ES1 6 bat,0.0
mean,2030,52,119,ES1 6 bat,0.0
mean,2030,52,120,ES1 6 bat,0.0
mean,2030,52,121,ES1 6 bat,0.0
mean,2030,52,122,ES1 6 bat,0.0
mean,2030,52,123,ES1 6 bat,0.0
mean,2030,52,124,ES1 6 bat,0.0
mean,2030,52,125,ES1 6 bat,0.0
mean,2030,52,126,ES1 6 bat,0.0
mean,2030,52,127,ES1 6 bat,0.0
mean,2030,52,128,ES1 6 bat,0.0
mean,2030,52,129,ES1 6 bat,0.0
mean,2030,52,130,ES1 6 bat,0.0
mean,2030,52,131,ES1 6 bat,0.0
mean,2030,52,132,ES1 6 bat,0.0
mean,2030,52,133,ES1 6 bat,0.0
mean,2030,52,134,ES1 6 bat,0.0
mean,2030,52,135,ES1 6 bat,0.0
mean,2030,52,136,ES1 6 bat,0.0
mean,2030,52,137,ES1 6 bat,0.0
mean,2030,52,138,ES1 6 bat,0.0
mean,2030,52,139,ES1 6 bat,0.0
mean,2030,52,140,ES1 6 bat,0.0
mean,2030,52,141,ES1 6 bat,0.0
mean,2030,52,142,ES1 6 bat,0.0
mean,2030,52,143,ES1 6 bat,0.0
mean,2030,52,144,ES1 6 bat,0.0
mean,2030,52,145,ES1 6 bat,0.0
mean,2030,52,146,ES1 6 bat,0.0
mean,2030,52,147,ES1 6 bat,0.0
mean,2030,52,148,ES1 6 bat,0.0
mean,2030,52,149,ES1 6 bat,0.0
mean,2030,52,150,ES1 6 bat,0.0
mean,2030,52,151,ES1 6 bat,0.0
mean,2030,52,152,ES1 6 bat,0.0
mean,2030,52,153,ES1 6 bat,0.0
mean,2030,52,154,ES1 6 bat,0.0
mean,2030,52,155,ES1 6 bat,0.0
mean,2030,52,156,ES1 6 bat,0.0
mean,2030,52,157,ES1 6 bat,0.0
mean,2030,52,158,ES1 6 bat,0.0
mean,2030,52,159,ES1 6 bat,-0.003939238097085055
mean,2030,52,160,ES1 6 bat,-0.004118616650309022
mean,2030,52,161,ES1 6 bat,0.0
mean,2030,52,162,ES1 6 bat,0.0
mean,2030,52,163,ES1 6 bat,0.0
mean,2030,52,164,ES1 6 bat,0.0
mean,2030,52,165,ES1 6 bat,0.0
mean,2030,52,166,ES1 6 bat,0.0
mean,2030,52,167,ES1 6 bat,0.0
mean,2040,11,0,ES1 6 bat,-0.014727782542382353
mean,2040,11,1,ES1 6 bat,0.0
mean,2040,11,2,ES1 6 bat,0.0
mean,2040,11,3,ES1 6 bat,0.0
mean,2040,11,4,ES1 6 bat,0.0
mean,2040,11,5,ES1 6 bat,0.0
mean,2040,11,6,ES1 6 bat,0.0
mean,2040,11,7,ES1 6 bat,0.0
mean,2040,11,8,ES1 6 bat,0.0
mean,2040,11,9,ES1 6 bat,0.0
mean,2040,11,10,ES1 6 bat,0.0
mean,2040,11,11,ES1 6 bat,0.0
mean,2040,11,12,ES1 6 bat,0.0
mean,2040,11,13,ES1 6 bat,0.0
mean,2040,11,14,ES1 6 bat,0.0
mean,2040,11,15,ES1 6 bat,0.0
mean,2040,11,16,ES1 6 bat,0.0
mean,2040,11,17,ES1 6 bat,0.0
mean,2040,11,18,ES1 6 bat,0.0
mean,2040,11,19,ES1 6 bat,0.0
mean,2040,11,20,ES1 6 bat,0.0
mean,2040,11,21,ES1 6 bat,0.0
mean,2040,11,22,ES1 6 bat,0.0
mean,2040,11,23,ES1 6 bat,0.0
mean,2040,11,24,ES1 6 bat,0.0
mean,2040,11,25,ES1 6 bat,0.0
mean,2040,11,26,ES1 6 bat,0.0
mean,2040,11,27,ES1 6 bat,0.0
mean,2040,11,28,ES1 6 bat,0.0
mean,2040,11,29,ES1 6 bat,0.0
mean,2040,11,30,ES1 6 bat,-6.356694035612628e-05
mean,2040,11,31,ES1 6 bat,-61.115074611855434
mean,2040,11,32,ES1 6 bat,0.0
mean,2040,11,33,ES1 6 bat,0.0
mean,2040,11,34,ES1 6 bat,0.0
mean,2040,11,35,ES1 6 bat,0.0
mean,2040,11,36,ES1 6 bat,0.0
mean,2040,11,37,ES1 6 bat,0.0
mean,2040,11,38,ES1 6 bat,0.0
mean,2040,11,39,ES1 6 bat,0.0
mean,2040,11,40,ES1 6 bat,0.0
mean,2040,11,41,ES1 6 bat,0.0
mean,2040,11,42,ES1 6 bat,0.0
mean,2040,11,43,ES1 6 bat,0.0
mean,2040,11,44,ES1 6 bat,0.0
mean,2040,11,45,ES1 6 bat,0.0
mean,2040,11,46,ES1 6 bat,0.0
mean,2040,11,47,ES1 6 bat,0.0
mean,2040,11,48,ES1 6 bat,0.0
mean,2040,11,49,ES1 6 bat,0.0
mean,2040,11,50,ES1 6 bat,0.0
mean,2040,11,51,ES1 6 bat,0.0
mean,2040,11,52,ES1 6 bat,0.0
mean,2040,11,53,ES1 6 bat,0.0
mean,2040,11,54,ES1 6 bat,0.0
mean,2040,11,55,ES1 6 bat,0.0
mean,2040,11,56,ES1 6 bat,0.0
mean,2040,11,57,ES1 6 bat,0.0
mean,2040,11,58,ES1 6 bat,0.0
mean,2040,11,59,ES1 6 bat,0.0
mean,2040,11,60,ES1 6 bat,0.0
mean,2040,11,61,ES1 6 bat,0.0
mean,2040,11,62,ES1 6 bat,0.0
mean,2040,11,63,ES1 6 bat,0.0
mean,2040,11,64,ES1 6 bat,0.0
mean,2040,11,65,ES1 6 bat,0.0
mean,2040,11,66,ES1 6 bat,0.0
mean,2040,11,67,ES1 6 bat,0.0
mean,2040,11,68,ES1 6 bat,0.0
mean,2040,11,69,ES1 6 bat,0.0
mean,2040,11,70,ES1 6 bat,0.0
mean,2040,11,71,ES1 6 bat,0.0
mean,2040,11,72,ES1 6 bat,0.0
mean,2040,11,73,ES1 6 bat,0.0
mean,2040,11,74,ES1 6 bat,0.0
mean,2040,11,75,ES1 6 bat,0.0
mean,2040,11,76,ES1 6 bat,0.0
mean,2040,11,77,ES1 6 bat,0.0
mean,2040,11,78,ES1 6 bat,0.0
mean,2040,11,79,ES1 6 bat,0.0
mean,2040,11,80,ES1 6 bat,0.0
mean,2040,11,81,ES1 6 bat,0.0
mean,2040,11,82,ES1 6 bat,0.0
mean,2040,11,83,ES1 6 bat,0.0
mean,2040,11,84,ES1 6 bat,0.0
mean,2040,11,85,ES1 6 bat,0.0
mean,2040,11,86,ES1 6 bat,0.0
mean,2040,11,87,ES1 6 bat,0.0
mean,2040,11,88,ES1 6 bat,0.0
mean,2040,11,89,ES1 6 bat,0.0
mean,2040,11,90,ES1 6 bat,0.0
mean,2040,11,91,ES1 6 bat,0.0
mean,2040,11,92,ES1 6 bat,0.0
mean,2040,11,93,ES1 6 bat,0.0
mean,2040,11,94,ES1 6 bat,0.0
mean,2040,11,95,ES1 6 bat,0.0
mean,2040,11,96,ES1 6 bat,0.0
mean,2040,11,97,ES1 6 bat,0.0
mean,2040,11,98,ES1 6 bat,0.0
mean,2040,11,99,ES1 6 bat,0.0
mean,2040,11,100,ES1 6 bat,0.0
mean,2040,11,101,ES1 6 bat,0.0
mean,2040,11,102,ES1 6 bat,0.0
mean,2040,11,103,ES1 6 bat,0.0
mean,2040,11,104,ES1 6 bat,0.0
mean,2040,11,105,ES1 6 bat,0.0
mean,2040,11,106,ES1 6 bat,0.0
mean,2040,11,107,ES1 6 bat,0.0
mean,2040,11,108,ES1 6 bat,0.0
mean,2040,11,109,ES1 6 bat,0.0
mean,2040,11,110,ES1 6 bat,0.0
mean,2040,11,111,ES1 6 bat,0.0
mean,2040,11,112,ES1 6 bat,0.0
mean,2040,11,113,ES1 6 bat,0.0
mean,2040,11,114,ES1 6 bat,-8.721182071795201e-15
mean,2040,11,115,ES1 6 bat,0.0
mean,2040,11,116,ES1 6 bat,0.0
mean,2040,11,117,ES1 6 bat,0.0
mean,2040,11,118,ES1 6 bat,0.0
mean,2040,11,119,ES1 6 bat,0.0
mean,2040,11,120,ES1 6 bat,0.0
mean,2040,11,121,ES1 6 bat,0.0
mean,2040,11,122,ES1 6 bat,0.0
mean,2040,11,123,ES1 6 bat,0.0
mean,2040,11,124,ES1 6 bat,0.0
mean,2040,11,125,ES1 6 bat,0.0
mean,2040,11,126,ES1 6 bat,0.0
mean,2040,11,127,ES1 6 bat,0.0
mean,2040,11,128,ES1 6 bat,0.0
mean,2040,11,129,ES1 6 bat,0.0
mean,2040,11,130,ES1 6 bat,0.0
mean,2040,11,131,ES1 6 bat,0.0
mean,2040,11,132,ES1 6 bat,0.0
mean,2040,11,133,ES1 6 bat,0.0
mean,2040,11,134,ES1 6 bat,0.0
mean,2040,11,135,ES1 6 bat,0.0
mean,2040,11,136,ES1 6 bat,0.0
mean,2040,11,137,ES1 6 bat,0.0
mean,2040,11,138,ES1 6 bat,0.0
mean,2040,11,139,ES1 6 bat,0.0
mean,2040,11,140,ES1 6 bat,0.0
mean,2040,11,141,ES1 6 bat,0.0
mean,2040,11,142,ES1 6 bat,0.0
mean,2040,11,143,ES1 6 bat,0.0
mean,2040,11,144,ES1 6 bat,0.0
mean,2040,11,145,ES1 6 bat,0.0
mean,2040,11,146,ES1 6 bat,0.0
mean,2040,11,147,ES1 6 bat,0.0
mean,2040,11,148,ES1 6 bat,0.0
mean,2040,11,149,ES1 6 bat,0.0
mean,2040,11,150,ES1 6 bat,0.0
mean,2040,11,151,ES1 6 bat,0.0
mean,2040,11,152,ES1 6 bat,0.0
mean,2040,11,153,ES1 6 bat,0.0
mean,2040,11,154,ES1 6 bat,0.0
mean,2040,11,155,ES1 6 bat,0.0
mean,2040,11,156,ES1 6 bat,0.0
mean,2040,11,157,ES1 6 bat,0.0
mean,2040,11,158,ES1 6 bat,0.0
mean,2040,11,159,ES1 6 bat,0.0
mean,2040,11,160,ES1 6 bat,0.0
mean,2040,11,161,ES1 6 bat,0.0
mean,2040,11,162,ES1 6 bat,0.0
mean,2040,11,163,ES1 6 bat,0.0
mean,2040,11,164,ES1 6 bat,0.0
mean,2040,11,165,ES1 6 bat,0.0
mean,2040,11,166,ES1 6 bat,0.0
mean,2040,11,167,ES1 6 bat,0.0
mean,2040,21,0,ES1 6 bat,-63.306102407755546
mean,2040,21,1,ES1 6 bat,0.0
mean,2040,21,2,ES1 6 bat,0.0
mean,2040,21,3,ES1 6 bat,0.0
mean,2040,21,4,ES1 6 bat,0.0
mean,2040,21,5,ES1 6 bat,0.0
mean,2040,21,6,ES1 6 bat,0.0
mean,2040,21,7,ES1 6 bat,0.0
mean,2040,21,8,ES1 6 bat,0.0
mean,2040,21,9,ES1 6 bat,0.0
mean,2040,21,10,ES1 6 bat,0.0
mean,2040,21,11,ES1 6 bat,0.0
mean,2040,21,12,ES1 6 bat,0.0
mean,2040,21,13,ES1 6 bat,0.0
mean,2040,21,14,ES1 6 bat,0.0
mean,2040,21,15,ES1 6 bat,0.0
mean,2040,21,16,ES1 6 bat,0.0
mean,2040,21,17,ES1 6 bat,0.0
mean,2040,21,18,ES1 6 bat,0.0
mean,2040,21,19,ES1 6 bat,0.0
mean,2040,21,20,ES1 6 bat,0.0
mean,2040,21,21,ES1 6 bat,0.0
mean,2040,21,22,ES1 6 bat,0.0
mean,2040,21,23,ES1 6 bat,0.0
mean,2040,21,24,ES1 6 bat,0.0
mean,2040,21,25,ES1 6 bat,0.0
mean,2040,21,26,ES1 6 bat,0.0
mean,2040,21,27,ES1 6 bat,0.0
mean,2040,21,28,ES1 6 bat,0.0
mean,2040,21,29,ES1 6 bat,0.0
mean,2040,21,30,ES1 6 bat,-0.5200378939904611
mean,2040,21,31,ES1 6 bat,0.0
mean,2040,21,32,ES1 6 bat,0.0
mean,2040,21,33,ES1 6 bat,0.0
mean,2040,21,34,ES1 6 bat,0.0
mean,2040,21,35,ES1 6 bat,0.0
mean,2040,21,36,ES1 6 bat,0.0
mean,2040,21,37,ES1 6 bat,0.0
mean,2040,21,38,ES1 6 bat,0.0
mean,2040,21,39,ES1 6 bat,0.0
mean,2040,21,40,ES1 6 bat,0.0
mean,2040,21,41,ES1 6 bat,0.0
mean,2040,21,42,ES1 6 bat,0.0
mean,2040,21,43,ES1 6 bat,0.0
mean,2040,21,44,ES1 6 bat,0.0
mean,2040,21,45,ES1 6 bat,0.0
mean,2040,21,46,ES1 6 bat,0.0
mean,2040,21,47,ES1 6 bat,0.0
mean,2040,21,48,ES1 6 bat,0.0
mean,2040,21,49,ES1 6 bat,0.0
mean,2040,21,50,ES1 6 bat,0.0
mean,2040,21,51,ES1 6 bat,0.0
mean,2040,21,52,ES1 6 bat,0.0
mean,2040,21,53,ES1 6 bat,0.0
mean,2040,21,54,ES1 6 bat,0.0
mean,2040,21,55,ES1 6 bat,0.0
mean,2040,21,56,ES1 6 bat,0.0
mean,2040,21,57,ES1 6 bat,0.0
mean,2040,21,58,ES1 6 bat,0.0
mean,2040,21,59,ES1 6 bat,0.0
mean,2040,21,60,ES1 6 bat,0.0
mean,2040,21,61,ES1 6 bat,0.0
mean,2040,21,62,ES1 6 bat,0.0
mean,2040,21,63,ES1 6 bat,0.0
mean,2040,21,64,ES1 6 bat,0.0
mean,2040,21,65,ES1 6 bat,0.0
mean,2040,21,66,ES1 6 bat,0.0
mean,2040,21,67,ES1 6 bat,0.0
mean,2040,21,68,ES1 6 bat,0.0
mean,2040,21,69,ES1 6 bat,0.0
mean,2040,21,70,ES1 6 bat,0.0
mean,2040,21,71,ES1 6 bat,0.0
mean,2040,21,72,ES1 6 bat,0.0
mean,2040,21,73,ES1 6 bat,0.0
mean,2040,21,74,ES1 6 bat,0.0
mean,2040,21,75,ES1 6 bat,0.0
mean,2040,21,76,ES1 6 bat,0.0
mean,2040,21,77,ES1 6 bat,8.721182071795201e-15
mean,2040,21,78,ES1 6 bat,0.0
mean,2040,21,79,ES1 6 bat,0.0
mean,2040,21,80,ES1 6 bat,0.0
mean,2040,21,81,ES1 6 bat,0.0
mean,2040,21,82,ES1 6 bat,0.0
mean,2040,21,83,ES1 6 bat,0.0
mean,2040,21,84,ES1 6 bat,0.0
mean,2040,21,85,ES1 6 bat,0.0
mean,2040,21,86,ES1 6 bat,0.0
mean,2040,21,87,ES1 6 bat,0.0
mean,2040,21,88,ES1 6 bat,0.0
mean,2040,21,89,ES1 6 bat,0.0
mean,2040,21,90,ES1 6 bat,0.0
mean,2040,21,91,ES1 6 bat,0.0
mean,2040,21,92,ES1 6 bat,0.0
mean,2040,21,93,ES1 6 bat,0.0
mean,2040,21,94,ES1 6 bat,-0.00022910318372391648
mean,2040,21,95,ES1 6 bat,0.0
mean,2040,21,96,ES1 6 bat,0.0
mean,2040,21,97,ES1 6 bat,0.0
mean,2040,21,98,ES1 6 bat,0.0
mean,2040,21,99,ES1 6 bat,0.0
mean,2040,21,100,ES1 6 bat,0.0
mean,2040,21,101,ES1 6 bat,0.0
mean,2040,21,102,ES1 6 bat,0.0
mean,2040,21,103,ES1 6 bat,0.0
mean,2040,21,104,ES1 6 bat,0.0
mean,2040,21,105,ES1 6 bat,0.0
mean,2040,21,106,ES1 6 bat,0.0
mean,2040,21,107,ES1 6 bat,0.0
mean,2040,21,108,ES1 6 bat,0.0
mean,2040,21,109,ES1 6 bat,0.0
mean,2040,21,110,ES1 6 bat,0.0
mean,2040,21,111,ES1 6 bat,0.0
mean,2040,21,112,ES1 6 bat,0.0
mean,2040,21,113,ES1 6 bat,0.0
mean,2040,21,114,ES1 6 bat,0.0
mean,2040,21,115,ES1 6 bat,0.0
mean,2040,21,116,ES1 6 bat,0.0
mean,2040,21,117,ES1 6 bat,0.0
mean,2040,21,118,ES1 6 bat,0.0
mean,2040,21,119,ES1 6 bat,0.0
mean,2040,21,120,ES1 6 bat,0.0
mean,2040,21,121,ES1 6 bat,0.0
mean,2040,21,122,ES1 6 bat,0.0
mean,2040,21,123,ES1 6 bat,0.0
mean,2040,21,124,ES1 6 bat,0.0
mean,2040,21,125,ES1 6 bat,0.0
mean,2040,21,126,ES1 6 bat,0.0
mean,2040,21,127,ES1 6 bat,0.0
mean,2040,21,128,ES1 6 bat,0.0
mean,2040,21,129,ES1 6 bat,0.0
mean,2040,21,130,ES1 6 bat,0.0
mean,2040,21,131,ES1 6 bat,0.0
mean,2040,21,132,ES1 6 bat,0.0
mean,2040,21,133,ES1 6 bat,0.0
mean,2040,21,134,ES1 6 bat,0.0
mean,2040,21,135,ES1 6 bat,0.0
mean,2040,21,136,ES1 6 bat,0.0
mean,2040,21,137,ES1 6 bat,0.0
mean,2040,21,138,ES1 6 bat,0.0
mean,2040,21,139,ES1 6 bat,0.0
mean,2040,21,140,ES1 6 bat,0.0
mean,2040,21,141,ES1 6 bat,0.0
mean,2040,21,142,ES1 6 bat,0.0
mean,2040,21,143,ES1 6 bat,0.0
mean,2040,21,144,ES1 6 bat,0.0
mean,2040,21,145,ES1 6 bat,0.0
mean,2040,21,146,ES1 6 bat,0.0
mean,2040,21,147,ES1 6 bat,0.0
mean,2040,21,148,ES1 6 bat,0.0
mean,2040,21,149,ES1 6 bat,0.0
mean,2040,21,150,ES1 6 bat,0.0
mean,2040,21,151,ES1 6 bat,0.0
mean,2040,21,152,ES1 6 bat,0.0
mean,2040,21,153,ES1 6 bat,0.0
mean,2040,21,154,ES1 6 bat,0.0
mean,2040,21,155,ES1 6 bat,0.0
mean,2040,21,156,ES1 6 bat,0.0
mean,2040,21,157,ES1 6 bat,0.0
mean,2040,21,158,ES1 6 bat,0.0
mean,2040,21,159,ES1 6 bat,0.0
mean,2040,21,160,ES1 6 bat,0.0
mean,2040,21,161,ES1 6 bat,0.0
mean,2040,21,162,ES1 6 bat,0.0
mean,2040,21,163,ES1 6 bat,0.0
mean,2040,21,164,ES1 6 bat,0.0
mean,2040,21,165,ES1 6 bat,0.0
mean,2040,21,166,ES1 6 bat,0.0
mean,2040,21,167,ES1 6 bat,0.0
mean,2040,42,0,ES1 6 bat,-63.59768759386411
mean,2040,42,1,ES1 6 bat,0.0
mean,2040,42,2,ES1 6 bat,0.0
mean,2040,42,3,ES1 6 bat,0.0
mean,2040,42,4,ES1 6 bat,0.0
mean,2040,42,5,ES1 6 bat,0.0
mean,2040,42,6,ES1 6 bat,-0.0031172893642079005
mean,2040,42,7,ES1 6 bat,0.0
mean,2040,42,8,ES1 6 bat,0.0
mean,2040,42,9,ES1 6 bat,0.0
mean,2040,42,10,ES1 6 bat,0.0
mean,2040,42,11,ES1 6 bat,0.0
mean,2040,42,12,ES1 6 bat,0.0
mean,2040,42,13,ES1 6 bat,0.0
mean,2040,42,14,ES1 6 bat,0.0
mean,2040,42,15,ES1 6 bat,0.0
mean,2040,42,16,ES1 6 bat,0.0
mean,2040,42,17,ES1 6 bat,0.0
mean,2040,42,18,ES1 6 bat,0.0
mean,2040,42,19,ES1 6 bat,0.0
mean,2040,42,20,ES1 6 bat,0.0
mean,2040,42,21,ES1 6 bat,0.0
mean,2040,42,22,ES1 6 bat,0.0
mean,2040,42,23,ES1 6 bat,0.0
mean,2040,42,24,ES1 6 bat,0.0
mean,2040,42,25,ES1 6 bat,0.0
mean,2040,42,26,ES1 6 bat,0.0
mean,2040,42,27,ES1 6 bat,0.0
mean,2040,42,28,ES1 6 bat,0.0
mean,2040,42,29,ES1 6 bat,-0.5327265073738289
mean,2040,42,30,ES1 6 bat,-0.5302002689370106
mean,2040,42,31,ES1 6 bat,-0.5276739251853865
mean,2040,42,32,ES1 6 bat,0.0
mean,2040,42,33,ES1 6 bat,0.0
mean,2040,42,34,ES1 6 bat,0.0
mean,2040,42,35,ES1 6 bat,0.0
mean,2040,42,36,ES1 6 bat,0.0
mean,2040,42,37,ES1 6 bat,0.0
mean,2040,42,38,ES1 6 bat,0.0
mean,2040,42,39,ES1 6 bat,0.0
mean,2040,42,40,ES1 6 bat,0.0
mean,2040,42,41,ES1 6 bat,0.0
mean,2040,42,42,ES1 6 bat,0.0
mean,2040,42,43,ES1 6 bat,0.0
mean,2040,42,44,ES1 6 bat,0.0
mean,2040,42,45,ES1 6 bat,0.0
mean,2040,42,46,ES1 6 bat,0.0
mean,2040,42,47,ES1 6 bat,0.0
mean,2040,42,48,ES1 6 bat,0.0
mean,2040,42,49,ES1 6 bat,0.0
mean,2040,42,50,ES1 6 bat,0.0
mean,2040,42,51,ES1 6 bat,0.0
mean,2040,42,52,ES1 6 bat,0.0
mean,2040,42,53,ES1 6 bat,0.0
mean,2040,42,54,ES1 6 bat,-0.4345591555943267
mean,2040,42,55,ES1 6 bat,0.0
mean,2040,42,56,ES1 6 bat,0.0
mean,2040,42,57,ES1 6 bat,0.0
mean,2040,42,58,ES1 6 bat,0.0
mean,2040,42,59,ES1 6 bat,0.0
mean,2040,42,60,ES1 6 bat,0.0
mean,2040,42,61,ES1 6 bat,0.0
mean,2040,42,62,ES1 6 bat,0.0
mean,2040,42,63,ES1 6 bat,0.0
mean,2040,42,64,ES1 6 bat,0.0
mean,2040,42,65,ES1 6 bat,0.0
mean,2040,42,66,ES1 6 bat,0.0
mean,2040,42,67,ES1 6 bat,0.0
mean,2040,42,68,ES1 6 bat,0.0
mean,2040,42,69,ES1 6 bat,0.0
mean,2040,42,70,ES1 6 bat,0.0
mean,2040,42,71,ES1 6 bat,0.0
mean,2040,42,72,ES1 6 bat,0.0
mean,2040,42,73,ES1 6 bat,0.0
mean,2040,42,74,ES1 6 bat,0.0
mean,2040,42,75,ES1 6 bat,0.0
mean,2040,42,76,ES1 6 bat,0.0
mean,2040,42,77,ES1 6 bat,0.0
mean,2040,42,78,ES1 6 bat,-0.0
mean,2040,42,79,ES1 6 bat,0.0
mean,2040,42,80,ES1 6 bat,0.0
mean,2040,42,81,ES1 6 bat,0.0
mean,2040,42,82,ES1 6 bat,0.0
mean,2040,42,83,ES1 6 bat,0.0
mean,2040,42,84,ES1 6 bat,0.0
mean,2040,42,85,ES1 6 bat,0.0
mean,2040,42,86,ES1 6 bat,0.0
mean,2040,42,87,ES1 6 bat,0.0
mean,2040,42,88,ES1 6 bat,0.0
mean,2040,42,89,ES1 6 bat,0.0
mean,2040,42,90,ES1 6 bat,-457.8578180099894
mean,2040,42,91,ES1 6 bat,0.0
mean,2040,42,92,ES1 6 bat,0.0
mean,2040,42,93,ES1 6 bat,0.0
mean,2040,42,94,ES1 6 bat,0.0
mean,2040,42,95,ES1 6 bat,0.0
mean,2040,42,96,ES1 6 bat,0.0
mean,2040,42,97,ES1 6 bat,0.0
mean,2040,42,98,ES1 6 bat,0.0
mean,2040,42,99,ES1 6 bat,0.0
mean,2040,42,100,ES1 6 bat,0.0
mean,2040,42,101,ES1 6 bat,0.0
mean,2040,42,102,ES1 6 bat,0.0
mean,2040,42,103,ES1 6 bat,0.0
mean,2040,42,104,ES1 6 bat,0.0
mean,2040,42,105,ES1 6 bat,0.0
mean,2040,42,106,ES1 6 bat,0.0
mean,2040,42,107,ES1 6 bat,0.0
mean,2040,42,108,ES1 6 bat,0.0
mean,2040,42,109,ES1 6 bat,0.0
mean,2040,42,110,ES1 6 bat,0.0
mean,2040,42,111,ES1 6 bat,0.0
mean,2040,42,112,ES1 6 bat,0.0
mean,2040,42,113,ES1 6 bat,0.0
mean,2040,42,114,ES1 6 bat,0.0
mean,2040,42,115,ES1 6 bat,0.0
mean,2040,42,116,ES1 6 bat,0.0
mean,2040,42,117,ES1 6 bat,0.0
mean,2040,42,118,ES1 6 bat,0.0
mean,2040,42,119,ES1 6 bat,0.0
mean,2040,42,120,ES1 6 bat,0.0
mean,2040,42,121,ES1 6 bat,0.0
mean,2040,42,122,ES1 6 bat,0.0
mean,2040,42,123,ES1 6 bat,0.0
mean,2040,42,124,ES1 6 bat,0.0
mean,2040,42,125,ES1 6 bat,0.0
mean,2040,42,126,ES1 6 bat,-0.0
mean,2040,42,127,ES1 6 bat,0.0
mean,2040,42,128,ES1 6 bat,0.0
mean,2040,42,129,ES1 6 bat,0.0
mean,2040,42,130,ES1 6 bat,0.0
mean,2040,42,131,ES1 6 bat,0.0
mean,2040,42,132,ES1 6 bat,0.0
mean,2040,42,133,ES1 6 bat,0.0
mean,2040,42,134,ES1 6 bat,0.0
mean,2040,42,135,ES1 6 bat,0.0
mean,2040,42,136,ES1 6 bat,0.0
mean,2040,42,137,ES1 6 bat,0.0
mean,2040,42,138,ES1 6 bat,0.0
mean,2040,42,139,ES1 6 bat,0.0
mean,2040,42,140,ES1 6 bat,0.0
mean,2040,42,141,ES1 6 bat,0.0
mean,2040,42,142,ES1 6 bat,0.0
mean,2040,42,143,ES1 6 bat,0.0
mean,2040,42,144,ES1 6 bat,0.0
mean,2040,42,145,ES1 6 bat,0.0
mean,2040,42,146,ES1 6 bat,0.0
mean,2040,42,147,ES1 6 bat,0.0
mean,2040,42,148,ES1 6 bat,0.0
mean,2040,42,149,ES1 6 bat,0.0
mean,2040,42,150,ES1 6 bat,0.0
mean,2040,42,151,ES1 6 bat,0.0
mean,2040,42,152,ES1 6 bat,0.0
mean,2040,42,153,ES1 6 bat,0.0
mean,2040,42,154,ES1 6 bat,0.0
mean,2040,42,155,ES1 6 bat,0.0
mean,2040,42,156,ES1 6 bat,0.0
mean,2040,42,157,ES1 6 bat,0.0
mean,2040,42,158,ES1 6 bat,0.0
mean,2040,42,159,ES1 6 bat,0.0
mean,2040,42,160,ES1 6 bat,0.0
mean,2040,42,161,ES1 6 bat,0.0
mean,2040,42,162,ES1 6 bat,0.0
mean,2040,42,163,ES1 6 bat,0.0
mean,2040,42,164,ES1 6 bat,0.0
mean,2040,42,165,ES1 6 bat,0.0
mean,2040,42,166,ES1 6 bat,0.0
mean,2040,42,167,ES1 6 bat,0.0
mean,2040,52,0,ES1 6 bat,-61.13086596453036
mean,2040,52,1,ES1 6 bat,0.0
mean,2040,52,2,ES1 6 bat,0.0
mean,2040,52,3,ES1 6 bat,0.0
mean,2040,52,4,ES1 6 bat,0.0
mean,2040,52,5,ES1 6 bat,0.0
mean,2040,52,6,ES1 6 bat,0.0
mean,2040,52,7,ES1 6 bat,0.0
mean,2040,52,8,ES1 6 bat,0.0
mean,2040,52,9,ES1 6 bat,0.0
mean,2040,52,10,ES1 6 bat,0.0
mean,2040,52,11,ES1 6 bat,0.0
mean,2040,52,12,ES1 6 bat,0.0
mean,2040,52,13,ES1 6 bat,0.0
mean,2040,52,14,ES1 6 bat,0.0
mean,2040,52,15,ES1 6 bat,0.0
mean,2040,52,16,ES1 6 bat,0.0
mean,2040,52,17,ES1 6 bat,0.0
mean,2040,52,18,ES1 6 bat,0.0
mean,2040,52,19,ES1 6 bat,0.0
mean,2040,52,20,ES1 6 bat,0.0
mean,2040,52,21,ES1 6 bat,0.0
mean,2040,52,22,ES1 6 bat,0.0
mean,2040,52,23,ES1 6 bat,0.0
mean,2040,52,24,ES1 6 bat,0.0
mean,2040,52,25,ES1 6 bat,0.0
mean,2040,52,26,ES1 6 bat,0.0
mean,2040,52,27,ES1 6 bat,0.0
mean,2040,52,28,ES1 6 bat,0.0
mean,2040,52,29,ES1 6 bat,0.0
mean,2040,52,30,ES1 6 bat,0.0
mean,2040,52,31,ES1 6 bat,0.0
mean,2040,52,32,ES1 6 bat,0.0
mean,2040,52,33,ES1 6 bat,0.0
mean,2040,52,34,ES1 6 bat,0.0
mean,2040,52,35,ES1 6 bat,0.0
mean,2040,52,36,ES1 6 bat,0.0
mean,2040,52,37,ES1 6 bat,0.0
mean,2040,52,38,ES1 6 bat,0.0
mean,2040,52,39,ES1 6 bat,0.0
mean,2040,52,40,ES1 6 bat,0.0
mean,2040,52,41,ES1 6 bat,0.0
mean,2040,52,42,ES1 6 bat,0.0
mean,2040,52,43,ES1 6 bat,0.0
mean,2040,52,44,ES1 6 bat,0.0
mean,2040,52,45,ES1 6 bat,0.0
mean,2040,52,46,ES1 6 bat,0.0
mean,2040,52,47,ES1 6 bat,0.0
mean,2040,52,48,ES1 6 bat,0.0
mean,2040,52,49,ES1 6 bat,0.0
mean,2040,52,50,ES1 6 bat,0.0
mean,2040,52,51,ES1 6 bat,0.0
mean,2040,52,52,ES1 6 bat,0.0
mean,2040,52,53,ES1 6 bat,0.0
mean,2040,52,54,ES1 6 bat,0.0
mean,2040,52,55,ES1 6 bat,0.0
mean,2040,52,56,ES1 6 bat,0.0
mean,2040,52,57,ES1 6 bat,0.0
mean,2040,52,58,ES1 6 bat,0.0
mean,2040,52,59,ES1 6 bat,0.0
mean,2040,52,60,ES1 6 bat,0.0
mean,2040,52,61,ES1 6 bat,0.0
mean,2040,52,62,ES1 6 bat,0.0
mean,2040,52,63,ES1 6 bat,0.0
mean,2040,52,64,ES1 6 bat,0.0
mean,2040,52,65,ES1 6 bat,0.0
mean,2040,52,66,ES1 6 bat,0.0
mean,2040,52,67,ES1 6 bat,0.0
mean,2040,52,68,ES1 6 bat,0.0
mean,2040,52,69,ES1 6 bat,0.0
mean,2040,52,70,ES1 6 bat,0.0
mean,2040,52,71,ES1 6 bat,0.0
mean,2040,52,72,ES1 6 bat,0.0
mean,2040,52,73,ES1 6 bat,0.0
mean,2040,52,74,ES1 6 bat,0.0
mean,2040,52,75,ES1 6 bat,0.0
mean,2040,52,76,ES1 6 bat,0.0
mean,2040,52,77,ES1 6 bat,0.0
mean,2040,52,78,ES1 6 bat,0.0
mean,2040,52,79,ES1 6 bat,0.0
mean,2040,52,80,ES1 6 bat,0.0
mean,2040,52,81,ES1 6 bat,0.0
mean,2040,52,82,ES1 6 bat,0.0
mean,2040,52,83,ES1 6 bat,0.0
mean,2040,52,84,ES1 6 bat,0.0
mean,2040,52,85,ES1 6 bat,0.0
mean,2040,52,86,ES1 6 bat,0.0
mean,2040,52,87,ES1 6 bat,0.0
mean,2040,52,88,ES1 6 bat,0.0
mean,2040,52,89,ES1 6 bat,0.0
mean,2040,52,90,ES1 6 bat,0.0
mean,2040,52,91,ES1 6 bat,0.0
mean,2040,52,92,ES1 6 bat,0.0
mean,2040,52,93,ES1 6 bat,0.0
mean,2040,52,94,ES1 6 bat,0.0
mean,2040,52,95,ES1 6 bat,0.0
mean,2040,52,96,ES1 6 bat,0.0
mean,2040,52,97,ES1 6 bat,0.0
mean,2040,52,98,ES1 6 bat,0.0
mean,2040,52,99,ES1 6 bat,0.0
mean,2040,52,100,ES1 6 bat,0.0
mean,2040,52,101,ES1 6 bat,0.0
mean,2040,52,102,ES1 6 bat,0.0
mean,2040,52,103,ES1 6 bat,0.0
mean,2040,52,104,ES1 6 bat,0.0
mean,2040,52,105,ES1 6 bat,0.0
mean,2040,52,106,ES1 6 bat,0.0
mean,2040,52,107,ES1 6 bat,0.0
mean,2040,52,108,ES1 6 bat,0.0
mean,2040,52,109,ES1 6 bat,0.0
mean,2040,52,110,ES1 6 bat,0.0
mean,2040,52,111,ES1 6 bat,0.0
mean,2040,52,112,ES1 6 bat,0.0
mean,2040,52,113,ES1 6 bat,0.0
mean,2040,52,114,ES1 6 bat,0.0
mean,2040,52,115,ES1 6 bat,0.0
mean,2040,52,116,ES1 6 bat,0.0
mean,2040,52,117,ES1 6 bat,0.0
mean,2040,52,118,ES1 6 bat,0.0
mean,2040,52,119,ES1 6 bat,0.0
mean,2040,52,120,ES1 6 bat,0.0
mean,2040,52,121,ES1 6 bat,0.0
mean,2040,52,122,ES1 6 bat,0.0
mean,2040,52,123,ES1 6 bat,0.0
mean,2040,52,124,ES1 6 bat,0.0
mean,2040,52,125,ES1 6 bat,0.0
mean,2040,52,126,ES1 6 bat,0.0
mean,2040,52,127,ES1 6 bat,0.0
mean,2040,52,128,ES1 6 bat,0.0
mean,2040,52,129,ES1 6 bat,0.0
mean,2040,52,130,ES1 6 bat,0.0
mean,2040,52,131,ES1 6 bat,0.0
mean,2040,52,132,ES1 6 bat,0.0
mean,2040,52,133,ES1 6 bat,0.0
mean,2040,52,134,ES1 6 bat,0.0
mean,2040,52,135,ES1 6 bat,0.0
mean,2040,52,136,ES1 6 bat,0.0
mean,2040,52,137,ES1 6 bat,0.0
mean,2040,52,138,ES1 6 bat,0.0
mean,2040,52,139,ES1 6 bat,0.0
mean,2040,52,140,ES1 6 bat,-8.721182071795201e-15
mean,2040,52,141,ES1 6 bat,0.0
mean,2040,52,142,ES1 6 bat,0.0
mean,2040,52,143,ES1 6 bat,0.0
mean,2040,52,144,ES1 6 bat,0.0
mean,2040,52,145,ES1 6 bat,0.0
mean,2040,52,146,ES1 6 bat,0.0
mean,2040,52,147,ES1 6 bat,0.0
mean,2040,52,148,ES1 6 bat,0.0
mean,2040,52,149,ES1 6 bat,0.0
mean,2040,52,150,ES1 6 bat,0.0
mean,2040,52,151,ES1 6 bat,0.0
mean,2040,52,152,ES1 6 bat,0.0
mean,2040,52,153,ES1 6 bat,0.0
mean,2040,52,154,ES1 6 bat,0.0
mean,2040,52,155,ES1 6 bat,0.0
mean,2040,52,156,ES1 6 bat,0.0
mean,2040,52,157,ES1 6 bat,0.0
mean,2040,52,158,ES1 6 bat,0.0
mean,2040,52,159,ES1 6 bat,0.0
mean,2040,52,160,ES1 6 bat,0.0
mean,2040,52,161,ES1 6 bat,-0.0025483407072050333
mean,2040,52,162,ES1 6 bat,0.0
mean,2040,52,163,ES1 6 bat,0.0
mean,2040,52,164,ES1 6 bat,0.0
mean,2040,52,165,ES1 6 bat,0.0
mean,2040,52,166,ES1 6 bat,0.0
mean,2040,52,167,ES1 6 bat,0.0
mean,2050,11,0,ES1 6 bat,-0.014630568248329846
mean,2050,11,1,ES1 6 bat,0.0
mean,2050,11,2,ES1 6 bat,0.0
mean,2050,11,3,ES1 6 bat,0.0
mean,2050,11,4,ES1 6 bat,0.0
mean,2050,11,5,ES1 6 bat,0.0
mean,2050,11,6,ES1 6 bat,0.0
mean,2050,11,7,ES1 6 bat,0.0
mean,2050,11,8,ES1 6 bat,0.0
mean,2050,11,9,ES1 6 bat,0.0
mean,2050,11,10,ES1 6 bat,0.0
mean,2050,11,11,ES1 6 bat,0.0
mean,2050,11,12,ES1 6 bat,0.0
mean,2050,11,13,ES1 6 bat,0.0
mean,2050,11,14,ES1 6 bat,0.0
mean,2050,11,15,ES1 6 bat,0.0
mean,2050,11,16,ES1 6 bat,0.0
mean,2050,11,17,ES1 6 bat,0.0
mean,2050,11,18,ES1 6 bat,0.0
mean,2050,11,19,ES1 6 bat,0.0
mean,2050,11,20,ES1 6 bat,0.0
mean,2050,11,21,ES1 6 bat,0.0
mean,2050,11,22,ES1 6 bat,0.0
mean,2050,11,23,ES1 6 bat,0.0
mean,2050,11,24,ES1 6 bat,0.0
mean,2050,11,25,ES1 6 bat,0.0
mean,2050,11,26,ES1 6 bat,0.0
mean,2050,11,27,ES1 6 bat,0.0
mean,2050,11,28,ES1 6 bat,0.0
mean,2050,11,29,ES1 6 bat,0.0
mean,2050,11,30,ES1 6 bat,0.0
mean,2050,11,31,ES1 6 bat,0.0
mean,2050,11,32,ES1 6 bat,0.0
mean,2050,11,33,ES1 6 bat,0.0
mean,2050,11,34,ES1 6 bat,0.0
mean,2050,11,35,ES1 6 bat,0.0
mean,2050,11,36,ES1 6 bat,0.0
mean,2050,11,37,ES1 6 bat,0.0
mean,2050,11,38,ES1 6 bat,0.0
mean,2050,11,39,ES1 6 bat,0.0
mean,2050,11,40,ES1 6 bat,0.0
mean,2050,11,41,ES1 6 bat,0.0
mean,2050,11,42,ES1 6 bat,0.0
mean,2050,11,43,ES1 6 bat,0.0
mean,2050,11,44,ES1 6 bat,0.0
mean,2050,11,45,ES1 6 bat,0.0
mean,2050,11,46,ES1 6 bat,0.0
mean,2050,11,47,ES1 6 bat,0.0
mean,2050,11,48,ES1 6 bat,0.0
mean,2050,11,49,ES1 6 bat,0.0
mean,2050,11,50,ES1 6 bat,0.0
mean,2050,11,51,ES1 6 bat,0.0
mean,2050,11,52,ES1 6 bat,0.0
mean,2050,11,53,ES1 6 bat,0.0
mean,2050,11,54,ES1 6 bat,0.0
mean,2050,11,55,ES1 6 bat,0.0
mean,2050,11,56,ES1 6 bat,0.0
mean,2050,11,57,ES1 6 bat,0.0
mean,2050,11,58,ES1 6 bat,0.0
mean,2050,11,59,ES1 6 bat,0.0
mean,2050,11,60,ES1 6 bat,0.0
mean,2050,11,61,ES1 6 bat,0.0
mean,2050,11,62,ES1 6 bat,0.0
mean,2050,11,63,ES1 6 bat,0.0
mean,2050,11,64,ES1 6 bat,0.0
mean,2050,11,65,ES1 6 bat,0.0
mean,2050,11,66,ES1 6 bat,0.0
mean,2050,11,67,ES1 6 bat,0.0
mean,2050,11,68,ES1 6 bat,0.0
mean,2050,11,69,ES1 6 bat,0.0
mean,2050,11,70,ES1 6 bat,0.0
mean,2050,11,71,ES1 6 bat,0.0
mean,2050,11,72,ES1 6 bat,0.0
mean,2050,11,73,ES1 6 bat,0.0
mean,2050,11,74,ES1 6 bat,0.0
mean,2050,11,75,ES1 6 bat,0.0
mean,2050,11,76,ES1 6 bat,0.0
mean,2050,11,77,ES1 6 bat,0.0
mean,2050,11,78,ES1 6 bat,0.0
mean,2050,11,79,ES1 6 bat,0.0
mean,2050,11,80,ES1 6 bat,0.0
mean,2050,11,81,ES1 6 bat,0.0
mean,2050,11,82,ES1 6 bat,0.0
mean,2050,11,83,ES1 6 bat,0.0
mean,2050,11,84,ES1 6 bat,0.0
mean,2050,11,85,ES1 6 bat,0.0
mean,2050,11,86,ES1 6 bat,0.0
mean,2050,11,87,ES1 6 bat,0.0
mean,2050,11,88,ES1 6 bat,0.0
mean,2050,11,89,ES1 6 bat,0.0
mean,2050,11,90,ES1 6 bat,0.0
mean,2050,11,91,ES1 6 bat,0.0
mean,2050,11,92,ES1 6 bat,0.0
mean,2050,11,93,ES1 6 bat,0.0
mean,2050,11,94,ES1 6 bat,0.0
mean,2050,11,95,ES1 6 bat,0.0
mean,2050,11,96,ES1 6 bat,0.0
mean,2050,11,97,ES1 6 bat,0.0
mean,2050,11,98,ES1 6 bat,0.0
mean,2050,11,99,ES1 6 bat,0.0
mean,2050,11,100,ES1 6 bat,0.0
mean,2050,11,101,ES1 6 bat,0.0
mean,2050,11,102,ES1 6 bat,-1.7442364143590402e-14
mean,2050,11,103,ES1 6 bat,0.0
mean,2050,11,104,ES1 6 bat,0.0
mean,2050,11,105,ES1 6 bat,0.0
mean,2050,11,106,ES1 6 bat,0.0
mean,2050,11,107,ES1 6 bat,0.0
mean,2050,11,108,ES1 6 bat,0.0
mean,2050,11,109,ES1 6 bat,0.0
mean,2050,11,110,ES1 6 bat,0.0
mean,2050,11,111,ES1 6 bat,0.0
mean,2050,11,112,ES1 6 bat,0.0
mean,2050,11,113,ES1 6 bat,0.0
mean,2050,11,114,ES1 6 bat,0.0
mean,2050,11,115,ES1 6 bat,0.0
mean,2050,11,116,ES1 6 bat,0.0
mean,2050,11,117,ES1 6 bat,0.0
mean,2050,11,118,ES1 6 bat,0.0
mean,2050,11,119,ES1 6 bat,0.0
mean,2050,11,120,ES1 6 bat,0.0
mean,2050,11,121,ES1 6 bat,0.0
mean,2050,11,122,ES1 6 bat,0.0
mean,2050,11,123,ES1 6 bat,0.0
mean,2050,11,124,ES1 6 bat,0.0
mean,2050,11,125,ES1 6 bat,0.0
mean,2050,11,126,ES1 6 bat,0.0
mean,2050,11,127,ES1 6 bat,0.0
mean,2050,11,128,ES1 6 bat,0.0
mean,2050,11,129,ES1 6 bat,0.0
mean,2050,11,130,ES1 6 bat,0.0
mean,2050,11,131,ES1 6 bat,0.0
mean,2050,11,132,ES1 6 bat,0.0
mean,2050,11,133,ES1 6 bat,0.0
mean,2050,11,134,ES1 6 bat,0.0
mean,2050,11,135,ES1 6 bat,0.0
mean,2050,11,136,ES1 6 bat,0.0
mean,2050,11,137,ES1 6 bat,0.0
mean,2050,11,138,ES1 6 bat,0.0
mean,2050,11,139,ES1 6 bat,0.0
mean,2050,11,140,ES1 6 bat,0.0
mean,2050,11,141,ES1 6 bat,0.0
mean,2050,11,142,ES1 6 bat,0.0
mean,2050,11,143,ES1 6 bat,0.0
mean,2050,11,144,ES1 6 bat,0.0
mean,2050,11,145,ES1 6 bat,0.0
mean,2050,11,146,ES1 6 bat,0.0
mean,2050,11,147,ES1 6 bat,0.0
mean,2050,11,148,ES1 6 bat,0.0
mean,2050,11,149,ES1 6 bat,0.0
mean,2050,11,150,ES1 6 bat,0.0
mean,2050,11,151,ES1 6 bat,0.0
mean,2050,11,152,ES1 6 bat,0.0
mean,2050,11,153,ES1 6 bat,0.0
mean,2050,11,154,ES1 6 bat,0.0
mean,2050,11,155,ES1 6 bat,0.0
mean,2050,11,156,ES1 6 bat,0.0
mean,2050,11,157,ES1 6 bat,0.0
mean,2050,11,158,ES1 6 bat,0.0
mean,2050,11,159,ES1 6 bat,0.0
mean,2050,11,160,ES1 6 bat,0.0
mean,2050,11,161,ES1 6 bat,0.0
mean,2050,11,162,ES1 6 bat,-8.721182071795201e-15
mean,2050,11,163,ES1 6 bat,0.0
mean,2050,11,164,ES1 6 bat,0.0
mean,2050,11,165,ES1 6 bat,0.0
mean,2050,11,166,ES1 6 bat,0.0
mean,2050,11,167,ES1 6 bat,0.0
mean,2050,21,0,ES1 6 bat,-61.508191856634966
mean,2050,21,1,ES1 6 bat,0.0
mean,2050,21,2,ES1 6 bat,0.0
mean,2050,21,3,ES1 6 bat,0.0
mean,2050,21,4,ES1 6 bat,0.0
mean,2050,21,5,ES1 6 bat,0.0
mean,2050,21,6,ES1 6 bat,0.0
mean,2050,21,7,ES1 6 bat,0.0
mean,2050,21,8,ES1 6 bat,0.0
mean,2050,21,9,ES1 6 bat,0.0
mean,2050,21,10,ES1 6 bat,0.0
mean,2050,21,11,ES1 6 bat,0.0
mean,2050,21,12,ES1 6 bat,0.0
mean,2050,21,13,ES1 6 bat,0.0
mean,2050,21,14,ES1 6 bat,0.0
mean,2050,21,15,ES1 6 bat,0.0
mean,2050,21,16,ES1 6 bat,0.0
mean,2050,21,17,ES1 6 bat,0.0
mean,2050,21,18,ES1 6 bat,0.0
mean,2050,21,19,ES1 6 bat,0.0
mean,2050,21,20,ES1 6 bat,0.0
mean,2050,21,21,ES1 6 bat,0.0
mean,2050,21,22,ES1 6 bat,0.0
mean,2050,21,23,ES1 6 bat,0.0
mean,2050,21,24,ES1 6 bat,0.0
mean,2050,21,25,ES1 6 bat,0.0
mean,2050,21,26,ES1 6 bat,0.0
mean,2050,21,27,ES1 6 bat,0.0
mean,2050,21,28,ES1 6 bat,0.0
mean,2050,21,29,ES1 6 bat,0.0
mean,2050,21,30,ES1 6 bat,0.0
mean,2050,21,31,ES1 6 bat,0.0
mean,2050,21,32,ES1 6 bat,0.0
mean,2050,21,33,ES1 6 bat,0.0
mean,2050,21,34,ES1 6 bat,0.0
mean,2050,21,35,ES1 6 bat,0.0
mean,2050,21,36,ES1 6 bat,0.0
mean,2050,21,37,ES1 6 bat,0.0
mean,2050,21,38,ES1 6 bat,0.0
mean,2050,21,39,ES1 6 bat,0.0
mean,2050,21,40,ES1 6 bat,0.0
mean,2050,21,41,ES1 6 bat,0.0
mean,2050,21,42,ES1 6 bat,0.0
mean,2050,21,43,ES1 6 bat,0.0
mean,2050,21,44,ES1 6 bat,0.0
mean,2050,21,45,ES1 6 bat,0.0
mean,2050,21,46,ES1 6 bat,0.0
mean,2050,21,47,ES1 6 bat,0.0
mean,2050,21,48,ES1 6 bat,0.0
mean,2050,21,49,ES1 6 bat,0.0
mean,2050,21,50,ES1 6 bat,0.0
mean,2050,21,51,ES1 6 bat,0.0
mean,2050,21,52,ES1 6 bat,0.0
mean,2050,21,53,ES1 6 bat,0.0
mean,2050,21,54,ES1 6 bat,0.0
mean,2050,21,55,ES1 6 bat,0.0
mean,2050,21,56,ES1 6 bat,0.0
mean,2050,21,57,ES1 6 bat,0.0
mean,2050,21,58,ES1 6 bat,0.0
mean,2050,21,59,ES1 6 bat,0.0
mean,2050,21,60,ES1 6 bat,0.0
mean,2050,21,61,ES1 6 bat,0.0
mean,2050,21,62,ES1 6 bat,0.0
mean,2050,21,63,ES1 6 bat,0.0
mean,2050,21,64,ES1 6 bat,0.0
mean,2050,21,65,ES1 6 bat,0.0
mean,2050,21,66,ES1 6 bat,0.0
mean,2050,21,67,ES1 6 bat,0.0
mean,2050,21,68,ES1 6 bat,0.0
mean,2050,21,69,ES1 6 bat,0.0
mean,2050,21,70,ES1 6 bat,0.0
mean,2050,21,71,ES1 6 bat,0.0
mean,2050,21,72,ES1 6 bat,0.0
mean,2050,21,73,ES1 6 bat,0.0
mean,2050,21,74,ES1 6 bat,0.0
mean,2050,21,75,ES1 6 bat,0.0
mean,2050,21,76,ES1 6 bat,0.0
mean,2050,21,77,ES1 6 bat,0.0
mean,2050,21,78,ES1 6 bat,-8.721182071795201e-15
mean,2050,21,79,ES1 6 bat,0.0
mean,2050,21,80,ES1 6 bat,0.0
mean,2050,21,81,ES1 6 bat,0.0
mean,2050,21,82,ES1 6 bat,0.0
mean,2050,21,83,ES1 6 bat,0.0
mean,2050,21,84,ES1 6 bat,0.0
mean,2050,21,85,ES1 6 bat,0.0
mean,2050,21,86,ES1 6 bat,0.0
mean,2050,21,87,ES1 6 bat,0.0
mean,2050,21,88,ES1 6 bat,0.0
mean,2050,21,89,ES1 6 bat,0.0
mean,2050,21,90,ES1 6 bat,0.0
mean,2050,21,91,ES1 6 bat,0.0
mean,2050,21,92,ES1 6 bat,0.0
mean,2050,21,93,ES1 6 bat,0.0
mean,2050,21,94,ES1 6 bat,0.0
mean,2050,21,95,ES1 6 bat,0.0
mean,2050,21,96,ES1 6 bat,0.0
mean,2050,21,97,ES1 6 bat,0.0
mean,2050,21,98,ES1 6 bat,0.0
mean,2050,21,99,ES1 6 bat,0.0
mean,2050,21,100,ES1 6 bat,0.0
mean,2050,21,101,ES1 6 bat,0.0
mean,2050,21,102,ES1 6 bat,-1.7442364143590402e-14
mean,2050,21,103,ES1 6 bat,0.0
mean,2050,21,104,ES1 6 bat,0.0
mean,2050,21,105,ES1 6 bat,0.0
mean,2050,21,106,ES1 6 bat,0.0
mean,2050,21,107,ES1 6 bat,0.0
mean,2050,21,108,ES1 6 bat,0.0
mean,2050,21,109,ES1 6 bat,0.0
mean,2050,21,110,ES1 6 bat,0.0
mean,2050,21,111,ES1 6 bat,0.0
mean,2050,21,112,ES1 6 bat,0.0
mean,2050,21,113,ES1 6 bat,0.0
mean,2050,21,114,ES1 6 bat,0.0
mean,2050,21,115,ES1 6 bat,-0.0025483407072050333
mean,2050,21,116,ES1 6 bat,0.0
mean,2050,21,117,ES1 6 bat,0.0
mean,2050,21,118,ES1 6 bat,0.0
mean,2050,21,119,ES1 6 bat,0.0
mean,2050,21,120,ES1 6 bat,0.0
mean,2050,21,121,ES1 6 bat,0.0
mean,2050,21,122,ES1 6 bat,0.0
mean,2050,21,123,ES1 6 bat,0.0
mean,2050,21,124,ES1 6 bat,0.0
mean,2050,21,125,ES1 6 bat,0.0
mean,2050,21,126,ES1 6 bat,0.0
mean,2050,21,127,ES1 6 bat,0.0
mean,2050,21,128,ES1 6 bat,0.0
mean,2050,21,129,ES1 6 bat,0.0
mean,2050,21,130,ES1 6 bat,0.0
mean,2050,21,131,ES1 6 bat,0.0
mean,2050,21,132,ES1 6 bat,0.0
mean,2050,21,133,ES1 6 bat,0.0
mean,2050,21,134,ES1 6 bat,0.0
mean,2050,21,135,ES1 6 bat,0.0
mean,2050,21,136,ES1 6 bat,0.0
mean,2050,21,137,ES1 6 bat,0.0
mean,2050,21,138,ES1 6 bat,0.0
mean,2050,21,139,ES1 6 bat,0.0
mean,2050,21,140,ES1 6 bat,0.0
mean,2050,21,141,ES1 6 bat,0.0
mean,2050,21,142,ES1 6 bat,0.0
mean,2050,21,143,ES1 6 bat,0.0
mean,2050,21,144,ES1 6 bat,0.0
mean,2050,21,145,ES1 6 bat,0.0
mean,2050,21,146,ES1 6 bat,0.0
mean,2050,21,147,ES1 6 bat,0.0
mean,2050,21,148,ES1 6 bat,0.0
mean,2050,21,149,ES1 6 bat,0.0
mean,2050,21,150,ES1 6 bat,0.0
mean,2050,21,151,ES1 6 bat,0.0
mean,2050,21,152,ES1 6 bat,0.0
mean,2050,21,153,ES1 6 bat,0.0
mean,2050,21,154,ES1 6 bat,0.0
mean,2050,21,155,ES1 6 bat,0.0
mean,2050,21,156,ES1 6 bat,0.0
mean,2050,21,157,ES1 6 bat,0.0
mean,2050,21,158,ES1 6 bat,0.0
mean,2050,21,159,ES1 6 bat,0.0
mean,2050,21,160,ES1 6 bat,0.0
mean,2050,21,161,ES1 6 bat,0.0
mean,2050,21,162,ES1 6 bat,0.0
mean,2050,21,163,ES1 6 bat,0.0
mean,2050,21,164,ES1 6 bat,0.0
mean,2050,21,165,ES1 6 bat,0.0
mean,2050,21,166,ES1 6 bat,0.0
mean,2050,21,167,ES1 6 bat,0.0
mean,2050,42,0,ES1 6 bat,-61.508191856634966
mean,2050,42,1,ES1 6 bat,0.0
mean,2050,42,2,ES1 6 bat,0.0
mean,2050,42,3,ES1 6 bat,0.0
mean,2050,42,4,ES1 6 bat,0.0
mean,2050,42,5,ES1 6 bat,0.0
mean,2050,42,6,ES1 6 bat,0.0
mean,2050,42,7,ES1 6 bat,0.0
mean,2050,42,8,ES1 6 bat,0.0
mean,2050,42,9,ES1 6 bat,0.0
mean,2050,42,10,ES1 6 bat,0.0
mean,2050,42,11,ES1 6 bat,0.0
mean,2050,42,12,ES1 6 bat,0.0
mean,2050,42,13,ES1 6 bat,0.0
mean,2050,42,14,ES1 6 bat,0.0
mean,2050,42,15,ES1 6 bat,0.0
mean,2050,42,16,ES1 6 bat,0.0
mean,2050,42,17,ES1 6 bat,0.0
mean,2050,42,18,ES1 6 bat,0.0
mean,2050,42,19,ES1 6 bat,0.0
mean,2050,42,20,ES1 6 bat,0.0
mean,2050,42,21,ES1 6 bat,0.0
mean,2050,42,22,ES1 6 bat,0.0
mean,2050,42,23,ES1 6 bat,0.0
mean,2050,42,24,ES1 6 bat,0.0
mean,2050,42,25,ES1 6 bat,0.0
mean,2050,42,26,ES1 6 bat,0.0
mean,2050,42,27,ES1 6 bat,0.0
mean,2050,42,28,ES1 6 bat,0.0
mean,2050,42,29,ES1 6 bat,0.0
mean,2050,42,30,ES1 6 bat,0.0
mean,2050,42,31,ES1 6 bat,0.0
mean,2050,42,32,ES1 6 bat,0.0
mean,2050,42,33,ES1 6 bat,0.0
mean,2050,42,34,ES1 6 bat,0.0
mean,2050,42,35,ES1 6 bat,0.0
mean,2050,42,36,ES1 6 bat,0.0
mean,2050,42,37,ES1 6 bat,0.0
mean,2050,42,38,ES1 6 bat,0.0
mean,2050,42,39,ES1 6 bat,0.0
mean,2050,42,40,ES1 6 bat,0.0
mean,2050,42,41,ES1 6 bat,0.0
mean,2050,42,42,ES1 6 bat,0.0
mean,2050,42,43,ES1 6 bat,1.7442364143590402e-14
mean,2050,42,44,ES1 6 bat,0.0
mean,2050,42,45,ES1 6 bat,0.0
mean,2050,42,46,ES1 6 bat,0.0
mean,2050,42,47,ES1 6 bat,0.0
mean,2050,42,48,ES1 6 bat,0.0
mean,2050,42,49,ES1 6 bat,0.0
mean,2050,42,50,ES1 6 bat,0.0
mean,2050,42,51,ES1 6 bat,0.0
mean,2050,42,52,ES1 6 bat,0.0
mean,2050,42,53,ES1 6 bat,0.0
mean,2050,42,54,ES1 6 bat,0.0
mean,2050,42,55,ES1 6 bat,8.721182071795201e-15
mean,2050,42,56,ES1 6 bat,0.0
mean,2050,42,57,ES1 6 bat,0.0
mean,2050,42,58,ES1 6 bat,0.0
mean,2050,42,59,ES1 6 bat,0.0
mean,2050,42,60,ES1 6 bat,0.0
mean,2050,42,61,ES1 6 bat,0.0
mean,2050,42,62,ES1 6 bat,0.0
mean,2050,42,63,ES1 6 bat,0.0
mean,2050,42,64,ES1 6 bat,0.0
mean,2050,42,65,ES1 6 bat,0.0
mean,2050,42,66,ES1 6 bat,0.0
mean,2050,42,67,ES1 6 bat,0.0
mean,2050,42,68,ES1 6 bat,0.0
mean,2050,42,69,ES1 6 bat,0.0
mean,2050,42,70,ES1 6 bat,0.0
mean,2050,42,71,ES1 6 bat,0.0
mean,2050,42,72,ES1 6 bat,0.0
mean,2050,42,73,ES1 6 bat,0.0
mean,2050,42,74,ES1 6 bat,0.0
mean,2050,42,75,ES1 6 bat,0.0
mean,2050,42,76,ES1 6 bat,0.0
mean,2050,42,77,ES1 6 bat,8.721182071795201e-15
mean,2050,42,78,ES1 6 bat,0.0
mean,2050,42,79,ES1 6 bat,0.0
mean,2050,42,80,ES1 6 bat,0.0
mean,2050,42,81,ES1 6 bat,0.0
mean,2050,42,82,ES1 6 bat,0.0
mean,2050,42,83,ES1 6 bat,0.0
mean,2050,42,84,ES1 6 bat,0.0
mean,2050,42,85,ES1 6 bat,0.0
mean,2050,42,86,ES1 6 bat,0.0
mean,2050,42,87,ES1 6 bat,0.0
mean,2050,42,88,ES1 6 bat,0.0
mean,2050,42,89,ES1 6 bat,0.0
mean,2050,42,90,ES1 6 bat,0.0
mean,2050,42,91,ES1 6 bat,-0.0
mean,2050,42,92,ES1 6 bat,0.0
mean,2050,42,93,ES1 6 bat,0.0
mean,2050,42,94,ES1 6 bat,0.0
mean,2050,42,95,ES1 6 bat,0.0
mean,2050,42,96,ES1 6 bat,0.0
mean,2050,42,97,ES1 6 bat,0.0
mean,2050,42,98,ES1 6 bat,0.0
mean,2050,42,99,ES1 6 bat,0.0
mean,2050,42,100,ES1 6 bat,0.0
mean,2050,42,101,ES1 6 bat,0.0
mean,2050,42,102,ES1 6 bat,0.0
mean,2050,42,103,ES1 6 bat,0.0
mean,2050,42,104,ES1 6 bat,0.0
mean,2050,42,105,ES1 6 bat,0.0
mean,2050,42,106,ES1 6 bat,0.0
mean,2050,42,107,ES1 6 bat,0.0
mean,2050,42,108,ES1 6 bat,0.0
mean,2050,42,109,ES1 6 bat,0.0
mean,2050,42,110,ES1 6 bat,0.0
mean,2050,42,111,ES1 6 bat,0.0
mean,2050,42,112,ES1 6 bat,0.0
mean,2050,42,113,ES1 6 bat,0.0
mean,2050,42,114,ES1 6 bat,0.0
mean,2050,42,115,ES1 6 bat,0.0
mean,2050,42,116,ES1 6 bat,8.721182071795201e-15
mean,2050,42,117,ES1 6 bat,0.0
mean,2050,42,118,ES1 6 bat,0.0
mean,2050,42,119,ES1 6 bat,0.0
mean,2050,42,120,ES1 6 bat,0.0
mean,2050,42,121,ES1 6 bat,0.0
mean,2050,42,122,ES1 6 bat,0.0
mean,2050,42,123,ES1 6 bat,0.0
mean,2050,42,124,ES1 6 bat,0.0
mean,2050,42,125,ES1 6 bat,0.0
mean,2050,42,126,ES1 6 bat,0.0
mean,2050,42,127,ES1 6 bat,0.0
mean,2050,42,128,ES1 6 bat,0.0
mean,2050,42,129,ES1 6 bat,0.0
mean,2050,42,130,ES1 6 bat,0.0
mean,2050,42,131,ES1 6 bat,0.0
mean,2050,42,132,ES1 6 bat,0.0
mean,2050,42,133,ES1 6 bat,0.0
mean,2050,42,134,ES1 6 bat,0.0
mean,2050,42,135,ES1 6 bat,0.0
mean,2050,42,136,ES1 6 bat,0.0
mean,2050,42,137,ES1 6 bat,0.0
mean,2050,42,138,ES1 6 bat,-0.0025483407072050333
mean,2050,42,139,ES1 6 bat,0.0
mean,2050,42,140,ES1 6 bat,0.0
mean,2050,42,141,ES1 6 bat,0.0
mean,2050,42,142,ES1 6 bat,0.0
mean,2050,42,143,ES1 6 bat,0.0
mean,2050,42,144,ES1 6 bat,0.0
mean,2050,42,145,ES1 6 bat,0.0
mean,2050,42,146,ES1 6 bat,0.0
mean,2050,42,147,ES1 6 bat,0.0
mean,2050,42,148,ES1 6 bat,0.0
mean,2050,42,149,ES1 6 bat,0.0
mean,2050,42,150,ES1 6 bat,0.0
mean,2050,42,151,ES1 6 bat,0.0
mean,2050,42,152,ES1 6 bat,0.0
mean,2050,42,153,ES1 6 bat,0.0
mean,2050,42,154,ES1 6 bat,0.0
mean,2050,42,155,ES1 6 bat,0.0
mean,2050,42,156,ES1 6 bat,0.0
mean,2050,42,157,ES1 6 bat,0.0
mean,2050,42,158,ES1 6 bat,0.0
mean,2050,42,159,ES1 6 bat,0.0
mean,2050,42,160,ES1 6 bat,0.0
mean,2050,42,161,ES1 6 bat,0.0
mean,2050,42,162,ES1 6 bat,0.0
mean,2050,42,163,ES1 6 bat,0.0
mean,2050,42,164,ES1 6 bat,0.0
mean,2050,42,165,ES1 6 bat,0.0
mean,2050,42,166,ES1 6 bat,0.0
mean,2050,42,167,ES1 6 bat,0.0
mean,2050,52,0,ES1 6 bat,-60.696306808936
mean,2050,52,1,ES1 6 bat,0.0
mean,2050,52,2,ES1 6 bat,0.0
mean,2050,52,3,ES1 6 bat,0.0
mean,2050,52,4,ES1 6 bat,0.0
mean,2050,52,5,ES1 6 bat,0.0
mean,2050,52,6,ES1 6 bat,0.0
mean,2050,52,7,ES1 6 bat,0.0
mean,2050,52,8,ES1 6 bat,0.0
mean,2050,52,9,ES1 6 bat,0.0
mean,2050,52,10,ES1 6 bat,0.0
mean,2050,52,11,ES1 6 bat,0.0
mean,2050,52,12,ES1 6 bat,0.0
mean,2050,52,13,ES1 6 bat,0.0
mean,2050,52,14,ES1 6 bat,0.0
mean,2050,52,15,ES1 6 bat,0.0
mean,2050,52,16,ES1 6 bat,0.0
mean,2050,52,17,ES1 6 bat,0.0
mean,2050,52,18,ES1 6 bat,0.0
mean,2050,52,19,ES1 6 bat,0.0
mean,2050,52,20,ES1 6 bat,0.0
mean,2050,52,21,ES1 6 bat,0.0
mean,2050,52,22,ES1 6 bat,0.0
mean,2050,52,23,ES1 6 bat,0.0
mean,2050,52,24,ES1 6 bat,0.0
mean,2050,52,25,ES1 6 bat,0.0
mean,2050,52,26,ES1 6 bat,0.0
mean,2050,52,27,ES1 6 bat,0.0
mean,2050,52,28,ES1 6 bat,0.0
mean,2050,52,29,ES1 6 bat,0.0
mean,2050,52,30,ES1 6 bat,0.0
mean,2050,52,31,ES1 6 bat,0.0
mean,2050,52,32,ES1 6 bat,0.0
mean,2050,52,33,ES1 6 bat,0.0
mean,2050,52,34,ES1 6 bat,0.0
mean,2050,52,35,ES1 6 bat,0.0
mean,2050,52,36,ES1 6 bat,0.0
mean,2050,52,37,ES1 6 bat,0.0
mean,2050,52,38,ES1 6 bat,0.0
mean,2050,52,39,ES1 6 bat,0.0
mean,2050,52,40,ES1 6 bat,0.0
mean,2050,52,41,ES1 6 bat,0.0
mean,2050,52,42,ES1 6 bat,0.0
mean,2050,52,43,ES1 6 bat,0.0
mean,2050,52,44,ES1 6 bat,0.0
mean,2050,52,45,ES1 6 bat,0.0
mean,2050,52,46,ES1 6 bat,0.0
mean,2050,52,47,ES1 6 bat,0.0
mean,2050,52,48,ES1 6 bat,0.0
mean,2050,52,49,ES1 6 bat,0.0
mean,2050,52,50,ES1 6 bat,0.0
mean,2050,52,51,ES1 6 bat,0.0
mean,2050,52,52,ES1 6 bat,0.0
mean,2050,52,53,ES1 6 bat,0.0
mean,2050,52,54,ES1 6 bat,0.0
mean,2050,52,55,ES1 6 bat,0.0
mean,2050,52,56,ES1 6 bat,0.0
mean,2050,52,57,ES1 6 bat,0.0
mean,2050,52,58,ES1 6 bat,0.0
mean,2050,52,59,ES1 6 bat,0.0
mean,2050,52,60,ES1 6 bat,0.0
mean,2050,52,61,ES1 6 bat,0.0
mean,2050,52,62,ES1 6 bat,0.0
mean,2050,52,63,ES1 6 bat,0.0
mean,2050,52,64,ES1 6 bat,0.0
mean,2050,52,65,ES1 6 bat,0.0
mean,2050,52,66,ES1 6 bat,0.0
mean,2050,52,67,ES1 6 bat,0.0
mean,2050,52,68,ES1 6 bat,0.0
mean,2050,52,69,ES1 6 bat,0.0
mean,2050,52,70,ES1 6 bat,0.0
mean,2050,52,71,ES1 6 bat,0.0
mean,2050,52,72,ES1 6 bat,0.0
mean,2050,52,73,ES1 6 bat,0.0
mean,2050,52,74,ES1 6 bat,0.0
mean,2050,52,75,ES1 6 bat,0.0
mean,2050,52,76,ES1 6 bat,0.0
mean,2050,52,77,ES1 6 bat,0.0
mean,2050,52,78,ES1 6 bat,0.0
mean,2050,52,79,ES1 6 bat,0.0
mean,2050,52,80,ES1 6 bat,0.0
mean,2050,52,81,ES1 6 bat,0.0
mean,2050,52,82,ES1 6 bat,0.0
mean,2050,52,83,ES1 6 bat,0.0
mean,2050,52,84,ES1 6 bat,0.0
mean,2050,52,85,ES1 6 bat,0.0
mean,2050,52,86,ES1 6 bat,0.0
mean,2050,52,87,ES1 6 bat,0.0
mean,2050,52,88,ES1 6 bat,0.0
mean,2050,52,89,ES1 6 bat,0.0
mean,2050,52,90,ES1 6 bat,0.0
mean,2050,52,91,ES1 6 bat,0.0
mean,2050,52,92,ES1 6 bat,0.0
mean,2050,52,93,ES1 6 bat,0.0
mean,2050,52,94,ES1 6 bat,0.0
mean,2050,52,95,ES1 6 bat,0.0
mean,2050,52,96,ES1 6 bat,0.0
mean,2050,52,97,ES1 6 bat,0.0
mean,2050,52,98,ES1 6 bat,0.0
mean,2050,52,99,ES1 6 bat,0.0
mean,2050,52,100,ES1 6 bat,0.0
mean,2050,52,101,ES1 6 bat,0.0
mean,2050,52,102,ES1 6 bat,0.0
mean,2050,52,103,ES1 6 bat,0.0
mean,2050,52,104,ES1 6 bat,0.0
mean,2050,52,105,ES1 6 bat,0.0
mean,2050,52,106,ES1 6 bat,0.0
mean,2050,52,107,ES1 6 bat,0.0
mean,2050,52,108,ES1 6 bat,0.0
mean,2050,52,109,ES1 6 bat,0.0
mean,2050,52,110,ES1 6 bat,0.0
mean,2050,52,111,ES1 6 bat,0.0
mean,2050,52,112,ES1 6 bat,0.0
mean,2050,52,113,ES1 6 bat,0.0
mean,2050,52,114,ES1 6 bat,0.0
mean,2050,52,115,ES1 6 bat,0.0
mean,2050,52,116,ES1 6 bat,0.0
mean,2050,52,117,ES1 6 bat,0.0
mean,2050,52,118,ES1 6 bat,0.0
mean,2050,52,119,ES1 6 bat,0.0
mean,2050,52,120,ES1 6 bat,0.0
mean,2050,52,121,ES1 6 bat,0.0
mean,2050,52,122,ES1 6 bat,0.0
mean,2050,52,123,ES1 6 bat,0.0
mean,2050,52,124,ES1 6 bat,0.0
mean,2050,52,125,ES1 6 bat,0.0
mean,2050,52,126,ES1 6 bat,0.0
mean,2050,52,127,ES1 6 bat,0.0
mean,2050,52,128,ES1 6 bat,0.0
mean,2050,52,129,ES1 6 bat,0.0
mean,2050,52,130,ES1 6 bat,0.0
mean,2050,52,131,ES1 6 bat,0.0
mean,2050,52,132,ES1 6 bat,0.0
mean,2050,52,133,ES1 6 bat,0.0
mean,2050,52,134,ES1 6 bat,0.0
mean,2050,52,135,ES1 6 bat,0.0
mean,2050,52,136,ES1 6 bat,0.0
mean,2050,52,137,ES1 6 bat,0.0
mean,2050,52,138,ES1 6 bat,0.0
mean,2050,52,139,ES1 6 bat,0.0
mean,2050,52,140,ES1 6 bat,0.0
mean,2050,52,141,ES1 6 bat,0.0
mean,2050,52,142,ES1 6 bat,0.0
mean,2050,52,143,ES1 6 bat,0.0
mean,2050,52,144,ES1 6 bat,0.0
mean,2050,52,145,ES1 6 bat,0.0
mean,2050,52,146,ES1 6 bat,0.0
mean,2050,52,147,ES1 6 bat,0.0
mean,2050,52,148,ES1 6 bat,0.0
mean,2050,52,149,ES1 6 bat,0.0
mean,2050,52,150,ES1 6 bat,0.0
mean,2050,52,151,ES1 6 bat,0.0
mean,2050,52,152,ES1 6 bat,0.0
mean,2050,52,153,ES1 6 bat,0.0
mean,2050,52,154,ES1 6 bat,0.0
mean,2050,52,155,ES1 6 bat,0.0
mean,2050,52,156,ES1 6 bat,0.0
mean,2050,52,157,ES1 6 bat,0.0
mean,2050,52,158,ES1 6 bat,0.0
mean,2050,52,159,ES1 6 bat,0.0
mean,2050,52,160,ES1 6 bat,0.0
mean,2050,52,161,ES1 6 bat,0.0
mean,2050,52,162,ES1 6 bat,0.0
mean,2050,52,163,ES1 6 bat,0.0
mean,2050,52,164,ES1 6 bat,0.0
mean,2050,52,165,ES1 6 bat,0.0
mean,2050,52,166,ES1 6 bat,0.0
mean,2050,52,167,ES1 6 bat,0.0
mean,2025,11,0,ES1 7 bat,-0.014686484458747096
mean,2025,11,1,ES1 7 bat,0.0
mean,2025,11,2,ES1 7 bat,0.0
mean,2025,11,3,ES1 7 bat,0.0
mean,2025,11,4,ES1 7 bat,0.0
mean,2025,11,5,ES1 7 bat,0.0
mean,2025,11,6,ES1 7 bat,0.0
mean,2025,11,7,ES1 7 bat,0.0
mean,2025,11,8,ES1 7 bat,0.0
mean,2025,11,9,ES1 7 bat,0.0
mean,2025,11,10,ES1 7 bat,0.0
mean,2025,11,11,ES1 7 bat,0.0
mean,2025,11,12,ES1 7 bat,0.0
mean,2025,11,13,ES1 7 bat,0.0
mean,2025,11,14,ES1 7 bat,0.0
mean,2025,11,15,ES1 7 bat,0.0
mean,2025,11,16,ES1 7 bat,0.0
mean,2025,11,17,ES1 7 bat,0.0
mean,2025,11,18,ES1 7 bat,0.0
mean,2025,11,19,ES1 7 bat,0.0
mean,2025,11,20,ES1 7 bat,0.0
mean,2025,11,21,ES1 7 bat,0.0
mean,2025,11,22,ES1 7 bat,0.0
mean,2025,11,23,ES1 7 bat,0.0
mean,2025,11,24,ES1 7 bat,0.0
mean,2025,11,25,ES1 7 bat,0.0
mean,2025,11,26,ES1 7 bat,0.0
mean,2025,11,27,ES1 7 bat,0.0
mean,2025,11,28,ES1 7 bat,0.0
mean,2025,11,29,ES1 7 bat,0.0
mean,2025,11,30,ES1 7 bat,0.0
mean,2025,11,31,ES1 7 bat,-61.11569362873628
mean,2025,11,32,ES1 7 bat,0.0
mean,2025,11,33,ES1 7 bat,0.0
mean,2025,11,34,ES1 7 bat,0.0
mean,2025,11,35,ES1 7 bat,0.0
mean,2025,11,36,ES1 7 bat,0.0
mean,2025,11,37,ES1 7 bat,0.0
mean,2025,11,38,ES1 7 bat,0.0
mean,2025,11,39,ES1 7 bat,0.0
mean,2025,11,40,ES1 7 bat,0.0
mean,2025,11,41,ES1 7 bat,0.0
mean,2025,11,42,ES1 7 bat,0.0
mean,2025,11,43,ES1 7 bat,-0.2041432124410713
mean,2025,11,44,ES1 7 bat,0.0
mean,2025,11,45,ES1 7 bat,0.0
mean,2025,11,46,ES1 7 bat,0.0
mean,2025,11,47,ES1 7 bat,0.0
mean,2025,11,48,ES1 7 bat,0.0
mean,2025,11,49,ES1 7 bat,0.0
mean,2025,11,50,ES1 7 bat,0.0
mean,2025,11,51,ES1 7 bat,0.0
mean,2025,11,52,ES1 7 bat,0.0
mean,2025,11,53,ES1 7 bat,0.0
mean,2025,11,54,ES1 7 bat,0.0
mean,2025,11,55,ES1 7 bat,0.0
mean,2025,11,56,ES1 7 bat,0.0
mean,2025,11,57,ES1 7 bat,0.0
mean,2025,11,58,ES1 7 bat,0.0
mean,2025,11,59,ES1 7 bat,0.0
mean,2025,11,60,ES1 7 bat,0.0
mean,2025,11,61,ES1 7 bat,0.0
mean,2025,11,62,ES1 7 bat,0.0
mean,2025,11,63,ES1 7 bat,0.0
mean,2025,11,64,ES1 7 bat,0.0
mean,2025,11,65,ES1 7 bat,0.0
mean,2025,11,66,ES1 7 bat,0.0
mean,2025,11,67,ES1 7 bat,0.0
mean,2025,11,68,ES1 7 bat,0.0
mean,2025,11,69,ES1 7 bat,0.0
mean,2025,11,70,ES1 7 bat,0.0
mean,2025,11,71,ES1 7 bat,0.0
mean,2025,11,72,ES1 7 bat,0.0
mean,2025,11,73,ES1 7 bat,0.0
mean,2025,11,74,ES1 7 bat,0.0
mean,2025,11,75,ES1 7 bat,0.0
mean,2025,11,76,ES1 7 bat,0.0
mean,2025,11,77,ES1 7 bat,0.0
mean,2025,11,78,ES1 7 bat,0.0
mean,2025,11,79,ES1 7 bat,-60.51036159941728
mean,2025,11,80,ES1 7 bat,0.0
mean,2025,11,81,ES1 7 bat,0.0
mean,2025,11,82,ES1 7 bat,0.0
mean,2025,11,83,ES1 7 bat,0.0
mean,2025,11,84,ES1 7 bat,0.0
mean,2025,11,85,ES1 7 bat,0.0
mean,2025,11,86,ES1 7 bat,0.0
mean,2025,11,87,ES1 7 bat,0.0
mean,2025,11,88,ES1 7 bat,0.0
mean,2025,11,89,ES1 7 bat,0.0
mean,2025,11,90,ES1 7 bat,0.0
mean,2025,11,91,ES1 7 bat,0.0
mean,2025,11,92,ES1 7 bat,0.0
mean,2025,11,93,ES1 7 bat,0.0
mean,2025,11,94,ES1 7 bat,0.0
mean,2025,11,95,ES1 7 bat,0.0
mean,2025,11,96,ES1 7 bat,0.0
mean,2025,11,97,ES1 7 bat,0.0
mean,2025,11,98,ES1 7 bat,0.0
mean,2025,11,99,ES1 7 bat,0.0
mean,2025,11,100,ES1 7 bat,0.0
mean,2025,11,101,ES1 7 bat,0.0
mean,2025,11,102,ES1 7 bat,0.0
mean,2025,11,103,ES1 7 bat,0.0
mean,2025,11,104,ES1 7 bat,0.0
mean,2025,11,105,ES1 7 bat,0.0
mean,2025,11,106,ES1 7 bat,0.0
mean,2025,11,107,ES1 7 bat,0.0
mean,2025,11,108,ES1 7 bat,0.0
mean,2025,11,109,ES1 7 bat,0.0
mean,2025,11,110,ES1 7 bat,0.0
mean,2025,11,111,ES1 7 bat,0.0
mean,2025,11,112,ES1 7 bat,0.0
mean,2025,11,113,ES1 7 bat,0.0
mean,2025,11,114,ES1 7 bat,0.0
mean,2025,11,115,ES1 7 bat,-3.3625689084097283
mean,2025,11,116,ES1 7 bat,0.0
mean,2025,11,117,ES1 7 bat,0.0
mean,2025,11,118,ES1 7 bat,0.0
mean,2025,11,119,ES1 7 bat,0.0
mean,2025,11,120,ES1 7 bat,0.0
mean,2025,11,121,ES1 7 bat,0.0
mean,2025,11,122,ES1 7 bat,0.0
mean,2025,11,123,ES1 7 bat,0.0
mean,2025,11,124,ES1 7 bat,0.0
mean,2025,11,125,ES1 7 bat,0.0
mean,2025,11,126,ES1 7 bat,0.0
mean,2025,11,127,ES1 7 bat,0.0
mean,2025,11,128,ES1 7 bat,0.0
mean,2025,11,129,ES1 7 bat,0.0
mean,2025,11,130,ES1 7 bat,0.0
mean,2025,11,131,ES1 7 bat,0.0
mean,2025,11,132,ES1 7 bat,0.0
mean,2025,11,133,ES1 7 bat,0.0
mean,2025,11,134,ES1 7 bat,0.0
mean,2025,11,135,ES1 7 bat,0.0
mean,2025,11,136,ES1 7 bat,0.0
mean,2025,11,137,ES1 7 bat,0.0
mean,2025,11,138,ES1 7 bat,0.0
mean,2025,11,139,ES1 7 bat,0.0
mean,2025,11,140,ES1 7 bat,-0.10799333514573782
mean,2025,11,141,ES1 7 bat,0.0
mean,2025,11,142,ES1 7 bat,0.0
mean,2025,11,143,ES1 7 bat,0.0
mean,2025,11,144,ES1 7 bat,0.0
mean,2025,11,145,ES1 7 bat,0.0
mean,2025,11,146,ES1 7 bat,0.0
mean,2025,11,147,ES1 7 bat,0.0
mean,2025,11,148,ES1 7 bat,0.0
mean,2025,11,149,ES1 7 bat,0.0
mean,2025,11,150,ES1 7 bat,0.0
mean,2025,11,151,ES1 7 bat,0.0
mean,2025,11,152,ES1 7 bat,0.0
mean,2025,11,153,ES1 7 bat,0.0
mean,2025,11,154,ES1 7 bat,0.0
mean,2025,11,155,ES1 7 bat,0.0
mean,2025,11,156,ES1 7 bat,0.0
mean,2025,11,157,ES1 7 bat,0.0
mean,2025,11,158,ES1 7 bat,0.0
mean,2025,11,159,ES1 7 bat,0.0
mean,2025,11,160,ES1 7 bat,0.0
mean,2025,11,161,ES1 7 bat,0.0
mean,2025,11,162,ES1 7 bat,-0.002541194920849355
mean,2025,11,163,ES1 7 bat,0.0
mean,2025,11,164,ES1 7 bat,0.0
mean,2025,11,165,ES1 7 bat,0.0
mean,2025,11,166,ES1 7 bat,0.0
mean,2025,11,167,ES1 7 bat,0.0
mean,2025,21,0,ES1 7 bat,-62.46991867982232
mean,2025,21,1,ES1 7 bat,0.0
mean,2025,21,2,ES1 7 bat,0.0
mean,2025,21,3,ES1 7 bat,0.0
mean,2025,21,4,ES1 7 bat,0.0
mean,2025,21,5,ES1 7 bat,0.0
mean,2025,21,6,ES1 7 bat,0.0
mean,2025,21,7,ES1 7 bat,0.0
mean,2025,21,8,ES1 7 bat,0.0
mean,2025,21,9,ES1 7 bat,0.0
mean,2025,21,10,ES1 7 bat,0.0
mean,2025,21,11,ES1 7 bat,0.0
mean,2025,21,12,ES1 7 bat,0.0
mean,2025,21,13,ES1 7 bat,0.0
mean,2025,21,14,ES1 7 bat,0.0
mean,2025,21,15,ES1 7 bat,0.0
mean,2025,21,16,ES1 7 bat,0.0
mean,2025,21,17,ES1 7 bat,0.0
mean,2025,21,18,ES1 7 bat,0.0
mean,2025,21,19,ES1 7 bat,0.0
mean,2025,21,20,ES1 7 bat,0.0
mean,2025,21,21,ES1 7 bat,0.0
mean,2025,21,22,ES1 7 bat,0.0
mean,2025,21,23,ES1 7 bat,0.0
mean,2025,21,24,ES1 7 bat,0.0
mean,2025,21,25,ES1 7 bat,0.0
mean,2025,21,26,ES1 7 bat,0.0
mean,2025,21,27,ES1 7 bat,0.0
mean,2025,21,28,ES1 7 bat,0.0
mean,2025,21,29,ES1 7 bat,0.0
mean,2025,21,30,ES1 7 bat,0.0
mean,2025,21,31,ES1 7 bat,0.0
mean,2025,21,32,ES1 7 bat,0.0
mean,2025,21,33,ES1 7 bat,0.0
mean,2025,21,34,ES1 7 bat,0.0
mean,2025,21,35,ES1 7 bat,0.0
mean,2025,21,36,ES1 7 bat,0.0
mean,2025,21,37,ES1 7 bat,0.0
mean,2025,21,38,ES1 7 bat,0.0
mean,2025,21,39,ES1 7 bat,0.0
mean,2025,21,40,ES1 7 bat,0.0
mean,2025,21,41,ES1 7 bat,0.0
mean,2025,21,42,ES1 7 bat,0.0
mean,2025,21,43,ES1 7 bat,0.0
mean,2025,21,44,ES1 7 bat,0.0
mean,2025,21,45,ES1 7 bat,0.0
mean,2025,21,46,ES1 7 bat,0.0
mean,2025,21,47,ES1 7 bat,0.0
mean,2025,21,48,ES1 7 bat,0.0
mean,2025,21,49,ES1 7 bat,0.0
mean,2025,21,50,ES1 7 bat,0.0
mean,2025,21,51,ES1 7 bat,0.0
mean,2025,21,52,ES1 7 bat,0.0
mean,2025,21,53,ES1 7 bat,0.0
mean,2025,21,54,ES1 7 bat,0.0
mean,2025,21,55,ES1 7 bat,0.0
mean,2025,21,56,ES1 7 bat,0.0
mean,2025,21,57,ES1 7 bat,0.0
mean,2025,21,58,ES1 7 bat,0.0
mean,2025,21,59,ES1 7 bat,0.0
mean,2025,21,60,ES1 7 bat,0.0
mean,2025,21,61,ES1 7 bat,0.0
mean,2025,21,62,ES1 7 bat,0.0
mean,2025,21,63,ES1 7 bat,0.0
mean,2025,21,64,ES1 7 bat,0.0
mean,2025,21,65,ES1 7 bat,0.0
mean,2025,21,66,ES1 7 bat,0.0
mean,2025,21,67,ES1 7 bat,-60.51017624322812
mean,2025,21,68,ES1 7 bat,0.0
mean,2025,21,69,ES1 7 bat,0.0
mean,2025,21,70,ES1 7 bat,0.0
mean,2025,21,71,ES1 7 bat,0.0
mean,2025,21,72,ES1 7 bat,0.0
mean,2025,21,73,ES1 7 bat,0.0
mean,2025,21,74,ES1 7 bat,0.0
mean,2025,21,75,ES1 7 bat,0.0
mean,2025,21,76,ES1 7 bat,0.0
mean,2025,21,77,ES1 7 bat,0.0
mean,2025,21,78,ES1 7 bat,-0.017894665234756732
mean,2025,21,79,ES1 7 bat,0.0
mean,2025,21,80,ES1 7 bat,0.0
mean,2025,21,81,ES1 7 bat,0.0
mean,2025,21,82,ES1 7 bat,0.0
mean,2025,21,83,ES1 7 bat,0.0
mean,2025,21,84,ES1 7 bat,0.0
mean,2025,21,85,ES1 7 bat,0.0
mean,2025,21,86,ES1 7 bat,0.0
mean,2025,21,87,ES1 7 bat,0.0
mean,2025,21,88,ES1 7 bat,0.0
mean,2025,21,89,ES1 7 bat,0.0
mean,2025,21,90,ES1 7 bat,0.0
mean,2025,21,91,ES1 7 bat,0.0
mean,2025,21,92,ES1 7 bat,0.0
mean,2025,21,93,ES1 7 bat,0.0
mean,2025,21,94,ES1 7 bat,0.0
mean,2025,21,95,ES1 7 bat,0.0
mean,2025,21,96,ES1 7 bat,0.0
mean,2025,21,97,ES1 7 bat,0.0
mean,2025,21,98,ES1 7 bat,0.0
mean,2025,21,99,ES1 7 bat,0.0
mean,2025,21,100,ES1 7 bat,0.0
mean,2025,21,101,ES1 7 bat,0.0
mean,2025,21,102,ES1 7 bat,-0.37477582115458086
mean,2025,21,103,ES1 7 bat,0.0
mean,2025,21,104,ES1 7 bat,0.0
mean,2025,21,105,ES1 7 bat,0.0
mean,2025,21,106,ES1 7 bat,0.0
mean,2025,21,107,ES1 7 bat,0.0
mean,2025,21,108,ES1 7 bat,0.0
mean,2025,21,109,ES1 7 bat,0.0
mean,2025,21,110,ES1 7 bat,0.0
mean,2025,21,111,ES1 7 bat,0.0
mean,2025,21,112,ES1 7 bat,0.0
mean,2025,21,113,ES1 7 bat,0.0
mean,2025,21,114,ES1 7 bat,0.0
mean,2025,21,115,ES1 7 bat,0.0
mean,2025,21,116,ES1 7 bat,-0.04380022056486567
mean,2025,21,117,ES1 7 bat,0.0
mean,2025,21,118,ES1 7 bat,0.0
mean,2025,21,119,ES1 7 bat,0.0
mean,2025,21,120,ES1 7 bat,0.0
mean,2025,21,121,ES1 7 bat,0.0
mean,2025,21,122,ES1 7 bat,0.0
mean,2025,21,123,ES1 7 bat,0.0
mean,2025,21,124,ES1 7 bat,0.0
mean,2025,21,125,ES1 7 bat,0.0
mean,2025,21,126,ES1 7 bat,0.0
mean,2025,21,127,ES1 7 bat,0.0
mean,2025,21,128,ES1 7 bat,0.0
mean,2025,21,129,ES1 7 bat,0.0
mean,2025,21,130,ES1 7 bat,0.0
mean,2025,21,131,ES1 7 bat,0.0
mean,2025,21,132,ES1 7 bat,0.0
mean,2025,21,133,ES1 7 bat,0.0
mean,2025,21,134,ES1 7 bat,0.0
mean,2025,21,135,ES1 7 bat,0.0
mean,2025,21,136,ES1 7 bat,0.0
mean,2025,21,137,ES1 7 bat,0.0
mean,2025,21,138,ES1 7 bat,0.0
mean,2025,21,139,ES1 7 bat,0.0
mean,2025,21,140,ES1 7 bat,0.0
mean,2025,21,141,ES1 7 bat,0.0
mean,2025,21,142,ES1 7 bat,-0.020509479788526658
mean,2025,21,143,ES1 7 bat,0.0
mean,2025,21,144,ES1 7 bat,0.0
mean,2025,21,145,ES1 7 bat,0.0
mean,2025,21,146,ES1 7 bat,0.0
mean,2025,21,147,ES1 7 bat,0.0
mean,2025,21,148,ES1 7 bat,0.0
mean,2025,21,149,ES1 7 bat,0.0
mean,2025,21,150,ES1 7 bat,0.0
mean,2025,21,151,ES1 7 bat,0.0
mean,2025,21,152,ES1 7 bat,0.0
mean,2025,21,153,ES1 7 bat,0.0
mean,2025,21,154,ES1 7 bat,0.0
mean,2025,21,155,ES1 7 bat,0.0
mean,2025,21,156,ES1 7 bat,0.0
mean,2025,21,157,ES1 7 bat,0.0
mean,2025,21,158,ES1 7 bat,0.0
mean,2025,21,159,ES1 7 bat,0.0
mean,2025,21,160,ES1 7 bat,0.0
mean,2025,21,161,ES1 7 bat,0.0
mean,2025,21,162,ES1 7 bat,0.0
mean,2025,21,163,ES1 7 bat,-0.002556880264503029
mean,2025,21,164,ES1 7 bat,0.0
mean,2025,21,165,ES1 7 bat,0.0
mean,2025,21,166,ES1 7 bat,0.0
mean,2025,21,167,ES1 7 bat,0.0
mean,2025,42,0,ES1 7 bat,-63.30582808620574
mean,2025,42,1,ES1 7 bat,0.0
mean,2025,42,2,ES1 7 bat,0.0
mean,2025,42,3,ES1 7 bat,0.0
mean,2025,42,4,ES1 7 bat,0.0
mean,2025,42,5,ES1 7 bat,0.0
mean,2025,42,6,ES1 7 bat,0.0
mean,2025,42,7,ES1 7 bat,0.0
mean,2025,42,8,ES1 7 bat,0.0
mean,2025,42,9,ES1 7 bat,0.0
mean,2025,42,10,ES1 7 bat,0.0
mean,2025,42,11,ES1 7 bat,0.0
mean,2025,42,12,ES1 7 bat,0.0
mean,2025,42,13,ES1 7 bat,0.0
mean,2025,42,14,ES1 7 bat,0.0
mean,2025,42,15,ES1 7 bat,0.0
mean,2025,42,16,ES1 7 bat,0.0
mean,2025,42,17,ES1 7 bat,0.0
mean,2025,42,18,ES1 7 bat,-1.1858089711655662
mean,2025,42,19,ES1 7 bat,0.0
mean,2025,42,20,ES1 7 bat,0.0
mean,2025,42,21,ES1 7 bat,0.0
mean,2025,42,22,ES1 7 bat,0.0
mean,2025,42,23,ES1 7 bat,0.0
mean,2025,42,24,ES1 7 bat,0.0
mean,2025,42,25,ES1 7 bat,0.0
mean,2025,42,26,ES1 7 bat,0.0
mean,2025,42,27,ES1 7 bat,0.0
mean,2025,42,28,ES1 7 bat,0.0
mean,2025,42,29,ES1 7 bat,0.0
mean,2025,42,30,ES1 7 bat,0.0
mean,2025,42,31,ES1 7 bat,0.0
mean,2025,42,32,ES1 7 bat,0.0
mean,2025,42,33,ES1 7 bat,0.0
mean,2025,42,34,ES1 7 bat,0.0
mean,2025,42,35,ES1 7 bat,0.0
mean,2025,42,36,ES1 7 bat,0.0
mean,2025,42,37,ES1 7 bat,0.0
mean,2025,42,38,ES1 7 bat,0.0
mean,2025,42,39,ES1 7 bat,0.0
mean,2025,42,40,ES1 7 bat,0.0
mean,2025,42,41,ES1 7 bat,0.0
mean,2025,42,42,ES1 7 bat,0.0
mean,2025,42,43,ES1 7 bat,0.0
mean,2025,42,44,ES1 7 bat,0.0
mean,2025,42,45,ES1 7 bat,0.0
mean,2025,42,46,ES1 7 bat,0.0
mean,2025,42,47,ES1 7 bat,0.0
mean,2025,42,48,ES1 7 bat,0.0
mean,2025,42,49,ES1 7 bat,0.0
mean,2025,42,50,ES1 7 bat,0.0
mean,2025,42,51,ES1 7 bat,0.0
mean,2025,42,52,ES1 7 bat,0.0
mean,2025,42,53,ES1 7 bat,0.0
mean,2025,42,54,ES1 7 bat,0.0
mean,2025,42,55,ES1 7 bat,0.0
mean,2025,42,56,ES1 7 bat,0.0
mean,2025,42,57,ES1 7 bat,0.0
mean,2025,42,58,ES1 7 bat,0.0
mean,2025,42,59,ES1 7 bat,0.0
mean,2025,42,60,ES1 7 bat,0.0
mean,2025,42,61,ES1 7 bat,0.0
mean,2025,42,62,ES1 7 bat,0.0
mean,2025,42,63,ES1 7 bat,0.0
mean,2025,42,64,ES1 7 bat,0.0
mean,2025,42,65,ES1 7 bat,0.0
mean,2025,42,66,ES1 7 bat,0.0
mean,2025,42,67,ES1 7 bat,0.0
mean,2025,42,68,ES1 7 bat,0.0
mean,2025,42,69,ES1 7 bat,0.0
mean,2025,42,70,ES1 7 bat,0.0
mean,2025,42,71,ES1 7 bat,0.0
mean,2025,42,72,ES1 7 bat,0.0
mean,2025,42,73,ES1 7 bat,0.0
mean,2025,42,74,ES1 7 bat,0.0
mean,2025,42,75,ES1 7 bat,0.0
mean,2025,42,76,ES1 7 bat,0.0
mean,2025,42,77,ES1 7 bat,0.0
mean,2025,42,78,ES1 7 bat,0.0
mean,2025,42,79,ES1 7 bat,0.0
mean,2025,42,80,ES1 7 bat,0.0
mean,2025,42,81,ES1 7 bat,0.0
mean,2025,42,82,ES1 7 bat,0.0
mean,2025,42,83,ES1 7 bat,0.0
mean,2025,42,84,ES1 7 bat,0.0
mean,2025,42,85,ES1 7 bat,0.0
mean,2025,42,86,ES1 7 bat,0.0
mean,2025,42,87,ES1 7 bat,0.0
mean,2025,42,88,ES1 7 bat,0.0
mean,2025,42,89,ES1 7 bat,0.0
mean,2025,42,90,ES1 7 bat,-1.2015884178033445
mean,2025,42,91,ES1 7 bat,0.0
mean,2025,42,92,ES1 7 bat,0.0
mean,2025,42,93,ES1 7 bat,0.0
mean,2025,42,94,ES1 7 bat,0.0
mean,2025,42,95,ES1 7 bat,0.0
mean,2025,42,96,ES1 7 bat,0.0
mean,2025,42,97,ES1 7 bat,0.0
mean,2025,42,98,ES1 7 bat,0.0
mean,2025,42,99,ES1 7 bat,0.0
mean,2025,42,100,ES1 7 bat,0.0
mean,2025,42,101,ES1 7 bat,0.0
mean,2025,42,102,ES1 7 bat,0.0
mean,2025,42,103,ES1 7 bat,0.0
mean,2025,42,104,ES1 7 bat,0.0
mean,2025,42,105,ES1 7 bat,0.0
mean,2025,42,106,ES1 7 bat,0.0
mean,2025,42,107,ES1 7 bat,0.0
mean,2025,42,108,ES1 7 bat,0.0
mean,2025,42,109,ES1 7 bat,0.0
mean,2025,42,110,ES1 7 bat,0.0
mean,2025,42,111,ES1 7 bat,0.0
mean,2025,42,112,ES1 7 bat,0.0
mean,2025,42,113,ES1 7 bat,0.0
mean,2025,42,114,ES1 7 bat,-0.0025654969023291836
mean,2025,42,115,ES1 7 bat,0.0
mean,2025,42,116,ES1 7 bat,0.0
mean,2025,42,117,ES1 7 bat,0.0
mean,2025,42,118,ES1 7 bat,0.0
mean,2025,42,119,ES1 7 bat,0.0
mean,2025,42,120,ES1 7 bat,0.0
mean,2025,42,121,ES1 7 bat,0.0
mean,2025,42,122,ES1 7 bat,0.0
mean,2025,42,123,ES1 7 bat,0.0
mean,2025,42,124,ES1 7 bat,0.0
mean,2025,42,125,ES1 7 bat,0.0
mean,2025,42,126,ES1 7 bat,0.0
mean,2025,42,127,ES1 7 bat,0.0
mean,2025,42,128,ES1 7 bat,0.0
mean,2025,42,129,ES1 7 bat,0.0
mean,2025,42,130,ES1 7 bat,0.0
mean,2025,42,131,ES1 7 bat,0.0
mean,2025,42,132,ES1 7 bat,0.0
mean,2025,42,133,ES1 7 bat,0.0
mean,2025,42,134,ES1 7 bat,0.0
mean,2025,42,135,ES1 7 bat,0.0
mean,2025,42,136,ES1 7 bat,0.0
mean,2025,42,137,ES1 7 bat,0.0
mean,2025,42,138,ES1 7 bat,-0.002556880264503029
mean,2025,42,139,ES1 7 bat,0.0
mean,2025,42,140,ES1 7 bat,0.0
mean,2025,42,141,ES1 7 bat,0.0
mean,2025,42,142,ES1 7 bat,0.0
mean,2025,42,143,ES1 7 bat,0.0
mean,2025,42,144,ES1 7 bat,0.0
mean,2025,42,145,ES1 7 bat,0.0
mean,2025,42,146,ES1 7 bat,0.0
mean,2025,42,147,ES1 7 bat,0.0
mean,2025,42,148,ES1 7 bat,0.0
mean,2025,42,149,ES1 7 bat,0.0
mean,2025,42,150,ES1 7 bat,0.0
mean,2025,42,151,ES1 7 bat,0.0
mean,2025,42,152,ES1 7 bat,0.0
mean,2025,42,153,ES1 7 bat,0.0
mean,2025,42,154,ES1 7 bat,0.0
mean,2025,42,155,ES1 7 bat,0.0
mean,2025,42,156,ES1 7 bat,0.0
mean,2025,42,157,ES1 7 bat,0.0
mean,2025,42,158,ES1 7 bat,0.0
mean,2025,42,159,ES1 7 bat,0.0
mean,2025,42,160,ES1 7 bat,0.0
mean,2025,42,161,ES1 7 bat,0.0
mean,2025,42,162,ES1 7 bat,0.0
mean,2025,42,163,ES1 7 bat,-0.10799333514573782
mean,2025,42,164,ES1 7 bat,0.0
mean,2025,42,165,ES1 7 bat,0.0
mean,2025,42,166,ES1 7 bat,0.0
mean,2025,42,167,ES1 7 bat,0.0
mean,2025,52,0,ES1 7 bat,-61.54241731683071
mean,2025,52,1,ES1 7 bat,0.0
mean,2025,52,2,ES1 7 bat,0.0
mean,2025,52,3,ES1 7 bat,0.0
mean,2025,52,4,ES1 7 bat,0.0
mean,2025,52,5,ES1 7 bat,0.0
mean,2025,52,6,ES1 7 bat,0.0
mean,2025,52,7,ES1 7 bat,0.0
mean,2025,52,8,ES1 7 bat,0.0
mean,2025,52,9,ES1 7 bat,0.0
mean,2025,52,10,ES1 7 bat,0.0
mean,2025,52,11,ES1 7 bat,0.0
mean,2025,52,12,ES1 7 bat,0.0
mean,2025,52,13,ES1 7 bat,0.0
mean,2025,52,14,ES1 7 bat,0.0
mean,2025,52,15,ES1 7 bat,0.0
mean,2025,52,16,ES1 7 bat,0.0
mean,2025,52,17,ES1 7 bat,-0.002523130404635395
mean,2025,52,18,ES1 7 bat,0.0
mean,2025,52,19,ES1 7 bat,0.0
mean,2025,52,20,ES1 7 bat,0.0
mean,2025,52,21,ES1 7 bat,0.0
mean,2025,52,22,ES1 7 bat,0.0
mean,2025,52,23,ES1 7 bat,0.0
mean,2025,52,24,ES1 7 bat,0.0
mean,2025,52,25,ES1 7 bat,0.0
mean,2025,52,26,ES1 7 bat,0.0
mean,2025,52,27,ES1 7 bat,0.0
mean,2025,52,28,ES1 7 bat,0.0
mean,2025,52,29,ES1 7 bat,0.0
mean,2025,52,30,ES1 7 bat,0.0
mean,2025,52,31,ES1 7 bat,0.0
mean,2025,52,32,ES1 7 bat,0.0
mean,2025,52,33,ES1 7 bat,0.0
mean,2025,52,34,ES1 7 bat,0.0
mean,2025,52,35,ES1 7 bat,0.0
mean,2025,52,36,ES1 7 bat,0.0
mean,2025,52,37,ES1 7 bat,0.0
mean,2025,52,38,ES1 7 bat,0.0
mean,2025,52,39,ES1 7 bat,0.0
mean,2025,52,40,ES1 7 bat,0.0
mean,2025,52,41,ES1 7 bat,0.0
mean,2025,52,42,ES1 7 bat,0.0
mean,2025,52,43,ES1 7 bat,0.0
mean,2025,52,44,ES1 7 bat,0.0
mean,2025,52,45,ES1 7 bat,0.0
mean,2025,52,46,ES1 7 bat,0.0
mean,2025,52,47,ES1 7 bat,0.0
mean,2025,52,48,ES1 7 bat,0.0
mean,2025,52,49,ES1 7 bat,0.0
mean,2025,52,50,ES1 7 bat,0.0
mean,2025,52,51,ES1 7 bat,0.0
mean,2025,52,52,ES1 7 bat,0.0
mean,2025,52,53,ES1 7 bat,0.0
mean,2025,52,54,ES1 7 bat,0.0
mean,2025,52,55,ES1 7 bat,0.0
mean,2025,52,56,ES1 7 bat,0.0
mean,2025,52,57,ES1 7 bat,0.0
mean,2025,52,58,ES1 7 bat,0.0
mean,2025,52,59,ES1 7 bat,0.0
mean,2025,52,60,ES1 7 bat,0.0
mean,2025,52,61,ES1 7 bat,0.0
mean,2025,52,62,ES1 7 bat,0.0
mean,2025,52,63,ES1 7 bat,0.0
mean,2025,52,64,ES1 7 bat,0.0
mean,2025,52,65,ES1 7 bat,0.0
mean,2025,52,66,ES1 7 bat,0.0
mean,2025,52,67,ES1 7 bat,0.0
mean,2025,52,68,ES1 7 bat,0.0
mean,2025,52,69,ES1 7 bat,0.0
mean,2025,52,70,ES1 7 bat,0.0
mean,2025,52,71,ES1 7 bat,0.0
mean,2025,52,72,ES1 7 bat,0.0
mean,2025,52,73,ES1 7 bat,0.0
mean,2025,52,74,ES1 7 bat,0.0
mean,2025,52,75,ES1 7 bat,0.0
mean,2025,52,76,ES1 7 bat,0.0
mean,2025,52,77,ES1 7 bat,0.0
mean,2025,52,78,ES1 7 bat,0.0
mean,2025,52,79,ES1 7 bat,0.0
mean,2025,52,80,ES1 7 bat,0.0
mean,2025,52,81,ES1 7 bat,0.0
mean,2025,52,82,ES1 7 bat,0.0
mean,2025,52,83,ES1 7 bat,0.0
mean,2025,52,84,ES1 7 bat,0.0
mean,2025,52,85,ES1 7 bat,0.0
mean,2025,52,86,ES1 7 bat,0.0
mean,2025,52,87,ES1 7 bat,0.0
mean,2025,52,88,ES1 7 bat,0.0
mean,2025,52,89,ES1 7 bat,0.0
mean,2025,52,90,ES1 7 bat,0.0
mean,2025,52,91,ES1 7 bat,0.0
mean,2025,52,92,ES1 7 bat,0.0
mean,2025,52,93,ES1 7 bat,0.0
mean,2025,52,94,ES1 7 bat,0.0
mean,2025,52,95,ES1 7 bat,0.0
mean,2025,52,96,ES1 7 bat,0.0
mean,2025,52,97,ES1 7 bat,0.0
mean,2025,52,98,ES1 7 bat,0.0
mean,2025,52,99,ES1 7 bat,0.0
mean,2025,52,100,ES1 7 bat,0.0
mean,2025,52,101,ES1 7 bat,0.0
mean,2025,52,102,ES1 7 bat,0.0
mean,2025,52,103,ES1 7 bat,0.0
mean,2025,52,104,ES1 7 bat,0.0
mean,2025,52,105,ES1 7 bat,0.0
mean,2025,52,106,ES1 7 bat,0.0
mean,2025,52,107,ES1 7 bat,0.0
mean,2025,52,108,ES1 7 bat,0.0
mean,2025,52,109,ES1 7 bat,0.0
mean,2025,52,110,ES1 7 bat,0.0
mean,2025,52,111,ES1 7 bat,0.0
mean,2025,52,112,ES1 7 bat,0.0
mean,2025,52,113,ES1 7 bat,0.0
mean,2025,52,114,ES1 7 bat,0.0
mean,2025,52,115,ES1 7 bat,0.0
mean,2025,52,116,ES1 7 bat,0.0
mean,2025,52,117,ES1 7 bat,0.0
mean,2025,52,118,ES1 7 bat,0.0
mean,2025,52,119,ES1 7 bat,0.0
mean,2025,52,120,ES1 7 bat,0.0
mean,2025,52,121,ES1 7 bat,0.0
mean,2025,52,122,ES1 7 bat,0.0
mean,2025,52,123,ES1 7 bat,0.0
mean,2025,52,124,ES1 7 bat,0.0
mean,2025,52,125,ES1 7 bat,0.0
mean,2025,52,126,ES1 7 bat,0.0
mean,2025,52,127,ES1 7 bat,0.0
mean,2025,52,128,ES1 7 bat,0.0
mean,2025,52,129,ES1 7 bat,0.0
mean,2025,52,130,ES1 7 bat,0.0
mean,2025,52,131,ES1 7 bat,0.0
mean,2025,52,132,ES1 7 bat,0.0
mean,2025,52,133,ES1 7 bat,0.0
mean,2025,52,134,ES1 7 bat,0.0
mean,2025,52,135,ES1 7 bat,0.0
mean,2025,52,136,ES1 7 bat,0.0
mean,2025,52,137,ES1 7 bat,0.0
mean,2025,52,138,ES1 7 bat,0.0
mean,2025,52,139,ES1 7 bat,0.0
mean,2025,52,140,ES1 7 bat,0.0
mean,2025,52,141,ES1 7 bat,0.0
mean,2025,52,142,ES1 7 bat,0.0
mean,2025,52,143,ES1 7 bat,0.0
mean,2025,52,144,ES1 7 bat,0.0
mean,2025,52,145,ES1 7 bat,0.0
mean,2025,52,146,ES1 7 bat,0.0
mean,2025,52,147,ES1 7 bat,0.0
mean,2025,52,148,ES1 7 bat,0.0
mean,2025,52,149,ES1 7 bat,0.0
mean,2025,52,150,ES1 7 bat,0.0
mean,2025,52,151,ES1 7 bat,0.0
mean,2025,52,152,ES1 7 bat,0.0
mean,2025,52,153,ES1 7 bat,0.0
mean,2025,52,154,ES1 7 bat,0.0
mean,2025,52,155,ES1 7 bat,0.0
mean,2025,52,156,ES1 7 bat,0.0
mean,2025,52,157,ES1 7 bat,0.0
mean,2025,52,158,ES1 7 bat,0.0
mean,2025,52,159,ES1 7 bat,0.0
mean,2025,52,160,ES1 7 bat,0.0
mean,2025,52,161,ES1 7 bat,-0.002556880264503029
mean,2025,52,162,ES1 7 bat,0.0
mean,2025,52,163,ES1 7 bat,0.0
mean,2025,52,164,ES1 7 bat,0.0
mean,2025,52,165,ES1 7 bat,0.0
mean,2025,52,166,ES1 7 bat,0.0
mean,2025,52,167,ES1 7 bat,0.0
mean,2030,11,0,ES1 7 bat,-0.014686484458747096
mean,2030,11,1,ES1 7 bat,0.0
mean,2030,11,2,ES1 7 bat,0.0
mean,2030,11,3,ES1 7 bat,0.0
mean,2030,11,4,ES1 7 bat,0.0
mean,2030,11,5,ES1 7 bat,0.0
mean,2030,11,6,ES1 7 bat,0.0
mean,2030,11,7,ES1 7 bat,0.0
mean,2030,11,8,ES1 7 bat,0.0
mean,2030,11,9,ES1 7 bat,0.0
mean,2030,11,10,ES1 7 bat,0.0
mean,2030,11,11,ES1 7 bat,0.0
mean,2030,11,12,ES1 7 bat,0.0
mean,2030,11,13,ES1 7 bat,0.0
mean,2030,11,14,ES1 7 bat,0.0
mean,2030,11,15,ES1 7 bat,0.0
mean,2030,11,16,ES1 7 bat,0.0
mean,2030,11,17,ES1 7 bat,0.0
mean,2030,11,18,ES1 7 bat,0.0
mean,2030,11,19,ES1 7 bat,0.0
mean,2030,11,20,ES1 7 bat,0.0
mean,2030,11,21,ES1 7 bat,0.0
mean,2030,11,22,ES1 7 bat,0.0
mean,2030,11,23,ES1 7 bat,0.0
mean,2030,11,24,ES1 7 bat,0.0
mean,2030,11,25,ES1 7 bat,0.0
mean,2030,11,26,ES1 7 bat,0.0
mean,2030,11,27,ES1 7 bat,0.0
mean,2030,11,28,ES1 7 bat,0.0
mean,2030,11,29,ES1 7 bat,0.0
mean,2030,11,30,ES1 7 bat,0.0
mean,2030,11,31,ES1 7 bat,0.0
mean,2030,11,32,ES1 7 bat,0.0
mean,2030,11,33,ES1 7 bat,0.0
mean,2030,11,34,ES1 7 bat,0.0
mean,2030,11,35,ES1 7 bat,0.0
mean,2030,11,36,ES1 7 bat,0.0
mean,2030,11,37,ES1 7 bat,0.0
mean,2030,11,38,ES1 7 bat,0.0
mean,2030,11,39,ES1 7 bat,0.0
mean,2030,11,40,ES1 7 bat,0.0
mean,2030,11,41,ES1 7 bat,0.0
mean,2030,11,42,ES1 7 bat,0.0
mean,2030,11,43,ES1 7 bat,0.0
mean,2030,11,44,ES1 7 bat,0.0
mean,2030,11,45,ES1 7 bat,0.0
mean,2030,11,46,ES1 7 bat,0.0
mean,2030,11,47,ES1 7 bat,0.0
mean,2030,11,48,ES1 7 bat,0.0
mean,2030,11,49,ES1 7 bat,0.0
mean,2030,11,50,ES1 7 bat,0.0
mean,2030,11,51,ES1 7 bat,0.0
mean,2030,11,52,ES1 7 bat,0.0
mean,2030,11,53,ES1 7 bat,0.0
mean,2030,11,54,ES1 7 bat,0.0
mean,2030,11,55,ES1 7 bat,0.0
mean,2030,11,56,ES1 7 bat,0.0
mean,2030,11,57,ES1 7 bat,0.0
mean,2030,11,58,ES1 7 bat,0.0
mean,2030,11,59,ES1 7 bat,0.0
mean,2030,11,60,ES1 7 bat,0.0
mean,2030,11,61,ES1 7 bat,0.0
mean,2030,11,62,ES1 7 bat,0.0
mean,2030,11,63,ES1 7 bat,0.0
mean,2030,11,64,ES1 7 bat,0.0
mean,2030,11,65,ES1 7 bat,0.0
mean,2030,11,66,ES1 7 bat,0.0
mean,2030,11,67,ES1 7 bat,0.0
mean,2030,11,68,ES1 7 bat,0.0
mean,2030,11,69,ES1 7 bat,0.0
mean,2030,11,70,ES1 7 bat,0.0
mean,2030,11,71,ES1 7 bat,0.0
mean,2030,11,72,ES1 7 bat,0.0
mean,2030,11,73,ES1 7 bat,0.0
mean,2030,11,74,ES1 7 bat,0.0
mean,2030,11,75,ES1 7 bat,0.0
mean,2030,11,76,ES1 7 bat,0.0
mean,2030,11,77,ES1 7 bat,0.0
mean,2030,11,78,ES1 7 bat,0.0
mean,2030,11,79,ES1 7 bat,0.0
mean,2030,11,80,ES1 7 bat,0.0
mean,2030,11,81,ES1 7 bat,0.0
mean,2030,11,82,ES1 7 bat,0.0
mean,2030,11,83,ES1 7 bat,0.0
mean,2030,11,84,ES1 7 bat,0.0
mean,2030,11,85,ES1 7 bat,0.0
mean,2030,11,86,ES1 7 bat,0.0
mean,2030,11,87,ES1 7 bat,0.0
mean,2030,11,88,ES1 7 bat,0.0
mean,2030,11,89,ES1 7 bat,0.0
mean,2030,11,90,ES1 7 bat,0.0
mean,2030,11,91,ES1 7 bat,0.0
mean,2030,11,92,ES1 7 bat,0.0
mean,2030,11,93,ES1 7 bat,0.0
mean,2030,11,94,ES1 7 bat,0.0
mean,2030,11,95,ES1 7 bat,0.0
mean,2030,11,96,ES1 7 bat,0.0
mean,2030,11,97,ES1 7 bat,0.0
mean,2030,11,98,ES1 7 bat,0.0
mean,2030,11,99,ES1 7 bat,0.0
mean,2030,11,100,ES1 7 bat,0.0
mean,2030,11,101,ES1 7 bat,0.0
mean,2030,11,102,ES1 7 bat,0.0
mean,2030,11,103,ES1 7 bat,0.0
mean,2030,11,104,ES1 7 bat,0.0
mean,2030,11,105,ES1 7 bat,0.0
mean,2030,11,106,ES1 7 bat,0.0
mean,2030,11,107,ES1 7 bat,0.0
mean,2030,11,108,ES1 7 bat,0.0
mean,2030,11,109,ES1 7 bat,0.0
mean,2030,11,110,ES1 7 bat,0.0
mean,2030,11,111,ES1 7 bat,0.0
mean,2030,11,112,ES1 7 bat,0.0
mean,2030,11,113,ES1 7 bat,0.0
mean,2030,11,114,ES1 7 bat,0.0
mean,2030,11,115,ES1 7 bat,0.0
mean,2030,11,116,ES1 7 bat,0.0
mean,2030,11,117,ES1 7 bat,0.0
mean,2030,11,118,ES1 7 bat,0.0
mean,2030,11,119,ES1 7 bat,0.0
mean,2030,11,120,ES1 7 bat,0.0
mean,2030,11,121,ES1 7 bat,0.0
mean,2030,11,122,ES1 7 bat,0.0
mean,2030,11,123,ES1 7 bat,0.0
mean,2030,11,124,ES1 7 bat,0.0
mean,2030,11,125,ES1 7 bat,0.0
mean,2030,11,126,ES1 7 bat,0.0
mean,2030,11,127,ES1 7 bat,0.0
mean,2030,11,128,ES1 7 bat,0.0
mean,2030,11,129,ES1 7 bat,0.0
mean,2030,11,130,ES1 7 bat,0.0
mean,2030,11,131,ES1 7 bat,0.0
mean,2030,11,132,ES1 7 bat,0.0
mean,2030,11,133,ES1 7 bat,0.0
mean,2030,11,134,ES1 7 bat,0.0
mean,2030,11,135,ES1 7 bat,0.0
mean,2030,11,136,ES1 7 bat,0.0
mean,2030,11,137,ES1 7 bat,0.0
mean,2030,11,138,ES1 7 bat,0.0
mean,2030,11,139,ES1 7 bat,0.0
mean,2030,11,140,ES1 7 bat,0.0
mean,2030,11,141,ES1 7 bat,0.0
mean,2030,11,142,ES1 7 bat,0.0
mean,2030,11,143,ES1 7 bat,0.0
mean,2030,11,144,ES1 7 bat,0.0
mean,2030,11,145,ES1 7 bat,0.0
mean,2030,11,146,ES1 7 bat,0.0
mean,2030,11,147,ES1 7 bat,0.0
mean,2030,11,148,ES1 7 bat,0.0
mean,2030,11,149,ES1 7 bat,0.0
mean,2030,11,150,ES1 7 bat,0.0
mean,2030,11,151,ES1 7 bat,0.0
mean,2030,11,152,ES1 7 bat,0.0
mean,2030,11,153,ES1 7 bat,0.0
mean,2030,11,154,ES1 7 bat,0.0
mean,2030,11,155,ES1 7 bat,0.0
mean,2030,11,156,ES1 7 bat,0.0
mean,2030,11,157,ES1 7 bat,0.0
mean,2030,11,158,ES1 7 bat,0.0
mean,2030,11,159,ES1 7 bat,0.0
mean,2030,11,160,ES1 7 bat,0.0
mean,2030,11,161,ES1 7 bat,0.0
mean,2030,11,162,ES1 7 bat,0.0
mean,2030,11,163,ES1 7 bat,0.0
mean,2030,11,164,ES1 7 bat,0.0
mean,2030,11,165,ES1 7 bat,0.0
mean,2030,11,166,ES1 7 bat,0.0
mean,2030,11,167,ES1 7 bat,0.0
mean,2030,21,0,ES1 7 bat,-62.46991867982232
mean,2030,21,1,ES1 7 bat,0.0
mean,2030,21,2,ES1 7 bat,0.0
mean,2030,21,3,ES1 7 bat,0.0
mean,2030,21,4,ES1 7 bat,0.0
mean,2030,21,5,ES1 7 bat,0.0
mean,2030,21,6,ES1 7 bat,0.0
mean,2030,21,7,ES1 7 bat,0.0
mean,2030,21,8,ES1 7 bat,0.0
mean,2030,21,9,ES1 7 bat,0.0
mean,2030,21,10,ES1 7 bat,0.0
mean,2030,21,11,ES1 7 bat,0.0
mean,2030,21,12,ES1 7 bat,0.0
mean,2030,21,13,ES1 7 bat,0.0
mean,2030,21,14,ES1 7 bat,0.0
mean,2030,21,15,ES1 7 bat,0.0
mean,2030,21,16,ES1 7 bat,0.0
mean,2030,21,17,ES1 7 bat,0.0
mean,2030,21,18,ES1 7 bat,0.0
mean,2030,21,19,ES1 7 bat,0.0
mean,2030,21,20,ES1 7 bat,0.0
mean,2030,21,21,ES1 7 bat,0.0
mean,2030,21,22,ES1 7 bat,0.0
mean,2030,21,23,ES1 7 bat,0.0
mean,2030,21,24,ES1 7 bat,0.0
mean,2030,21,25,ES1 7 bat,0.0
mean,2030,21,26,ES1 7 bat,0.0
mean,2030,21,27,ES1 7 bat,0.0
mean,2030,21,28,ES1 7 bat,0.0
mean,2030,21,29,ES1 7 bat,0.0
mean,2030,21,30,ES1 7 bat,0.0
mean,2030,21,31,ES1 7 bat,0.0
mean,2030,21,32,ES1 7 bat,0.0
mean,2030,21,33,ES1 7 bat,0.0
mean,2030,21,34,ES1 7 bat,0.0
mean,2030,21,35,ES1 7 bat,0.0
mean,2030,21,36,ES1 7 bat,0.0
mean,2030,21,37,ES1 7 bat,0.0
mean,2030,21,38,ES1 7 bat,0.0
mean,2030,21,39,ES1 7 bat,0.0
mean,2030,21,40,ES1 7 bat,0.0
mean,2030,21,41,ES1 7 bat,0.0
mean,2030,21,42,ES1 7 bat,0.0
mean,2030,21,43,ES1 7 bat,0.0
mean,2030,21,44,ES1 7 bat,0.0
mean,2030,21,45,ES1 7 bat,0.0
mean,2030,21,46,ES1 7 bat,0.0
mean,2030,21,47,ES1 7 bat,0.0
mean,2030,21,48,ES1 7 bat,0.0
mean,2030,21,49,ES1 7 bat,0.0
mean,2030,21,50,ES1 7 bat,0.0
mean,2030,21,51,ES1 7 bat,0.0
mean,2030,21,52,ES1 7 bat,0.0
mean,2030,21,53,ES1 7 bat,0.0
mean,2030,21,54,ES1 7 bat,0.0
mean,2030,21,55,ES1 7 bat,0.0
mean,2030,21,56,ES1 7 bat,0.0
mean,2030,21,57,ES1 7 bat,0.0
mean,2030,21,58,ES1 7 bat,0.0
mean,2030,21,59,ES1 7 bat,0.0
mean,2030,21,60,ES1 7 bat,0.0
mean,2030,21,61,ES1 7 bat,0.0
mean,2030,21,62,ES1 7 bat,0.0
mean,2030,21,63,ES1 7 bat,0.0
mean,2030,21,64,ES1 7 bat,0.0
mean,2030,21,65,ES1 7 bat,0.0
mean,2030,21,66,ES1 7 bat,0.0
mean,2030,21,67,ES1 7 bat,0.0
mean,2030,21,68,ES1 7 bat,0.0
mean,2030,21,69,ES1 7 bat,0.0
mean,2030,21,70,ES1 7 bat,0.0
mean,2030,21,71,ES1 7 bat,0.0
mean,2030,21,72,ES1 7 bat,0.0
mean,2030,21,73,ES1 7 bat,0.0
mean,2030,21,74,ES1 7 bat,0.0
mean,2030,21,75,ES1 7 bat,0.0
mean,2030,21,76,ES1 7 bat,0.0
mean,2030,21,77,ES1 7 bat,0.0
mean,2030,21,78,ES1 7 bat,0.0
mean,2030,21,79,ES1 7 bat,0.0
mean,2030,21,80,ES1 7 bat,0.0
mean,2030,21,81,ES1 7 bat,0.0
mean,2030,21,82,ES1 7 bat,0.0
mean,2030,21,83,ES1 7 bat,0.0
mean,2030,21,84,ES1 7 bat,0.0
mean,2030,21,85,ES1 7 bat,0.0
mean,2030,21,86,ES1 7 bat,0.0
mean,2030,21,87,ES1 7 bat,0.0
mean,2030,21,88,ES1 7 bat,0.0
mean,2030,21,89,ES1 7 bat,0.0
mean,2030,21,90,ES1 7 bat,0.0
mean,2030,21,91,ES1 7 bat,0.0
mean,2030,21,92,ES1 7 bat,0.0
mean,2030,21,93,ES1 7 bat,0.0
mean,2030,21,94,ES1 7 bat,0.0
mean,2030,21,95,ES1 7 bat,0.0
mean,2030,21,96,ES1 7 bat,0.0
mean,2030,21,97,ES1 7 bat,0.0
mean,2030,21,98,ES1 7 bat,0.0
mean,2030,21,99,ES1 7 bat,0.0
mean,2030,21,100,ES1 7 bat,0.0
mean,2030,21,101,ES1 7 bat,0.0
mean,2030,21,102,ES1 7 bat,0.0
mean,2030,21,103,ES1 7 bat,0.0
mean,2030,21,104,ES1 7 bat,0.0
mean,2030,21,105,ES1 7 bat,0.0
mean,2030,21,106,ES1 7 bat,0.0
mean,2030,21,107,ES1 7 bat,0.0
mean,2030,21,108,ES1 7 bat,0.0
mean,2030,21,109,ES1 7 bat,0.0
mean,2030,21,110,ES1 7 bat,0.0
mean,2030,21,111,ES1 7 bat,0.0
mean,2030,21,112,ES1 7 bat,0.0
mean,2030,21,113,ES1 7 bat,0.0
mean,2030,21,114,ES1 7 bat,0.0
mean,2030,21,115,ES1 7 bat,0.0
mean,2030,21,116,ES1 7 bat,0.0
mean,2030,21,117,ES1 7 bat,0.0
mean,2030,21,118,ES1 7 bat,0.0
mean,2030,21,119,ES1 7 bat,0.0
mean,2030,21,120,ES1 7 bat,0.0
mean,2030,21,121,ES1 7 bat,0.0
mean,2030,21,122,ES1 7 bat,0.0
mean,2030,21,123,ES1 7 bat,0.0
mean,2030,21,124,ES1 7 bat,0.0
mean,2030,21,125,ES1 7 bat,0.0
mean,2030,21,126,ES1 7 bat,0.0
mean,2030,21,127,ES1 7 bat,0.0
mean,2030,21,128,ES1 7 bat,0.0
mean,2030,21,129,ES1 7 bat,0.0
mean,2030,21,130,ES1 7 bat,0.0
mean,2030,21,131,ES1 7 bat,0.0
mean,2030,21,132,ES1 7 bat,0.0
mean,2030,21,133,ES1 7 bat,0.0
mean,2030,21,134,ES1 7 bat,0.0
mean,2030,21,135,ES1 7 bat,0.0
mean,2030,21,136,ES1 7 bat,0.0
mean,2030,21,137,ES1 7 bat,0.0
mean,2030,21,138,ES1 7 bat,0.0
mean,2030,21,139,ES1 7 bat,0.0
mean,2030,21,140,ES1 7 bat,0.0
mean,2030,21,141,ES1 7 bat,0.0
mean,2030,21,142,ES1 7 bat,0.0
mean,2030,21,143,ES1 7 bat,0.0
mean,2030,21,144,ES1 7 bat,0.0
mean,2030,21,145,ES1 7 bat,0.0
mean,2030,21,146,ES1 7 bat,0.0
mean,2030,21,147,ES1 7 bat,0.0
mean,2030,21,148,ES1 7 bat,0.0
mean,2030,21,149,ES1 7 bat,0.0
mean,2030,21,150,ES1 7 bat,0.0
mean,2030,21,151,ES1 7 bat,0.0
mean,2030,21,152,ES1 7 bat,0.0
mean,2030,21,153,ES1 7 bat,0.0
mean,2030,21,154,ES1 7 bat,0.0
mean,2030,21,155,ES1 7 bat,0.0
mean,2030,21,156,ES1 7 bat,0.0
mean,2030,21,157,ES1 7 bat,0.0
mean,2030,21,158,ES1 7 bat,0.0
mean,2030,21,159,ES1 7 bat,-0.003786037701879352
mean,2030,21,160,ES1 7 bat,-0.0038976589246786015
mean,2030,21,161,ES1 7 bat,-0.004076533210735626
mean,2030,21,162,ES1 7 bat,0.0
mean,2030,21,163,ES1 7 bat,0.0
mean,2030,21,164,ES1 7 bat,0.0
mean,2030,21,165,ES1 7 bat,0.0
mean,2030,21,166,ES1 7 bat,0.0
mean,2030,21,167,ES1 7 bat,0.0
mean,2030,42,0,ES1 7 bat,-63.88115455811319
mean,2030,42,1,ES1 7 bat,0.0
mean,2030,42,2,ES1 7 bat,0.0
mean,2030,42,3,ES1 7 bat,0.0
mean,2030,42,4,ES1 7 bat,0.0
mean,2030,42,5,ES1 7 bat,0.0
mean,2030,42,6,ES1 7 bat,0.0
mean,2030,42,7,ES1 7 bat,0.0
mean,2030,42,8,ES1 7 bat,0.0
mean,2030,42,9,ES1 7 bat,0.0
mean,2030,42,10,ES1 7 bat,0.0
mean,2030,42,11,ES1 7 bat,0.0
mean,2030,42,12,ES1 7 bat,0.0
mean,2030,42,13,ES1 7 bat,0.0
mean,2030,42,14,ES1 7 bat,0.0
mean,2030,42,15,ES1 7 bat,0.0
mean,2030,42,16,ES1 7 bat,0.0
mean,2030,42,17,ES1 7 bat,0.0
mean,2030,42,18,ES1 7 bat,0.0
mean,2030,42,19,ES1 7 bat,0.0
mean,2030,42,20,ES1 7 bat,0.0
mean,2030,42,21,ES1 7 bat,0.0
mean,2030,42,22,ES1 7 bat,0.0
mean,2030,42,23,ES1 7 bat,0.0
mean,2030,42,24,ES1 7 bat,0.0
mean,2030,42,25,ES1 7 bat,0.0
mean,2030,42,26,ES1 7 bat,0.0
mean,2030,42,27,ES1 7 bat,0.0
mean,2030,42,28,ES1 7 bat,0.0
mean,2030,42,29,ES1 7 bat,0.0
mean,2030,42,30,ES1 7 bat,0.0
mean,2030,42,31,ES1 7 bat,0.0
mean,2030,42,32,ES1 7 bat,0.0
mean,2030,42,33,ES1 7 bat,0.0
mean,2030,42,34,ES1 7 bat,0.0
mean,2030,42,35,ES1 7 bat,0.0
mean,2030,42,36,ES1 7 bat,0.0
mean,2030,42,37,ES1 7 bat,0.0
mean,2030,42,38,ES1 7 bat,0.0
mean,2030,42,39,ES1 7 bat,0.0
mean,2030,42,40,ES1 7 bat,0.0
mean,2030,42,41,ES1 7 bat,0.0
mean,2030,42,42,ES1 7 bat,0.0
mean,2030,42,43,ES1 7 bat,0.0
mean,2030,42,44,ES1 7 bat,0.0
mean,2030,42,45,ES1 7 bat,0.0
mean,2030,42,46,ES1 7 bat,0.0
mean,2030,42,47,ES1 7 bat,0.0
mean,2030,42,48,ES1 7 bat,0.0
mean,2030,42,49,ES1 7 bat,0.0
mean,2030,42,50,ES1 7 bat,0.0
mean,2030,42,51,ES1 7 bat,0.0
mean,2030,42,52,ES1 7 bat,0.0
mean,2030,42,53,ES1 7 bat,0.0
mean,2030,42,54,ES1 7 bat,0.0
mean,2030,42,55,ES1 7 bat,0.0
mean,2030,42,56,ES1 7 bat,0.0
mean,2030,42,57,ES1 7 bat,0.0
mean,2030,42,58,ES1 7 bat,0.0
mean,2030,42,59,ES1 7 bat,0.0
mean,2030,42,60,ES1 7 bat,0.0
mean,2030,42,61,ES1 7 bat,0.0
mean,2030,42,62,ES1 7 bat,0.0
mean,2030,42,63,ES1 7 bat,0.0
mean,2030,42,64,ES1 7 bat,0.0
mean,2030,42,65,ES1 7 bat,0.0
mean,2030,42,66,ES1 7 bat,0.0
mean,2030,42,67,ES1 7 bat,0.0
mean,2030,42,68,ES1 7 bat,0.0
mean,2030,42,69,ES1 7 bat,0.0
mean,2030,42,70,ES1 7 bat,0.0
mean,2030,42,71,ES1 7 bat,0.0
mean,2030,42,72,ES1 7 bat,0.0
mean,2030,42,73,ES1 7 bat,0.0
mean,2030,42,74,ES1 7 bat,0.0
mean,2030,42,75,ES1 7 bat,0.0
mean,2030,42,76,ES1 7 bat,0.0
mean,2030,42,77,ES1 7 bat,0.0
mean,2030,42,78,ES1 7 bat,0.0
mean,2030,42,79,ES1 7 bat,0.0
mean,2030,42,80,ES1 7 bat,0.0
mean,2030,42,81,ES1 7 bat,0.0
mean,2030,42,82,ES1 7 bat,0.0
mean,2030,42,83,ES1 7 bat,0.0
mean,2030,42,84,ES1 7 bat,0.0
mean,2030,42,85,ES1 7 bat,0.0
mean,2030,42,86,ES1 7 bat,0.0
mean,2030,42,87,ES1 7 bat,0.0
mean,2030,42,88,ES1 7 bat,0.0
mean,2030,42,89,ES1 7 bat,-0.17981188487448066
mean,2030,42,90,ES1 7 bat,0.0
mean,2030,42,91,ES1 7 bat,0.0
mean,2030,42,92,ES1 7 bat,0.0
mean,2030,42,93,ES1 7 bat,0.0
mean,2030,42,94,ES1 7 bat,0.0
mean,2030,42,95,ES1 7 bat,0.0
mean,2030,42,96,ES1 7 bat,0.0
mean,2030,42,97,ES1 7 bat,0.0
mean,2030,42,98,ES1 7 bat,0.0
mean,2030,42,99,ES1 7 bat,0.0
mean,2030,42,100,ES1 7 bat,0.0
mean,2030,42,101,ES1 7 bat,0.0
mean,2030,42,102,ES1 7 bat,0.0
mean,2030,42,103,ES1 7 bat,0.0
mean,2030,42,104,ES1 7 bat,0.0
mean,2030,42,105,ES1 7 bat,0.0
mean,2030,42,106,ES1 7 bat,0.0
mean,2030,42,107,ES1 7 bat,0.0
mean,2030,42,108,ES1 7 bat,0.0
mean,2030,42,109,ES1 7 bat,0.0
mean,2030,42,110,ES1 7 bat,0.0
mean,2030,42,111,ES1 7 bat,0.0
mean,2030,42,112,ES1 7 bat,0.0
mean,2030,42,113,ES1 7 bat,0.0
mean,2030,42,114,ES1 7 bat,0.0
mean,2030,42,115,ES1 7 bat,0.0
mean,2030,42,116,ES1 7 bat,0.0
mean,2030,42,117,ES1 7 bat,0.0
mean,2030,42,118,ES1 7 bat,0.0
mean,2030,42,119,ES1 7 bat,0.0
mean,2030,42,120,ES1 7 bat,0.0
mean,2030,42,121,ES1 7 bat,0.0
mean,2030,42,122,ES1 7 bat,0.0
mean,2030,42,123,ES1 7 bat,0.0
mean,2030,42,124,ES1 7 bat,0.0
mean,2030,42,125,ES1 7 bat,0.0
mean,2030,42,126,ES1 7 bat,0.0
mean,2030,42,127,ES1 7 bat,0.0
mean,2030,42,128,ES1 7 bat,0.0
mean,2030,42,129,ES1 7 bat,0.0
mean,2030,42,130,ES1 7 bat,0.0
mean,2030,42,131,ES1 7 bat,0.0
mean,2030,42,132,ES1 7 bat,0.0
mean,2030,42,133,ES1 7 bat,0.0
mean,2030,42,134,ES1 7 bat,0.0
mean,2030,42,135,ES1 7 bat,0.0
mean,2030,42,136,ES1 7 bat,0.0
mean,2030,42,137,ES1 7 bat,0.0
mean,2030,42,138,ES1 7 bat,0.0
mean,2030,42,139,ES1 7 bat,0.0
mean,2030,42,140,ES1 7 bat,0.0
mean,2030,42,141,ES1 7 bat,0.0
mean,2030,42,142,ES1 7 bat,0.0
mean,2030,42,143,ES1 7 bat,0.0
mean,2030,42,144,ES1 7 bat,0.0
mean,2030,42,145,ES1 7 bat,0.0
mean,2030,42,146,ES1 7 bat,0.0
mean,2030,42,147,ES1 7 bat,0.0
mean,2030,42,148,ES1 7 bat,0.0
mean,2030,42,149,ES1 7 bat,0.0
mean,2030,42,150,ES1 7 bat,0.0
mean,2030,42,151,ES1 7 bat,0.0
mean,2030,42,152,ES1 7 bat,0.0
mean,2030,42,153,ES1 7 bat,0.0
mean,2030,42,154,ES1 7 bat,0.0
mean,2030,42,155,ES1 7 bat,0.0
mean,2030,42,156,ES1 7 bat,0.0
mean,2030,42,157,ES1 7 bat,0.0
mean,2030,42,158,ES1 7 bat,0.0
mean,2030,42,159,ES1 7 bat,0.0
mean,2030,42,160,ES1 7 bat,0.0
mean,2030,42,161,ES1 7 bat,0.0
mean,2030,42,162,ES1 7 bat,0.0
mean,2030,42,163,ES1 7 bat,0.0
mean,2030,42,164,ES1 7 bat,0.0
mean,2030,42,165,ES1 7 bat,0.0
mean,2030,42,166,ES1 7 bat,0.0
mean,2030,42,167,ES1 7 bat,0.0
mean,2030,52,0,ES1 7 bat,-61.15104416997207
mean,2030,52,1,ES1 7 bat,0.0
mean,2030,52,2,ES1 7 bat,0.0
mean,2030,52,3,ES1 7 bat,0.0
mean,2030,52,4,ES1 7 bat,0.0
mean,2030,52,5,ES1 7 bat,0.0
mean,2030,52,6,ES1 7 bat,0.0
mean,2030,52,7,ES1 7 bat,0.0
mean,2030,52,8,ES1 7 bat,0.0
mean,2030,52,9,ES1 7 bat,0.0
mean,2030,52,10,ES1 7 bat,0.0
mean,2030,52,11,ES1 7 bat,0.0
mean,2030,52,12,ES1 7 bat,0.0
mean,2030,52,13,ES1 7 bat,0.0
mean,2030,52,14,ES1 7 bat,0.0
mean,2030,52,15,ES1 7 bat,0.0
mean,2030,52,16,ES1 7 bat,0.0
mean,2030,52,17,ES1 7 bat,0.0
mean,2030,52,18,ES1 7 bat,0.0
mean,2030,52,19,ES1 7 bat,0.0
mean,2030,52,20,ES1 7 bat,0.0
mean,2030,52,21,ES1 7 bat,0.0
mean,2030,52,22,ES1 7 bat,0.0
mean,2030,52,23,ES1 7 bat,0.0
mean,2030,52,24,ES1 7 bat,0.0
mean,2030,52,25,ES1 7 bat,0.0
mean,2030,52,26,ES1 7 bat,0.0
mean,2030,52,27,ES1 7 bat,0.0
mean,2030,52,28,ES1 7 bat,0.0
mean,2030,52,29,ES1 7 bat,0.0
mean,2030,52,30,ES1 7 bat,0.0
mean,2030,52,31,ES1 7 bat,0.0
mean,2030,52,32,ES1 7 bat,0.0
mean,2030,52,33,ES1 7 bat,0.0
mean,2030,52,34,ES1 7 bat,0.0
mean,2030,52,35,ES1 7 bat,0.0
mean,2030,52,36,ES1 7 bat,0.0
mean,2030,52,37,ES1 7 bat,0.0
mean,2030,52,38,ES1 7 bat,0.0
mean,2030,52,39,ES1 7 bat,0.0
mean,2030,52,40,ES1 7 bat,0.0
mean,2030,52,41,ES1 7 bat,0.0
mean,2030,52,42,ES1 7 bat,0.0
mean,2030,52,43,ES1 7 bat,0.0
mean,2030,52,44,ES1 7 bat,0.0
mean,2030,52,45,ES1 7 bat,0.0
mean,2030,52,46,ES1 7 bat,0.0
mean,2030,52,47,ES1 7 bat,0.0
mean,2030,52,48,ES1 7 bat,0.0
mean,2030,52,49,ES1 7 bat,0.0
mean,2030,52,50,ES1 7 bat,0.0
mean,2030,52,51,ES1 7 bat,0.0
mean,2030,52,52,ES1 7 bat,0.0
mean,2030,52,53,ES1 7 bat,0.0
mean,2030,52,54,ES1 7 bat,0.0
mean,2030,52,55,ES1 7 bat,0.0
mean,2030,52,56,ES1 7 bat,0.0
mean,2030,52,57,ES1 7 bat,0.0
mean,2030,52,58,ES1 7 bat,0.0
mean,2030,52,59,ES1 7 bat,0.0
mean,2030,52,60,ES1 7 bat,0.0
mean,2030,52,61,ES1 7 bat,0.0
mean,2030,52,62,ES1 7 bat,0.0
mean,2030,52,63,ES1 7 bat,0.0
mean,2030,52,64,ES1 7 bat,0.0
mean,2030,52,65,ES1 7 bat,0.0
mean,2030,52,66,ES1 7 bat,0.0
mean,2030,52,67,ES1 7 bat,0.0
mean,2030,52,68,ES1 7 bat,0.0
mean,2030,52,69,ES1 7 bat,0.0
mean,2030,52,70,ES1 7 bat,0.0
mean,2030,52,71,ES1 7 bat,0.0
mean,2030,52,72,ES1 7 bat,0.0
mean,2030,52,73,ES1 7 bat,0.0
mean,2030,52,74,ES1 7 bat,0.0
mean,2030,52,75,ES1 7 bat,0.0
mean,2030,52,76,ES1 7 bat,0.0
mean,2030,52,77,ES1 7 bat,0.0
mean,2030,52,78,ES1 7 bat,0.0
mean,2030,52,79,ES1 7 bat,0.0
mean,2030,52,80,ES1 7 bat,0.0
mean,2030,52,81,ES1 7 bat,0.0
mean,2030,52,82,ES1 7 bat,0.0
mean,2030,52,83,ES1 7 bat,0.0
mean,2030,52,84,ES1 7 bat,0.0
mean,2030,52,85,ES1 7 bat,0.0
mean,2030,52,86,ES1 7 bat,0.0
mean,2030,52,87,ES1 7 bat,0.0
mean,2030,52,88,ES1 7 bat,0.0
mean,2030,52,89,ES1 7 bat,0.0
mean,2030,52,90,ES1 7 bat,0.0
mean,2030,52,91,ES1 7 bat,0.0
mean,2030,52,92,ES1 7 bat,0.0
mean,2030,52,93,ES1 7 bat,0.0
mean,2030,52,94,ES1 7 bat,0.0
mean,2030,52,95,ES1 7 bat,0.0
mean,2030,52,96,ES1 7 bat,0.0
mean,2030,52,97,ES1 7 bat,0.0
mean,2030,52,98,ES1 7 bat,0.0
mean,2030,52,99,ES1 7 bat,0.0
mean,2030,52,100,ES1 7 bat,0.0
mean,2030,52,101,ES1 7 bat,0.0
mean,2030,52,102,ES1 7 bat,0.0
mean,2030,52,103,ES1 7 bat,0.0
mean,2030,52,104,ES1 7 bat,0.0
mean,2030,52,105,ES1 7 bat,0.0
mean,2030,52,106,ES1 7 bat,0.0
mean,2030,52,107,ES1 7 bat,0.0
mean,2030,52,108,ES1 7 bat,0.0
mean,2030,52,109,ES1 7 bat,0.0
mean,2030,52,110,ES1 7 bat,0.0
mean,2030,52,111,ES1 7 bat,0.0
mean,2030,52,112,ES1 7 bat,0.0
mean,2030,52,113,ES1 7 bat,0.0
mean,2030,52,114,ES1 7 bat,0.0
mean,2030,52,115,ES1 7 bat,0.0
mean,2030,52,116,ES1 7 bat,0.0
mean,2030,52,117,ES1 7 bat,0.0
mean,2030,52,118,ES1 7 bat,0.0
mean,2030,52,119,ES1 7 bat,0.0
mean,2030,52,120,ES1 7 bat,0.0
mean,2030,52,121,ES1 7 bat,0.0
mean,2030,52,122,ES1 7 bat,0.0
mean,2030,52,123,ES1 7 bat,0.0
mean,2030,52,124,ES1 7 bat,0.0
mean,2030,52,125,ES1 7 bat,0.0
mean,2030,52,126,ES1 7 bat,0.0
mean,2030,52,127,ES1 7 bat,0.0
mean,2030,52,128,ES1 7 bat,0.0
mean,2030,52,129,ES1 7 bat,0.0
mean,2030,52,130,ES1 7 bat,0.0
mean,2030,52,131,ES1 7 bat,0.0
mean,2030,52,132,ES1 7 bat,0.0
mean,2030,52,133,ES1 7 bat,0.0
mean,2030,52,134,ES1 7 bat,0.0
mean,2030,52,135,ES1 7 bat,0.0
mean,2030,52,136,ES1 7 bat,0.0
mean,2030,52,137,ES1 7 bat,0.0
mean,2030,52,138,ES1 7 bat,0.0
mean,2030,52,139,ES1 7 bat,0.0
mean,2030,52,140,ES1 7 bat,0.0
mean,2030,52,141,ES1 7 bat,0.0
mean,2030,52,142,ES1 7 bat,0.0
mean,2030,52,143,ES1 7 bat,0.0
mean,2030,52,144,ES1 7 bat,0.0
mean,2030,52,145,ES1 7 bat,0.0
mean,2030,52,146,ES1 7 bat,0.0
mean,2030,52,147,ES1 7 bat,0.0
mean,2030,52,148,ES1 7 bat,0.0
mean,2030,52,149,ES1 7 bat,0.0
mean,2030,52,150,ES1 7 bat,0.0
mean,2030,52,151,ES1 7 bat,0.0
mean,2030,52,152,ES1 7 bat,0.0
mean,2030,52,153,ES1 7 bat,0.0
mean,2030,52,154,ES1 7 bat,0.0
mean,2030,52,155,ES1 7 bat,0.0
mean,2030,52,156,ES1 7 bat,0.0
mean,2030,52,157,ES1 7 bat,0.0
mean,2030,52,158,ES1 7 bat,0.0
mean,2030,52,159,ES1 7 bat,-0.003928192103981578
mean,2030,52,160,ES1 7 bat,-0.004107067662917571
mean,2030,52,161,ES1 7 bat,0.0
mean,2030,52,162,ES1 7 bat,0.0
mean,2030,52,163,ES1 7 bat,0.0
mean,2030,52,164,ES1 7 bat,0.0
mean,2030,52,165,ES1 7 bat,0.0
mean,2030,52,166,ES1 7 bat,0.0
mean,2030,52,167,ES1 7 bat,0.0
mean,2040,11,0,ES1 7 bat,-0.014686484458747096
mean,2040,11,1,ES1 7 bat,0.0
mean,2040,11,2,ES1 7 bat,0.0
mean,2040,11,3,ES1 7 bat,0.0
mean,2040,11,4,ES1 7 bat,0.0
mean,2040,11,5,ES1 7 bat,0.0
mean,2040,11,6,ES1 7 bat,0.0
mean,2040,11,7,ES1 7 bat,0.0
mean,2040,11,8,ES1 7 bat,0.0
mean,2040,11,9,ES1 7 bat,0.0
mean,2040,11,10,ES1 7 bat,0.0
mean,2040,11,11,ES1 7 bat,0.0
mean,2040,11,12,ES1 7 bat,0.0
mean,2040,11,13,ES1 7 bat,0.0
mean,2040,11,14,ES1 7 bat,0.0
mean,2040,11,15,ES1 7 bat,0.0
mean,2040,11,16,ES1 7 bat,0.0
mean,2040,11,17,ES1 7 bat,0.0
mean,2040,11,18,ES1 7 bat,0.0
mean,2040,11,19,ES1 7 bat,0.0
mean,2040,11,20,ES1 7 bat,0.0
mean,2040,11,21,ES1 7 bat,0.0
mean,2040,11,22,ES1 7 bat,0.0
mean,2040,11,23,ES1 7 bat,0.0
mean,2040,11,24,ES1 7 bat,0.0
mean,2040,11,25,ES1 7 bat,0.0
mean,2040,11,26,ES1 7 bat,0.0
mean,2040,11,27,ES1 7 bat,0.0
mean,2040,11,28,ES1 7 bat,0.0
mean,2040,11,29,ES1 7 bat,0.0
mean,2040,11,30,ES1 7 bat,0.0
mean,2040,11,31,ES1 7 bat,-61.114630156433996
mean,2040,11,32,ES1 7 bat,0.0
mean,2040,11,33,ES1 7 bat,0.0
mean,2040,11,34,ES1 7 bat,0.0
mean,2040,11,35,ES1 7 bat,0.0
mean,2040,11,36,ES1 7 bat,0.0
mean,2040,11,37,ES1 7 bat,0.0
mean,2040,11,38,ES1 7 bat,0.0
mean,2040,11,39,ES1 7 bat,0.0
mean,2040,11,40,ES1 7 bat,0.0
mean,2040,11,41,ES1 7 bat,0.0
mean,2040,11,42,ES1 7 bat,0.0
mean,2040,11,43,ES1 7 bat,-0.002596870262670115
mean,2040,11,44,ES1 7 bat,0.0
mean,2040,11,45,ES1 7 bat,0.0
mean,2040,11,46,ES1 7 bat,0.0
mean,2040,11,47,ES1 7 bat,0.0
mean,2040,11,48,ES1 7 bat,0.0
mean,2040,11,49,ES1 7 bat,0.0
mean,2040,11,50,ES1 7 bat,0.0
mean,2040,11,51,ES1 7 bat,0.0
mean,2040,11,52,ES1 7 bat,0.0
mean,2040,11,53,ES1 7 bat,0.0
mean,2040,11,54,ES1 7 bat,0.0
mean,2040,11,55,ES1 7 bat,0.0
mean,2040,11,56,ES1 7 bat,0.0
mean,2040,11,57,ES1 7 bat,0.0
mean,2040,11,58,ES1 7 bat,0.0
mean,2040,11,59,ES1 7 bat,0.0
mean,2040,11,60,ES1 7 bat,0.0
mean,2040,11,61,ES1 7 bat,0.0
mean,2040,11,62,ES1 7 bat,0.0
mean,2040,11,63,ES1 7 bat,0.0
mean,2040,11,64,ES1 7 bat,0.0
mean,2040,11,65,ES1 7 bat,0.0
mean,2040,11,66,ES1 7 bat,0.0
mean,2040,11,67,ES1 7 bat,0.0
mean,2040,11,68,ES1 7 bat,0.0
mean,2040,11,69,ES1 7 bat,0.0
mean,2040,11,70,ES1 7 bat,0.0
mean,2040,11,71,ES1 7 bat,0.0
mean,2040,11,72,ES1 7 bat,0.0
mean,2040,11,73,ES1 7 bat,0.0
mean,2040,11,74,ES1 7 bat,0.0
mean,2040,11,75,ES1 7 bat,0.0
mean,2040,11,76,ES1 7 bat,0.0
mean,2040,11,77,ES1 7 bat,0.0
mean,2040,11,78,ES1 7 bat,0.0
mean,2040,11,79,ES1 7 bat,0.0
mean,2040,11,80,ES1 7 bat,0.0
mean,2040,11,81,ES1 7 bat,0.0
mean,2040,11,82,ES1 7 bat,0.0
mean,2040,11,83,ES1 7 bat,0.0
mean,2040,11,84,ES1 7 bat,0.0
mean,2040,11,85,ES1 7 bat,0.0
mean,2040,11,86,ES1 7 bat,0.0
mean,2040,11,87,ES1 7 bat,0.0
mean,2040,11,88,ES1 7 bat,0.0
mean,2040,11,89,ES1 7 bat,0.0
mean,2040,11,90,ES1 7 bat,0.0
mean,2040,11,91,ES1 7 bat,0.0
mean,2040,11,92,ES1 7 bat,0.0
mean,2040,11,93,ES1 7 bat,0.0
mean,2040,11,94,ES1 7 bat,0.0
mean,2040,11,95,ES1 7 bat,0.0
mean,2040,11,96,ES1 7 bat,0.0
mean,2040,11,97,ES1 7 bat,0.0
mean,2040,11,98,ES1 7 bat,0.0
mean,2040,11,99,ES1 7 bat,0.0
mean,2040,11,100,ES1 7 bat,0.0
mean,2040,11,101,ES1 7 bat,0.0
mean,2040,11,102,ES1 7 bat,0.0
mean,2040,11,103,ES1 7 bat,0.0
mean,2040,11,104,ES1 7 bat,0.0
mean,2040,11,105,ES1 7 bat,0.0
mean,2040,11,106,ES1 7 bat,0.0
mean,2040,11,107,ES1 7 bat,0.0
mean,2040,11,108,ES1 7 bat,0.0
mean,2040,11,109,ES1 7 bat,0.0
mean,2040,11,110,ES1 7 bat,0.0
mean,2040,11,111,ES1 7 bat,-0.555625651547847
mean,2040,11,112,ES1 7 bat,0.0
mean,2040,11,113,ES1 7 bat,0.0
mean,2040,11,114,ES1 7 bat,-0.0
mean,2040,11,115,ES1 7 bat,0.0
mean,2040,11,116,ES1 7 bat,0.0
mean,2040,11,117,ES1 7 bat,0.0
mean,2040,11,118,ES1 7 bat,0.0
mean,2040,11,119,ES1 7 bat,0.0
mean,2040,11,120,ES1 7 bat,0.0
mean,2040,11,121,ES1 7 bat,0.0
mean,2040,11,122,ES1 7 bat,0.0
mean,2040,11,123,ES1 7 bat,0.0
mean,2040,11,124,ES1 7 bat,0.0
mean,2040,11,125,ES1 7 bat,0.0
mean,2040,11,126,ES1 7 bat,0.0
mean,2040,11,127,ES1 7 bat,0.0
mean,2040,11,128,ES1 7 bat,0.0
mean,2040,11,129,ES1 7 bat,0.0
mean,2040,11,130,ES1 7 bat,0.0
mean,2040,11,131,ES1 7 bat,0.0
mean,2040,11,132,ES1 7 bat,0.0
mean,2040,11,133,ES1 7 bat,0.0
mean,2040,11,134,ES1 7 bat,0.0
mean,2040,11,135,ES1 7 bat,0.0
mean,2040,11,136,ES1 7 bat,0.0
mean,2040,11,137,ES1 7 bat,0.0
mean,2040,11,138,ES1 7 bat,0.0
mean,2040,11,139,ES1 7 bat,0.0
mean,2040,11,140,ES1 7 bat,0.0
mean,2040,11,141,ES1 7 bat,0.0
mean,2040,11,142,ES1 7 bat,0.0
mean,2040,11,143,ES1 7 bat,0.0
mean,2040,11,144,ES1 7 bat,0.0
mean,2040,11,145,ES1 7 bat,0.0
mean,2040,11,146,ES1 7 bat,0.0
mean,2040,11,147,ES1 7 bat,0.0
mean,2040,11,148,ES1 7 bat,0.0
mean,2040,11,149,ES1 7 bat,0.0
mean,2040,11,150,ES1 7 bat,0.0
mean,2040,11,151,ES1 7 bat,0.0
mean,2040,11,152,ES1 7 bat,0.0
mean,2040,11,153,ES1 7 bat,0.0
mean,2040,11,154,ES1 7 bat,0.0
mean,2040,11,155,ES1 7 bat,0.0
mean,2040,11,156,ES1 7 bat,0.0
mean,2040,11,157,ES1 7 bat,0.0
mean,2040,11,158,ES1 7 bat,0.0
mean,2040,11,159,ES1 7 bat,0.0
mean,2040,11,160,ES1 7 bat,0.0
mean,2040,11,161,ES1 7 bat,0.0
mean,2040,11,162,ES1 7 bat,0.0
mean,2040,11,163,ES1 7 bat,0.0
mean,2040,11,164,ES1 7 bat,0.0
mean,2040,11,165,ES1 7 bat,0.0
mean,2040,11,166,ES1 7 bat,0.0
mean,2040,11,167,ES1 7 bat,0.0
mean,2040,21,0,ES1 7 bat,-63.30582808620574
mean,2040,21,1,ES1 7 bat,0.0
mean,2040,21,2,ES1 7 bat,0.0
mean,2040,21,3,ES1 7 bat,0.0
mean,2040,21,4,ES1 7 bat,0.0
mean,2040,21,5,ES1 7 bat,0.0
mean,2040,21,6,ES1 7 bat,0.0
mean,2040,21,7,ES1 7 bat,0.0
mean,2040,21,8,ES1 7 bat,0.0
mean,2040,21,9,ES1 7 bat,0.0
mean,2040,21,10,ES1 7 bat,0.0
mean,2040,21,11,ES1 7 bat,0.0
mean,2040,21,12,ES1 7 bat,0.0
mean,2040,21,13,ES1 7 bat,0.0
mean,2040,21,14,ES1 7 bat,0.0
mean,2040,21,15,ES1 7 bat,0.0
mean,2040,21,16,ES1 7 bat,0.0
mean,2040,21,17,ES1 7 bat,0.0
mean,2040,21,18,ES1 7 bat,0.0
mean,2040,21,19,ES1 7 bat,0.0
mean,2040,21,20,ES1 7 bat,0.0
mean,2040,21,21,ES1 7 bat,0.0
mean,2040,21,22,ES1 7 bat,0.0
mean,2040,21,23,ES1 7 bat,0.0
mean,2040,21,24,ES1 7 bat,0.0
mean,2040,21,25,ES1 7 bat,0.0
mean,2040,21,26,ES1 7 bat,0.0
mean,2040,21,27,ES1 7 bat,0.0
mean,2040,21,28,ES1 7 bat,0.0
mean,2040,21,29,ES1 7 bat,0.0
mean,2040,21,30,ES1 7 bat,-0.7553864541482179
mean,2040,21,31,ES1 7 bat,0.0
mean,2040,21,32,ES1 7 bat,0.0
mean,2040,21,33,ES1 7 bat,0.0
mean,2040,21,34,ES1 7 bat,0.0
mean,2040,21,35,ES1 7 bat,0.0
mean,2040,21,36,ES1 7 bat,0.0
mean,2040,21,37,ES1 7 bat,0.0
mean,2040,21,38,ES1 7 bat,0.0
mean,2040,21,39,ES1 7 bat,0.0
mean,2040,21,40,ES1 7 bat,0.0
mean,2040,21,41,ES1 7 bat,0.0
mean,2040,21,42,ES1 7 bat,0.0
mean,2040,21,43,ES1 7 bat,-0.1327383118530185
mean,2040,21,44,ES1 7 bat,0.0
mean,2040,21,45,ES1 7 bat,0.0
mean,2040,21,46,ES1 7 bat,0.0
mean,2040,21,47,ES1 7 bat,0.0
mean,2040,21,48,ES1 7 bat,0.0
mean,2040,21,49,ES1 7 bat,0.0
mean,2040,21,50,ES1 7 bat,0.0
mean,2040,21,51,ES1 7 bat,0.0
mean,2040,21,52,ES1 7 bat,0.0
mean,2040,21,53,ES1 7 bat,0.0
mean,2040,21,54,ES1 7 bat,0.0
mean,2040,21,55,ES1 7 bat,0.0
mean,2040,21,56,ES1 7 bat,0.0
mean,2040,21,57,ES1 7 bat,0.0
mean,2040,21,58,ES1 7 bat,0.0
mean,2040,21,59,ES1 7 bat,0.0
mean,2040,21,60,ES1 7 bat,0.0
mean,2040,21,61,ES1 7 bat,0.0
mean,2040,21,62,ES1 7 bat,0.0
mean,2040,21,63,ES1 7 bat,0.0
mean,2040,21,64,ES1 7 bat,0.0
mean,2040,21,65,ES1 7 bat,0.0
mean,2040,21,66,ES1 7 bat,0.0
mean,2040,21,67,ES1 7 bat,0.0
mean,2040,21,68,ES1 7 bat,0.0
mean,2040,21,69,ES1 7 bat,0.0
mean,2040,21,70,ES1 7 bat,0.0
mean,2040,21,71,ES1 7 bat,0.0
mean,2040,21,72,ES1 7 bat,0.0
mean,2040,21,73,ES1 7 bat,0.0
mean,2040,21,74,ES1 7 bat,0.0
mean,2040,21,75,ES1 7 bat,0.0
mean,2040,21,76,ES1 7 bat,0.0
mean,2040,21,77,ES1 7 bat,-0.0
mean,2040,21,78,ES1 7 bat,0.0
mean,2040,21,79,ES1 7 bat,0.0
mean,2040,21,80,ES1 7 bat,0.0
mean,2040,21,81,ES1 7 bat,0.0
mean,2040,21,82,ES1 7 bat,0.0
mean,2040,21,83,ES1 7 bat,0.0
mean,2040,21,84,ES1 7 bat,0.0
mean,2040,21,85,ES1 7 bat,0.0
mean,2040,21,86,ES1 7 bat,0.0
mean,2040,21,87,ES1 7 bat,0.0
mean,2040,21,88,ES1 7 bat,0.0
mean,2040,21,89,ES1 7 bat,0.0
mean,2040,21,90,ES1 7 bat,0.0
mean,2040,21,91,ES1 7 bat,0.0
mean,2040,21,92,ES1 7 bat,0.0
mean,2040,21,93,ES1 7 bat,0.0
mean,2040,21,94,ES1 7 bat,0.0
mean,2040,21,95,ES1 7 bat,0.0
mean,2040,21,96,ES1 7 bat,0.0
mean,2040,21,97,ES1 7 bat,0.0
mean,2040,21,98,ES1 7 bat,0.0
mean,2040,21,99,ES1 7 bat,0.0
mean,2040,21,100,ES1 7 bat,0.0
mean,2040,21,101,ES1 7 bat,0.0
mean,2040,21,102,ES1 7 bat,-0.1686104853569105
mean,2040,21,103,ES1 7 bat,0.0
mean,2040,21,104,ES1 7 bat,0.0
mean,2040,21,105,ES1 7 bat,0.0
mean,2040,21,106,ES1 7 bat,0.0
mean,2040,21,107,ES1 7 bat,0.0
mean,2040,21,108,ES1 7 bat,0.0
mean,2040,21,109,ES1 7 bat,0.0
mean,2040,21,110,ES1 7 bat,0.0
mean,2040,21,111,ES1 7 bat,0.0
mean,2040,21,112,ES1 7 bat,0.0
mean,2040,21,113,ES1 7 bat,0.0
mean,2040,21,114,ES1 7 bat,0.0
mean,2040,21,115,ES1 7 bat,0.0
mean,2040,21,116,ES1 7 bat,0.0
mean,2040,21,117,ES1 7 bat,0.0
mean,2040,21,118,ES1 7 bat,0.0
mean,2040,21,119,ES1 7 bat,0.0
mean,2040,21,120,ES1 7 bat,0.0
mean,2040,21,121,ES1 7 bat,0.0
mean,2040,21,122,ES1 7 bat,0.0
mean,2040,21,123,ES1 7 bat,0.0
mean,2040,21,124,ES1 7 bat,0.0
mean,2040,21,125,ES1 7 bat,0.0
mean,2040,21,126,ES1 7 bat,0.0
mean,2040,21,127,ES1 7 bat,0.0
mean,2040,21,128,ES1 7 bat,0.0
mean,2040,21,129,ES1 7 bat,0.0
mean,2040,21,130,ES1 7 bat,0.0
mean,2040,21,131,ES1 7 bat,0.0
mean,2040,21,132,ES1 7 bat,0.0
mean,2040,21,133,ES1 7 bat,0.0
mean,2040,21,134,ES1 7 bat,0.0
mean,2040,21,135,ES1 7 bat,0.0
mean,2040,21,136,ES1 7 bat,0.0
mean,2040,21,137,ES1 7 bat,0.0
mean,2040,21,138,ES1 7 bat,0.0
mean,2040,21,139,ES1 7 bat,0.0
mean,2040,21,140,ES1 7 bat,0.0
mean,2040,21,141,ES1 7 bat,0.0
mean,2040,21,142,ES1 7 bat,0.0
mean,2040,21,143,ES1 7 bat,0.0
mean,2040,21,144,ES1 7 bat,0.0
mean,2040,21,145,ES1 7 bat,0.0
mean,2040,21,146,ES1 7 bat,0.0
mean,2040,21,147,ES1 7 bat,0.0
mean,2040,21,148,ES1 7 bat,0.0
mean,2040,21,149,ES1 7 bat,0.0
mean,2040,21,150,ES1 7 bat,0.0
mean,2040,21,151,ES1 7 bat,0.0
mean,2040,21,152,ES1 7 bat,0.0
mean,2040,21,153,ES1 7 bat,0.0
mean,2040,21,154,ES1 7 bat,0.0
mean,2040,21,155,ES1 7 bat,0.0
mean,2040,21,156,ES1 7 bat,0.0
mean,2040,21,157,ES1 7 bat,0.0
mean,2040,21,158,ES1 7 bat,0.0
mean,2040,21,159,ES1 7 bat,0.0
mean,2040,21,160,ES1 7 bat,0.0
mean,2040,21,161,ES1 7 bat,0.0
mean,2040,21,162,ES1 7 bat,0.0
mean,2040,21,163,ES1 7 bat,0.0
mean,2040,21,164,ES1 7 bat,-8.721182071795201e-15
mean,2040,21,165,ES1 7 bat,0.0
mean,2040,21,166,ES1 7 bat,0.0
mean,2040,21,167,ES1 7 bat,0.0
mean,2040,42,0,ES1 7 bat,-63.59741200880105
mean,2040,42,1,ES1 7 bat,0.0
mean,2040,42,2,ES1 7 bat,0.0
mean,2040,42,3,ES1 7 bat,0.0
mean,2040,42,4,ES1 7 bat,0.0
mean,2040,42,5,ES1 7 bat,0.0
mean,2040,42,6,ES1 7 bat,-0.003117275856187019
mean,2040,42,7,ES1 7 bat,0.0
mean,2040,42,8,ES1 7 bat,0.0
mean,2040,42,9,ES1 7 bat,0.0
mean,2040,42,10,ES1 7 bat,0.0
mean,2040,42,11,ES1 7 bat,0.0
mean,2040,42,12,ES1 7 bat,0.0
mean,2040,42,13,ES1 7 bat,0.0
mean,2040,42,14,ES1 7 bat,0.0
mean,2040,42,15,ES1 7 bat,0.0
mean,2040,42,16,ES1 7 bat,0.0
mean,2040,42,17,ES1 7 bat,0.0
mean,2040,42,18,ES1 7 bat,-0.18315886747821997
mean,2040,42,19,ES1 7 bat,0.0
mean,2040,42,20,ES1 7 bat,0.0
mean,2040,42,21,ES1 7 bat,0.0
mean,2040,42,22,ES1 7 bat,0.0
mean,2040,42,23,ES1 7 bat,0.0
mean,2040,42,24,ES1 7 bat,0.0
mean,2040,42,25,ES1 7 bat,0.0
mean,2040,42,26,ES1 7 bat,0.0
mean,2040,42,27,ES1 7 bat,0.0
mean,2040,42,28,ES1 7 bat,0.0
mean,2040,42,29,ES1 7 bat,0.0
mean,2040,42,30,ES1 7 bat,0.0
mean,2040,42,31,ES1 7 bat,0.0
mean,2040,42,32,ES1 7 bat,0.0
mean,2040,42,33,ES1 7 bat,0.0
mean,2040,42,34,ES1 7 bat,0.0
mean,2040,42,35,ES1 7 bat,0.0
mean,2040,42,36,ES1 7 bat,0.0
mean,2040,42,37,ES1 7 bat,0.0
mean,2040,42,38,ES1 7 bat,0.0
mean,2040,42,39,ES1 7 bat,0.0
mean,2040,42,40,ES1 7 bat,0.0
mean,2040,42,41,ES1 7 bat,0.0
mean,2040,42,42,ES1 7 bat,-0.002556880264503029
mean,2040,42,43,ES1 7 bat,0.0
mean,2040,42,44,ES1 7 bat,0.0
mean,2040,42,45,ES1 7 bat,0.0
mean,2040,42,46,ES1 7 bat,0.0
mean,2040,42,47,ES1 7 bat,0.0
mean,2040,42,48,ES1 7 bat,0.0
mean,2040,42,49,ES1 7 bat,0.0
mean,2040,42,50,ES1 7 bat,0.0
mean,2040,42,51,ES1 7 bat,0.0
mean,2040,42,52,ES1 7 bat,0.0
mean,2040,42,53,ES1 7 bat,0.0
mean,2040,42,54,ES1 7 bat,-0.4333406109627603
mean,2040,42,55,ES1 7 bat,0.0
mean,2040,42,56,ES1 7 bat,0.0
mean,2040,42,57,ES1 7 bat,0.0
mean,2040,42,58,ES1 7 bat,0.0
mean,2040,42,59,ES1 7 bat,0.0
mean,2040,42,60,ES1 7 bat,0.0
mean,2040,42,61,ES1 7 bat,0.0
mean,2040,42,62,ES1 7 bat,0.0
mean,2040,42,63,ES1 7 bat,0.0
mean,2040,42,64,ES1 7 bat,0.0
mean,2040,42,65,ES1 7 bat,0.0
mean,2040,42,66,ES1 7 bat,0.0
mean,2040,42,67,ES1 7 bat,0.0
mean,2040,42,68,ES1 7 bat,0.0
mean,2040,42,69,ES1 7 bat,0.0
mean,2040,42,70,ES1 7 bat,0.0
mean,2040,42,71,ES1 7 bat,0.0
mean,2040,42,72,ES1 7 bat,0.0
mean,2040,42,73,ES1 7 bat,0.0
mean,2040,42,74,ES1 7 bat,0.0
mean,2040,42,75,ES1 7 bat,0.0
mean,2040,42,76,ES1 7 bat,0.0
mean,2040,42,77,ES1 7 bat,0.0
mean,2040,42,78,ES1 7 bat,-0.0
mean,2040,42,79,ES1 7 bat,0.0
mean,2040,42,80,ES1 7 bat,0.0
mean,2040,42,81,ES1 7 bat,0.0
mean,2040,42,82,ES1 7 bat,0.0
mean,2040,42,83,ES1 7 bat,0.0
mean,2040,42,84,ES1 7 bat,0.0
mean,2040,42,85,ES1 7 bat,0.0
mean,2040,42,86,ES1 7 bat,0.0
mean,2040,42,87,ES1 7 bat,0.0
mean,2040,42,88,ES1 7 bat,0.0
mean,2040,42,89,ES1 7 bat,0.0
mean,2040,42,90,ES1 7 bat,-454.85121562554195
mean,2040,42,91,ES1 7 bat,0.0
mean,2040,42,92,ES1 7 bat,0.0
mean,2040,42,93,ES1 7 bat,0.0
mean,2040,42,94,ES1 7 bat,0.0
mean,2040,42,95,ES1 7 bat,0.0
mean,2040,42,96,ES1 7 bat,0.0
mean,2040,42,97,ES1 7 bat,0.0
mean,2040,42,98,ES1 7 bat,0.0
mean,2040,42,99,ES1 7 bat,0.0
mean,2040,42,100,ES1 7 bat,0.0
mean,2040,42,101,ES1 7 bat,0.0
mean,2040,42,102,ES1 7 bat,0.0
mean,2040,42,103,ES1 7 bat,0.0
mean,2040,42,104,ES1 7 bat,0.0
mean,2040,42,105,ES1 7 bat,0.0
mean,2040,42,106,ES1 7 bat,0.0
mean,2040,42,107,ES1 7 bat,0.0
mean,2040,42,108,ES1 7 bat,0.0
mean,2040,42,109,ES1 7 bat,0.0
mean,2040,42,110,ES1 7 bat,0.0
mean,2040,42,111,ES1 7 bat,0.0
mean,2040,42,112,ES1 7 bat,0.0
mean,2040,42,113,ES1 7 bat,0.0
mean,2040,42,114,ES1 7 bat,0.0
mean,2040,42,115,ES1 7 bat,8.721182071795201e-15
mean,2040,42,116,ES1 7 bat,0.0
mean,2040,42,117,ES1 7 bat,0.0
mean,2040,42,118,ES1 7 bat,0.0
mean,2040,42,119,ES1 7 bat,0.0
mean,2040,42,120,ES1 7 bat,0.0
mean,2040,42,121,ES1 7 bat,0.0
mean,2040,42,122,ES1 7 bat,0.0
mean,2040,42,123,ES1 7 bat,0.0
mean,2040,42,124,ES1 7 bat,0.0
mean,2040,42,125,ES1 7 bat,0.0
mean,2040,42,126,ES1 7 bat,-0.0
mean,2040,42,127,ES1 7 bat,0.0
mean,2040,42,128,ES1 7 bat,0.0
mean,2040,42,129,ES1 7 bat,0.0
mean,2040,42,130,ES1 7 bat,0.0
mean,2040,42,131,ES1 7 bat,0.0
mean,2040,42,132,ES1 7 bat,0.0
mean,2040,42,133,ES1 7 bat,0.0
mean,2040,42,134,ES1 7 bat,0.0
mean,2040,42,135,ES1 7 bat,0.0
mean,2040,42,136,ES1 7 bat,0.0
mean,2040,42,137,ES1 7 bat,0.0
mean,2040,42,138,ES1 7 bat,0.0
mean,2040,42,139,ES1 7 bat,0.0
mean,2040,42,140,ES1 7 bat,0.0
mean,2040,42,141,ES1 7 bat,0.0
mean,2040,42,142,ES1 7 bat,0.0
mean,2040,42,143,ES1 7 bat,0.0
mean,2040,42,144,ES1 7 bat,0.0
mean,2040,42,145,ES1 7 bat,0.0
mean,2040,42,146,ES1 7 bat,0.0
mean,2040,42,147,ES1 7 bat,0.0
mean,2040,42,148,ES1 7 bat,0.0
mean,2040,42,149,ES1 7 bat,-0.0
mean,2040,42,150,ES1 7 bat,0.0
mean,2040,42,151,ES1 7 bat,0.0
mean,2040,42,152,ES1 7 bat,0.0
mean,2040,42,153,ES1 7 bat,0.0
mean,2040,42,154,ES1 7 bat,0.0
mean,2040,42,155,ES1 7 bat,0.0
mean,2040,42,156,ES1 7 bat,0.0
mean,2040,42,157,ES1 7 bat,0.0
mean,2040,42,158,ES1 7 bat,0.0
mean,2040,42,159,ES1 7 bat,0.0
mean,2040,42,160,ES1 7 bat,0.0
mean,2040,42,161,ES1 7 bat,0.0
mean,2040,42,162,ES1 7 bat,0.0
mean,2040,42,163,ES1 7 bat,-0.37372653405287465
mean,2040,42,164,ES1 7 bat,0.0
mean,2040,42,165,ES1 7 bat,0.0
mean,2040,42,166,ES1 7 bat,0.0
mean,2040,42,167,ES1 7 bat,0.0
mean,2040,52,0,ES1 7 bat,-60.95944928262092
mean,2040,52,1,ES1 7 bat,0.0
mean,2040,52,2,ES1 7 bat,0.0
mean,2040,52,3,ES1 7 bat,0.0
mean,2040,52,4,ES1 7 bat,0.0
mean,2040,52,5,ES1 7 bat,0.0
mean,2040,52,6,ES1 7 bat,0.0
mean,2040,52,7,ES1 7 bat,0.0
mean,2040,52,8,ES1 7 bat,0.0
mean,2040,52,9,ES1 7 bat,0.0
mean,2040,52,10,ES1 7 bat,0.0
mean,2040,52,11,ES1 7 bat,0.0
mean,2040,52,12,ES1 7 bat,0.0
mean,2040,52,13,ES1 7 bat,0.0
mean,2040,52,14,ES1 7 bat,0.0
mean,2040,52,15,ES1 7 bat,0.0
mean,2040,52,16,ES1 7 bat,0.0
mean,2040,52,17,ES1 7 bat,0.0
mean,2040,52,18,ES1 7 bat,0.0
mean,2040,52,19,ES1 7 bat,0.0
mean,2040,52,20,ES1 7 bat,0.0
mean,2040,52,21,ES1 7 bat,0.0
mean,2040,52,22,ES1 7 bat,0.0
mean,2040,52,23,ES1 7 bat,0.0
mean,2040,52,24,ES1 7 bat,0.0
mean,2040,52,25,ES1 7 bat,0.0
mean,2040,52,26,ES1 7 bat,0.0
mean,2040,52,27,ES1 7 bat,0.0
mean,2040,52,28,ES1 7 bat,0.0
mean,2040,52,29,ES1 7 bat,0.0
mean,2040,52,30,ES1 7 bat,0.0
mean,2040,52,31,ES1 7 bat,0.0
mean,2040,52,32,ES1 7 bat,0.0
mean,2040,52,33,ES1 7 bat,0.0
mean,2040,52,34,ES1 7 bat,0.0
mean,2040,52,35,ES1 7 bat,0.0
mean,2040,52,36,ES1 7 bat,0.0
mean,2040,52,37,ES1 7 bat,0.0
mean,2040,52,38,ES1 7 bat,0.0
mean,2040,52,39,ES1 7 bat,0.0
mean,2040,52,40,ES1 7 bat,0.0
mean,2040,52,41,ES1 7 bat,0.0
mean,2040,52,42,ES1 7 bat,0.0
mean,2040,52,43,ES1 7 bat,0.0
mean,2040,52,44,ES1 7 bat,0.0
mean,2040,52,45,ES1 7 bat,0.0
mean,2040,52,46,ES1 7 bat,0.0
mean,2040,52,47,ES1 7 bat,0.0
mean,2040,52,48,ES1 7 bat,0.0
mean,2040,52,49,ES1 7 bat,0.0
mean,2040,52,50,ES1 7 bat,0.0
mean,2040,52,51,ES1 7 bat,0.0
mean,2040,52,52,ES1 7 bat,0.0
mean,2040,52,53,ES1 7 bat,0.0
mean,2040,52,54,ES1 7 bat,0.0
mean,2040,52,55,ES1 7 bat,0.0
mean,2040,52,56,ES1 7 bat,0.0
mean,2040,52,57,ES1 7 bat,0.0
mean,2040,52,58,ES1 7 bat,0.0
mean,2040,52,59,ES1 7 bat,0.0
mean,2040,52,60,ES1 7 bat,0.0
mean,2040,52,61,ES1 7 bat,0.0
mean,2040,52,62,ES1 7 bat,0.0
mean,2040,52,63,ES1 7 bat,0.0
mean,2040,52,64,ES1 7 bat,0.0
mean,2040,52,65,ES1 7 bat,0.0
mean,2040,52,66,ES1 7 bat,0.0
mean,2040,52,67,ES1 7 bat,0.0
mean,2040,52,68,ES1 7 bat,0.0
mean,2040,52,69,ES1 7 bat,0.0
mean,2040,52,70,ES1 7 bat,0.0
mean,2040,52,71,ES1 7 bat,0.0
mean,2040,52,72,ES1 7 bat,0.0
mean,2040,52,73,ES1 7 bat,0.0
mean,2040,52,74,ES1 7 bat,0.0
mean,2040,52,75,ES1 7 bat,0.0
mean,2040,52,76,ES1 7 bat,0.0
mean,2040,52,77,ES1 7 bat,0.0
mean,2040,52,78,ES1 7 bat,0.0
mean,2040,52,79,ES1 7 bat,0.0
mean,2040,52,80,ES1 7 bat,0.0
mean,2040,52,81,ES1 7 bat,0.0
mean,2040,52,82,ES1 7 bat,0.0
mean,2040,52,83,ES1 7 bat,0.0
mean,2040,52,84,ES1 7 bat,0.0
mean,2040,52,85,ES1 7 bat,0.0
mean,2040,52,86,ES1 7 bat,0.0
mean,2040,52,87,ES1 7 bat,0.0
mean,2040,52,88,ES1 7 bat,0.0
mean,2040,52,89,ES1 7 bat,0.0
mean,2040,52,90,ES1 7 bat,0.0
mean,2040,52,91,ES1 7 bat,0.0
mean,2040,52,92,ES1 7 bat,0.0
mean,2040,52,93,ES1 7 bat,0.0
mean,2040,52,94,ES1 7 bat,0.0
mean,2040,52,95,ES1 7 bat,0.0
mean,2040,52,96,ES1 7 bat,0.0
mean,2040,52,97,ES1 7 bat,0.0
mean,2040,52,98,ES1 7 bat,0.0
mean,2040,52,99,ES1 7 bat,0.0
mean,2040,52,100,ES1 7 bat,0.0
mean,2040,52,101,ES1 7 bat,0.0
mean,2040,52,102,ES1 7 bat,0.0
mean,2040,52,103,ES1 7 bat,0.0
mean,2040,52,104,ES1 7 bat,0.0
mean,2040,52,105,ES1 7 bat,0.0
mean,2040,52,106,ES1 7 bat,0.0
mean,2040,52,107,ES1 7 bat,0.0
mean,2040,52,108,ES1 7 bat,0.0
mean,2040,52,109,ES1 7 bat,0.0
mean,2040,52,110,ES1 7 bat,0.0
mean,2040,52,111,ES1 7 bat,0.0
mean,2040,52,112,ES1 7 bat,0.0
mean,2040,52,113,ES1 7 bat,0.0
mean,2040,52,114,ES1 7 bat,0.0
mean,2040,52,115,ES1 7 bat,0.0
mean,2040,52,116,ES1 7 bat,0.0
mean,2040,52,117,ES1 7 bat,0.0
mean,2040,52,118,ES1 7 bat,0.0
mean,2040,52,119,ES1 7 bat,0.0
mean,2040,52,120,ES1 7 bat,0.0
mean,2040,52,121,ES1 7 bat,0.0
mean,2040,52,122,ES1 7 bat,0.0
mean,2040,52,123,ES1 7 bat,0.0
mean,2040,52,124,ES1 7 bat,0.0
mean,2040,52,125,ES1 7 bat,0.0
mean,2040,52,126,ES1 7 bat,0.0
mean,2040,52,127,ES1 7 bat,0.0
mean,2040,52,128,ES1 7 bat,0.0
mean,2040,52,129,ES1 7 bat,0.0
mean,2040,52,130,ES1 7 bat,0.0
mean,2040,52,131,ES1 7 bat,0.0
mean,2040,52,132,ES1 7 bat,0.0
mean,2040,52,133,ES1 7 bat,0.0
mean,2040,52,134,ES1 7 bat,0.0
mean,2040,52,135,ES1 7 bat,0.0
mean,2040,52,136,ES1 7 bat,0.0
mean,2040,52,137,ES1 7 bat,0.0
mean,2040,52,138,ES1 7 bat,0.0
mean,2040,52,139,ES1 7 bat,0.0
mean,2040,52,140,ES1 7 bat,0.0
mean,2040,52,141,ES1 7 bat,8.721182071795201e-15
mean,2040,52,142,ES1 7 bat,0.0
mean,2040,52,143,ES1 7 bat,0.0
mean,2040,52,144,ES1 7 bat,0.0
mean,2040,52,145,ES1 7 bat,0.0
mean,2040,52,146,ES1 7 bat,0.0
mean,2040,52,147,ES1 7 bat,0.0
mean,2040,52,148,ES1 7 bat,0.0
mean,2040,52,149,ES1 7 bat,0.0
mean,2040,52,150,ES1 7 bat,0.0
mean,2040,52,151,ES1 7 bat,0.0
mean,2040,52,152,ES1 7 bat,0.0
mean,2040,52,153,ES1 7 bat,0.0
mean,2040,52,154,ES1 7 bat,0.0
mean,2040,52,155,ES1 7 bat,0.0
mean,2040,52,156,ES1 7 bat,0.0
mean,2040,52,157,ES1 7 bat,0.0
mean,2040,52,158,ES1 7 bat,0.0
mean,2040,52,159,ES1 7 bat,0.0
mean,2040,52,160,ES1 7 bat,0.0
mean,2040,52,161,ES1 7 bat,-0.002541194920849355
mean,2040,52,162,ES1 7 bat,0.0
mean,2040,52,163,ES1 7 bat,0.0
mean,2040,52,164,ES1 7 bat,0.0
mean,2040,52,165,ES1 7 bat,0.0
mean,2040,52,166,ES1 7 bat,0.0
mean,2040,52,167,ES1 7 bat,0.0
mean,2050,11,0,ES1 7 bat,-0.014589542762693286
mean,2050,11,1,ES1 7 bat,0.0
mean,2050,11,2,ES1 7 bat,0.0
mean,2050,11,3,ES1 7 bat,0.0
mean,2050,11,4,ES1 7 bat,0.0
mean,2050,11,5,ES1 7 bat,0.0
mean,2050,11,6,ES1 7 bat,0.0
mean,2050,11,7,ES1 7 bat,0.0
mean,2050,11,8,ES1 7 bat,0.0
mean,2050,11,9,ES1 7 bat,0.0
mean,2050,11,10,ES1 7 bat,0.0
mean,2050,11,11,ES1 7 bat,0.0
mean,2050,11,12,ES1 7 bat,0.0
mean,2050,11,13,ES1 7 bat,0.0
mean,2050,11,14,ES1 7 bat,0.0
mean,2050,11,15,ES1 7 bat,0.0
mean,2050,11,16,ES1 7 bat,0.0
mean,2050,11,17,ES1 7 bat,0.0
mean,2050,11,18,ES1 7 bat,0.0
mean,2050,11,19,ES1 7 bat,0.0
mean,2050,11,20,ES1 7 bat,0.0
mean,2050,11,21,ES1 7 bat,0.0
mean,2050,11,22,ES1 7 bat,0.0
mean,2050,11,23,ES1 7 bat,0.0
mean,2050,11,24,ES1 7 bat,0.0
mean,2050,11,25,ES1 7 bat,0.0
mean,2050,11,26,ES1 7 bat,0.0
mean,2050,11,27,ES1 7 bat,0.0
mean,2050,11,28,ES1 7 bat,0.0
mean,2050,11,29,ES1 7 bat,0.0
mean,2050,11,30,ES1 7 bat,0.0
mean,2050,11,31,ES1 7 bat,-0.0
mean,2050,11,32,ES1 7 bat,0.0
mean,2050,11,33,ES1 7 bat,0.0
mean,2050,11,34,ES1 7 bat,0.0
mean,2050,11,35,ES1 7 bat,0.0
mean,2050,11,36,ES1 7 bat,0.0
mean,2050,11,37,ES1 7 bat,0.0
mean,2050,11,38,ES1 7 bat,0.0
mean,2050,11,39,ES1 7 bat,0.0
mean,2050,11,40,ES1 7 bat,0.0
mean,2050,11,41,ES1 7 bat,0.0
mean,2050,11,42,ES1 7 bat,0.0
mean,2050,11,43,ES1 7 bat,-1.7442364143590402e-14
mean,2050,11,44,ES1 7 bat,0.0
mean,2050,11,45,ES1 7 bat,0.0
mean,2050,11,46,ES1 7 bat,0.0
mean,2050,11,47,ES1 7 bat,0.0
mean,2050,11,48,ES1 7 bat,0.0
mean,2050,11,49,ES1 7 bat,0.0
mean,2050,11,50,ES1 7 bat,0.0
mean,2050,11,51,ES1 7 bat,0.0
mean,2050,11,52,ES1 7 bat,0.0
mean,2050,11,53,ES1 7 bat,0.0
mean,2050,11,54,ES1 7 bat,0.0
mean,2050,11,55,ES1 7 bat,0.0
mean,2050,11,56,ES1 7 bat,0.0
mean,2050,11,57,ES1 7 bat,0.0
mean,2050,11,58,ES1 7 bat,0.0
mean,2050,11,59,ES1 7 bat,0.0
mean,2050,11,60,ES1 7 bat,0.0
mean,2050,11,61,ES1 7 bat,0.0
mean,2050,11,62,ES1 7 bat,0.0
mean,2050,11,63,ES1 7 bat,0.0
mean,2050,11,64,ES1 7 bat,0.0
mean,2050,11,65,ES1 7 bat,0.0
mean,2050,11,66,ES1 7 bat,0.0
mean,2050,11,67,ES1 7 bat,0.0
mean,2050,11,68,ES1 7 bat,0.0
mean,2050,11,69,ES1 7 bat,0.0
mean,2050,11,70,ES1 7 bat,0.0
mean,2050,11,71,ES1 7 bat,0.0
mean,2050,11,72,ES1 7 bat,0.0
mean,2050,11,73,ES1 7 bat,0.0
mean,2050,11,74,ES1 7 bat,0.0
mean,2050,11,75,ES1 7 bat,0.0
mean,2050,11,76,ES1 7 bat,0.0
mean,2050,11,77,ES1 7 bat,0.0
mean,2050,11,78,ES1 7 bat,0.0
mean,2050,11,79,ES1 7 bat,0.0
mean,2050,11,80,ES1 7 bat,0.0
mean,2050,11,81,ES1 7 bat,0.0
mean,2050,11,82,ES1 7 bat,0.0
mean,2050,11,83,ES1 7 bat,0.0
mean,2050,11,84,ES1 7 bat,0.0
mean,2050,11,85,ES1 7 bat,0.0
mean,2050,11,86,ES1 7 bat,0.0
mean,2050,11,87,ES1 7 bat,0.0
mean,2050,11,88,ES1 7 bat,0.0
mean,2050,11,89,ES1 7 bat,0.0
mean,2050,11,90,ES1 7 bat,0.0
mean,2050,11,91,ES1 7 bat,0.0
mean,2050,11,92,ES1 7 bat,0.0
mean,2050,11,93,ES1 7 bat,0.0
mean,2050,11,94,ES1 7 bat,0.0
mean,2050,11,95,ES1 7 bat,0.0
mean,2050,11,96,ES1 7 bat,0.0
mean,2050,11,97,ES1 7 bat,0.0
mean,2050,11,98,ES1 7 bat,0.0
mean,2050,11,99,ES1 7 bat,0.0
mean,2050,11,100,ES1 7 bat,0.0
mean,2050,11,101,ES1 7 bat,0.0
mean,2050,11,102,ES1 7 bat,0.0
mean,2050,11,103,ES1 7 bat,0.0
mean,2050,11,104,ES1 7 bat,0.0
mean,2050,11,105,ES1 7 bat,0.0
mean,2050,11,106,ES1 7 bat,0.0
mean,2050,11,107,ES1 7 bat,0.0
mean,2050,11,108,ES1 7 bat,0.0
mean,2050,11,109,ES1 7 bat,0.0
mean,2050,11,110,ES1 7 bat,0.0
mean,2050,11,111,ES1 7 bat,0.0
mean,2050,11,112,ES1 7 bat,0.0
mean,2050,11,113,ES1 7 bat,0.0
mean,2050,11,114,ES1 7 bat,0.0
mean,2050,11,115,ES1 7 bat,0.0
mean,2050,11,116,ES1 7 bat,0.0
mean,2050,11,117,ES1 7 bat,0.0
mean,2050,11,118,ES1 7 bat,0.0
mean,2050,11,119,ES1 7 bat,0.0
mean,2050,11,120,ES1 7 bat,0.0
mean,2050,11,121,ES1 7 bat,0.0
mean,2050,11,122,ES1 7 bat,0.0
mean,2050,11,123,ES1 7 bat,0.0
mean,2050,11,124,ES1 7 bat,0.0
mean,2050,11,125,ES1 7 bat,0.0
mean,2050,11,126,ES1 7 bat,0.0
mean,2050,11,127,ES1 7 bat,0.0
mean,2050,11,128,ES1 7 bat,0.0
mean,2050,11,129,ES1 7 bat,0.0
mean,2050,11,130,ES1 7 bat,0.0
mean,2050,11,131,ES1 7 bat,0.0
mean,2050,11,132,ES1 7 bat,0.0
mean,2050,11,133,ES1 7 bat,0.0
mean,2050,11,134,ES1 7 bat,0.0
mean,2050,11,135,ES1 7 bat,0.0
mean,2050,11,136,ES1 7 bat,0.0
mean,2050,11,137,ES1 7 bat,0.0
mean,2050,11,138,ES1 7 bat,0.0
mean,2050,11,139,ES1 7 bat,1.7442364143590402e-14
mean,2050,11,140,ES1 7 bat,0.0
mean,2050,11,141,ES1 7 bat,0.0
mean,2050,11,142,ES1 7 bat,0.0
mean,2050,11,143,ES1 7 bat,0.0
mean,2050,11,144,ES1 7 bat,0.0
mean,2050,11,145,ES1 7 bat,0.0
mean,2050,11,146,ES1 7 bat,0.0
mean,2050,11,147,ES1 7 bat,0.0
mean,2050,11,148,ES1 7 bat,0.0
mean,2050,11,149,ES1 7 bat,0.0
mean,2050,11,150,ES1 7 bat,0.0
mean,2050,11,151,ES1 7 bat,0.0
mean,2050,11,152,ES1 7 bat,0.0
mean,2050,11,153,ES1 7 bat,0.0
mean,2050,11,154,ES1 7 bat,0.0
mean,2050,11,155,ES1 7 bat,0.0
mean,2050,11,156,ES1 7 bat,0.0
mean,2050,11,157,ES1 7 bat,0.0
mean,2050,11,158,ES1 7 bat,0.0
mean,2050,11,159,ES1 7 bat,0.0
mean,2050,11,160,ES1 7 bat,0.0
mean,2050,11,161,ES1 7 bat,0.0
mean,2050,11,162,ES1 7 bat,0.0
mean,2050,11,163,ES1 7 bat,0.0
mean,2050,11,164,ES1 7 bat,0.0
mean,2050,11,165,ES1 7 bat,0.0
mean,2050,11,166,ES1 7 bat,0.0
mean,2050,11,167,ES1 7 bat,0.0
mean,2050,21,0,ES1 7 bat,-61.33571711753294
mean,2050,21,1,ES1 7 bat,0.0
mean,2050,21,2,ES1 7 bat,0.0
mean,2050,21,3,ES1 7 bat,0.0
mean,2050,21,4,ES1 7 bat,0.0
mean,2050,21,5,ES1 7 bat,0.0
mean,2050,21,6,ES1 7 bat,0.0
mean,2050,21,7,ES1 7 bat,0.0
mean,2050,21,8,ES1 7 bat,0.0
mean,2050,21,9,ES1 7 bat,0.0
mean,2050,21,10,ES1 7 bat,0.0
mean,2050,21,11,ES1 7 bat,0.0
mean,2050,21,12,ES1 7 bat,0.0
mean,2050,21,13,ES1 7 bat,0.0
mean,2050,21,14,ES1 7 bat,0.0
mean,2050,21,15,ES1 7 bat,0.0
mean,2050,21,16,ES1 7 bat,0.0
mean,2050,21,17,ES1 7 bat,0.0
mean,2050,21,18,ES1 7 bat,0.0
mean,2050,21,19,ES1 7 bat,0.0
mean,2050,21,20,ES1 7 bat,0.0
mean,2050,21,21,ES1 7 bat,0.0
mean,2050,21,22,ES1 7 bat,0.0
mean,2050,21,23,ES1 7 bat,0.0
mean,2050,21,24,ES1 7 bat,0.0
mean,2050,21,25,ES1 7 bat,0.0
mean,2050,21,26,ES1 7 bat,0.0
mean,2050,21,27,ES1 7 bat,0.0
mean,2050,21,28,ES1 7 bat,0.0
mean,2050,21,29,ES1 7 bat,0.0
mean,2050,21,30,ES1 7 bat,-1.7442364143590402e-14
mean,2050,21,31,ES1 7 bat,0.0
mean,2050,21,32,ES1 7 bat,0.0
mean,2050,21,33,ES1 7 bat,0.0
mean,2050,21,34,ES1 7 bat,0.0
mean,2050,21,35,ES1 7 bat,0.0
mean,2050,21,36,ES1 7 bat,0.0
mean,2050,21,37,ES1 7 bat,0.0
mean,2050,21,38,ES1 7 bat,0.0
mean,2050,21,39,ES1 7 bat,0.0
mean,2050,21,40,ES1 7 bat,0.0
mean,2050,21,41,ES1 7 bat,0.0
mean,2050,21,42,ES1 7 bat,0.0
mean,2050,21,43,ES1 7 bat,0.0
mean,2050,21,44,ES1 7 bat,0.0
mean,2050,21,45,ES1 7 bat,0.0
mean,2050,21,46,ES1 7 bat,0.0
mean,2050,21,47,ES1 7 bat,0.0
mean,2050,21,48,ES1 7 bat,0.0
mean,2050,21,49,ES1 7 bat,0.0
mean,2050,21,50,ES1 7 bat,0.0
mean,2050,21,51,ES1 7 bat,0.0
mean,2050,21,52,ES1 7 bat,0.0
mean,2050,21,53,ES1 7 bat,0.0
mean,2050,21,54,ES1 7 bat,0.0
mean,2050,21,55,ES1 7 bat,0.0
mean,2050,21,56,ES1 7 bat,0.0
mean,2050,21,57,ES1 7 bat,0.0
mean,2050,21,58,ES1 7 bat,0.0
mean,2050,21,59,ES1 7 bat,0.0
mean,2050,21,60,ES1 7 bat,0.0
mean,2050,21,61,ES1 7 bat,0.0
mean,2050,21,62,ES1 7 bat,0.0
mean,2050,21,63,ES1 7 bat,0.0
mean,2050,21,64,ES1 7 bat,0.0
mean,2050,21,65,ES1 7 bat,0.0
mean,2050,21,66,ES1 7 bat,0.0
mean,2050,21,67,ES1 7 bat,0.0
mean,2050,21,68,ES1 7 bat,0.0
mean,2050,21,69,ES1 7 bat,0.0
mean,2050,21,70,ES1 7 bat,0.0
mean,2050,21,71,ES1 7 bat,0.0
mean,2050,21,72,ES1 7 bat,0.0
mean,2050,21,73,ES1 7 bat,0.0
mean,2050,21,74,ES1 7 bat,0.0
mean,2050,21,75,ES1 7 bat,0.0
mean,2050,21,76,ES1 7 bat,0.0
mean,2050,21,77,ES1 7 bat,0.0
mean,2050,21,78,ES1 7 bat,-0.0
mean,2050,21,79,ES1 7 bat,0.0
mean,2050,21,80,ES1 7 bat,0.0
mean,2050,21,81,ES1 7 bat,0.0
mean,2050,21,82,ES1 7 bat,0.0
mean,2050,21,83,ES1 7 bat,0.0
mean,2050,21,84,ES1 7 bat,0.0
mean,2050,21,85,ES1 7 bat,0.0
mean,2050,21,86,ES1 7 bat,0.0
mean,2050,21,87,ES1 7 bat,0.0
mean,2050,21,88,ES1 7 bat,0.0
mean,2050,21,89,ES1 7 bat,0.0
mean,2050,21,90,ES1 7 bat,0.0
mean,2050,21,91,ES1 7 bat,0.0
mean,2050,21,92,ES1 7 bat,0.0
mean,2050,21,93,ES1 7 bat,0.0
mean,2050,21,94,ES1 7 bat,0.0
mean,2050,21,95,ES1 7 bat,0.0
mean,2050,21,96,ES1 7 bat,0.0
mean,2050,21,97,ES1 7 bat,0.0
mean,2050,21,98,ES1 7 bat,0.0
mean,2050,21,99,ES1 7 bat,0.0
mean,2050,21,100,ES1 7 bat,0.0
mean,2050,21,101,ES1 7 bat,0.0
mean,2050,21,102,ES1 7 bat,0.0
mean,2050,21,103,ES1 7 bat,0.0
mean,2050,21,104,ES1 7 bat,0.0
mean,2050,21,105,ES1 7 bat,0.0
mean,2050,21,106,ES1 7 bat,0.0
mean,2050,21,107,ES1 7 bat,0.0
mean,2050,21,108,ES1 7 bat,0.0
mean,2050,21,109,ES1 7 bat,0.0
mean,2050,21,110,ES1 7 bat,0.0
mean,2050,21,111,ES1 7 bat,0.0
mean,2050,21,112,ES1 7 bat,0.0
mean,2050,21,113,ES1 7 bat,0.0
mean,2050,21,114,ES1 7 bat,0.0
mean,2050,21,115,ES1 7 bat,0.0
mean,2050,21,116,ES1 7 bat,0.0
mean,2050,21,117,ES1 7 bat,0.0
mean,2050,21,118,ES1 7 bat,0.0
mean,2050,21,119,ES1 7 bat,0.0
mean,2050,21,120,ES1 7 bat,0.0
mean,2050,21,121,ES1 7 bat,0.0
mean,2050,21,122,ES1 7 bat,0.0
mean,2050,21,123,ES1 7 bat,0.0
mean,2050,21,124,ES1 7 bat,0.0
mean,2050,21,125,ES1 7 bat,0.0
mean,2050,21,126,ES1 7 bat,0.0
mean,2050,21,127,ES1 7 bat,0.0
mean,2050,21,128,ES1 7 bat,0.0
mean,2050,21,129,ES1 7 bat,0.0
mean,2050,21,130,ES1 7 bat,0.0
mean,2050,21,131,ES1 7 bat,0.0
mean,2050,21,132,ES1 7 bat,0.0
mean,2050,21,133,ES1 7 bat,0.0
mean,2050,21,134,ES1 7 bat,0.0
mean,2050,21,135,ES1 7 bat,0.0
mean,2050,21,136,ES1 7 bat,0.0
mean,2050,21,137,ES1 7 bat,0.0
mean,2050,21,138,ES1 7 bat,0.0
mean,2050,21,139,ES1 7 bat,0.0
mean,2050,21,140,ES1 7 bat,0.0
mean,2050,21,141,ES1 7 bat,0.0
mean,2050,21,142,ES1 7 bat,0.0
mean,2050,21,143,ES1 7 bat,0.0
mean,2050,21,144,ES1 7 bat,0.0
mean,2050,21,145,ES1 7 bat,0.0
mean,2050,21,146,ES1 7 bat,0.0
mean,2050,21,147,ES1 7 bat,0.0
mean,2050,21,148,ES1 7 bat,0.0
mean,2050,21,149,ES1 7 bat,0.0
mean,2050,21,150,ES1 7 bat,0.0
mean,2050,21,151,ES1 7 bat,0.0
mean,2050,21,152,ES1 7 bat,0.0
mean,2050,21,153,ES1 7 bat,0.0
mean,2050,21,154,ES1 7 bat,0.0
mean,2050,21,155,ES1 7 bat,0.0
mean,2050,21,156,ES1 7 bat,0.0
mean,2050,21,157,ES1 7 bat,0.0
mean,2050,21,158,ES1 7 bat,0.0
mean,2050,21,159,ES1 7 bat,0.0
mean,2050,21,160,ES1 7 bat,0.0
mean,2050,21,161,ES1 7 bat,0.0
mean,2050,21,162,ES1 7 bat,0.0
mean,2050,21,163,ES1 7 bat,0.0
mean,2050,21,164,ES1 7 bat,1.7442364143590402e-14
mean,2050,21,165,ES1 7 bat,0.0
mean,2050,21,166,ES1 7 bat,0.0
mean,2050,21,167,ES1 7 bat,0.0
mean,2050,42,0,ES1 7 bat,-61.33571711753294
mean,2050,42,1,ES1 7 bat,0.0
mean,2050,42,2,ES1 7 bat,0.0
mean,2050,42,3,ES1 7 bat,0.0
mean,2050,42,4,ES1 7 bat,0.0
mean,2050,42,5,ES1 7 bat,0.0
mean,2050,42,6,ES1 7 bat,0.0
mean,2050,42,7,ES1 7 bat,0.0
mean,2050,42,8,ES1 7 bat,0.0
mean,2050,42,9,ES1 7 bat,0.0
mean,2050,42,10,ES1 7 bat,0.0
mean,2050,42,11,ES1 7 bat,0.0
mean,2050,42,12,ES1 7 bat,0.0
mean,2050,42,13,ES1 7 bat,0.0
mean,2050,42,14,ES1 7 bat,0.0
mean,2050,42,15,ES1 7 bat,0.0
mean,2050,42,16,ES1 7 bat,0.0
mean,2050,42,17,ES1 7 bat,0.0
mean,2050,42,18,ES1 7 bat,0.0
mean,2050,42,19,ES1 7 bat,0.0
mean,2050,42,20,ES1 7 bat,0.0
mean,2050,42,21,ES1 7 bat,0.0
mean,2050,42,22,ES1 7 bat,0.0
mean,2050,42,23,ES1 7 bat,0.0
mean,2050,42,24,ES1 7 bat,0.0
mean,2050,42,25,ES1 7 bat,0.0
mean,2050,42,26,ES1 7 bat,0.0
mean,2050,42,27,ES1 7 bat,0.0
mean,2050,42,28,ES1 7 bat,0.0
mean,2050,42,29,ES1 7 bat,0.0
mean,2050,42,30,ES1 7 bat,0.0
mean,2050,42,31,ES1 7 bat,0.0
mean,2050,42,32,ES1 7 bat,0.0
mean,2050,42,33,ES1 7 bat,0.0
mean,2050,42,34,ES1 7 bat,0.0
mean,2050,42,35,ES1 7 bat,0.0
mean,2050,42,36,ES1 7 bat,0.0
mean,2050,42,37,ES1 7 bat,0.0
mean,2050,42,38,ES1 7 bat,0.0
mean,2050,42,39,ES1 7 bat,0.0
mean,2050,42,40,ES1 7 bat,0.0
mean,2050,42,41,ES1 7 bat,0.0
mean,2050,42,42,ES1 7 bat,-8.721182071795201e-15
mean,2050,42,43,ES1 7 bat,0.0
mean,2050,42,44,ES1 7 bat,0.0
mean,2050,42,45,ES1 7 bat,0.0
mean,2050,42,46,ES1 7 bat,0.0
mean,2050,42,47,ES1 7 bat,0.0
mean,2050,42,48,ES1 7 bat,0.0
mean,2050,42,49,ES1 7 bat,0.0
mean,2050,42,50,ES1 7 bat,0.0
mean,2050,42,51,ES1 7 bat,0.0
mean,2050,42,52,ES1 7 bat,0.0
mean,2050,42,53,ES1 7 bat,0.0
mean,2050,42,54,ES1 7 bat,0.0
mean,2050,42,55,ES1 7 bat,0.0
mean,2050,42,56,ES1 7 bat,0.0
mean,2050,42,57,ES1 7 bat,0.0
mean,2050,42,58,ES1 7 bat,0.0
mean,2050,42,59,ES1 7 bat,0.0
mean,2050,42,60,ES1 7 bat,0.0
mean,2050,42,61,ES1 7 bat,0.0
mean,2050,42,62,ES1 7 bat,0.0
mean,2050,42,63,ES1 7 bat,0.0
mean,2050,42,64,ES1 7 bat,0.0
mean,2050,42,65,ES1 7 bat,0.0
mean,2050,42,66,ES1 7 bat,0.0
mean,2050,42,67,ES1 7 bat,0.0
mean,2050,42,68,ES1 7 bat,0.0
mean,2050,42,69,ES1 7 bat,0.0
mean,2050,42,70,ES1 7 bat,0.0
mean,2050,42,71,ES1 7 bat,0.0
mean,2050,42,72,ES1 7 bat,0.0
mean,2050,42,73,ES1 7 bat,0.0
mean,2050,42,74,ES1 7 bat,0.0
mean,2050,42,75,ES1 7 bat,0.0
mean,2050,42,76,ES1 7 bat,0.0
mean,2050,42,77,ES1 7 bat,0.0
mean,2050,42,78,ES1 7 bat,-0.0
mean,2050,42,79,ES1 7 bat,0.0
mean,2050,42,80,ES1 7 bat,0.0
mean,2050,42,81,ES1 7 bat,0.0
mean,2050,42,82,ES1 7 bat,0.0
mean,2050,42,83,ES1 7 bat,0.0
mean,2050,42,84,ES1 7 bat,0.0
mean,2050,42,85,ES1 7 bat,0.0
mean,2050,42,86,ES1 7 bat,0.0
mean,2050,42,87,ES1 7 bat,0.0
mean,2050,42,88,ES1 7 bat,0.0
mean,2050,42,89,ES1 7 bat,0.0
mean,2050,42,90,ES1 7 bat,-0.0
mean,2050,42,91,ES1 7 bat,0.0
mean,2050,42,92,ES1 7 bat,0.0
mean,2050,42,93,ES1 7 bat,0.0
mean,2050,42,94,ES1 7 bat,0.0
mean,2050,42,95,ES1 7 bat,0.0
mean,2050,42,96,ES1 7 bat,0.0
mean,2050,42,97,ES1 7 bat,0.0
mean,2050,42,98,ES1 7 bat,0.0
mean,2050,42,99,ES1 7 bat,0.0
mean,2050,42,100,ES1 7 bat,0.0
mean,2050,42,101,ES1 7 bat,0.0
mean,2050,42,102,ES1 7 bat,0.0
mean,2050,42,103,ES1 7 bat,0.0
mean,2050,42,104,ES1 7 bat,0.0
mean,2050,42,105,ES1 7 bat,0.0
mean,2050,42,106,ES1 7 bat,0.0
mean,2050,42,107,ES1 7 bat,0.0
mean,2050,42,108,ES1 7 bat,0.0
mean,2050,42,109,ES1 7 bat,0.0
mean,2050,42,110,ES1 7 bat,0.0
mean,2050,42,111,ES1 7 bat,0.0
mean,2050,42,112,ES1 7 bat,0.0
mean,2050,42,113,ES1 7 bat,0.0
mean,2050,42,114,ES1 7 bat,0.0
mean,2050,42,115,ES1 7 bat,0.0
mean,2050,42,116,ES1 7 bat,0.0
mean,2050,42,117,ES1 7 bat,0.0
mean,2050,42,118,ES1 7 bat,0.0
mean,2050,42,119,ES1 7 bat,0.0
mean,2050,42,120,ES1 7 bat,0.0
mean,2050,42,121,ES1 7 bat,0.0
mean,2050,42,122,ES1 7 bat,0.0
mean,2050,42,123,ES1 7 bat,0.0
mean,2050,42,124,ES1 7 bat,0.0
mean,2050,42,125,ES1 7 bat,0.0
mean,2050,42,126,ES1 7 bat,0.0
mean,2050,42,127,ES1 7 bat,0.0
mean,2050,42,128,ES1 7 bat,0.0
mean,2050,42,129,ES1 7 bat,0.0
mean,2050,42,130,ES1 7 bat,0.0
mean,2050,42,131,ES1 7 bat,0.0
mean,2050,42,132,ES1 7 bat,0.0
mean,2050,42,133,ES1 7 bat,0.0
mean,2050,42,134,ES1 7 bat,0.0
mean,2050,42,135,ES1 7 bat,0.0
mean,2050,42,136,ES1 7 bat,0.0
mean,2050,42,137,ES1 7 bat,0.0
mean,2050,42,138,ES1 7 bat,0.0
mean,2050,42,139,ES1 7 bat,0.0
mean,2050,42,140,ES1 7 bat,0.0
mean,2050,42,141,ES1 7 bat,0.0
mean,2050,42,142,ES1 7 bat,0.0
mean,2050,42,143,ES1 7 bat,0.0
mean,2050,42,144,ES1 7 bat,0.0
mean,2050,42,145,ES1 7 bat,0.0
mean,2050,42,146,ES1 7 bat,0.0
mean,2050,42,147,ES1 7 bat,0.0
mean,2050,42,148,ES1 7 bat,0.0
mean,2050,42,149,ES1 7 bat,0.0
mean,2050,42,150,ES1 7 bat,0.0
mean,2050,42,151,ES1 7 bat,0.0
mean,2050,42,152,ES1 7 bat,0.0
mean,2050,42,153,ES1 7 bat,0.0
mean,2050,42,154,ES1 7 bat,0.0
mean,2050,42,155,ES1 7 bat,0.0
mean,2050,42,156,ES1 7 bat,0.0
mean,2050,42,157,ES1 7 bat,0.0
mean,2050,42,158,ES1 7 bat,0.0
mean,2050,42,159,ES1 7 bat,0.0
mean,2050,42,160,ES1 7 bat,0.0
mean,2050,42,161,ES1 7 bat,0.0
mean,2050,42,162,ES1 7 bat,0.0
mean,2050,42,163,ES1 7 bat,0.0
mean,2050,42,164,ES1 7 bat,0.0
mean,2050,42,165,ES1 7 bat,0.0
mean,2050,42,166,ES1 7 bat,0.0
mean,2050,42,167,ES1 7 bat,0.0
mean,2050,52,0,ES1 7 bat,-60.52610867165816
mean,2050,52,1,ES1 7 bat,0.0
mean,2050,52,2,ES1 7 bat,0.0
mean,2050,52,3,ES1 7 bat,0.0
mean,2050,52,4,ES1 7 bat,0.0
mean,2050,52,5,ES1 7 bat,0.0
mean,2050,52,6,ES1 7 bat,0.0
mean,2050,52,7,ES1 7 bat,0.0
mean,2050,52,8,ES1 7 bat,0.0
mean,2050,52,9,ES1 7 bat,0.0
mean,2050,52,10,ES1 7 bat,0.0
mean,2050,52,11,ES1 7 bat,0.0
mean,2050,52,12,ES1 7 bat,0.0
mean,2050,52,13,ES1 7 bat,0.0
mean,2050,52,14,ES1 7 bat,0.0
mean,2050,52,15,ES1 7 bat,0.0
mean,2050,52,16,ES1 7 bat,0.0
mean,2050,52,17,ES1 7 bat,0.0
mean,2050,52,18,ES1 7 bat,0.0
mean,2050,52,19,ES1 7 bat,0.0
mean,2050,52,20,ES1 7 bat,0.0
mean,2050,52,21,ES1 7 bat,0.0
mean,2050,52,22,ES1 7 bat,0.0
mean,2050,52,23,ES1 7 bat,0.0
mean,2050,52,24,ES1 7 bat,0.0
mean,2050,52,25,ES1 7 bat,0.0
mean,2050,52,26,ES1 7 bat,0.0
mean,2050,52,27,ES1 7 bat,0.0
mean,2050,52,28,ES1 7 bat,0.0
mean,2050,52,29,ES1 7 bat,0.0
mean,2050,52,30,ES1 7 bat,0.0
mean,2050,52,31,ES1 7 bat,0.0
mean,2050,52,32,ES1 7 bat,0.0
mean,2050,52,33,ES1 7 bat,0.0
mean,2050,52,34,ES1 7 bat,0.0
mean,2050,52,35,ES1 7 bat,0.0
mean,2050,52,36,ES1 7 bat,0.0
mean,2050,52,37,ES1 7 bat,0.0
mean,2050,52,38,ES1 7 bat,0.0
mean,2050,52,39,ES1 7 bat,0.0
mean,2050,52,40,ES1 7 bat,0.0
mean,2050,52,41,ES1 7 bat,0.0
mean,2050,52,42,ES1 7 bat,0.0
mean,2050,52,43,ES1 7 bat,0.0
mean,2050,52,44,ES1 7 bat,0.0
mean,2050,52,45,ES1 7 bat,0.0
mean,2050,52,46,ES1 7 bat,0.0
mean,2050,52,47,ES1 7 bat,0.0
mean,2050,52,48,ES1 7 bat,0.0
mean,2050,52,49,ES1 7 bat,0.0
mean,2050,52,50,ES1 7 bat,0.0
mean,2050,52,51,ES1 7 bat,0.0
mean,2050,52,52,ES1 7 bat,0.0
mean,2050,52,53,ES1 7 bat,0.0
mean,2050,52,54,ES1 7 bat,0.0
mean,2050,52,55,ES1 7 bat,0.0
mean,2050,52,56,ES1 7 bat,0.0
mean,2050,52,57,ES1 7 bat,0.0
mean,2050,52,58,ES1 7 bat,0.0
mean,2050,52,59,ES1 7 bat,0.0
mean,2050,52,60,ES1 7 bat,0.0
mean,2050,52,61,ES1 7 bat,0.0
mean,2050,52,62,ES1 7 bat,0.0
mean,2050,52,63,ES1 7 bat,0.0
mean,2050,52,64,ES1 7 bat,0.0
mean,2050,52,65,ES1 7 bat,0.0
mean,2050,52,66,ES1 7 bat,0.0
mean,2050,52,67,ES1 7 bat,0.0
mean,2050,52,68,ES1 7 bat,0.0
mean,2050,52,69,ES1 7 bat,0.0
mean,2050,52,70,ES1 7 bat,0.0
mean,2050,52,71,ES1 7 bat,0.0
mean,2050,52,72,ES1 7 bat,0.0
mean,2050,52,73,ES1 7 bat,0.0
mean,2050,52,74,ES1 7 bat,0.0
mean,2050,52,75,ES1 7 bat,0.0
mean,2050,52,76,ES1 7 bat,0.0
mean,2050,52,77,ES1 7 bat,0.0
mean,2050,52,78,ES1 7 bat,0.0
mean,2050,52,79,ES1 7 bat,0.0
mean,2050,52,80,ES1 7 bat,0.0
mean,2050,52,81,ES1 7 bat,0.0
mean,2050,52,82,ES1 7 bat,0.0
mean,2050,52,83,ES1 7 bat,0.0
mean,2050,52,84,ES1 7 bat,0.0
mean,2050,52,85,ES1 7 bat,0.0
mean,2050,52,86,ES1 7 bat,0.0
mean,2050,52,87,ES1 7 bat,0.0
mean,2050,52,88,ES1 7 bat,0.0
mean,2050,52,89,ES1 7 bat,0.0
mean,2050,52,90,ES1 7 bat,0.0
mean,2050,52,91,ES1 7 bat,0.0
mean,2050,52,92,ES1 7 bat,0.0
mean,2050,52,93,ES1 7 bat,0.0
mean,2050,52,94,ES1 7 bat,0.0
mean,2050,52,95,ES1 7 bat,0.0
mean,2050,52,96,ES1 7 bat,0.0
mean,2050,52,97,ES1 7 bat,0.0
mean,2050,52,98,ES1 7 bat,0.0
mean,2050,52,99,ES1 7 bat,0.0
mean,2050,52,100,ES1 7 bat,0.0
mean,2050,52,101,ES1 7 bat,0.0
mean,2050,52,102,ES1 7 bat,0.0
mean,2050,52,103,ES1 7 bat,0.0
mean,2050,52,104,ES1 7 bat,0.0
mean,2050,52,105,ES1 7 bat,0.0
mean,2050,52,106,ES1 7 bat,0.0
mean,2050,52,107,ES1 7 bat,0.0
mean,2050,52,108,ES1 7 bat,0.0
mean,2050,52,109,ES1 7 bat,0.0
mean,2050,52,110,ES1 7 bat,0.0
mean,2050,52,111,ES1 7 bat,0.0
mean,2050,52,112,ES1 7 bat,0.0
mean,2050,52,113,ES1 7 bat,0.0
mean,2050,52,114,ES1 7 bat,0.0
mean,2050,52,115,ES1 7 bat,0.0
mean,2050,52,116,ES1 7 bat,0.0
mean,2050,52,117,ES1 7 bat,0.0
mean,2050,52,118,ES1 7 bat,0.0
mean,2050,52,119,ES1 7 bat,0.0
mean,2050,52,120,ES1 7 bat,0.0
mean,2050,52,121,ES1 7 bat,0.0
mean,2050,52,122,ES1 7 bat,0.0
mean,2050,52,123,ES1 7 bat,0.0
mean,2050,52,124,ES1 7 bat,0.0
mean,2050,52,125,ES1 7 bat,0.0
mean,2050,52,126,ES1 7 bat,0.0
mean,2050,52,127,ES1 7 bat,0.0
mean,2050,52,128,ES1 7 bat,0.0
mean,2050,52,129,ES1 7 bat,0.0
mean,2050,52,130,ES1 7 bat,0.0
mean,2050,52,131,ES1 7 bat,0.0
mean,2050,52,132,ES1 7 bat,0.0
mean,2050,52,133,ES1 7 bat,0.0
mean,2050,52,134,ES1 7 bat,0.0
mean,2050,52,135,ES1 7 bat,0.0
mean,2050,52,136,ES1 7 bat,0.0
mean,2050,52,137,ES1 7 bat,0.0
mean,2050,52,138,ES1 7 bat,0.0
mean,2050,52,139,ES1 7 bat,0.0
mean,2050,52,140,ES1 7 bat,0.0
mean,2050,52,141,ES1 7 bat,0.0
mean,2050,52,142,ES1 7 bat,0.0
mean,2050,52,143,ES1 7 bat,0.0
mean,2050,52,144,ES1 7 bat,0.0
mean,2050,52,145,ES1 7 bat,0.0
mean,2050,52,146,ES1 7 bat,0.0
mean,2050,52,147,ES1 7 bat,0.0
mean,2050,52,148,ES1 7 bat,0.0
mean,2050,52,149,ES1 7 bat,0.0
mean,2050,52,150,ES1 7 bat,0.0
mean,2050,52,151,ES1 7 bat,0.0
mean,2050,52,152,ES1 7 bat,0.0
mean,2050,52,153,ES1 7 bat,0.0
mean,2050,52,154,ES1 7 bat,0.0
mean,2050,52,155,ES1 7 bat,0.0
mean,2050,52,156,ES1 7 bat,0.0
mean,2050,52,157,ES1 7 bat,0.0
mean,2050,52,158,ES1 7 bat,0.0
mean,2050,52,159,ES1 7 bat,0.0
mean,2050,52,160,ES1 7 bat,0.0
mean,2050,52,161,ES1 7 bat,0.0
mean,2050,52,162,ES1 7 bat,0.0
mean,2050,52,163,ES1 7 bat,0.0
mean,2050,52,164,ES1 7 bat,0.0
mean,2050,52,165,ES1 7 bat,0.0
mean,2050,52,166,ES1 7 bat,0.0
mean,2050,52,167,ES1 7 bat,0.0
mean,2025,11,0,ES1 8 bat,-0.014688910053492073
mean,2025,11,1,ES1 8 bat,0.0
mean,2025,11,2,ES1 8 bat,0.0
mean,2025,11,3,ES1 8 bat,0.0
mean,2025,11,4,ES1 8 bat,0.0
mean,2025,11,5,ES1 8 bat,0.0
mean,2025,11,6,ES1 8 bat,0.0
mean,2025,11,7,ES1 8 bat,0.0
mean,2025,11,8,ES1 8 bat,0.0
mean,2025,11,9,ES1 8 bat,0.0
mean,2025,11,10,ES1 8 bat,0.0
mean,2025,11,11,ES1 8 bat,0.0
mean,2025,11,12,ES1 8 bat,0.0
mean,2025,11,13,ES1 8 bat,0.0
mean,2025,11,14,ES1 8 bat,0.0
mean,2025,11,15,ES1 8 bat,0.0
mean,2025,11,16,ES1 8 bat,0.0
mean,2025,11,17,ES1 8 bat,0.0
mean,2025,11,18,ES1 8 bat,0.0
mean,2025,11,19,ES1 8 bat,0.0
mean,2025,11,20,ES1 8 bat,0.0
mean,2025,11,21,ES1 8 bat,0.0
mean,2025,11,22,ES1 8 bat,0.0
mean,2025,11,23,ES1 8 bat,0.0
mean,2025,11,24,ES1 8 bat,0.0
mean,2025,11,25,ES1 8 bat,0.0
mean,2025,11,26,ES1 8 bat,0.0
mean,2025,11,27,ES1 8 bat,0.0
mean,2025,11,28,ES1 8 bat,0.0
mean,2025,11,29,ES1 8 bat,0.0
mean,2025,11,30,ES1 8 bat,0.0
mean,2025,11,31,ES1 8 bat,-60.95376815668505
mean,2025,11,32,ES1 8 bat,0.0
mean,2025,11,33,ES1 8 bat,0.0
mean,2025,11,34,ES1 8 bat,0.0
mean,2025,11,35,ES1 8 bat,0.0
mean,2025,11,36,ES1 8 bat,0.0
mean,2025,11,37,ES1 8 bat,0.0
mean,2025,11,38,ES1 8 bat,0.0
mean,2025,11,39,ES1 8 bat,0.0
mean,2025,11,40,ES1 8 bat,0.0
mean,2025,11,41,ES1 8 bat,0.0
mean,2025,11,42,ES1 8 bat,0.0
mean,2025,11,43,ES1 8 bat,-0.20417692838613694
mean,2025,11,44,ES1 8 bat,0.0
mean,2025,11,45,ES1 8 bat,0.0
mean,2025,11,46,ES1 8 bat,0.0
mean,2025,11,47,ES1 8 bat,0.0
mean,2025,11,48,ES1 8 bat,0.0
mean,2025,11,49,ES1 8 bat,0.0
mean,2025,11,50,ES1 8 bat,0.0
mean,2025,11,51,ES1 8 bat,0.0
mean,2025,11,52,ES1 8 bat,0.0
mean,2025,11,53,ES1 8 bat,0.0
mean,2025,11,54,ES1 8 bat,0.0
mean,2025,11,55,ES1 8 bat,0.0
mean,2025,11,56,ES1 8 bat,0.0
mean,2025,11,57,ES1 8 bat,0.0
mean,2025,11,58,ES1 8 bat,0.0
mean,2025,11,59,ES1 8 bat,0.0
mean,2025,11,60,ES1 8 bat,0.0
mean,2025,11,61,ES1 8 bat,0.0
mean,2025,11,62,ES1 8 bat,0.0
mean,2025,11,63,ES1 8 bat,0.0
mean,2025,11,64,ES1 8 bat,0.0
mean,2025,11,65,ES1 8 bat,0.0
mean,2025,11,66,ES1 8 bat,0.0
mean,2025,11,67,ES1 8 bat,0.0
mean,2025,11,68,ES1 8 bat,0.0
mean,2025,11,69,ES1 8 bat,0.0
mean,2025,11,70,ES1 8 bat,0.0
mean,2025,11,71,ES1 8 bat,0.0
mean,2025,11,72,ES1 8 bat,0.0
mean,2025,11,73,ES1 8 bat,0.0
mean,2025,11,74,ES1 8 bat,0.0
mean,2025,11,75,ES1 8 bat,0.0
mean,2025,11,76,ES1 8 bat,0.0
mean,2025,11,77,ES1 8 bat,0.0
mean,2025,11,78,ES1 8 bat,0.0
mean,2025,11,79,ES1 8 bat,-59.660255715648745
mean,2025,11,80,ES1 8 bat,0.0
mean,2025,11,81,ES1 8 bat,0.0
mean,2025,11,82,ES1 8 bat,0.0
mean,2025,11,83,ES1 8 bat,0.0
mean,2025,11,84,ES1 8 bat,0.0
mean,2025,11,85,ES1 8 bat,0.0
mean,2025,11,86,ES1 8 bat,0.0
mean,2025,11,87,ES1 8 bat,0.0
mean,2025,11,88,ES1 8 bat,0.0
mean,2025,11,89,ES1 8 bat,0.0
mean,2025,11,90,ES1 8 bat,0.0
mean,2025,11,91,ES1 8 bat,0.0
mean,2025,11,92,ES1 8 bat,0.0
mean,2025,11,93,ES1 8 bat,0.0
mean,2025,11,94,ES1 8 bat,0.0
mean,2025,11,95,ES1 8 bat,0.0
mean,2025,11,96,ES1 8 bat,0.0
mean,2025,11,97,ES1 8 bat,0.0
mean,2025,11,98,ES1 8 bat,0.0
mean,2025,11,99,ES1 8 bat,0.0
mean,2025,11,100,ES1 8 bat,0.0
mean,2025,11,101,ES1 8 bat,0.0
mean,2025,11,102,ES1 8 bat,-0.0025573025544909883
mean,2025,11,103,ES1 8 bat,0.0
mean,2025,11,104,ES1 8 bat,0.0
mean,2025,11,105,ES1 8 bat,0.0
mean,2025,11,106,ES1 8 bat,0.0
mean,2025,11,107,ES1 8 bat,0.0
mean,2025,11,108,ES1 8 bat,0.0
mean,2025,11,109,ES1 8 bat,0.0
mean,2025,11,110,ES1 8 bat,0.0
mean,2025,11,111,ES1 8 bat,0.0
mean,2025,11,112,ES1 8 bat,0.0
mean,2025,11,113,ES1 8 bat,0.0
mean,2025,11,114,ES1 8 bat,0.0
mean,2025,11,115,ES1 8 bat,-3.3537082811561594
mean,2025,11,116,ES1 8 bat,0.0
mean,2025,11,117,ES1 8 bat,0.0
mean,2025,11,118,ES1 8 bat,0.0
mean,2025,11,119,ES1 8 bat,0.0
mean,2025,11,120,ES1 8 bat,0.0
mean,2025,11,121,ES1 8 bat,0.0
mean,2025,11,122,ES1 8 bat,0.0
mean,2025,11,123,ES1 8 bat,0.0
mean,2025,11,124,ES1 8 bat,0.0
mean,2025,11,125,ES1 8 bat,0.0
mean,2025,11,126,ES1 8 bat,0.0
mean,2025,11,127,ES1 8 bat,0.0
mean,2025,11,128,ES1 8 bat,0.0
mean,2025,11,129,ES1 8 bat,0.0
mean,2025,11,130,ES1 8 bat,0.0
mean,2025,11,131,ES1 8 bat,0.0
mean,2025,11,132,ES1 8 bat,0.0
mean,2025,11,133,ES1 8 bat,0.0
mean,2025,11,134,ES1 8 bat,0.0
mean,2025,11,135,ES1 8 bat,0.0
mean,2025,11,136,ES1 8 bat,0.0
mean,2025,11,137,ES1 8 bat,0.0
mean,2025,11,138,ES1 8 bat,0.0
mean,2025,11,139,ES1 8 bat,0.0
mean,2025,11,140,ES1 8 bat,-0.2803515910909046
mean,2025,11,141,ES1 8 bat,0.0
mean,2025,11,142,ES1 8 bat,0.0
mean,2025,11,143,ES1 8 bat,0.0
mean,2025,11,144,ES1 8 bat,0.0
mean,2025,11,145,ES1 8 bat,0.0
mean,2025,11,146,ES1 8 bat,0.0
mean,2025,11,147,ES1 8 bat,0.0
mean,2025,11,148,ES1 8 bat,0.0
mean,2025,11,149,ES1 8 bat,0.0
mean,2025,11,150,ES1 8 bat,0.0
mean,2025,11,151,ES1 8 bat,0.0
mean,2025,11,152,ES1 8 bat,0.0
mean,2025,11,153,ES1 8 bat,0.0
mean,2025,11,154,ES1 8 bat,0.0
mean,2025,11,155,ES1 8 bat,0.0
mean,2025,11,156,ES1 8 bat,0.0
mean,2025,11,157,ES1 8 bat,0.0
mean,2025,11,158,ES1 8 bat,0.0
mean,2025,11,159,ES1 8 bat,0.0
mean,2025,11,160,ES1 8 bat,0.0
mean,2025,11,161,ES1 8 bat,0.0
mean,2025,11,162,ES1 8 bat,-0.0025416146202625074
mean,2025,11,163,ES1 8 bat,0.0
mean,2025,11,164,ES1 8 bat,0.0
mean,2025,11,165,ES1 8 bat,0.0
mean,2025,11,166,ES1 8 bat,0.0
mean,2025,11,167,ES1 8 bat,0.0
mean,2025,21,0,ES1 8 bat,-62.30530564762617
mean,2025,21,1,ES1 8 bat,0.0
mean,2025,21,2,ES1 8 bat,0.0
mean,2025,21,3,ES1 8 bat,0.0
mean,2025,21,4,ES1 8 bat,0.0
mean,2025,21,5,ES1 8 bat,0.0
mean,2025,21,6,ES1 8 bat,0.0
mean,2025,21,7,ES1 8 bat,0.0
mean,2025,21,8,ES1 8 bat,0.0
mean,2025,21,9,ES1 8 bat,0.0
mean,2025,21,10,ES1 8 bat,0.0
mean,2025,21,11,ES1 8 bat,0.0
mean,2025,21,12,ES1 8 bat,0.0
mean,2025,21,13,ES1 8 bat,0.0
mean,2025,21,14,ES1 8 bat,0.0
mean,2025,21,15,ES1 8 bat,0.0
mean,2025,21,16,ES1 8 bat,0.0
mean,2025,21,17,ES1 8 bat,0.0
mean,2025,21,18,ES1 8 bat,0.0
mean,2025,21,19,ES1 8 bat,0.0
mean,2025,21,20,ES1 8 bat,0.0
mean,2025,21,21,ES1 8 bat,0.0
mean,2025,21,22,ES1 8 bat,0.0
mean,2025,21,23,ES1 8 bat,0.0
mean,2025,21,24,ES1 8 bat,0.0
mean,2025,21,25,ES1 8 bat,0.0
mean,2025,21,26,ES1 8 bat,0.0
mean,2025,21,27,ES1 8 bat,0.0
mean,2025,21,28,ES1 8 bat,0.0
mean,2025,21,29,ES1 8 bat,0.0
mean,2025,21,30,ES1 8 bat,0.0
mean,2025,21,31,ES1 8 bat,0.0
mean,2025,21,32,ES1 8 bat,0.0
mean,2025,21,33,ES1 8 bat,0.0
mean,2025,21,34,ES1 8 bat,0.0
mean,2025,21,35,ES1 8 bat,0.0
mean,2025,21,36,ES1 8 bat,0.0
mean,2025,21,37,ES1 8 bat,0.0
mean,2025,21,38,ES1 8 bat,0.0
mean,2025,21,39,ES1 8 bat,0.0
mean,2025,21,40,ES1 8 bat,0.0
mean,2025,21,41,ES1 8 bat,0.0
mean,2025,21,42,ES1 8 bat,0.0
mean,2025,21,43,ES1 8 bat,0.0
mean,2025,21,44,ES1 8 bat,0.0
mean,2025,21,45,ES1 8 bat,0.0
mean,2025,21,46,ES1 8 bat,0.0
mean,2025,21,47,ES1 8 bat,0.0
mean,2025,21,48,ES1 8 bat,0.0
mean,2025,21,49,ES1 8 bat,0.0
mean,2025,21,50,ES1 8 bat,0.0
mean,2025,21,51,ES1 8 bat,0.0
mean,2025,21,52,ES1 8 bat,0.0
mean,2025,21,53,ES1 8 bat,0.0
mean,2025,21,54,ES1 8 bat,0.0
mean,2025,21,55,ES1 8 bat,0.0
mean,2025,21,56,ES1 8 bat,0.0
mean,2025,21,57,ES1 8 bat,0.0
mean,2025,21,58,ES1 8 bat,0.0
mean,2025,21,59,ES1 8 bat,0.0
mean,2025,21,60,ES1 8 bat,0.0
mean,2025,21,61,ES1 8 bat,0.0
mean,2025,21,62,ES1 8 bat,0.0
mean,2025,21,63,ES1 8 bat,0.0
mean,2025,21,64,ES1 8 bat,0.0
mean,2025,21,65,ES1 8 bat,0.0
mean,2025,21,66,ES1 8 bat,0.0
mean,2025,21,67,ES1 8 bat,-60.08255430223763
mean,2025,21,68,ES1 8 bat,0.0
mean,2025,21,69,ES1 8 bat,0.0
mean,2025,21,70,ES1 8 bat,0.0
mean,2025,21,71,ES1 8 bat,0.0
mean,2025,21,72,ES1 8 bat,0.0
mean,2025,21,73,ES1 8 bat,0.0
mean,2025,21,74,ES1 8 bat,0.0
mean,2025,21,75,ES1 8 bat,0.0
mean,2025,21,76,ES1 8 bat,0.0
mean,2025,21,77,ES1 8 bat,-0.0025416146202625074
mean,2025,21,78,ES1 8 bat,0.0
mean,2025,21,79,ES1 8 bat,0.0
mean,2025,21,80,ES1 8 bat,0.0
mean,2025,21,81,ES1 8 bat,0.0
mean,2025,21,82,ES1 8 bat,0.0
mean,2025,21,83,ES1 8 bat,0.0
mean,2025,21,84,ES1 8 bat,0.0
mean,2025,21,85,ES1 8 bat,0.0
mean,2025,21,86,ES1 8 bat,0.0
mean,2025,21,87,ES1 8 bat,0.0
mean,2025,21,88,ES1 8 bat,0.0
mean,2025,21,89,ES1 8 bat,0.0
mean,2025,21,90,ES1 8 bat,0.0
mean,2025,21,91,ES1 8 bat,0.0
mean,2025,21,92,ES1 8 bat,0.0
mean,2025,21,93,ES1 8 bat,0.0
mean,2025,21,94,ES1 8 bat,0.0
mean,2025,21,95,ES1 8 bat,0.0
mean,2025,21,96,ES1 8 bat,0.0
mean,2025,21,97,ES1 8 bat,0.0
mean,2025,21,98,ES1 8 bat,0.0
mean,2025,21,99,ES1 8 bat,0.0
mean,2025,21,100,ES1 8 bat,0.0
mean,2025,21,101,ES1 8 bat,0.0
mean,2025,21,102,ES1 8 bat,-0.3737882580903329
mean,2025,21,103,ES1 8 bat,0.0
mean,2025,21,104,ES1 8 bat,0.0
mean,2025,21,105,ES1 8 bat,0.0
mean,2025,21,106,ES1 8 bat,0.0
mean,2025,21,107,ES1 8 bat,0.0
mean,2025,21,108,ES1 8 bat,0.0
mean,2025,21,109,ES1 8 bat,0.0
mean,2025,21,110,ES1 8 bat,0.0
mean,2025,21,111,ES1 8 bat,0.0
mean,2025,21,112,ES1 8 bat,0.0
mean,2025,21,113,ES1 8 bat,0.0
mean,2025,21,114,ES1 8 bat,0.0
mean,2025,21,115,ES1 8 bat,0.0
mean,2025,21,116,ES1 8 bat,-0.03860146842432672
mean,2025,21,117,ES1 8 bat,0.0
mean,2025,21,118,ES1 8 bat,0.0
mean,2025,21,119,ES1 8 bat,0.0
mean,2025,21,120,ES1 8 bat,0.0
mean,2025,21,121,ES1 8 bat,0.0
mean,2025,21,122,ES1 8 bat,0.0
mean,2025,21,123,ES1 8 bat,0.0
mean,2025,21,124,ES1 8 bat,0.0
mean,2025,21,125,ES1 8 bat,0.0
mean,2025,21,126,ES1 8 bat,0.0
mean,2025,21,127,ES1 8 bat,0.0
mean,2025,21,128,ES1 8 bat,0.0
mean,2025,21,129,ES1 8 bat,0.0
mean,2025,21,130,ES1 8 bat,0.0
mean,2025,21,131,ES1 8 bat,0.0
mean,2025,21,132,ES1 8 bat,0.0
mean,2025,21,133,ES1 8 bat,0.0
mean,2025,21,134,ES1 8 bat,0.0
mean,2025,21,135,ES1 8 bat,0.0
mean,2025,21,136,ES1 8 bat,0.0
mean,2025,21,137,ES1 8 bat,0.0
mean,2025,21,138,ES1 8 bat,0.0
mean,2025,21,139,ES1 8 bat,0.0
mean,2025,21,140,ES1 8 bat,0.0
mean,2025,21,141,ES1 8 bat,0.0
mean,2025,21,142,ES1 8 bat,0.0
mean,2025,21,143,ES1 8 bat,0.0
mean,2025,21,144,ES1 8 bat,0.0
mean,2025,21,145,ES1 8 bat,0.0
mean,2025,21,146,ES1 8 bat,0.0
mean,2025,21,147,ES1 8 bat,0.0
mean,2025,21,148,ES1 8 bat,0.0
mean,2025,21,149,ES1 8 bat,0.0
mean,2025,21,150,ES1 8 bat,0.0
mean,2025,21,151,ES1 8 bat,0.0
mean,2025,21,152,ES1 8 bat,0.0
mean,2025,21,153,ES1 8 bat,0.0
mean,2025,21,154,ES1 8 bat,0.0
mean,2025,21,155,ES1 8 bat,0.0
mean,2025,21,156,ES1 8 bat,0.0
mean,2025,21,157,ES1 8 bat,0.0
mean,2025,21,158,ES1 8 bat,0.0
mean,2025,21,159,ES1 8 bat,0.0
mean,2025,21,160,ES1 8 bat,0.0
mean,2025,21,161,ES1 8 bat,0.0
mean,2025,21,162,ES1 8 bat,0.0
mean,2025,21,163,ES1 8 bat,0.0
mean,2025,21,164,ES1 8 bat,0.0
mean,2025,21,165,ES1 8 bat,0.0
mean,2025,21,166,ES1 8 bat,0.0
mean,2025,21,167,ES1 8 bat,0.0
mean,2025,42,0,ES1 8 bat,-62.85856621107329
mean,2025,42,1,ES1 8 bat,0.0
mean,2025,42,2,ES1 8 bat,0.0
mean,2025,42,3,ES1 8 bat,0.0
mean,2025,42,4,ES1 8 bat,0.0
mean,2025,42,5,ES1 8 bat,0.0
mean,2025,42,6,ES1 8 bat,0.0
mean,2025,42,7,ES1 8 bat,0.0
mean,2025,42,8,ES1 8 bat,0.0
mean,2025,42,9,ES1 8 bat,0.0
mean,2025,42,10,ES1 8 bat,0.0
mean,2025,42,11,ES1 8 bat,0.0
mean,2025,42,12,ES1 8 bat,0.0
mean,2025,42,13,ES1 8 bat,0.0
mean,2025,42,14,ES1 8 bat,0.0
mean,2025,42,15,ES1 8 bat,0.0
mean,2025,42,16,ES1 8 bat,0.0
mean,2025,42,17,ES1 8 bat,0.0
mean,2025,42,18,ES1 8 bat,0.0
mean,2025,42,19,ES1 8 bat,0.0
mean,2025,42,20,ES1 8 bat,0.0
mean,2025,42,21,ES1 8 bat,0.0
mean,2025,42,22,ES1 8 bat,0.0
mean,2025,42,23,ES1 8 bat,0.0
mean,2025,42,24,ES1 8 bat,0.0
mean,2025,42,25,ES1 8 bat,0.0
mean,2025,42,26,ES1 8 bat,0.0
mean,2025,42,27,ES1 8 bat,0.0
mean,2025,42,28,ES1 8 bat,0.0
mean,2025,42,29,ES1 8 bat,0.0
mean,2025,42,30,ES1 8 bat,0.0
mean,2025,42,31,ES1 8 bat,0.0
mean,2025,42,32,ES1 8 bat,0.0
mean,2025,42,33,ES1 8 bat,0.0
mean,2025,42,34,ES1 8 bat,0.0
mean,2025,42,35,ES1 8 bat,0.0
mean,2025,42,36,ES1 8 bat,0.0
mean,2025,42,37,ES1 8 bat,0.0
mean,2025,42,38,ES1 8 bat,0.0
mean,2025,42,39,ES1 8 bat,0.0
mean,2025,42,40,ES1 8 bat,0.0
mean,2025,42,41,ES1 8 bat,0.0
mean,2025,42,42,ES1 8 bat,0.0
mean,2025,42,43,ES1 8 bat,0.0
mean,2025,42,44,ES1 8 bat,0.0
mean,2025,42,45,ES1 8 bat,0.0
mean,2025,42,46,ES1 8 bat,0.0
mean,2025,42,47,ES1 8 bat,0.0
mean,2025,42,48,ES1 8 bat,0.0
mean,2025,42,49,ES1 8 bat,0.0
mean,2025,42,50,ES1 8 bat,0.0
mean,2025,42,51,ES1 8 bat,0.0
mean,2025,42,52,ES1 8 bat,0.0
mean,2025,42,53,ES1 8 bat,0.0
mean,2025,42,54,ES1 8 bat,0.0
mean,2025,42,55,ES1 8 bat,0.0
mean,2025,42,56,ES1 8 bat,0.0
mean,2025,42,57,ES1 8 bat,0.0
mean,2025,42,58,ES1 8 bat,0.0
mean,2025,42,59,ES1 8 bat,0.0
mean,2025,42,60,ES1 8 bat,0.0
mean,2025,42,61,ES1 8 bat,0.0
mean,2025,42,62,ES1 8 bat,0.0
mean,2025,42,63,ES1 8 bat,0.0
mean,2025,42,64,ES1 8 bat,0.0
mean,2025,42,65,ES1 8 bat,0.0
mean,2025,42,66,ES1 8 bat,0.0
mean,2025,42,67,ES1 8 bat,0.0
mean,2025,42,68,ES1 8 bat,0.0
mean,2025,42,69,ES1 8 bat,0.0
mean,2025,42,70,ES1 8 bat,0.0
mean,2025,42,71,ES1 8 bat,0.0
mean,2025,42,72,ES1 8 bat,0.0
mean,2025,42,73,ES1 8 bat,0.0
mean,2025,42,74,ES1 8 bat,0.0
mean,2025,42,75,ES1 8 bat,0.0
mean,2025,42,76,ES1 8 bat,0.0
mean,2025,42,77,ES1 8 bat,0.0
mean,2025,42,78,ES1 8 bat,-0.0028166006384658616
mean,2025,42,79,ES1 8 bat,0.0
mean,2025,42,80,ES1 8 bat,0.0
mean,2025,42,81,ES1 8 bat,0.0
mean,2025,42,82,ES1 8 bat,0.0
mean,2025,42,83,ES1 8 bat,0.0
mean,2025,42,84,ES1 8 bat,0.0
mean,2025,42,85,ES1 8 bat,0.0
mean,2025,42,86,ES1 8 bat,0.0
mean,2025,42,87,ES1 8 bat,0.0
mean,2025,42,88,ES1 8 bat,0.0
mean,2025,42,89,ES1 8 bat,0.0
mean,2025,42,90,ES1 8 bat,-1.193099077956901
mean,2025,42,91,ES1 8 bat,0.0
mean,2025,42,92,ES1 8 bat,0.0
mean,2025,42,93,ES1 8 bat,0.0
mean,2025,42,94,ES1 8 bat,0.0
mean,2025,42,95,ES1 8 bat,0.0
mean,2025,42,96,ES1 8 bat,0.0
mean,2025,42,97,ES1 8 bat,0.0
mean,2025,42,98,ES1 8 bat,0.0
mean,2025,42,99,ES1 8 bat,0.0
mean,2025,42,100,ES1 8 bat,0.0
mean,2025,42,101,ES1 8 bat,0.0
mean,2025,42,102,ES1 8 bat,0.0
mean,2025,42,103,ES1 8 bat,0.0
mean,2025,42,104,ES1 8 bat,0.0
mean,2025,42,105,ES1 8 bat,0.0
mean,2025,42,106,ES1 8 bat,0.0
mean,2025,42,107,ES1 8 bat,0.0
mean,2025,42,108,ES1 8 bat,0.0
mean,2025,42,109,ES1 8 bat,0.0
mean,2025,42,110,ES1 8 bat,0.0
mean,2025,42,111,ES1 8 bat,0.0
mean,2025,42,112,ES1 8 bat,0.0
mean,2025,42,113,ES1 8 bat,0.0
mean,2025,42,114,ES1 8 bat,-0.0025659206154221913
mean,2025,42,115,ES1 8 bat,0.0
mean,2025,42,116,ES1 8 bat,0.0
mean,2025,42,117,ES1 8 bat,0.0
mean,2025,42,118,ES1 8 bat,0.0
mean,2025,42,119,ES1 8 bat,0.0
mean,2025,42,120,ES1 8 bat,0.0
mean,2025,42,121,ES1 8 bat,0.0
mean,2025,42,122,ES1 8 bat,0.0
mean,2025,42,123,ES1 8 bat,0.0
mean,2025,42,124,ES1 8 bat,-0.0025235471205496025
mean,2025,42,125,ES1 8 bat,0.0
mean,2025,42,126,ES1 8 bat,0.0
mean,2025,42,127,ES1 8 bat,0.0
mean,2025,42,128,ES1 8 bat,0.0
mean,2025,42,129,ES1 8 bat,0.0
mean,2025,42,130,ES1 8 bat,0.0
mean,2025,42,131,ES1 8 bat,0.0
mean,2025,42,132,ES1 8 bat,0.0
mean,2025,42,133,ES1 8 bat,0.0
mean,2025,42,134,ES1 8 bat,0.0
mean,2025,42,135,ES1 8 bat,0.0
mean,2025,42,136,ES1 8 bat,0.0
mean,2025,42,137,ES1 8 bat,0.0
mean,2025,42,138,ES1 8 bat,-0.0025573025544909883
mean,2025,42,139,ES1 8 bat,0.0
mean,2025,42,140,ES1 8 bat,0.0
mean,2025,42,141,ES1 8 bat,0.0
mean,2025,42,142,ES1 8 bat,0.0
mean,2025,42,143,ES1 8 bat,0.0
mean,2025,42,144,ES1 8 bat,0.0
mean,2025,42,145,ES1 8 bat,0.0
mean,2025,42,146,ES1 8 bat,0.0
mean,2025,42,147,ES1 8 bat,0.0
mean,2025,42,148,ES1 8 bat,0.0
mean,2025,42,149,ES1 8 bat,0.0
mean,2025,42,150,ES1 8 bat,0.0
mean,2025,42,151,ES1 8 bat,0.0
mean,2025,42,152,ES1 8 bat,0.0
mean,2025,42,153,ES1 8 bat,0.0
mean,2025,42,154,ES1 8 bat,0.0
mean,2025,42,155,ES1 8 bat,0.0
mean,2025,42,156,ES1 8 bat,0.0
mean,2025,42,157,ES1 8 bat,0.0
mean,2025,42,158,ES1 8 bat,0.0
mean,2025,42,159,ES1 8 bat,0.0
mean,2025,42,160,ES1 8 bat,0.0
mean,2025,42,161,ES1 8 bat,0.0
mean,2025,42,162,ES1 8 bat,0.0
mean,2025,42,163,ES1 8 bat,-0.10801117114093134
mean,2025,42,164,ES1 8 bat,0.0
mean,2025,42,165,ES1 8 bat,0.0
mean,2025,42,166,ES1 8 bat,0.0
mean,2025,42,167,ES1 8 bat,0.0
mean,2025,52,0,ES1 8 bat,-61.55258155759616
mean,2025,52,1,ES1 8 bat,0.0
mean,2025,52,2,ES1 8 bat,0.0
mean,2025,52,3,ES1 8 bat,0.0
mean,2025,52,4,ES1 8 bat,0.0
mean,2025,52,5,ES1 8 bat,0.0
mean,2025,52,6,ES1 8 bat,0.0
mean,2025,52,7,ES1 8 bat,0.0
mean,2025,52,8,ES1 8 bat,0.0
mean,2025,52,9,ES1 8 bat,0.0
mean,2025,52,10,ES1 8 bat,0.0
mean,2025,52,11,ES1 8 bat,0.0
mean,2025,52,12,ES1 8 bat,0.0
mean,2025,52,13,ES1 8 bat,0.0
mean,2025,52,14,ES1 8 bat,0.0
mean,2025,52,15,ES1 8 bat,0.0
mean,2025,52,16,ES1 8 bat,0.0
mean,2025,52,17,ES1 8 bat,-0.0025235471205496025
mean,2025,52,18,ES1 8 bat,0.0
mean,2025,52,19,ES1 8 bat,0.0
mean,2025,52,20,ES1 8 bat,0.0
mean,2025,52,21,ES1 8 bat,0.0
mean,2025,52,22,ES1 8 bat,0.0
mean,2025,52,23,ES1 8 bat,0.0
mean,2025,52,24,ES1 8 bat,0.0
mean,2025,52,25,ES1 8 bat,0.0
mean,2025,52,26,ES1 8 bat,0.0
mean,2025,52,27,ES1 8 bat,0.0
mean,2025,52,28,ES1 8 bat,0.0
mean,2025,52,29,ES1 8 bat,0.0
mean,2025,52,30,ES1 8 bat,0.0
mean,2025,52,31,ES1 8 bat,0.0
mean,2025,52,32,ES1 8 bat,0.0
mean,2025,52,33,ES1 8 bat,0.0
mean,2025,52,34,ES1 8 bat,0.0
mean,2025,52,35,ES1 8 bat,0.0
mean,2025,52,36,ES1 8 bat,0.0
mean,2025,52,37,ES1 8 bat,0.0
mean,2025,52,38,ES1 8 bat,0.0
mean,2025,52,39,ES1 8 bat,0.0
mean,2025,52,40,ES1 8 bat,0.0
mean,2025,52,41,ES1 8 bat,0.0
mean,2025,52,42,ES1 8 bat,0.0
mean,2025,52,43,ES1 8 bat,0.0
mean,2025,52,44,ES1 8 bat,0.0
mean,2025,52,45,ES1 8 bat,0.0
mean,2025,52,46,ES1 8 bat,0.0
mean,2025,52,47,ES1 8 bat,0.0
mean,2025,52,48,ES1 8 bat,0.0
mean,2025,52,49,ES1 8 bat,0.0
mean,2025,52,50,ES1 8 bat,0.0
mean,2025,52,51,ES1 8 bat,0.0
mean,2025,52,52,ES1 8 bat,0.0
mean,2025,52,53,ES1 8 bat,0.0
mean,2025,52,54,ES1 8 bat,0.0
mean,2025,52,55,ES1 8 bat,0.0
mean,2025,52,56,ES1 8 bat,0.0
mean,2025,52,57,ES1 8 bat,0.0
mean,2025,52,58,ES1 8 bat,0.0
mean,2025,52,59,ES1 8 bat,0.0
mean,2025,52,60,ES1 8 bat,0.0
mean,2025,52,61,ES1 8 bat,0.0
mean,2025,52,62,ES1 8 bat,0.0
mean,2025,52,63,ES1 8 bat,0.0
mean,2025,52,64,ES1 8 bat,0.0
mean,2025,52,65,ES1 8 bat,0.0
mean,2025,52,66,ES1 8 bat,0.0
mean,2025,52,67,ES1 8 bat,0.0
mean,2025,52,68,ES1 8 bat,0.0
mean,2025,52,69,ES1 8 bat,0.0
mean,2025,52,70,ES1 8 bat,0.0
mean,2025,52,71,ES1 8 bat,0.0
mean,2025,52,72,ES1 8 bat,0.0
mean,2025,52,73,ES1 8 bat,0.0
mean,2025,52,74,ES1 8 bat,0.0
mean,2025,52,75,ES1 8 bat,0.0
mean,2025,52,76,ES1 8 bat,0.0
mean,2025,52,77,ES1 8 bat,0.0
mean,2025,52,78,ES1 8 bat,0.0
mean,2025,52,79,ES1 8 bat,0.0
mean,2025,52,80,ES1 8 bat,0.0
mean,2025,52,81,ES1 8 bat,0.0
mean,2025,52,82,ES1 8 bat,0.0
mean,2025,52,83,ES1 8 bat,0.0
mean,2025,52,84,ES1 8 bat,0.0
mean,2025,52,85,ES1 8 bat,0.0
mean,2025,52,86,ES1 8 bat,0.0
mean,2025,52,87,ES1 8 bat,0.0
mean,2025,52,88,ES1 8 bat,0.0
mean,2025,52,89,ES1 8 bat,0.0
mean,2025,52,90,ES1 8 bat,0.0
mean,2025,52,91,ES1 8 bat,0.0
mean,2025,52,92,ES1 8 bat,0.0
mean,2025,52,93,ES1 8 bat,0.0
mean,2025,52,94,ES1 8 bat,0.0
mean,2025,52,95,ES1 8 bat,0.0
mean,2025,52,96,ES1 8 bat,0.0
mean,2025,52,97,ES1 8 bat,0.0
mean,2025,52,98,ES1 8 bat,0.0
mean,2025,52,99,ES1 8 bat,0.0
mean,2025,52,100,ES1 8 bat,0.0
mean,2025,52,101,ES1 8 bat,0.0
mean,2025,52,102,ES1 8 bat,0.0
mean,2025,52,103,ES1 8 bat,0.0
mean,2025,52,104,ES1 8 bat,0.0
mean,2025,52,105,ES1 8 bat,0.0
mean,2025,52,106,ES1 8 bat,0.0
mean,2025,52,107,ES1 8 bat,0.0
mean,2025,52,108,ES1 8 bat,0.0
mean,2025,52,109,ES1 8 bat,0.0
mean,2025,52,110,ES1 8 bat,0.0
mean,2025,52,111,ES1 8 bat,0.0
mean,2025,52,112,ES1 8 bat,0.0
mean,2025,52,113,ES1 8 bat,0.0
mean,2025,52,114,ES1 8 bat,0.0
mean,2025,52,115,ES1 8 bat,0.0
mean,2025,52,116,ES1 8 bat,0.0
mean,2025,52,117,ES1 8 bat,0.0
mean,2025,52,118,ES1 8 bat,0.0
mean,2025,52,119,ES1 8 bat,0.0
mean,2025,52,120,ES1 8 bat,0.0
mean,2025,52,121,ES1 8 bat,0.0
mean,2025,52,122,ES1 8 bat,0.0
mean,2025,52,123,ES1 8 bat,0.0
mean,2025,52,124,ES1 8 bat,0.0
mean,2025,52,125,ES1 8 bat,0.0
mean,2025,52,126,ES1 8 bat,0.0
mean,2025,52,127,ES1 8 bat,0.0
mean,2025,52,128,ES1 8 bat,0.0
mean,2025,52,129,ES1 8 bat,0.0
mean,2025,52,130,ES1 8 bat,0.0
mean,2025,52,131,ES1 8 bat,0.0
mean,2025,52,132,ES1 8 bat,0.0
mean,2025,52,133,ES1 8 bat,0.0
mean,2025,52,134,ES1 8 bat,0.0
mean,2025,52,135,ES1 8 bat,0.0
mean,2025,52,136,ES1 8 bat,0.0
mean,2025,52,137,ES1 8 bat,0.0
mean,2025,52,138,ES1 8 bat,0.0
mean,2025,52,139,ES1 8 bat,0.0
mean,2025,52,140,ES1 8 bat,0.0
mean,2025,52,141,ES1 8 bat,0.0
mean,2025,52,142,ES1 8 bat,0.0
mean,2025,52,143,ES1 8 bat,0.0
mean,2025,52,144,ES1 8 bat,0.0
mean,2025,52,145,ES1 8 bat,0.0
mean,2025,52,146,ES1 8 bat,0.0
mean,2025,52,147,ES1 8 bat,0.0
mean,2025,52,148,ES1 8 bat,0.0
mean,2025,52,149,ES1 8 bat,0.0
mean,2025,52,150,ES1 8 bat,-0.0025416146202625074
mean,2025,52,151,ES1 8 bat,0.0
mean,2025,52,152,ES1 8 bat,0.0
mean,2025,52,153,ES1 8 bat,0.0
mean,2025,52,154,ES1 8 bat,0.0
mean,2025,52,155,ES1 8 bat,0.0
mean,2025,52,156,ES1 8 bat,0.0
mean,2025,52,157,ES1 8 bat,0.0
mean,2025,52,158,ES1 8 bat,0.0
mean,2025,52,159,ES1 8 bat,0.0
mean,2025,52,160,ES1 8 bat,0.0
mean,2025,52,161,ES1 8 bat,-0.0025573025544909883
mean,2025,52,162,ES1 8 bat,0.0
mean,2025,52,163,ES1 8 bat,0.0
mean,2025,52,164,ES1 8 bat,0.0
mean,2025,52,165,ES1 8 bat,0.0
mean,2025,52,166,ES1 8 bat,0.0
mean,2025,52,167,ES1 8 bat,0.0
mean,2030,11,0,ES1 8 bat,-0.014688910053492073
mean,2030,11,1,ES1 8 bat,0.0
mean,2030,11,2,ES1 8 bat,0.0
mean,2030,11,3,ES1 8 bat,0.0
mean,2030,11,4,ES1 8 bat,0.0
mean,2030,11,5,ES1 8 bat,0.0
mean,2030,11,6,ES1 8 bat,0.0
mean,2030,11,7,ES1 8 bat,0.0
mean,2030,11,8,ES1 8 bat,0.0
mean,2030,11,9,ES1 8 bat,0.0
mean,2030,11,10,ES1 8 bat,0.0
mean,2030,11,11,ES1 8 bat,0.0
mean,2030,11,12,ES1 8 bat,0.0
mean,2030,11,13,ES1 8 bat,0.0
mean,2030,11,14,ES1 8 bat,0.0
mean,2030,11,15,ES1 8 bat,0.0
mean,2030,11,16,ES1 8 bat,0.0
mean,2030,11,17,ES1 8 bat,0.0
mean,2030,11,18,ES1 8 bat,0.0
mean,2030,11,19,ES1 8 bat,0.0
mean,2030,11,20,ES1 8 bat,0.0
mean,2030,11,21,ES1 8 bat,0.0
mean,2030,11,22,ES1 8 bat,0.0
mean,2030,11,23,ES1 8 bat,0.0
mean,2030,11,24,ES1 8 bat,0.0
mean,2030,11,25,ES1 8 bat,0.0
mean,2030,11,26,ES1 8 bat,0.0
mean,2030,11,27,ES1 8 bat,0.0
mean,2030,11,28,ES1 8 bat,0.0
mean,2030,11,29,ES1 8 bat,0.0
mean,2030,11,30,ES1 8 bat,0.0
mean,2030,11,31,ES1 8 bat,0.0
mean,2030,11,32,ES1 8 bat,0.0
mean,2030,11,33,ES1 8 bat,0.0
mean,2030,11,34,ES1 8 bat,0.0
mean,2030,11,35,ES1 8 bat,0.0
mean,2030,11,36,ES1 8 bat,0.0
mean,2030,11,37,ES1 8 bat,0.0
mean,2030,11,38,ES1 8 bat,0.0
mean,2030,11,39,ES1 8 bat,0.0
mean,2030,11,40,ES1 8 bat,0.0
mean,2030,11,41,ES1 8 bat,0.0
mean,2030,11,42,ES1 8 bat,0.0
mean,2030,11,43,ES1 8 bat,0.0
mean,2030,11,44,ES1 8 bat,0.0
mean,2030,11,45,ES1 8 bat,0.0
mean,2030,11,46,ES1 8 bat,0.0
mean,2030,11,47,ES1 8 bat,0.0
mean,2030,11,48,ES1 8 bat,0.0
mean,2030,11,49,ES1 8 bat,0.0
mean,2030,11,50,ES1 8 bat,0.0
mean,2030,11,51,ES1 8 bat,0.0
mean,2030,11,52,ES1 8 bat,0.0
mean,2030,11,53,ES1 8 bat,0.0
mean,2030,11,54,ES1 8 bat,0.0
mean,2030,11,55,ES1 8 bat,0.0
mean,2030,11,56,ES1 8 bat,0.0
mean,2030,11,57,ES1 8 bat,0.0
mean,2030,11,58,ES1 8 bat,0.0
mean,2030,11,59,ES1 8 bat,0.0
mean,2030,11,60,ES1 8 bat,0.0
mean,2030,11,61,ES1 8 bat,0.0
mean,2030,11,62,ES1 8 bat,0.0
mean,2030,11,63,ES1 8 bat,0.0
mean,2030,11,64,ES1 8 bat,0.0
mean,2030,11,65,ES1 8 bat,0.0
mean,2030,11,66,ES1 8 bat,0.0
mean,2030,11,67,ES1 8 bat,0.0
mean,2030,11,68,ES1 8 bat,0.0
mean,2030,11,69,ES1 8 bat,0.0
mean,2030,11,70,ES1 8 bat,0.0
mean,2030,11,71,ES1 8 bat,0.0
mean,2030,11,72,ES1 8 bat,0.0
mean,2030,11,73,ES1 8 bat,0.0
mean,2030,11,74,ES1 8 bat,0.0
mean,2030,11,75,ES1 8 bat,0.0
mean,2030,11,76,ES1 8 bat,0.0
mean,2030,11,77,ES1 8 bat,0.0
mean,2030,11,78,ES1 8 bat,0.0
mean,2030,11,79,ES1 8 bat,0.0
mean,2030,11,80,ES1 8 bat,0.0
mean,2030,11,81,ES1 8 bat,0.0
mean,2030,11,82,ES1 8 bat,0.0
mean,2030,11,83,ES1 8 bat,0.0
mean,2030,11,84,ES1 8 bat,0.0
mean,2030,11,85,ES1 8 bat,0.0
mean,2030,11,86,ES1 8 bat,0.0
mean,2030,11,87,ES1 8 bat,0.0
mean,2030,11,88,ES1 8 bat,0.0
mean,2030,11,89,ES1 8 bat,0.0
mean,2030,11,90,ES1 8 bat,0.0
mean,2030,11,91,ES1 8 bat,0.0
mean,2030,11,92,ES1 8 bat,0.0
mean,2030,11,93,ES1 8 bat,0.0
mean,2030,11,94,ES1 8 bat,0.0
mean,2030,11,95,ES1 8 bat,0.0
mean,2030,11,96,ES1 8 bat,0.0
mean,2030,11,97,ES1 8 bat,0.0
mean,2030,11,98,ES1 8 bat,0.0
mean,2030,11,99,ES1 8 bat,0.0
mean,2030,11,100,ES1 8 bat,0.0
mean,2030,11,101,ES1 8 bat,0.0
mean,2030,11,102,ES1 8 bat,0.0
mean,2030,11,103,ES1 8 bat,0.0
mean,2030,11,104,ES1 8 bat,0.0
mean,2030,11,105,ES1 8 bat,0.0
mean,2030,11,106,ES1 8 bat,0.0
mean,2030,11,107,ES1 8 bat,0.0
mean,2030,11,108,ES1 8 bat,0.0
mean,2030,11,109,ES1 8 bat,0.0
mean,2030,11,110,ES1 8 bat,0.0
mean,2030,11,111,ES1 8 bat,0.0
mean,2030,11,112,ES1 8 bat,0.0
mean,2030,11,113,ES1 8 bat,0.0
mean,2030,11,114,ES1 8 bat,0.0
mean,2030,11,115,ES1 8 bat,0.0
mean,2030,11,116,ES1 8 bat,0.0
mean,2030,11,117,ES1 8 bat,0.0
mean,2030,11,118,ES1 8 bat,0.0
mean,2030,11,119,ES1 8 bat,0.0
mean,2030,11,120,ES1 8 bat,0.0
mean,2030,11,121,ES1 8 bat,0.0
mean,2030,11,122,ES1 8 bat,0.0
mean,2030,11,123,ES1 8 bat,0.0
mean,2030,11,124,ES1 8 bat,0.0
mean,2030,11,125,ES1 8 bat,0.0
mean,2030,11,126,ES1 8 bat,0.0
mean,2030,11,127,ES1 8 bat,0.0
mean,2030,11,128,ES1 8 bat,0.0
mean,2030,11,129,ES1 8 bat,0.0
mean,2030,11,130,ES1 8 bat,0.0
mean,2030,11,131,ES1 8 bat,0.0
mean,2030,11,132,ES1 8 bat,0.0
mean,2030,11,133,ES1 8 bat,0.0
mean,2030,11,134,ES1 8 bat,0.0
mean,2030,11,135,ES1 8 bat,0.0
mean,2030,11,136,ES1 8 bat,0.0
mean,2030,11,137,ES1 8 bat,0.0
mean,2030,11,138,ES1 8 bat,0.0
mean,2030,11,139,ES1 8 bat,0.0
mean,2030,11,140,ES1 8 bat,0.0
mean,2030,11,141,ES1 8 bat,0.0
mean,2030,11,142,ES1 8 bat,0.0
mean,2030,11,143,ES1 8 bat,0.0
mean,2030,11,144,ES1 8 bat,0.0
mean,2030,11,145,ES1 8 bat,0.0
mean,2030,11,146,ES1 8 bat,0.0
mean,2030,11,147,ES1 8 bat,0.0
mean,2030,11,148,ES1 8 bat,0.0
mean,2030,11,149,ES1 8 bat,0.0
mean,2030,11,150,ES1 8 bat,0.0
mean,2030,11,151,ES1 8 bat,0.0
mean,2030,11,152,ES1 8 bat,0.0
mean,2030,11,153,ES1 8 bat,0.0
mean,2030,11,154,ES1 8 bat,0.0
mean,2030,11,155,ES1 8 bat,0.0
mean,2030,11,156,ES1 8 bat,0.0
mean,2030,11,157,ES1 8 bat,0.0
mean,2030,11,158,ES1 8 bat,0.0
mean,2030,11,159,ES1 8 bat,0.0
mean,2030,11,160,ES1 8 bat,0.0
mean,2030,11,161,ES1 8 bat,0.0
mean,2030,11,162,ES1 8 bat,0.0
mean,2030,11,163,ES1 8 bat,0.0
mean,2030,11,164,ES1 8 bat,0.0
mean,2030,11,165,ES1 8 bat,0.0
mean,2030,11,166,ES1 8 bat,0.0
mean,2030,11,167,ES1 8 bat,0.0
mean,2030,21,0,ES1 8 bat,-62.30530564762617
mean,2030,21,1,ES1 8 bat,0.0
mean,2030,21,2,ES1 8 bat,0.0
mean,2030,21,3,ES1 8 bat,0.0
mean,2030,21,4,ES1 8 bat,0.0
mean,2030,21,5,ES1 8 bat,0.0
mean,2030,21,6,ES1 8 bat,0.0
mean,2030,21,7,ES1 8 bat,0.0
mean,2030,21,8,ES1 8 bat,0.0
mean,2030,21,9,ES1 8 bat,0.0
mean,2030,21,10,ES1 8 bat,0.0
mean,2030,21,11,ES1 8 bat,0.0
mean,2030,21,12,ES1 8 bat,0.0
mean,2030,21,13,ES1 8 bat,0.0
mean,2030,21,14,ES1 8 bat,0.0
mean,2030,21,15,ES1 8 bat,0.0
mean,2030,21,16,ES1 8 bat,0.0
mean,2030,21,17,ES1 8 bat,0.0
mean,2030,21,18,ES1 8 bat,0.0
mean,2030,21,19,ES1 8 bat,0.0
mean,2030,21,20,ES1 8 bat,0.0
mean,2030,21,21,ES1 8 bat,0.0
mean,2030,21,22,ES1 8 bat,0.0
mean,2030,21,23,ES1 8 bat,0.0
mean,2030,21,24,ES1 8 bat,0.0
mean,2030,21,25,ES1 8 bat,0.0
mean,2030,21,26,ES1 8 bat,0.0
mean,2030,21,27,ES1 8 bat,0.0
mean,2030,21,28,ES1 8 bat,0.0
mean,2030,21,29,ES1 8 bat,0.0
mean,2030,21,30,ES1 8 bat,0.0
mean,2030,21,31,ES1 8 bat,0.0
mean,2030,21,32,ES1 8 bat,0.0
mean,2030,21,33,ES1 8 bat,0.0
mean,2030,21,34,ES1 8 bat,0.0
mean,2030,21,35,ES1 8 bat,0.0
mean,2030,21,36,ES1 8 bat,0.0
mean,2030,21,37,ES1 8 bat,0.0
mean,2030,21,38,ES1 8 bat,0.0
mean,2030,21,39,ES1 8 bat,0.0
mean,2030,21,40,ES1 8 bat,0.0
mean,2030,21,41,ES1 8 bat,0.0
mean,2030,21,42,ES1 8 bat,0.0
mean,2030,21,43,ES1 8 bat,0.0
mean,2030,21,44,ES1 8 bat,0.0
mean,2030,21,45,ES1 8 bat,0.0
mean,2030,21,46,ES1 8 bat,0.0
mean,2030,21,47,ES1 8 bat,0.0
mean,2030,21,48,ES1 8 bat,0.0
mean,2030,21,49,ES1 8 bat,0.0
mean,2030,21,50,ES1 8 bat,0.0
mean,2030,21,51,ES1 8 bat,0.0
mean,2030,21,52,ES1 8 bat,0.0
mean,2030,21,53,ES1 8 bat,0.0
mean,2030,21,54,ES1 8 bat,0.0
mean,2030,21,55,ES1 8 bat,0.0
mean,2030,21,56,ES1 8 bat,0.0
mean,2030,21,57,ES1 8 bat,0.0
mean,2030,21,58,ES1 8 bat,0.0
mean,2030,21,59,ES1 8 bat,0.0
mean,2030,21,60,ES1 8 bat,0.0
mean,2030,21,61,ES1 8 bat,0.0
mean,2030,21,62,ES1 8 bat,0.0
mean,2030,21,63,ES1 8 bat,0.0
mean,2030,21,64,ES1 8 bat,0.0
mean,2030,21,65,ES1 8 bat,0.0
mean,2030,21,66,ES1 8 bat,0.0
mean,2030,21,67,ES1 8 bat,0.0
mean,2030,21,68,ES1 8 bat,0.0
mean,2030,21,69,ES1 8 bat,0.0
mean,2030,21,70,ES1 8 bat,0.0
mean,2030,21,71,ES1 8 bat,0.0
mean,2030,21,72,ES1 8 bat,0.0
mean,2030,21,73,ES1 8 bat,0.0
mean,2030,21,74,ES1 8 bat,0.0
mean,2030,21,75,ES1 8 bat,0.0
mean,2030,21,76,ES1 8 bat,0.0
mean,2030,21,77,ES1 8 bat,0.0
mean,2030,21,78,ES1 8 bat,-26.635550561874243
mean,2030,21,79,ES1 8 bat,0.0
mean,2030,21,80,ES1 8 bat,0.0
mean,2030,21,81,ES1 8 bat,0.0
mean,2030,21,82,ES1 8 bat,0.0
mean,2030,21,83,ES1 8 bat,0.0
mean,2030,21,84,ES1 8 bat,0.0
mean,2030,21,85,ES1 8 bat,0.0
mean,2030,21,86,ES1 8 bat,0.0
mean,2030,21,87,ES1 8 bat,0.0
mean,2030,21,88,ES1 8 bat,-6.123313786438425e-07
mean,2030,21,89,ES1 8 bat,0.0
mean,2030,21,90,ES1 8 bat,0.0
mean,2030,21,91,ES1 8 bat,0.0
mean,2030,21,92,ES1 8 bat,0.0
mean,2030,21,93,ES1 8 bat,0.0
mean,2030,21,94,ES1 8 bat,0.0
mean,2030,21,95,ES1 8 bat,0.0
mean,2030,21,96,ES1 8 bat,0.0
mean,2030,21,97,ES1 8 bat,0.0
mean,2030,21,98,ES1 8 bat,0.0
mean,2030,21,99,ES1 8 bat,0.0
mean,2030,21,100,ES1 8 bat,0.0
mean,2030,21,101,ES1 8 bat,0.0
mean,2030,21,102,ES1 8 bat,0.0
mean,2030,21,103,ES1 8 bat,0.0
mean,2030,21,104,ES1 8 bat,0.0
mean,2030,21,105,ES1 8 bat,0.0
mean,2030,21,106,ES1 8 bat,0.0
mean,2030,21,107,ES1 8 bat,0.0
mean,2030,21,108,ES1 8 bat,0.0
mean,2030,21,109,ES1 8 bat,0.0
mean,2030,21,110,ES1 8 bat,0.0
mean,2030,21,111,ES1 8 bat,0.0
mean,2030,21,112,ES1 8 bat,0.0
mean,2030,21,113,ES1 8 bat,0.0
mean,2030,21,114,ES1 8 bat,0.0
mean,2030,21,115,ES1 8 bat,0.0
mean,2030,21,116,ES1 8 bat,0.0
mean,2030,21,117,ES1 8 bat,0.0
mean,2030,21,118,ES1 8 bat,0.0
mean,2030,21,119,ES1 8 bat,0.0
mean,2030,21,120,ES1 8 bat,0.0
mean,2030,21,121,ES1 8 bat,0.0
mean,2030,21,122,ES1 8 bat,0.0
mean,2030,21,123,ES1 8 bat,0.0
mean,2030,21,124,ES1 8 bat,0.0
mean,2030,21,125,ES1 8 bat,0.0
mean,2030,21,126,ES1 8 bat,0.0
mean,2030,21,127,ES1 8 bat,0.0
mean,2030,21,128,ES1 8 bat,0.0
mean,2030,21,129,ES1 8 bat,0.0
mean,2030,21,130,ES1 8 bat,0.0
mean,2030,21,131,ES1 8 bat,0.0
mean,2030,21,132,ES1 8 bat,0.0
mean,2030,21,133,ES1 8 bat,0.0
mean,2030,21,134,ES1 8 bat,0.0
mean,2030,21,135,ES1 8 bat,0.0
mean,2030,21,136,ES1 8 bat,0.0
mean,2030,21,137,ES1 8 bat,0.0
mean,2030,21,138,ES1 8 bat,0.0
mean,2030,21,139,ES1 8 bat,0.0
mean,2030,21,140,ES1 8 bat,0.0
mean,2030,21,141,ES1 8 bat,0.0
mean,2030,21,142,ES1 8 bat,0.0
mean,2030,21,143,ES1 8 bat,0.0
mean,2030,21,144,ES1 8 bat,0.0
mean,2030,21,145,ES1 8 bat,0.0
mean,2030,21,146,ES1 8 bat,0.0
mean,2030,21,147,ES1 8 bat,0.0
mean,2030,21,148,ES1 8 bat,0.0
mean,2030,21,149,ES1 8 bat,0.0
mean,2030,21,150,ES1 8 bat,0.0
mean,2030,21,151,ES1 8 bat,0.0
mean,2030,21,152,ES1 8 bat,0.0
mean,2030,21,153,ES1 8 bat,0.0
mean,2030,21,154,ES1 8 bat,0.0
mean,2030,21,155,ES1 8 bat,0.0
mean,2030,21,156,ES1 8 bat,0.0
mean,2030,21,157,ES1 8 bat,0.0
mean,2030,21,158,ES1 8 bat,0.0
mean,2030,21,159,ES1 8 bat,-0.003816484085343255
mean,2030,21,160,ES1 8 bat,-0.003928124986506372
mean,2030,21,161,ES1 8 bat,-0.004107030058380408
mean,2030,21,162,ES1 8 bat,0.0
mean,2030,21,163,ES1 8 bat,0.0
mean,2030,21,164,ES1 8 bat,0.0
mean,2030,21,165,ES1 8 bat,0.0
mean,2030,21,166,ES1 8 bat,0.0
mean,2030,21,167,ES1 8 bat,0.0
mean,2030,42,0,ES1 8 bat,-63.42982794511348
mean,2030,42,1,ES1 8 bat,0.0
mean,2030,42,2,ES1 8 bat,0.0
mean,2030,42,3,ES1 8 bat,0.0
mean,2030,42,4,ES1 8 bat,0.0
mean,2030,42,5,ES1 8 bat,0.0
mean,2030,42,6,ES1 8 bat,0.0
mean,2030,42,7,ES1 8 bat,0.0
mean,2030,42,8,ES1 8 bat,0.0
mean,2030,42,9,ES1 8 bat,0.0
mean,2030,42,10,ES1 8 bat,0.0
mean,2030,42,11,ES1 8 bat,0.0
mean,2030,42,12,ES1 8 bat,0.0
mean,2030,42,13,ES1 8 bat,0.0
mean,2030,42,14,ES1 8 bat,0.0
mean,2030,42,15,ES1 8 bat,0.0
mean,2030,42,16,ES1 8 bat,0.0
mean,2030,42,17,ES1 8 bat,0.0
mean,2030,42,18,ES1 8 bat,0.0
mean,2030,42,19,ES1 8 bat,0.0
mean,2030,42,20,ES1 8 bat,0.0
mean,2030,42,21,ES1 8 bat,0.0
mean,2030,42,22,ES1 8 bat,0.0
mean,2030,42,23,ES1 8 bat,0.0
mean,2030,42,24,ES1 8 bat,0.0
mean,2030,42,25,ES1 8 bat,0.0
mean,2030,42,26,ES1 8 bat,0.0
mean,2030,42,27,ES1 8 bat,0.0
mean,2030,42,28,ES1 8 bat,0.0
mean,2030,42,29,ES1 8 bat,0.0
mean,2030,42,30,ES1 8 bat,0.0
mean,2030,42,31,ES1 8 bat,0.0
mean,2030,42,32,ES1 8 bat,0.0
mean,2030,42,33,ES1 8 bat,0.0
mean,2030,42,34,ES1 8 bat,0.0
mean,2030,42,35,ES1 8 bat,0.0
mean,2030,42,36,ES1 8 bat,0.0
mean,2030,42,37,ES1 8 bat,0.0
mean,2030,42,38,ES1 8 bat,0.0
mean,2030,42,39,ES1 8 bat,0.0
mean,2030,42,40,ES1 8 bat,0.0
mean,2030,42,41,ES1 8 bat,0.0
mean,2030,42,42,ES1 8 bat,0.0
mean,2030,42,43,ES1 8 bat,0.0
mean,2030,42,44,ES1 8 bat,0.0
mean,2030,42,45,ES1 8 bat,0.0
mean,2030,42,46,ES1 8 bat,0.0
mean,2030,42,47,ES1 8 bat,0.0
mean,2030,42,48,ES1 8 bat,0.0
mean,2030,42,49,ES1 8 bat,0.0
mean,2030,42,50,ES1 8 bat,0.0
mean,2030,42,51,ES1 8 bat,0.0
mean,2030,42,52,ES1 8 bat,0.0
mean,2030,42,53,ES1 8 bat,0.0
mean,2030,42,54,ES1 8 bat,0.0
mean,2030,42,55,ES1 8 bat,0.0
mean,2030,42,56,ES1 8 bat,0.0
mean,2030,42,57,ES1 8 bat,0.0
mean,2030,42,58,ES1 8 bat,0.0
mean,2030,42,59,ES1 8 bat,0.0
mean,2030,42,60,ES1 8 bat,0.0
mean,2030,42,61,ES1 8 bat,0.0
mean,2030,42,62,ES1 8 bat,0.0
mean,2030,42,63,ES1 8 bat,0.0
mean,2030,42,64,ES1 8 bat,0.0
mean,2030,42,65,ES1 8 bat,0.0
mean,2030,42,66,ES1 8 bat,0.0
mean,2030,42,67,ES1 8 bat,0.0
mean,2030,42,68,ES1 8 bat,0.0
mean,2030,42,69,ES1 8 bat,0.0
mean,2030,42,70,ES1 8 bat,0.0
mean,2030,42,71,ES1 8 bat,0.0
mean,2030,42,72,ES1 8 bat,0.0
mean,2030,42,73,ES1 8 bat,0.0
mean,2030,42,74,ES1 8 bat,0.0
mean,2030,42,75,ES1 8 bat,0.0
mean,2030,42,76,ES1 8 bat,0.0
mean,2030,42,77,ES1 8 bat,0.0
mean,2030,42,78,ES1 8 bat,0.0
mean,2030,42,79,ES1 8 bat,0.0
mean,2030,42,80,ES1 8 bat,0.0
mean,2030,42,81,ES1 8 bat,0.0
mean,2030,42,82,ES1 8 bat,0.0
mean,2030,42,83,ES1 8 bat,0.0
mean,2030,42,84,ES1 8 bat,0.0
mean,2030,42,85,ES1 8 bat,0.0
mean,2030,42,86,ES1 8 bat,0.0
mean,2030,42,87,ES1 8 bat,0.0
mean,2030,42,88,ES1 8 bat,0.0
mean,2030,42,89,ES1 8 bat,0.0
mean,2030,42,90,ES1 8 bat,0.0
mean,2030,42,91,ES1 8 bat,0.0
mean,2030,42,92,ES1 8 bat,0.0
mean,2030,42,93,ES1 8 bat,0.0
mean,2030,42,94,ES1 8 bat,0.0
mean,2030,42,95,ES1 8 bat,0.0
mean,2030,42,96,ES1 8 bat,0.0
mean,2030,42,97,ES1 8 bat,0.0
mean,2030,42,98,ES1 8 bat,0.0
mean,2030,42,99,ES1 8 bat,0.0
mean,2030,42,100,ES1 8 bat,0.0
mean,2030,42,101,ES1 8 bat,0.0
mean,2030,42,102,ES1 8 bat,0.0
mean,2030,42,103,ES1 8 bat,0.0
mean,2030,42,104,ES1 8 bat,0.0
mean,2030,42,105,ES1 8 bat,0.0
mean,2030,42,106,ES1 8 bat,0.0
mean,2030,42,107,ES1 8 bat,0.0
mean,2030,42,108,ES1 8 bat,0.0
mean,2030,42,109,ES1 8 bat,0.0
mean,2030,42,110,ES1 8 bat,0.0
mean,2030,42,111,ES1 8 bat,0.0
mean,2030,42,112,ES1 8 bat,0.0
mean,2030,42,113,ES1 8 bat,0.0
mean,2030,42,114,ES1 8 bat,0.0
mean,2030,42,115,ES1 8 bat,0.0
mean,2030,42,116,ES1 8 bat,0.0
mean,2030,42,117,ES1 8 bat,0.0
mean,2030,42,118,ES1 8 bat,0.0
mean,2030,42,119,ES1 8 bat,0.0
mean,2030,42,120,ES1 8 bat,0.0
mean,2030,42,121,ES1 8 bat,0.0
mean,2030,42,122,ES1 8 bat,0.0
mean,2030,42,123,ES1 8 bat,0.0
mean,2030,42,124,ES1 8 bat,0.0
mean,2030,42,125,ES1 8 bat,0.0
mean,2030,42,126,ES1 8 bat,0.0
mean,2030,42,127,ES1 8 bat,0.0
mean,2030,42,128,ES1 8 bat,0.0
mean,2030,42,129,ES1 8 bat,0.0
mean,2030,42,130,ES1 8 bat,0.0
mean,2030,42,131,ES1 8 bat,0.0
mean,2030,42,132,ES1 8 bat,0.0
mean,2030,42,133,ES1 8 bat,0.0
mean,2030,42,134,ES1 8 bat,0.0
mean,2030,42,135,ES1 8 bat,0.0
mean,2030,42,136,ES1 8 bat,0.0
mean,2030,42,137,ES1 8 bat,0.0
mean,2030,42,138,ES1 8 bat,0.0
mean,2030,42,139,ES1 8 bat,0.0
mean,2030,42,140,ES1 8 bat,0.0
mean,2030,42,141,ES1 8 bat,0.0
mean,2030,42,142,ES1 8 bat,0.0
mean,2030,42,143,ES1 8 bat,0.0
mean,2030,42,144,ES1 8 bat,0.0
mean,2030,42,145,ES1 8 bat,0.0
mean,2030,42,146,ES1 8 bat,0.0
mean,2030,42,147,ES1 8 bat,0.0
mean,2030,42,148,ES1 8 bat,0.0
mean,2030,42,149,ES1 8 bat,0.0
mean,2030,42,150,ES1 8 bat,0.0
mean,2030,42,151,ES1 8 bat,0.0
mean,2030,42,152,ES1 8 bat,0.0
mean,2030,42,153,ES1 8 bat,0.0
mean,2030,42,154,ES1 8 bat,0.0
mean,2030,42,155,ES1 8 bat,0.0
mean,2030,42,156,ES1 8 bat,0.0
mean,2030,42,157,ES1 8 bat,0.0
mean,2030,42,158,ES1 8 bat,0.0
mean,2030,42,159,ES1 8 bat,0.0
mean,2030,42,160,ES1 8 bat,0.0
mean,2030,42,161,ES1 8 bat,0.0
mean,2030,42,162,ES1 8 bat,0.0
mean,2030,42,163,ES1 8 bat,0.0
mean,2030,42,164,ES1 8 bat,0.0
mean,2030,42,165,ES1 8 bat,0.0
mean,2030,42,166,ES1 8 bat,0.0
mean,2030,42,167,ES1 8 bat,0.0
mean,2030,52,0,ES1 8 bat,-61.16114377221555
mean,2030,52,1,ES1 8 bat,0.0
mean,2030,52,2,ES1 8 bat,0.0
mean,2030,52,3,ES1 8 bat,0.0
mean,2030,52,4,ES1 8 bat,0.0
mean,2030,52,5,ES1 8 bat,0.0
mean,2030,52,6,ES1 8 bat,0.0
mean,2030,52,7,ES1 8 bat,0.0
mean,2030,52,8,ES1 8 bat,0.0
mean,2030,52,9,ES1 8 bat,0.0
mean,2030,52,10,ES1 8 bat,0.0
mean,2030,52,11,ES1 8 bat,0.0
mean,2030,52,12,ES1 8 bat,0.0
mean,2030,52,13,ES1 8 bat,0.0
mean,2030,52,14,ES1 8 bat,0.0
mean,2030,52,15,ES1 8 bat,0.0
mean,2030,52,16,ES1 8 bat,0.0
mean,2030,52,17,ES1 8 bat,0.0
mean,2030,52,18,ES1 8 bat,0.0
mean,2030,52,19,ES1 8 bat,0.0
mean,2030,52,20,ES1 8 bat,0.0
mean,2030,52,21,ES1 8 bat,0.0
mean,2030,52,22,ES1 8 bat,0.0
mean,2030,52,23,ES1 8 bat,0.0
mean,2030,52,24,ES1 8 bat,0.0
mean,2030,52,25,ES1 8 bat,0.0
mean,2030,52,26,ES1 8 bat,0.0
mean,2030,52,27,ES1 8 bat,0.0
mean,2030,52,28,ES1 8 bat,0.0
mean,2030,52,29,ES1 8 bat,0.0
mean,2030,52,30,ES1 8 bat,0.0
mean,2030,52,31,ES1 8 bat,0.0
mean,2030,52,32,ES1 8 bat,0.0
mean,2030,52,33,ES1 8 bat,0.0
mean,2030,52,34,ES1 8 bat,0.0
mean,2030,52,35,ES1 8 bat,0.0
mean,2030,52,36,ES1 8 bat,0.0
mean,2030,52,37,ES1 8 bat,0.0
mean,2030,52,38,ES1 8 bat,0.0
mean,2030,52,39,ES1 8 bat,0.0
mean,2030,52,40,ES1 8 bat,0.0
mean,2030,52,41,ES1 8 bat,0.0
mean,2030,52,42,ES1 8 bat,0.0
mean,2030,52,43,ES1 8 bat,0.0
mean,2030,52,44,ES1 8 bat,0.0
mean,2030,52,45,ES1 8 bat,0.0
mean,2030,52,46,ES1 8 bat,0.0
mean,2030,52,47,ES1 8 bat,0.0
mean,2030,52,48,ES1 8 bat,0.0
mean,2030,52,49,ES1 8 bat,0.0
mean,2030,52,50,ES1 8 bat,0.0
mean,2030,52,51,ES1 8 bat,0.0
mean,2030,52,52,ES1 8 bat,0.0
mean,2030,52,53,ES1 8 bat,0.0
mean,2030,52,54,ES1 8 bat,0.0
mean,2030,52,55,ES1 8 bat,0.0
mean,2030,52,56,ES1 8 bat,0.0
mean,2030,52,57,ES1 8 bat,0.0
mean,2030,52,58,ES1 8 bat,0.0
mean,2030,52,59,ES1 8 bat,0.0
mean,2030,52,60,ES1 8 bat,0.0
mean,2030,52,61,ES1 8 bat,0.0
mean,2030,52,62,ES1 8 bat,0.0
mean,2030,52,63,ES1 8 bat,0.0
mean,2030,52,64,ES1 8 bat,0.0
mean,2030,52,65,ES1 8 bat,0.0
mean,2030,52,66,ES1 8 bat,0.0
mean,2030,52,67,ES1 8 bat,0.0
mean,2030,52,68,ES1 8 bat,0.0
mean,2030,52,69,ES1 8 bat,0.0
mean,2030,52,70,ES1 8 bat,0.0
mean,2030,52,71,ES1 8 bat,0.0
mean,2030,52,72,ES1 8 bat,0.0
mean,2030,52,73,ES1 8 bat,0.0
mean,2030,52,74,ES1 8 bat,0.0
mean,2030,52,75,ES1 8 bat,0.0
mean,2030,52,76,ES1 8 bat,0.0
mean,2030,52,77,ES1 8 bat,0.0
mean,2030,52,78,ES1 8 bat,0.0
mean,2030,52,79,ES1 8 bat,0.0
mean,2030,52,80,ES1 8 bat,0.0
mean,2030,52,81,ES1 8 bat,0.0
mean,2030,52,82,ES1 8 bat,0.0
mean,2030,52,83,ES1 8 bat,0.0
mean,2030,52,84,ES1 8 bat,0.0
mean,2030,52,85,ES1 8 bat,0.0
mean,2030,52,86,ES1 8 bat,0.0
mean,2030,52,87,ES1 8 bat,0.0
mean,2030,52,88,ES1 8 bat,0.0
mean,2030,52,89,ES1 8 bat,0.0
mean,2030,52,90,ES1 8 bat,0.0
mean,2030,52,91,ES1 8 bat,0.0
mean,2030,52,92,ES1 8 bat,0.0
mean,2030,52,93,ES1 8 bat,0.0
mean,2030,52,94,ES1 8 bat,0.0
mean,2030,52,95,ES1 8 bat,0.0
mean,2030,52,96,ES1 8 bat,0.0
mean,2030,52,97,ES1 8 bat,0.0
mean,2030,52,98,ES1 8 bat,0.0
mean,2030,52,99,ES1 8 bat,0.0
mean,2030,52,100,ES1 8 bat,0.0
mean,2030,52,101,ES1 8 bat,0.0
mean,2030,52,102,ES1 8 bat,0.0
mean,2030,52,103,ES1 8 bat,0.0
mean,2030,52,104,ES1 8 bat,0.0
mean,2030,52,105,ES1 8 bat,0.0
mean,2030,52,106,ES1 8 bat,0.0
mean,2030,52,107,ES1 8 bat,0.0
mean,2030,52,108,ES1 8 bat,0.0
mean,2030,52,109,ES1 8 bat,0.0
mean,2030,52,110,ES1 8 bat,0.0
mean,2030,52,111,ES1 8 bat,0.0
mean,2030,52,112,ES1 8 bat,0.0
mean,2030,52,113,ES1 8 bat,0.0
mean,2030,52,114,ES1 8 bat,0.0
mean,2030,52,115,ES1 8 bat,0.0
mean,2030,52,116,ES1 8 bat,0.0
mean,2030,52,117,ES1 8 bat,0.0
mean,2030,52,118,ES1 8 bat,0.0
mean,2030,52,119,ES1 8 bat,0.0
mean,2030,52,120,ES1 8 bat,0.0
mean,2030,52,121,ES1 8 bat,0.0
mean,2030,52,122,ES1 8 bat,0.0
mean,2030,52,123,ES1 8 bat,0.0
mean,2030,52,124,ES1 8 bat,0.0
mean,2030,52,125,ES1 8 bat,0.0
mean,2030,52,126,ES1 8 bat,0.0
mean,2030,52,127,ES1 8 bat,0.0
mean,2030,52,128,ES1 8 bat,0.0
mean,2030,52,129,ES1 8 bat,0.0
mean,2030,52,130,ES1 8 bat,0.0
mean,2030,52,131,ES1 8 bat,0.0
mean,2030,52,132,ES1 8 bat,0.0
mean,2030,52,133,ES1 8 bat,0.0
mean,2030,52,134,ES1 8 bat,0.0
mean,2030,52,135,ES1 8 bat,0.0
mean,2030,52,136,ES1 8 bat,0.0
mean,2030,52,137,ES1 8 bat,0.0
mean,2030,52,138,ES1 8 bat,0.0
mean,2030,52,139,ES1 8 bat,0.0
mean,2030,52,140,ES1 8 bat,0.0
mean,2030,52,141,ES1 8 bat,0.0
mean,2030,52,142,ES1 8 bat,0.0
mean,2030,52,143,ES1 8 bat,0.0
mean,2030,52,144,ES1 8 bat,0.0
mean,2030,52,145,ES1 8 bat,0.0
mean,2030,52,146,ES1 8 bat,0.0
mean,2030,52,147,ES1 8 bat,0.0
mean,2030,52,148,ES1 8 bat,0.0
mean,2030,52,149,ES1 8 bat,0.0
mean,2030,52,150,ES1 8 bat,0.0
mean,2030,52,151,ES1 8 bat,0.0
mean,2030,52,152,ES1 8 bat,0.0
mean,2030,52,153,ES1 8 bat,0.0
mean,2030,52,154,ES1 8 bat,0.0
mean,2030,52,155,ES1 8 bat,0.0
mean,2030,52,156,ES1 8 bat,0.0
mean,2030,52,157,ES1 8 bat,0.0
mean,2030,52,158,ES1 8 bat,0.0
mean,2030,52,159,ES1 8 bat,-0.003928840877495179
mean,2030,52,160,ES1 8 bat,-0.004107745979213648
mean,2030,52,161,ES1 8 bat,0.0
mean,2030,52,162,ES1 8 bat,0.0
mean,2030,52,163,ES1 8 bat,0.0
mean,2030,52,164,ES1 8 bat,0.0
mean,2030,52,165,ES1 8 bat,0.0
mean,2030,52,166,ES1 8 bat,0.0
mean,2030,52,167,ES1 8 bat,0.0
mean,2040,11,0,ES1 8 bat,-0.014688910053492073
mean,2040,11,1,ES1 8 bat,0.0
mean,2040,11,2,ES1 8 bat,0.0
mean,2040,11,3,ES1 8 bat,0.0
mean,2040,11,4,ES1 8 bat,0.0
mean,2040,11,5,ES1 8 bat,0.0
mean,2040,11,6,ES1 8 bat,0.0
mean,2040,11,7,ES1 8 bat,0.0
mean,2040,11,8,ES1 8 bat,0.0
mean,2040,11,9,ES1 8 bat,0.0
mean,2040,11,10,ES1 8 bat,0.0
mean,2040,11,11,ES1 8 bat,0.0
mean,2040,11,12,ES1 8 bat,0.0
mean,2040,11,13,ES1 8 bat,0.0
mean,2040,11,14,ES1 8 bat,0.0
mean,2040,11,15,ES1 8 bat,0.0
mean,2040,11,16,ES1 8 bat,0.0
mean,2040,11,17,ES1 8 bat,0.0
mean,2040,11,18,ES1 8 bat,0.0
mean,2040,11,19,ES1 8 bat,0.0
mean,2040,11,20,ES1 8 bat,0.0
mean,2040,11,21,ES1 8 bat,0.0
mean,2040,11,22,ES1 8 bat,0.0
mean,2040,11,23,ES1 8 bat,0.0
mean,2040,11,24,ES1 8 bat,0.0
mean,2040,11,25,ES1 8 bat,0.0
mean,2040,11,26,ES1 8 bat,0.0
mean,2040,11,27,ES1 8 bat,0.0
mean,2040,11,28,ES1 8 bat,0.0
mean,2040,11,29,ES1 8 bat,0.0
mean,2040,11,30,ES1 8 bat,-6.339916186158979e-05
mean,2040,11,31,ES1 8 bat,-60.95376756837883
mean,2040,11,32,ES1 8 bat,0.0
mean,2040,11,33,ES1 8 bat,0.0
mean,2040,11,34,ES1 8 bat,0.0
mean,2040,11,35,ES1 8 bat,0.0
mean,2040,11,36,ES1 8 bat,0.0
mean,2040,11,37,ES1 8 bat,0.0
mean,2040,11,38,ES1 8 bat,0.0
mean,2040,11,39,ES1 8 bat,0.0
mean,2040,11,40,ES1 8 bat,0.0
mean,2040,11,41,ES1 8 bat,0.0
mean,2040,11,42,ES1 8 bat,0.0
mean,2040,11,43,ES1 8 bat,0.0
mean,2040,11,44,ES1 8 bat,0.0
mean,2040,11,45,ES1 8 bat,0.0
mean,2040,11,46,ES1 8 bat,0.0
mean,2040,11,47,ES1 8 bat,0.0
mean,2040,11,48,ES1 8 bat,0.0
mean,2040,11,49,ES1 8 bat,0.0
mean,2040,11,50,ES1 8 bat,0.0
mean,2040,11,51,ES1 8 bat,0.0
mean,2040,11,52,ES1 8 bat,0.0
mean,2040,11,53,ES1 8 bat,0.0
mean,2040,11,54,ES1 8 bat,0.0
mean,2040,11,55,ES1 8 bat,0.0
mean,2040,11,56,ES1 8 bat,0.0
mean,2040,11,57,ES1 8 bat,0.0
mean,2040,11,58,ES1 8 bat,0.0
mean,2040,11,59,ES1 8 bat,0.0
mean,2040,11,60,ES1 8 bat,0.0
mean,2040,11,61,ES1 8 bat,0.0
mean,2040,11,62,ES1 8 bat,0.0
mean,2040,11,63,ES1 8 bat,0.0
mean,2040,11,64,ES1 8 bat,0.0
mean,2040,11,65,ES1 8 bat,0.0
mean,2040,11,66,ES1 8 bat,0.0
mean,2040,11,67,ES1 8 bat,0.0
mean,2040,11,68,ES1 8 bat,0.0
mean,2040,11,69,ES1 8 bat,0.0
mean,2040,11,70,ES1 8 bat,0.0
mean,2040,11,71,ES1 8 bat,0.0
mean,2040,11,72,ES1 8 bat,0.0
mean,2040,11,73,ES1 8 bat,0.0
mean,2040,11,74,ES1 8 bat,0.0
mean,2040,11,75,ES1 8 bat,0.0
mean,2040,11,76,ES1 8 bat,0.0
mean,2040,11,77,ES1 8 bat,0.0
mean,2040,11,78,ES1 8 bat,0.0
mean,2040,11,79,ES1 8 bat,0.0
mean,2040,11,80,ES1 8 bat,0.0
mean,2040,11,81,ES1 8 bat,0.0
mean,2040,11,82,ES1 8 bat,0.0
mean,2040,11,83,ES1 8 bat,0.0
mean,2040,11,84,ES1 8 bat,0.0
mean,2040,11,85,ES1 8 bat,0.0
mean,2040,11,86,ES1 8 bat,0.0
mean,2040,11,87,ES1 8 bat,0.0
mean,2040,11,88,ES1 8 bat,0.0
mean,2040,11,89,ES1 8 bat,0.0
mean,2040,11,90,ES1 8 bat,0.0
mean,2040,11,91,ES1 8 bat,0.0
mean,2040,11,92,ES1 8 bat,0.0
mean,2040,11,93,ES1 8 bat,0.0
mean,2040,11,94,ES1 8 bat,0.0
mean,2040,11,95,ES1 8 bat,0.0
mean,2040,11,96,ES1 8 bat,0.0
mean,2040,11,97,ES1 8 bat,0.0
mean,2040,11,98,ES1 8 bat,0.0
mean,2040,11,99,ES1 8 bat,0.0
mean,2040,11,100,ES1 8 bat,0.0
mean,2040,11,101,ES1 8 bat,0.0
mean,2040,11,102,ES1 8 bat,0.0
mean,2040,11,103,ES1 8 bat,-0.0
mean,2040,11,104,ES1 8 bat,0.0
mean,2040,11,105,ES1 8 bat,0.0
mean,2040,11,106,ES1 8 bat,0.0
mean,2040,11,107,ES1 8 bat,0.0
mean,2040,11,108,ES1 8 bat,0.0
mean,2040,11,109,ES1 8 bat,0.0
mean,2040,11,110,ES1 8 bat,0.0
mean,2040,11,111,ES1 8 bat,-0.003952330647533101
mean,2040,11,112,ES1 8 bat,0.0
mean,2040,11,113,ES1 8 bat,0.0
mean,2040,11,114,ES1 8 bat,-8.721182071795201e-15
mean,2040,11,115,ES1 8 bat,0.0
mean,2040,11,116,ES1 8 bat,0.0
mean,2040,11,117,ES1 8 bat,0.0
mean,2040,11,118,ES1 8 bat,0.0
mean,2040,11,119,ES1 8 bat,0.0
mean,2040,11,120,ES1 8 bat,0.0
mean,2040,11,121,ES1 8 bat,0.0
mean,2040,11,122,ES1 8 bat,0.0
mean,2040,11,123,ES1 8 bat,0.0
mean,2040,11,124,ES1 8 bat,0.0
mean,2040,11,125,ES1 8 bat,0.0
mean,2040,11,126,ES1 8 bat,0.0
mean,2040,11,127,ES1 8 bat,0.0
mean,2040,11,128,ES1 8 bat,0.0
mean,2040,11,129,ES1 8 bat,0.0
mean,2040,11,130,ES1 8 bat,0.0
mean,2040,11,131,ES1 8 bat,0.0
mean,2040,11,132,ES1 8 bat,0.0
mean,2040,11,133,ES1 8 bat,0.0
mean,2040,11,134,ES1 8 bat,0.0
mean,2040,11,135,ES1 8 bat,0.0
mean,2040,11,136,ES1 8 bat,0.0
mean,2040,11,137,ES1 8 bat,0.0
mean,2040,11,138,ES1 8 bat,0.0
mean,2040,11,139,ES1 8 bat,-0.0
mean,2040,11,140,ES1 8 bat,0.0
mean,2040,11,141,ES1 8 bat,0.0
mean,2040,11,142,ES1 8 bat,0.0
mean,2040,11,143,ES1 8 bat,0.0
mean,2040,11,144,ES1 8 bat,0.0
mean,2040,11,145,ES1 8 bat,0.0
mean,2040,11,146,ES1 8 bat,0.0
mean,2040,11,147,ES1 8 bat,0.0
mean,2040,11,148,ES1 8 bat,0.0
mean,2040,11,149,ES1 8 bat,0.0
mean,2040,11,150,ES1 8 bat,0.0
mean,2040,11,151,ES1 8 bat,0.0
mean,2040,11,152,ES1 8 bat,0.0
mean,2040,11,153,ES1 8 bat,0.0
mean,2040,11,154,ES1 8 bat,0.0
mean,2040,11,155,ES1 8 bat,0.0
mean,2040,11,156,ES1 8 bat,0.0
mean,2040,11,157,ES1 8 bat,0.0
mean,2040,11,158,ES1 8 bat,0.0
mean,2040,11,159,ES1 8 bat,0.0
mean,2040,11,160,ES1 8 bat,0.0
mean,2040,11,161,ES1 8 bat,0.0
mean,2040,11,162,ES1 8 bat,-0.0
mean,2040,11,163,ES1 8 bat,0.0
mean,2040,11,164,ES1 8 bat,0.0
mean,2040,11,165,ES1 8 bat,0.0
mean,2040,11,166,ES1 8 bat,0.0
mean,2040,11,167,ES1 8 bat,0.0
mean,2040,21,0,ES1 8 bat,-63.13901236854219
mean,2040,21,1,ES1 8 bat,0.0
mean,2040,21,2,ES1 8 bat,0.0
mean,2040,21,3,ES1 8 bat,0.0
mean,2040,21,4,ES1 8 bat,0.0
mean,2040,21,5,ES1 8 bat,0.0
mean,2040,21,6,ES1 8 bat,0.0
mean,2040,21,7,ES1 8 bat,0.0
mean,2040,21,8,ES1 8 bat,0.0
mean,2040,21,9,ES1 8 bat,0.0
mean,2040,21,10,ES1 8 bat,0.0
mean,2040,21,11,ES1 8 bat,0.0
mean,2040,21,12,ES1 8 bat,0.0
mean,2040,21,13,ES1 8 bat,0.0
mean,2040,21,14,ES1 8 bat,0.0
mean,2040,21,15,ES1 8 bat,0.0
mean,2040,21,16,ES1 8 bat,0.0
mean,2040,21,17,ES1 8 bat,0.0
mean,2040,21,18,ES1 8 bat,0.0
mean,2040,21,19,ES1 8 bat,0.0
mean,2040,21,20,ES1 8 bat,0.0
mean,2040,21,21,ES1 8 bat,0.0
mean,2040,21,22,ES1 8 bat,0.0
mean,2040,21,23,ES1 8 bat,0.0
mean,2040,21,24,ES1 8 bat,0.0
mean,2040,21,25,ES1 8 bat,0.0
mean,2040,21,26,ES1 8 bat,0.0
mean,2040,21,27,ES1 8 bat,0.0
mean,2040,21,28,ES1 8 bat,0.0
mean,2040,21,29,ES1 8 bat,0.0
mean,2040,21,30,ES1 8 bat,-0.5186653066917156
mean,2040,21,31,ES1 8 bat,0.0
mean,2040,21,32,ES1 8 bat,0.0
mean,2040,21,33,ES1 8 bat,0.0
mean,2040,21,34,ES1 8 bat,0.0
mean,2040,21,35,ES1 8 bat,0.0
mean,2040,21,36,ES1 8 bat,0.0
mean,2040,21,37,ES1 8 bat,0.0
mean,2040,21,38,ES1 8 bat,0.0
mean,2040,21,39,ES1 8 bat,0.0
mean,2040,21,40,ES1 8 bat,0.0
mean,2040,21,41,ES1 8 bat,0.0
mean,2040,21,42,ES1 8 bat,0.0
mean,2040,21,43,ES1 8 bat,-0.35848321125139126
mean,2040,21,44,ES1 8 bat,0.0
mean,2040,21,45,ES1 8 bat,0.0
mean,2040,21,46,ES1 8 bat,0.0
mean,2040,21,47,ES1 8 bat,0.0
mean,2040,21,48,ES1 8 bat,0.0
mean,2040,21,49,ES1 8 bat,0.0
mean,2040,21,50,ES1 8 bat,0.0
mean,2040,21,51,ES1 8 bat,0.0
mean,2040,21,52,ES1 8 bat,0.0
mean,2040,21,53,ES1 8 bat,0.0
mean,2040,21,54,ES1 8 bat,0.0
mean,2040,21,55,ES1 8 bat,0.0
mean,2040,21,56,ES1 8 bat,0.0
mean,2040,21,57,ES1 8 bat,0.0
mean,2040,21,58,ES1 8 bat,0.0
mean,2040,21,59,ES1 8 bat,0.0
mean,2040,21,60,ES1 8 bat,0.0
mean,2040,21,61,ES1 8 bat,0.0
mean,2040,21,62,ES1 8 bat,0.0
mean,2040,21,63,ES1 8 bat,0.0
mean,2040,21,64,ES1 8 bat,0.0
mean,2040,21,65,ES1 8 bat,0.0
mean,2040,21,66,ES1 8 bat,0.0
mean,2040,21,67,ES1 8 bat,0.0
mean,2040,21,68,ES1 8 bat,0.0
mean,2040,21,69,ES1 8 bat,0.0
mean,2040,21,70,ES1 8 bat,0.0
mean,2040,21,71,ES1 8 bat,0.0
mean,2040,21,72,ES1 8 bat,0.0
mean,2040,21,73,ES1 8 bat,0.0
mean,2040,21,74,ES1 8 bat,0.0
mean,2040,21,75,ES1 8 bat,0.0
mean,2040,21,76,ES1 8 bat,0.0
mean,2040,21,77,ES1 8 bat,8.721182071795201e-15
mean,2040,21,78,ES1 8 bat,0.0
mean,2040,21,79,ES1 8 bat,0.0
mean,2040,21,80,ES1 8 bat,0.0
mean,2040,21,81,ES1 8 bat,0.0
mean,2040,21,82,ES1 8 bat,0.0
mean,2040,21,83,ES1 8 bat,0.0
mean,2040,21,84,ES1 8 bat,0.0
mean,2040,21,85,ES1 8 bat,0.0
mean,2040,21,86,ES1 8 bat,0.0
mean,2040,21,87,ES1 8 bat,0.0
mean,2040,21,88,ES1 8 bat,0.0
mean,2040,21,89,ES1 8 bat,0.0
mean,2040,21,90,ES1 8 bat,0.0
mean,2040,21,91,ES1 8 bat,0.0
mean,2040,21,92,ES1 8 bat,0.0
mean,2040,21,93,ES1 8 bat,0.0
mean,2040,21,94,ES1 8 bat,-0.00022849848909738918
mean,2040,21,95,ES1 8 bat,0.0
mean,2040,21,96,ES1 8 bat,0.0
mean,2040,21,97,ES1 8 bat,0.0
mean,2040,21,98,ES1 8 bat,0.0
mean,2040,21,99,ES1 8 bat,0.0
mean,2040,21,100,ES1 8 bat,0.0
mean,2040,21,101,ES1 8 bat,-0.0025416146202625074
mean,2040,21,102,ES1 8 bat,0.0
mean,2040,21,103,ES1 8 bat,0.0
mean,2040,21,104,ES1 8 bat,0.0
mean,2040,21,105,ES1 8 bat,0.0
mean,2040,21,106,ES1 8 bat,0.0
mean,2040,21,107,ES1 8 bat,0.0
mean,2040,21,108,ES1 8 bat,0.0
mean,2040,21,109,ES1 8 bat,0.0
mean,2040,21,110,ES1 8 bat,0.0
mean,2040,21,111,ES1 8 bat,0.0
mean,2040,21,112,ES1 8 bat,0.0
mean,2040,21,113,ES1 8 bat,0.0
mean,2040,21,114,ES1 8 bat,0.0
mean,2040,21,115,ES1 8 bat,-0.0025416146202625074
mean,2040,21,116,ES1 8 bat,0.0
mean,2040,21,117,ES1 8 bat,0.0
mean,2040,21,118,ES1 8 bat,0.0
mean,2040,21,119,ES1 8 bat,0.0
mean,2040,21,120,ES1 8 bat,0.0
mean,2040,21,121,ES1 8 bat,0.0
mean,2040,21,122,ES1 8 bat,0.0
mean,2040,21,123,ES1 8 bat,0.0
mean,2040,21,124,ES1 8 bat,0.0
mean,2040,21,125,ES1 8 bat,0.0
mean,2040,21,126,ES1 8 bat,0.0
mean,2040,21,127,ES1 8 bat,0.0
mean,2040,21,128,ES1 8 bat,0.0
mean,2040,21,129,ES1 8 bat,0.0
mean,2040,21,130,ES1 8 bat,0.0
mean,2040,21,131,ES1 8 bat,0.0
mean,2040,21,132,ES1 8 bat,0.0
mean,2040,21,133,ES1 8 bat,0.0
mean,2040,21,134,ES1 8 bat,0.0
mean,2040,21,135,ES1 8 bat,0.0
mean,2040,21,136,ES1 8 bat,0.0
mean,2040,21,137,ES1 8 bat,0.0
mean,2040,21,138,ES1 8 bat,0.0
mean,2040,21,139,ES1 8 bat,0.0
mean,2040,21,140,ES1 8 bat,0.0
mean,2040,21,141,ES1 8 bat,0.0
mean,2040,21,142,ES1 8 bat,0.0
mean,2040,21,143,ES1 8 bat,0.0
mean,2040,21,144,ES1 8 bat,0.0
mean,2040,21,145,ES1 8 bat,0.0
mean,2040,21,146,ES1 8 bat,0.0
mean,2040,21,147,ES1 8 bat,0.0
mean,2040,21,148,ES1 8 bat,0.0
mean,2040,21,149,ES1 8 bat,0.0
mean,2040,21,150,ES1 8 bat,0.0
mean,2040,21,151,ES1 8 bat,0.0
mean,2040,21,152,ES1 8 bat,0.0
mean,2040,21,153,ES1 8 bat,0.0
mean,2040,21,154,ES1 8 bat,0.0
mean,2040,21,155,ES1 8 bat,0.0
mean,2040,21,156,ES1 8 bat,0.0
mean,2040,21,157,ES1 8 bat,0.0
mean,2040,21,158,ES1 8 bat,0.0
mean,2040,21,159,ES1 8 bat,0.0
mean,2040,21,160,ES1 8 bat,0.0
mean,2040,21,161,ES1 8 bat,0.0
mean,2040,21,162,ES1 8 bat,0.0
mean,2040,21,163,ES1 8 bat,0.0
mean,2040,21,164,ES1 8 bat,0.0
mean,2040,21,165,ES1 8 bat,0.0
mean,2040,21,166,ES1 8 bat,0.0
mean,2040,21,167,ES1 8 bat,0.0
mean,2040,42,0,ES1 8 bat,-63.42982794511348
mean,2040,42,1,ES1 8 bat,0.0
mean,2040,42,2,ES1 8 bat,0.0
mean,2040,42,3,ES1 8 bat,0.0
mean,2040,42,4,ES1 8 bat,0.0
mean,2040,42,5,ES1 8 bat,0.0
mean,2040,42,6,ES1 8 bat,-0.003109061594959837
mean,2040,42,7,ES1 8 bat,0.0
mean,2040,42,8,ES1 8 bat,0.0
mean,2040,42,9,ES1 8 bat,0.0
mean,2040,42,10,ES1 8 bat,0.0
mean,2040,42,11,ES1 8 bat,0.0
mean,2040,42,12,ES1 8 bat,0.0
mean,2040,42,13,ES1 8 bat,0.0
mean,2040,42,14,ES1 8 bat,0.0
mean,2040,42,15,ES1 8 bat,0.0
mean,2040,42,16,ES1 8 bat,0.0
mean,2040,42,17,ES1 8 bat,0.0
mean,2040,42,18,ES1 8 bat,-0.18318911768461624
mean,2040,42,19,ES1 8 bat,0.0
mean,2040,42,20,ES1 8 bat,0.0
mean,2040,42,21,ES1 8 bat,0.0
mean,2040,42,22,ES1 8 bat,0.0
mean,2040,42,23,ES1 8 bat,0.0
mean,2040,42,24,ES1 8 bat,0.0
mean,2040,42,25,ES1 8 bat,0.0
mean,2040,42,26,ES1 8 bat,0.0
mean,2040,42,27,ES1 8 bat,0.0
mean,2040,42,28,ES1 8 bat,0.0
mean,2040,42,29,ES1 8 bat,-0.5313204297664376
mean,2040,42,30,ES1 8 bat,-0.5288008590798511
mean,2040,42,31,ES1 8 bat,-0.526281183356429
mean,2040,42,32,ES1 8 bat,0.0
mean,2040,42,33,ES1 8 bat,0.0
mean,2040,42,34,ES1 8 bat,0.0
mean,2040,42,35,ES1 8 bat,0.0
mean,2040,42,36,ES1 8 bat,0.0
mean,2040,42,37,ES1 8 bat,0.0
mean,2040,42,38,ES1 8 bat,0.0
mean,2040,42,39,ES1 8 bat,0.0
mean,2040,42,40,ES1 8 bat,0.0
mean,2040,42,41,ES1 8 bat,0.0
mean,2040,42,42,ES1 8 bat,-0.0025573025544909883
mean,2040,42,43,ES1 8 bat,0.0
mean,2040,42,44,ES1 8 bat,0.0
mean,2040,42,45,ES1 8 bat,0.0
mean,2040,42,46,ES1 8 bat,0.0
mean,2040,42,47,ES1 8 bat,0.0
mean,2040,42,48,ES1 8 bat,0.0
mean,2040,42,49,ES1 8 bat,0.0
mean,2040,42,50,ES1 8 bat,0.0
mean,2040,42,51,ES1 8 bat,0.0
mean,2040,42,52,ES1 8 bat,0.0
mean,2040,42,53,ES1 8 bat,0.0
mean,2040,42,54,ES1 8 bat,-0.4334121807595755
mean,2040,42,55,ES1 8 bat,0.0
mean,2040,42,56,ES1 8 bat,0.0
mean,2040,42,57,ES1 8 bat,0.0
mean,2040,42,58,ES1 8 bat,0.0
mean,2040,42,59,ES1 8 bat,0.0
mean,2040,42,60,ES1 8 bat,0.0
mean,2040,42,61,ES1 8 bat,0.0
mean,2040,42,62,ES1 8 bat,0.0
mean,2040,42,63,ES1 8 bat,0.0
mean,2040,42,64,ES1 8 bat,0.0
mean,2040,42,65,ES1 8 bat,0.0
mean,2040,42,66,ES1 8 bat,0.0
mean,2040,42,67,ES1 8 bat,0.0
mean,2040,42,68,ES1 8 bat,0.0
mean,2040,42,69,ES1 8 bat,0.0
mean,2040,42,70,ES1 8 bat,0.0
mean,2040,42,71,ES1 8 bat,0.0
mean,2040,42,72,ES1 8 bat,0.0
mean,2040,42,73,ES1 8 bat,0.0
mean,2040,42,74,ES1 8 bat,0.0
mean,2040,42,75,ES1 8 bat,0.0
mean,2040,42,76,ES1 8 bat,0.0
mean,2040,42,77,ES1 8 bat,1.7442364143590402e-14
mean,2040,42,78,ES1 8 bat,0.0
mean,2040,42,79,ES1 8 bat,0.0
mean,2040,42,80,ES1 8 bat,0.0
mean,2040,42,81,ES1 8 bat,0.0
mean,2040,42,82,ES1 8 bat,0.0
mean,2040,42,83,ES1 8 bat,0.0
mean,2040,42,84,ES1 8 bat,0.0
mean,2040,42,85,ES1 8 bat,0.0
mean,2040,42,86,ES1 8 bat,0.0
mean,2040,42,87,ES1 8 bat,0.0
mean,2040,42,88,ES1 8 bat,0.0
mean,2040,42,89,ES1 8 bat,0.0
mean,2040,42,90,ES1 8 bat,-456.6493487178402
mean,2040,42,91,ES1 8 bat,0.0
mean,2040,42,92,ES1 8 bat,0.0
mean,2040,42,93,ES1 8 bat,0.0
mean,2040,42,94,ES1 8 bat,0.0
mean,2040,42,95,ES1 8 bat,0.0
mean,2040,42,96,ES1 8 bat,0.0
mean,2040,42,97,ES1 8 bat,0.0
mean,2040,42,98,ES1 8 bat,0.0
mean,2040,42,99,ES1 8 bat,0.0
mean,2040,42,100,ES1 8 bat,0.0
mean,2040,42,101,ES1 8 bat,0.0
mean,2040,42,102,ES1 8 bat,0.0
mean,2040,42,103,ES1 8 bat,0.0
mean,2040,42,104,ES1 8 bat,0.0
mean,2040,42,105,ES1 8 bat,0.0
mean,2040,42,106,ES1 8 bat,0.0
mean,2040,42,107,ES1 8 bat,0.0
mean,2040,42,108,ES1 8 bat,0.0
mean,2040,42,109,ES1 8 bat,0.0
mean,2040,42,110,ES1 8 bat,0.0
mean,2040,42,111,ES1 8 bat,0.0
mean,2040,42,112,ES1 8 bat,0.0
mean,2040,42,113,ES1 8 bat,0.0
mean,2040,42,114,ES1 8 bat,0.0
mean,2040,42,115,ES1 8 bat,8.721182071795201e-15
mean,2040,42,116,ES1 8 bat,0.0
mean,2040,42,117,ES1 8 bat,0.0
mean,2040,42,118,ES1 8 bat,0.0
mean,2040,42,119,ES1 8 bat,0.0
mean,2040,42,120,ES1 8 bat,0.0
mean,2040,42,121,ES1 8 bat,0.0
mean,2040,42,122,ES1 8 bat,0.0
mean,2040,42,123,ES1 8 bat,0.0
mean,2040,42,124,ES1 8 bat,0.0
mean,2040,42,125,ES1 8 bat,0.0
mean,2040,42,126,ES1 8 bat,-0.0
mean,2040,42,127,ES1 8 bat,0.0
mean,2040,42,128,ES1 8 bat,0.0
mean,2040,42,129,ES1 8 bat,0.0
mean,2040,42,130,ES1 8 bat,0.0
mean,2040,42,131,ES1 8 bat,0.0
mean,2040,42,132,ES1 8 bat,0.0
mean,2040,42,133,ES1 8 bat,0.0
mean,2040,42,134,ES1 8 bat,0.0
mean,2040,42,135,ES1 8 bat,0.0
mean,2040,42,136,ES1 8 bat,0.0
mean,2040,42,137,ES1 8 bat,0.0
mean,2040,42,138,ES1 8 bat,-0.0025416146202625074
mean,2040,42,139,ES1 8 bat,0.0
mean,2040,42,140,ES1 8 bat,0.0
mean,2040,42,141,ES1 8 bat,0.0
mean,2040,42,142,ES1 8 bat,0.0
mean,2040,42,143,ES1 8 bat,0.0
mean,2040,42,144,ES1 8 bat,0.0
mean,2040,42,145,ES1 8 bat,0.0
mean,2040,42,146,ES1 8 bat,0.0
mean,2040,42,147,ES1 8 bat,0.0
mean,2040,42,148,ES1 8 bat,0.0
mean,2040,42,149,ES1 8 bat,-0.0
mean,2040,42,150,ES1 8 bat,0.0
mean,2040,42,151,ES1 8 bat,0.0
mean,2040,42,152,ES1 8 bat,0.0
mean,2040,42,153,ES1 8 bat,0.0
mean,2040,42,154,ES1 8 bat,0.0
mean,2040,42,155,ES1 8 bat,0.0
mean,2040,42,156,ES1 8 bat,0.0
mean,2040,42,157,ES1 8 bat,0.0
mean,2040,42,158,ES1 8 bat,0.0
mean,2040,42,159,ES1 8 bat,0.0
mean,2040,42,160,ES1 8 bat,0.0
mean,2040,42,161,ES1 8 bat,0.0
mean,2040,42,162,ES1 8 bat,0.0
mean,2040,42,163,ES1 8 bat,0.0
mean,2040,42,164,ES1 8 bat,0.0
mean,2040,42,165,ES1 8 bat,0.0
mean,2040,42,166,ES1 8 bat,0.0
mean,2040,42,167,ES1 8 bat,0.0
mean,2040,52,0,ES1 8 bat,-60.96951724137933
mean,2040,52,1,ES1 8 bat,0.0
mean,2040,52,2,ES1 8 bat,0.0
mean,2040,52,3,ES1 8 bat,0.0
mean,2040,52,4,ES1 8 bat,0.0
mean,2040,52,5,ES1 8 bat,0.0
mean,2040,52,6,ES1 8 bat,0.0
mean,2040,52,7,ES1 8 bat,0.0
mean,2040,52,8,ES1 8 bat,0.0
mean,2040,52,9,ES1 8 bat,0.0
mean,2040,52,10,ES1 8 bat,0.0
mean,2040,52,11,ES1 8 bat,0.0
mean,2040,52,12,ES1 8 bat,0.0
mean,2040,52,13,ES1 8 bat,0.0
mean,2040,52,14,ES1 8 bat,0.0
mean,2040,52,15,ES1 8 bat,0.0
mean,2040,52,16,ES1 8 bat,0.0
mean,2040,52,17,ES1 8 bat,0.0
mean,2040,52,18,ES1 8 bat,0.0
mean,2040,52,19,ES1 8 bat,0.0
mean,2040,52,20,ES1 8 bat,0.0
mean,2040,52,21,ES1 8 bat,0.0
mean,2040,52,22,ES1 8 bat,0.0
mean,2040,52,23,ES1 8 bat,0.0
mean,2040,52,24,ES1 8 bat,0.0
mean,2040,52,25,ES1 8 bat,0.0
mean,2040,52,26,ES1 8 bat,0.0
mean,2040,52,27,ES1 8 bat,0.0
mean,2040,52,28,ES1 8 bat,0.0
mean,2040,52,29,ES1 8 bat,0.0
mean,2040,52,30,ES1 8 bat,0.0
mean,2040,52,31,ES1 8 bat,0.0
mean,2040,52,32,ES1 8 bat,0.0
mean,2040,52,33,ES1 8 bat,0.0
mean,2040,52,34,ES1 8 bat,0.0
mean,2040,52,35,ES1 8 bat,0.0
mean,2040,52,36,ES1 8 bat,0.0
mean,2040,52,37,ES1 8 bat,0.0
mean,2040,52,38,ES1 8 bat,0.0
mean,2040,52,39,ES1 8 bat,0.0
mean,2040,52,40,ES1 8 bat,0.0
mean,2040,52,41,ES1 8 bat,0.0
mean,2040,52,42,ES1 8 bat,0.0
mean,2040,52,43,ES1 8 bat,0.0
mean,2040,52,44,ES1 8 bat,0.0
mean,2040,52,45,ES1 8 bat,0.0
mean,2040,52,46,ES1 8 bat,0.0
mean,2040,52,47,ES1 8 bat,0.0
mean,2040,52,48,ES1 8 bat,0.0
mean,2040,52,49,ES1 8 bat,0.0
mean,2040,52,50,ES1 8 bat,0.0
mean,2040,52,51,ES1 8 bat,0.0
mean,2040,52,52,ES1 8 bat,0.0
mean,2040,52,53,ES1 8 bat,0.0
mean,2040,52,54,ES1 8 bat,0.0
mean,2040,52,55,ES1 8 bat,0.0
mean,2040,52,56,ES1 8 bat,0.0
mean,2040,52,57,ES1 8 bat,0.0
mean,2040,52,58,ES1 8 bat,0.0
mean,2040,52,59,ES1 8 bat,0.0
mean,2040,52,60,ES1 8 bat,0.0
mean,2040,52,61,ES1 8 bat,0.0
mean,2040,52,62,ES1 8 bat,0.0
mean,2040,52,63,ES1 8 bat,0.0
mean,2040,52,64,ES1 8 bat,0.0
mean,2040,52,65,ES1 8 bat,0.0
mean,2040,52,66,ES1 8 bat,0.0
mean,2040,52,67,ES1 8 bat,0.0
mean,2040,52,68,ES1 8 bat,0.0
mean,2040,52,69,ES1 8 bat,0.0
mean,2040,52,70,ES1 8 bat,0.0
mean,2040,52,71,ES1 8 bat,0.0
mean,2040,52,72,ES1 8 bat,0.0
mean,2040,52,73,ES1 8 bat,0.0
mean,2040,52,74,ES1 8 bat,0.0
mean,2040,52,75,ES1 8 bat,0.0
mean,2040,52,76,ES1 8 bat,0.0
mean,2040,52,77,ES1 8 bat,0.0
mean,2040,52,78,ES1 8 bat,0.0
mean,2040,52,79,ES1 8 bat,0.0
mean,2040,52,80,ES1 8 bat,0.0
mean,2040,52,81,ES1 8 bat,0.0
mean,2040,52,82,ES1 8 bat,0.0
mean,2040,52,83,ES1 8 bat,0.0
mean,2040,52,84,ES1 8 bat,0.0
mean,2040,52,85,ES1 8 bat,0.0
mean,2040,52,86,ES1 8 bat,0.0
mean,2040,52,87,ES1 8 bat,0.0
mean,2040,52,88,ES1 8 bat,0.0
mean,2040,52,89,ES1 8 bat,0.0
mean,2040,52,90,ES1 8 bat,0.0
mean,2040,52,91,ES1 8 bat,0.0
mean,2040,52,92,ES1 8 bat,0.0
mean,2040,52,93,ES1 8 bat,0.0
mean,2040,52,94,ES1 8 bat,0.0
mean,2040,52,95,ES1 8 bat,0.0
mean,2040,52,96,ES1 8 bat,0.0
mean,2040,52,97,ES1 8 bat,0.0
mean,2040,52,98,ES1 8 bat,0.0
mean,2040,52,99,ES1 8 bat,0.0
mean,2040,52,100,ES1 8 bat,0.0
mean,2040,52,101,ES1 8 bat,0.0
mean,2040,52,102,ES1 8 bat,0.0
mean,2040,52,103,ES1 8 bat,0.0
mean,2040,52,104,ES1 8 bat,0.0
mean,2040,52,105,ES1 8 bat,0.0
mean,2040,52,106,ES1 8 bat,0.0
mean,2040,52,107,ES1 8 bat,0.0
mean,2040,52,108,ES1 8 bat,0.0
mean,2040,52,109,ES1 8 bat,0.0
mean,2040,52,110,ES1 8 bat,0.0
mean,2040,52,111,ES1 8 bat,0.0
mean,2040,52,112,ES1 8 bat,0.0
mean,2040,52,113,ES1 8 bat,0.0
mean,2040,52,114,ES1 8 bat,0.0
mean,2040,52,115,ES1 8 bat,0.0
mean,2040,52,116,ES1 8 bat,0.0
mean,2040,52,117,ES1 8 bat,0.0
mean,2040,52,118,ES1 8 bat,0.0
mean,2040,52,119,ES1 8 bat,0.0
mean,2040,52,120,ES1 8 bat,0.0
mean,2040,52,121,ES1 8 bat,0.0
mean,2040,52,122,ES1 8 bat,0.0
mean,2040,52,123,ES1 8 bat,0.0
mean,2040,52,124,ES1 8 bat,0.0
mean,2040,52,125,ES1 8 bat,0.0
mean,2040,52,126,ES1 8 bat,0.0
mean,2040,52,127,ES1 8 bat,0.0
mean,2040,52,128,ES1 8 bat,0.0
mean,2040,52,129,ES1 8 bat,0.0
mean,2040,52,130,ES1 8 bat,0.0
mean,2040,52,131,ES1 8 bat,0.0
mean,2040,52,132,ES1 8 bat,0.0
mean,2040,52,133,ES1 8 bat,0.0
mean,2040,52,134,ES1 8 bat,0.0
mean,2040,52,135,ES1 8 bat,0.0
mean,2040,52,136,ES1 8 bat,0.0
mean,2040,52,137,ES1 8 bat,0.0
mean,2040,52,138,ES1 8 bat,0.0
mean,2040,52,139,ES1 8 bat,0.0
mean,2040,52,140,ES1 8 bat,-0.0
mean,2040,52,141,ES1 8 bat,0.0
mean,2040,52,142,ES1 8 bat,0.0
mean,2040,52,143,ES1 8 bat,0.0
mean,2040,52,144,ES1 8 bat,0.0
mean,2040,52,145,ES1 8 bat,0.0
mean,2040,52,146,ES1 8 bat,0.0
mean,2040,52,147,ES1 8 bat,0.0
mean,2040,52,148,ES1 8 bat,0.0
mean,2040,52,149,ES1 8 bat,0.0
mean,2040,52,150,ES1 8 bat,-0.0025416146202625074
mean,2040,52,151,ES1 8 bat,0.0
mean,2040,52,152,ES1 8 bat,0.0
mean,2040,52,153,ES1 8 bat,0.0
mean,2040,52,154,ES1 8 bat,0.0
mean,2040,52,155,ES1 8 bat,0.0
mean,2040,52,156,ES1 8 bat,0.0
mean,2040,52,157,ES1 8 bat,0.0
mean,2040,52,158,ES1 8 bat,0.0
mean,2040,52,159,ES1 8 bat,0.0
mean,2040,52,160,ES1 8 bat,0.0
mean,2040,52,161,ES1 8 bat,-0.0025416146202625074
mean,2040,52,162,ES1 8 bat,0.0
mean,2040,52,163,ES1 8 bat,0.0
mean,2040,52,164,ES1 8 bat,0.0
mean,2040,52,165,ES1 8 bat,0.0
mean,2040,52,166,ES1 8 bat,0.0
mean,2040,52,167,ES1 8 bat,0.0
mean,2050,11,0,ES1 8 bat,-0.014591952346712947
mean,2050,11,1,ES1 8 bat,0.0
mean,2050,11,2,ES1 8 bat,0.0
mean,2050,11,3,ES1 8 bat,0.0
mean,2050,11,4,ES1 8 bat,0.0
mean,2050,11,5,ES1 8 bat,0.0
mean,2050,11,6,ES1 8 bat,0.0
mean,2050,11,7,ES1 8 bat,0.0
mean,2050,11,8,ES1 8 bat,0.0
mean,2050,11,9,ES1 8 bat,0.0
mean,2050,11,10,ES1 8 bat,0.0
mean,2050,11,11,ES1 8 bat,0.0
mean,2050,11,12,ES1 8 bat,0.0
mean,2050,11,13,ES1 8 bat,0.0
mean,2050,11,14,ES1 8 bat,0.0
mean,2050,11,15,ES1 8 bat,0.0
mean,2050,11,16,ES1 8 bat,0.0
mean,2050,11,17,ES1 8 bat,0.0
mean,2050,11,18,ES1 8 bat,0.0
mean,2050,11,19,ES1 8 bat,0.0
mean,2050,11,20,ES1 8 bat,0.0
mean,2050,11,21,ES1 8 bat,0.0
mean,2050,11,22,ES1 8 bat,0.0
mean,2050,11,23,ES1 8 bat,0.0
mean,2050,11,24,ES1 8 bat,0.0
mean,2050,11,25,ES1 8 bat,0.0
mean,2050,11,26,ES1 8 bat,0.0
mean,2050,11,27,ES1 8 bat,0.0
mean,2050,11,28,ES1 8 bat,0.0
mean,2050,11,29,ES1 8 bat,0.0
mean,2050,11,30,ES1 8 bat,-7.074263195584842e-05
mean,2050,11,31,ES1 8 bat,-7.074558110177133e-05
mean,2050,11,32,ES1 8 bat,0.0
mean,2050,11,33,ES1 8 bat,0.0
mean,2050,11,34,ES1 8 bat,0.0
mean,2050,11,35,ES1 8 bat,0.0
mean,2050,11,36,ES1 8 bat,0.0
mean,2050,11,37,ES1 8 bat,0.0
mean,2050,11,38,ES1 8 bat,0.0
mean,2050,11,39,ES1 8 bat,0.0
mean,2050,11,40,ES1 8 bat,0.0
mean,2050,11,41,ES1 8 bat,0.0
mean,2050,11,42,ES1 8 bat,0.0
mean,2050,11,43,ES1 8 bat,0.0
mean,2050,11,44,ES1 8 bat,0.0
mean,2050,11,45,ES1 8 bat,0.0
mean,2050,11,46,ES1 8 bat,0.0
mean,2050,11,47,ES1 8 bat,0.0
mean,2050,11,48,ES1 8 bat,0.0
mean,2050,11,49,ES1 8 bat,0.0
mean,2050,11,50,ES1 8 bat,0.0
mean,2050,11,51,ES1 8 bat,0.0
mean,2050,11,52,ES1 8 bat,0.0
mean,2050,11,53,ES1 8 bat,0.0
mean,2050,11,54,ES1 8 bat,0.0
mean,2050,11,55,ES1 8 bat,0.0
mean,2050,11,56,ES1 8 bat,0.0
mean,2050,11,57,ES1 8 bat,0.0
mean,2050,11,58,ES1 8 bat,0.0
mean,2050,11,59,ES1 8 bat,0.0
mean,2050,11,60,ES1 8 bat,0.0
mean,2050,11,61,ES1 8 bat,0.0
mean,2050,11,62,ES1 8 bat,0.0
mean,2050,11,63,ES1 8 bat,0.0
mean,2050,11,64,ES1 8 bat,0.0
mean,2050,11,65,ES1 8 bat,0.0
mean,2050,11,66,ES1 8 bat,0.0
mean,2050,11,67,ES1 8 bat,0.0
mean,2050,11,68,ES1 8 bat,0.0
mean,2050,11,69,ES1 8 bat,0.0
mean,2050,11,70,ES1 8 bat,0.0
mean,2050,11,71,ES1 8 bat,0.0
mean,2050,11,72,ES1 8 bat,0.0
mean,2050,11,73,ES1 8 bat,0.0
mean,2050,11,74,ES1 8 bat,0.0
mean,2050,11,75,ES1 8 bat,0.0
mean,2050,11,76,ES1 8 bat,0.0
mean,2050,11,77,ES1 8 bat,0.0
mean,2050,11,78,ES1 8 bat,0.0
mean,2050,11,79,ES1 8 bat,0.0
mean,2050,11,80,ES1 8 bat,0.0
mean,2050,11,81,ES1 8 bat,0.0
mean,2050,11,82,ES1 8 bat,0.0
mean,2050,11,83,ES1 8 bat,0.0
mean,2050,11,84,ES1 8 bat,0.0
mean,2050,11,85,ES1 8 bat,0.0
mean,2050,11,86,ES1 8 bat,0.0
mean,2050,11,87,ES1 8 bat,0.0
mean,2050,11,88,ES1 8 bat,0.0
mean,2050,11,89,ES1 8 bat,0.0
mean,2050,11,90,ES1 8 bat,0.0
mean,2050,11,91,ES1 8 bat,0.0
mean,2050,11,92,ES1 8 bat,0.0
mean,2050,11,93,ES1 8 bat,0.0
mean,2050,11,94,ES1 8 bat,0.0
mean,2050,11,95,ES1 8 bat,0.0
mean,2050,11,96,ES1 8 bat,0.0
mean,2050,11,97,ES1 8 bat,0.0
mean,2050,11,98,ES1 8 bat,0.0
mean,2050,11,99,ES1 8 bat,0.0
mean,2050,11,100,ES1 8 bat,0.0
mean,2050,11,101,ES1 8 bat,0.0
mean,2050,11,102,ES1 8 bat,0.0
mean,2050,11,103,ES1 8 bat,0.0
mean,2050,11,104,ES1 8 bat,0.0
mean,2050,11,105,ES1 8 bat,0.0
mean,2050,11,106,ES1 8 bat,0.0
mean,2050,11,107,ES1 8 bat,0.0
mean,2050,11,108,ES1 8 bat,0.0
mean,2050,11,109,ES1 8 bat,0.0
mean,2050,11,110,ES1 8 bat,0.0
mean,2050,11,111,ES1 8 bat,0.0
mean,2050,11,112,ES1 8 bat,0.0
mean,2050,11,113,ES1 8 bat,0.0
mean,2050,11,114,ES1 8 bat,0.0
mean,2050,11,115,ES1 8 bat,0.0
mean,2050,11,116,ES1 8 bat,0.0
mean,2050,11,117,ES1 8 bat,0.0
mean,2050,11,118,ES1 8 bat,0.0
mean,2050,11,119,ES1 8 bat,0.0
mean,2050,11,120,ES1 8 bat,0.0
mean,2050,11,121,ES1 8 bat,0.0
mean,2050,11,122,ES1 8 bat,0.0
mean,2050,11,123,ES1 8 bat,0.0
mean,2050,11,124,ES1 8 bat,0.0
mean,2050,11,125,ES1 8 bat,0.0
mean,2050,11,126,ES1 8 bat,0.0
mean,2050,11,127,ES1 8 bat,0.0
mean,2050,11,128,ES1 8 bat,0.0
mean,2050,11,129,ES1 8 bat,0.0
mean,2050,11,130,ES1 8 bat,0.0
mean,2050,11,131,ES1 8 bat,0.0
mean,2050,11,132,ES1 8 bat,0.0
mean,2050,11,133,ES1 8 bat,0.0
mean,2050,11,134,ES1 8 bat,0.0
mean,2050,11,135,ES1 8 bat,0.0
mean,2050,11,136,ES1 8 bat,0.0
mean,2050,11,137,ES1 8 bat,0.0
mean,2050,11,138,ES1 8 bat,0.0
mean,2050,11,139,ES1 8 bat,0.0
mean,2050,11,140,ES1 8 bat,0.0
mean,2050,11,141,ES1 8 bat,0.0
mean,2050,11,142,ES1 8 bat,0.0
mean,2050,11,143,ES1 8 bat,0.0
mean,2050,11,144,ES1 8 bat,0.0
mean,2050,11,145,ES1 8 bat,0.0
mean,2050,11,146,ES1 8 bat,0.0
mean,2050,11,147,ES1 8 bat,0.0
mean,2050,11,148,ES1 8 bat,0.0
mean,2050,11,149,ES1 8 bat,0.0
mean,2050,11,150,ES1 8 bat,0.0
mean,2050,11,151,ES1 8 bat,0.0
mean,2050,11,152,ES1 8 bat,0.0
mean,2050,11,153,ES1 8 bat,0.0
mean,2050,11,154,ES1 8 bat,0.0
mean,2050,11,155,ES1 8 bat,0.0
mean,2050,11,156,ES1 8 bat,0.0
mean,2050,11,157,ES1 8 bat,0.0
mean,2050,11,158,ES1 8 bat,0.0
mean,2050,11,159,ES1 8 bat,0.0
mean,2050,11,160,ES1 8 bat,0.0
mean,2050,11,161,ES1 8 bat,0.0
mean,2050,11,162,ES1 8 bat,0.0
mean,2050,11,163,ES1 8 bat,0.0
mean,2050,11,164,ES1 8 bat,0.0
mean,2050,11,165,ES1 8 bat,0.0
mean,2050,11,166,ES1 8 bat,0.0
mean,2050,11,167,ES1 8 bat,0.0
mean,2050,21,0,ES1 8 bat,-61.34584722004574
mean,2050,21,1,ES1 8 bat,0.0
mean,2050,21,2,ES1 8 bat,0.0
mean,2050,21,3,ES1 8 bat,0.0
mean,2050,21,4,ES1 8 bat,0.0
mean,2050,21,5,ES1 8 bat,0.0
mean,2050,21,6,ES1 8 bat,0.0
mean,2050,21,7,ES1 8 bat,0.0
mean,2050,21,8,ES1 8 bat,0.0
mean,2050,21,9,ES1 8 bat,0.0
mean,2050,21,10,ES1 8 bat,0.0
mean,2050,21,11,ES1 8 bat,0.0
mean,2050,21,12,ES1 8 bat,0.0
mean,2050,21,13,ES1 8 bat,0.0
mean,2050,21,14,ES1 8 bat,0.0
mean,2050,21,15,ES1 8 bat,0.0
mean,2050,21,16,ES1 8 bat,0.0
mean,2050,21,17,ES1 8 bat,0.0
mean,2050,21,18,ES1 8 bat,0.0
mean,2050,21,19,ES1 8 bat,0.0
mean,2050,21,20,ES1 8 bat,0.0
mean,2050,21,21,ES1 8 bat,0.0
mean,2050,21,22,ES1 8 bat,0.0
mean,2050,21,23,ES1 8 bat,0.0
mean,2050,21,24,ES1 8 bat,0.0
mean,2050,21,25,ES1 8 bat,0.0
mean,2050,21,26,ES1 8 bat,0.0
mean,2050,21,27,ES1 8 bat,0.0
mean,2050,21,28,ES1 8 bat,0.0
mean,2050,21,29,ES1 8 bat,0.0
mean,2050,21,30,ES1 8 bat,0.0
mean,2050,21,31,ES1 8 bat,0.0
mean,2050,21,32,ES1 8 bat,0.0
mean,2050,21,33,ES1 8 bat,0.0
mean,2050,21,34,ES1 8 bat,0.0
mean,2050,21,35,ES1 8 bat,0.0
mean,2050,21,36,ES1 8 bat,0.0
mean,2050,21,37,ES1 8 bat,0.0
mean,2050,21,38,ES1 8 bat,0.0
mean,2050,21,39,ES1 8 bat,0.0
mean,2050,21,40,ES1 8 bat,0.0
mean,2050,21,41,ES1 8 bat,0.0
mean,2050,21,42,ES1 8 bat,0.0
mean,2050,21,43,ES1 8 bat,0.0
mean,2050,21,44,ES1 8 bat,0.0
mean,2050,21,45,ES1 8 bat,0.0
mean,2050,21,46,ES1 8 bat,0.0
mean,2050,21,47,ES1 8 bat,0.0
mean,2050,21,48,ES1 8 bat,0.0
mean,2050,21,49,ES1 8 bat,0.0
mean,2050,21,50,ES1 8 bat,0.0
mean,2050,21,51,ES1 8 bat,0.0
mean,2050,21,52,ES1 8 bat,0.0
mean,2050,21,53,ES1 8 bat,0.0
mean,2050,21,54,ES1 8 bat,0.0
mean,2050,21,55,ES1 8 bat,0.0
mean,2050,21,56,ES1 8 bat,0.0
mean,2050,21,57,ES1 8 bat,0.0
mean,2050,21,58,ES1 8 bat,0.0
mean,2050,21,59,ES1 8 bat,0.0
mean,2050,21,60,ES1 8 bat,0.0
mean,2050,21,61,ES1 8 bat,0.0
mean,2050,21,62,ES1 8 bat,0.0
mean,2050,21,63,ES1 8 bat,0.0
mean,2050,21,64,ES1 8 bat,0.0
mean,2050,21,65,ES1 8 bat,0.0
mean,2050,21,66,ES1 8 bat,0.0
mean,2050,21,67,ES1 8 bat,0.0
mean,2050,21,68,ES1 8 bat,0.0
mean,2050,21,69,ES1 8 bat,0.0
mean,2050,21,70,ES1 8 bat,0.0
mean,2050,21,71,ES1 8 bat,0.0
mean,2050,21,72,ES1 8 bat,0.0
mean,2050,21,73,ES1 8 bat,0.0
mean,2050,21,74,ES1 8 bat,0.0
mean,2050,21,75,ES1 8 bat,0.0
mean,2050,21,76,ES1 8 bat,0.0
mean,2050,21,77,ES1 8 bat,0.0
mean,2050,21,78,ES1 8 bat,0.0
mean,2050,21,79,ES1 8 bat,0.0
mean,2050,21,80,ES1 8 bat,0.0
mean,2050,21,81,ES1 8 bat,0.0
mean,2050,21,82,ES1 8 bat,0.0
mean,2050,21,83,ES1 8 bat,0.0
mean,2050,21,84,ES1 8 bat,0.0
mean,2050,21,85,ES1 8 bat,0.0
mean,2050,21,86,ES1 8 bat,0.0
mean,2050,21,87,ES1 8 bat,0.0
mean,2050,21,88,ES1 8 bat,0.0
mean,2050,21,89,ES1 8 bat,0.0
mean,2050,21,90,ES1 8 bat,0.0
mean,2050,21,91,ES1 8 bat,0.0
mean,2050,21,92,ES1 8 bat,0.0
mean,2050,21,93,ES1 8 bat,0.0
mean,2050,21,94,ES1 8 bat,0.0
mean,2050,21,95,ES1 8 bat,0.0
mean,2050,21,96,ES1 8 bat,0.0
mean,2050,21,97,ES1 8 bat,0.0
mean,2050,21,98,ES1 8 bat,0.0
mean,2050,21,99,ES1 8 bat,0.0
mean,2050,21,100,ES1 8 bat,0.0
mean,2050,21,101,ES1 8 bat,0.0
mean,2050,21,102,ES1 8 bat,0.0
mean,2050,21,103,ES1 8 bat,0.0
mean,2050,21,104,ES1 8 bat,0.0
mean,2050,21,105,ES1 8 bat,0.0
mean,2050,21,106,ES1 8 bat,0.0
mean,2050,21,107,ES1 8 bat,0.0
mean,2050,21,108,ES1 8 bat,0.0
mean,2050,21,109,ES1 8 bat,0.0
mean,2050,21,110,ES1 8 bat,0.0
mean,2050,21,111,ES1 8 bat,0.0
mean,2050,21,112,ES1 8 bat,0.0
mean,2050,21,113,ES1 8 bat,0.0
mean,2050,21,114,ES1 8 bat,0.0
mean,2050,21,115,ES1 8 bat,0.0
mean,2050,21,116,ES1 8 bat,0.0
mean,2050,21,117,ES1 8 bat,0.0
mean,2050,21,118,ES1 8 bat,0.0
mean,2050,21,119,ES1 8 bat,0.0
mean,2050,21,120,ES1 8 bat,0.0
mean,2050,21,121,ES1 8 bat,0.0
mean,2050,21,122,ES1 8 bat,0.0
mean,2050,21,123,ES1 8 bat,0.0
mean,2050,21,124,ES1 8 bat,0.0
mean,2050,21,125,ES1 8 bat,0.0
mean,2050,21,126,ES1 8 bat,0.0
mean,2050,21,127,ES1 8 bat,0.0
mean,2050,21,128,ES1 8 bat,0.0
mean,2050,21,129,ES1 8 bat,0.0
mean,2050,21,130,ES1 8 bat,0.0
mean,2050,21,131,ES1 8 bat,0.0
mean,2050,21,132,ES1 8 bat,0.0
mean,2050,21,133,ES1 8 bat,0.0
mean,2050,21,134,ES1 8 bat,0.0
mean,2050,21,135,ES1 8 bat,0.0
mean,2050,21,136,ES1 8 bat,0.0
mean,2050,21,137,ES1 8 bat,0.0
mean,2050,21,138,ES1 8 bat,0.0
mean,2050,21,139,ES1 8 bat,0.0
mean,2050,21,140,ES1 8 bat,0.0
mean,2050,21,141,ES1 8 bat,0.0
mean,2050,21,142,ES1 8 bat,0.0
mean,2050,21,143,ES1 8 bat,0.0
mean,2050,21,144,ES1 8 bat,0.0
mean,2050,21,145,ES1 8 bat,0.0
mean,2050,21,146,ES1 8 bat,0.0
mean,2050,21,147,ES1 8 bat,0.0
mean,2050,21,148,ES1 8 bat,0.0
mean,2050,21,149,ES1 8 bat,0.0
mean,2050,21,150,ES1 8 bat,0.0
mean,2050,21,151,ES1 8 bat,0.0
mean,2050,21,152,ES1 8 bat,0.0
mean,2050,21,153,ES1 8 bat,0.0
mean,2050,21,154,ES1 8 bat,0.0
mean,2050,21,155,ES1 8 bat,0.0
mean,2050,21,156,ES1 8 bat,0.0
mean,2050,21,157,ES1 8 bat,0.0
mean,2050,21,158,ES1 8 bat,0.0
mean,2050,21,159,ES1 8 bat,0.0
mean,2050,21,160,ES1 8 bat,0.0
mean,2050,21,161,ES1 8 bat,0.0
mean,2050,21,162,ES1 8 bat,0.0
mean,2050,21,163,ES1 8 bat,0.0
mean,2050,21,164,ES1 8 bat,0.0
mean,2050,21,165,ES1 8 bat,0.0
mean,2050,21,166,ES1 8 bat,0.0
mean,2050,21,167,ES1 8 bat,0.0
mean,2050,42,0,ES1 8 bat,-61.34584722004574
mean,2050,42,1,ES1 8 bat,0.0
mean,2050,42,2,ES1 8 bat,0.0
mean,2050,42,3,ES1 8 bat,0.0
mean,2050,42,4,ES1 8 bat,0.0
mean,2050,42,5,ES1 8 bat,0.0
mean,2050,42,6,ES1 8 bat,0.0
mean,2050,42,7,ES1 8 bat,0.0
mean,2050,42,8,ES1 8 bat,0.0
mean,2050,42,9,ES1 8 bat,0.0
mean,2050,42,10,ES1 8 bat,0.0
mean,2050,42,11,ES1 8 bat,0.0
mean,2050,42,12,ES1 8 bat,0.0
mean,2050,42,13,ES1 8 bat,0.0
mean,2050,42,14,ES1 8 bat,0.0
mean,2050,42,15,ES1 8 bat,0.0
mean,2050,42,16,ES1 8 bat,0.0
mean,2050,42,17,ES1 8 bat,0.0
mean,2050,42,18,ES1 8 bat,0.0
mean,2050,42,19,ES1 8 bat,0.0
mean,2050,42,20,ES1 8 bat,0.0
mean,2050,42,21,ES1 8 bat,0.0
mean,2050,42,22,ES1 8 bat,0.0
mean,2050,42,23,ES1 8 bat,0.0
mean,2050,42,24,ES1 8 bat,0.0
mean,2050,42,25,ES1 8 bat,0.0
mean,2050,42,26,ES1 8 bat,0.0
mean,2050,42,27,ES1 8 bat,0.0
mean,2050,42,28,ES1 8 bat,0.0
mean,2050,42,29,ES1 8 bat,0.0
mean,2050,42,30,ES1 8 bat,0.0
mean,2050,42,31,ES1 8 bat,0.0
mean,2050,42,32,ES1 8 bat,0.0
mean,2050,42,33,ES1 8 bat,0.0
mean,2050,42,34,ES1 8 bat,0.0
mean,2050,42,35,ES1 8 bat,0.0
mean,2050,42,36,ES1 8 bat,0.0
mean,2050,42,37,ES1 8 bat,0.0
mean,2050,42,38,ES1 8 bat,0.0
mean,2050,42,39,ES1 8 bat,0.0
mean,2050,42,40,ES1 8 bat,0.0
mean,2050,42,41,ES1 8 bat,0.0
mean,2050,42,42,ES1 8 bat,0.0
mean,2050,42,43,ES1 8 bat,0.0
mean,2050,42,44,ES1 8 bat,0.0
mean,2050,42,45,ES1 8 bat,0.0
mean,2050,42,46,ES1 8 bat,0.0
mean,2050,42,47,ES1 8 bat,0.0
mean,2050,42,48,ES1 8 bat,0.0
mean,2050,42,49,ES1 8 bat,0.0
mean,2050,42,50,ES1 8 bat,0.0
mean,2050,42,51,ES1 8 bat,0.0
mean,2050,42,52,ES1 8 bat,0.0
mean,2050,42,53,ES1 8 bat,0.0
mean,2050,42,54,ES1 8 bat,0.0
mean,2050,42,55,ES1 8 bat,0.0
mean,2050,42,56,ES1 8 bat,0.0
mean,2050,42,57,ES1 8 bat,0.0
mean,2050,42,58,ES1 8 bat,0.0
mean,2050,42,59,ES1 8 bat,0.0
mean,2050,42,60,ES1 8 bat,0.0
mean,2050,42,61,ES1 8 bat,0.0
mean,2050,42,62,ES1 8 bat,0.0
mean,2050,42,63,ES1 8 bat,0.0
mean,2050,42,64,ES1 8 bat,0.0
mean,2050,42,65,ES1 8 bat,0.0
mean,2050,42,66,ES1 8 bat,0.0
mean,2050,42,67,ES1 8 bat,0.0
mean,2050,42,68,ES1 8 bat,0.0
mean,2050,42,69,ES1 8 bat,0.0
mean,2050,42,70,ES1 8 bat,0.0
mean,2050,42,71,ES1 8 bat,0.0
mean,2050,42,72,ES1 8 bat,0.0
mean,2050,42,73,ES1 8 bat,0.0
mean,2050,42,74,ES1 8 bat,0.0
mean,2050,42,75,ES1 8 bat,0.0
mean,2050,42,76,ES1 8 bat,0.0
mean,2050,42,77,ES1 8 bat,0.0
mean,2050,42,78,ES1 8 bat,0.0
mean,2050,42,79,ES1 8 bat,0.0
mean,2050,42,80,ES1 8 bat,0.0
mean,2050,42,81,ES1 8 bat,0.0
mean,2050,42,82,ES1 8 bat,0.0
mean,2050,42,83,ES1 8 bat,0.0
mean,2050,42,84,ES1 8 bat,0.0
mean,2050,42,85,ES1 8 bat,0.0
mean,2050,42,86,ES1 8 bat,0.0
mean,2050,42,87,ES1 8 bat,0.0
mean,2050,42,88,ES1 8 bat,0.0
mean,2050,42,89,ES1 8 bat,0.0
mean,2050,42,90,ES1 8 bat,0.0
mean,2050,42,91,ES1 8 bat,0.0
mean,2050,42,92,ES1 8 bat,0.0
mean,2050,42,93,ES1 8 bat,0.0
mean,2050,42,94,ES1 8 bat,0.0
mean,2050,42,95,ES1 8 bat,0.0
mean,2050,42,96,ES1 8 bat,0.0
mean,2050,42,97,ES1 8 bat,0.0
mean,2050,42,98,ES1 8 bat,0.0
mean,2050,42,99,ES1 8 bat,0.0
mean,2050,42,100,ES1 8 bat,0.0
mean,2050,42,101,ES1 8 bat,0.0
mean,2050,42,102,ES1 8 bat,0.0
mean,2050,42,103,ES1 8 bat,0.0
mean,2050,42,104,ES1 8 bat,0.0
mean,2050,42,105,ES1 8 bat,0.0
mean,2050,42,106,ES1 8 bat,0.0
mean,2050,42,107,ES1 8 bat,0.0
mean,2050,42,108,ES1 8 bat,0.0
mean,2050,42,109,ES1 8 bat,0.0
mean,2050,42,110,ES1 8 bat,0.0
mean,2050,42,111,ES1 8 bat,0.0
mean,2050,42,112,ES1 8 bat,0.0
mean,2050,42,113,ES1 8 bat,0.0
mean,2050,42,114,ES1 8 bat,0.0
mean,2050,42,115,ES1 8 bat,0.0
mean,2050,42,116,ES1 8 bat,0.0
mean,2050,42,117,ES1 8 bat,0.0
mean,2050,42,118,ES1 8 bat,0.0
mean,2050,42,119,ES1 8 bat,0.0
mean,2050,42,120,ES1 8 bat,0.0
mean,2050,42,121,ES1 8 bat,0.0
mean,2050,42,122,ES1 8 bat,0.0
mean,2050,42,123,ES1 8 bat,0.0
mean,2050,42,124,ES1 8 bat,0.0
mean,2050,42,125,ES1 8 bat,0.0
mean,2050,42,126,ES1 8 bat,0.0
mean,2050,42,127,ES1 8 bat,0.0
mean,2050,42,128,ES1 8 bat,0.0
mean,2050,42,129,ES1 8 bat,0.0
mean,2050,42,130,ES1 8 bat,0.0
mean,2050,42,131,ES1 8 bat,0.0
mean,2050,42,132,ES1 8 bat,0.0
mean,2050,42,133,ES1 8 bat,0.0
mean,2050,42,134,ES1 8 bat,0.0
mean,2050,42,135,ES1 8 bat,0.0
mean,2050,42,136,ES1 8 bat,0.0
mean,2050,42,137,ES1 8 bat,0.0
mean,2050,42,138,ES1 8 bat,0.0
mean,2050,42,139,ES1 8 bat,0.0
mean,2050,42,140,ES1 8 bat,0.0
mean,2050,42,141,ES1 8 bat,0.0
mean,2050,42,142,ES1 8 bat,0.0
mean,2050,42,143,ES1 8 bat,0.0
mean,2050,42,144,ES1 8 bat,0.0
mean,2050,42,145,ES1 8 bat,0.0
mean,2050,42,146,ES1 8 bat,0.0
mean,2050,42,147,ES1 8 bat,0.0
mean,2050,42,148,ES1 8 bat,0.0
mean,2050,42,149,ES1 8 bat,0.0
mean,2050,42,150,ES1 8 bat,0.0
mean,2050,42,151,ES1 8 bat,0.0
mean,2050,42,152,ES1 8 bat,0.0
mean,2050,42,153,ES1 8 bat,0.0
mean,2050,42,154,ES1 8 bat,0.0
mean,2050,42,155,ES1 8 bat,0.0
mean,2050,42,156,ES1 8 bat,0.0
mean,2050,42,157,ES1 8 bat,0.0
mean,2050,42,158,ES1 8 bat,0.0
mean,2050,42,159,ES1 8 bat,0.0
mean,2050,42,160,ES1 8 bat,0.0
mean,2050,42,161,ES1 8 bat,0.0
mean,2050,42,162,ES1 8 bat,0.0
mean,2050,42,163,ES1 8 bat,0.0
mean,2050,42,164,ES1 8 bat,0.0
mean,2050,42,165,ES1 8 bat,0.0
mean,2050,42,166,ES1 8 bat,0.0
mean,2050,42,167,ES1 8 bat,0.0
mean,2050,52,0,ES1 8 bat,-60.53610506061974
mean,2050,52,1,ES1 8 bat,0.0
mean,2050,52,2,ES1 8 bat,0.0
mean,2050,52,3,ES1 8 bat,0.0
mean,2050,52,4,ES1 8 bat,0.0
mean,2050,52,5,ES1 8 bat,0.0
mean,2050,52,6,ES1 8 bat,0.0
mean,2050,52,7,ES1 8 bat,0.0
mean,2050,52,8,ES1 8 bat,0.0
mean,2050,52,9,ES1 8 bat,0.0
mean,2050,52,10,ES1 8 bat,0.0
mean,2050,52,11,ES1 8 bat,0.0
mean,2050,52,12,ES1 8 bat,0.0
mean,2050,52,13,ES1 8 bat,0.0
mean,2050,52,14,ES1 8 bat,0.0
mean,2050,52,15,ES1 8 bat,0.0
mean,2050,52,16,ES1 8 bat,0.0
mean,2050,52,17,ES1 8 bat,0.0
mean,2050,52,18,ES1 8 bat,0.0
mean,2050,52,19,ES1 8 bat,0.0
mean,2050,52,20,ES1 8 bat,0.0
mean,2050,52,21,ES1 8 bat,0.0
mean,2050,52,22,ES1 8 bat,0.0
mean,2050,52,23,ES1 8 bat,0.0
mean,2050,52,24,ES1 8 bat,0.0
mean,2050,52,25,ES1 8 bat,0.0
mean,2050,52,26,ES1 8 bat,0.0
mean,2050,52,27,ES1 8 bat,0.0
mean,2050,52,28,ES1 8 bat,0.0
mean,2050,52,29,ES1 8 bat,0.0
mean,2050,52,30,ES1 8 bat,0.0
mean,2050,52,31,ES1 8 bat,0.0
mean,2050,52,32,ES1 8 bat,0.0
mean,2050,52,33,ES1 8 bat,0.0
mean,2050,52,34,ES1 8 bat,0.0
mean,2050,52,35,ES1 8 bat,0.0
mean,2050,52,36,ES1 8 bat,0.0
mean,2050,52,37,ES1 8 bat,0.0
mean,2050,52,38,ES1 8 bat,0.0
mean,2050,52,39,ES1 8 bat,0.0
mean,2050,52,40,ES1 8 bat,0.0
mean,2050,52,41,ES1 8 bat,0.0
mean,2050,52,42,ES1 8 bat,0.0
mean,2050,52,43,ES1 8 bat,0.0
mean,2050,52,44,ES1 8 bat,0.0
mean,2050,52,45,ES1 8 bat,0.0
mean,2050,52,46,ES1 8 bat,0.0
mean,2050,52,47,ES1 8 bat,0.0
mean,2050,52,48,ES1 8 bat,0.0
mean,2050,52,49,ES1 8 bat,0.0
mean,2050,52,50,ES1 8 bat,0.0
mean,2050,52,51,ES1 8 bat,0.0
mean,2050,52,52,ES1 8 bat,0.0
mean,2050,52,53,ES1 8 bat,0.0
mean,2050,52,54,ES1 8 bat,0.0
mean,2050,52,55,ES1 8 bat,0.0
mean,2050,52,56,ES1 8 bat,0.0
mean,2050,52,57,ES1 8 bat,0.0
mean,2050,52,58,ES1 8 bat,0.0
mean,2050,52,59,ES1 8 bat,0.0
mean,2050,52,60,ES1 8 bat,0.0
mean,2050,52,61,ES1 8 bat,0.0
mean,2050,52,62,ES1 8 bat,0.0
mean,2050,52,63,ES1 8 bat,0.0
mean,2050,52,64,ES1 8 bat,0.0
mean,2050,52,65,ES1 8 bat,0.0
mean,2050,52,66,ES1 8 bat,0.0
mean,2050,52,67,ES1 8 bat,0.0
mean,2050,52,68,ES1 8 bat,0.0
mean,2050,52,69,ES1 8 bat,0.0
mean,2050,52,70,ES1 8 bat,0.0
mean,2050,52,71,ES1 8 bat,0.0
mean,2050,52,72,ES1 8 bat,0.0
mean,2050,52,73,ES1 8 bat,0.0
mean,2050,52,74,ES1 8 bat,0.0
mean,2050,52,75,ES1 8 bat,0.0
mean,2050,52,76,ES1 8 bat,0.0
mean,2050,52,77,ES1 8 bat,0.0
mean,2050,52,78,ES1 8 bat,0.0
mean,2050,52,79,ES1 8 bat,0.0
mean,2050,52,80,ES1 8 bat,0.0
mean,2050,52,81,ES1 8 bat,0.0
mean,2050,52,82,ES1 8 bat,0.0
mean,2050,52,83,ES1 8 bat,0.0
mean,2050,52,84,ES1 8 bat,0.0
mean,2050,52,85,ES1 8 bat,0.0
mean,2050,52,86,ES1 8 bat,0.0
mean,2050,52,87,ES1 8 bat,0.0
mean,2050,52,88,ES1 8 bat,0.0
mean,2050,52,89,ES1 8 bat,0.0
mean,2050,52,90,ES1 8 bat,0.0
mean,2050,52,91,ES1 8 bat,0.0
mean,2050,52,92,ES1 8 bat,0.0
mean,2050,52,93,ES1 8 bat,0.0
mean,2050,52,94,ES1 8 bat,0.0
mean,2050,52,95,ES1 8 bat,0.0
mean,2050,52,96,ES1 8 bat,0.0
mean,2050,52,97,ES1 8 bat,0.0
mean,2050,52,98,ES1 8 bat,0.0
mean,2050,52,99,ES1 8 bat,0.0
mean,2050,52,100,ES1 8 bat,0.0
mean,2050,52,101,ES1 8 bat,0.0
mean,2050,52,102,ES1 8 bat,0.0
mean,2050,52,103,ES1 8 bat,0.0
mean,2050,52,104,ES1 8 bat,0.0
mean,2050,52,105,ES1 8 bat,0.0
mean,2050,52,106,ES1 8 bat,0.0
mean,2050,52,107,ES1 8 bat,0.0
mean,2050,52,108,ES1 8 bat,0.0
mean,2050,52,109,ES1 8 bat,0.0
mean,2050,52,110,ES1 8 bat,0.0
mean,2050,52,111,ES1 8 bat,0.0
mean,2050,52,112,ES1 8 bat,0.0
mean,2050,52,113,ES1 8 bat,0.0
mean,2050,52,114,ES1 8 bat,0.0
mean,2050,52,115,ES1 8 bat,0.0
mean,2050,52,116,ES1 8 bat,0.0
mean,2050,52,117,ES1 8 bat,0.0
mean,2050,52,118,ES1 8 bat,0.0
mean,2050,52,119,ES1 8 bat,0.0
mean,2050,52,120,ES1 8 bat,0.0
mean,2050,52,121,ES1 8 bat,0.0
mean,2050,52,122,ES1 8 bat,0.0
mean,2050,52,123,ES1 8 bat,0.0
mean,2050,52,124,ES1 8 bat,0.0
mean,2050,52,125,ES1 8 bat,0.0
mean,2050,52,126,ES1 8 bat,0.0
mean,2050,52,127,ES1 8 bat,0.0
mean,2050,52,128,ES1 8 bat,0.0
mean,2050,52,129,ES1 8 bat,0.0
mean,2050,52,130,ES1 8 bat,0.0
mean,2050,52,131,ES1 8 bat,0.0
mean,2050,52,132,ES1 8 bat,0.0
mean,2050,52,133,ES1 8 bat,0.0
mean,2050,52,134,ES1 8 bat,0.0
mean,2050,52,135,ES1 8 bat,0.0
mean,2050,52,136,ES1 8 bat,0.0
mean,2050,52,137,ES1 8 bat,0.0
mean,2050,52,138,ES1 8 bat,0.0
mean,2050,52,139,ES1 8 bat,0.0
mean,2050,52,140,ES1 8 bat,0.0
mean,2050,52,141,ES1 8 bat,0.0
mean,2050,52,142,ES1 8 bat,0.0
mean,2050,52,143,ES1 8 bat,0.0
mean,2050,52,144,ES1 8 bat,0.0
mean,2050,52,145,ES1 8 bat,0.0
mean,2050,52,146,ES1 8 bat,0.0
mean,2050,52,147,ES1 8 bat,0.0
mean,2050,52,148,ES1 8 bat,0.0
mean,2050,52,149,ES1 8 bat,0.0
mean,2050,52,150,ES1 8 bat,0.0
mean,2050,52,151,ES1 8 bat,0.0
mean,2050,52,152,ES1 8 bat,0.0
mean,2050,52,153,ES1 8 bat,0.0
mean,2050,52,154,ES1 8 bat,0.0
mean,2050,52,155,ES1 8 bat,0.0
mean,2050,52,156,ES1 8 bat,0.0
mean,2050,52,157,ES1 8 bat,0.0
mean,2050,52,158,ES1 8 bat,0.0
mean,2050,52,159,ES1 8 bat,0.0
mean,2050,52,160,ES1 8 bat,0.0
mean,2050,52,161,ES1 8 bat,0.0
mean,2050,52,162,ES1 8 bat,0.0
mean,2050,52,163,ES1 8 bat,0.0
mean,2050,52,164,ES1 8 bat,0.0
mean,2050,52,165,ES1 8 bat,0.0
mean,2050,52,166,ES1 8 bat,0.0
mean,2050,52,167,ES1 8 bat,0.0
mean,2025,11,0,PT1 0 bat,-0.014488313893919361
mean,2025,11,1,PT1 0 bat,0.0
mean,2025,11,2,PT1 0 bat,0.0
mean,2025,11,3,PT1 0 bat,0.0
mean,2025,11,4,PT1 0 bat,0.0
mean,2025,11,5,PT1 0 bat,0.0
mean,2025,11,6,PT1 0 bat,0.0
mean,2025,11,7,PT1 0 bat,0.0
mean,2025,11,8,PT1 0 bat,0.0
mean,2025,11,9,PT1 0 bat,0.0
mean,2025,11,10,PT1 0 bat,0.0
mean,2025,11,11,PT1 0 bat,0.0
mean,2025,11,12,PT1 0 bat,0.0
mean,2025,11,13,PT1 0 bat,0.0
mean,2025,11,14,PT1 0 bat,0.0
mean,2025,11,15,PT1 0 bat,0.0
mean,2025,11,16,PT1 0 bat,0.0
mean,2025,11,17,PT1 0 bat,0.0
mean,2025,11,18,PT1 0 bat,0.0
mean,2025,11,19,PT1 0 bat,0.0
mean,2025,11,20,PT1 0 bat,0.0
mean,2025,11,21,PT1 0 bat,0.0
mean,2025,11,22,PT1 0 bat,0.0
mean,2025,11,23,PT1 0 bat,0.0
mean,2025,11,24,PT1 0 bat,0.0
mean,2025,11,25,PT1 0 bat,0.0
mean,2025,11,26,PT1 0 bat,0.0
mean,2025,11,27,PT1 0 bat,0.0
mean,2025,11,28,PT1 0 bat,0.0
mean,2025,11,29,PT1 0 bat,0.0
mean,2025,11,30,PT1 0 bat,0.0
mean,2025,11,31,PT1 0 bat,-60.33081820707207
mean,2025,11,32,PT1 0 bat,0.0
mean,2025,11,33,PT1 0 bat,0.0
mean,2025,11,34,PT1 0 bat,0.0
mean,2025,11,35,PT1 0 bat,0.0
mean,2025,11,36,PT1 0 bat,0.0
mean,2025,11,37,PT1 0 bat,0.0
mean,2025,11,38,PT1 0 bat,0.0
mean,2025,11,39,PT1 0 bat,0.0
mean,2025,11,40,PT1 0 bat,0.0
mean,2025,11,41,PT1 0 bat,0.0
mean,2025,11,42,PT1 0 bat,0.0
mean,2025,11,43,PT1 0 bat,-0.20138862703781266
mean,2025,11,44,PT1 0 bat,0.0
mean,2025,11,45,PT1 0 bat,0.0
mean,2025,11,46,PT1 0 bat,0.0
mean,2025,11,47,PT1 0 bat,0.0
mean,2025,11,48,PT1 0 bat,0.0
mean,2025,11,49,PT1 0 bat,0.0
mean,2025,11,50,PT1 0 bat,0.0
mean,2025,11,51,PT1 0 bat,0.0
mean,2025,11,52,PT1 0 bat,0.0
mean,2025,11,53,PT1 0 bat,0.0
mean,2025,11,54,PT1 0 bat,0.0
mean,2025,11,55,PT1 0 bat,0.0
mean,2025,11,56,PT1 0 bat,0.0
mean,2025,11,57,PT1 0 bat,0.0
mean,2025,11,58,PT1 0 bat,0.0
mean,2025,11,59,PT1 0 bat,0.0
mean,2025,11,60,PT1 0 bat,0.0
mean,2025,11,61,PT1 0 bat,0.0
mean,2025,11,62,PT1 0 bat,0.0
mean,2025,11,63,PT1 0 bat,0.0
mean,2025,11,64,PT1 0 bat,0.0
mean,2025,11,65,PT1 0 bat,0.0
mean,2025,11,66,PT1 0 bat,0.0
mean,2025,11,67,PT1 0 bat,0.0
mean,2025,11,68,PT1 0 bat,0.0
mean,2025,11,69,PT1 0 bat,0.0
mean,2025,11,70,PT1 0 bat,0.0
mean,2025,11,71,PT1 0 bat,0.0
mean,2025,11,72,PT1 0 bat,0.0
mean,2025,11,73,PT1 0 bat,0.0
mean,2025,11,74,PT1 0 bat,0.0
mean,2025,11,75,PT1 0 bat,0.0
mean,2025,11,76,PT1 0 bat,0.0
mean,2025,11,77,PT1 0 bat,0.0
mean,2025,11,78,PT1 0 bat,0.0
mean,2025,11,79,PT1 0 bat,-60.33081755595549
mean,2025,11,80,PT1 0 bat,0.0
mean,2025,11,81,PT1 0 bat,0.0
mean,2025,11,82,PT1 0 bat,0.0
mean,2025,11,83,PT1 0 bat,0.0
mean,2025,11,84,PT1 0 bat,0.0
mean,2025,11,85,PT1 0 bat,0.0
mean,2025,11,86,PT1 0 bat,0.0
mean,2025,11,87,PT1 0 bat,0.0
mean,2025,11,88,PT1 0 bat,0.0
mean,2025,11,89,PT1 0 bat,0.0
mean,2025,11,90,PT1 0 bat,0.0
mean,2025,11,91,PT1 0 bat,0.0
mean,2025,11,92,PT1 0 bat,0.0
mean,2025,11,93,PT1 0 bat,0.0
mean,2025,11,94,PT1 0 bat,0.0
mean,2025,11,95,PT1 0 bat,0.0
mean,2025,11,96,PT1 0 bat,0.0
mean,2025,11,97,PT1 0 bat,0.0
mean,2025,11,98,PT1 0 bat,0.0
mean,2025,11,99,PT1 0 bat,0.0
mean,2025,11,100,PT1 0 bat,0.0
mean,2025,11,101,PT1 0 bat,0.0
mean,2025,11,102,PT1 0 bat,0.0
mean,2025,11,103,PT1 0 bat,0.0
mean,2025,11,104,PT1 0 bat,0.0
mean,2025,11,105,PT1 0 bat,0.0
mean,2025,11,106,PT1 0 bat,0.0
mean,2025,11,107,PT1 0 bat,0.0
mean,2025,11,108,PT1 0 bat,0.0
mean,2025,11,109,PT1 0 bat,0.0
mean,2025,11,110,PT1 0 bat,0.0
mean,2025,11,111,PT1 0 bat,0.0
mean,2025,11,112,PT1 0 bat,0.0
mean,2025,11,113,PT1 0 bat,0.0
mean,2025,11,114,PT1 0 bat,0.0
mean,2025,11,115,PT1 0 bat,-3.3171964313051068
mean,2025,11,116,PT1 0 bat,0.0
mean,2025,11,117,PT1 0 bat,0.0
mean,2025,11,118,PT1 0 bat,0.0
mean,2025,11,119,PT1 0 bat,0.0
mean,2025,11,120,PT1 0 bat,0.0
mean,2025,11,121,PT1 0 bat,0.0
mean,2025,11,122,PT1 0 bat,0.0
mean,2025,11,123,PT1 0 bat,0.0
mean,2025,11,124,PT1 0 bat,0.0
mean,2025,11,125,PT1 0 bat,0.0
mean,2025,11,126,PT1 0 bat,0.0
mean,2025,11,127,PT1 0 bat,0.0
mean,2025,11,128,PT1 0 bat,0.0
mean,2025,11,129,PT1 0 bat,0.0
mean,2025,11,130,PT1 0 bat,0.0
mean,2025,11,131,PT1 0 bat,0.0
mean,2025,11,132,PT1 0 bat,0.0
mean,2025,11,133,PT1 0 bat,0.0
mean,2025,11,134,PT1 0 bat,0.0
mean,2025,11,135,PT1 0 bat,0.0
mean,2025,11,136,PT1 0 bat,0.0
mean,2025,11,137,PT1 0 bat,0.0
mean,2025,11,138,PT1 0 bat,0.0
mean,2025,11,139,PT1 0 bat,0.0
mean,2025,11,140,PT1 0 bat,0.0
mean,2025,11,141,PT1 0 bat,0.0
mean,2025,11,142,PT1 0 bat,0.0
mean,2025,11,143,PT1 0 bat,0.0
mean,2025,11,144,PT1 0 bat,0.0
mean,2025,11,145,PT1 0 bat,0.0
mean,2025,11,146,PT1 0 bat,0.0
mean,2025,11,147,PT1 0 bat,0.0
mean,2025,11,148,PT1 0 bat,0.0
mean,2025,11,149,PT1 0 bat,0.0
mean,2025,11,150,PT1 0 bat,0.0
mean,2025,11,151,PT1 0 bat,0.0
mean,2025,11,152,PT1 0 bat,0.0
mean,2025,11,153,PT1 0 bat,0.0
mean,2025,11,154,PT1 0 bat,0.0
mean,2025,11,155,PT1 0 bat,0.0
mean,2025,11,156,PT1 0 bat,0.0
mean,2025,11,157,PT1 0 bat,0.0
mean,2025,11,158,PT1 0 bat,0.0
mean,2025,11,159,PT1 0 bat,0.0
mean,2025,11,160,PT1 0 bat,0.0
mean,2025,11,161,PT1 0 bat,0.0
mean,2025,11,162,PT1 0 bat,-0.0025069055690163287
mean,2025,11,163,PT1 0 bat,0.0
mean,2025,11,164,PT1 0 bat,0.0
mean,2025,11,165,PT1 0 bat,0.0
mean,2025,11,166,PT1 0 bat,0.0
mean,2025,11,167,PT1 0 bat,0.0
mean,2025,21,0,PT1 0 bat,-62.28447667108301
mean,2025,21,1,PT1 0 bat,0.0
mean,2025,21,2,PT1 0 bat,0.0
mean,2025,21,3,PT1 0 bat,0.0
mean,2025,21,4,PT1 0 bat,0.0
mean,2025,21,5,PT1 0 bat,0.0
mean,2025,21,6,PT1 0 bat,0.0
mean,2025,21,7,PT1 0 bat,0.0
mean,2025,21,8,PT1 0 bat,0.0
mean,2025,21,9,PT1 0 bat,0.0
mean,2025,21,10,PT1 0 bat,0.0
mean,2025,21,11,PT1 0 bat,0.0
mean,2025,21,12,PT1 0 bat,0.0
mean,2025,21,13,PT1 0 bat,0.0
mean,2025,21,14,PT1 0 bat,0.0
mean,2025,21,15,PT1 0 bat,0.0
mean,2025,21,16,PT1 0 bat,0.0
mean,2025,21,17,PT1 0 bat,0.0
mean,2025,21,18,PT1 0 bat,0.0
mean,2025,21,19,PT1 0 bat,0.0
mean,2025,21,20,PT1 0 bat,0.0
mean,2025,21,21,PT1 0 bat,0.0
mean,2025,21,22,PT1 0 bat,0.0
mean,2025,21,23,PT1 0 bat,0.0
mean,2025,21,24,PT1 0 bat,0.0
mean,2025,21,25,PT1 0 bat,0.0
mean,2025,21,26,PT1 0 bat,0.0
mean,2025,21,27,PT1 0 bat,0.0
mean,2025,21,28,PT1 0 bat,0.0
mean,2025,21,29,PT1 0 bat,0.0
mean,2025,21,30,PT1 0 bat,0.0
mean,2025,21,31,PT1 0 bat,0.0
mean,2025,21,32,PT1 0 bat,0.0
mean,2025,21,33,PT1 0 bat,0.0
mean,2025,21,34,PT1 0 bat,0.0
mean,2025,21,35,PT1 0 bat,0.0
mean,2025,21,36,PT1 0 bat,0.0
mean,2025,21,37,PT1 0 bat,0.0
mean,2025,21,38,PT1 0 bat,0.0
mean,2025,21,39,PT1 0 bat,0.0
mean,2025,21,40,PT1 0 bat,0.0
mean,2025,21,41,PT1 0 bat,0.0
mean,2025,21,42,PT1 0 bat,0.0
mean,2025,21,43,PT1 0 bat,0.0
mean,2025,21,44,PT1 0 bat,0.0
mean,2025,21,45,PT1 0 bat,0.0
mean,2025,21,46,PT1 0 bat,0.0
mean,2025,21,47,PT1 0 bat,0.0
mean,2025,21,48,PT1 0 bat,0.0
mean,2025,21,49,PT1 0 bat,0.0
mean,2025,21,50,PT1 0 bat,0.0
mean,2025,21,51,PT1 0 bat,0.0
mean,2025,21,52,PT1 0 bat,0.0
mean,2025,21,53,PT1 0 bat,0.0
mean,2025,21,54,PT1 0 bat,0.0
mean,2025,21,55,PT1 0 bat,0.0
mean,2025,21,56,PT1 0 bat,0.0
mean,2025,21,57,PT1 0 bat,0.0
mean,2025,21,58,PT1 0 bat,0.0
mean,2025,21,59,PT1 0 bat,0.0
mean,2025,21,60,PT1 0 bat,0.0
mean,2025,21,61,PT1 0 bat,0.0
mean,2025,21,62,PT1 0 bat,0.0
mean,2025,21,63,PT1 0 bat,0.0
mean,2025,21,64,PT1 0 bat,0.0
mean,2025,21,65,PT1 0 bat,0.0
mean,2025,21,66,PT1 0 bat,0.0
mean,2025,21,67,PT1 0 bat,-60.33051091100906
mean,2025,21,68,PT1 0 bat,0.0
mean,2025,21,69,PT1 0 bat,0.0
mean,2025,21,70,PT1 0 bat,0.0
mean,2025,21,71,PT1 0 bat,0.0
mean,2025,21,72,PT1 0 bat,0.0
mean,2025,21,73,PT1 0 bat,0.0
mean,2025,21,74,PT1 0 bat,0.0
mean,2025,21,75,PT1 0 bat,0.0
mean,2025,21,76,PT1 0 bat,0.0
mean,2025,21,77,PT1 0 bat,0.0
mean,2025,21,78,PT1 0 bat,-0.01784154490520475
mean,2025,21,79,PT1 0 bat,0.0
mean,2025,21,80,PT1 0 bat,0.0
mean,2025,21,81,PT1 0 bat,0.0
mean,2025,21,82,PT1 0 bat,0.0
mean,2025,21,83,PT1 0 bat,0.0
mean,2025,21,84,PT1 0 bat,0.0
mean,2025,21,85,PT1 0 bat,0.0
mean,2025,21,86,PT1 0 bat,0.0
mean,2025,21,87,PT1 0 bat,0.0
mean,2025,21,88,PT1 0 bat,0.0
mean,2025,21,89,PT1 0 bat,0.0
mean,2025,21,90,PT1 0 bat,0.0
mean,2025,21,91,PT1 0 bat,0.0
mean,2025,21,92,PT1 0 bat,0.0
mean,2025,21,93,PT1 0 bat,0.0
mean,2025,21,94,PT1 0 bat,0.0
mean,2025,21,95,PT1 0 bat,0.0
mean,2025,21,96,PT1 0 bat,0.0
mean,2025,21,97,PT1 0 bat,0.0
mean,2025,21,98,PT1 0 bat,0.0
mean,2025,21,99,PT1 0 bat,0.0
mean,2025,21,100,PT1 0 bat,0.0
mean,2025,21,101,PT1 0 bat,0.0
mean,2025,21,102,PT1 0 bat,0.0
mean,2025,21,103,PT1 0 bat,0.0
mean,2025,21,104,PT1 0 bat,0.0
mean,2025,21,105,PT1 0 bat,0.0
mean,2025,21,106,PT1 0 bat,0.0
mean,2025,21,107,PT1 0 bat,0.0
mean,2025,21,108,PT1 0 bat,0.0
mean,2025,21,109,PT1 0 bat,0.0
mean,2025,21,110,PT1 0 bat,0.0
mean,2025,21,111,PT1 0 bat,0.0
mean,2025,21,112,PT1 0 bat,0.0
mean,2025,21,113,PT1 0 bat,0.0
mean,2025,21,114,PT1 0 bat,0.0
mean,2025,21,115,PT1 0 bat,0.0
mean,2025,21,116,PT1 0 bat,0.0
mean,2025,21,117,PT1 0 bat,0.0
mean,2025,21,118,PT1 0 bat,0.0
mean,2025,21,119,PT1 0 bat,0.0
mean,2025,21,120,PT1 0 bat,0.0
mean,2025,21,121,PT1 0 bat,0.0
mean,2025,21,122,PT1 0 bat,0.0
mean,2025,21,123,PT1 0 bat,0.0
mean,2025,21,124,PT1 0 bat,0.0
mean,2025,21,125,PT1 0 bat,0.0
mean,2025,21,126,PT1 0 bat,0.0
mean,2025,21,127,PT1 0 bat,0.0
mean,2025,21,128,PT1 0 bat,0.0
mean,2025,21,129,PT1 0 bat,0.0
mean,2025,21,130,PT1 0 bat,0.0
mean,2025,21,131,PT1 0 bat,0.0
mean,2025,21,132,PT1 0 bat,0.0
mean,2025,21,133,PT1 0 bat,0.0
mean,2025,21,134,PT1 0 bat,0.0
mean,2025,21,135,PT1 0 bat,0.0
mean,2025,21,136,PT1 0 bat,0.0
mean,2025,21,137,PT1 0 bat,0.0
mean,2025,21,138,PT1 0 bat,0.0
mean,2025,21,139,PT1 0 bat,0.0
mean,2025,21,140,PT1 0 bat,0.0
mean,2025,21,141,PT1 0 bat,0.0
mean,2025,21,142,PT1 0 bat,-0.020232737236178824
mean,2025,21,143,PT1 0 bat,0.0
mean,2025,21,144,PT1 0 bat,0.0
mean,2025,21,145,PT1 0 bat,0.0
mean,2025,21,146,PT1 0 bat,0.0
mean,2025,21,147,PT1 0 bat,0.0
mean,2025,21,148,PT1 0 bat,0.0
mean,2025,21,149,PT1 0 bat,0.0
mean,2025,21,150,PT1 0 bat,0.0
mean,2025,21,151,PT1 0 bat,0.0
mean,2025,21,152,PT1 0 bat,0.0
mean,2025,21,153,PT1 0 bat,0.0
mean,2025,21,154,PT1 0 bat,0.0
mean,2025,21,155,PT1 0 bat,0.0
mean,2025,21,156,PT1 0 bat,0.0
mean,2025,21,157,PT1 0 bat,0.0
mean,2025,21,158,PT1 0 bat,0.0
mean,2025,21,159,PT1 0 bat,0.0
mean,2025,21,160,PT1 0 bat,0.0
mean,2025,21,161,PT1 0 bat,0.0
mean,2025,21,162,PT1 0 bat,0.0
mean,2025,21,163,PT1 0 bat,0.0
mean,2025,21,164,PT1 0 bat,0.0
mean,2025,21,165,PT1 0 bat,0.0
mean,2025,21,166,PT1 0 bat,0.0
mean,2025,21,167,PT1 0 bat,0.0
mean,2025,42,0,PT1 0 bat,-63.11790467965578
mean,2025,42,1,PT1 0 bat,0.0
mean,2025,42,2,PT1 0 bat,0.0
mean,2025,42,3,PT1 0 bat,0.0
mean,2025,42,4,PT1 0 bat,0.0
mean,2025,42,5,PT1 0 bat,0.0
mean,2025,42,6,PT1 0 bat,0.0
mean,2025,42,7,PT1 0 bat,0.0
mean,2025,42,8,PT1 0 bat,0.0
mean,2025,42,9,PT1 0 bat,0.0
mean,2025,42,10,PT1 0 bat,0.0
mean,2025,42,11,PT1 0 bat,0.0
mean,2025,42,12,PT1 0 bat,0.0
mean,2025,42,13,PT1 0 bat,0.0
mean,2025,42,14,PT1 0 bat,0.0
mean,2025,42,15,PT1 0 bat,0.0
mean,2025,42,16,PT1 0 bat,0.0
mean,2025,42,17,PT1 0 bat,0.0
mean,2025,42,18,PT1 0 bat,0.0
mean,2025,42,19,PT1 0 bat,0.0
mean,2025,42,20,PT1 0 bat,0.0
mean,2025,42,21,PT1 0 bat,0.0
mean,2025,42,22,PT1 0 bat,0.0
mean,2025,42,23,PT1 0 bat,0.0
mean,2025,42,24,PT1 0 bat,0.0
mean,2025,42,25,PT1 0 bat,0.0
mean,2025,42,26,PT1 0 bat,0.0
mean,2025,42,27,PT1 0 bat,0.0
mean,2025,42,28,PT1 0 bat,0.0
mean,2025,42,29,PT1 0 bat,0.0
mean,2025,42,30,PT1 0 bat,0.0
mean,2025,42,31,PT1 0 bat,0.0
mean,2025,42,32,PT1 0 bat,0.0
mean,2025,42,33,PT1 0 bat,0.0
mean,2025,42,34,PT1 0 bat,0.0
mean,2025,42,35,PT1 0 bat,0.0
mean,2025,42,36,PT1 0 bat,0.0
mean,2025,42,37,PT1 0 bat,0.0
mean,2025,42,38,PT1 0 bat,0.0
mean,2025,42,39,PT1 0 bat,0.0
mean,2025,42,40,PT1 0 bat,0.0
mean,2025,42,41,PT1 0 bat,0.0
mean,2025,42,42,PT1 0 bat,0.0
mean,2025,42,43,PT1 0 bat,0.0
mean,2025,42,44,PT1 0 bat,0.0
mean,2025,42,45,PT1 0 bat,0.0
mean,2025,42,46,PT1 0 bat,0.0
mean,2025,42,47,PT1 0 bat,0.0
mean,2025,42,48,PT1 0 bat,0.0
mean,2025,42,49,PT1 0 bat,0.0
mean,2025,42,50,PT1 0 bat,0.0
mean,2025,42,51,PT1 0 bat,0.0
mean,2025,42,52,PT1 0 bat,0.0
mean,2025,42,53,PT1 0 bat,0.0
mean,2025,42,54,PT1 0 bat,0.0
mean,2025,42,55,PT1 0 bat,0.0
mean,2025,42,56,PT1 0 bat,0.0
mean,2025,42,57,PT1 0 bat,0.0
mean,2025,42,58,PT1 0 bat,0.0
mean,2025,42,59,PT1 0 bat,0.0
mean,2025,42,60,PT1 0 bat,0.0
mean,2025,42,61,PT1 0 bat,0.0
mean,2025,42,62,PT1 0 bat,0.0
mean,2025,42,63,PT1 0 bat,0.0
mean,2025,42,64,PT1 0 bat,0.0
mean,2025,42,65,PT1 0 bat,0.0
mean,2025,42,66,PT1 0 bat,-0.030096963254132563
mean,2025,42,67,PT1 0 bat,0.0
mean,2025,42,68,PT1 0 bat,0.0
mean,2025,42,69,PT1 0 bat,0.0
mean,2025,42,70,PT1 0 bat,0.0
mean,2025,42,71,PT1 0 bat,0.0
mean,2025,42,72,PT1 0 bat,0.0
mean,2025,42,73,PT1 0 bat,0.0
mean,2025,42,74,PT1 0 bat,0.0
mean,2025,42,75,PT1 0 bat,0.0
mean,2025,42,76,PT1 0 bat,0.0
mean,2025,42,77,PT1 0 bat,0.0
mean,2025,42,78,PT1 0 bat,0.0
mean,2025,42,79,PT1 0 bat,0.0
mean,2025,42,80,PT1 0 bat,0.0
mean,2025,42,81,PT1 0 bat,0.0
mean,2025,42,82,PT1 0 bat,0.0
mean,2025,42,83,PT1 0 bat,0.0
mean,2025,42,84,PT1 0 bat,0.0
mean,2025,42,85,PT1 0 bat,0.0
mean,2025,42,86,PT1 0 bat,0.0
mean,2025,42,87,PT1 0 bat,0.0
mean,2025,42,88,PT1 0 bat,0.0
mean,2025,42,89,PT1 0 bat,0.0
mean,2025,42,90,PT1 0 bat,-1.1980215015245175
mean,2025,42,91,PT1 0 bat,0.0
mean,2025,42,92,PT1 0 bat,0.0
mean,2025,42,93,PT1 0 bat,0.0
mean,2025,42,94,PT1 0 bat,0.0
mean,2025,42,95,PT1 0 bat,0.0
mean,2025,42,96,PT1 0 bat,0.0
mean,2025,42,97,PT1 0 bat,0.0
mean,2025,42,98,PT1 0 bat,0.0
mean,2025,42,99,PT1 0 bat,0.0
mean,2025,42,100,PT1 0 bat,0.0
mean,2025,42,101,PT1 0 bat,0.0
mean,2025,42,102,PT1 0 bat,0.0
mean,2025,42,103,PT1 0 bat,0.0
mean,2025,42,104,PT1 0 bat,0.0
mean,2025,42,105,PT1 0 bat,0.0
mean,2025,42,106,PT1 0 bat,0.0
mean,2025,42,107,PT1 0 bat,0.0
mean,2025,42,108,PT1 0 bat,0.0
mean,2025,42,109,PT1 0 bat,0.0
mean,2025,42,110,PT1 0 bat,0.0
mean,2025,42,111,PT1 0 bat,0.0
mean,2025,42,112,PT1 0 bat,0.0
mean,2025,42,113,PT1 0 bat,0.0
mean,2025,42,114,PT1 0 bat,-0.002530879634207239
mean,2025,42,115,PT1 0 bat,0.0
mean,2025,42,116,PT1 0 bat,0.0
mean,2025,42,117,PT1 0 bat,0.0
mean,2025,42,118,PT1 0 bat,0.0
mean,2025,42,119,PT1 0 bat,0.0
mean,2025,42,120,PT1 0 bat,0.0
mean,2025,42,121,PT1 0 bat,0.0
mean,2025,42,122,PT1 0 bat,0.0
mean,2025,42,123,PT1 0 bat,0.0
mean,2025,42,124,PT1 0 bat,0.0
mean,2025,42,125,PT1 0 bat,0.0
mean,2025,42,126,PT1 0 bat,0.0
mean,2025,42,127,PT1 0 bat,0.0
mean,2025,42,128,PT1 0 bat,0.0
mean,2025,42,129,PT1 0 bat,0.0
mean,2025,42,130,PT1 0 bat,0.0
mean,2025,42,131,PT1 0 bat,0.0
mean,2025,42,132,PT1 0 bat,0.0
mean,2025,42,133,PT1 0 bat,0.0
mean,2025,42,134,PT1 0 bat,0.0
mean,2025,42,135,PT1 0 bat,0.0
mean,2025,42,136,PT1 0 bat,0.0
mean,2025,42,137,PT1 0 bat,0.0
mean,2025,42,138,PT1 0 bat,-0.0025492901631803586
mean,2025,42,139,PT1 0 bat,0.0
mean,2025,42,140,PT1 0 bat,0.0
mean,2025,42,141,PT1 0 bat,0.0
mean,2025,42,142,PT1 0 bat,0.0
mean,2025,42,143,PT1 0 bat,0.0
mean,2025,42,144,PT1 0 bat,0.0
mean,2025,42,145,PT1 0 bat,0.0
mean,2025,42,146,PT1 0 bat,0.0
mean,2025,42,147,PT1 0 bat,0.0
mean,2025,42,148,PT1 0 bat,0.0
mean,2025,42,149,PT1 0 bat,0.0
mean,2025,42,150,PT1 0 bat,0.0
mean,2025,42,151,PT1 0 bat,0.0
mean,2025,42,152,PT1 0 bat,0.0
mean,2025,42,153,PT1 0 bat,0.0
mean,2025,42,154,PT1 0 bat,0.0
mean,2025,42,155,PT1 0 bat,0.0
mean,2025,42,156,PT1 0 bat,0.0
mean,2025,42,157,PT1 0 bat,0.0
mean,2025,42,158,PT1 0 bat,0.0
mean,2025,42,159,PT1 0 bat,0.0
mean,2025,42,160,PT1 0 bat,0.0
mean,2025,42,161,PT1 0 bat,0.0
mean,2025,42,162,PT1 0 bat,0.0
mean,2025,42,163,PT1 0 bat,0.0
mean,2025,42,164,PT1 0 bat,0.0
mean,2025,42,165,PT1 0 bat,0.0
mean,2025,42,166,PT1 0 bat,0.0
mean,2025,42,167,PT1 0 bat,0.0
mean,2025,52,0,PT1 0 bat,-61.35972859670608
mean,2025,52,1,PT1 0 bat,0.0
mean,2025,52,2,PT1 0 bat,0.0
mean,2025,52,3,PT1 0 bat,0.0
mean,2025,52,4,PT1 0 bat,0.0
mean,2025,52,5,PT1 0 bat,0.0
mean,2025,52,6,PT1 0 bat,0.0
mean,2025,52,7,PT1 0 bat,0.0
mean,2025,52,8,PT1 0 bat,0.0
mean,2025,52,9,PT1 0 bat,0.0
mean,2025,52,10,PT1 0 bat,0.0
mean,2025,52,11,PT1 0 bat,0.0
mean,2025,52,12,PT1 0 bat,0.0
mean,2025,52,13,PT1 0 bat,0.0
mean,2025,52,14,PT1 0 bat,0.0
mean,2025,52,15,PT1 0 bat,0.0
mean,2025,52,16,PT1 0 bat,0.0
mean,2025,52,17,PT1 0 bat,0.0
mean,2025,52,18,PT1 0 bat,0.0
mean,2025,52,19,PT1 0 bat,0.0
mean,2025,52,20,PT1 0 bat,0.0
mean,2025,52,21,PT1 0 bat,0.0
mean,2025,52,22,PT1 0 bat,0.0
mean,2025,52,23,PT1 0 bat,0.0
mean,2025,52,24,PT1 0 bat,0.0
mean,2025,52,25,PT1 0 bat,0.0
mean,2025,52,26,PT1 0 bat,0.0
mean,2025,52,27,PT1 0 bat,0.0
mean,2025,52,28,PT1 0 bat,0.0
mean,2025,52,29,PT1 0 bat,0.0
mean,2025,52,30,PT1 0 bat,0.0
mean,2025,52,31,PT1 0 bat,0.0
mean,2025,52,32,PT1 0 bat,0.0
mean,2025,52,33,PT1 0 bat,0.0
mean,2025,52,34,PT1 0 bat,0.0
mean,2025,52,35,PT1 0 bat,0.0
mean,2025,52,36,PT1 0 bat,0.0
mean,2025,52,37,PT1 0 bat,0.0
mean,2025,52,38,PT1 0 bat,0.0
mean,2025,52,39,PT1 0 bat,0.0
mean,2025,52,40,PT1 0 bat,0.0
mean,2025,52,41,PT1 0 bat,0.0
mean,2025,52,42,PT1 0 bat,0.0
mean,2025,52,43,PT1 0 bat,0.0
mean,2025,52,44,PT1 0 bat,0.0
mean,2025,52,45,PT1 0 bat,0.0
mean,2025,52,46,PT1 0 bat,0.0
mean,2025,52,47,PT1 0 bat,0.0
mean,2025,52,48,PT1 0 bat,0.0
mean,2025,52,49,PT1 0 bat,0.0
mean,2025,52,50,PT1 0 bat,0.0
mean,2025,52,51,PT1 0 bat,0.0
mean,2025,52,52,PT1 0 bat,0.0
mean,2025,52,53,PT1 0 bat,0.0
mean,2025,52,54,PT1 0 bat,0.0
mean,2025,52,55,PT1 0 bat,0.0
mean,2025,52,56,PT1 0 bat,0.0
mean,2025,52,57,PT1 0 bat,0.0
mean,2025,52,58,PT1 0 bat,0.0
mean,2025,52,59,PT1 0 bat,0.0
mean,2025,52,60,PT1 0 bat,0.0
mean,2025,52,61,PT1 0 bat,0.0
mean,2025,52,62,PT1 0 bat,0.0
mean,2025,52,63,PT1 0 bat,0.0
mean,2025,52,64,PT1 0 bat,0.0
mean,2025,52,65,PT1 0 bat,0.0
mean,2025,52,66,PT1 0 bat,0.0
mean,2025,52,67,PT1 0 bat,0.0
mean,2025,52,68,PT1 0 bat,0.0
mean,2025,52,69,PT1 0 bat,0.0
mean,2025,52,70,PT1 0 bat,0.0
mean,2025,52,71,PT1 0 bat,0.0
mean,2025,52,72,PT1 0 bat,0.0
mean,2025,52,73,PT1 0 bat,0.0
mean,2025,52,74,PT1 0 bat,0.0
mean,2025,52,75,PT1 0 bat,0.0
mean,2025,52,76,PT1 0 bat,0.0
mean,2025,52,77,PT1 0 bat,0.0
mean,2025,52,78,PT1 0 bat,0.0
mean,2025,52,79,PT1 0 bat,0.0
mean,2025,52,80,PT1 0 bat,0.0
mean,2025,52,81,PT1 0 bat,0.0
mean,2025,52,82,PT1 0 bat,0.0
mean,2025,52,83,PT1 0 bat,0.0
mean,2025,52,84,PT1 0 bat,0.0
mean,2025,52,85,PT1 0 bat,0.0
mean,2025,52,86,PT1 0 bat,0.0
mean,2025,52,87,PT1 0 bat,0.0
mean,2025,52,88,PT1 0 bat,0.0
mean,2025,52,89,PT1 0 bat,0.0
mean,2025,52,90,PT1 0 bat,0.0
mean,2025,52,91,PT1 0 bat,0.0
mean,2025,52,92,PT1 0 bat,0.0
mean,2025,52,93,PT1 0 bat,0.0
mean,2025,52,94,PT1 0 bat,0.0
mean,2025,52,95,PT1 0 bat,0.0
mean,2025,52,96,PT1 0 bat,0.0
mean,2025,52,97,PT1 0 bat,0.0
mean,2025,52,98,PT1 0 bat,0.0
mean,2025,52,99,PT1 0 bat,0.0
mean,2025,52,100,PT1 0 bat,0.0
mean,2025,52,101,PT1 0 bat,0.0
mean,2025,52,102,PT1 0 bat,0.0
mean,2025,52,103,PT1 0 bat,0.0
mean,2025,52,104,PT1 0 bat,0.0
mean,2025,52,105,PT1 0 bat,0.0
mean,2025,52,106,PT1 0 bat,0.0
mean,2025,52,107,PT1 0 bat,0.0
mean,2025,52,108,PT1 0 bat,0.0
mean,2025,52,109,PT1 0 bat,0.0
mean,2025,52,110,PT1 0 bat,0.0
mean,2025,52,111,PT1 0 bat,0.0
mean,2025,52,112,PT1 0 bat,0.0
mean,2025,52,113,PT1 0 bat,0.0
mean,2025,52,114,PT1 0 bat,0.0
mean,2025,52,115,PT1 0 bat,0.0
mean,2025,52,116,PT1 0 bat,0.0
mean,2025,52,117,PT1 0 bat,0.0
mean,2025,52,118,PT1 0 bat,0.0
mean,2025,52,119,PT1 0 bat,0.0
mean,2025,52,120,PT1 0 bat,0.0
mean,2025,52,121,PT1 0 bat,0.0
mean,2025,52,122,PT1 0 bat,0.0
mean,2025,52,123,PT1 0 bat,0.0
mean,2025,52,124,PT1 0 bat,0.0
mean,2025,52,125,PT1 0 bat,0.0
mean,2025,52,126,PT1 0 bat,0.0
mean,2025,52,127,PT1 0 bat,0.0
mean,2025,52,128,PT1 0 bat,0.0
mean,2025,52,129,PT1 0 bat,0.0
mean,2025,52,130,PT1 0 bat,0.0
mean,2025,52,131,PT1 0 bat,0.0
mean,2025,52,132,PT1 0 bat,0.0
mean,2025,52,133,PT1 0 bat,0.0
mean,2025,52,134,PT1 0 bat,0.0
mean,2025,52,135,PT1 0 bat,0.0
mean,2025,52,136,PT1 0 bat,0.0
mean,2025,52,137,PT1 0 bat,0.0
mean,2025,52,138,PT1 0 bat,0.0
mean,2025,52,139,PT1 0 bat,-0.0025156404898104344
mean,2025,52,140,PT1 0 bat,0.0
mean,2025,52,141,PT1 0 bat,0.0
mean,2025,52,142,PT1 0 bat,0.0
mean,2025,52,143,PT1 0 bat,0.0
mean,2025,52,144,PT1 0 bat,0.0
mean,2025,52,145,PT1 0 bat,0.0
mean,2025,52,146,PT1 0 bat,0.0
mean,2025,52,147,PT1 0 bat,0.0
mean,2025,52,148,PT1 0 bat,0.0
mean,2025,52,149,PT1 0 bat,-0.0025156404898104344
mean,2025,52,150,PT1 0 bat,0.0
mean,2025,52,151,PT1 0 bat,0.0
mean,2025,52,152,PT1 0 bat,0.0
mean,2025,52,153,PT1 0 bat,0.0
mean,2025,52,154,PT1 0 bat,0.0
mean,2025,52,155,PT1 0 bat,0.0
mean,2025,52,156,PT1 0 bat,0.0
mean,2025,52,157,PT1 0 bat,0.0
mean,2025,52,158,PT1 0 bat,0.0
mean,2025,52,159,PT1 0 bat,0.0
mean,2025,52,160,PT1 0 bat,0.0
mean,2025,52,161,PT1 0 bat,-0.002522379264101888
mean,2025,52,162,PT1 0 bat,0.0
mean,2025,52,163,PT1 0 bat,0.0
mean,2025,52,164,PT1 0 bat,0.0
mean,2025,52,165,PT1 0 bat,0.0
mean,2025,52,166,PT1 0 bat,0.0
mean,2025,52,167,PT1 0 bat,0.0
mean,2030,11,0,PT1 0 bat,-0.014488313893919361
mean,2030,11,1,PT1 0 bat,0.0
mean,2030,11,2,PT1 0 bat,0.0
mean,2030,11,3,PT1 0 bat,0.0
mean,2030,11,4,PT1 0 bat,0.0
mean,2030,11,5,PT1 0 bat,0.0
mean,2030,11,6,PT1 0 bat,0.0
mean,2030,11,7,PT1 0 bat,0.0
mean,2030,11,8,PT1 0 bat,0.0
mean,2030,11,9,PT1 0 bat,0.0
mean,2030,11,10,PT1 0 bat,0.0
mean,2030,11,11,PT1 0 bat,0.0
mean,2030,11,12,PT1 0 bat,0.0
mean,2030,11,13,PT1 0 bat,0.0
mean,2030,11,14,PT1 0 bat,0.0
mean,2030,11,15,PT1 0 bat,0.0
mean,2030,11,16,PT1 0 bat,0.0
mean,2030,11,17,PT1 0 bat,0.0
mean,2030,11,18,PT1 0 bat,0.0
mean,2030,11,19,PT1 0 bat,0.0
mean,2030,11,20,PT1 0 bat,0.0
mean,2030,11,21,PT1 0 bat,0.0
mean,2030,11,22,PT1 0 bat,0.0
mean,2030,11,23,PT1 0 bat,0.0
mean,2030,11,24,PT1 0 bat,0.0
mean,2030,11,25,PT1 0 bat,0.0
mean,2030,11,26,PT1 0 bat,0.0
mean,2030,11,27,PT1 0 bat,0.0
mean,2030,11,28,PT1 0 bat,0.0
mean,2030,11,29,PT1 0 bat,0.0
mean,2030,11,30,PT1 0 bat,0.0
mean,2030,11,31,PT1 0 bat,0.0
mean,2030,11,32,PT1 0 bat,0.0
mean,2030,11,33,PT1 0 bat,0.0
mean,2030,11,34,PT1 0 bat,0.0
mean,2030,11,35,PT1 0 bat,0.0
mean,2030,11,36,PT1 0 bat,0.0
mean,2030,11,37,PT1 0 bat,0.0
mean,2030,11,38,PT1 0 bat,0.0
mean,2030,11,39,PT1 0 bat,0.0
mean,2030,11,40,PT1 0 bat,0.0
mean,2030,11,41,PT1 0 bat,0.0
mean,2030,11,42,PT1 0 bat,0.0
mean,2030,11,43,PT1 0 bat,0.0
mean,2030,11,44,PT1 0 bat,0.0
mean,2030,11,45,PT1 0 bat,0.0
mean,2030,11,46,PT1 0 bat,0.0
mean,2030,11,47,PT1 0 bat,0.0
mean,2030,11,48,PT1 0 bat,0.0
mean,2030,11,49,PT1 0 bat,0.0
mean,2030,11,50,PT1 0 bat,0.0
mean,2030,11,51,PT1 0 bat,0.0
mean,2030,11,52,PT1 0 bat,0.0
mean,2030,11,53,PT1 0 bat,0.0
mean,2030,11,54,PT1 0 bat,0.0
mean,2030,11,55,PT1 0 bat,0.0
mean,2030,11,56,PT1 0 bat,0.0
mean,2030,11,57,PT1 0 bat,0.0
mean,2030,11,58,PT1 0 bat,0.0
mean,2030,11,59,PT1 0 bat,0.0
mean,2030,11,60,PT1 0 bat,0.0
mean,2030,11,61,PT1 0 bat,0.0
mean,2030,11,62,PT1 0 bat,0.0
mean,2030,11,63,PT1 0 bat,0.0
mean,2030,11,64,PT1 0 bat,0.0
mean,2030,11,65,PT1 0 bat,0.0
mean,2030,11,66,PT1 0 bat,0.0
mean,2030,11,67,PT1 0 bat,0.0
mean,2030,11,68,PT1 0 bat,0.0
mean,2030,11,69,PT1 0 bat,0.0
mean,2030,11,70,PT1 0 bat,0.0
mean,2030,11,71,PT1 0 bat,0.0
mean,2030,11,72,PT1 0 bat,0.0
mean,2030,11,73,PT1 0 bat,0.0
mean,2030,11,74,PT1 0 bat,0.0
mean,2030,11,75,PT1 0 bat,0.0
mean,2030,11,76,PT1 0 bat,0.0
mean,2030,11,77,PT1 0 bat,0.0
mean,2030,11,78,PT1 0 bat,0.0
mean,2030,11,79,PT1 0 bat,0.0
mean,2030,11,80,PT1 0 bat,0.0
mean,2030,11,81,PT1 0 bat,0.0
mean,2030,11,82,PT1 0 bat,0.0
mean,2030,11,83,PT1 0 bat,0.0
mean,2030,11,84,PT1 0 bat,0.0
mean,2030,11,85,PT1 0 bat,0.0
mean,2030,11,86,PT1 0 bat,0.0
mean,2030,11,87,PT1 0 bat,0.0
mean,2030,11,88,PT1 0 bat,0.0
mean,2030,11,89,PT1 0 bat,0.0
mean,2030,11,90,PT1 0 bat,0.0
mean,2030,11,91,PT1 0 bat,0.0
mean,2030,11,92,PT1 0 bat,0.0
mean,2030,11,93,PT1 0 bat,0.0
mean,2030,11,94,PT1 0 bat,0.0
mean,2030,11,95,PT1 0 bat,0.0
mean,2030,11,96,PT1 0 bat,0.0
mean,2030,11,97,PT1 0 bat,0.0
mean,2030,11,98,PT1 0 bat,0.0
mean,2030,11,99,PT1 0 bat,0.0
mean,2030,11,100,PT1 0 bat,0.0
mean,2030,11,101,PT1 0 bat,0.0
mean,2030,11,102,PT1 0 bat,0.0
mean,2030,11,103,PT1 0 bat,0.0
mean,2030,11,104,PT1 0 bat,0.0
mean,2030,11,105,PT1 0 bat,0.0
mean,2030,11,106,PT1 0 bat,0.0
mean,2030,11,107,PT1 0 bat,0.0
mean,2030,11,108,PT1 0 bat,0.0
mean,2030,11,109,PT1 0 bat,0.0
mean,2030,11,110,PT1 0 bat,0.0
mean,2030,11,111,PT1 0 bat,0.0
mean,2030,11,112,PT1 0 bat,0.0
mean,2030,11,113,PT1 0 bat,0.0
mean,2030,11,114,PT1 0 bat,0.0
mean,2030,11,115,PT1 0 bat,0.0
mean,2030,11,116,PT1 0 bat,0.0
mean,2030,11,117,PT1 0 bat,0.0
mean,2030,11,118,PT1 0 bat,0.0
mean,2030,11,119,PT1 0 bat,0.0
mean,2030,11,120,PT1 0 bat,0.0
mean,2030,11,121,PT1 0 bat,0.0
mean,2030,11,122,PT1 0 bat,0.0
mean,2030,11,123,PT1 0 bat,0.0
mean,2030,11,124,PT1 0 bat,0.0
mean,2030,11,125,PT1 0 bat,0.0
mean,2030,11,126,PT1 0 bat,0.0
mean,2030,11,127,PT1 0 bat,0.0
mean,2030,11,128,PT1 0 bat,0.0
mean,2030,11,129,PT1 0 bat,0.0
mean,2030,11,130,PT1 0 bat,0.0
mean,2030,11,131,PT1 0 bat,0.0
mean,2030,11,132,PT1 0 bat,0.0
mean,2030,11,133,PT1 0 bat,0.0
mean,2030,11,134,PT1 0 bat,0.0
mean,2030,11,135,PT1 0 bat,0.0
mean,2030,11,136,PT1 0 bat,0.0
mean,2030,11,137,PT1 0 bat,0.0
mean,2030,11,138,PT1 0 bat,0.0
mean,2030,11,139,PT1 0 bat,0.0
mean,2030,11,140,PT1 0 bat,0.0
mean,2030,11,141,PT1 0 bat,0.0
mean,2030,11,142,PT1 0 bat,0.0
mean,2030,11,143,PT1 0 bat,0.0
mean,2030,11,144,PT1 0 bat,0.0
mean,2030,11,145,PT1 0 bat,0.0
mean,2030,11,146,PT1 0 bat,0.0
mean,2030,11,147,PT1 0 bat,0.0
mean,2030,11,148,PT1 0 bat,0.0
mean,2030,11,149,PT1 0 bat,0.0
mean,2030,11,150,PT1 0 bat,0.0
mean,2030,11,151,PT1 0 bat,0.0
mean,2030,11,152,PT1 0 bat,0.0
mean,2030,11,153,PT1 0 bat,0.0
mean,2030,11,154,PT1 0 bat,0.0
mean,2030,11,155,PT1 0 bat,0.0
mean,2030,11,156,PT1 0 bat,0.0
mean,2030,11,157,PT1 0 bat,0.0
mean,2030,11,158,PT1 0 bat,0.0
mean,2030,11,159,PT1 0 bat,0.0
mean,2030,11,160,PT1 0 bat,0.0
mean,2030,11,161,PT1 0 bat,0.0
mean,2030,11,162,PT1 0 bat,0.0
mean,2030,11,163,PT1 0 bat,-0.0025069055690163287
mean,2030,11,164,PT1 0 bat,0.0
mean,2030,11,165,PT1 0 bat,0.0
mean,2030,11,166,PT1 0 bat,0.0
mean,2030,11,167,PT1 0 bat,0.0
mean,2030,21,0,PT1 0 bat,-62.28447667108301
mean,2030,21,1,PT1 0 bat,0.0
mean,2030,21,2,PT1 0 bat,0.0
mean,2030,21,3,PT1 0 bat,0.0
mean,2030,21,4,PT1 0 bat,0.0
mean,2030,21,5,PT1 0 bat,0.0
mean,2030,21,6,PT1 0 bat,0.0
mean,2030,21,7,PT1 0 bat,0.0
mean,2030,21,8,PT1 0 bat,0.0
mean,2030,21,9,PT1 0 bat,0.0
mean,2030,21,10,PT1 0 bat,0.0
mean,2030,21,11,PT1 0 bat,0.0
mean,2030,21,12,PT1 0 bat,0.0
mean,2030,21,13,PT1 0 bat,0.0
mean,2030,21,14,PT1 0 bat,0.0
mean,2030,21,15,PT1 0 bat,0.0
mean,2030,21,16,PT1 0 bat,0.0
mean,2030,21,17,PT1 0 bat,0.0
mean,2030,21,18,PT1 0 bat,0.0
mean,2030,21,19,PT1 0 bat,0.0
mean,2030,21,20,PT1 0 bat,0.0
mean,2030,21,21,PT1 0 bat,0.0
mean,2030,21,22,PT1 0 bat,0.0
mean,2030,21,23,PT1 0 bat,0.0
mean,2030,21,24,PT1 0 bat,0.0
mean,2030,21,25,PT1 0 bat,0.0
mean,2030,21,26,PT1 0 bat,0.0
mean,2030,21,27,PT1 0 bat,0.0
mean,2030,21,28,PT1 0 bat,0.0
mean,2030,21,29,PT1 0 bat,0.0
mean,2030,21,30,PT1 0 bat,0.0
mean,2030,21,31,PT1 0 bat,0.0
mean,2030,21,32,PT1 0 bat,0.0
mean,2030,21,33,PT1 0 bat,0.0
mean,2030,21,34,PT1 0 bat,0.0
mean,2030,21,35,PT1 0 bat,0.0
mean,2030,21,36,PT1 0 bat,0.0
mean,2030,21,37,PT1 0 bat,0.0
mean,2030,21,38,PT1 0 bat,0.0
mean,2030,21,39,PT1 0 bat,0.0
mean,2030,21,40,PT1 0 bat,0.0
mean,2030,21,41,PT1 0 bat,0.0
mean,2030,21,42,PT1 0 bat,0.0
mean,2030,21,43,PT1 0 bat,0.0
mean,2030,21,44,PT1 0 bat,0.0
mean,2030,21,45,PT1 0 bat,0.0
mean,2030,21,46,PT1 0 bat,0.0
mean,2030,21,47,PT1 0 bat,0.0
mean,2030,21,48,PT1 0 bat,0.0
mean,2030,21,49,PT1 0 bat,0.0
mean,2030,21,50,PT1 0 bat,0.0
mean,2030,21,51,PT1 0 bat,0.0
mean,2030,21,52,PT1 0 bat,0.0
mean,2030,21,53,PT1 0 bat,0.0
mean,2030,21,54,PT1 0 bat,0.0
mean,2030,21,55,PT1 0 bat,0.0
mean,2030,21,56,PT1 0 bat,0.0
mean,2030,21,57,PT1 0 bat,0.0
mean,2030,21,58,PT1 0 bat,0.0
mean,2030,21,59,PT1 0 bat,0.0
mean,2030,21,60,PT1 0 bat,0.0
mean,2030,21,61,PT1 0 bat,0.0
mean,2030,21,62,PT1 0 bat,0.0
mean,2030,21,63,PT1 0 bat,0.0
mean,2030,21,64,PT1 0 bat,0.0
mean,2030,21,65,PT1 0 bat,0.0
mean,2030,21,66,PT1 0 bat,0.0
mean,2030,21,67,PT1 0 bat,0.0
mean,2030,21,68,PT1 0 bat,0.0
mean,2030,21,69,PT1 0 bat,0.0
mean,2030,21,70,PT1 0 bat,0.0
mean,2030,21,71,PT1 0 bat,0.0
mean,2030,21,72,PT1 0 bat,0.0
mean,2030,21,73,PT1 0 bat,0.0
mean,2030,21,74,PT1 0 bat,0.0
mean,2030,21,75,PT1 0 bat,0.0
mean,2030,21,76,PT1 0 bat,0.0
mean,2030,21,77,PT1 0 bat,-0.00011274347712073615
mean,2030,21,78,PT1 0 bat,0.0
mean,2030,21,79,PT1 0 bat,0.0
mean,2030,21,80,PT1 0 bat,0.0
mean,2030,21,81,PT1 0 bat,0.0
mean,2030,21,82,PT1 0 bat,0.0
mean,2030,21,83,PT1 0 bat,0.0
mean,2030,21,84,PT1 0 bat,0.0
mean,2030,21,85,PT1 0 bat,0.0
mean,2030,21,86,PT1 0 bat,0.0
mean,2030,21,87,PT1 0 bat,0.0
mean,2030,21,88,PT1 0 bat,-6.120932934137727e-07
mean,2030,21,89,PT1 0 bat,0.0
mean,2030,21,90,PT1 0 bat,0.0
mean,2030,21,91,PT1 0 bat,0.0
mean,2030,21,92,PT1 0 bat,0.0
mean,2030,21,93,PT1 0 bat,0.0
mean,2030,21,94,PT1 0 bat,0.0
mean,2030,21,95,PT1 0 bat,0.0
mean,2030,21,96,PT1 0 bat,0.0
mean,2030,21,97,PT1 0 bat,0.0
mean,2030,21,98,PT1 0 bat,0.0
mean,2030,21,99,PT1 0 bat,0.0
mean,2030,21,100,PT1 0 bat,0.0
mean,2030,21,101,PT1 0 bat,0.0
mean,2030,21,102,PT1 0 bat,0.0
mean,2030,21,103,PT1 0 bat,0.0
mean,2030,21,104,PT1 0 bat,0.0
mean,2030,21,105,PT1 0 bat,0.0
mean,2030,21,106,PT1 0 bat,0.0
mean,2030,21,107,PT1 0 bat,0.0
mean,2030,21,108,PT1 0 bat,0.0
mean,2030,21,109,PT1 0 bat,0.0
mean,2030,21,110,PT1 0 bat,0.0
mean,2030,21,111,PT1 0 bat,0.0
mean,2030,21,112,PT1 0 bat,0.0
mean,2030,21,113,PT1 0 bat,0.0
mean,2030,21,114,PT1 0 bat,0.0
mean,2030,21,115,PT1 0 bat,0.0
mean,2030,21,116,PT1 0 bat,0.0
mean,2030,21,117,PT1 0 bat,0.0
mean,2030,21,118,PT1 0 bat,0.0
mean,2030,21,119,PT1 0 bat,0.0
mean,2030,21,120,PT1 0 bat,0.0
mean,2030,21,121,PT1 0 bat,0.0
mean,2030,21,122,PT1 0 bat,0.0
mean,2030,21,123,PT1 0 bat,0.0
mean,2030,21,124,PT1 0 bat,0.0
mean,2030,21,125,PT1 0 bat,0.0
mean,2030,21,126,PT1 0 bat,0.0
mean,2030,21,127,PT1 0 bat,0.0
mean,2030,21,128,PT1 0 bat,0.0
mean,2030,21,129,PT1 0 bat,0.0
mean,2030,21,130,PT1 0 bat,0.0
mean,2030,21,131,PT1 0 bat,0.0
mean,2030,21,132,PT1 0 bat,0.0
mean,2030,21,133,PT1 0 bat,0.0
mean,2030,21,134,PT1 0 bat,0.0
mean,2030,21,135,PT1 0 bat,0.0
mean,2030,21,136,PT1 0 bat,0.0
mean,2030,21,137,PT1 0 bat,0.0
mean,2030,21,138,PT1 0 bat,-1.886118911723344e-07
mean,2030,21,139,PT1 0 bat,0.0
mean,2030,21,140,PT1 0 bat,0.0
mean,2030,21,141,PT1 0 bat,0.0
mean,2030,21,142,PT1 0 bat,0.0
mean,2030,21,143,PT1 0 bat,0.0
mean,2030,21,144,PT1 0 bat,0.0
mean,2030,21,145,PT1 0 bat,0.0
mean,2030,21,146,PT1 0 bat,0.0
mean,2030,21,147,PT1 0 bat,0.0
mean,2030,21,148,PT1 0 bat,0.0
mean,2030,21,149,PT1 0 bat,0.0
mean,2030,21,150,PT1 0 bat,0.0
mean,2030,21,151,PT1 0 bat,0.0
mean,2030,21,152,PT1 0 bat,0.0
mean,2030,21,153,PT1 0 bat,0.0
mean,2030,21,154,PT1 0 bat,0.0
mean,2030,21,155,PT1 0 bat,0.0
mean,2030,21,156,PT1 0 bat,0.0
mean,2030,21,157,PT1 0 bat,0.0
mean,2030,21,158,PT1 0 bat,0.0
mean,2030,21,159,PT1 0 bat,-0.003689740089497738
mean,2030,21,160,PT1 0 bat,0.0
mean,2030,21,161,PT1 0 bat,0.0
mean,2030,21,162,PT1 0 bat,0.0
mean,2030,21,163,PT1 0 bat,0.0
mean,2030,21,164,PT1 0 bat,0.0
mean,2030,21,165,PT1 0 bat,0.0
mean,2030,21,166,PT1 0 bat,0.0
mean,2030,21,167,PT1 0 bat,0.0
mean,2030,42,0,PT1 0 bat,-63.69152329442356
mean,2030,42,1,PT1 0 bat,0.0
mean,2030,42,2,PT1 0 bat,0.0
mean,2030,42,3,PT1 0 bat,0.0
mean,2030,42,4,PT1 0 bat,0.0
mean,2030,42,5,PT1 0 bat,0.0
mean,2030,42,6,PT1 0 bat,0.0
mean,2030,42,7,PT1 0 bat,0.0
mean,2030,42,8,PT1 0 bat,0.0
mean,2030,42,9,PT1 0 bat,0.0
mean,2030,42,10,PT1 0 bat,0.0
mean,2030,42,11,PT1 0 bat,0.0
mean,2030,42,12,PT1 0 bat,0.0
mean,2030,42,13,PT1 0 bat,0.0
mean,2030,42,14,PT1 0 bat,0.0
mean,2030,42,15,PT1 0 bat,0.0
mean,2030,42,16,PT1 0 bat,0.0
mean,2030,42,17,PT1 0 bat,0.0
mean,2030,42,18,PT1 0 bat,0.0
mean,2030,42,19,PT1 0 bat,0.0
mean,2030,42,20,PT1 0 bat,0.0
mean,2030,42,21,PT1 0 bat,0.0
mean,2030,42,22,PT1 0 bat,0.0
mean,2030,42,23,PT1 0 bat,0.0
mean,2030,42,24,PT1 0 bat,0.0
mean,2030,42,25,PT1 0 bat,0.0
mean,2030,42,26,PT1 0 bat,0.0
mean,2030,42,27,PT1 0 bat,0.0
mean,2030,42,28,PT1 0 bat,0.0
mean,2030,42,29,PT1 0 bat,0.0
mean,2030,42,30,PT1 0 bat,0.0
mean,2030,42,31,PT1 0 bat,0.0
mean,2030,42,32,PT1 0 bat,0.0
mean,2030,42,33,PT1 0 bat,0.0
mean,2030,42,34,PT1 0 bat,0.0
mean,2030,42,35,PT1 0 bat,0.0
mean,2030,42,36,PT1 0 bat,0.0
mean,2030,42,37,PT1 0 bat,0.0
mean,2030,42,38,PT1 0 bat,0.0
mean,2030,42,39,PT1 0 bat,0.0
mean,2030,42,40,PT1 0 bat,0.0
mean,2030,42,41,PT1 0 bat,0.0
mean,2030,42,42,PT1 0 bat,0.0
mean,2030,42,43,PT1 0 bat,0.0
mean,2030,42,44,PT1 0 bat,0.0
mean,2030,42,45,PT1 0 bat,0.0
mean,2030,42,46,PT1 0 bat,0.0
mean,2030,42,47,PT1 0 bat,0.0
mean,2030,42,48,PT1 0 bat,0.0
mean,2030,42,49,PT1 0 bat,0.0
mean,2030,42,50,PT1 0 bat,0.0
mean,2030,42,51,PT1 0 bat,0.0
mean,2030,42,52,PT1 0 bat,0.0
mean,2030,42,53,PT1 0 bat,0.0
mean,2030,42,54,PT1 0 bat,0.0
mean,2030,42,55,PT1 0 bat,0.0
mean,2030,42,56,PT1 0 bat,0.0
mean,2030,42,57,PT1 0 bat,0.0
mean,2030,42,58,PT1 0 bat,0.0
mean,2030,42,59,PT1 0 bat,0.0
mean,2030,42,60,PT1 0 bat,0.0
mean,2030,42,61,PT1 0 bat,0.0
mean,2030,42,62,PT1 0 bat,0.0
mean,2030,42,63,PT1 0 bat,0.0
mean,2030,42,64,PT1 0 bat,0.0
mean,2030,42,65,PT1 0 bat,0.0
mean,2030,42,66,PT1 0 bat,0.0
mean,2030,42,67,PT1 0 bat,0.0
mean,2030,42,68,PT1 0 bat,0.0
mean,2030,42,69,PT1 0 bat,0.0
mean,2030,42,70,PT1 0 bat,0.0
mean,2030,42,71,PT1 0 bat,0.0
mean,2030,42,72,PT1 0 bat,0.0
mean,2030,42,73,PT1 0 bat,0.0
mean,2030,42,74,PT1 0 bat,0.0
mean,2030,42,75,PT1 0 bat,0.0
mean,2030,42,76,PT1 0 bat,0.0
mean,2030,42,77,PT1 0 bat,0.0
mean,2030,42,78,PT1 0 bat,-0.20025539412945612
mean,2030,42,79,PT1 0 bat,0.0
mean,2030,42,80,PT1 0 bat,0.0
mean,2030,42,81,PT1 0 bat,0.0
mean,2030,42,82,PT1 0 bat,0.0
mean,2030,42,83,PT1 0 bat,0.0
mean,2030,42,84,PT1 0 bat,0.0
mean,2030,42,85,PT1 0 bat,0.0
mean,2030,42,86,PT1 0 bat,0.0
mean,2030,42,87,PT1 0 bat,0.0
mean,2030,42,88,PT1 0 bat,0.0
mean,2030,42,89,PT1 0 bat,0.0
mean,2030,42,90,PT1 0 bat,-7.010537911196297
mean,2030,42,91,PT1 0 bat,-0.5411285951498516
mean,2030,42,92,PT1 0 bat,0.0
mean,2030,42,93,PT1 0 bat,0.0
mean,2030,42,94,PT1 0 bat,0.0
mean,2030,42,95,PT1 0 bat,0.0
mean,2030,42,96,PT1 0 bat,0.0
mean,2030,42,97,PT1 0 bat,0.0
mean,2030,42,98,PT1 0 bat,0.0
mean,2030,42,99,PT1 0 bat,0.0
mean,2030,42,100,PT1 0 bat,0.0
mean,2030,42,101,PT1 0 bat,0.0
mean,2030,42,102,PT1 0 bat,0.0
mean,2030,42,103,PT1 0 bat,0.0
mean,2030,42,104,PT1 0 bat,0.0
mean,2030,42,105,PT1 0 bat,0.0
mean,2030,42,106,PT1 0 bat,0.0
mean,2030,42,107,PT1 0 bat,0.0
mean,2030,42,108,PT1 0 bat,0.0
mean,2030,42,109,PT1 0 bat,0.0
mean,2030,42,110,PT1 0 bat,0.0
mean,2030,42,111,PT1 0 bat,0.0
mean,2030,42,112,PT1 0 bat,0.0
mean,2030,42,113,PT1 0 bat,0.0
mean,2030,42,114,PT1 0 bat,0.0
mean,2030,42,115,PT1 0 bat,0.0
mean,2030,42,116,PT1 0 bat,0.0
mean,2030,42,117,PT1 0 bat,0.0
mean,2030,42,118,PT1 0 bat,0.0
mean,2030,42,119,PT1 0 bat,0.0
mean,2030,42,120,PT1 0 bat,0.0
mean,2030,42,121,PT1 0 bat,0.0
mean,2030,42,122,PT1 0 bat,0.0
mean,2030,42,123,PT1 0 bat,0.0
mean,2030,42,124,PT1 0 bat,0.0
mean,2030,42,125,PT1 0 bat,0.0
mean,2030,42,126,PT1 0 bat,0.0
mean,2030,42,127,PT1 0 bat,0.0
mean,2030,42,128,PT1 0 bat,0.0
mean,2030,42,129,PT1 0 bat,0.0
mean,2030,42,130,PT1 0 bat,0.0
mean,2030,42,131,PT1 0 bat,0.0
mean,2030,42,132,PT1 0 bat,0.0
mean,2030,42,133,PT1 0 bat,0.0
mean,2030,42,134,PT1 0 bat,0.0
mean,2030,42,135,PT1 0 bat,0.0
mean,2030,42,136,PT1 0 bat,0.0
mean,2030,42,137,PT1 0 bat,0.0
mean,2030,42,138,PT1 0 bat,0.0
mean,2030,42,139,PT1 0 bat,0.0
mean,2030,42,140,PT1 0 bat,0.0
mean,2030,42,141,PT1 0 bat,0.0
mean,2030,42,142,PT1 0 bat,0.0
mean,2030,42,143,PT1 0 bat,0.0
mean,2030,42,144,PT1 0 bat,0.0
mean,2030,42,145,PT1 0 bat,0.0
mean,2030,42,146,PT1 0 bat,0.0
mean,2030,42,147,PT1 0 bat,0.0
mean,2030,42,148,PT1 0 bat,0.0
mean,2030,42,149,PT1 0 bat,0.0
mean,2030,42,150,PT1 0 bat,0.0
mean,2030,42,151,PT1 0 bat,0.0
mean,2030,42,152,PT1 0 bat,0.0
mean,2030,42,153,PT1 0 bat,0.0
mean,2030,42,154,PT1 0 bat,0.0
mean,2030,42,155,PT1 0 bat,0.0
mean,2030,42,156,PT1 0 bat,0.0
mean,2030,42,157,PT1 0 bat,0.0
mean,2030,42,158,PT1 0 bat,-0.0035956490828692425
mean,2030,42,159,PT1 0 bat,0.0
mean,2030,42,160,PT1 0 bat,0.0
mean,2030,42,161,PT1 0 bat,0.0
mean,2030,42,162,PT1 0 bat,0.0
mean,2030,42,163,PT1 0 bat,0.0
mean,2030,42,164,PT1 0 bat,0.0
mean,2030,42,165,PT1 0 bat,0.0
mean,2030,42,166,PT1 0 bat,0.0
mean,2030,42,167,PT1 0 bat,0.0
mean,2030,52,0,PT1 0 bat,-60.96951724137932
mean,2030,52,1,PT1 0 bat,0.0
mean,2030,52,2,PT1 0 bat,0.0
mean,2030,52,3,PT1 0 bat,0.0
mean,2030,52,4,PT1 0 bat,0.0
mean,2030,52,5,PT1 0 bat,0.0
mean,2030,52,6,PT1 0 bat,0.0
mean,2030,52,7,PT1 0 bat,0.0
mean,2030,52,8,PT1 0 bat,0.0
mean,2030,52,9,PT1 0 bat,0.0
mean,2030,52,10,PT1 0 bat,0.0
mean,2030,52,11,PT1 0 bat,0.0
mean,2030,52,12,PT1 0 bat,0.0
mean,2030,52,13,PT1 0 bat,0.0
mean,2030,52,14,PT1 0 bat,0.0
mean,2030,52,15,PT1 0 bat,0.0
mean,2030,52,16,PT1 0 bat,0.0
mean,2030,52,17,PT1 0 bat,0.0
mean,2030,52,18,PT1 0 bat,0.0
mean,2030,52,19,PT1 0 bat,0.0
mean,2030,52,20,PT1 0 bat,0.0
mean,2030,52,21,PT1 0 bat,0.0
mean,2030,52,22,PT1 0 bat,0.0
mean,2030,52,23,PT1 0 bat,0.0
mean,2030,52,24,PT1 0 bat,0.0
mean,2030,52,25,PT1 0 bat,0.0
mean,2030,52,26,PT1 0 bat,0.0
mean,2030,52,27,PT1 0 bat,0.0
mean,2030,52,28,PT1 0 bat,0.0
mean,2030,52,29,PT1 0 bat,0.0
mean,2030,52,30,PT1 0 bat,0.0
mean,2030,52,31,PT1 0 bat,0.0
mean,2030,52,32,PT1 0 bat,0.0
mean,2030,52,33,PT1 0 bat,0.0
mean,2030,52,34,PT1 0 bat,0.0
mean,2030,52,35,PT1 0 bat,0.0
mean,2030,52,36,PT1 0 bat,0.0
mean,2030,52,37,PT1 0 bat,0.0
mean,2030,52,38,PT1 0 bat,0.0
mean,2030,52,39,PT1 0 bat,0.0
mean,2030,52,40,PT1 0 bat,0.0
mean,2030,52,41,PT1 0 bat,0.0
mean,2030,52,42,PT1 0 bat,0.0
mean,2030,52,43,PT1 0 bat,0.0
mean,2030,52,44,PT1 0 bat,0.0
mean,2030,52,45,PT1 0 bat,0.0
mean,2030,52,46,PT1 0 bat,0.0
mean,2030,52,47,PT1 0 bat,0.0
mean,2030,52,48,PT1 0 bat,0.0
mean,2030,52,49,PT1 0 bat,0.0
mean,2030,52,50,PT1 0 bat,0.0
mean,2030,52,51,PT1 0 bat,0.0
mean,2030,52,52,PT1 0 bat,0.0
mean,2030,52,53,PT1 0 bat,0.0
mean,2030,52,54,PT1 0 bat,0.0
mean,2030,52,55,PT1 0 bat,0.0
mean,2030,52,56,PT1 0 bat,0.0
mean,2030,52,57,PT1 0 bat,0.0
mean,2030,52,58,PT1 0 bat,0.0
mean,2030,52,59,PT1 0 bat,0.0
mean,2030,52,60,PT1 0 bat,0.0
mean,2030,52,61,PT1 0 bat,0.0
mean,2030,52,62,PT1 0 bat,0.0
mean,2030,52,63,PT1 0 bat,0.0
mean,2030,52,64,PT1 0 bat,0.0
mean,2030,52,65,PT1 0 bat,0.0
mean,2030,52,66,PT1 0 bat,0.0
mean,2030,52,67,PT1 0 bat,0.0
mean,2030,52,68,PT1 0 bat,0.0
mean,2030,52,69,PT1 0 bat,0.0
mean,2030,52,70,PT1 0 bat,0.0
mean,2030,52,71,PT1 0 bat,0.0
mean,2030,52,72,PT1 0 bat,0.0
mean,2030,52,73,PT1 0 bat,0.0
mean,2030,52,74,PT1 0 bat,0.0
mean,2030,52,75,PT1 0 bat,0.0
mean,2030,52,76,PT1 0 bat,0.0
mean,2030,52,77,PT1 0 bat,0.0
mean,2030,52,78,PT1 0 bat,0.0
mean,2030,52,79,PT1 0 bat,0.0
mean,2030,52,80,PT1 0 bat,0.0
mean,2030,52,81,PT1 0 bat,0.0
mean,2030,52,82,PT1 0 bat,0.0
mean,2030,52,83,PT1 0 bat,0.0
mean,2030,52,84,PT1 0 bat,0.0
mean,2030,52,85,PT1 0 bat,0.0
mean,2030,52,86,PT1 0 bat,0.0
mean,2030,52,87,PT1 0 bat,0.0
mean,2030,52,88,PT1 0 bat,0.0
mean,2030,52,89,PT1 0 bat,0.0
mean,2030,52,90,PT1 0 bat,0.0
mean,2030,52,91,PT1 0 bat,0.0
mean,2030,52,92,PT1 0 bat,0.0
mean,2030,52,93,PT1 0 bat,0.0
mean,2030,52,94,PT1 0 bat,0.0
mean,2030,52,95,PT1 0 bat,0.0
mean,2030,52,96,PT1 0 bat,0.0
mean,2030,52,97,PT1 0 bat,0.0
mean,2030,52,98,PT1 0 bat,0.0
mean,2030,52,99,PT1 0 bat,0.0
mean,2030,52,100,PT1 0 bat,0.0
mean,2030,52,101,PT1 0 bat,0.0
mean,2030,52,102,PT1 0 bat,0.0
mean,2030,52,103,PT1 0 bat,0.0
mean,2030,52,104,PT1 0 bat,0.0
mean,2030,52,105,PT1 0 bat,0.0
mean,2030,52,106,PT1 0 bat,0.0
mean,2030,52,107,PT1 0 bat,0.0
mean,2030,52,108,PT1 0 bat,0.0
mean,2030,52,109,PT1 0 bat,0.0
mean,2030,52,110,PT1 0 bat,0.0
mean,2030,52,111,PT1 0 bat,0.0
mean,2030,52,112,PT1 0 bat,0.0
mean,2030,52,113,PT1 0 bat,0.0
mean,2030,52,114,PT1 0 bat,0.0
mean,2030,52,115,PT1 0 bat,0.0
mean,2030,52,116,PT1 0 bat,0.0
mean,2030,52,117,PT1 0 bat,0.0
mean,2030,52,118,PT1 0 bat,0.0
mean,2030,52,119,PT1 0 bat,0.0
mean,2030,52,120,PT1 0 bat,0.0
mean,2030,52,121,PT1 0 bat,0.0
mean,2030,52,122,PT1 0 bat,0.0
mean,2030,52,123,PT1 0 bat,0.0
mean,2030,52,124,PT1 0 bat,0.0
mean,2030,52,125,PT1 0 bat,0.0
mean,2030,52,126,PT1 0 bat,0.0
mean,2030,52,127,PT1 0 bat,0.0
mean,2030,52,128,PT1 0 bat,0.0
mean,2030,52,129,PT1 0 bat,0.0
mean,2030,52,130,PT1 0 bat,0.0
mean,2030,52,131,PT1 0 bat,0.0
mean,2030,52,132,PT1 0 bat,0.0
mean,2030,52,133,PT1 0 bat,0.0
mean,2030,52,134,PT1 0 bat,0.0
mean,2030,52,135,PT1 0 bat,0.0
mean,2030,52,136,PT1 0 bat,0.0
mean,2030,52,137,PT1 0 bat,0.0
mean,2030,52,138,PT1 0 bat,0.0
mean,2030,52,139,PT1 0 bat,0.0
mean,2030,52,140,PT1 0 bat,0.0
mean,2030,52,141,PT1 0 bat,0.0
mean,2030,52,142,PT1 0 bat,0.0
mean,2030,52,143,PT1 0 bat,0.0
mean,2030,52,144,PT1 0 bat,0.0
mean,2030,52,145,PT1 0 bat,0.0
mean,2030,52,146,PT1 0 bat,0.0
mean,2030,52,147,PT1 0 bat,0.0
mean,2030,52,148,PT1 0 bat,0.0
mean,2030,52,149,PT1 0 bat,0.0
mean,2030,52,150,PT1 0 bat,0.0
mean,2030,52,151,PT1 0 bat,0.0
mean,2030,52,152,PT1 0 bat,0.0
mean,2030,52,153,PT1 0 bat,0.0
mean,2030,52,154,PT1 0 bat,0.0
mean,2030,52,155,PT1 0 bat,0.0
mean,2030,52,156,PT1 0 bat,0.0
mean,2030,52,157,PT1 0 bat,0.0
mean,2030,52,158,PT1 0 bat,0.0
mean,2030,52,159,PT1 0 bat,0.0
mean,2030,52,160,PT1 0 bat,-0.00017818129282675562
mean,2030,52,161,PT1 0 bat,0.0
mean,2030,52,162,PT1 0 bat,0.0
mean,2030,52,163,PT1 0 bat,0.0
mean,2030,52,164,PT1 0 bat,0.0
mean,2030,52,165,PT1 0 bat,0.0
mean,2030,52,166,PT1 0 bat,0.0
mean,2030,52,167,PT1 0 bat,0.0
mean,2040,11,0,PT1 0 bat,-0.014488313893919361
mean,2040,11,1,PT1 0 bat,0.0
mean,2040,11,2,PT1 0 bat,0.0
mean,2040,11,3,PT1 0 bat,0.0
mean,2040,11,4,PT1 0 bat,0.0
mean,2040,11,5,PT1 0 bat,0.0
mean,2040,11,6,PT1 0 bat,0.0
mean,2040,11,7,PT1 0 bat,0.0
mean,2040,11,8,PT1 0 bat,0.0
mean,2040,11,9,PT1 0 bat,0.0
mean,2040,11,10,PT1 0 bat,0.0
mean,2040,11,11,PT1 0 bat,0.0
mean,2040,11,12,PT1 0 bat,0.0
mean,2040,11,13,PT1 0 bat,0.0
mean,2040,11,14,PT1 0 bat,0.0
mean,2040,11,15,PT1 0 bat,0.0
mean,2040,11,16,PT1 0 bat,0.0
mean,2040,11,17,PT1 0 bat,0.0
mean,2040,11,18,PT1 0 bat,0.0
mean,2040,11,19,PT1 0 bat,0.0
mean,2040,11,20,PT1 0 bat,0.0
mean,2040,11,21,PT1 0 bat,0.0
mean,2040,11,22,PT1 0 bat,0.0
mean,2040,11,23,PT1 0 bat,0.0
mean,2040,11,24,PT1 0 bat,0.0
mean,2040,11,25,PT1 0 bat,0.0
mean,2040,11,26,PT1 0 bat,0.0
mean,2040,11,27,PT1 0 bat,0.0
mean,2040,11,28,PT1 0 bat,0.0
mean,2040,11,29,PT1 0 bat,0.0
mean,2040,11,30,PT1 0 bat,0.0
mean,2040,11,31,PT1 0 bat,-60.28986328634986
mean,2040,11,32,PT1 0 bat,0.0
mean,2040,11,33,PT1 0 bat,0.0
mean,2040,11,34,PT1 0 bat,0.0
mean,2040,11,35,PT1 0 bat,0.0
mean,2040,11,36,PT1 0 bat,0.0
mean,2040,11,37,PT1 0 bat,0.0
mean,2040,11,38,PT1 0 bat,0.0
mean,2040,11,39,PT1 0 bat,0.0
mean,2040,11,40,PT1 0 bat,0.0
mean,2040,11,41,PT1 0 bat,0.0
mean,2040,11,42,PT1 0 bat,0.0
mean,2040,11,43,PT1 0 bat,0.0
mean,2040,11,44,PT1 0 bat,0.0
mean,2040,11,45,PT1 0 bat,0.0
mean,2040,11,46,PT1 0 bat,0.0
mean,2040,11,47,PT1 0 bat,0.0
mean,2040,11,48,PT1 0 bat,0.0
mean,2040,11,49,PT1 0 bat,0.0
mean,2040,11,50,PT1 0 bat,0.0
mean,2040,11,51,PT1 0 bat,0.0
mean,2040,11,52,PT1 0 bat,0.0
mean,2040,11,53,PT1 0 bat,0.0
mean,2040,11,54,PT1 0 bat,0.0
mean,2040,11,55,PT1 0 bat,0.0
mean,2040,11,56,PT1 0 bat,0.0
mean,2040,11,57,PT1 0 bat,0.0
mean,2040,11,58,PT1 0 bat,0.0
mean,2040,11,59,PT1 0 bat,0.0
mean,2040,11,60,PT1 0 bat,0.0
mean,2040,11,61,PT1 0 bat,0.0
mean,2040,11,62,PT1 0 bat,0.0
mean,2040,11,63,PT1 0 bat,0.0
mean,2040,11,64,PT1 0 bat,0.0
mean,2040,11,65,PT1 0 bat,0.0
mean,2040,11,66,PT1 0 bat,0.0
mean,2040,11,67,PT1 0 bat,0.0
mean,2040,11,68,PT1 0 bat,0.0
mean,2040,11,69,PT1 0 bat,0.0
mean,2040,11,70,PT1 0 bat,0.0
mean,2040,11,71,PT1 0 bat,0.0
mean,2040,11,72,PT1 0 bat,0.0
mean,2040,11,73,PT1 0 bat,0.0
mean,2040,11,74,PT1 0 bat,0.0
mean,2040,11,75,PT1 0 bat,0.0
mean,2040,11,76,PT1 0 bat,0.0
mean,2040,11,77,PT1 0 bat,0.0
mean,2040,11,78,PT1 0 bat,0.0
mean,2040,11,79,PT1 0 bat,0.0
mean,2040,11,80,PT1 0 bat,0.0
mean,2040,11,81,PT1 0 bat,0.0
mean,2040,11,82,PT1 0 bat,0.0
mean,2040,11,83,PT1 0 bat,0.0
mean,2040,11,84,PT1 0 bat,0.0
mean,2040,11,85,PT1 0 bat,0.0
mean,2040,11,86,PT1 0 bat,0.0
mean,2040,11,87,PT1 0 bat,0.0
mean,2040,11,88,PT1 0 bat,0.0
mean,2040,11,89,PT1 0 bat,0.0
mean,2040,11,90,PT1 0 bat,0.0
mean,2040,11,91,PT1 0 bat,0.0
mean,2040,11,92,PT1 0 bat,0.0
mean,2040,11,93,PT1 0 bat,0.0
mean,2040,11,94,PT1 0 bat,0.0
mean,2040,11,95,PT1 0 bat,0.0
mean,2040,11,96,PT1 0 bat,0.0
mean,2040,11,97,PT1 0 bat,0.0
mean,2040,11,98,PT1 0 bat,0.0
mean,2040,11,99,PT1 0 bat,0.0
mean,2040,11,100,PT1 0 bat,0.0
mean,2040,11,101,PT1 0 bat,0.0
mean,2040,11,102,PT1 0 bat,0.0
mean,2040,11,103,PT1 0 bat,0.0
mean,2040,11,104,PT1 0 bat,0.0
mean,2040,11,105,PT1 0 bat,0.0
mean,2040,11,106,PT1 0 bat,0.0
mean,2040,11,107,PT1 0 bat,0.0
mean,2040,11,108,PT1 0 bat,0.0
mean,2040,11,109,PT1 0 bat,0.0
mean,2040,11,110,PT1 0 bat,0.0
mean,2040,11,111,PT1 0 bat,0.0
mean,2040,11,112,PT1 0 bat,0.0
mean,2040,11,113,PT1 0 bat,0.0
mean,2040,11,114,PT1 0 bat,0.0
mean,2040,11,115,PT1 0 bat,0.0
mean,2040,11,116,PT1 0 bat,0.0
mean,2040,11,117,PT1 0 bat,0.0
mean,2040,11,118,PT1 0 bat,0.0
mean,2040,11,119,PT1 0 bat,0.0
mean,2040,11,120,PT1 0 bat,0.0
mean,2040,11,121,PT1 0 bat,0.0
mean,2040,11,122,PT1 0 bat,0.0
mean,2040,11,123,PT1 0 bat,0.0
mean,2040,11,124,PT1 0 bat,0.0
mean,2040,11,125,PT1 0 bat,0.0
mean,2040,11,126,PT1 0 bat,0.0
mean,2040,11,127,PT1 0 bat,0.0
mean,2040,11,128,PT1 0 bat,0.0
mean,2040,11,129,PT1 0 bat,0.0
mean,2040,11,130,PT1 0 bat,0.0
mean,2040,11,131,PT1 0 bat,0.0
mean,2040,11,132,PT1 0 bat,0.0
mean,2040,11,133,PT1 0 bat,0.0
mean,2040,11,134,PT1 0 bat,0.0
mean,2040,11,135,PT1 0 bat,0.0
mean,2040,11,136,PT1 0 bat,0.0
mean,2040,11,137,PT1 0 bat,0.0
mean,2040,11,138,PT1 0 bat,0.0
mean,2040,11,139,PT1 0 bat,0.0
mean,2040,11,140,PT1 0 bat,0.0
mean,2040,11,141,PT1 0 bat,0.0
mean,2040,11,142,PT1 0 bat,0.0
mean,2040,11,143,PT1 0 bat,0.0
mean,2040,11,144,PT1 0 bat,0.0
mean,2040,11,145,PT1 0 bat,0.0
mean,2040,11,146,PT1 0 bat,0.0
mean,2040,11,147,PT1 0 bat,0.0
mean,2040,11,148,PT1 0 bat,0.0
mean,2040,11,149,PT1 0 bat,0.0
mean,2040,11,150,PT1 0 bat,0.0
mean,2040,11,151,PT1 0 bat,0.0
mean,2040,11,152,PT1 0 bat,0.0
mean,2040,11,153,PT1 0 bat,0.0
mean,2040,11,154,PT1 0 bat,0.0
mean,2040,11,155,PT1 0 bat,0.0
mean,2040,11,156,PT1 0 bat,0.0
mean,2040,11,157,PT1 0 bat,0.0
mean,2040,11,158,PT1 0 bat,0.0
mean,2040,11,159,PT1 0 bat,0.0
mean,2040,11,160,PT1 0 bat,0.0
mean,2040,11,161,PT1 0 bat,0.0
mean,2040,11,162,PT1 0 bat,0.0
mean,2040,11,163,PT1 0 bat,0.0
mean,2040,11,164,PT1 0 bat,0.0
mean,2040,11,165,PT1 0 bat,0.0
mean,2040,11,166,PT1 0 bat,0.0
mean,2040,11,167,PT1 0 bat,0.0
mean,2040,21,0,PT1 0 bat,-62.45161741761656
mean,2040,21,1,PT1 0 bat,0.0
mean,2040,21,2,PT1 0 bat,0.0
mean,2040,21,3,PT1 0 bat,0.0
mean,2040,21,4,PT1 0 bat,0.0
mean,2040,21,5,PT1 0 bat,0.0
mean,2040,21,6,PT1 0 bat,0.0
mean,2040,21,7,PT1 0 bat,0.0
mean,2040,21,8,PT1 0 bat,0.0
mean,2040,21,9,PT1 0 bat,0.0
mean,2040,21,10,PT1 0 bat,0.0
mean,2040,21,11,PT1 0 bat,0.0
mean,2040,21,12,PT1 0 bat,0.0
mean,2040,21,13,PT1 0 bat,0.0
mean,2040,21,14,PT1 0 bat,0.0
mean,2040,21,15,PT1 0 bat,0.0
mean,2040,21,16,PT1 0 bat,0.0
mean,2040,21,17,PT1 0 bat,0.0
mean,2040,21,18,PT1 0 bat,0.0
mean,2040,21,19,PT1 0 bat,0.0
mean,2040,21,20,PT1 0 bat,0.0
mean,2040,21,21,PT1 0 bat,0.0
mean,2040,21,22,PT1 0 bat,0.0
mean,2040,21,23,PT1 0 bat,0.0
mean,2040,21,24,PT1 0 bat,0.0
mean,2040,21,25,PT1 0 bat,0.0
mean,2040,21,26,PT1 0 bat,0.0
mean,2040,21,27,PT1 0 bat,0.0
mean,2040,21,28,PT1 0 bat,0.0
mean,2040,21,29,PT1 0 bat,0.0
mean,2040,21,30,PT1 0 bat,0.0
mean,2040,21,31,PT1 0 bat,0.0
mean,2040,21,32,PT1 0 bat,0.0
mean,2040,21,33,PT1 0 bat,0.0
mean,2040,21,34,PT1 0 bat,0.0
mean,2040,21,35,PT1 0 bat,0.0
mean,2040,21,36,PT1 0 bat,0.0
mean,2040,21,37,PT1 0 bat,0.0
mean,2040,21,38,PT1 0 bat,0.0
mean,2040,21,39,PT1 0 bat,0.0
mean,2040,21,40,PT1 0 bat,0.0
mean,2040,21,41,PT1 0 bat,0.0
mean,2040,21,42,PT1 0 bat,0.0
mean,2040,21,43,PT1 0 bat,0.0
mean,2040,21,44,PT1 0 bat,0.0
mean,2040,21,45,PT1 0 bat,0.0
mean,2040,21,46,PT1 0 bat,0.0
mean,2040,21,47,PT1 0 bat,0.0
mean,2040,21,48,PT1 0 bat,0.0
mean,2040,21,49,PT1 0 bat,0.0
mean,2040,21,50,PT1 0 bat,0.0
mean,2040,21,51,PT1 0 bat,0.0
mean,2040,21,52,PT1 0 bat,0.0
mean,2040,21,53,PT1 0 bat,0.0
mean,2040,21,54,PT1 0 bat,0.0
mean,2040,21,55,PT1 0 bat,0.0
mean,2040,21,56,PT1 0 bat,0.0
mean,2040,21,57,PT1 0 bat,0.0
mean,2040,21,58,PT1 0 bat,0.0
mean,2040,21,59,PT1 0 bat,0.0
mean,2040,21,60,PT1 0 bat,0.0
mean,2040,21,61,PT1 0 bat,0.0
mean,2040,21,62,PT1 0 bat,0.0
mean,2040,21,63,PT1 0 bat,0.0
mean,2040,21,64,PT1 0 bat,0.0
mean,2040,21,65,PT1 0 bat,0.0
mean,2040,21,66,PT1 0 bat,0.0
mean,2040,21,67,PT1 0 bat,0.0
mean,2040,21,68,PT1 0 bat,0.0
mean,2040,21,69,PT1 0 bat,0.0
mean,2040,21,70,PT1 0 bat,0.0
mean,2040,21,71,PT1 0 bat,0.0
mean,2040,21,72,PT1 0 bat,0.0
mean,2040,21,73,PT1 0 bat,0.0
mean,2040,21,74,PT1 0 bat,0.0
mean,2040,21,75,PT1 0 bat,0.0
mean,2040,21,76,PT1 0 bat,0.0
mean,2040,21,77,PT1 0 bat,0.0
mean,2040,21,78,PT1 0 bat,0.0
mean,2040,21,79,PT1 0 bat,0.0
mean,2040,21,80,PT1 0 bat,0.0
mean,2040,21,81,PT1 0 bat,0.0
mean,2040,21,82,PT1 0 bat,0.0
mean,2040,21,83,PT1 0 bat,0.0
mean,2040,21,84,PT1 0 bat,0.0
mean,2040,21,85,PT1 0 bat,0.0
mean,2040,21,86,PT1 0 bat,0.0
mean,2040,21,87,PT1 0 bat,0.0
mean,2040,21,88,PT1 0 bat,0.0
mean,2040,21,89,PT1 0 bat,0.0
mean,2040,21,90,PT1 0 bat,0.0
mean,2040,21,91,PT1 0 bat,0.0
mean,2040,21,92,PT1 0 bat,0.0
mean,2040,21,93,PT1 0 bat,0.0
mean,2040,21,94,PT1 0 bat,0.0
mean,2040,21,95,PT1 0 bat,0.0
mean,2040,21,96,PT1 0 bat,0.0
mean,2040,21,97,PT1 0 bat,0.0
mean,2040,21,98,PT1 0 bat,0.0
mean,2040,21,99,PT1 0 bat,0.0
mean,2040,21,100,PT1 0 bat,0.0
mean,2040,21,101,PT1 0 bat,0.0
mean,2040,21,102,PT1 0 bat,0.0
mean,2040,21,103,PT1 0 bat,0.0
mean,2040,21,104,PT1 0 bat,0.0
mean,2040,21,105,PT1 0 bat,0.0
mean,2040,21,106,PT1 0 bat,0.0
mean,2040,21,107,PT1 0 bat,0.0
mean,2040,21,108,PT1 0 bat,0.0
mean,2040,21,109,PT1 0 bat,0.0
mean,2040,21,110,PT1 0 bat,0.0
mean,2040,21,111,PT1 0 bat,0.0
mean,2040,21,112,PT1 0 bat,0.0
mean,2040,21,113,PT1 0 bat,0.0
mean,2040,21,114,PT1 0 bat,0.0
mean,2040,21,115,PT1 0 bat,0.0
mean,2040,21,116,PT1 0 bat,0.0
mean,2040,21,117,PT1 0 bat,0.0
mean,2040,21,118,PT1 0 bat,0.0
mean,2040,21,119,PT1 0 bat,0.0
mean,2040,21,120,PT1 0 bat,0.0
mean,2040,21,121,PT1 0 bat,0.0
mean,2040,21,122,PT1 0 bat,0.0
mean,2040,21,123,PT1 0 bat,0.0
mean,2040,21,124,PT1 0 bat,0.0
mean,2040,21,125,PT1 0 bat,0.0
mean,2040,21,126,PT1 0 bat,0.0
mean,2040,21,127,PT1 0 bat,0.0
mean,2040,21,128,PT1 0 bat,0.0
mean,2040,21,129,PT1 0 bat,0.0
mean,2040,21,130,PT1 0 bat,0.0
mean,2040,21,131,PT1 0 bat,0.0
mean,2040,21,132,PT1 0 bat,0.0
mean,2040,21,133,PT1 0 bat,0.0
mean,2040,21,134,PT1 0 bat,0.0
mean,2040,21,135,PT1 0 bat,0.0
mean,2040,21,136,PT1 0 bat,0.0
mean,2040,21,137,PT1 0 bat,0.0
mean,2040,21,138,PT1 0 bat,0.0
mean,2040,21,139,PT1 0 bat,0.0
mean,2040,21,140,PT1 0 bat,0.0
mean,2040,21,141,PT1 0 bat,0.0
mean,2040,21,142,PT1 0 bat,0.0
mean,2040,21,143,PT1 0 bat,0.0
mean,2040,21,144,PT1 0 bat,0.0
mean,2040,21,145,PT1 0 bat,0.0
mean,2040,21,146,PT1 0 bat,0.0
mean,2040,21,147,PT1 0 bat,0.0
mean,2040,21,148,PT1 0 bat,0.0
mean,2040,21,149,PT1 0 bat,0.0
mean,2040,21,150,PT1 0 bat,0.0
mean,2040,21,151,PT1 0 bat,0.0
mean,2040,21,152,PT1 0 bat,0.0
mean,2040,21,153,PT1 0 bat,0.0
mean,2040,21,154,PT1 0 bat,0.0
mean,2040,21,155,PT1 0 bat,0.0
mean,2040,21,156,PT1 0 bat,0.0
mean,2040,21,157,PT1 0 bat,0.0
mean,2040,21,158,PT1 0 bat,0.0
mean,2040,21,159,PT1 0 bat,0.0
mean,2040,21,160,PT1 0 bat,0.0
mean,2040,21,161,PT1 0 bat,0.0
mean,2040,21,162,PT1 0 bat,0.0
mean,2040,21,163,PT1 0 bat,0.0
mean,2040,21,164,PT1 0 bat,0.0
mean,2040,21,165,PT1 0 bat,0.0
mean,2040,21,166,PT1 0 bat,0.0
mean,2040,21,167,PT1 0 bat,0.0
mean,2040,42,0,PT1 0 bat,-63.40862303511948
mean,2040,42,1,PT1 0 bat,0.0
mean,2040,42,2,PT1 0 bat,0.0
mean,2040,42,3,PT1 0 bat,0.0
mean,2040,42,4,PT1 0 bat,0.0
mean,2040,42,5,PT1 0 bat,0.0
mean,2040,42,6,PT1 0 bat,0.0
mean,2040,42,7,PT1 0 bat,0.0
mean,2040,42,8,PT1 0 bat,0.0
mean,2040,42,9,PT1 0 bat,0.0
mean,2040,42,10,PT1 0 bat,0.0
mean,2040,42,11,PT1 0 bat,0.0
mean,2040,42,12,PT1 0 bat,0.0
mean,2040,42,13,PT1 0 bat,0.0
mean,2040,42,14,PT1 0 bat,0.0
mean,2040,42,15,PT1 0 bat,0.0
mean,2040,42,16,PT1 0 bat,0.0
mean,2040,42,17,PT1 0 bat,0.0
mean,2040,42,18,PT1 0 bat,0.0
mean,2040,42,19,PT1 0 bat,0.0
mean,2040,42,20,PT1 0 bat,0.0
mean,2040,42,21,PT1 0 bat,0.0
mean,2040,42,22,PT1 0 bat,0.0
mean,2040,42,23,PT1 0 bat,0.0
mean,2040,42,24,PT1 0 bat,0.0
mean,2040,42,25,PT1 0 bat,0.0
mean,2040,42,26,PT1 0 bat,0.0
mean,2040,42,27,PT1 0 bat,0.0
mean,2040,42,28,PT1 0 bat,0.0
mean,2040,42,29,PT1 0 bat,0.0
mean,2040,42,30,PT1 0 bat,0.0
mean,2040,42,31,PT1 0 bat,0.0
mean,2040,42,32,PT1 0 bat,0.0
mean,2040,42,33,PT1 0 bat,0.0
mean,2040,42,34,PT1 0 bat,0.0
mean,2040,42,35,PT1 0 bat,0.0
mean,2040,42,36,PT1 0 bat,0.0
mean,2040,42,37,PT1 0 bat,0.0
mean,2040,42,38,PT1 0 bat,0.0
mean,2040,42,39,PT1 0 bat,0.0
mean,2040,42,40,PT1 0 bat,0.0
mean,2040,42,41,PT1 0 bat,0.0
mean,2040,42,42,PT1 0 bat,0.0
mean,2040,42,43,PT1 0 bat,0.0
mean,2040,42,44,PT1 0 bat,0.0
mean,2040,42,45,PT1 0 bat,0.0
mean,2040,42,46,PT1 0 bat,0.0
mean,2040,42,47,PT1 0 bat,0.0
mean,2040,42,48,PT1 0 bat,0.0
mean,2040,42,49,PT1 0 bat,0.0
mean,2040,42,50,PT1 0 bat,0.0
mean,2040,42,51,PT1 0 bat,0.0
mean,2040,42,52,PT1 0 bat,0.0
mean,2040,42,53,PT1 0 bat,0.0
mean,2040,42,54,PT1 0 bat,0.0
mean,2040,42,55,PT1 0 bat,0.0
mean,2040,42,56,PT1 0 bat,0.0
mean,2040,42,57,PT1 0 bat,0.0
mean,2040,42,58,PT1 0 bat,0.0
mean,2040,42,59,PT1 0 bat,0.0
mean,2040,42,60,PT1 0 bat,0.0
mean,2040,42,61,PT1 0 bat,0.0
mean,2040,42,62,PT1 0 bat,0.0
mean,2040,42,63,PT1 0 bat,0.0
mean,2040,42,64,PT1 0 bat,0.0
mean,2040,42,65,PT1 0 bat,0.0
mean,2040,42,66,PT1 0 bat,0.0
mean,2040,42,67,PT1 0 bat,0.0
mean,2040,42,68,PT1 0 bat,0.0
mean,2040,42,69,PT1 0 bat,0.0
mean,2040,42,70,PT1 0 bat,0.0
mean,2040,42,71,PT1 0 bat,0.0
mean,2040,42,72,PT1 0 bat,0.0
mean,2040,42,73,PT1 0 bat,0.0
mean,2040,42,74,PT1 0 bat,0.0
mean,2040,42,75,PT1 0 bat,0.0
mean,2040,42,76,PT1 0 bat,0.0
mean,2040,42,77,PT1 0 bat,0.0
mean,2040,42,78,PT1 0 bat,0.0
mean,2040,42,79,PT1 0 bat,0.0
mean,2040,42,80,PT1 0 bat,0.0
mean,2040,42,81,PT1 0 bat,0.0
mean,2040,42,82,PT1 0 bat,0.0
mean,2040,42,83,PT1 0 bat,0.0
mean,2040,42,84,PT1 0 bat,0.0
mean,2040,42,85,PT1 0 bat,0.0
mean,2040,42,86,PT1 0 bat,0.0
mean,2040,42,87,PT1 0 bat,0.0
mean,2040,42,88,PT1 0 bat,0.0
mean,2040,42,89,PT1 0 bat,0.0
mean,2040,42,90,PT1 0 bat,-397.68973188359956
mean,2040,42,91,PT1 0 bat,0.0
mean,2040,42,92,PT1 0 bat,0.0
mean,2040,42,93,PT1 0 bat,0.0
mean,2040,42,94,PT1 0 bat,0.0
mean,2040,42,95,PT1 0 bat,0.0
mean,2040,42,96,PT1 0 bat,0.0
mean,2040,42,97,PT1 0 bat,0.0
mean,2040,42,98,PT1 0 bat,0.0
mean,2040,42,99,PT1 0 bat,0.0
mean,2040,42,100,PT1 0 bat,0.0
mean,2040,42,101,PT1 0 bat,0.0
mean,2040,42,102,PT1 0 bat,0.0
mean,2040,42,103,PT1 0 bat,0.0
mean,2040,42,104,PT1 0 bat,0.0
mean,2040,42,105,PT1 0 bat,0.0
mean,2040,42,106,PT1 0 bat,0.0
mean,2040,42,107,PT1 0 bat,0.0
mean,2040,42,108,PT1 0 bat,0.0
mean,2040,42,109,PT1 0 bat,0.0
mean,2040,42,110,PT1 0 bat,0.0
mean,2040,42,111,PT1 0 bat,0.0
mean,2040,42,112,PT1 0 bat,0.0
mean,2040,42,113,PT1 0 bat,0.0
mean,2040,42,114,PT1 0 bat,0.0
mean,2040,42,115,PT1 0 bat,0.0
mean,2040,42,116,PT1 0 bat,0.0
mean,2040,42,117,PT1 0 bat,0.0
mean,2040,42,118,PT1 0 bat,0.0
mean,2040,42,119,PT1 0 bat,0.0
mean,2040,42,120,PT1 0 bat,0.0
mean,2040,42,121,PT1 0 bat,0.0
mean,2040,42,122,PT1 0 bat,0.0
mean,2040,42,123,PT1 0 bat,0.0
mean,2040,42,124,PT1 0 bat,0.0
mean,2040,42,125,PT1 0 bat,0.0
mean,2040,42,126,PT1 0 bat,0.0
mean,2040,42,127,PT1 0 bat,0.0
mean,2040,42,128,PT1 0 bat,0.0
mean,2040,42,129,PT1 0 bat,0.0
mean,2040,42,130,PT1 0 bat,0.0
mean,2040,42,131,PT1 0 bat,0.0
mean,2040,42,132,PT1 0 bat,0.0
mean,2040,42,133,PT1 0 bat,0.0
mean,2040,42,134,PT1 0 bat,0.0
mean,2040,42,135,PT1 0 bat,0.0
mean,2040,42,136,PT1 0 bat,0.0
mean,2040,42,137,PT1 0 bat,0.0
mean,2040,42,138,PT1 0 bat,0.0
mean,2040,42,139,PT1 0 bat,0.0
mean,2040,42,140,PT1 0 bat,0.0
mean,2040,42,141,PT1 0 bat,0.0
mean,2040,42,142,PT1 0 bat,0.0
mean,2040,42,143,PT1 0 bat,0.0
mean,2040,42,144,PT1 0 bat,0.0
mean,2040,42,145,PT1 0 bat,0.0
mean,2040,42,146,PT1 0 bat,0.0
mean,2040,42,147,PT1 0 bat,0.0
mean,2040,42,148,PT1 0 bat,0.0
mean,2040,42,149,PT1 0 bat,0.0
mean,2040,42,150,PT1 0 bat,0.0
mean,2040,42,151,PT1 0 bat,0.0
mean,2040,42,152,PT1 0 bat,0.0
mean,2040,42,153,PT1 0 bat,0.0
mean,2040,42,154,PT1 0 bat,0.0
mean,2040,42,155,PT1 0 bat,0.0
mean,2040,42,156,PT1 0 bat,0.0
mean,2040,42,157,PT1 0 bat,0.0
mean,2040,42,158,PT1 0 bat,0.0
mean,2040,42,159,PT1 0 bat,0.0
mean,2040,42,160,PT1 0 bat,0.0
mean,2040,42,161,PT1 0 bat,0.0
mean,2040,42,162,PT1 0 bat,0.0
mean,2040,42,163,PT1 0 bat,0.0
mean,2040,42,164,PT1 0 bat,0.0
mean,2040,42,165,PT1 0 bat,0.0
mean,2040,42,166,PT1 0 bat,0.0
mean,2040,42,167,PT1 0 bat,0.0
mean,2040,52,0,PT1 0 bat,-60.778491103620404
mean,2040,52,1,PT1 0 bat,0.0
mean,2040,52,2,PT1 0 bat,0.0
mean,2040,52,3,PT1 0 bat,0.0
mean,2040,52,4,PT1 0 bat,0.0
mean,2040,52,5,PT1 0 bat,0.0
mean,2040,52,6,PT1 0 bat,0.0
mean,2040,52,7,PT1 0 bat,0.0
mean,2040,52,8,PT1 0 bat,0.0
mean,2040,52,9,PT1 0 bat,0.0
mean,2040,52,10,PT1 0 bat,0.0
mean,2040,52,11,PT1 0 bat,0.0
mean,2040,52,12,PT1 0 bat,0.0
mean,2040,52,13,PT1 0 bat,0.0
mean,2040,52,14,PT1 0 bat,0.0
mean,2040,52,15,PT1 0 bat,0.0
mean,2040,52,16,PT1 0 bat,0.0
mean,2040,52,17,PT1 0 bat,0.0
mean,2040,52,18,PT1 0 bat,0.0
mean,2040,52,19,PT1 0 bat,0.0
mean,2040,52,20,PT1 0 bat,0.0
mean,2040,52,21,PT1 0 bat,0.0
mean,2040,52,22,PT1 0 bat,0.0
mean,2040,52,23,PT1 0 bat,0.0
mean,2040,52,24,PT1 0 bat,0.0
mean,2040,52,25,PT1 0 bat,0.0
mean,2040,52,26,PT1 0 bat,0.0
mean,2040,52,27,PT1 0 bat,0.0
mean,2040,52,28,PT1 0 bat,0.0
mean,2040,52,29,PT1 0 bat,0.0
mean,2040,52,30,PT1 0 bat,0.0
mean,2040,52,31,PT1 0 bat,0.0
mean,2040,52,32,PT1 0 bat,0.0
mean,2040,52,33,PT1 0 bat,0.0
mean,2040,52,34,PT1 0 bat,0.0
mean,2040,52,35,PT1 0 bat,0.0
mean,2040,52,36,PT1 0 bat,0.0
mean,2040,52,37,PT1 0 bat,0.0
mean,2040,52,38,PT1 0 bat,0.0
mean,2040,52,39,PT1 0 bat,0.0
mean,2040,52,40,PT1 0 bat,0.0
mean,2040,52,41,PT1 0 bat,0.0
mean,2040,52,42,PT1 0 bat,0.0
mean,2040,52,43,PT1 0 bat,0.0
mean,2040,52,44,PT1 0 bat,0.0
mean,2040,52,45,PT1 0 bat,0.0
mean,2040,52,46,PT1 0 bat,0.0
mean,2040,52,47,PT1 0 bat,0.0
mean,2040,52,48,PT1 0 bat,0.0
mean,2040,52,49,PT1 0 bat,0.0
mean,2040,52,50,PT1 0 bat,0.0
mean,2040,52,51,PT1 0 bat,0.0
mean,2040,52,52,PT1 0 bat,0.0
mean,2040,52,53,PT1 0 bat,0.0
mean,2040,52,54,PT1 0 bat,0.0
mean,2040,52,55,PT1 0 bat,0.0
mean,2040,52,56,PT1 0 bat,0.0
mean,2040,52,57,PT1 0 bat,0.0
mean,2040,52,58,PT1 0 bat,0.0
mean,2040,52,59,PT1 0 bat,0.0
mean,2040,52,60,PT1 0 bat,0.0
mean,2040,52,61,PT1 0 bat,0.0
mean,2040,52,62,PT1 0 bat,0.0
mean,2040,52,63,PT1 0 bat,0.0
mean,2040,52,64,PT1 0 bat,0.0
mean,2040,52,65,PT1 0 bat,0.0
mean,2040,52,66,PT1 0 bat,0.0
mean,2040,52,67,PT1 0 bat,0.0
mean,2040,52,68,PT1 0 bat,0.0
mean,2040,52,69,PT1 0 bat,0.0
mean,2040,52,70,PT1 0 bat,0.0
mean,2040,52,71,PT1 0 bat,0.0
mean,2040,52,72,PT1 0 bat,0.0
mean,2040,52,73,PT1 0 bat,0.0
mean,2040,52,74,PT1 0 bat,0.0
mean,2040,52,75,PT1 0 bat,0.0
mean,2040,52,76,PT1 0 bat,0.0
mean,2040,52,77,PT1 0 bat,0.0
mean,2040,52,78,PT1 0 bat,0.0
mean,2040,52,79,PT1 0 bat,0.0
mean,2040,52,80,PT1 0 bat,0.0
mean,2040,52,81,PT1 0 bat,0.0
mean,2040,52,82,PT1 0 bat,0.0
mean,2040,52,83,PT1 0 bat,0.0
mean,2040,52,84,PT1 0 bat,0.0
mean,2040,52,85,PT1 0 bat,0.0
mean,2040,52,86,PT1 0 bat,0.0
mean,2040,52,87,PT1 0 bat,0.0
mean,2040,52,88,PT1 0 bat,0.0
mean,2040,52,89,PT1 0 bat,0.0
mean,2040,52,90,PT1 0 bat,0.0
mean,2040,52,91,PT1 0 bat,0.0
mean,2040,52,92,PT1 0 bat,0.0
mean,2040,52,93,PT1 0 bat,0.0
mean,2040,52,94,PT1 0 bat,0.0
mean,2040,52,95,PT1 0 bat,0.0
mean,2040,52,96,PT1 0 bat,0.0
mean,2040,52,97,PT1 0 bat,0.0
mean,2040,52,98,PT1 0 bat,0.0
mean,2040,52,99,PT1 0 bat,0.0
mean,2040,52,100,PT1 0 bat,0.0
mean,2040,52,101,PT1 0 bat,0.0
mean,2040,52,102,PT1 0 bat,0.0
mean,2040,52,103,PT1 0 bat,0.0
mean,2040,52,104,PT1 0 bat,0.0
mean,2040,52,105,PT1 0 bat,0.0
mean,2040,52,106,PT1 0 bat,0.0
mean,2040,52,107,PT1 0 bat,0.0
mean,2040,52,108,PT1 0 bat,0.0
mean,2040,52,109,PT1 0 bat,0.0
mean,2040,52,110,PT1 0 bat,0.0
mean,2040,52,111,PT1 0 bat,0.0
mean,2040,52,112,PT1 0 bat,0.0
mean,2040,52,113,PT1 0 bat,0.0
mean,2040,52,114,PT1 0 bat,0.0
mean,2040,52,115,PT1 0 bat,0.0
mean,2040,52,116,PT1 0 bat,0.0
mean,2040,52,117,PT1 0 bat,0.0
mean,2040,52,118,PT1 0 bat,0.0
mean,2040,52,119,PT1 0 bat,0.0
mean,2040,52,120,PT1 0 bat,0.0
mean,2040,52,121,PT1 0 bat,0.0
mean,2040,52,122,PT1 0 bat,0.0
mean,2040,52,123,PT1 0 bat,0.0
mean,2040,52,124,PT1 0 bat,0.0
mean,2040,52,125,PT1 0 bat,0.0
mean,2040,52,126,PT1 0 bat,0.0
mean,2040,52,127,PT1 0 bat,0.0
mean,2040,52,128,PT1 0 bat,0.0
mean,2040,52,129,PT1 0 bat,0.0
mean,2040,52,130,PT1 0 bat,0.0
mean,2040,52,131,PT1 0 bat,0.0
mean,2040,52,132,PT1 0 bat,0.0
mean,2040,52,133,PT1 0 bat,0.0
mean,2040,52,134,PT1 0 bat,0.0
mean,2040,52,135,PT1 0 bat,0.0
mean,2040,52,136,PT1 0 bat,0.0
mean,2040,52,137,PT1 0 bat,0.0
mean,2040,52,138,PT1 0 bat,0.0
mean,2040,52,139,PT1 0 bat,0.0
mean,2040,52,140,PT1 0 bat,0.0
mean,2040,52,141,PT1 0 bat,0.0
mean,2040,52,142,PT1 0 bat,0.0
mean,2040,52,143,PT1 0 bat,0.0
mean,2040,52,144,PT1 0 bat,0.0
mean,2040,52,145,PT1 0 bat,0.0
mean,2040,52,146,PT1 0 bat,0.0
mean,2040,52,147,PT1 0 bat,0.0
mean,2040,52,148,PT1 0 bat,0.0
mean,2040,52,149,PT1 0 bat,0.0
mean,2040,52,150,PT1 0 bat,0.0
mean,2040,52,151,PT1 0 bat,0.0
mean,2040,52,152,PT1 0 bat,0.0
mean,2040,52,153,PT1 0 bat,0.0
mean,2040,52,154,PT1 0 bat,0.0
mean,2040,52,155,PT1 0 bat,0.0
mean,2040,52,156,PT1 0 bat,0.0
mean,2040,52,157,PT1 0 bat,0.0
mean,2040,52,158,PT1 0 bat,0.0
mean,2040,52,159,PT1 0 bat,0.0
mean,2040,52,160,PT1 0 bat,0.0
mean,2040,52,161,PT1 0 bat,0.0
mean,2040,52,162,PT1 0 bat,0.0
mean,2040,52,163,PT1 0 bat,0.0
mean,2040,52,164,PT1 0 bat,0.0
mean,2040,52,165,PT1 0 bat,0.0
mean,2040,52,166,PT1 0 bat,0.0
mean,2040,52,167,PT1 0 bat,0.0
mean,2050,11,0,PT1 0 bat,-0.0143926802706529
mean,2050,11,1,PT1 0 bat,0.0
mean,2050,11,2,PT1 0 bat,0.0
mean,2050,11,3,PT1 0 bat,0.0
mean,2050,11,4,PT1 0 bat,0.0
mean,2050,11,5,PT1 0 bat,0.0
mean,2050,11,6,PT1 0 bat,0.0
mean,2050,11,7,PT1 0 bat,0.0
mean,2050,11,8,PT1 0 bat,0.0
mean,2050,11,9,PT1 0 bat,0.0
mean,2050,11,10,PT1 0 bat,0.0
mean,2050,11,11,PT1 0 bat,0.0
mean,2050,11,12,PT1 0 bat,0.0
mean,2050,11,13,PT1 0 bat,0.0
mean,2050,11,14,PT1 0 bat,0.0
mean,2050,11,15,PT1 0 bat,0.0
mean,2050,11,16,PT1 0 bat,0.0
mean,2050,11,17,PT1 0 bat,0.0
mean,2050,11,18,PT1 0 bat,0.0
mean,2050,11,19,PT1 0 bat,0.0
mean,2050,11,20,PT1 0 bat,0.0
mean,2050,11,21,PT1 0 bat,0.0
mean,2050,11,22,PT1 0 bat,0.0
mean,2050,11,23,PT1 0 bat,0.0
mean,2050,11,24,PT1 0 bat,0.0
mean,2050,11,25,PT1 0 bat,0.0
mean,2050,11,26,PT1 0 bat,0.0
mean,2050,11,27,PT1 0 bat,0.0
mean,2050,11,28,PT1 0 bat,0.0
mean,2050,11,29,PT1 0 bat,0.0
mean,2050,11,30,PT1 0 bat,0.0
mean,2050,11,31,PT1 0 bat,0.0
mean,2050,11,32,PT1 0 bat,0.0
mean,2050,11,33,PT1 0 bat,0.0
mean,2050,11,34,PT1 0 bat,0.0
mean,2050,11,35,PT1 0 bat,0.0
mean,2050,11,36,PT1 0 bat,0.0
mean,2050,11,37,PT1 0 bat,0.0
mean,2050,11,38,PT1 0 bat,0.0
mean,2050,11,39,PT1 0 bat,0.0
mean,2050,11,40,PT1 0 bat,0.0
mean,2050,11,41,PT1 0 bat,0.0
mean,2050,11,42,PT1 0 bat,0.0
mean,2050,11,43,PT1 0 bat,0.0
mean,2050,11,44,PT1 0 bat,0.0
mean,2050,11,45,PT1 0 bat,0.0
mean,2050,11,46,PT1 0 bat,0.0
mean,2050,11,47,PT1 0 bat,0.0
mean,2050,11,48,PT1 0 bat,0.0
mean,2050,11,49,PT1 0 bat,0.0
mean,2050,11,50,PT1 0 bat,0.0
mean,2050,11,51,PT1 0 bat,0.0
mean,2050,11,52,PT1 0 bat,0.0
mean,2050,11,53,PT1 0 bat,0.0
mean,2050,11,54,PT1 0 bat,0.0
mean,2050,11,55,PT1 0 bat,0.0
mean,2050,11,56,PT1 0 bat,0.0
mean,2050,11,57,PT1 0 bat,0.0
mean,2050,11,58,PT1 0 bat,0.0
mean,2050,11,59,PT1 0 bat,0.0
mean,2050,11,60,PT1 0 bat,0.0
mean,2050,11,61,PT1 0 bat,0.0
mean,2050,11,62,PT1 0 bat,0.0
mean,2050,11,63,PT1 0 bat,0.0
mean,2050,11,64,PT1 0 bat,0.0
mean,2050,11,65,PT1 0 bat,0.0
mean,2050,11,66,PT1 0 bat,0.0
mean,2050,11,67,PT1 0 bat,0.0
mean,2050,11,68,PT1 0 bat,0.0
mean,2050,11,69,PT1 0 bat,0.0
mean,2050,11,70,PT1 0 bat,0.0
mean,2050,11,71,PT1 0 bat,0.0
mean,2050,11,72,PT1 0 bat,0.0
mean,2050,11,73,PT1 0 bat,0.0
mean,2050,11,74,PT1 0 bat,0.0
mean,2050,11,75,PT1 0 bat,0.0
mean,2050,11,76,PT1 0 bat,0.0
mean,2050,11,77,PT1 0 bat,0.0
mean,2050,11,78,PT1 0 bat,0.0
mean,2050,11,79,PT1 0 bat,0.0
mean,2050,11,80,PT1 0 bat,0.0
mean,2050,11,81,PT1 0 bat,0.0
mean,2050,11,82,PT1 0 bat,0.0
mean,2050,11,83,PT1 0 bat,0.0
mean,2050,11,84,PT1 0 bat,0.0
mean,2050,11,85,PT1 0 bat,0.0
mean,2050,11,86,PT1 0 bat,0.0
mean,2050,11,87,PT1 0 bat,0.0
mean,2050,11,88,PT1 0 bat,0.0
mean,2050,11,89,PT1 0 bat,0.0
mean,2050,11,90,PT1 0 bat,0.0
mean,2050,11,91,PT1 0 bat,0.0
mean,2050,11,92,PT1 0 bat,0.0
mean,2050,11,93,PT1 0 bat,0.0
mean,2050,11,94,PT1 0 bat,0.0
mean,2050,11,95,PT1 0 bat,0.0
mean,2050,11,96,PT1 0 bat,0.0
mean,2050,11,97,PT1 0 bat,0.0
mean,2050,11,98,PT1 0 bat,0.0
mean,2050,11,99,PT1 0 bat,0.0
mean,2050,11,100,PT1 0 bat,0.0
mean,2050,11,101,PT1 0 bat,0.0
mean,2050,11,102,PT1 0 bat,0.0
mean,2050,11,103,PT1 0 bat,0.0
mean,2050,11,104,PT1 0 bat,0.0
mean,2050,11,105,PT1 0 bat,0.0
mean,2050,11,106,PT1 0 bat,0.0
mean,2050,11,107,PT1 0 bat,0.0
mean,2050,11,108,PT1 0 bat,0.0
mean,2050,11,109,PT1 0 bat,0.0
mean,2050,11,110,PT1 0 bat,0.0
mean,2050,11,111,PT1 0 bat,0.0
mean,2050,11,112,PT1 0 bat,0.0
mean,2050,11,113,PT1 0 bat,0.0
mean,2050,11,114,PT1 0 bat,0.0
mean,2050,11,115,PT1 0 bat,0.0
mean,2050,11,116,PT1 0 bat,0.0
mean,2050,11,117,PT1 0 bat,0.0
mean,2050,11,118,PT1 0 bat,0.0
mean,2050,11,119,PT1 0 bat,0.0
mean,2050,11,120,PT1 0 bat,0.0
mean,2050,11,121,PT1 0 bat,0.0
mean,2050,11,122,PT1 0 bat,0.0
mean,2050,11,123,PT1 0 bat,0.0
mean,2050,11,124,PT1 0 bat,0.0
mean,2050,11,125,PT1 0 bat,0.0
mean,2050,11,126,PT1 0 bat,0.0
mean,2050,11,127,PT1 0 bat,0.0
mean,2050,11,128,PT1 0 bat,0.0
mean,2050,11,129,PT1 0 bat,0.0
mean,2050,11,130,PT1 0 bat,0.0
mean,2050,11,131,PT1 0 bat,0.0
mean,2050,11,132,PT1 0 bat,0.0
mean,2050,11,133,PT1 0 bat,0.0
mean,2050,11,134,PT1 0 bat,0.0
mean,2050,11,135,PT1 0 bat,0.0
mean,2050,11,136,PT1 0 bat,0.0
mean,2050,11,137,PT1 0 bat,0.0
mean,2050,11,138,PT1 0 bat,0.0
mean,2050,11,139,PT1 0 bat,0.0
mean,2050,11,140,PT1 0 bat,0.0
mean,2050,11,141,PT1 0 bat,0.0
mean,2050,11,142,PT1 0 bat,0.0
mean,2050,11,143,PT1 0 bat,0.0
mean,2050,11,144,PT1 0 bat,0.0
mean,2050,11,145,PT1 0 bat,0.0
mean,2050,11,146,PT1 0 bat,0.0
mean,2050,11,147,PT1 0 bat,0.0
mean,2050,11,148,PT1 0 bat,0.0
mean,2050,11,149,PT1 0 bat,0.0
mean,2050,11,150,PT1 0 bat,0.0
mean,2050,11,151,PT1 0 bat,0.0
mean,2050,11,152,PT1 0 bat,0.0
mean,2050,11,153,PT1 0 bat,0.0
mean,2050,11,154,PT1 0 bat,0.0
mean,2050,11,155,PT1 0 bat,0.0
mean,2050,11,156,PT1 0 bat,0.0
mean,2050,11,157,PT1 0 bat,0.0
mean,2050,11,158,PT1 0 bat,0.0
mean,2050,11,159,PT1 0 bat,0.0
mean,2050,11,160,PT1 0 bat,0.0
mean,2050,11,161,PT1 0 bat,0.0
mean,2050,11,162,PT1 0 bat,0.0
mean,2050,11,163,PT1 0 bat,0.0
mean,2050,11,164,PT1 0 bat,0.0
mean,2050,11,165,PT1 0 bat,0.0
mean,2050,11,166,PT1 0 bat,0.0
mean,2050,11,167,PT1 0 bat,0.0
mean,2050,21,0,PT1 0 bat,-60.96951724137932
mean,2050,21,1,PT1 0 bat,0.0
mean,2050,21,2,PT1 0 bat,0.0
mean,2050,21,3,PT1 0 bat,0.0
mean,2050,21,4,PT1 0 bat,0.0
mean,2050,21,5,PT1 0 bat,0.0
mean,2050,21,6,PT1 0 bat,0.0
mean,2050,21,7,PT1 0 bat,0.0
mean,2050,21,8,PT1 0 bat,0.0
mean,2050,21,9,PT1 0 bat,0.0
mean,2050,21,10,PT1 0 bat,0.0
mean,2050,21,11,PT1 0 bat,0.0
mean,2050,21,12,PT1 0 bat,0.0
mean,2050,21,13,PT1 0 bat,0.0
mean,2050,21,14,PT1 0 bat,0.0
mean,2050,21,15,PT1 0 bat,0.0
mean,2050,21,16,PT1 0 bat,0.0
mean,2050,21,17,PT1 0 bat,0.0
mean,2050,21,18,PT1 0 bat,0.0
mean,2050,21,19,PT1 0 bat,0.0
mean,2050,21,20,PT1 0 bat,0.0
mean,2050,21,21,PT1 0 bat,0.0
mean,2050,21,22,PT1 0 bat,0.0
mean,2050,21,23,PT1 0 bat,0.0
mean,2050,21,24,PT1 0 bat,0.0
mean,2050,21,25,PT1 0 bat,0.0
mean,2050,21,26,PT1 0 bat,0.0
mean,2050,21,27,PT1 0 bat,0.0
mean,2050,21,28,PT1 0 bat,0.0
mean,2050,21,29,PT1 0 bat,0.0
mean,2050,21,30,PT1 0 bat,0.0
mean,2050,21,31,PT1 0 bat,0.0
mean,2050,21,32,PT1 0 bat,0.0
mean,2050,21,33,PT1 0 bat,0.0
mean,2050,21,34,PT1 0 bat,0.0
mean,2050,21,35,PT1 0 bat,0.0
mean,2050,21,36,PT1 0 bat,0.0
mean,2050,21,37,PT1 0 bat,0.0
mean,2050,21,38,PT1 0 bat,0.0
mean,2050,21,39,PT1 0 bat,0.0
mean,2050,21,40,PT1 0 bat,0.0
mean,2050,21,41,PT1 0 bat,0.0
mean,2050,21,42,PT1 0 bat,0.0
mean,2050,21,43,PT1 0 bat,0.0
mean,2050,21,44,PT1 0 bat,0.0
mean,2050,21,45,PT1 0 bat,0.0
mean,2050,21,46,PT1 0 bat,0.0
mean,2050,21,47,PT1 0 bat,0.0
mean,2050,21,48,PT1 0 bat,0.0
mean,2050,21,49,PT1 0 bat,0.0
mean,2050,21,50,PT1 0 bat,0.0
mean,2050,21,51,PT1 0 bat,0.0
mean,2050,21,52,PT1 0 bat,0.0
mean,2050,21,53,PT1 0 bat,0.0
mean,2050,21,54,PT1 0 bat,0.0
mean,2050,21,55,PT1 0 bat,0.0
mean,2050,21,56,PT1 0 bat,0.0
mean,2050,21,57,PT1 0 bat,0.0
mean,2050,21,58,PT1 0 bat,0.0
mean,2050,21,59,PT1 0 bat,0.0
mean,2050,21,60,PT1 0 bat,0.0
mean,2050,21,61,PT1 0 bat,0.0
mean,2050,21,62,PT1 0 bat,0.0
mean,2050,21,63,PT1 0 bat,0.0
mean,2050,21,64,PT1 0 bat,0.0
mean,2050,21,65,PT1 0 bat,0.0
mean,2050,21,66,PT1 0 bat,0.0
mean,2050,21,67,PT1 0 bat,0.0
mean,2050,21,68,PT1 0 bat,0.0
mean,2050,21,69,PT1 0 bat,0.0
mean,2050,21,70,PT1 0 bat,0.0
mean,2050,21,71,PT1 0 bat,0.0
mean,2050,21,72,PT1 0 bat,0.0
mean,2050,21,73,PT1 0 bat,0.0
mean,2050,21,74,PT1 0 bat,0.0
mean,2050,21,75,PT1 0 bat,0.0
mean,2050,21,76,PT1 0 bat,0.0
mean,2050,21,77,PT1 0 bat,0.0
mean,2050,21,78,PT1 0 bat,0.0
mean,2050,21,79,PT1 0 bat,0.0
mean,2050,21,80,PT1 0 bat,0.0
mean,2050,21,81,PT1 0 bat,0.0
mean,2050,21,82,PT1 0 bat,0.0
mean,2050,21,83,PT1 0 bat,0.0
mean,2050,21,84,PT1 0 bat,0.0
mean,2050,21,85,PT1 0 bat,0.0
mean,2050,21,86,PT1 0 bat,0.0
mean,2050,21,87,PT1 0 bat,0.0
mean,2050,21,88,PT1 0 bat,0.0
mean,2050,21,89,PT1 0 bat,0.0
mean,2050,21,90,PT1 0 bat,0.0
mean,2050,21,91,PT1 0 bat,0.0
mean,2050,21,92,PT1 0 bat,0.0
mean,2050,21,93,PT1 0 bat,0.0
mean,2050,21,94,PT1 0 bat,0.0
mean,2050,21,95,PT1 0 bat,0.0
mean,2050,21,96,PT1 0 bat,0.0
mean,2050,21,97,PT1 0 bat,0.0
mean,2050,21,98,PT1 0 bat,0.0
mean,2050,21,99,PT1 0 bat,0.0
mean,2050,21,100,PT1 0 bat,0.0
mean,2050,21,101,PT1 0 bat,0.0
mean,2050,21,102,PT1 0 bat,0.0
mean,2050,21,103,PT1 0 bat,0.0
mean,2050,21,104,PT1 0 bat,0.0
mean,2050,21,105,PT1 0 bat,0.0
mean,2050,21,106,PT1 0 bat,0.0
mean,2050,21,107,PT1 0 bat,0.0
mean,2050,21,108,PT1 0 bat,0.0
mean,2050,21,109,PT1 0 bat,0.0
mean,2050,21,110,PT1 0 bat,0.0
mean,2050,21,111,PT1 0 bat,0.0
mean,2050,21,112,PT1 0 bat,0.0
mean,2050,21,113,PT1 0 bat,0.0
mean,2050,21,114,PT1 0 bat,0.0
mean,2050,21,115,PT1 0 bat,0.0
mean,2050,21,116,PT1 0 bat,0.0
mean,2050,21,117,PT1 0 bat,0.0
mean,2050,21,118,PT1 0 bat,0.0
mean,2050,21,119,PT1 0 bat,0.0
mean,2050,21,120,PT1 0 bat,0.0
mean,2050,21,121,PT1 0 bat,0.0
mean,2050,21,122,PT1 0 bat,0.0
mean,2050,21,123,PT1 0 bat,0.0
mean,2050,21,124,PT1 0 bat,0.0
mean,2050,21,125,PT1 0 bat,0.0
mean,2050,21,126,PT1 0 bat,0.0
mean,2050,21,127,PT1 0 bat,0.0
mean,2050,21,128,PT1 0 bat,0.0
mean,2050,21,129,PT1 0 bat,0.0
mean,2050,21,130,PT1 0 bat,0.0
mean,2050,21,131,PT1 0 bat,0.0
mean,2050,21,132,PT1 0 bat,0.0
mean,2050,21,133,PT1 0 bat,0.0
mean,2050,21,134,PT1 0 bat,0.0
mean,2050,21,135,PT1 0 bat,0.0
mean,2050,21,136,PT1 0 bat,0.0
mean,2050,21,137,PT1 0 bat,0.0
mean,2050,21,138,PT1 0 bat,0.0
mean,2050,21,139,PT1 0 bat,0.0
mean,2050,21,140,PT1 0 bat,0.0
mean,2050,21,141,PT1 0 bat,0.0
mean,2050,21,142,PT1 0 bat,0.0
mean,2050,21,143,PT1 0 bat,0.0
mean,2050,21,144,PT1 0 bat,0.0
mean,2050,21,145,PT1 0 bat,0.0
mean,2050,21,146,PT1 0 bat,0.0
mean,2050,21,147,PT1 0 bat,0.0
mean,2050,21,148,PT1 0 bat,0.0
mean,2050,21,149,PT1 0 bat,0.0
mean,2050,21,150,PT1 0 bat,0.0
mean,2050,21,151,PT1 0 bat,0.0
mean,2050,21,152,PT1 0 bat,0.0
mean,2050,21,153,PT1 0 bat,0.0
mean,2050,21,154,PT1 0 bat,0.0
mean,2050,21,155,PT1 0 bat,0.0
mean,2050,21,156,PT1 0 bat,0.0
mean,2050,21,157,PT1 0 bat,0.0
mean,2050,21,158,PT1 0 bat,0.0
mean,2050,21,159,PT1 0 bat,0.0
mean,2050,21,160,PT1 0 bat,0.0
mean,2050,21,161,PT1 0 bat,0.0
mean,2050,21,162,PT1 0 bat,0.0
mean,2050,21,163,PT1 0 bat,0.0
mean,2050,21,164,PT1 0 bat,0.0
mean,2050,21,165,PT1 0 bat,0.0
mean,2050,21,166,PT1 0 bat,0.0
mean,2050,21,167,PT1 0 bat,0.0
mean,2050,42,0,PT1 0 bat,-61.153641987132374
mean,2050,42,1,PT1 0 bat,0.0
mean,2050,42,2,PT1 0 bat,0.0
mean,2050,42,3,PT1 0 bat,0.0
mean,2050,42,4,PT1 0 bat,0.0
mean,2050,42,5,PT1 0 bat,0.0
mean,2050,42,6,PT1 0 bat,0.0
mean,2050,42,7,PT1 0 bat,0.0
mean,2050,42,8,PT1 0 bat,0.0
mean,2050,42,9,PT1 0 bat,0.0
mean,2050,42,10,PT1 0 bat,0.0
mean,2050,42,11,PT1 0 bat,0.0
mean,2050,42,12,PT1 0 bat,0.0
mean,2050,42,13,PT1 0 bat,0.0
mean,2050,42,14,PT1 0 bat,0.0
mean,2050,42,15,PT1 0 bat,0.0
mean,2050,42,16,PT1 0 bat,0.0
mean,2050,42,17,PT1 0 bat,0.0
mean,2050,42,18,PT1 0 bat,0.0
mean,2050,42,19,PT1 0 bat,0.0
mean,2050,42,20,PT1 0 bat,0.0
mean,2050,42,21,PT1 0 bat,0.0
mean,2050,42,22,PT1 0 bat,0.0
mean,2050,42,23,PT1 0 bat,0.0
mean,2050,42,24,PT1 0 bat,0.0
mean,2050,42,25,PT1 0 bat,0.0
mean,2050,42,26,PT1 0 bat,0.0
mean,2050,42,27,PT1 0 bat,0.0
mean,2050,42,28,PT1 0 bat,0.0
mean,2050,42,29,PT1 0 bat,0.0
mean,2050,42,30,PT1 0 bat,0.0
mean,2050,42,31,PT1 0 bat,0.0
mean,2050,42,32,PT1 0 bat,0.0
mean,2050,42,33,PT1 0 bat,0.0
mean,2050,42,34,PT1 0 bat,0.0
mean,2050,42,35,PT1 0 bat,0.0
mean,2050,42,36,PT1 0 bat,0.0
mean,2050,42,37,PT1 0 bat,0.0
mean,2050,42,38,PT1 0 bat,0.0
mean,2050,42,39,PT1 0 bat,0.0
mean,2050,42,40,PT1 0 bat,0.0
mean,2050,42,41,PT1 0 bat,0.0
mean,2050,42,42,PT1 0 bat,0.0
mean,2050,42,43,PT1 0 bat,0.0
mean,2050,42,44,PT1 0 bat,0.0
mean,2050,42,45,PT1 0 bat,0.0
mean,2050,42,46,PT1 0 bat,0.0
mean,2050,42,47,PT1 0 bat,0.0
mean,2050,42,48,PT1 0 bat,0.0
mean,2050,42,49,PT1 0 bat,0.0
mean,2050,42,50,PT1 0 bat,0.0
mean,2050,42,51,PT1 0 bat,0.0
mean,2050,42,52,PT1 0 bat,0.0
mean,2050,42,53,PT1 0 bat,0.0
mean,2050,42,54,PT1 0 bat,0.0
mean,2050,42,55,PT1 0 bat,0.0
mean,2050,42,56,PT1 0 bat,0.0
mean,2050,42,57,PT1 0 bat,0.0
mean,2050,42,58,PT1 0 bat,0.0
mean,2050,42,59,PT1 0 bat,0.0
mean,2050,42,60,PT1 0 bat,0.0
mean,2050,42,61,PT1 0 bat,0.0
mean,2050,42,62,PT1 0 bat,0.0
mean,2050,42,63,PT1 0 bat,0.0
mean,2050,42,64,PT1 0 bat,0.0
mean,2050,42,65,PT1 0 bat,0.0
mean,2050,42,66,PT1 0 bat,0.0
mean,2050,42,67,PT1 0 bat,0.0
mean,2050,42,68,PT1 0 bat,0.0
mean,2050,42,69,PT1 0 bat,0.0
mean,2050,42,70,PT1 0 bat,0.0
mean,2050,42,71,PT1 0 bat,0.0
mean,2050,42,72,PT1 0 bat,0.0
mean,2050,42,73,PT1 0 bat,0.0
mean,2050,42,74,PT1 0 bat,0.0
mean,2050,42,75,PT1 0 bat,0.0
mean,2050,42,76,PT1 0 bat,0.0
mean,2050,42,77,PT1 0 bat,0.0
mean,2050,42,78,PT1 0 bat,0.0
mean,2050,42,79,PT1 0 bat,0.0
mean,2050,42,80,PT1 0 bat,0.0
mean,2050,42,81,PT1 0 bat,0.0
mean,2050,42,82,PT1 0 bat,0.0
mean,2050,42,83,PT1 0 bat,0.0
mean,2050,42,84,PT1 0 bat,0.0
mean,2050,42,85,PT1 0 bat,0.0
mean,2050,42,86,PT1 0 bat,0.0
mean,2050,42,87,PT1 0 bat,0.0
mean,2050,42,88,PT1 0 bat,0.0
mean,2050,42,89,PT1 0 bat,0.0
mean,2050,42,90,PT1 0 bat,0.0
mean,2050,42,91,PT1 0 bat,0.0
mean,2050,42,92,PT1 0 bat,0.0
mean,2050,42,93,PT1 0 bat,0.0
mean,2050,42,94,PT1 0 bat,0.0
mean,2050,42,95,PT1 0 bat,0.0
mean,2050,42,96,PT1 0 bat,0.0
mean,2050,42,97,PT1 0 bat,0.0
mean,2050,42,98,PT1 0 bat,0.0
mean,2050,42,99,PT1 0 bat,0.0
mean,2050,42,100,PT1 0 bat,0.0
mean,2050,42,101,PT1 0 bat,0.0
mean,2050,42,102,PT1 0 bat,0.0
mean,2050,42,103,PT1 0 bat,0.0
mean,2050,42,104,PT1 0 bat,0.0
mean,2050,42,105,PT1 0 bat,0.0
mean,2050,42,106,PT1 0 bat,0.0
mean,2050,42,107,PT1 0 bat,0.0
mean,2050,42,108,PT1 0 bat,0.0
mean,2050,42,109,PT1 0 bat,0.0
mean,2050,42,110,PT1 0 bat,0.0
mean,2050,42,111,PT1 0 bat,0.0
mean,2050,42,112,PT1 0 bat,0.0
mean,2050,42,113,PT1 0 bat,0.0
mean,2050,42,114,PT1 0 bat,0.0
mean,2050,42,115,PT1 0 bat,0.0
mean,2050,42,116,PT1 0 bat,0.0
mean,2050,42,117,PT1 0 bat,0.0
mean,2050,42,118,PT1 0 bat,0.0
mean,2050,42,119,PT1 0 bat,0.0
mean,2050,42,120,PT1 0 bat,0.0
mean,2050,42,121,PT1 0 bat,0.0
mean,2050,42,122,PT1 0 bat,0.0
mean,2050,42,123,PT1 0 bat,0.0
mean,2050,42,124,PT1 0 bat,0.0
mean,2050,42,125,PT1 0 bat,0.0
mean,2050,42,126,PT1 0 bat,0.0
mean,2050,42,127,PT1 0 bat,0.0
mean,2050,42,128,PT1 0 bat,0.0
mean,2050,42,129,PT1 0 bat,0.0
mean,2050,42,130,PT1 0 bat,0.0
mean,2050,42,131,PT1 0 bat,0.0
mean,2050,42,132,PT1 0 bat,0.0
mean,2050,42,133,PT1 0 bat,0.0
mean,2050,42,134,PT1 0 bat,0.0
mean,2050,42,135,PT1 0 bat,0.0
mean,2050,42,136,PT1 0 bat,0.0
mean,2050,42,137,PT1 0 bat,0.0
mean,2050,42,138,PT1 0 bat,0.0
mean,2050,42,139,PT1 0 bat,0.0
mean,2050,42,140,PT1 0 bat,0.0
mean,2050,42,141,PT1 0 bat,0.0
mean,2050,42,142,PT1 0 bat,0.0
mean,2050,42,143,PT1 0 bat,0.0
mean,2050,42,144,PT1 0 bat,0.0
mean,2050,42,145,PT1 0 bat,0.0
mean,2050,42,146,PT1 0 bat,0.0
mean,2050,42,147,PT1 0 bat,0.0
mean,2050,42,148,PT1 0 bat,0.0
mean,2050,42,149,PT1 0 bat,0.0
mean,2050,42,150,PT1 0 bat,0.0
mean,2050,42,151,PT1 0 bat,0.0
mean,2050,42,152,PT1 0 bat,0.0
mean,2050,42,153,PT1 0 bat,0.0
mean,2050,42,154,PT1 0 bat,0.0
mean,2050,42,155,PT1 0 bat,0.0
mean,2050,42,156,PT1 0 bat,0.0
mean,2050,42,157,PT1 0 bat,0.0
mean,2050,42,158,PT1 0 bat,0.0
mean,2050,42,159,PT1 0 bat,0.0
mean,2050,42,160,PT1 0 bat,0.0
mean,2050,42,161,PT1 0 bat,0.0
mean,2050,42,162,PT1 0 bat,0.0
mean,2050,42,163,PT1 0 bat,0.0
mean,2050,42,164,PT1 0 bat,0.0
mean,2050,42,165,PT1 0 bat,0.0
mean,2050,42,166,PT1 0 bat,0.0
mean,2050,42,167,PT1 0 bat,0.0
mean,2050,52,0,PT1 0 bat,-60.34643686464375
mean,2050,52,1,PT1 0 bat,0.0
mean,2050,52,2,PT1 0 bat,0.0
mean,2050,52,3,PT1 0 bat,0.0
mean,2050,52,4,PT1 0 bat,0.0
mean,2050,52,5,PT1 0 bat,0.0
mean,2050,52,6,PT1 0 bat,0.0
mean,2050,52,7,PT1 0 bat,0.0
mean,2050,52,8,PT1 0 bat,0.0
mean,2050,52,9,PT1 0 bat,0.0
mean,2050,52,10,PT1 0 bat,0.0
mean,2050,52,11,PT1 0 bat,0.0
mean,2050,52,12,PT1 0 bat,0.0
mean,2050,52,13,PT1 0 bat,0.0
mean,2050,52,14,PT1 0 bat,0.0
mean,2050,52,15,PT1 0 bat,0.0
mean,2050,52,16,PT1 0 bat,0.0
mean,2050,52,17,PT1 0 bat,0.0
mean,2050,52,18,PT1 0 bat,0.0
mean,2050,52,19,PT1 0 bat,0.0
mean,2050,52,20,PT1 0 bat,0.0
mean,2050,52,21,PT1 0 bat,0.0
mean,2050,52,22,PT1 0 bat,0.0
mean,2050,52,23,PT1 0 bat,0.0
mean,2050,52,24,PT1 0 bat,0.0
mean,2050,52,25,PT1 0 bat,0.0
mean,2050,52,26,PT1 0 bat,0.0
mean,2050,52,27,PT1 0 bat,0.0
mean,2050,52,28,PT1 0 bat,0.0
mean,2050,52,29,PT1 0 bat,0.0
mean,2050,52,30,PT1 0 bat,0.0
mean,2050,52,31,PT1 0 bat,0.0
mean,2050,52,32,PT1 0 bat,0.0
mean,2050,52,33,PT1 0 bat,0.0
mean,2050,52,34,PT1 0 bat,0.0
mean,2050,52,35,PT1 0 bat,0.0
mean,2050,52,36,PT1 0 bat,0.0
mean,2050,52,37,PT1 0 bat,0.0
mean,2050,52,38,PT1 0 bat,0.0
mean,2050,52,39,PT1 0 bat,0.0
mean,2050,52,40,PT1 0 bat,0.0
mean,2050,52,41,PT1 0 bat,0.0
mean,2050,52,42,PT1 0 bat,0.0
mean,2050,52,43,PT1 0 bat,0.0
mean,2050,52,44,PT1 0 bat,0.0
mean,2050,52,45,PT1 0 bat,0.0
mean,2050,52,46,PT1 0 bat,0.0
mean,2050,52,47,PT1 0 bat,0.0
mean,2050,52,48,PT1 0 bat,0.0
mean,2050,52,49,PT1 0 bat,0.0
mean,2050,52,50,PT1 0 bat,0.0
mean,2050,52,51,PT1 0 bat,0.0
mean,2050,52,52,PT1 0 bat,0.0
mean,2050,52,53,PT1 0 bat,0.0
mean,2050,52,54,PT1 0 bat,0.0
mean,2050,52,55,PT1 0 bat,0.0
mean,2050,52,56,PT1 0 bat,0.0
mean,2050,52,57,PT1 0 bat,0.0
mean,2050,52,58,PT1 0 bat,0.0
mean,2050,52,59,PT1 0 bat,0.0
mean,2050,52,60,PT1 0 bat,0.0
mean,2050,52,61,PT1 0 bat,0.0
mean,2050,52,62,PT1 0 bat,0.0
mean,2050,52,63,PT1 0 bat,0.0
mean,2050,52,64,PT1 0 bat,0.0
mean,2050,52,65,PT1 0 bat,0.0
mean,2050,52,66,PT1 0 bat,0.0
mean,2050,52,67,PT1 0 bat,0.0
mean,2050,52,68,PT1 0 bat,0.0
mean,2050,52,69,PT1 0 bat,0.0
mean,2050,52,70,PT1 0 bat,0.0
mean,2050,52,71,PT1 0 bat,0.0
mean,2050,52,72,PT1 0 bat,0.0
mean,2050,52,73,PT1 0 bat,0.0
mean,2050,52,74,PT1 0 bat,0.0
mean,2050,52,75,PT1 0 bat,0.0
mean,2050,52,76,PT1 0 bat,0.0
mean,2050,52,77,PT1 0 bat,0.0
mean,2050,52,78,PT1 0 bat,0.0
mean,2050,52,79,PT1 0 bat,0.0
mean,2050,52,80,PT1 0 bat,0.0
mean,2050,52,81,PT1 0 bat,0.0
mean,2050,52,82,PT1 0 bat,0.0
mean,2050,52,83,PT1 0 bat,0.0
mean,2050,52,84,PT1 0 bat,0.0
mean,2050,52,85,PT1 0 bat,0.0
mean,2050,52,86,PT1 0 bat,0.0
mean,2050,52,87,PT1 0 bat,0.0
mean,2050,52,88,PT1 0 bat,0.0
mean,2050,52,89,PT1 0 bat,0.0
mean,2050,52,90,PT1 0 bat,0.0
mean,2050,52,91,PT1 0 bat,0.0
mean,2050,52,92,PT1 0 bat,0.0
mean,2050,52,93,PT1 0 bat,0.0
mean,2050,52,94,PT1 0 bat,0.0
mean,2050,52,95,PT1 0 bat,0.0
mean,2050,52,96,PT1 0 bat,0.0
mean,2050,52,97,PT1 0 bat,0.0
mean,2050,52,98,PT1 0 bat,0.0
mean,2050,52,99,PT1 0 bat,0.0
mean,2050,52,100,PT1 0 bat,0.0
mean,2050,52,101,PT1 0 bat,0.0
mean,2050,52,102,PT1 0 bat,0.0
mean,2050,52,103,PT1 0 bat,0.0
mean,2050,52,104,PT1 0 bat,0.0
mean,2050,52,105,PT1 0 bat,0.0
mean,2050,52,106,PT1 0 bat,0.0
mean,2050,52,107,PT1 0 bat,0.0
mean,2050,52,108,PT1 0 bat,0.0
mean,2050,52,109,PT1 0 bat,0.0
mean,2050,52,110,PT1 0 bat,0.0
mean,2050,52,111,PT1 0 bat,0.0
mean,2050,52,112,PT1 0 bat,0.0
mean,2050,52,113,PT1 0 bat,0.0
mean,2050,52,114,PT1 0 bat,0.0
mean,2050,52,115,PT1 0 bat,0.0
mean,2050,52,116,PT1 0 bat,0.0
mean,2050,52,117,PT1 0 bat,0.0
mean,2050,52,118,PT1 0 bat,0.0
mean,2050,52,119,PT1 0 bat,0.0
mean,2050,52,120,PT1 0 bat,0.0
mean,2050,52,121,PT1 0 bat,0.0
mean,2050,52,122,PT1 0 bat,0.0
mean,2050,52,123,PT1 0 bat,0.0
mean,2050,52,124,PT1 0 bat,0.0
mean,2050,52,125,PT1 0 bat,0.0
mean,2050,52,126,PT1 0 bat,0.0
mean,2050,52,127,PT1 0 bat,0.0
mean,2050,52,128,PT1 0 bat,0.0
mean,2050,52,129,PT1 0 bat,0.0
mean,2050,52,130,PT1 0 bat,0.0
mean,2050,52,131,PT1 0 bat,0.0
mean,2050,52,132,PT1 0 bat,0.0
mean,2050,52,133,PT1 0 bat,0.0
mean,2050,52,134,PT1 0 bat,0.0
mean,2050,52,135,PT1 0 bat,0.0
mean,2050,52,136,PT1 0 bat,0.0
mean,2050,52,137,PT1 0 bat,0.0
mean,2050,52,138,PT1 0 bat,0.0
mean,2050,52,139,PT1 0 bat,0.0
mean,2050,52,140,PT1 0 bat,0.0
mean,2050,52,141,PT1 0 bat,0.0
mean,2050,52,142,PT1 0 bat,0.0
mean,2050,52,143,PT1 0 bat,0.0
mean,2050,52,144,PT1 0 bat,0.0
mean,2050,52,145,PT1 0 bat,0.0
mean,2050,52,146,PT1 0 bat,0.0
mean,2050,52,147,PT1 0 bat,0.0
mean,2050,52,148,PT1 0 bat,0.0
mean,2050,52,149,PT1 0 bat,0.0
mean,2050,52,150,PT1 0 bat,0.0
mean,2050,52,151,PT1 0 bat,0.0
mean,2050,52,152,PT1 0 bat,0.0
mean,2050,52,153,PT1 0 bat,0.0
mean,2050,52,154,PT1 0 bat,0.0
mean,2050,52,155,PT1 0 bat,0.0
mean,2050,52,156,PT1 0 bat,0.0
mean,2050,52,157,PT1 0 bat,0.0
mean,2050,52,158,PT1 0 bat,0.0
mean,2050,52,159,PT1 0 bat,0.0
mean,2050,52,160,PT1 0 bat,0.0
mean,2050,52,161,PT1 0 bat,0.0
mean,2050,52,162,PT1 0 bat,0.0
mean,2050,52,163,PT1 0 bat,0.0
mean,2050,52,164,PT1 0 bat,0.0
mean,2050,52,165,PT1 0 bat,0.0
mean,2050,52,166,PT1 0 bat,0.0
mean,2050,52,167,PT1 0 bat,0.0
mean,2025,11,0,PT1 1 bat,-0.014646678950158034
mean,2025,11,1,PT1 1 bat,0.0
mean,2025,11,2,PT1 1 bat,0.0
mean,2025,11,3,PT1 1 bat,0.0
mean,2025,11,4,PT1 1 bat,0.0
mean,2025,11,5,PT1 1 bat,0.0
mean,2025,11,6,PT1 1 bat,0.0
mean,2025,11,7,PT1 1 bat,0.0
mean,2025,11,8,PT1 1 bat,0.0
mean,2025,11,9,PT1 1 bat,0.0
mean,2025,11,10,PT1 1 bat,0.0
mean,2025,11,11,PT1 1 bat,0.0
mean,2025,11,12,PT1 1 bat,0.0
mean,2025,11,13,PT1 1 bat,0.0
mean,2025,11,14,PT1 1 bat,0.0
mean,2025,11,15,PT1 1 bat,0.0
mean,2025,11,16,PT1 1 bat,0.0
mean,2025,11,17,PT1 1 bat,0.0
mean,2025,11,18,PT1 1 bat,0.0
mean,2025,11,19,PT1 1 bat,0.0
mean,2025,11,20,PT1 1 bat,0.0
mean,2025,11,21,PT1 1 bat,0.0
mean,2025,11,22,PT1 1 bat,0.0
mean,2025,11,23,PT1 1 bat,0.0
mean,2025,11,24,PT1 1 bat,0.0
mean,2025,11,25,PT1 1 bat,0.0
mean,2025,11,26,PT1 1 bat,0.0
mean,2025,11,27,PT1 1 bat,0.0
mean,2025,11,28,PT1 1 bat,0.0
mean,2025,11,29,PT1 1 bat,0.0
mean,2025,11,30,PT1 1 bat,0.0
mean,2025,11,31,PT1 1 bat,-60.99010851521036
mean,2025,11,32,PT1 1 bat,0.0
mean,2025,11,33,PT1 1 bat,0.0
mean,2025,11,34,PT1 1 bat,0.0
mean,2025,11,35,PT1 1 bat,0.0
mean,2025,11,36,PT1 1 bat,0.0
mean,2025,11,37,PT1 1 bat,0.0
mean,2025,11,38,PT1 1 bat,0.0
mean,2025,11,39,PT1 1 bat,0.0
mean,2025,11,40,PT1 1 bat,0.0
mean,2025,11,41,PT1 1 bat,0.0
mean,2025,11,42,PT1 1 bat,0.0
mean,2025,11,43,PT1 1 bat,-0.20358991294865705
mean,2025,11,44,PT1 1 bat,0.0
mean,2025,11,45,PT1 1 bat,0.0
mean,2025,11,46,PT1 1 bat,0.0
mean,2025,11,47,PT1 1 bat,0.0
mean,2025,11,48,PT1 1 bat,0.0
mean,2025,11,49,PT1 1 bat,0.0
mean,2025,11,50,PT1 1 bat,0.0
mean,2025,11,51,PT1 1 bat,0.0
mean,2025,11,52,PT1 1 bat,0.0
mean,2025,11,53,PT1 1 bat,0.0
mean,2025,11,54,PT1 1 bat,0.0
mean,2025,11,55,PT1 1 bat,0.0
mean,2025,11,56,PT1 1 bat,0.0
mean,2025,11,57,PT1 1 bat,0.0
mean,2025,11,58,PT1 1 bat,0.0
mean,2025,11,59,PT1 1 bat,0.0
mean,2025,11,60,PT1 1 bat,0.0
mean,2025,11,61,PT1 1 bat,0.0
mean,2025,11,62,PT1 1 bat,0.0
mean,2025,11,63,PT1 1 bat,0.0
mean,2025,11,64,PT1 1 bat,0.0
mean,2025,11,65,PT1 1 bat,0.0
mean,2025,11,66,PT1 1 bat,0.0
mean,2025,11,67,PT1 1 bat,0.0
mean,2025,11,68,PT1 1 bat,0.0
mean,2025,11,69,PT1 1 bat,0.0
mean,2025,11,70,PT1 1 bat,0.0
mean,2025,11,71,PT1 1 bat,0.0
mean,2025,11,72,PT1 1 bat,0.0
mean,2025,11,73,PT1 1 bat,0.0
mean,2025,11,74,PT1 1 bat,0.0
mean,2025,11,75,PT1 1 bat,0.0
mean,2025,11,76,PT1 1 bat,0.0
mean,2025,11,77,PT1 1 bat,0.0
mean,2025,11,78,PT1 1 bat,0.0
mean,2025,11,79,PT1 1 bat,-60.99015592377781
mean,2025,11,80,PT1 1 bat,0.0
mean,2025,11,81,PT1 1 bat,0.0
mean,2025,11,82,PT1 1 bat,0.0
mean,2025,11,83,PT1 1 bat,0.0
mean,2025,11,84,PT1 1 bat,0.0
mean,2025,11,85,PT1 1 bat,0.0
mean,2025,11,86,PT1 1 bat,0.0
mean,2025,11,87,PT1 1 bat,0.0
mean,2025,11,88,PT1 1 bat,0.0
mean,2025,11,89,PT1 1 bat,0.0
mean,2025,11,90,PT1 1 bat,0.0
mean,2025,11,91,PT1 1 bat,0.0
mean,2025,11,92,PT1 1 bat,0.0
mean,2025,11,93,PT1 1 bat,0.0
mean,2025,11,94,PT1 1 bat,0.0
mean,2025,11,95,PT1 1 bat,0.0
mean,2025,11,96,PT1 1 bat,0.0
mean,2025,11,97,PT1 1 bat,0.0
mean,2025,11,98,PT1 1 bat,0.0
mean,2025,11,99,PT1 1 bat,0.0
mean,2025,11,100,PT1 1 bat,0.0
mean,2025,11,101,PT1 1 bat,0.0
mean,2025,11,102,PT1 1 bat,0.0
mean,2025,11,103,PT1 1 bat,-0.3843133510856716
mean,2025,11,104,PT1 1 bat,0.0
mean,2025,11,105,PT1 1 bat,0.0
mean,2025,11,106,PT1 1 bat,0.0
mean,2025,11,107,PT1 1 bat,0.0
mean,2025,11,108,PT1 1 bat,0.0
mean,2025,11,109,PT1 1 bat,0.0
mean,2025,11,110,PT1 1 bat,0.0
mean,2025,11,111,PT1 1 bat,0.0
mean,2025,11,112,PT1 1 bat,0.0
mean,2025,11,113,PT1 1 bat,0.0
mean,2025,11,114,PT1 1 bat,0.0
mean,2025,11,115,PT1 1 bat,-3.353455170813718
mean,2025,11,116,PT1 1 bat,0.0
mean,2025,11,117,PT1 1 bat,0.0
mean,2025,11,118,PT1 1 bat,0.0
mean,2025,11,119,PT1 1 bat,0.0
mean,2025,11,120,PT1 1 bat,0.0
mean,2025,11,121,PT1 1 bat,0.0
mean,2025,11,122,PT1 1 bat,0.0
mean,2025,11,123,PT1 1 bat,0.0
mean,2025,11,124,PT1 1 bat,0.0
mean,2025,11,125,PT1 1 bat,0.0
mean,2025,11,126,PT1 1 bat,0.0
mean,2025,11,127,PT1 1 bat,0.0
mean,2025,11,128,PT1 1 bat,0.0
mean,2025,11,129,PT1 1 bat,0.0
mean,2025,11,130,PT1 1 bat,0.0
mean,2025,11,131,PT1 1 bat,0.0
mean,2025,11,132,PT1 1 bat,0.0
mean,2025,11,133,PT1 1 bat,0.0
mean,2025,11,134,PT1 1 bat,0.0
mean,2025,11,135,PT1 1 bat,0.0
mean,2025,11,136,PT1 1 bat,0.0
mean,2025,11,137,PT1 1 bat,0.0
mean,2025,11,138,PT1 1 bat,0.0
mean,2025,11,139,PT1 1 bat,0.0
mean,2025,11,140,PT1 1 bat,-0.10770063544339617
mean,2025,11,141,PT1 1 bat,0.0
mean,2025,11,142,PT1 1 bat,0.0
mean,2025,11,143,PT1 1 bat,0.0
mean,2025,11,144,PT1 1 bat,0.0
mean,2025,11,145,PT1 1 bat,0.0
mean,2025,11,146,PT1 1 bat,0.0
mean,2025,11,147,PT1 1 bat,0.0
mean,2025,11,148,PT1 1 bat,0.0
mean,2025,11,149,PT1 1 bat,0.0
mean,2025,11,150,PT1 1 bat,0.0
mean,2025,11,151,PT1 1 bat,0.0
mean,2025,11,152,PT1 1 bat,0.0
mean,2025,11,153,PT1 1 bat,0.0
mean,2025,11,154,PT1 1 bat,0.0
mean,2025,11,155,PT1 1 bat,0.0
mean,2025,11,156,PT1 1 bat,0.0
mean,2025,11,157,PT1 1 bat,0.0
mean,2025,11,158,PT1 1 bat,0.0
mean,2025,11,159,PT1 1 bat,0.0
mean,2025,11,160,PT1 1 bat,0.0
mean,2025,11,161,PT1 1 bat,0.0
mean,2025,11,162,PT1 1 bat,-0.00253430739397753
mean,2025,11,163,PT1 1 bat,0.0
mean,2025,11,164,PT1 1 bat,0.0
mean,2025,11,165,PT1 1 bat,0.0
mean,2025,11,166,PT1 1 bat,0.0
mean,2025,11,167,PT1 1 bat,0.0
mean,2025,21,0,PT1 1 bat,-62.96527947001685
mean,2025,21,1,PT1 1 bat,0.0
mean,2025,21,2,PT1 1 bat,0.0
mean,2025,21,3,PT1 1 bat,0.0
mean,2025,21,4,PT1 1 bat,0.0
mean,2025,21,5,PT1 1 bat,0.0
mean,2025,21,6,PT1 1 bat,0.0
mean,2025,21,7,PT1 1 bat,0.0
mean,2025,21,8,PT1 1 bat,0.0
mean,2025,21,9,PT1 1 bat,0.0
mean,2025,21,10,PT1 1 bat,0.0
mean,2025,21,11,PT1 1 bat,0.0
mean,2025,21,12,PT1 1 bat,0.0
mean,2025,21,13,PT1 1 bat,0.0
mean,2025,21,14,PT1 1 bat,0.0
mean,2025,21,15,PT1 1 bat,0.0
mean,2025,21,16,PT1 1 bat,0.0
mean,2025,21,17,PT1 1 bat,0.0
mean,2025,21,18,PT1 1 bat,0.0
mean,2025,21,19,PT1 1 bat,0.0
mean,2025,21,20,PT1 1 bat,0.0
mean,2025,21,21,PT1 1 bat,0.0
mean,2025,21,22,PT1 1 bat,0.0
mean,2025,21,23,PT1 1 bat,0.0
mean,2025,21,24,PT1 1 bat,0.0
mean,2025,21,25,PT1 1 bat,0.0
mean,2025,21,26,PT1 1 bat,0.0
mean,2025,21,27,PT1 1 bat,0.0
mean,2025,21,28,PT1 1 bat,0.0
mean,2025,21,29,PT1 1 bat,0.0
mean,2025,21,30,PT1 1 bat,0.0
mean,2025,21,31,PT1 1 bat,0.0
mean,2025,21,32,PT1 1 bat,0.0
mean,2025,21,33,PT1 1 bat,0.0
mean,2025,21,34,PT1 1 bat,0.0
mean,2025,21,35,PT1 1 bat,0.0
mean,2025,21,36,PT1 1 bat,0.0
mean,2025,21,37,PT1 1 bat,0.0
mean,2025,21,38,PT1 1 bat,0.0
mean,2025,21,39,PT1 1 bat,0.0
mean,2025,21,40,PT1 1 bat,0.0
mean,2025,21,41,PT1 1 bat,0.0
mean,2025,21,42,PT1 1 bat,0.0
mean,2025,21,43,PT1 1 bat,0.0
mean,2025,21,44,PT1 1 bat,0.0
mean,2025,21,45,PT1 1 bat,0.0
mean,2025,21,46,PT1 1 bat,0.0
mean,2025,21,47,PT1 1 bat,0.0
mean,2025,21,48,PT1 1 bat,0.0
mean,2025,21,49,PT1 1 bat,0.0
mean,2025,21,50,PT1 1 bat,0.0
mean,2025,21,51,PT1 1 bat,0.0
mean,2025,21,52,PT1 1 bat,0.0
mean,2025,21,53,PT1 1 bat,0.0
mean,2025,21,54,PT1 1 bat,0.0
mean,2025,21,55,PT1 1 bat,0.0
mean,2025,21,56,PT1 1 bat,0.0
mean,2025,21,57,PT1 1 bat,0.0
mean,2025,21,58,PT1 1 bat,0.0
mean,2025,21,59,PT1 1 bat,0.0
mean,2025,21,60,PT1 1 bat,0.0
mean,2025,21,61,PT1 1 bat,0.0
mean,2025,21,62,PT1 1 bat,0.0
mean,2025,21,63,PT1 1 bat,0.0
mean,2025,21,64,PT1 1 bat,0.0
mean,2025,21,65,PT1 1 bat,0.0
mean,2025,21,66,PT1 1 bat,0.0
mean,2025,21,67,PT1 1 bat,-60.98982933604058
mean,2025,21,68,PT1 1 bat,0.0
mean,2025,21,69,PT1 1 bat,0.0
mean,2025,21,70,PT1 1 bat,0.0
mean,2025,21,71,PT1 1 bat,0.0
mean,2025,21,72,PT1 1 bat,0.0
mean,2025,21,73,PT1 1 bat,0.0
mean,2025,21,74,PT1 1 bat,0.0
mean,2025,21,75,PT1 1 bat,0.0
mean,2025,21,76,PT1 1 bat,0.0
mean,2025,21,77,PT1 1 bat,0.0
mean,2025,21,78,PT1 1 bat,-0.018036562578267936
mean,2025,21,79,PT1 1 bat,0.0
mean,2025,21,80,PT1 1 bat,0.0
mean,2025,21,81,PT1 1 bat,0.0
mean,2025,21,82,PT1 1 bat,0.0
mean,2025,21,83,PT1 1 bat,0.0
mean,2025,21,84,PT1 1 bat,0.0
mean,2025,21,85,PT1 1 bat,0.0
mean,2025,21,86,PT1 1 bat,0.0
mean,2025,21,87,PT1 1 bat,0.0
mean,2025,21,88,PT1 1 bat,0.0
mean,2025,21,89,PT1 1 bat,0.0
mean,2025,21,90,PT1 1 bat,0.0
mean,2025,21,91,PT1 1 bat,0.0
mean,2025,21,92,PT1 1 bat,0.0
mean,2025,21,93,PT1 1 bat,0.0
mean,2025,21,94,PT1 1 bat,0.0
mean,2025,21,95,PT1 1 bat,0.0
mean,2025,21,96,PT1 1 bat,0.0
mean,2025,21,97,PT1 1 bat,0.0
mean,2025,21,98,PT1 1 bat,0.0
mean,2025,21,99,PT1 1 bat,0.0
mean,2025,21,100,PT1 1 bat,0.0
mean,2025,21,101,PT1 1 bat,0.0
mean,2025,21,102,PT1 1 bat,-0.3751788884120088
mean,2025,21,103,PT1 1 bat,0.0
mean,2025,21,104,PT1 1 bat,0.0
mean,2025,21,105,PT1 1 bat,0.0
mean,2025,21,106,PT1 1 bat,0.0
mean,2025,21,107,PT1 1 bat,0.0
mean,2025,21,108,PT1 1 bat,0.0
mean,2025,21,109,PT1 1 bat,0.0
mean,2025,21,110,PT1 1 bat,0.0
mean,2025,21,111,PT1 1 bat,0.0
mean,2025,21,112,PT1 1 bat,0.0
mean,2025,21,113,PT1 1 bat,0.0
mean,2025,21,114,PT1 1 bat,0.0
mean,2025,21,115,PT1 1 bat,0.0
mean,2025,21,116,PT1 1 bat,0.0
mean,2025,21,117,PT1 1 bat,0.0
mean,2025,21,118,PT1 1 bat,0.0
mean,2025,21,119,PT1 1 bat,0.0
mean,2025,21,120,PT1 1 bat,0.0
mean,2025,21,121,PT1 1 bat,0.0
mean,2025,21,122,PT1 1 bat,0.0
mean,2025,21,123,PT1 1 bat,-0.0025685368718868255
mean,2025,21,124,PT1 1 bat,0.0
mean,2025,21,125,PT1 1 bat,0.0
mean,2025,21,126,PT1 1 bat,0.0
mean,2025,21,127,PT1 1 bat,0.0
mean,2025,21,128,PT1 1 bat,0.0
mean,2025,21,129,PT1 1 bat,0.0
mean,2025,21,130,PT1 1 bat,0.0
mean,2025,21,131,PT1 1 bat,0.0
mean,2025,21,132,PT1 1 bat,0.0
mean,2025,21,133,PT1 1 bat,0.0
mean,2025,21,134,PT1 1 bat,0.0
mean,2025,21,135,PT1 1 bat,0.0
mean,2025,21,136,PT1 1 bat,0.0
mean,2025,21,137,PT1 1 bat,0.0
mean,2025,21,138,PT1 1 bat,0.0
mean,2025,21,139,PT1 1 bat,0.0
mean,2025,21,140,PT1 1 bat,0.0
mean,2025,21,141,PT1 1 bat,0.0
mean,2025,21,142,PT1 1 bat,-0.020453891926336672
mean,2025,21,143,PT1 1 bat,0.0
mean,2025,21,144,PT1 1 bat,0.0
mean,2025,21,145,PT1 1 bat,0.0
mean,2025,21,146,PT1 1 bat,0.0
mean,2025,21,147,PT1 1 bat,0.0
mean,2025,21,148,PT1 1 bat,0.0
mean,2025,21,149,PT1 1 bat,0.0
mean,2025,21,150,PT1 1 bat,0.0
mean,2025,21,151,PT1 1 bat,0.0
mean,2025,21,152,PT1 1 bat,0.0
mean,2025,21,153,PT1 1 bat,0.0
mean,2025,21,154,PT1 1 bat,0.0
mean,2025,21,155,PT1 1 bat,0.0
mean,2025,21,156,PT1 1 bat,0.0
mean,2025,21,157,PT1 1 bat,0.0
mean,2025,21,158,PT1 1 bat,0.0
mean,2025,21,159,PT1 1 bat,0.0
mean,2025,21,160,PT1 1 bat,0.0
mean,2025,21,161,PT1 1 bat,0.0
mean,2025,21,162,PT1 1 bat,0.0
mean,2025,21,163,PT1 1 bat,-0.00254995022486869
mean,2025,21,164,PT1 1 bat,0.0
mean,2025,21,165,PT1 1 bat,0.0
mean,2025,21,166,PT1 1 bat,0.0
mean,2025,21,167,PT1 1 bat,0.0
mean,2025,42,0,PT1 1 bat,-63.80781729457062
mean,2025,42,1,PT1 1 bat,0.0
mean,2025,42,2,PT1 1 bat,0.0
mean,2025,42,3,PT1 1 bat,0.0
mean,2025,42,4,PT1 1 bat,0.0
mean,2025,42,5,PT1 1 bat,0.0
mean,2025,42,6,PT1 1 bat,0.0
mean,2025,42,7,PT1 1 bat,0.0
mean,2025,42,8,PT1 1 bat,0.0
mean,2025,42,9,PT1 1 bat,0.0
mean,2025,42,10,PT1 1 bat,0.0
mean,2025,42,11,PT1 1 bat,0.0
mean,2025,42,12,PT1 1 bat,0.0
mean,2025,42,13,PT1 1 bat,0.0
mean,2025,42,14,PT1 1 bat,0.0
mean,2025,42,15,PT1 1 bat,0.0
mean,2025,42,16,PT1 1 bat,0.0
mean,2025,42,17,PT1 1 bat,0.0
mean,2025,42,18,PT1 1 bat,-1.1952119491330324
mean,2025,42,19,PT1 1 bat,0.0
mean,2025,42,20,PT1 1 bat,0.0
mean,2025,42,21,PT1 1 bat,0.0
mean,2025,42,22,PT1 1 bat,0.0
mean,2025,42,23,PT1 1 bat,0.0
mean,2025,42,24,PT1 1 bat,0.0
mean,2025,42,25,PT1 1 bat,0.0
mean,2025,42,26,PT1 1 bat,0.0
mean,2025,42,27,PT1 1 bat,0.0
mean,2025,42,28,PT1 1 bat,0.0
mean,2025,42,29,PT1 1 bat,0.0
mean,2025,42,30,PT1 1 bat,0.0
mean,2025,42,31,PT1 1 bat,0.0
mean,2025,42,32,PT1 1 bat,0.0
mean,2025,42,33,PT1 1 bat,0.0
mean,2025,42,34,PT1 1 bat,0.0
mean,2025,42,35,PT1 1 bat,0.0
mean,2025,42,36,PT1 1 bat,0.0
mean,2025,42,37,PT1 1 bat,0.0
mean,2025,42,38,PT1 1 bat,0.0
mean,2025,42,39,PT1 1 bat,0.0
mean,2025,42,40,PT1 1 bat,0.0
mean,2025,42,41,PT1 1 bat,0.0
mean,2025,42,42,PT1 1 bat,0.0
mean,2025,42,43,PT1 1 bat,0.0
mean,2025,42,44,PT1 1 bat,0.0
mean,2025,42,45,PT1 1 bat,0.0
mean,2025,42,46,PT1 1 bat,0.0
mean,2025,42,47,PT1 1 bat,0.0
mean,2025,42,48,PT1 1 bat,0.0
mean,2025,42,49,PT1 1 bat,0.0
mean,2025,42,50,PT1 1 bat,0.0
mean,2025,42,51,PT1 1 bat,0.0
mean,2025,42,52,PT1 1 bat,0.0
mean,2025,42,53,PT1 1 bat,0.0
mean,2025,42,54,PT1 1 bat,0.0
mean,2025,42,55,PT1 1 bat,0.0
mean,2025,42,56,PT1 1 bat,0.0
mean,2025,42,57,PT1 1 bat,0.0
mean,2025,42,58,PT1 1 bat,0.0
mean,2025,42,59,PT1 1 bat,0.0
mean,2025,42,60,PT1 1 bat,0.0
mean,2025,42,61,PT1 1 bat,0.0
mean,2025,42,62,PT1 1 bat,0.0
mean,2025,42,63,PT1 1 bat,0.0
mean,2025,42,64,PT1 1 bat,0.0
mean,2025,42,65,PT1 1 bat,0.0
mean,2025,42,66,PT1 1 bat,-0.030425939235264605
mean,2025,42,67,PT1 1 bat,0.0
mean,2025,42,68,PT1 1 bat,0.0
mean,2025,42,69,PT1 1 bat,0.0
mean,2025,42,70,PT1 1 bat,0.0
mean,2025,42,71,PT1 1 bat,0.0
mean,2025,42,72,PT1 1 bat,0.0
mean,2025,42,73,PT1 1 bat,0.0
mean,2025,42,74,PT1 1 bat,0.0
mean,2025,42,75,PT1 1 bat,0.0
mean,2025,42,76,PT1 1 bat,0.0
mean,2025,42,77,PT1 1 bat,0.0
mean,2025,42,78,PT1 1 bat,0.0
mean,2025,42,79,PT1 1 bat,0.0
mean,2025,42,80,PT1 1 bat,0.0
mean,2025,42,81,PT1 1 bat,0.0
mean,2025,42,82,PT1 1 bat,0.0
mean,2025,42,83,PT1 1 bat,0.0
mean,2025,42,84,PT1 1 bat,0.0
mean,2025,42,85,PT1 1 bat,0.0
mean,2025,42,86,PT1 1 bat,0.0
mean,2025,42,87,PT1 1 bat,0.0
mean,2025,42,88,PT1 1 bat,0.0
mean,2025,42,89,PT1 1 bat,0.0
mean,2025,42,90,PT1 1 bat,-1.211116520299885
mean,2025,42,91,PT1 1 bat,0.0
mean,2025,42,92,PT1 1 bat,0.0
mean,2025,42,93,PT1 1 bat,0.0
mean,2025,42,94,PT1 1 bat,0.0
mean,2025,42,95,PT1 1 bat,0.0
mean,2025,42,96,PT1 1 bat,0.0
mean,2025,42,97,PT1 1 bat,0.0
mean,2025,42,98,PT1 1 bat,0.0
mean,2025,42,99,PT1 1 bat,0.0
mean,2025,42,100,PT1 1 bat,0.0
mean,2025,42,101,PT1 1 bat,0.0
mean,2025,42,102,PT1 1 bat,0.0
mean,2025,42,103,PT1 1 bat,0.0
mean,2025,42,104,PT1 1 bat,0.0
mean,2025,42,105,PT1 1 bat,0.0
mean,2025,42,106,PT1 1 bat,0.0
mean,2025,42,107,PT1 1 bat,0.0
mean,2025,42,108,PT1 1 bat,0.0
mean,2025,42,109,PT1 1 bat,0.0
mean,2025,42,110,PT1 1 bat,0.0
mean,2025,42,111,PT1 1 bat,0.0
mean,2025,42,112,PT1 1 bat,0.0
mean,2025,42,113,PT1 1 bat,0.0
mean,2025,42,114,PT1 1 bat,-0.002558543508590222
mean,2025,42,115,PT1 1 bat,0.0
mean,2025,42,116,PT1 1 bat,0.0
mean,2025,42,117,PT1 1 bat,0.0
mean,2025,42,118,PT1 1 bat,0.0
mean,2025,42,119,PT1 1 bat,0.0
mean,2025,42,120,PT1 1 bat,0.0
mean,2025,42,121,PT1 1 bat,0.0
mean,2025,42,122,PT1 1 bat,0.0
mean,2025,42,123,PT1 1 bat,0.0
mean,2025,42,124,PT1 1 bat,-0.0025431377921537103
mean,2025,42,125,PT1 1 bat,0.0
mean,2025,42,126,PT1 1 bat,0.0
mean,2025,42,127,PT1 1 bat,0.0
mean,2025,42,128,PT1 1 bat,0.0
mean,2025,42,129,PT1 1 bat,0.0
mean,2025,42,130,PT1 1 bat,0.0
mean,2025,42,131,PT1 1 bat,0.0
mean,2025,42,132,PT1 1 bat,0.0
mean,2025,42,133,PT1 1 bat,0.0
mean,2025,42,134,PT1 1 bat,0.0
mean,2025,42,135,PT1 1 bat,0.0
mean,2025,42,136,PT1 1 bat,0.0
mean,2025,42,137,PT1 1 bat,0.0
mean,2025,42,138,PT1 1 bat,-0.0025771552745313844
mean,2025,42,139,PT1 1 bat,0.0
mean,2025,42,140,PT1 1 bat,0.0
mean,2025,42,141,PT1 1 bat,0.0
mean,2025,42,142,PT1 1 bat,0.0
mean,2025,42,143,PT1 1 bat,0.0
mean,2025,42,144,PT1 1 bat,0.0
mean,2025,42,145,PT1 1 bat,0.0
mean,2025,42,146,PT1 1 bat,0.0
mean,2025,42,147,PT1 1 bat,0.0
mean,2025,42,148,PT1 1 bat,0.0
mean,2025,42,149,PT1 1 bat,0.0
mean,2025,42,150,PT1 1 bat,0.0
mean,2025,42,151,PT1 1 bat,0.0
mean,2025,42,152,PT1 1 bat,0.0
mean,2025,42,153,PT1 1 bat,0.0
mean,2025,42,154,PT1 1 bat,0.0
mean,2025,42,155,PT1 1 bat,0.0
mean,2025,42,156,PT1 1 bat,0.0
mean,2025,42,157,PT1 1 bat,0.0
mean,2025,42,158,PT1 1 bat,0.0
mean,2025,42,159,PT1 1 bat,0.0
mean,2025,42,160,PT1 1 bat,0.0
mean,2025,42,161,PT1 1 bat,0.0
mean,2025,42,162,PT1 1 bat,0.0
mean,2025,42,163,PT1 1 bat,-0.10884967792581933
mean,2025,42,164,PT1 1 bat,0.0
mean,2025,42,165,PT1 1 bat,0.0
mean,2025,42,166,PT1 1 bat,0.0
mean,2025,42,167,PT1 1 bat,0.0
mean,2025,52,0,PT1 1 bat,-62.030423402268326
mean,2025,52,1,PT1 1 bat,0.0
mean,2025,52,2,PT1 1 bat,0.0
mean,2025,52,3,PT1 1 bat,0.0
mean,2025,52,4,PT1 1 bat,0.0
mean,2025,52,5,PT1 1 bat,0.0
mean,2025,52,6,PT1 1 bat,0.0
mean,2025,52,7,PT1 1 bat,0.0
mean,2025,52,8,PT1 1 bat,0.0
mean,2025,52,9,PT1 1 bat,0.0
mean,2025,52,10,PT1 1 bat,0.0
mean,2025,52,11,PT1 1 bat,0.0
mean,2025,52,12,PT1 1 bat,0.0
mean,2025,52,13,PT1 1 bat,0.0
mean,2025,52,14,PT1 1 bat,0.0
mean,2025,52,15,PT1 1 bat,0.0
mean,2025,52,16,PT1 1 bat,0.0
mean,2025,52,17,PT1 1 bat,-0.0025431377921537103
mean,2025,52,18,PT1 1 bat,0.0
mean,2025,52,19,PT1 1 bat,0.0
mean,2025,52,20,PT1 1 bat,0.0
mean,2025,52,21,PT1 1 bat,0.0
mean,2025,52,22,PT1 1 bat,0.0
mean,2025,52,23,PT1 1 bat,0.0
mean,2025,52,24,PT1 1 bat,0.0
mean,2025,52,25,PT1 1 bat,0.0
mean,2025,52,26,PT1 1 bat,0.0
mean,2025,52,27,PT1 1 bat,0.0
mean,2025,52,28,PT1 1 bat,0.0
mean,2025,52,29,PT1 1 bat,0.0
mean,2025,52,30,PT1 1 bat,0.0
mean,2025,52,31,PT1 1 bat,0.0
mean,2025,52,32,PT1 1 bat,0.0
mean,2025,52,33,PT1 1 bat,0.0
mean,2025,52,34,PT1 1 bat,0.0
mean,2025,52,35,PT1 1 bat,0.0
mean,2025,52,36,PT1 1 bat,0.0
mean,2025,52,37,PT1 1 bat,0.0
mean,2025,52,38,PT1 1 bat,0.0
mean,2025,52,39,PT1 1 bat,0.0
mean,2025,52,40,PT1 1 bat,0.0
mean,2025,52,41,PT1 1 bat,0.0
mean,2025,52,42,PT1 1 bat,0.0
mean,2025,52,43,PT1 1 bat,0.0
mean,2025,52,44,PT1 1 bat,0.0
mean,2025,52,45,PT1 1 bat,0.0
mean,2025,52,46,PT1 1 bat,0.0
mean,2025,52,47,PT1 1 bat,0.0
mean,2025,52,48,PT1 1 bat,0.0
mean,2025,52,49,PT1 1 bat,0.0
mean,2025,52,50,PT1 1 bat,0.0
mean,2025,52,51,PT1 1 bat,0.0
mean,2025,52,52,PT1 1 bat,0.0
mean,2025,52,53,PT1 1 bat,0.0
mean,2025,52,54,PT1 1 bat,0.0
mean,2025,52,55,PT1 1 bat,0.0
mean,2025,52,56,PT1 1 bat,0.0
mean,2025,52,57,PT1 1 bat,0.0
mean,2025,52,58,PT1 1 bat,0.0
mean,2025,52,59,PT1 1 bat,0.0
mean,2025,52,60,PT1 1 bat,0.0
mean,2025,52,61,PT1 1 bat,0.0
mean,2025,52,62,PT1 1 bat,0.0
mean,2025,52,63,PT1 1 bat,0.0
mean,2025,52,64,PT1 1 bat,0.0
mean,2025,52,65,PT1 1 bat,0.0
mean,2025,52,66,PT1 1 bat,0.0
mean,2025,52,67,PT1 1 bat,0.0
mean,2025,52,68,PT1 1 bat,0.0
mean,2025,52,69,PT1 1 bat,0.0
mean,2025,52,70,PT1 1 bat,0.0
mean,2025,52,71,PT1 1 bat,0.0
mean,2025,52,72,PT1 1 bat,0.0
mean,2025,52,73,PT1 1 bat,0.0
mean,2025,52,74,PT1 1 bat,0.0
mean,2025,52,75,PT1 1 bat,0.0
mean,2025,52,76,PT1 1 bat,0.0
mean,2025,52,77,PT1 1 bat,0.0
mean,2025,52,78,PT1 1 bat,0.0
mean,2025,52,79,PT1 1 bat,0.0
mean,2025,52,80,PT1 1 bat,0.0
mean,2025,52,81,PT1 1 bat,0.0
mean,2025,52,82,PT1 1 bat,0.0
mean,2025,52,83,PT1 1 bat,0.0
mean,2025,52,84,PT1 1 bat,0.0
mean,2025,52,85,PT1 1 bat,0.0
mean,2025,52,86,PT1 1 bat,0.0
mean,2025,52,87,PT1 1 bat,0.0
mean,2025,52,88,PT1 1 bat,0.0
mean,2025,52,89,PT1 1 bat,0.0
mean,2025,52,90,PT1 1 bat,0.0
mean,2025,52,91,PT1 1 bat,0.0
mean,2025,52,92,PT1 1 bat,0.0
mean,2025,52,93,PT1 1 bat,0.0
mean,2025,52,94,PT1 1 bat,0.0
mean,2025,52,95,PT1 1 bat,0.0
mean,2025,52,96,PT1 1 bat,0.0
mean,2025,52,97,PT1 1 bat,0.0
mean,2025,52,98,PT1 1 bat,0.0
mean,2025,52,99,PT1 1 bat,0.0
mean,2025,52,100,PT1 1 bat,0.0
mean,2025,52,101,PT1 1 bat,0.0
mean,2025,52,102,PT1 1 bat,0.0
mean,2025,52,103,PT1 1 bat,0.0
mean,2025,52,104,PT1 1 bat,0.0
mean,2025,52,105,PT1 1 bat,0.0
mean,2025,52,106,PT1 1 bat,0.0
mean,2025,52,107,PT1 1 bat,0.0
mean,2025,52,108,PT1 1 bat,0.0
mean,2025,52,109,PT1 1 bat,0.0
mean,2025,52,110,PT1 1 bat,0.0
mean,2025,52,111,PT1 1 bat,0.0
mean,2025,52,112,PT1 1 bat,0.0
mean,2025,52,113,PT1 1 bat,0.0
mean,2025,52,114,PT1 1 bat,0.0
mean,2025,52,115,PT1 1 bat,0.0
mean,2025,52,116,PT1 1 bat,0.0
mean,2025,52,117,PT1 1 bat,0.0
mean,2025,52,118,PT1 1 bat,0.0
mean,2025,52,119,PT1 1 bat,0.0
mean,2025,52,120,PT1 1 bat,0.0
mean,2025,52,121,PT1 1 bat,0.0
mean,2025,52,122,PT1 1 bat,0.0
mean,2025,52,123,PT1 1 bat,0.0
mean,2025,52,124,PT1 1 bat,0.0
mean,2025,52,125,PT1 1 bat,0.0
mean,2025,52,126,PT1 1 bat,0.0
mean,2025,52,127,PT1 1 bat,0.0
mean,2025,52,128,PT1 1 bat,0.0
mean,2025,52,129,PT1 1 bat,0.0
mean,2025,52,130,PT1 1 bat,0.0
mean,2025,52,131,PT1 1 bat,0.0
mean,2025,52,132,PT1 1 bat,0.0
mean,2025,52,133,PT1 1 bat,0.0
mean,2025,52,134,PT1 1 bat,0.0
mean,2025,52,135,PT1 1 bat,0.0
mean,2025,52,136,PT1 1 bat,0.0
mean,2025,52,137,PT1 1 bat,0.0
mean,2025,52,138,PT1 1 bat,0.0
mean,2025,52,139,PT1 1 bat,-0.0025431377921537103
mean,2025,52,140,PT1 1 bat,0.0
mean,2025,52,141,PT1 1 bat,0.0
mean,2025,52,142,PT1 1 bat,0.0
mean,2025,52,143,PT1 1 bat,0.0
mean,2025,52,144,PT1 1 bat,0.0
mean,2025,52,145,PT1 1 bat,0.0
mean,2025,52,146,PT1 1 bat,0.0
mean,2025,52,147,PT1 1 bat,0.0
mean,2025,52,148,PT1 1 bat,0.0
mean,2025,52,149,PT1 1 bat,-0.0025431377921537103
mean,2025,52,150,PT1 1 bat,0.0
mean,2025,52,151,PT1 1 bat,0.0
mean,2025,52,152,PT1 1 bat,0.0
mean,2025,52,153,PT1 1 bat,0.0
mean,2025,52,154,PT1 1 bat,0.0
mean,2025,52,155,PT1 1 bat,0.0
mean,2025,52,156,PT1 1 bat,0.0
mean,2025,52,157,PT1 1 bat,0.0
mean,2025,52,158,PT1 1 bat,0.0
mean,2025,52,159,PT1 1 bat,0.0
mean,2025,52,160,PT1 1 bat,0.0
mean,2025,52,161,PT1 1 bat,-0.00254995022486869
mean,2025,52,162,PT1 1 bat,0.0
mean,2025,52,163,PT1 1 bat,0.0
mean,2025,52,164,PT1 1 bat,0.0
mean,2025,52,165,PT1 1 bat,0.0
mean,2025,52,166,PT1 1 bat,0.0
mean,2025,52,167,PT1 1 bat,0.0
mean,2030,11,0,PT1 1 bat,-0.014646678950158034
mean,2030,11,1,PT1 1 bat,0.0
mean,2030,11,2,PT1 1 bat,0.0
mean,2030,11,3,PT1 1 bat,0.0
mean,2030,11,4,PT1 1 bat,0.0
mean,2030,11,5,PT1 1 bat,0.0
mean,2030,11,6,PT1 1 bat,0.0
mean,2030,11,7,PT1 1 bat,0.0
mean,2030,11,8,PT1 1 bat,0.0
mean,2030,11,9,PT1 1 bat,0.0
mean,2030,11,10,PT1 1 bat,0.0
mean,2030,11,11,PT1 1 bat,0.0
mean,2030,11,12,PT1 1 bat,0.0
mean,2030,11,13,PT1 1 bat,0.0
mean,2030,11,14,PT1 1 bat,0.0
mean,2030,11,15,PT1 1 bat,0.0
mean,2030,11,16,PT1 1 bat,0.0
mean,2030,11,17,PT1 1 bat,0.0
mean,2030,11,18,PT1 1 bat,0.0
mean,2030,11,19,PT1 1 bat,0.0
mean,2030,11,20,PT1 1 bat,0.0
mean,2030,11,21,PT1 1 bat,0.0
mean,2030,11,22,PT1 1 bat,0.0
mean,2030,11,23,PT1 1 bat,0.0
mean,2030,11,24,PT1 1 bat,0.0
mean,2030,11,25,PT1 1 bat,0.0
mean,2030,11,26,PT1 1 bat,0.0
mean,2030,11,27,PT1 1 bat,0.0
mean,2030,11,28,PT1 1 bat,0.0
mean,2030,11,29,PT1 1 bat,0.0
mean,2030,11,30,PT1 1 bat,0.0
mean,2030,11,31,PT1 1 bat,0.0
mean,2030,11,32,PT1 1 bat,0.0
mean,2030,11,33,PT1 1 bat,0.0
mean,2030,11,34,PT1 1 bat,0.0
mean,2030,11,35,PT1 1 bat,0.0
mean,2030,11,36,PT1 1 bat,0.0
mean,2030,11,37,PT1 1 bat,0.0
mean,2030,11,38,PT1 1 bat,0.0
mean,2030,11,39,PT1 1 bat,0.0
mean,2030,11,40,PT1 1 bat,0.0
mean,2030,11,41,PT1 1 bat,0.0
mean,2030,11,42,PT1 1 bat,0.0
mean,2030,11,43,PT1 1 bat,0.0
mean,2030,11,44,PT1 1 bat,0.0
mean,2030,11,45,PT1 1 bat,0.0
mean,2030,11,46,PT1 1 bat,0.0
mean,2030,11,47,PT1 1 bat,0.0
mean,2030,11,48,PT1 1 bat,0.0
mean,2030,11,49,PT1 1 bat,0.0
mean,2030,11,50,PT1 1 bat,0.0
mean,2030,11,51,PT1 1 bat,0.0
mean,2030,11,52,PT1 1 bat,0.0
mean,2030,11,53,PT1 1 bat,0.0
mean,2030,11,54,PT1 1 bat,0.0
mean,2030,11,55,PT1 1 bat,0.0
mean,2030,11,56,PT1 1 bat,0.0
mean,2030,11,57,PT1 1 bat,0.0
mean,2030,11,58,PT1 1 bat,0.0
mean,2030,11,59,PT1 1 bat,0.0
mean,2030,11,60,PT1 1 bat,0.0
mean,2030,11,61,PT1 1 bat,0.0
mean,2030,11,62,PT1 1 bat,0.0
mean,2030,11,63,PT1 1 bat,0.0
mean,2030,11,64,PT1 1 bat,0.0
mean,2030,11,65,PT1 1 bat,0.0
mean,2030,11,66,PT1 1 bat,0.0
mean,2030,11,67,PT1 1 bat,0.0
mean,2030,11,68,PT1 1 bat,0.0
mean,2030,11,69,PT1 1 bat,0.0
mean,2030,11,70,PT1 1 bat,0.0
mean,2030,11,71,PT1 1 bat,0.0
mean,2030,11,72,PT1 1 bat,0.0
mean,2030,11,73,PT1 1 bat,0.0
mean,2030,11,74,PT1 1 bat,0.0
mean,2030,11,75,PT1 1 bat,0.0
mean,2030,11,76,PT1 1 bat,0.0
mean,2030,11,77,PT1 1 bat,0.0
mean,2030,11,78,PT1 1 bat,0.0
mean,2030,11,79,PT1 1 bat,0.0
mean,2030,11,80,PT1 1 bat,0.0
mean,2030,11,81,PT1 1 bat,0.0
mean,2030,11,82,PT1 1 bat,0.0
mean,2030,11,83,PT1 1 bat,0.0
mean,2030,11,84,PT1 1 bat,0.0
mean,2030,11,85,PT1 1 bat,0.0
mean,2030,11,86,PT1 1 bat,0.0
mean,2030,11,87,PT1 1 bat,0.0
mean,2030,11,88,PT1 1 bat,0.0
mean,2030,11,89,PT1 1 bat,0.0
mean,2030,11,90,PT1 1 bat,0.0
mean,2030,11,91,PT1 1 bat,0.0
mean,2030,11,92,PT1 1 bat,0.0
mean,2030,11,93,PT1 1 bat,0.0
mean,2030,11,94,PT1 1 bat,0.0
mean,2030,11,95,PT1 1 bat,0.0
mean,2030,11,96,PT1 1 bat,0.0
mean,2030,11,97,PT1 1 bat,0.0
mean,2030,11,98,PT1 1 bat,0.0
mean,2030,11,99,PT1 1 bat,0.0
mean,2030,11,100,PT1 1 bat,0.0
mean,2030,11,101,PT1 1 bat,0.0
mean,2030,11,102,PT1 1 bat,0.0
mean,2030,11,103,PT1 1 bat,0.0
mean,2030,11,104,PT1 1 bat,0.0
mean,2030,11,105,PT1 1 bat,0.0
mean,2030,11,106,PT1 1 bat,0.0
mean,2030,11,107,PT1 1 bat,0.0
mean,2030,11,108,PT1 1 bat,0.0
mean,2030,11,109,PT1 1 bat,0.0
mean,2030,11,110,PT1 1 bat,0.0
mean,2030,11,111,PT1 1 bat,0.0
mean,2030,11,112,PT1 1 bat,0.0
mean,2030,11,113,PT1 1 bat,0.0
mean,2030,11,114,PT1 1 bat,0.0
mean,2030,11,115,PT1 1 bat,0.0
mean,2030,11,116,PT1 1 bat,0.0
mean,2030,11,117,PT1 1 bat,0.0
mean,2030,11,118,PT1 1 bat,0.0
mean,2030,11,119,PT1 1 bat,0.0
mean,2030,11,120,PT1 1 bat,0.0
mean,2030,11,121,PT1 1 bat,0.0
mean,2030,11,122,PT1 1 bat,0.0
mean,2030,11,123,PT1 1 bat,0.0
mean,2030,11,124,PT1 1 bat,0.0
mean,2030,11,125,PT1 1 bat,0.0
mean,2030,11,126,PT1 1 bat,0.0
mean,2030,11,127,PT1 1 bat,0.0
mean,2030,11,128,PT1 1 bat,0.0
mean,2030,11,129,PT1 1 bat,0.0
mean,2030,11,130,PT1 1 bat,0.0
mean,2030,11,131,PT1 1 bat,0.0
mean,2030,11,132,PT1 1 bat,0.0
mean,2030,11,133,PT1 1 bat,0.0
mean,2030,11,134,PT1 1 bat,0.0
mean,2030,11,135,PT1 1 bat,0.0
mean,2030,11,136,PT1 1 bat,0.0
mean,2030,11,137,PT1 1 bat,0.0
mean,2030,11,138,PT1 1 bat,0.0
mean,2030,11,139,PT1 1 bat,0.0
mean,2030,11,140,PT1 1 bat,0.0
mean,2030,11,141,PT1 1 bat,0.0
mean,2030,11,142,PT1 1 bat,0.0
mean,2030,11,143,PT1 1 bat,0.0
mean,2030,11,144,PT1 1 bat,0.0
mean,2030,11,145,PT1 1 bat,0.0
mean,2030,11,146,PT1 1 bat,0.0
mean,2030,11,147,PT1 1 bat,0.0
mean,2030,11,148,PT1 1 bat,0.0
mean,2030,11,149,PT1 1 bat,0.0
mean,2030,11,150,PT1 1 bat,0.0
mean,2030,11,151,PT1 1 bat,0.0
mean,2030,11,152,PT1 1 bat,0.0
mean,2030,11,153,PT1 1 bat,0.0
mean,2030,11,154,PT1 1 bat,0.0
mean,2030,11,155,PT1 1 bat,0.0
mean,2030,11,156,PT1 1 bat,0.0
mean,2030,11,157,PT1 1 bat,0.0
mean,2030,11,158,PT1 1 bat,0.0
mean,2030,11,159,PT1 1 bat,0.0
mean,2030,11,160,PT1 1 bat,0.0
mean,2030,11,161,PT1 1 bat,0.0
mean,2030,11,162,PT1 1 bat,0.0
mean,2030,11,163,PT1 1 bat,0.0
mean,2030,11,164,PT1 1 bat,0.0
mean,2030,11,165,PT1 1 bat,0.0
mean,2030,11,166,PT1 1 bat,0.0
mean,2030,11,167,PT1 1 bat,0.0
mean,2030,21,0,PT1 1 bat,-62.96527947001685
mean,2030,21,1,PT1 1 bat,0.0
mean,2030,21,2,PT1 1 bat,0.0
mean,2030,21,3,PT1 1 bat,0.0
mean,2030,21,4,PT1 1 bat,0.0
mean,2030,21,5,PT1 1 bat,0.0
mean,2030,21,6,PT1 1 bat,0.0
mean,2030,21,7,PT1 1 bat,0.0
mean,2030,21,8,PT1 1 bat,0.0
mean,2030,21,9,PT1 1 bat,0.0
mean,2030,21,10,PT1 1 bat,0.0
mean,2030,21,11,PT1 1 bat,0.0
mean,2030,21,12,PT1 1 bat,0.0
mean,2030,21,13,PT1 1 bat,0.0
mean,2030,21,14,PT1 1 bat,0.0
mean,2030,21,15,PT1 1 bat,0.0
mean,2030,21,16,PT1 1 bat,0.0
mean,2030,21,17,PT1 1 bat,0.0
mean,2030,21,18,PT1 1 bat,0.0
mean,2030,21,19,PT1 1 bat,0.0
mean,2030,21,20,PT1 1 bat,0.0
mean,2030,21,21,PT1 1 bat,0.0
mean,2030,21,22,PT1 1 bat,0.0
mean,2030,21,23,PT1 1 bat,0.0
mean,2030,21,24,PT1 1 bat,0.0
mean,2030,21,25,PT1 1 bat,0.0
mean,2030,21,26,PT1 1 bat,0.0
mean,2030,21,27,PT1 1 bat,0.0
mean,2030,21,28,PT1 1 bat,0.0
mean,2030,21,29,PT1 1 bat,0.0
mean,2030,21,30,PT1 1 bat,0.0
mean,2030,21,31,PT1 1 bat,0.0
mean,2030,21,32,PT1 1 bat,0.0
mean,2030,21,33,PT1 1 bat,0.0
mean,2030,21,34,PT1 1 bat,0.0
mean,2030,21,35,PT1 1 bat,0.0
mean,2030,21,36,PT1 1 bat,0.0
mean,2030,21,37,PT1 1 bat,0.0
mean,2030,21,38,PT1 1 bat,0.0
mean,2030,21,39,PT1 1 bat,0.0
mean,2030,21,40,PT1 1 bat,0.0
mean,2030,21,41,PT1 1 bat,0.0
mean,2030,21,42,PT1 1 bat,0.0
mean,2030,21,43,PT1 1 bat,0.0
mean,2030,21,44,PT1 1 bat,0.0
mean,2030,21,45,PT1 1 bat,0.0
mean,2030,21,46,PT1 1 bat,0.0
mean,2030,21,47,PT1 1 bat,0.0
mean,2030,21,48,PT1 1 bat,0.0
mean,2030,21,49,PT1 1 bat,0.0
mean,2030,21,50,PT1 1 bat,0.0
mean,2030,21,51,PT1 1 bat,0.0
mean,2030,21,52,PT1 1 bat,0.0
mean,2030,21,53,PT1 1 bat,0.0
mean,2030,21,54,PT1 1 bat,0.0
mean,2030,21,55,PT1 1 bat,0.0
mean,2030,21,56,PT1 1 bat,0.0
mean,2030,21,57,PT1 1 bat,0.0
mean,2030,21,58,PT1 1 bat,0.0
mean,2030,21,59,PT1 1 bat,0.0
mean,2030,21,60,PT1 1 bat,0.0
mean,2030,21,61,PT1 1 bat,0.0
mean,2030,21,62,PT1 1 bat,0.0
mean,2030,21,63,PT1 1 bat,0.0
mean,2030,21,64,PT1 1 bat,0.0
mean,2030,21,65,PT1 1 bat,0.0
mean,2030,21,66,PT1 1 bat,0.0
mean,2030,21,67,PT1 1 bat,0.0
mean,2030,21,68,PT1 1 bat,0.0
mean,2030,21,69,PT1 1 bat,0.0
mean,2030,21,70,PT1 1 bat,0.0
mean,2030,21,71,PT1 1 bat,0.0
mean,2030,21,72,PT1 1 bat,0.0
mean,2030,21,73,PT1 1 bat,0.0
mean,2030,21,74,PT1 1 bat,0.0
mean,2030,21,75,PT1 1 bat,0.0
mean,2030,21,76,PT1 1 bat,0.0
mean,2030,21,77,PT1 1 bat,0.0
mean,2030,21,78,PT1 1 bat,-20.800806467048762
mean,2030,21,79,PT1 1 bat,0.0
mean,2030,21,80,PT1 1 bat,0.0
mean,2030,21,81,PT1 1 bat,0.0
mean,2030,21,82,PT1 1 bat,0.0
mean,2030,21,83,PT1 1 bat,0.0
mean,2030,21,84,PT1 1 bat,0.0
mean,2030,21,85,PT1 1 bat,0.0
mean,2030,21,86,PT1 1 bat,0.0
mean,2030,21,87,PT1 1 bat,0.0
mean,2030,21,88,PT1 1 bat,0.0
mean,2030,21,89,PT1 1 bat,0.0
mean,2030,21,90,PT1 1 bat,0.0
mean,2030,21,91,PT1 1 bat,0.0
mean,2030,21,92,PT1 1 bat,0.0
mean,2030,21,93,PT1 1 bat,0.0
mean,2030,21,94,PT1 1 bat,0.0
mean,2030,21,95,PT1 1 bat,0.0
mean,2030,21,96,PT1 1 bat,0.0
mean,2030,21,97,PT1 1 bat,0.0
mean,2030,21,98,PT1 1 bat,0.0
mean,2030,21,99,PT1 1 bat,0.0
mean,2030,21,100,PT1 1 bat,0.0
mean,2030,21,101,PT1 1 bat,0.0
mean,2030,21,102,PT1 1 bat,0.0
mean,2030,21,103,PT1 1 bat,0.0
mean,2030,21,104,PT1 1 bat,0.0
mean,2030,21,105,PT1 1 bat,0.0
mean,2030,21,106,PT1 1 bat,0.0
mean,2030,21,107,PT1 1 bat,0.0
mean,2030,21,108,PT1 1 bat,0.0
mean,2030,21,109,PT1 1 bat,0.0
mean,2030,21,110,PT1 1 bat,0.0
mean,2030,21,111,PT1 1 bat,0.0
mean,2030,21,112,PT1 1 bat,0.0
mean,2030,21,113,PT1 1 bat,0.0
mean,2030,21,114,PT1 1 bat,0.0
mean,2030,21,115,PT1 1 bat,0.0
mean,2030,21,116,PT1 1 bat,0.0
mean,2030,21,117,PT1 1 bat,0.0
mean,2030,21,118,PT1 1 bat,0.0
mean,2030,21,119,PT1 1 bat,0.0
mean,2030,21,120,PT1 1 bat,0.0
mean,2030,21,121,PT1 1 bat,0.0
mean,2030,21,122,PT1 1 bat,0.0
mean,2030,21,123,PT1 1 bat,0.0
mean,2030,21,124,PT1 1 bat,0.0
mean,2030,21,125,PT1 1 bat,0.0
mean,2030,21,126,PT1 1 bat,0.0
mean,2030,21,127,PT1 1 bat,0.0
mean,2030,21,128,PT1 1 bat,0.0
mean,2030,21,129,PT1 1 bat,0.0
mean,2030,21,130,PT1 1 bat,0.0
mean,2030,21,131,PT1 1 bat,0.0
mean,2030,21,132,PT1 1 bat,0.0
mean,2030,21,133,PT1 1 bat,0.0
mean,2030,21,134,PT1 1 bat,0.0
mean,2030,21,135,PT1 1 bat,0.0
mean,2030,21,136,PT1 1 bat,0.0
mean,2030,21,137,PT1 1 bat,0.0
mean,2030,21,138,PT1 1 bat,0.0
mean,2030,21,139,PT1 1 bat,0.0
mean,2030,21,140,PT1 1 bat,0.0
mean,2030,21,141,PT1 1 bat,0.0
mean,2030,21,142,PT1 1 bat,0.0
mean,2030,21,143,PT1 1 bat,0.0
mean,2030,21,144,PT1 1 bat,0.0
mean,2030,21,145,PT1 1 bat,0.0
mean,2030,21,146,PT1 1 bat,0.0
mean,2030,21,147,PT1 1 bat,0.0
mean,2030,21,148,PT1 1 bat,0.0
mean,2030,21,149,PT1 1 bat,0.0
mean,2030,21,150,PT1 1 bat,0.0
mean,2030,21,151,PT1 1 bat,0.0
mean,2030,21,152,PT1 1 bat,0.0
mean,2030,21,153,PT1 1 bat,0.0
mean,2030,21,154,PT1 1 bat,0.0
mean,2030,21,155,PT1 1 bat,0.0
mean,2030,21,156,PT1 1 bat,0.0
mean,2030,21,157,PT1 1 bat,0.0
mean,2030,21,158,PT1 1 bat,0.0
mean,2030,21,159,PT1 1 bat,0.0
mean,2030,21,160,PT1 1 bat,0.0
mean,2030,21,161,PT1 1 bat,0.0
mean,2030,21,162,PT1 1 bat,0.0
mean,2030,21,163,PT1 1 bat,0.0
mean,2030,21,164,PT1 1 bat,0.0
mean,2030,21,165,PT1 1 bat,0.0
mean,2030,21,166,PT1 1 bat,0.0
mean,2030,21,167,PT1 1 bat,0.0
mean,2030,42,0,PT1 1 bat,-64.38770586903505
mean,2030,42,1,PT1 1 bat,0.0
mean,2030,42,2,PT1 1 bat,0.0
mean,2030,42,3,PT1 1 bat,0.0
mean,2030,42,4,PT1 1 bat,0.0
mean,2030,42,5,PT1 1 bat,0.0
mean,2030,42,6,PT1 1 bat,0.0
mean,2030,42,7,PT1 1 bat,0.0
mean,2030,42,8,PT1 1 bat,0.0
mean,2030,42,9,PT1 1 bat,0.0
mean,2030,42,10,PT1 1 bat,0.0
mean,2030,42,11,PT1 1 bat,0.0
mean,2030,42,12,PT1 1 bat,0.0
mean,2030,42,13,PT1 1 bat,0.0
mean,2030,42,14,PT1 1 bat,0.0
mean,2030,42,15,PT1 1 bat,0.0
mean,2030,42,16,PT1 1 bat,0.0
mean,2030,42,17,PT1 1 bat,0.0
mean,2030,42,18,PT1 1 bat,0.0
mean,2030,42,19,PT1 1 bat,0.0
mean,2030,42,20,PT1 1 bat,0.0
mean,2030,42,21,PT1 1 bat,0.0
mean,2030,42,22,PT1 1 bat,0.0
mean,2030,42,23,PT1 1 bat,0.0
mean,2030,42,24,PT1 1 bat,0.0
mean,2030,42,25,PT1 1 bat,0.0
mean,2030,42,26,PT1 1 bat,0.0
mean,2030,42,27,PT1 1 bat,0.0
mean,2030,42,28,PT1 1 bat,0.0
mean,2030,42,29,PT1 1 bat,0.0
mean,2030,42,30,PT1 1 bat,0.0
mean,2030,42,31,PT1 1 bat,0.0
mean,2030,42,32,PT1 1 bat,0.0
mean,2030,42,33,PT1 1 bat,0.0
mean,2030,42,34,PT1 1 bat,0.0
mean,2030,42,35,PT1 1 bat,0.0
mean,2030,42,36,PT1 1 bat,0.0
mean,2030,42,37,PT1 1 bat,0.0
mean,2030,42,38,PT1 1 bat,0.0
mean,2030,42,39,PT1 1 bat,0.0
mean,2030,42,40,PT1 1 bat,0.0
mean,2030,42,41,PT1 1 bat,0.0
mean,2030,42,42,PT1 1 bat,0.0
mean,2030,42,43,PT1 1 bat,0.0
mean,2030,42,44,PT1 1 bat,0.0
mean,2030,42,45,PT1 1 bat,0.0
mean,2030,42,46,PT1 1 bat,0.0
mean,2030,42,47,PT1 1 bat,0.0
mean,2030,42,48,PT1 1 bat,0.0
mean,2030,42,49,PT1 1 bat,0.0
mean,2030,42,50,PT1 1 bat,0.0
mean,2030,42,51,PT1 1 bat,0.0
mean,2030,42,52,PT1 1 bat,0.0
mean,2030,42,53,PT1 1 bat,0.0
mean,2030,42,54,PT1 1 bat,0.0
mean,2030,42,55,PT1 1 bat,0.0
mean,2030,42,56,PT1 1 bat,0.0
mean,2030,42,57,PT1 1 bat,0.0
mean,2030,42,58,PT1 1 bat,0.0
mean,2030,42,59,PT1 1 bat,0.0
mean,2030,42,60,PT1 1 bat,0.0
mean,2030,42,61,PT1 1 bat,0.0
mean,2030,42,62,PT1 1 bat,0.0
mean,2030,42,63,PT1 1 bat,0.0
mean,2030,42,64,PT1 1 bat,0.0
mean,2030,42,65,PT1 1 bat,0.0
mean,2030,42,66,PT1 1 bat,0.0
mean,2030,42,67,PT1 1 bat,0.0
mean,2030,42,68,PT1 1 bat,0.0
mean,2030,42,69,PT1 1 bat,0.0
mean,2030,42,70,PT1 1 bat,0.0
mean,2030,42,71,PT1 1 bat,0.0
mean,2030,42,72,PT1 1 bat,0.0
mean,2030,42,73,PT1 1 bat,0.0
mean,2030,42,74,PT1 1 bat,0.0
mean,2030,42,75,PT1 1 bat,0.0
mean,2030,42,76,PT1 1 bat,0.0
mean,2030,42,77,PT1 1 bat,0.0
mean,2030,42,78,PT1 1 bat,0.0
mean,2030,42,79,PT1 1 bat,0.0
mean,2030,42,80,PT1 1 bat,0.0
mean,2030,42,81,PT1 1 bat,0.0
mean,2030,42,82,PT1 1 bat,0.0
mean,2030,42,83,PT1 1 bat,0.0
mean,2030,42,84,PT1 1 bat,0.0
mean,2030,42,85,PT1 1 bat,0.0
mean,2030,42,86,PT1 1 bat,0.0
mean,2030,42,87,PT1 1 bat,0.0
mean,2030,42,88,PT1 1 bat,0.0
mean,2030,42,89,PT1 1 bat,0.0
mean,2030,42,90,PT1 1 bat,0.0
mean,2030,42,91,PT1 1 bat,0.0
mean,2030,42,92,PT1 1 bat,0.0
mean,2030,42,93,PT1 1 bat,0.0
mean,2030,42,94,PT1 1 bat,0.0
mean,2030,42,95,PT1 1 bat,0.0
mean,2030,42,96,PT1 1 bat,0.0
mean,2030,42,97,PT1 1 bat,0.0
mean,2030,42,98,PT1 1 bat,0.0
mean,2030,42,99,PT1 1 bat,0.0
mean,2030,42,100,PT1 1 bat,0.0
mean,2030,42,101,PT1 1 bat,0.0
mean,2030,42,102,PT1 1 bat,0.0
mean,2030,42,103,PT1 1 bat,0.0
mean,2030,42,104,PT1 1 bat,0.0
mean,2030,42,105,PT1 1 bat,0.0
mean,2030,42,106,PT1 1 bat,0.0
mean,2030,42,107,PT1 1 bat,0.0
mean,2030,42,108,PT1 1 bat,0.0
mean,2030,42,109,PT1 1 bat,0.0
mean,2030,42,110,PT1 1 bat,0.0
mean,2030,42,111,PT1 1 bat,0.0
mean,2030,42,112,PT1 1 bat,0.0
mean,2030,42,113,PT1 1 bat,0.0
mean,2030,42,114,PT1 1 bat,0.0
mean,2030,42,115,PT1 1 bat,0.0
mean,2030,42,116,PT1 1 bat,0.0
mean,2030,42,117,PT1 1 bat,0.0
mean,2030,42,118,PT1 1 bat,0.0
mean,2030,42,119,PT1 1 bat,0.0
mean,2030,42,120,PT1 1 bat,0.0
mean,2030,42,121,PT1 1 bat,0.0
mean,2030,42,122,PT1 1 bat,0.0
mean,2030,42,123,PT1 1 bat,0.0
mean,2030,42,124,PT1 1 bat,0.0
mean,2030,42,125,PT1 1 bat,0.0
mean,2030,42,126,PT1 1 bat,0.0
mean,2030,42,127,PT1 1 bat,0.0
mean,2030,42,128,PT1 1 bat,0.0
mean,2030,42,129,PT1 1 bat,0.0
mean,2030,42,130,PT1 1 bat,0.0
mean,2030,42,131,PT1 1 bat,0.0
mean,2030,42,132,PT1 1 bat,0.0
mean,2030,42,133,PT1 1 bat,0.0
mean,2030,42,134,PT1 1 bat,0.0
mean,2030,42,135,PT1 1 bat,0.0
mean,2030,42,136,PT1 1 bat,0.0
mean,2030,42,137,PT1 1 bat,0.0
mean,2030,42,138,PT1 1 bat,0.0
mean,2030,42,139,PT1 1 bat,0.0
mean,2030,42,140,PT1 1 bat,0.0
mean,2030,42,141,PT1 1 bat,0.0
mean,2030,42,142,PT1 1 bat,0.0
mean,2030,42,143,PT1 1 bat,0.0
mean,2030,42,144,PT1 1 bat,0.0
mean,2030,42,145,PT1 1 bat,0.0
mean,2030,42,146,PT1 1 bat,0.0
mean,2030,42,147,PT1 1 bat,0.0
mean,2030,42,148,PT1 1 bat,0.0
mean,2030,42,149,PT1 1 bat,0.0
mean,2030,42,150,PT1 1 bat,0.0
mean,2030,42,151,PT1 1 bat,0.0
mean,2030,42,152,PT1 1 bat,0.0
mean,2030,42,153,PT1 1 bat,0.0
mean,2030,42,154,PT1 1 bat,0.0
mean,2030,42,155,PT1 1 bat,0.0
mean,2030,42,156,PT1 1 bat,0.0
mean,2030,42,157,PT1 1 bat,0.0
mean,2030,42,158,PT1 1 bat,0.0
mean,2030,42,159,PT1 1 bat,0.0
mean,2030,42,160,PT1 1 bat,0.0
mean,2030,42,161,PT1 1 bat,0.0
mean,2030,42,162,PT1 1 bat,0.0
mean,2030,42,163,PT1 1 bat,0.0
mean,2030,42,164,PT1 1 bat,0.0
mean,2030,42,165,PT1 1 bat,0.0
mean,2030,42,166,PT1 1 bat,0.0
mean,2030,42,167,PT1 1 bat,0.0
mean,2030,52,0,PT1 1 bat,-61.63594682714555
mean,2030,52,1,PT1 1 bat,0.0
mean,2030,52,2,PT1 1 bat,0.0
mean,2030,52,3,PT1 1 bat,0.0
mean,2030,52,4,PT1 1 bat,0.0
mean,2030,52,5,PT1 1 bat,0.0
mean,2030,52,6,PT1 1 bat,0.0
mean,2030,52,7,PT1 1 bat,0.0
mean,2030,52,8,PT1 1 bat,0.0
mean,2030,52,9,PT1 1 bat,0.0
mean,2030,52,10,PT1 1 bat,0.0
mean,2030,52,11,PT1 1 bat,0.0
mean,2030,52,12,PT1 1 bat,0.0
mean,2030,52,13,PT1 1 bat,0.0
mean,2030,52,14,PT1 1 bat,0.0
mean,2030,52,15,PT1 1 bat,0.0
mean,2030,52,16,PT1 1 bat,0.0
mean,2030,52,17,PT1 1 bat,0.0
mean,2030,52,18,PT1 1 bat,0.0
mean,2030,52,19,PT1 1 bat,0.0
mean,2030,52,20,PT1 1 bat,0.0
mean,2030,52,21,PT1 1 bat,0.0
mean,2030,52,22,PT1 1 bat,0.0
mean,2030,52,23,PT1 1 bat,0.0
mean,2030,52,24,PT1 1 bat,0.0
mean,2030,52,25,PT1 1 bat,0.0
mean,2030,52,26,PT1 1 bat,0.0
mean,2030,52,27,PT1 1 bat,0.0
mean,2030,52,28,PT1 1 bat,0.0
mean,2030,52,29,PT1 1 bat,0.0
mean,2030,52,30,PT1 1 bat,0.0
mean,2030,52,31,PT1 1 bat,0.0
mean,2030,52,32,PT1 1 bat,0.0
mean,2030,52,33,PT1 1 bat,0.0
mean,2030,52,34,PT1 1 bat,0.0
mean,2030,52,35,PT1 1 bat,0.0
mean,2030,52,36,PT1 1 bat,0.0
mean,2030,52,37,PT1 1 bat,0.0
mean,2030,52,38,PT1 1 bat,0.0
mean,2030,52,39,PT1 1 bat,0.0
mean,2030,52,40,PT1 1 bat,0.0
mean,2030,52,41,PT1 1 bat,0.0
mean,2030,52,42,PT1 1 bat,0.0
mean,2030,52,43,PT1 1 bat,0.0
mean,2030,52,44,PT1 1 bat,0.0
mean,2030,52,45,PT1 1 bat,0.0
mean,2030,52,46,PT1 1 bat,0.0
mean,2030,52,47,PT1 1 bat,0.0
mean,2030,52,48,PT1 1 bat,0.0
mean,2030,52,49,PT1 1 bat,0.0
mean,2030,52,50,PT1 1 bat,0.0
mean,2030,52,51,PT1 1 bat,0.0
mean,2030,52,52,PT1 1 bat,0.0
mean,2030,52,53,PT1 1 bat,0.0
mean,2030,52,54,PT1 1 bat,0.0
mean,2030,52,55,PT1 1 bat,0.0
mean,2030,52,56,PT1 1 bat,0.0
mean,2030,52,57,PT1 1 bat,0.0
mean,2030,52,58,PT1 1 bat,0.0
mean,2030,52,59,PT1 1 bat,0.0
mean,2030,52,60,PT1 1 bat,0.0
mean,2030,52,61,PT1 1 bat,0.0
mean,2030,52,62,PT1 1 bat,0.0
mean,2030,52,63,PT1 1 bat,0.0
mean,2030,52,64,PT1 1 bat,0.0
mean,2030,52,65,PT1 1 bat,0.0
mean,2030,52,66,PT1 1 bat,0.0
mean,2030,52,67,PT1 1 bat,0.0
mean,2030,52,68,PT1 1 bat,0.0
mean,2030,52,69,PT1 1 bat,0.0
mean,2030,52,70,PT1 1 bat,0.0
mean,2030,52,71,PT1 1 bat,0.0
mean,2030,52,72,PT1 1 bat,0.0
mean,2030,52,73,PT1 1 bat,0.0
mean,2030,52,74,PT1 1 bat,0.0
mean,2030,52,75,PT1 1 bat,0.0
mean,2030,52,76,PT1 1 bat,0.0
mean,2030,52,77,PT1 1 bat,0.0
mean,2030,52,78,PT1 1 bat,0.0
mean,2030,52,79,PT1 1 bat,0.0
mean,2030,52,80,PT1 1 bat,0.0
mean,2030,52,81,PT1 1 bat,0.0
mean,2030,52,82,PT1 1 bat,0.0
mean,2030,52,83,PT1 1 bat,0.0
mean,2030,52,84,PT1 1 bat,0.0
mean,2030,52,85,PT1 1 bat,0.0
mean,2030,52,86,PT1 1 bat,0.0
mean,2030,52,87,PT1 1 bat,0.0
mean,2030,52,88,PT1 1 bat,0.0
mean,2030,52,89,PT1 1 bat,0.0
mean,2030,52,90,PT1 1 bat,0.0
mean,2030,52,91,PT1 1 bat,0.0
mean,2030,52,92,PT1 1 bat,0.0
mean,2030,52,93,PT1 1 bat,0.0
mean,2030,52,94,PT1 1 bat,0.0
mean,2030,52,95,PT1 1 bat,0.0
mean,2030,52,96,PT1 1 bat,0.0
mean,2030,52,97,PT1 1 bat,0.0
mean,2030,52,98,PT1 1 bat,0.0
mean,2030,52,99,PT1 1 bat,0.0
mean,2030,52,100,PT1 1 bat,0.0
mean,2030,52,101,PT1 1 bat,0.0
mean,2030,52,102,PT1 1 bat,0.0
mean,2030,52,103,PT1 1 bat,0.0
mean,2030,52,104,PT1 1 bat,0.0
mean,2030,52,105,PT1 1 bat,0.0
mean,2030,52,106,PT1 1 bat,0.0
mean,2030,52,107,PT1 1 bat,0.0
mean,2030,52,108,PT1 1 bat,0.0
mean,2030,52,109,PT1 1 bat,0.0
mean,2030,52,110,PT1 1 bat,0.0
mean,2030,52,111,PT1 1 bat,0.0
mean,2030,52,112,PT1 1 bat,0.0
mean,2030,52,113,PT1 1 bat,0.0
mean,2030,52,114,PT1 1 bat,0.0
mean,2030,52,115,PT1 1 bat,0.0
mean,2030,52,116,PT1 1 bat,0.0
mean,2030,52,117,PT1 1 bat,0.0
mean,2030,52,118,PT1 1 bat,0.0
mean,2030,52,119,PT1 1 bat,0.0
mean,2030,52,120,PT1 1 bat,0.0
mean,2030,52,121,PT1 1 bat,0.0
mean,2030,52,122,PT1 1 bat,0.0
mean,2030,52,123,PT1 1 bat,0.0
mean,2030,52,124,PT1 1 bat,0.0
mean,2030,52,125,PT1 1 bat,0.0
mean,2030,52,126,PT1 1 bat,0.0
mean,2030,52,127,PT1 1 bat,0.0
mean,2030,52,128,PT1 1 bat,0.0
mean,2030,52,129,PT1 1 bat,0.0
mean,2030,52,130,PT1 1 bat,0.0
mean,2030,52,131,PT1 1 bat,0.0
mean,2030,52,132,PT1 1 bat,0.0
mean,2030,52,133,PT1 1 bat,0.0
mean,2030,52,134,PT1 1 bat,0.0
mean,2030,52,135,PT1 1 bat,0.0
mean,2030,52,136,PT1 1 bat,0.0
mean,2030,52,137,PT1 1 bat,0.0
mean,2030,52,138,PT1 1 bat,0.0
mean,2030,52,139,PT1 1 bat,0.0
mean,2030,52,140,PT1 1 bat,0.0
mean,2030,52,141,PT1 1 bat,0.0
mean,2030,52,142,PT1 1 bat,0.0
mean,2030,52,143,PT1 1 bat,0.0
mean,2030,52,144,PT1 1 bat,0.0
mean,2030,52,145,PT1 1 bat,0.0
mean,2030,52,146,PT1 1 bat,0.0
mean,2030,52,147,PT1 1 bat,0.0
mean,2030,52,148,PT1 1 bat,0.0
mean,2030,52,149,PT1 1 bat,0.0
mean,2030,52,150,PT1 1 bat,0.0
mean,2030,52,151,PT1 1 bat,0.0
mean,2030,52,152,PT1 1 bat,0.0
mean,2030,52,153,PT1 1 bat,0.0
mean,2030,52,154,PT1 1 bat,0.0
mean,2030,52,155,PT1 1 bat,0.0
mean,2030,52,156,PT1 1 bat,0.0
mean,2030,52,157,PT1 1 bat,0.0
mean,2030,52,158,PT1 1 bat,0.0
mean,2030,52,159,PT1 1 bat,0.0
mean,2030,52,160,PT1 1 bat,0.0
mean,2030,52,161,PT1 1 bat,0.0
mean,2030,52,162,PT1 1 bat,0.0
mean,2030,52,163,PT1 1 bat,0.0
mean,2030,52,164,PT1 1 bat,0.0
mean,2030,52,165,PT1 1 bat,0.0
mean,2030,52,166,PT1 1 bat,0.0
mean,2030,52,167,PT1 1 bat,0.0
mean,2040,11,0,PT1 1 bat,-0.014646678950158034
mean,2040,11,1,PT1 1 bat,0.0
mean,2040,11,2,PT1 1 bat,0.0
mean,2040,11,3,PT1 1 bat,0.0
mean,2040,11,4,PT1 1 bat,0.0
mean,2040,11,5,PT1 1 bat,0.0
mean,2040,11,6,PT1 1 bat,0.0
mean,2040,11,7,PT1 1 bat,0.0
mean,2040,11,8,PT1 1 bat,0.0
mean,2040,11,9,PT1 1 bat,0.0
mean,2040,11,10,PT1 1 bat,0.0
mean,2040,11,11,PT1 1 bat,0.0
mean,2040,11,12,PT1 1 bat,0.0
mean,2040,11,13,PT1 1 bat,0.0
mean,2040,11,14,PT1 1 bat,0.0
mean,2040,11,15,PT1 1 bat,0.0
mean,2040,11,16,PT1 1 bat,0.0
mean,2040,11,17,PT1 1 bat,0.0
mean,2040,11,18,PT1 1 bat,0.0
mean,2040,11,19,PT1 1 bat,0.0
mean,2040,11,20,PT1 1 bat,0.0
mean,2040,11,21,PT1 1 bat,0.0
mean,2040,11,22,PT1 1 bat,0.0
mean,2040,11,23,PT1 1 bat,0.0
mean,2040,11,24,PT1 1 bat,0.0
mean,2040,11,25,PT1 1 bat,0.0
mean,2040,11,26,PT1 1 bat,0.0
mean,2040,11,27,PT1 1 bat,0.0
mean,2040,11,28,PT1 1 bat,0.0
mean,2040,11,29,PT1 1 bat,0.0
mean,2040,11,30,PT1 1 bat,0.0
mean,2040,11,31,PT1 1 bat,-60.948863889171704
mean,2040,11,32,PT1 1 bat,0.0
mean,2040,11,33,PT1 1 bat,0.0
mean,2040,11,34,PT1 1 bat,0.0
mean,2040,11,35,PT1 1 bat,0.0
mean,2040,11,36,PT1 1 bat,0.0
mean,2040,11,37,PT1 1 bat,0.0
mean,2040,11,38,PT1 1 bat,0.0
mean,2040,11,39,PT1 1 bat,0.0
mean,2040,11,40,PT1 1 bat,0.0
mean,2040,11,41,PT1 1 bat,0.0
mean,2040,11,42,PT1 1 bat,0.0
mean,2040,11,43,PT1 1 bat,-0.0025898318361588244
mean,2040,11,44,PT1 1 bat,0.0
mean,2040,11,45,PT1 1 bat,0.0
mean,2040,11,46,PT1 1 bat,0.0
mean,2040,11,47,PT1 1 bat,0.0
mean,2040,11,48,PT1 1 bat,0.0
mean,2040,11,49,PT1 1 bat,0.0
mean,2040,11,50,PT1 1 bat,0.0
mean,2040,11,51,PT1 1 bat,0.0
mean,2040,11,52,PT1 1 bat,0.0
mean,2040,11,53,PT1 1 bat,0.0
mean,2040,11,54,PT1 1 bat,0.0
mean,2040,11,55,PT1 1 bat,0.0
mean,2040,11,56,PT1 1 bat,0.0
mean,2040,11,57,PT1 1 bat,0.0
mean,2040,11,58,PT1 1 bat,0.0
mean,2040,11,59,PT1 1 bat,0.0
mean,2040,11,60,PT1 1 bat,0.0
mean,2040,11,61,PT1 1 bat,0.0
mean,2040,11,62,PT1 1 bat,0.0
mean,2040,11,63,PT1 1 bat,0.0
mean,2040,11,64,PT1 1 bat,0.0
mean,2040,11,65,PT1 1 bat,0.0
mean,2040,11,66,PT1 1 bat,0.0
mean,2040,11,67,PT1 1 bat,0.0
mean,2040,11,68,PT1 1 bat,0.0
mean,2040,11,69,PT1 1 bat,0.0
mean,2040,11,70,PT1 1 bat,0.0
mean,2040,11,71,PT1 1 bat,0.0
mean,2040,11,72,PT1 1 bat,0.0
mean,2040,11,73,PT1 1 bat,0.0
mean,2040,11,74,PT1 1 bat,0.0
mean,2040,11,75,PT1 1 bat,0.0
mean,2040,11,76,PT1 1 bat,0.0
mean,2040,11,77,PT1 1 bat,0.0
mean,2040,11,78,PT1 1 bat,0.0
mean,2040,11,79,PT1 1 bat,0.0
mean,2040,11,80,PT1 1 bat,0.0
mean,2040,11,81,PT1 1 bat,0.0
mean,2040,11,82,PT1 1 bat,0.0
mean,2040,11,83,PT1 1 bat,0.0
mean,2040,11,84,PT1 1 bat,0.0
mean,2040,11,85,PT1 1 bat,0.0
mean,2040,11,86,PT1 1 bat,0.0
mean,2040,11,87,PT1 1 bat,0.0
mean,2040,11,88,PT1 1 bat,0.0
mean,2040,11,89,PT1 1 bat,0.0
mean,2040,11,90,PT1 1 bat,0.0
mean,2040,11,91,PT1 1 bat,0.0
mean,2040,11,92,PT1 1 bat,0.0
mean,2040,11,93,PT1 1 bat,0.0
mean,2040,11,94,PT1 1 bat,0.0
mean,2040,11,95,PT1 1 bat,0.0
mean,2040,11,96,PT1 1 bat,0.0
mean,2040,11,97,PT1 1 bat,0.0
mean,2040,11,98,PT1 1 bat,0.0
mean,2040,11,99,PT1 1 bat,0.0
mean,2040,11,100,PT1 1 bat,0.0
mean,2040,11,101,PT1 1 bat,0.0
mean,2040,11,102,PT1 1 bat,0.0
mean,2040,11,103,PT1 1 bat,0.0
mean,2040,11,104,PT1 1 bat,0.0
mean,2040,11,105,PT1 1 bat,0.0
mean,2040,11,106,PT1 1 bat,0.0
mean,2040,11,107,PT1 1 bat,0.0
mean,2040,11,108,PT1 1 bat,0.0
mean,2040,11,109,PT1 1 bat,0.0
mean,2040,11,110,PT1 1 bat,0.0
mean,2040,11,111,PT1 1 bat,0.0
mean,2040,11,112,PT1 1 bat,0.0
mean,2040,11,113,PT1 1 bat,0.0
mean,2040,11,114,PT1 1 bat,0.0
mean,2040,11,115,PT1 1 bat,0.0
mean,2040,11,116,PT1 1 bat,0.0
mean,2040,11,117,PT1 1 bat,0.0
mean,2040,11,118,PT1 1 bat,0.0
mean,2040,11,119,PT1 1 bat,0.0
mean,2040,11,120,PT1 1 bat,0.0
mean,2040,11,121,PT1 1 bat,0.0
mean,2040,11,122,PT1 1 bat,0.0
mean,2040,11,123,PT1 1 bat,0.0
mean,2040,11,124,PT1 1 bat,0.0
mean,2040,11,125,PT1 1 bat,0.0
mean,2040,11,126,PT1 1 bat,0.0
mean,2040,11,127,PT1 1 bat,0.0
mean,2040,11,128,PT1 1 bat,0.0
mean,2040,11,129,PT1 1 bat,0.0
mean,2040,11,130,PT1 1 bat,0.0
mean,2040,11,131,PT1 1 bat,0.0
mean,2040,11,132,PT1 1 bat,0.0
mean,2040,11,133,PT1 1 bat,0.0
mean,2040,11,134,PT1 1 bat,0.0
mean,2040,11,135,PT1 1 bat,0.0
mean,2040,11,136,PT1 1 bat,0.0
mean,2040,11,137,PT1 1 bat,0.0
mean,2040,11,138,PT1 1 bat,0.0
mean,2040,11,139,PT1 1 bat,0.0
mean,2040,11,140,PT1 1 bat,0.0
mean,2040,11,141,PT1 1 bat,0.0
mean,2040,11,142,PT1 1 bat,0.0
mean,2040,11,143,PT1 1 bat,0.0
mean,2040,11,144,PT1 1 bat,0.0
mean,2040,11,145,PT1 1 bat,0.0
mean,2040,11,146,PT1 1 bat,0.0
mean,2040,11,147,PT1 1 bat,0.0
mean,2040,11,148,PT1 1 bat,0.0
mean,2040,11,149,PT1 1 bat,0.0
mean,2040,11,150,PT1 1 bat,0.0
mean,2040,11,151,PT1 1 bat,0.0
mean,2040,11,152,PT1 1 bat,0.0
mean,2040,11,153,PT1 1 bat,0.0
mean,2040,11,154,PT1 1 bat,0.0
mean,2040,11,155,PT1 1 bat,0.0
mean,2040,11,156,PT1 1 bat,0.0
mean,2040,11,157,PT1 1 bat,0.0
mean,2040,11,158,PT1 1 bat,0.0
mean,2040,11,159,PT1 1 bat,0.0
mean,2040,11,160,PT1 1 bat,0.0
mean,2040,11,161,PT1 1 bat,0.0
mean,2040,11,162,PT1 1 bat,0.0
mean,2040,11,163,PT1 1 bat,0.0
mean,2040,11,164,PT1 1 bat,0.0
mean,2040,11,165,PT1 1 bat,0.0
mean,2040,11,166,PT1 1 bat,0.0
mean,2040,11,167,PT1 1 bat,0.0
mean,2040,21,0,PT1 1 bat,-63.13424715472405
mean,2040,21,1,PT1 1 bat,0.0
mean,2040,21,2,PT1 1 bat,0.0
mean,2040,21,3,PT1 1 bat,0.0
mean,2040,21,4,PT1 1 bat,0.0
mean,2040,21,5,PT1 1 bat,0.0
mean,2040,21,6,PT1 1 bat,0.0
mean,2040,21,7,PT1 1 bat,0.0
mean,2040,21,8,PT1 1 bat,0.0
mean,2040,21,9,PT1 1 bat,0.0
mean,2040,21,10,PT1 1 bat,0.0
mean,2040,21,11,PT1 1 bat,0.0
mean,2040,21,12,PT1 1 bat,0.0
mean,2040,21,13,PT1 1 bat,0.0
mean,2040,21,14,PT1 1 bat,0.0
mean,2040,21,15,PT1 1 bat,0.0
mean,2040,21,16,PT1 1 bat,0.0
mean,2040,21,17,PT1 1 bat,0.0
mean,2040,21,18,PT1 1 bat,0.0
mean,2040,21,19,PT1 1 bat,0.0
mean,2040,21,20,PT1 1 bat,0.0
mean,2040,21,21,PT1 1 bat,0.0
mean,2040,21,22,PT1 1 bat,0.0
mean,2040,21,23,PT1 1 bat,0.0
mean,2040,21,24,PT1 1 bat,0.0
mean,2040,21,25,PT1 1 bat,0.0
mean,2040,21,26,PT1 1 bat,0.0
mean,2040,21,27,PT1 1 bat,0.0
mean,2040,21,28,PT1 1 bat,0.0
mean,2040,21,29,PT1 1 bat,0.0
mean,2040,21,30,PT1 1 bat,0.0
mean,2040,21,31,PT1 1 bat,0.0
mean,2040,21,32,PT1 1 bat,0.0
mean,2040,21,33,PT1 1 bat,0.0
mean,2040,21,34,PT1 1 bat,0.0
mean,2040,21,35,PT1 1 bat,0.0
mean,2040,21,36,PT1 1 bat,0.0
mean,2040,21,37,PT1 1 bat,0.0
mean,2040,21,38,PT1 1 bat,0.0
mean,2040,21,39,PT1 1 bat,0.0
mean,2040,21,40,PT1 1 bat,0.0
mean,2040,21,41,PT1 1 bat,0.0
mean,2040,21,42,PT1 1 bat,0.0
mean,2040,21,43,PT1 1 bat,0.0
mean,2040,21,44,PT1 1 bat,0.0
mean,2040,21,45,PT1 1 bat,0.0
mean,2040,21,46,PT1 1 bat,0.0
mean,2040,21,47,PT1 1 bat,0.0
mean,2040,21,48,PT1 1 bat,0.0
mean,2040,21,49,PT1 1 bat,0.0
mean,2040,21,50,PT1 1 bat,0.0
mean,2040,21,51,PT1 1 bat,0.0
mean,2040,21,52,PT1 1 bat,0.0
mean,2040,21,53,PT1 1 bat,0.0
mean,2040,21,54,PT1 1 bat,0.0
mean,2040,21,55,PT1 1 bat,0.0
mean,2040,21,56,PT1 1 bat,0.0
mean,2040,21,57,PT1 1 bat,0.0
mean,2040,21,58,PT1 1 bat,0.0
mean,2040,21,59,PT1 1 bat,0.0
mean,2040,21,60,PT1 1 bat,0.0
mean,2040,21,61,PT1 1 bat,0.0
mean,2040,21,62,PT1 1 bat,0.0
mean,2040,21,63,PT1 1 bat,0.0
mean,2040,21,64,PT1 1 bat,0.0
mean,2040,21,65,PT1 1 bat,0.0
mean,2040,21,66,PT1 1 bat,0.0
mean,2040,21,67,PT1 1 bat,0.0
mean,2040,21,68,PT1 1 bat,0.0
mean,2040,21,69,PT1 1 bat,0.0
mean,2040,21,70,PT1 1 bat,0.0
mean,2040,21,71,PT1 1 bat,0.0
mean,2040,21,72,PT1 1 bat,0.0
mean,2040,21,73,PT1 1 bat,0.0
mean,2040,21,74,PT1 1 bat,0.0
mean,2040,21,75,PT1 1 bat,0.0
mean,2040,21,76,PT1 1 bat,0.0
mean,2040,21,77,PT1 1 bat,0.0
mean,2040,21,78,PT1 1 bat,0.0
mean,2040,21,79,PT1 1 bat,0.0
mean,2040,21,80,PT1 1 bat,0.0
mean,2040,21,81,PT1 1 bat,0.0
mean,2040,21,82,PT1 1 bat,0.0
mean,2040,21,83,PT1 1 bat,0.0
mean,2040,21,84,PT1 1 bat,0.0
mean,2040,21,85,PT1 1 bat,0.0
mean,2040,21,86,PT1 1 bat,0.0
mean,2040,21,87,PT1 1 bat,0.0
mean,2040,21,88,PT1 1 bat,0.0
mean,2040,21,89,PT1 1 bat,0.0
mean,2040,21,90,PT1 1 bat,0.0
mean,2040,21,91,PT1 1 bat,0.0
mean,2040,21,92,PT1 1 bat,0.0
mean,2040,21,93,PT1 1 bat,0.0
mean,2040,21,94,PT1 1 bat,0.0
mean,2040,21,95,PT1 1 bat,0.0
mean,2040,21,96,PT1 1 bat,0.0
mean,2040,21,97,PT1 1 bat,0.0
mean,2040,21,98,PT1 1 bat,0.0
mean,2040,21,99,PT1 1 bat,0.0
mean,2040,21,100,PT1 1 bat,0.0
mean,2040,21,101,PT1 1 bat,0.0
mean,2040,21,102,PT1 1 bat,0.0
mean,2040,21,103,PT1 1 bat,0.0
mean,2040,21,104,PT1 1 bat,0.0
mean,2040,21,105,PT1 1 bat,0.0
mean,2040,21,106,PT1 1 bat,0.0
mean,2040,21,107,PT1 1 bat,0.0
mean,2040,21,108,PT1 1 bat,0.0
mean,2040,21,109,PT1 1 bat,0.0
mean,2040,21,110,PT1 1 bat,0.0
mean,2040,21,111,PT1 1 bat,0.0
mean,2040,21,112,PT1 1 bat,0.0
mean,2040,21,113,PT1 1 bat,0.0
mean,2040,21,114,PT1 1 bat,0.0
mean,2040,21,115,PT1 1 bat,0.0
mean,2040,21,116,PT1 1 bat,0.0
mean,2040,21,117,PT1 1 bat,0.0
mean,2040,21,118,PT1 1 bat,0.0
mean,2040,21,119,PT1 1 bat,0.0
mean,2040,21,120,PT1 1 bat,0.0
mean,2040,21,121,PT1 1 bat,0.0
mean,2040,21,122,PT1 1 bat,0.0
mean,2040,21,123,PT1 1 bat,0.0
mean,2040,21,124,PT1 1 bat,0.0
mean,2040,21,125,PT1 1 bat,0.0
mean,2040,21,126,PT1 1 bat,0.0
mean,2040,21,127,PT1 1 bat,0.0
mean,2040,21,128,PT1 1 bat,0.0
mean,2040,21,129,PT1 1 bat,0.0
mean,2040,21,130,PT1 1 bat,0.0
mean,2040,21,131,PT1 1 bat,0.0
mean,2040,21,132,PT1 1 bat,0.0
mean,2040,21,133,PT1 1 bat,0.0
mean,2040,21,134,PT1 1 bat,0.0
mean,2040,21,135,PT1 1 bat,0.0
mean,2040,21,136,PT1 1 bat,0.0
mean,2040,21,137,PT1 1 bat,0.0
mean,2040,21,138,PT1 1 bat,0.0
mean,2040,21,139,PT1 1 bat,0.0
mean,2040,21,140,PT1 1 bat,0.0
mean,2040,21,141,PT1 1 bat,0.0
mean,2040,21,142,PT1 1 bat,0.0
mean,2040,21,143,PT1 1 bat,0.0
mean,2040,21,144,PT1 1 bat,0.0
mean,2040,21,145,PT1 1 bat,0.0
mean,2040,21,146,PT1 1 bat,0.0
mean,2040,21,147,PT1 1 bat,0.0
mean,2040,21,148,PT1 1 bat,0.0
mean,2040,21,149,PT1 1 bat,0.0
mean,2040,21,150,PT1 1 bat,0.0
mean,2040,21,151,PT1 1 bat,0.0
mean,2040,21,152,PT1 1 bat,0.0
mean,2040,21,153,PT1 1 bat,0.0
mean,2040,21,154,PT1 1 bat,0.0
mean,2040,21,155,PT1 1 bat,0.0
mean,2040,21,156,PT1 1 bat,0.0
mean,2040,21,157,PT1 1 bat,0.0
mean,2040,21,158,PT1 1 bat,0.0
mean,2040,21,159,PT1 1 bat,0.0
mean,2040,21,160,PT1 1 bat,0.0
mean,2040,21,161,PT1 1 bat,0.0
mean,2040,21,162,PT1 1 bat,0.0
mean,2040,21,163,PT1 1 bat,0.0
mean,2040,21,164,PT1 1 bat,0.0
mean,2040,21,165,PT1 1 bat,0.0
mean,2040,21,166,PT1 1 bat,0.0
mean,2040,21,167,PT1 1 bat,0.0
mean,2040,42,0,PT1 1 bat,-63.42504078292536
mean,2040,42,1,PT1 1 bat,0.0
mean,2040,42,2,PT1 1 bat,0.0
mean,2040,42,3,PT1 1 bat,0.0
mean,2040,42,4,PT1 1 bat,0.0
mean,2040,42,5,PT1 1 bat,0.0
mean,2040,42,6,PT1 1 bat,-0.0031419945730467337
mean,2040,42,7,PT1 1 bat,0.0
mean,2040,42,8,PT1 1 bat,0.0
mean,2040,42,9,PT1 1 bat,0.0
mean,2040,42,10,PT1 1 bat,0.0
mean,2040,42,11,PT1 1 bat,0.0
mean,2040,42,12,PT1 1 bat,0.0
mean,2040,42,13,PT1 1 bat,0.0
mean,2040,42,14,PT1 1 bat,0.0
mean,2040,42,15,PT1 1 bat,0.0
mean,2040,42,16,PT1 1 bat,0.0
mean,2040,42,17,PT1 1 bat,0.0
mean,2040,42,18,PT1 1 bat,-0.1846112420489465
mean,2040,42,19,PT1 1 bat,0.0
mean,2040,42,20,PT1 1 bat,0.0
mean,2040,42,21,PT1 1 bat,0.0
mean,2040,42,22,PT1 1 bat,0.0
mean,2040,42,23,PT1 1 bat,0.0
mean,2040,42,24,PT1 1 bat,0.0
mean,2040,42,25,PT1 1 bat,0.0
mean,2040,42,26,PT1 1 bat,0.0
mean,2040,42,27,PT1 1 bat,0.0
mean,2040,42,28,PT1 1 bat,0.0
mean,2040,42,29,PT1 1 bat,0.0
mean,2040,42,30,PT1 1 bat,0.0
mean,2040,42,31,PT1 1 bat,0.0
mean,2040,42,32,PT1 1 bat,0.0
mean,2040,42,33,PT1 1 bat,0.0
mean,2040,42,34,PT1 1 bat,0.0
mean,2040,42,35,PT1 1 bat,0.0
mean,2040,42,36,PT1 1 bat,0.0
mean,2040,42,37,PT1 1 bat,0.0
mean,2040,42,38,PT1 1 bat,0.0
mean,2040,42,39,PT1 1 bat,0.0
mean,2040,42,40,PT1 1 bat,0.0
mean,2040,42,41,PT1 1 bat,0.0
mean,2040,42,42,PT1 1 bat,-0.0025771552745313844
mean,2040,42,43,PT1 1 bat,0.0
mean,2040,42,44,PT1 1 bat,0.0
mean,2040,42,45,PT1 1 bat,0.0
mean,2040,42,46,PT1 1 bat,0.0
mean,2040,42,47,PT1 1 bat,0.0
mean,2040,42,48,PT1 1 bat,0.0
mean,2040,42,49,PT1 1 bat,0.0
mean,2040,42,50,PT1 1 bat,0.0
mean,2040,42,51,PT1 1 bat,0.0
mean,2040,42,52,PT1 1 bat,0.0
mean,2040,42,53,PT1 1 bat,0.0
mean,2040,42,54,PT1 1 bat,0.0
mean,2040,42,55,PT1 1 bat,0.0
mean,2040,42,56,PT1 1 bat,0.0
mean,2040,42,57,PT1 1 bat,0.0
mean,2040,42,58,PT1 1 bat,0.0
mean,2040,42,59,PT1 1 bat,0.0
mean,2040,42,60,PT1 1 bat,0.0
mean,2040,42,61,PT1 1 bat,0.0
mean,2040,42,62,PT1 1 bat,0.0
mean,2040,42,63,PT1 1 bat,0.0
mean,2040,42,64,PT1 1 bat,0.0
mean,2040,42,65,PT1 1 bat,0.0
mean,2040,42,66,PT1 1 bat,0.0
mean,2040,42,67,PT1 1 bat,0.0
mean,2040,42,68,PT1 1 bat,0.0
mean,2040,42,69,PT1 1 bat,0.0
mean,2040,42,70,PT1 1 bat,0.0
mean,2040,42,71,PT1 1 bat,0.0
mean,2040,42,72,PT1 1 bat,0.0
mean,2040,42,73,PT1 1 bat,0.0
mean,2040,42,74,PT1 1 bat,0.0
mean,2040,42,75,PT1 1 bat,0.0
mean,2040,42,76,PT1 1 bat,0.0
mean,2040,42,77,PT1 1 bat,0.0
mean,2040,42,78,PT1 1 bat,0.0
mean,2040,42,79,PT1 1 bat,0.0
mean,2040,42,80,PT1 1 bat,0.0
mean,2040,42,81,PT1 1 bat,0.0
mean,2040,42,82,PT1 1 bat,0.0
mean,2040,42,83,PT1 1 bat,0.0
mean,2040,42,84,PT1 1 bat,0.0
mean,2040,42,85,PT1 1 bat,0.0
mean,2040,42,86,PT1 1 bat,0.0
mean,2040,42,87,PT1 1 bat,0.0
mean,2040,42,88,PT1 1 bat,0.0
mean,2040,42,89,PT1 1 bat,0.0
mean,2040,42,90,PT1 1 bat,-463.54538397886057
mean,2040,42,91,PT1 1 bat,0.0
mean,2040,42,92,PT1 1 bat,0.0
mean,2040,42,93,PT1 1 bat,0.0
mean,2040,42,94,PT1 1 bat,0.0
mean,2040,42,95,PT1 1 bat,0.0
mean,2040,42,96,PT1 1 bat,0.0
mean,2040,42,97,PT1 1 bat,0.0
mean,2040,42,98,PT1 1 bat,0.0
mean,2040,42,99,PT1 1 bat,0.0
mean,2040,42,100,PT1 1 bat,0.0
mean,2040,42,101,PT1 1 bat,0.0
mean,2040,42,102,PT1 1 bat,0.0
mean,2040,42,103,PT1 1 bat,0.0
mean,2040,42,104,PT1 1 bat,0.0
mean,2040,42,105,PT1 1 bat,0.0
mean,2040,42,106,PT1 1 bat,0.0
mean,2040,42,107,PT1 1 bat,0.0
mean,2040,42,108,PT1 1 bat,0.0
mean,2040,42,109,PT1 1 bat,0.0
mean,2040,42,110,PT1 1 bat,0.0
mean,2040,42,111,PT1 1 bat,0.0
mean,2040,42,112,PT1 1 bat,0.0
mean,2040,42,113,PT1 1 bat,0.0
mean,2040,42,114,PT1 1 bat,0.0
mean,2040,42,115,PT1 1 bat,0.0
mean,2040,42,116,PT1 1 bat,0.0
mean,2040,42,117,PT1 1 bat,0.0
mean,2040,42,118,PT1 1 bat,0.0
mean,2040,42,119,PT1 1 bat,0.0
mean,2040,42,120,PT1 1 bat,0.0
mean,2040,42,121,PT1 1 bat,0.0
mean,2040,42,122,PT1 1 bat,0.0
mean,2040,42,123,PT1 1 bat,0.0
mean,2040,42,124,PT1 1 bat,0.0
mean,2040,42,125,PT1 1 bat,0.0
mean,2040,42,126,PT1 1 bat,0.0
mean,2040,42,127,PT1 1 bat,0.0
mean,2040,42,128,PT1 1 bat,0.0
mean,2040,42,129,PT1 1 bat,0.0
mean,2040,42,130,PT1 1 bat,0.0
mean,2040,42,131,PT1 1 bat,0.0
mean,2040,42,132,PT1 1 bat,0.0
mean,2040,42,133,PT1 1 bat,0.0
mean,2040,42,134,PT1 1 bat,0.0
mean,2040,42,135,PT1 1 bat,0.0
mean,2040,42,136,PT1 1 bat,0.0
mean,2040,42,137,PT1 1 bat,0.0
mean,2040,42,138,PT1 1 bat,0.0
mean,2040,42,139,PT1 1 bat,0.0
mean,2040,42,140,PT1 1 bat,0.0
mean,2040,42,141,PT1 1 bat,0.0
mean,2040,42,142,PT1 1 bat,0.0
mean,2040,42,143,PT1 1 bat,0.0
mean,2040,42,144,PT1 1 bat,0.0
mean,2040,42,145,PT1 1 bat,0.0
mean,2040,42,146,PT1 1 bat,0.0
mean,2040,42,147,PT1 1 bat,0.0
mean,2040,42,148,PT1 1 bat,0.0
mean,2040,42,149,PT1 1 bat,0.0
mean,2040,42,150,PT1 1 bat,0.0
mean,2040,42,151,PT1 1 bat,0.0
mean,2040,42,152,PT1 1 bat,0.0
mean,2040,42,153,PT1 1 bat,0.0
mean,2040,42,154,PT1 1 bat,0.0
mean,2040,42,155,PT1 1 bat,0.0
mean,2040,42,156,PT1 1 bat,0.0
mean,2040,42,157,PT1 1 bat,0.0
mean,2040,42,158,PT1 1 bat,0.0
mean,2040,42,159,PT1 1 bat,0.0
mean,2040,42,160,PT1 1 bat,0.0
mean,2040,42,161,PT1 1 bat,0.0
mean,2040,42,162,PT1 1 bat,0.0
mean,2040,42,163,PT1 1 bat,0.0
mean,2040,42,164,PT1 1 bat,0.0
mean,2040,42,165,PT1 1 bat,0.0
mean,2040,42,166,PT1 1 bat,0.0
mean,2040,42,167,PT1 1 bat,0.0
mean,2040,52,0,PT1 1 bat,-61.44283267105194
mean,2040,52,1,PT1 1 bat,0.0
mean,2040,52,2,PT1 1 bat,0.0
mean,2040,52,3,PT1 1 bat,0.0
mean,2040,52,4,PT1 1 bat,0.0
mean,2040,52,5,PT1 1 bat,0.0
mean,2040,52,6,PT1 1 bat,0.0
mean,2040,52,7,PT1 1 bat,0.0
mean,2040,52,8,PT1 1 bat,0.0
mean,2040,52,9,PT1 1 bat,0.0
mean,2040,52,10,PT1 1 bat,0.0
mean,2040,52,11,PT1 1 bat,0.0
mean,2040,52,12,PT1 1 bat,0.0
mean,2040,52,13,PT1 1 bat,0.0
mean,2040,52,14,PT1 1 bat,0.0
mean,2040,52,15,PT1 1 bat,0.0
mean,2040,52,16,PT1 1 bat,0.0
mean,2040,52,17,PT1 1 bat,0.0
mean,2040,52,18,PT1 1 bat,0.0
mean,2040,52,19,PT1 1 bat,0.0
mean,2040,52,20,PT1 1 bat,0.0
mean,2040,52,21,PT1 1 bat,0.0
mean,2040,52,22,PT1 1 bat,0.0
mean,2040,52,23,PT1 1 bat,0.0
mean,2040,52,24,PT1 1 bat,0.0
mean,2040,52,25,PT1 1 bat,0.0
mean,2040,52,26,PT1 1 bat,0.0
mean,2040,52,27,PT1 1 bat,0.0
mean,2040,52,28,PT1 1 bat,0.0
mean,2040,52,29,PT1 1 bat,0.0
mean,2040,52,30,PT1 1 bat,0.0
mean,2040,52,31,PT1 1 bat,0.0
mean,2040,52,32,PT1 1 bat,0.0
mean,2040,52,33,PT1 1 bat,0.0
mean,2040,52,34,PT1 1 bat,0.0
mean,2040,52,35,PT1 1 bat,0.0
mean,2040,52,36,PT1 1 bat,0.0
mean,2040,52,37,PT1 1 bat,0.0
mean,2040,52,38,PT1 1 bat,0.0
mean,2040,52,39,PT1 1 bat,0.0
mean,2040,52,40,PT1 1 bat,0.0
mean,2040,52,41,PT1 1 bat,0.0
mean,2040,52,42,PT1 1 bat,0.0
mean,2040,52,43,PT1 1 bat,0.0
mean,2040,52,44,PT1 1 bat,0.0
mean,2040,52,45,PT1 1 bat,0.0
mean,2040,52,46,PT1 1 bat,0.0
mean,2040,52,47,PT1 1 bat,0.0
mean,2040,52,48,PT1 1 bat,0.0
mean,2040,52,49,PT1 1 bat,0.0
mean,2040,52,50,PT1 1 bat,0.0
mean,2040,52,51,PT1 1 bat,0.0
mean,2040,52,52,PT1 1 bat,0.0
mean,2040,52,53,PT1 1 bat,0.0
mean,2040,52,54,PT1 1 bat,0.0
mean,2040,52,55,PT1 1 bat,0.0
mean,2040,52,56,PT1 1 bat,0.0
mean,2040,52,57,PT1 1 bat,0.0
mean,2040,52,58,PT1 1 bat,0.0
mean,2040,52,59,PT1 1 bat,0.0
mean,2040,52,60,PT1 1 bat,0.0
mean,2040,52,61,PT1 1 bat,0.0
mean,2040,52,62,PT1 1 bat,0.0
mean,2040,52,63,PT1 1 bat,0.0
mean,2040,52,64,PT1 1 bat,0.0
mean,2040,52,65,PT1 1 bat,0.0
mean,2040,52,66,PT1 1 bat,0.0
mean,2040,52,67,PT1 1 bat,0.0
mean,2040,52,68,PT1 1 bat,0.0
mean,2040,52,69,PT1 1 bat,0.0
mean,2040,52,70,PT1 1 bat,0.0
mean,2040,52,71,PT1 1 bat,0.0
mean,2040,52,72,PT1 1 bat,0.0
mean,2040,52,73,PT1 1 bat,0.0
mean,2040,52,74,PT1 1 bat,0.0
mean,2040,52,75,PT1 1 bat,0.0
mean,2040,52,76,PT1 1 bat,0.0
mean,2040,52,77,PT1 1 bat,0.0
mean,2040,52,78,PT1 1 bat,0.0
mean,2040,52,79,PT1 1 bat,0.0
mean,2040,52,80,PT1 1 bat,0.0
mean,2040,52,81,PT1 1 bat,0.0
mean,2040,52,82,PT1 1 bat,0.0
mean,2040,52,83,PT1 1 bat,0.0
mean,2040,52,84,PT1 1 bat,0.0
mean,2040,52,85,PT1 1 bat,0.0
mean,2040,52,86,PT1 1 bat,0.0
mean,2040,52,87,PT1 1 bat,0.0
mean,2040,52,88,PT1 1 bat,0.0
mean,2040,52,89,PT1 1 bat,0.0
mean,2040,52,90,PT1 1 bat,0.0
mean,2040,52,91,PT1 1 bat,0.0
mean,2040,52,92,PT1 1 bat,0.0
mean,2040,52,93,PT1 1 bat,0.0
mean,2040,52,94,PT1 1 bat,0.0
mean,2040,52,95,PT1 1 bat,0.0
mean,2040,52,96,PT1 1 bat,0.0
mean,2040,52,97,PT1 1 bat,0.0
mean,2040,52,98,PT1 1 bat,0.0
mean,2040,52,99,PT1 1 bat,0.0
mean,2040,52,100,PT1 1 bat,0.0
mean,2040,52,101,PT1 1 bat,0.0
mean,2040,52,102,PT1 1 bat,0.0
mean,2040,52,103,PT1 1 bat,0.0
mean,2040,52,104,PT1 1 bat,0.0
mean,2040,52,105,PT1 1 bat,0.0
mean,2040,52,106,PT1 1 bat,0.0
mean,2040,52,107,PT1 1 bat,0.0
mean,2040,52,108,PT1 1 bat,0.0
mean,2040,52,109,PT1 1 bat,0.0
mean,2040,52,110,PT1 1 bat,0.0
mean,2040,52,111,PT1 1 bat,0.0
mean,2040,52,112,PT1 1 bat,0.0
mean,2040,52,113,PT1 1 bat,0.0
mean,2040,52,114,PT1 1 bat,0.0
mean,2040,52,115,PT1 1 bat,0.0
mean,2040,52,116,PT1 1 bat,0.0
mean,2040,52,117,PT1 1 bat,0.0
mean,2040,52,118,PT1 1 bat,0.0
mean,2040,52,119,PT1 1 bat,0.0
mean,2040,52,120,PT1 1 bat,0.0
mean,2040,52,121,PT1 1 bat,0.0
mean,2040,52,122,PT1 1 bat,0.0
mean,2040,52,123,PT1 1 bat,0.0
mean,2040,52,124,PT1 1 bat,0.0
mean,2040,52,125,PT1 1 bat,0.0
mean,2040,52,126,PT1 1 bat,0.0
mean,2040,52,127,PT1 1 bat,0.0
mean,2040,52,128,PT1 1 bat,0.0
mean,2040,52,129,PT1 1 bat,0.0
mean,2040,52,130,PT1 1 bat,0.0
mean,2040,52,131,PT1 1 bat,0.0
mean,2040,52,132,PT1 1 bat,0.0
mean,2040,52,133,PT1 1 bat,0.0
mean,2040,52,134,PT1 1 bat,0.0
mean,2040,52,135,PT1 1 bat,0.0
mean,2040,52,136,PT1 1 bat,0.0
mean,2040,52,137,PT1 1 bat,0.0
mean,2040,52,138,PT1 1 bat,0.0
mean,2040,52,139,PT1 1 bat,0.0
mean,2040,52,140,PT1 1 bat,0.0
mean,2040,52,141,PT1 1 bat,0.0
mean,2040,52,142,PT1 1 bat,0.0
mean,2040,52,143,PT1 1 bat,0.0
mean,2040,52,144,PT1 1 bat,0.0
mean,2040,52,145,PT1 1 bat,0.0
mean,2040,52,146,PT1 1 bat,0.0
mean,2040,52,147,PT1 1 bat,0.0
mean,2040,52,148,PT1 1 bat,0.0
mean,2040,52,149,PT1 1 bat,0.0
mean,2040,52,150,PT1 1 bat,0.0
mean,2040,52,151,PT1 1 bat,0.0
mean,2040,52,152,PT1 1 bat,0.0
mean,2040,52,153,PT1 1 bat,0.0
mean,2040,52,154,PT1 1 bat,0.0
mean,2040,52,155,PT1 1 bat,0.0
mean,2040,52,156,PT1 1 bat,0.0
mean,2040,52,157,PT1 1 bat,0.0
mean,2040,52,158,PT1 1 bat,0.0
mean,2040,52,159,PT1 1 bat,0.0
mean,2040,52,160,PT1 1 bat,0.0
mean,2040,52,161,PT1 1 bat,-0.0025431377921537103
mean,2040,52,162,PT1 1 bat,0.0
mean,2040,52,163,PT1 1 bat,0.0
mean,2040,52,164,PT1 1 bat,0.0
mean,2040,52,165,PT1 1 bat,0.0
mean,2040,52,166,PT1 1 bat,0.0
mean,2040,52,167,PT1 1 bat,0.0
mean,2050,11,0,PT1 1 bat,-0.014549999999999999
mean,2050,11,1,PT1 1 bat,0.0
mean,2050,11,2,PT1 1 bat,0.0
mean,2050,11,3,PT1 1 bat,0.0
mean,2050,11,4,PT1 1 bat,0.0
mean,2050,11,5,PT1 1 bat,0.0
mean,2050,11,6,PT1 1 bat,0.0
mean,2050,11,7,PT1 1 bat,0.0
mean,2050,11,8,PT1 1 bat,0.0
mean,2050,11,9,PT1 1 bat,0.0
mean,2050,11,10,PT1 1 bat,0.0
mean,2050,11,11,PT1 1 bat,0.0
mean,2050,11,12,PT1 1 bat,0.0
mean,2050,11,13,PT1 1 bat,0.0
mean,2050,11,14,PT1 1 bat,0.0
mean,2050,11,15,PT1 1 bat,0.0
mean,2050,11,16,PT1 1 bat,0.0
mean,2050,11,17,PT1 1 bat,0.0
mean,2050,11,18,PT1 1 bat,0.0
mean,2050,11,19,PT1 1 bat,0.0
mean,2050,11,20,PT1 1 bat,0.0
mean,2050,11,21,PT1 1 bat,0.0
mean,2050,11,22,PT1 1 bat,0.0
mean,2050,11,23,PT1 1 bat,0.0
mean,2050,11,24,PT1 1 bat,0.0
mean,2050,11,25,PT1 1 bat,0.0
mean,2050,11,26,PT1 1 bat,0.0
mean,2050,11,27,PT1 1 bat,0.0
mean,2050,11,28,PT1 1 bat,0.0
mean,2050,11,29,PT1 1 bat,0.0
mean,2050,11,30,PT1 1 bat,0.0
mean,2050,11,31,PT1 1 bat,0.0
mean,2050,11,32,PT1 1 bat,0.0
mean,2050,11,33,PT1 1 bat,0.0
mean,2050,11,34,PT1 1 bat,0.0
mean,2050,11,35,PT1 1 bat,0.0
mean,2050,11,36,PT1 1 bat,0.0
mean,2050,11,37,PT1 1 bat,0.0
mean,2050,11,38,PT1 1 bat,0.0
mean,2050,11,39,PT1 1 bat,0.0
mean,2050,11,40,PT1 1 bat,0.0
mean,2050,11,41,PT1 1 bat,0.0
mean,2050,11,42,PT1 1 bat,0.0
mean,2050,11,43,PT1 1 bat,0.0
mean,2050,11,44,PT1 1 bat,0.0
mean,2050,11,45,PT1 1 bat,0.0
mean,2050,11,46,PT1 1 bat,0.0
mean,2050,11,47,PT1 1 bat,0.0
mean,2050,11,48,PT1 1 bat,0.0
mean,2050,11,49,PT1 1 bat,0.0
mean,2050,11,50,PT1 1 bat,0.0
mean,2050,11,51,PT1 1 bat,0.0
mean,2050,11,52,PT1 1 bat,0.0
mean,2050,11,53,PT1 1 bat,0.0
mean,2050,11,54,PT1 1 bat,0.0
mean,2050,11,55,PT1 1 bat,0.0
mean,2050,11,56,PT1 1 bat,0.0
mean,2050,11,57,PT1 1 bat,0.0
mean,2050,11,58,PT1 1 bat,0.0
mean,2050,11,59,PT1 1 bat,0.0
mean,2050,11,60,PT1 1 bat,0.0
mean,2050,11,61,PT1 1 bat,0.0
mean,2050,11,62,PT1 1 bat,0.0
mean,2050,11,63,PT1 1 bat,0.0
mean,2050,11,64,PT1 1 bat,0.0
mean,2050,11,65,PT1 1 bat,0.0
mean,2050,11,66,PT1 1 bat,0.0
mean,2050,11,67,PT1 1 bat,0.0
mean,2050,11,68,PT1 1 bat,0.0
mean,2050,11,69,PT1 1 bat,0.0
mean,2050,11,70,PT1 1 bat,0.0
mean,2050,11,71,PT1 1 bat,0.0
mean,2050,11,72,PT1 1 bat,0.0
mean,2050,11,73,PT1 1 bat,0.0
mean,2050,11,74,PT1 1 bat,0.0
mean,2050,11,75,PT1 1 bat,0.0
mean,2050,11,76,PT1 1 bat,0.0
mean,2050,11,77,PT1 1 bat,0.0
mean,2050,11,78,PT1 1 bat,0.0
mean,2050,11,79,PT1 1 bat,0.0
mean,2050,11,80,PT1 1 bat,0.0
mean,2050,11,81,PT1 1 bat,0.0
mean,2050,11,82,PT1 1 bat,0.0
mean,2050,11,83,PT1 1 bat,0.0
mean,2050,11,84,PT1 1 bat,0.0
mean,2050,11,85,PT1 1 bat,0.0
mean,2050,11,86,PT1 1 bat,0.0
mean,2050,11,87,PT1 1 bat,0.0
mean,2050,11,88,PT1 1 bat,0.0
mean,2050,11,89,PT1 1 bat,0.0
mean,2050,11,90,PT1 1 bat,0.0
mean,2050,11,91,PT1 1 bat,0.0
mean,2050,11,92,PT1 1 bat,0.0
mean,2050,11,93,PT1 1 bat,0.0
mean,2050,11,94,PT1 1 bat,0.0
mean,2050,11,95,PT1 1 bat,0.0
mean,2050,11,96,PT1 1 bat,0.0
mean,2050,11,97,PT1 1 bat,0.0
mean,2050,11,98,PT1 1 bat,0.0
mean,2050,11,99,PT1 1 bat,0.0
mean,2050,11,100,PT1 1 bat,0.0
mean,2050,11,101,PT1 1 bat,0.0
mean,2050,11,102,PT1 1 bat,0.0
mean,2050,11,103,PT1 1 bat,0.0
mean,2050,11,104,PT1 1 bat,0.0
mean,2050,11,105,PT1 1 bat,0.0
mean,2050,11,106,PT1 1 bat,0.0
mean,2050,11,107,PT1 1 bat,0.0
mean,2050,11,108,PT1 1 bat,0.0
mean,2050,11,109,PT1 1 bat,0.0
mean,2050,11,110,PT1 1 bat,0.0
mean,2050,11,111,PT1 1 bat,0.0
mean,2050,11,112,PT1 1 bat,0.0
mean,2050,11,113,PT1 1 bat,0.0
mean,2050,11,114,PT1 1 bat,0.0
mean,2050,11,115,PT1 1 bat,0.0
mean,2050,11,116,PT1 1 bat,0.0
mean,2050,11,117,PT1 1 bat,0.0
mean,2050,11,118,PT1 1 bat,0.0
mean,2050,11,119,PT1 1 bat,0.0
mean,2050,11,120,PT1 1 bat,0.0
mean,2050,11,121,PT1 1 bat,0.0
mean,2050,11,122,PT1 1 bat,0.0
mean,2050,11,123,PT1 1 bat,0.0
mean,2050,11,124,PT1 1 bat,0.0
mean,2050,11,125,PT1 1 bat,0.0
mean,2050,11,126,PT1 1 bat,0.0
mean,2050,11,127,PT1 1 bat,0.0
mean,2050,11,128,PT1 1 bat,0.0
mean,2050,11,129,PT1 1 bat,0.0
mean,2050,11,130,PT1 1 bat,0.0
mean,2050,11,131,PT1 1 bat,0.0
mean,2050,11,132,PT1 1 bat,0.0
mean,2050,11,133,PT1 1 bat,0.0
mean,2050,11,134,PT1 1 bat,0.0
mean,2050,11,135,PT1 1 bat,0.0
mean,2050,11,136,PT1 1 bat,0.0
mean,2050,11,137,PT1 1 bat,0.0
mean,2050,11,138,PT1 1 bat,0.0
mean,2050,11,139,PT1 1 bat,0.0
mean,2050,11,140,PT1 1 bat,0.0
mean,2050,11,141,PT1 1 bat,0.0
mean,2050,11,142,PT1 1 bat,0.0
mean,2050,11,143,PT1 1 bat,0.0
mean,2050,11,144,PT1 1 bat,0.0
mean,2050,11,145,PT1 1 bat,0.0
mean,2050,11,146,PT1 1 bat,0.0
mean,2050,11,147,PT1 1 bat,0.0
mean,2050,11,148,PT1 1 bat,0.0
mean,2050,11,149,PT1 1 bat,0.0
mean,2050,11,150,PT1 1 bat,0.0
mean,2050,11,151,PT1 1 bat,0.0
mean,2050,11,152,PT1 1 bat,0.0
mean,2050,11,153,PT1 1 bat,0.0
mean,2050,11,154,PT1 1 bat,0.0
mean,2050,11,155,PT1 1 bat,0.0
mean,2050,11,156,PT1 1 bat,0.0
mean,2050,11,157,PT1 1 bat,0.0
mean,2050,11,158,PT1 1 bat,0.0
mean,2050,11,159,PT1 1 bat,0.0
mean,2050,11,160,PT1 1 bat,0.0
mean,2050,11,161,PT1 1 bat,0.0
mean,2050,11,162,PT1 1 bat,0.0
mean,2050,11,163,PT1 1 bat,0.0
mean,2050,11,164,PT1 1 bat,0.0
mean,2050,11,165,PT1 1 bat,0.0
mean,2050,11,166,PT1 1 bat,0.0
mean,2050,11,167,PT1 1 bat,0.0
mean,2050,21,0,PT1 1 bat,-61.16947587570299
mean,2050,21,1,PT1 1 bat,0.0
mean,2050,21,2,PT1 1 bat,0.0
mean,2050,21,3,PT1 1 bat,0.0
mean,2050,21,4,PT1 1 bat,0.0
mean,2050,21,5,PT1 1 bat,0.0
mean,2050,21,6,PT1 1 bat,0.0
mean,2050,21,7,PT1 1 bat,0.0
mean,2050,21,8,PT1 1 bat,0.0
mean,2050,21,9,PT1 1 bat,0.0
mean,2050,21,10,PT1 1 bat,0.0
mean,2050,21,11,PT1 1 bat,0.0
mean,2050,21,12,PT1 1 bat,0.0
mean,2050,21,13,PT1 1 bat,0.0
mean,2050,21,14,PT1 1 bat,0.0
mean,2050,21,15,PT1 1 bat,0.0
mean,2050,21,16,PT1 1 bat,0.0
mean,2050,21,17,PT1 1 bat,0.0
mean,2050,21,18,PT1 1 bat,0.0
mean,2050,21,19,PT1 1 bat,0.0
mean,2050,21,20,PT1 1 bat,0.0
mean,2050,21,21,PT1 1 bat,0.0
mean,2050,21,22,PT1 1 bat,0.0
mean,2050,21,23,PT1 1 bat,0.0
mean,2050,21,24,PT1 1 bat,0.0
mean,2050,21,25,PT1 1 bat,0.0
mean,2050,21,26,PT1 1 bat,0.0
mean,2050,21,27,PT1 1 bat,0.0
mean,2050,21,28,PT1 1 bat,0.0
mean,2050,21,29,PT1 1 bat,0.0
mean,2050,21,30,PT1 1 bat,0.0
mean,2050,21,31,PT1 1 bat,0.0
mean,2050,21,32,PT1 1 bat,0.0
mean,2050,21,33,PT1 1 bat,0.0
mean,2050,21,34,PT1 1 bat,0.0
mean,2050,21,35,PT1 1 bat,0.0
mean,2050,21,36,PT1 1 bat,0.0
mean,2050,21,37,PT1 1 bat,0.0
mean,2050,21,38,PT1 1 bat,0.0
mean,2050,21,39,PT1 1 bat,0.0
mean,2050,21,40,PT1 1 bat,0.0
mean,2050,21,41,PT1 1 bat,0.0
mean,2050,21,42,PT1 1 bat,0.0
mean,2050,21,43,PT1 1 bat,0.0
mean,2050,21,44,PT1 1 bat,0.0
mean,2050,21,45,PT1 1 bat,0.0
mean,2050,21,46,PT1 1 bat,0.0
mean,2050,21,47,PT1 1 bat,0.0
mean,2050,21,48,PT1 1 bat,0.0
mean,2050,21,49,PT1 1 bat,0.0
mean,2050,21,50,PT1 1 bat,0.0
mean,2050,21,51,PT1 1 bat,0.0
mean,2050,21,52,PT1 1 bat,0.0
mean,2050,21,53,PT1 1 bat,0.0
mean,2050,21,54,PT1 1 bat,0.0
mean,2050,21,55,PT1 1 bat,0.0
mean,2050,21,56,PT1 1 bat,0.0
mean,2050,21,57,PT1 1 bat,0.0
mean,2050,21,58,PT1 1 bat,0.0
mean,2050,21,59,PT1 1 bat,0.0
mean,2050,21,60,PT1 1 bat,0.0
mean,2050,21,61,PT1 1 bat,0.0
mean,2050,21,62,PT1 1 bat,0.0
mean,2050,21,63,PT1 1 bat,0.0
mean,2050,21,64,PT1 1 bat,0.0
mean,2050,21,65,PT1 1 bat,0.0
mean,2050,21,66,PT1 1 bat,0.0
mean,2050,21,67,PT1 1 bat,0.0
mean,2050,21,68,PT1 1 bat,0.0
mean,2050,21,69,PT1 1 bat,0.0
mean,2050,21,70,PT1 1 bat,0.0
mean,2050,21,71,PT1 1 bat,0.0
mean,2050,21,72,PT1 1 bat,0.0
mean,2050,21,73,PT1 1 bat,0.0
mean,2050,21,74,PT1 1 bat,0.0
mean,2050,21,75,PT1 1 bat,0.0
mean,2050,21,76,PT1 1 bat,0.0
mean,2050,21,77,PT1 1 bat,0.0
mean,2050,21,78,PT1 1 bat,0.0
mean,2050,21,79,PT1 1 bat,0.0
mean,2050,21,80,PT1 1 bat,0.0
mean,2050,21,81,PT1 1 bat,0.0
mean,2050,21,82,PT1 1 bat,0.0
mean,2050,21,83,PT1 1 bat,0.0
mean,2050,21,84,PT1 1 bat,0.0
mean,2050,21,85,PT1 1 bat,0.0
mean,2050,21,86,PT1 1 bat,0.0
mean,2050,21,87,PT1 1 bat,0.0
mean,2050,21,88,PT1 1 bat,0.0
mean,2050,21,89,PT1 1 bat,0.0
mean,2050,21,90,PT1 1 bat,0.0
mean,2050,21,91,PT1 1 bat,0.0
mean,2050,21,92,PT1 1 bat,0.0
mean,2050,21,93,PT1 1 bat,0.0
mean,2050,21,94,PT1 1 bat,0.0
mean,2050,21,95,PT1 1 bat,0.0
mean,2050,21,96,PT1 1 bat,0.0
mean,2050,21,97,PT1 1 bat,0.0
mean,2050,21,98,PT1 1 bat,0.0
mean,2050,21,99,PT1 1 bat,0.0
mean,2050,21,100,PT1 1 bat,0.0
mean,2050,21,101,PT1 1 bat,0.0
mean,2050,21,102,PT1 1 bat,0.0
mean,2050,21,103,PT1 1 bat,0.0
mean,2050,21,104,PT1 1 bat,0.0
mean,2050,21,105,PT1 1 bat,0.0
mean,2050,21,106,PT1 1 bat,0.0
mean,2050,21,107,PT1 1 bat,0.0
mean,2050,21,108,PT1 1 bat,0.0
mean,2050,21,109,PT1 1 bat,0.0
mean,2050,21,110,PT1 1 bat,0.0
mean,2050,21,111,PT1 1 bat,0.0
mean,2050,21,112,PT1 1 bat,0.0
mean,2050,21,113,PT1 1 bat,0.0
mean,2050,21,114,PT1 1 bat,0.0
mean,2050,21,115,PT1 1 bat,0.0
mean,2050,21,116,PT1 1 bat,0.0
mean,2050,21,117,PT1 1 bat,0.0
mean,2050,21,118,PT1 1 bat,0.0
mean,2050,21,119,PT1 1 bat,0.0
mean,2050,21,120,PT1 1 bat,0.0
mean,2050,21,121,PT1 1 bat,0.0
mean,2050,21,122,PT1 1 bat,0.0
mean,2050,21,123,PT1 1 bat,0.0
mean,2050,21,124,PT1 1 bat,0.0
mean,2050,21,125,PT1 1 bat,0.0
mean,2050,21,126,PT1 1 bat,0.0
mean,2050,21,127,PT1 1 bat,0.0
mean,2050,21,128,PT1 1 bat,0.0
mean,2050,21,129,PT1 1 bat,0.0
mean,2050,21,130,PT1 1 bat,0.0
mean,2050,21,131,PT1 1 bat,0.0
mean,2050,21,132,PT1 1 bat,0.0
mean,2050,21,133,PT1 1 bat,0.0
mean,2050,21,134,PT1 1 bat,0.0
mean,2050,21,135,PT1 1 bat,0.0
mean,2050,21,136,PT1 1 bat,0.0
mean,2050,21,137,PT1 1 bat,0.0
mean,2050,21,138,PT1 1 bat,0.0
mean,2050,21,139,PT1 1 bat,0.0
mean,2050,21,140,PT1 1 bat,0.0
mean,2050,21,141,PT1 1 bat,0.0
mean,2050,21,142,PT1 1 bat,0.0
mean,2050,21,143,PT1 1 bat,0.0
mean,2050,21,144,PT1 1 bat,0.0
mean,2050,21,145,PT1 1 bat,0.0
mean,2050,21,146,PT1 1 bat,0.0
mean,2050,21,147,PT1 1 bat,0.0
mean,2050,21,148,PT1 1 bat,0.0
mean,2050,21,149,PT1 1 bat,0.0
mean,2050,21,150,PT1 1 bat,0.0
mean,2050,21,151,PT1 1 bat,0.0
mean,2050,21,152,PT1 1 bat,0.0
mean,2050,21,153,PT1 1 bat,0.0
mean,2050,21,154,PT1 1 bat,0.0
mean,2050,21,155,PT1 1 bat,0.0
mean,2050,21,156,PT1 1 bat,0.0
mean,2050,21,157,PT1 1 bat,0.0
mean,2050,21,158,PT1 1 bat,0.0
mean,2050,21,159,PT1 1 bat,0.0
mean,2050,21,160,PT1 1 bat,0.0
mean,2050,21,161,PT1 1 bat,0.0
mean,2050,21,162,PT1 1 bat,0.0
mean,2050,21,163,PT1 1 bat,0.0
mean,2050,21,164,PT1 1 bat,0.0
mean,2050,21,165,PT1 1 bat,0.0
mean,2050,21,166,PT1 1 bat,0.0
mean,2050,21,167,PT1 1 bat,0.0
mean,2050,42,0,PT1 1 bat,-61.16947587570299
mean,2050,42,1,PT1 1 bat,0.0
mean,2050,42,2,PT1 1 bat,0.0
mean,2050,42,3,PT1 1 bat,0.0
mean,2050,42,4,PT1 1 bat,0.0
mean,2050,42,5,PT1 1 bat,0.0
mean,2050,42,6,PT1 1 bat,0.0
mean,2050,42,7,PT1 1 bat,0.0
mean,2050,42,8,PT1 1 bat,0.0
mean,2050,42,9,PT1 1 bat,0.0
mean,2050,42,10,PT1 1 bat,0.0
mean,2050,42,11,PT1 1 bat,0.0
mean,2050,42,12,PT1 1 bat,0.0
mean,2050,42,13,PT1 1 bat,0.0
mean,2050,42,14,PT1 1 bat,0.0
mean,2050,42,15,PT1 1 bat,0.0
mean,2050,42,16,PT1 1 bat,0.0
mean,2050,42,17,PT1 1 bat,0.0
mean,2050,42,18,PT1 1 bat,0.0
mean,2050,42,19,PT1 1 bat,0.0
mean,2050,42,20,PT1 1 bat,0.0
mean,2050,42,21,PT1 1 bat,0.0
mean,2050,42,22,PT1 1 bat,0.0
mean,2050,42,23,PT1 1 bat,0.0
mean,2050,42,24,PT1 1 bat,0.0
mean,2050,42,25,PT1 1 bat,0.0
mean,2050,42,26,PT1 1 bat,0.0
mean,2050,42,27,PT1 1 bat,0.0
mean,2050,42,28,PT1 1 bat,0.0
mean,2050,42,29,PT1 1 bat,0.0
mean,2050,42,30,PT1 1 bat,0.0
mean,2050,42,31,PT1 1 bat,0.0
mean,2050,42,32,PT1 1 bat,0.0
mean,2050,42,33,PT1 1 bat,0.0
mean,2050,42,34,PT1 1 bat,0.0
mean,2050,42,35,PT1 1 bat,0.0
mean,2050,42,36,PT1 1 bat,0.0
mean,2050,42,37,PT1 1 bat,0.0
mean,2050,42,38,PT1 1 bat,0.0
mean,2050,42,39,PT1 1 bat,0.0
mean,2050,42,40,PT1 1 bat,0.0
mean,2050,42,41,PT1 1 bat,0.0
mean,2050,42,42,PT1 1 bat,0.0
mean,2050,42,43,PT1 1 bat,0.0
mean,2050,42,44,PT1 1 bat,0.0
mean,2050,42,45,PT1 1 bat,0.0
mean,2050,42,46,PT1 1 bat,0.0
mean,2050,42,47,PT1 1 bat,0.0
mean,2050,42,48,PT1 1 bat,0.0
mean,2050,42,49,PT1 1 bat,0.0
mean,2050,42,50,PT1 1 bat,0.0
mean,2050,42,51,PT1 1 bat,0.0
mean,2050,42,52,PT1 1 bat,0.0
mean,2050,42,53,PT1 1 bat,0.0
mean,2050,42,54,PT1 1 bat,0.0
mean,2050,42,55,PT1 1 bat,0.0
mean,2050,42,56,PT1 1 bat,0.0
mean,2050,42,57,PT1 1 bat,0.0
mean,2050,42,58,PT1 1 bat,0.0
mean,2050,42,59,PT1 1 bat,0.0
mean,2050,42,60,PT1 1 bat,0.0
mean,2050,42,61,PT1 1 bat,0.0
mean,2050,42,62,PT1 1 bat,0.0
mean,2050,42,63,PT1 1 bat,0.0
mean,2050,42,64,PT1 1 bat,0.0
mean,2050,42,65,PT1 1 bat,0.0
mean,2050,42,66,PT1 1 bat,0.0
mean,2050,42,67,PT1 1 bat,0.0
mean,2050,42,68,PT1 1 bat,0.0
mean,2050,42,69,PT1 1 bat,0.0
mean,2050,42,70,PT1 1 bat,0.0
mean,2050,42,71,PT1 1 bat,0.0
mean,2050,42,72,PT1 1 bat,0.0
mean,2050,42,73,PT1 1 bat,0.0
mean,2050,42,74,PT1 1 bat,0.0
mean,2050,42,75,PT1 1 bat,0.0
mean,2050,42,76,PT1 1 bat,0.0
mean,2050,42,77,PT1 1 bat,0.0
mean,2050,42,78,PT1 1 bat,0.0
mean,2050,42,79,PT1 1 bat,0.0
mean,2050,42,80,PT1 1 bat,0.0
mean,2050,42,81,PT1 1 bat,0.0
mean,2050,42,82,PT1 1 bat,0.0
mean,2050,42,83,PT1 1 bat,0.0
mean,2050,42,84,PT1 1 bat,0.0
mean,2050,42,85,PT1 1 bat,0.0
mean,2050,42,86,PT1 1 bat,0.0
mean,2050,42,87,PT1 1 bat,0.0
mean,2050,42,88,PT1 1 bat,0.0
mean,2050,42,89,PT1 1 bat,0.0
mean,2050,42,90,PT1 1 bat,0.0
mean,2050,42,91,PT1 1 bat,0.0
mean,2050,42,92,PT1 1 bat,0.0
mean,2050,42,93,PT1 1 bat,0.0
mean,2050,42,94,PT1 1 bat,0.0
mean,2050,42,95,PT1 1 bat,0.0
mean,2050,42,96,PT1 1 bat,0.0
mean,2050,42,97,PT1 1 bat,0.0
mean,2050,42,98,PT1 1 bat,0.0
mean,2050,42,99,PT1 1 bat,0.0
mean,2050,42,100,PT1 1 bat,0.0
mean,2050,42,101,PT1 1 bat,0.0
mean,2050,42,102,PT1 1 bat,0.0
mean,2050,42,103,PT1 1 bat,0.0
mean,2050,42,104,PT1 1 bat,0.0
mean,2050,42,105,PT1 1 bat,0.0
mean,2050,42,106,PT1 1 bat,0.0
mean,2050,42,107,PT1 1 bat,0.0
mean,2050,42,108,PT1 1 bat,0.0
mean,2050,42,109,PT1 1 bat,0.0
mean,2050,42,110,PT1 1 bat,0.0
mean,2050,42,111,PT1 1 bat,0.0
mean,2050,42,112,PT1 1 bat,0.0
mean,2050,42,113,PT1 1 bat,0.0
mean,2050,42,114,PT1 1 bat,0.0
mean,2050,42,115,PT1 1 bat,0.0
mean,2050,42,116,PT1 1 bat,0.0
mean,2050,42,117,PT1 1 bat,0.0
mean,2050,42,118,PT1 1 bat,0.0
mean,2050,42,119,PT1 1 bat,0.0
mean,2050,42,120,PT1 1 bat,0.0
mean,2050,42,121,PT1 1 bat,0.0
mean,2050,42,122,PT1 1 bat,0.0
mean,2050,42,123,PT1 1 bat,0.0
mean,2050,42,124,PT1 1 bat,0.0
mean,2050,42,125,PT1 1 bat,0.0
mean,2050,42,126,PT1 1 bat,0.0
mean,2050,42,127,PT1 1 bat,0.0
mean,2050,42,128,PT1 1 bat,0.0
mean,2050,42,129,PT1 1 bat,0.0
mean,2050,42,130,PT1 1 bat,0.0
mean,2050,42,131,PT1 1 bat,0.0
mean,2050,42,132,PT1 1 bat,0.0
mean,2050,42,133,PT1 1 bat,0.0
mean,2050,42,134,PT1 1 bat,0.0
mean,2050,42,135,PT1 1 bat,0.0
mean,2050,42,136,PT1 1 bat,0.0
mean,2050,42,137,PT1 1 bat,0.0
mean,2050,42,138,PT1 1 bat,0.0
mean,2050,42,139,PT1 1 bat,0.0
mean,2050,42,140,PT1 1 bat,0.0
mean,2050,42,141,PT1 1 bat,0.0
mean,2050,42,142,PT1 1 bat,0.0
mean,2050,42,143,PT1 1 bat,0.0
mean,2050,42,144,PT1 1 bat,0.0
mean,2050,42,145,PT1 1 bat,0.0
mean,2050,42,146,PT1 1 bat,0.0
mean,2050,42,147,PT1 1 bat,0.0
mean,2050,42,148,PT1 1 bat,0.0
mean,2050,42,149,PT1 1 bat,0.0
mean,2050,42,150,PT1 1 bat,0.0
mean,2050,42,151,PT1 1 bat,0.0
mean,2050,42,152,PT1 1 bat,0.0
mean,2050,42,153,PT1 1 bat,0.0
mean,2050,42,154,PT1 1 bat,0.0
mean,2050,42,155,PT1 1 bat,0.0
mean,2050,42,156,PT1 1 bat,0.0
mean,2050,42,157,PT1 1 bat,0.0
mean,2050,42,158,PT1 1 bat,0.0
mean,2050,42,159,PT1 1 bat,0.0
mean,2050,42,160,PT1 1 bat,0.0
mean,2050,42,161,PT1 1 bat,0.0
mean,2050,42,162,PT1 1 bat,0.0
mean,2050,42,163,PT1 1 bat,0.0
mean,2050,42,164,PT1 1 bat,0.0
mean,2050,42,165,PT1 1 bat,0.0
mean,2050,42,166,PT1 1 bat,0.0
mean,2050,42,167,PT1 1 bat,0.0
mean,2050,52,0,PT1 1 bat,-61.006055847076475
mean,2050,52,1,PT1 1 bat,0.0
mean,2050,52,2,PT1 1 bat,0.0
mean,2050,52,3,PT1 1 bat,0.0
mean,2050,52,4,PT1 1 bat,0.0
mean,2050,52,5,PT1 1 bat,0.0
mean,2050,52,6,PT1 1 bat,0.0
mean,2050,52,7,PT1 1 bat,0.0
mean,2050,52,8,PT1 1 bat,0.0
mean,2050,52,9,PT1 1 bat,0.0
mean,2050,52,10,PT1 1 bat,0.0
mean,2050,52,11,PT1 1 bat,0.0
mean,2050,52,12,PT1 1 bat,0.0
mean,2050,52,13,PT1 1 bat,0.0
mean,2050,52,14,PT1 1 bat,0.0
mean,2050,52,15,PT1 1 bat,0.0
mean,2050,52,16,PT1 1 bat,0.0
mean,2050,52,17,PT1 1 bat,0.0
mean,2050,52,18,PT1 1 bat,0.0
mean,2050,52,19,PT1 1 bat,0.0
mean,2050,52,20,PT1 1 bat,0.0
mean,2050,52,21,PT1 1 bat,0.0
mean,2050,52,22,PT1 1 bat,0.0
mean,2050,52,23,PT1 1 bat,0.0
mean,2050,52,24,PT1 1 bat,0.0
mean,2050,52,25,PT1 1 bat,0.0
mean,2050,52,26,PT1 1 bat,0.0
mean,2050,52,27,PT1 1 bat,0.0
mean,2050,52,28,PT1 1 bat,0.0
mean,2050,52,29,PT1 1 bat,0.0
mean,2050,52,30,PT1 1 bat,0.0
mean,2050,52,31,PT1 1 bat,0.0
mean,2050,52,32,PT1 1 bat,0.0
mean,2050,52,33,PT1 1 bat,0.0
mean,2050,52,34,PT1 1 bat,0.0
mean,2050,52,35,PT1 1 bat,0.0
mean,2050,52,36,PT1 1 bat,0.0
mean,2050,52,37,PT1 1 bat,0.0
mean,2050,52,38,PT1 1 bat,0.0
mean,2050,52,39,PT1 1 bat,0.0
mean,2050,52,40,PT1 1 bat,0.0
mean,2050,52,41,PT1 1 bat,0.0
mean,2050,52,42,PT1 1 bat,0.0
mean,2050,52,43,PT1 1 bat,0.0
mean,2050,52,44,PT1 1 bat,0.0
mean,2050,52,45,PT1 1 bat,0.0
mean,2050,52,46,PT1 1 bat,0.0
mean,2050,52,47,PT1 1 bat,0.0
mean,2050,52,48,PT1 1 bat,0.0
mean,2050,52,49,PT1 1 bat,0.0
mean,2050,52,50,PT1 1 bat,0.0
mean,2050,52,51,PT1 1 bat,0.0
mean,2050,52,52,PT1 1 bat,0.0
mean,2050,52,53,PT1 1 bat,0.0
mean,2050,52,54,PT1 1 bat,0.0
mean,2050,52,55,PT1 1 bat,0.0
mean,2050,52,56,PT1 1 bat,0.0
mean,2050,52,57,PT1 1 bat,0.0
mean,2050,52,58,PT1 1 bat,0.0
mean,2050,52,59,PT1 1 bat,0.0
mean,2050,52,60,PT1 1 bat,0.0
mean,2050,52,61,PT1 1 bat,0.0
mean,2050,52,62,PT1 1 bat,0.0
mean,2050,52,63,PT1 1 bat,0.0
mean,2050,52,64,PT1 1 bat,0.0
mean,2050,52,65,PT1 1 bat,0.0
mean,2050,52,66,PT1 1 bat,0.0
mean,2050,52,67,PT1 1 bat,0.0
mean,2050,52,68,PT1 1 bat,0.0
mean,2050,52,69,PT1 1 bat,0.0
mean,2050,52,70,PT1 1 bat,0.0
mean,2050,52,71,PT1 1 bat,0.0
mean,2050,52,72,PT1 1 bat,0.0
mean,2050,52,73,PT1 1 bat,0.0
mean,2050,52,74,PT1 1 bat,0.0
mean,2050,52,75,PT1 1 bat,0.0
mean,2050,52,76,PT1 1 bat,0.0
mean,2050,52,77,PT1 1 bat,0.0
mean,2050,52,78,PT1 1 bat,0.0
mean,2050,52,79,PT1 1 bat,0.0
mean,2050,52,80,PT1 1 bat,0.0
mean,2050,52,81,PT1 1 bat,0.0
mean,2050,52,82,PT1 1 bat,0.0
mean,2050,52,83,PT1 1 bat,0.0
mean,2050,52,84,PT1 1 bat,0.0
mean,2050,52,85,PT1 1 bat,0.0
mean,2050,52,86,PT1 1 bat,0.0
mean,2050,52,87,PT1 1 bat,0.0
mean,2050,52,88,PT1 1 bat,0.0
mean,2050,52,89,PT1 1 bat,0.0
mean,2050,52,90,PT1 1 bat,0.0
mean,2050,52,91,PT1 1 bat,0.0
mean,2050,52,92,PT1 1 bat,0.0
mean,2050,52,93,PT1 1 bat,0.0
mean,2050,52,94,PT1 1 bat,0.0
mean,2050,52,95,PT1 1 bat,0.0
mean,2050,52,96,PT1 1 bat,0.0
mean,2050,52,97,PT1 1 bat,0.0
mean,2050,52,98,PT1 1 bat,0.0
mean,2050,52,99,PT1 1 bat,0.0
mean,2050,52,100,PT1 1 bat,0.0
mean,2050,52,101,PT1 1 bat,0.0
mean,2050,52,102,PT1 1 bat,0.0
mean,2050,52,103,PT1 1 bat,0.0
mean,2050,52,104,PT1 1 bat,0.0
mean,2050,52,105,PT1 1 bat,0.0
mean,2050,52,106,PT1 1 bat,0.0
mean,2050,52,107,PT1 1 bat,0.0
mean,2050,52,108,PT1 1 bat,0.0
mean,2050,52,109,PT1 1 bat,0.0
mean,2050,52,110,PT1 1 bat,0.0
mean,2050,52,111,PT1 1 bat,0.0
mean,2050,52,112,PT1 1 bat,0.0
mean,2050,52,113,PT1 1 bat,0.0
mean,2050,52,114,PT1 1 bat,0.0
mean,2050,52,115,PT1 1 bat,0.0
mean,2050,52,116,PT1 1 bat,0.0
mean,2050,52,117,PT1 1 bat,0.0
mean,2050,52,118,PT1 1 bat,0.0
mean,2050,52,119,PT1 1 bat,0.0
mean,2050,52,120,PT1 1 bat,0.0
mean,2050,52,121,PT1 1 bat,0.0
mean,2050,52,122,PT1 1 bat,0.0
mean,2050,52,123,PT1 1 bat,0.0
mean,2050,52,124,PT1 1 bat,0.0
mean,2050,52,125,PT1 1 bat,0.0
mean,2050,52,126,PT1 1 bat,0.0
mean,2050,52,127,PT1 1 bat,0.0
mean,2050,52,128,PT1 1 bat,0.0
mean,2050,52,129,PT1 1 bat,0.0
mean,2050,52,130,PT1 1 bat,0.0
mean,2050,52,131,PT1 1 bat,0.0
mean,2050,52,132,PT1 1 bat,0.0
mean,2050,52,133,PT1 1 bat,0.0
mean,2050,52,134,PT1 1 bat,0.0
mean,2050,52,135,PT1 1 bat,0.0
mean,2050,52,136,PT1 1 bat,0.0
mean,2050,52,137,PT1 1 bat,0.0
mean,2050,52,138,PT1 1 bat,0.0
mean,2050,52,139,PT1 1 bat,0.0
mean,2050,52,140,PT1 1 bat,0.0
mean,2050,52,141,PT1 1 bat,0.0
mean,2050,52,142,PT1 1 bat,0.0
mean,2050,52,143,PT1 1 bat,0.0
mean,2050,52,144,PT1 1 bat,0.0
mean,2050,52,145,PT1 1 bat,0.0
mean,2050,52,146,PT1 1 bat,0.0
mean,2050,52,147,PT1 1 bat,0.0
mean,2050,52,148,PT1 1 bat,0.0
mean,2050,52,149,PT1 1 bat,0.0
mean,2050,52,150,PT1 1 bat,0.0
mean,2050,52,151,PT1 1 bat,0.0
mean,2050,52,152,PT1 1 bat,0.0
mean,2050,52,153,PT1 1 bat,0.0
mean,2050,52,154,PT1 1 bat,0.0
mean,2050,52,155,PT1 1 bat,0.0
mean,2050,52,156,PT1 1 bat,0.0
mean,2050,52,157,PT1 1 bat,0.0
mean,2050,52,158,PT1 1 bat,0.0
mean,2050,52,159,PT1 1 bat,0.0
mean,2050,52,160,PT1 1 bat,0.0
mean,2050,52,161,PT1 1 bat,0.0
mean,2050,52,162,PT1 1 bat,0.0
mean,2050,52,163,PT1 1 bat,0.0
mean,2050,52,164,PT1 1 bat,0.0
mean,2050,52,165,PT1 1 bat,0.0
mean,2050,52,166,PT1 1 bat,0.0
mean,2050,52,167,PT1 1 bat,0.0
