carrier,capital_cost [€/MW/year]
CCGT,99027.72929315244
OCGT,45095.4415151225
biomass,278083.0653560446
coal,349976.55362985726
lignite,349976.5536298572
nuclear,706772.616768959
offwind-ac,188647.96189358557
offwind-dc,211730.01072322237
oil,37870.8074066883
onwind,96085.8880199663
ror,299140.2249292296
solar,35602.07124380445
