,new_branches,new_capacity_mw,util_old_%,util_combined_%,congestion_%
0,0,0,63.352301654629365,63.352301654629386,51.092886325402546
